scenario_id,configuration_id,rows,columns,condition,condition_label,n_p,n_q,population_replication,target_mi,simulation_seed,replicates,method,method_label,valid_replicates,valid_rate,fpr_10,fpr_05,fpr_01
config_2x2_d0_p00,2x2_balanced_control,2,2,balanced_control,Balanced control,100,100,0,0.1,2477831945,200,normal_wald,Normal Wald,200,1.0,0.09,0.06,0.02
config_2x2_d0_p00,2x2_balanced_control,2,2,balanced_control,Balanced control,100,100,0,0.1,2477831945,200,simple_welch,Simple Welch,200,1.0,0.09,0.06,0.02
config_2x2_d0_p00,2x2_balanced_control,2,2,balanced_control,Balanced control,100,100,0,0.1,2477831945,200,expanded_welch,Expanded Welch,200,1.0,0.085,0.055,0.02
config_2x2_d0_p00,2x2_balanced_control,2,2,balanced_control,Balanced control,100,100,0,0.1,2477831945,200,constrained_lrt,Constrained LRT,200,1.0,0.095,0.06,0.02
config_2x2_d0_p01,2x2_balanced_control,2,2,balanced_control,Balanced control,100,100,1,0.1,2764902787,200,normal_wald,Normal Wald,200,1.0,0.095,0.07,0.015
config_2x2_d0_p01,2x2_balanced_control,2,2,balanced_control,Balanced control,100,100,1,0.1,2764902787,200,simple_welch,Simple Welch,200,1.0,0.095,0.07,0.015
config_2x2_d0_p01,2x2_balanced_control,2,2,balanced_control,Balanced control,100,100,1,0.1,2764902787,200,expanded_welch,Expanded Welch,200,1.0,0.09,0.065,0.015
config_2x2_d0_p01,2x2_balanced_control,2,2,balanced_control,Balanced control,100,100,1,0.1,2764902787,200,constrained_lrt,Constrained LRT,200,1.0,0.105,0.075,0.015
config_2x2_d0_p02,2x2_balanced_control,2,2,balanced_control,Balanced control,100,100,2,0.1,3881087075,200,normal_wald,Normal Wald,200,1.0,0.09,0.04,0.0
config_2x2_d0_p02,2x2_balanced_control,2,2,balanced_control,Balanced control,100,100,2,0.1,3881087075,200,simple_welch,Simple Welch,200,1.0,0.085,0.04,0.0
config_2x2_d0_p02,2x2_balanced_control,2,2,balanced_control,Balanced control,100,100,2,0.1,3881087075,200,expanded_welch,Expanded Welch,200,1.0,0.075,0.035,0.0
config_2x2_d0_p02,2x2_balanced_control,2,2,balanced_control,Balanced control,100,100,2,0.1,3881087075,200,constrained_lrt,Constrained LRT,200,1.0,0.09,0.045,0.005
config_2x2_d0_p03,2x2_balanced_control,2,2,balanced_control,Balanced control,100,100,3,0.1,2198623536,200,normal_wald,Normal Wald,200,1.0,0.085,0.03,0.005
config_2x2_d0_p03,2x2_balanced_control,2,2,balanced_control,Balanced control,100,100,3,0.1,2198623536,200,simple_welch,Simple Welch,200,1.0,0.08,0.03,0.005
config_2x2_d0_p03,2x2_balanced_control,2,2,balanced_control,Balanced control,100,100,3,0.1,2198623536,200,expanded_welch,Expanded Welch,200,1.0,0.065,0.025,0.005
config_2x2_d0_p03,2x2_balanced_control,2,2,balanced_control,Balanced control,100,100,3,0.1,2198623536,200,constrained_lrt,Constrained LRT,200,1.0,0.085,0.035,0.005
config_2x2_d0_p04,2x2_balanced_control,2,2,balanced_control,Balanced control,100,100,4,0.1,2768931447,200,normal_wald,Normal Wald,200,1.0,0.08,0.05,0.005
config_2x2_d0_p04,2x2_balanced_control,2,2,balanced_control,Balanced control,100,100,4,0.1,2768931447,200,simple_welch,Simple Welch,200,1.0,0.075,0.045,0.005
config_2x2_d0_p04,2x2_balanced_control,2,2,balanced_control,Balanced control,100,100,4,0.1,2768931447,200,expanded_welch,Expanded Welch,200,1.0,0.07,0.045,0.005
config_2x2_d0_p04,2x2_balanced_control,2,2,balanced_control,Balanced control,100,100,4,0.1,2768931447,200,constrained_lrt,Constrained LRT,200,1.0,0.08,0.055,0.015
config_2x2_d0_p05,2x2_balanced_control,2,2,balanced_control,Balanced control,100,100,5,0.1,880372142,200,normal_wald,Normal Wald,200,1.0,0.095,0.04,0.015
config_2x2_d0_p05,2x2_balanced_control,2,2,balanced_control,Balanced control,100,100,5,0.1,880372142,200,simple_welch,Simple Welch,200,1.0,0.09,0.04,0.01
config_2x2_d0_p05,2x2_balanced_control,2,2,balanced_control,Balanced control,100,100,5,0.1,880372142,200,expanded_welch,Expanded Welch,200,1.0,0.065,0.03,0.0
config_2x2_d0_p05,2x2_balanced_control,2,2,balanced_control,Balanced control,100,100,5,0.1,880372142,200,constrained_lrt,Constrained LRT,200,1.0,0.095,0.04,0.02
config_2x2_d0_p06,2x2_balanced_control,2,2,balanced_control,Balanced control,100,100,6,0.1,3260596029,200,normal_wald,Normal Wald,200,1.0,0.11,0.04,0.005
config_2x2_d0_p06,2x2_balanced_control,2,2,balanced_control,Balanced control,100,100,6,0.1,3260596029,200,simple_welch,Simple Welch,200,1.0,0.105,0.035,0.005
config_2x2_d0_p06,2x2_balanced_control,2,2,balanced_control,Balanced control,100,100,6,0.1,3260596029,200,expanded_welch,Expanded Welch,200,1.0,0.085,0.03,0.0
config_2x2_d0_p06,2x2_balanced_control,2,2,balanced_control,Balanced control,100,100,6,0.1,3260596029,200,constrained_lrt,Constrained LRT,200,1.0,0.115,0.04,0.005
config_2x2_d0_p07,2x2_balanced_control,2,2,balanced_control,Balanced control,100,100,7,0.1,3227718042,200,normal_wald,Normal Wald,200,1.0,0.125,0.08,0.015
config_2x2_d0_p07,2x2_balanced_control,2,2,balanced_control,Balanced control,100,100,7,0.1,3227718042,200,simple_welch,Simple Welch,200,1.0,0.125,0.07,0.01
config_2x2_d0_p07,2x2_balanced_control,2,2,balanced_control,Balanced control,100,100,7,0.1,3227718042,200,expanded_welch,Expanded Welch,200,1.0,0.11,0.06,0.01
config_2x2_d0_p07,2x2_balanced_control,2,2,balanced_control,Balanced control,100,100,7,0.1,3227718042,200,constrained_lrt,Constrained LRT,200,1.0,0.125,0.095,0.02
config_2x2_d0_p08,2x2_balanced_control,2,2,balanced_control,Balanced control,100,100,8,0.1,1814125591,200,normal_wald,Normal Wald,200,1.0,0.145,0.06,0.01
config_2x2_d0_p08,2x2_balanced_control,2,2,balanced_control,Balanced control,100,100,8,0.1,1814125591,200,simple_welch,Simple Welch,200,1.0,0.145,0.06,0.01
config_2x2_d0_p08,2x2_balanced_control,2,2,balanced_control,Balanced control,100,100,8,0.1,1814125591,200,expanded_welch,Expanded Welch,200,1.0,0.135,0.06,0.005
config_2x2_d0_p08,2x2_balanced_control,2,2,balanced_control,Balanced control,100,100,8,0.1,1814125591,200,constrained_lrt,Constrained LRT,200,1.0,0.145,0.06,0.015
config_2x2_d0_p09,2x2_balanced_control,2,2,balanced_control,Balanced control,100,100,9,0.1,3974158138,200,normal_wald,Normal Wald,200,1.0,0.115,0.08,0.02
config_2x2_d0_p09,2x2_balanced_control,2,2,balanced_control,Balanced control,100,100,9,0.1,3974158138,200,simple_welch,Simple Welch,200,1.0,0.115,0.075,0.02
config_2x2_d0_p09,2x2_balanced_control,2,2,balanced_control,Balanced control,100,100,9,0.1,3974158138,200,expanded_welch,Expanded Welch,200,1.0,0.11,0.065,0.015
config_2x2_d0_p09,2x2_balanced_control,2,2,balanced_control,Balanced control,100,100,9,0.1,3974158138,200,constrained_lrt,Constrained LRT,200,1.0,0.12,0.08,0.025
config_2x2_d1_p00,2x2_moderate_sparse,2,2,moderate_sparse,Moderate sparsity,50,50,0,0.1,3229974002,200,normal_wald,Normal Wald,200,1.0,0.085,0.055,0.005
config_2x2_d1_p00,2x2_moderate_sparse,2,2,moderate_sparse,Moderate sparsity,50,50,0,0.1,3229974002,200,simple_welch,Simple Welch,200,1.0,0.08,0.05,0.005
config_2x2_d1_p00,2x2_moderate_sparse,2,2,moderate_sparse,Moderate sparsity,50,50,0,0.1,3229974002,200,expanded_welch,Expanded Welch,200,1.0,0.075,0.04,0.005
config_2x2_d1_p00,2x2_moderate_sparse,2,2,moderate_sparse,Moderate sparsity,50,50,0,0.1,3229974002,200,constrained_lrt,Constrained LRT,200,1.0,0.1,0.07,0.01
config_2x2_d1_p01,2x2_moderate_sparse,2,2,moderate_sparse,Moderate sparsity,50,50,1,0.1,606157434,200,normal_wald,Normal Wald,200,1.0,0.1,0.055,0.015
config_2x2_d1_p01,2x2_moderate_sparse,2,2,moderate_sparse,Moderate sparsity,50,50,1,0.1,606157434,200,simple_welch,Simple Welch,200,1.0,0.1,0.05,0.015
config_2x2_d1_p01,2x2_moderate_sparse,2,2,moderate_sparse,Moderate sparsity,50,50,1,0.1,606157434,200,expanded_welch,Expanded Welch,200,1.0,0.095,0.045,0.005
config_2x2_d1_p01,2x2_moderate_sparse,2,2,moderate_sparse,Moderate sparsity,50,50,1,0.1,606157434,200,constrained_lrt,Constrained LRT,200,1.0,0.115,0.065,0.02
config_2x2_d1_p02,2x2_moderate_sparse,2,2,moderate_sparse,Moderate sparsity,50,50,2,0.1,2674302760,200,normal_wald,Normal Wald,200,1.0,0.095,0.055,0.02
config_2x2_d1_p02,2x2_moderate_sparse,2,2,moderate_sparse,Moderate sparsity,50,50,2,0.1,2674302760,200,simple_welch,Simple Welch,200,1.0,0.095,0.055,0.02
config_2x2_d1_p02,2x2_moderate_sparse,2,2,moderate_sparse,Moderate sparsity,50,50,2,0.1,2674302760,200,expanded_welch,Expanded Welch,200,1.0,0.08,0.045,0.02
config_2x2_d1_p02,2x2_moderate_sparse,2,2,moderate_sparse,Moderate sparsity,50,50,2,0.1,2674302760,200,constrained_lrt,Constrained LRT,200,1.0,0.11,0.07,0.025
config_2x2_d1_p03,2x2_moderate_sparse,2,2,moderate_sparse,Moderate sparsity,50,50,3,0.1,3380239290,200,normal_wald,Normal Wald,200,1.0,0.085,0.04,0.01
config_2x2_d1_p03,2x2_moderate_sparse,2,2,moderate_sparse,Moderate sparsity,50,50,3,0.1,3380239290,200,simple_welch,Simple Welch,200,1.0,0.085,0.035,0.01
config_2x2_d1_p03,2x2_moderate_sparse,2,2,moderate_sparse,Moderate sparsity,50,50,3,0.1,3380239290,200,expanded_welch,Expanded Welch,200,1.0,0.065,0.03,0.01
config_2x2_d1_p03,2x2_moderate_sparse,2,2,moderate_sparse,Moderate sparsity,50,50,3,0.1,3380239290,200,constrained_lrt,Constrained LRT,200,1.0,0.09,0.035,0.01
config_2x2_d1_p04,2x2_moderate_sparse,2,2,moderate_sparse,Moderate sparsity,50,50,4,0.1,65349617,200,normal_wald,Normal Wald,200,1.0,0.08,0.04,0.01
config_2x2_d1_p04,2x2_moderate_sparse,2,2,moderate_sparse,Moderate sparsity,50,50,4,0.1,65349617,200,simple_welch,Simple Welch,200,1.0,0.075,0.04,0.01
config_2x2_d1_p04,2x2_moderate_sparse,2,2,moderate_sparse,Moderate sparsity,50,50,4,0.1,65349617,200,expanded_welch,Expanded Welch,200,1.0,0.06,0.035,0.01
config_2x2_d1_p04,2x2_moderate_sparse,2,2,moderate_sparse,Moderate sparsity,50,50,4,0.1,65349617,200,constrained_lrt,Constrained LRT,200,1.0,0.085,0.05,0.015
config_2x2_d1_p05,2x2_moderate_sparse,2,2,moderate_sparse,Moderate sparsity,50,50,5,0.1,796464720,200,normal_wald,Normal Wald,200,1.0,0.085,0.04,0.015
config_2x2_d1_p05,2x2_moderate_sparse,2,2,moderate_sparse,Moderate sparsity,50,50,5,0.1,796464720,200,simple_welch,Simple Welch,200,1.0,0.085,0.035,0.015
config_2x2_d1_p05,2x2_moderate_sparse,2,2,moderate_sparse,Moderate sparsity,50,50,5,0.1,796464720,200,expanded_welch,Expanded Welch,200,1.0,0.075,0.035,0.015
config_2x2_d1_p05,2x2_moderate_sparse,2,2,moderate_sparse,Moderate sparsity,50,50,5,0.1,796464720,200,constrained_lrt,Constrained LRT,200,1.0,0.095,0.05,0.015
config_2x2_d1_p06,2x2_moderate_sparse,2,2,moderate_sparse,Moderate sparsity,50,50,6,0.1,478364860,200,normal_wald,Normal Wald,200,1.0,0.125,0.045,0.0
config_2x2_d1_p06,2x2_moderate_sparse,2,2,moderate_sparse,Moderate sparsity,50,50,6,0.1,478364860,200,simple_welch,Simple Welch,200,1.0,0.12,0.04,0.0
config_2x2_d1_p06,2x2_moderate_sparse,2,2,moderate_sparse,Moderate sparsity,50,50,6,0.1,478364860,200,expanded_welch,Expanded Welch,200,1.0,0.11,0.04,0.0
config_2x2_d1_p06,2x2_moderate_sparse,2,2,moderate_sparse,Moderate sparsity,50,50,6,0.1,478364860,200,constrained_lrt,Constrained LRT,200,1.0,0.125,0.05,0.0
config_2x2_d1_p07,2x2_moderate_sparse,2,2,moderate_sparse,Moderate sparsity,50,50,7,0.1,1317290562,200,normal_wald,Normal Wald,200,1.0,0.125,0.05,0.005
config_2x2_d1_p07,2x2_moderate_sparse,2,2,moderate_sparse,Moderate sparsity,50,50,7,0.1,1317290562,200,simple_welch,Simple Welch,200,1.0,0.125,0.045,0.005
config_2x2_d1_p07,2x2_moderate_sparse,2,2,moderate_sparse,Moderate sparsity,50,50,7,0.1,1317290562,200,expanded_welch,Expanded Welch,200,1.0,0.115,0.025,0.005
config_2x2_d1_p07,2x2_moderate_sparse,2,2,moderate_sparse,Moderate sparsity,50,50,7,0.1,1317290562,200,constrained_lrt,Constrained LRT,200,1.0,0.15,0.06,0.01
config_2x2_d1_p08,2x2_moderate_sparse,2,2,moderate_sparse,Moderate sparsity,50,50,8,0.1,4095152891,200,normal_wald,Normal Wald,200,1.0,0.085,0.06,0.02
config_2x2_d1_p08,2x2_moderate_sparse,2,2,moderate_sparse,Moderate sparsity,50,50,8,0.1,4095152891,200,simple_welch,Simple Welch,200,1.0,0.085,0.06,0.015
config_2x2_d1_p08,2x2_moderate_sparse,2,2,moderate_sparse,Moderate sparsity,50,50,8,0.1,4095152891,200,expanded_welch,Expanded Welch,200,1.0,0.085,0.045,0.015
config_2x2_d1_p08,2x2_moderate_sparse,2,2,moderate_sparse,Moderate sparsity,50,50,8,0.1,4095152891,200,constrained_lrt,Constrained LRT,200,1.0,0.105,0.06,0.025
config_2x2_d1_p09,2x2_moderate_sparse,2,2,moderate_sparse,Moderate sparsity,50,50,9,0.1,3564677104,200,normal_wald,Normal Wald,200,1.0,0.1,0.055,0.015
config_2x2_d1_p09,2x2_moderate_sparse,2,2,moderate_sparse,Moderate sparsity,50,50,9,0.1,3564677104,200,simple_welch,Simple Welch,200,1.0,0.095,0.05,0.01
config_2x2_d1_p09,2x2_moderate_sparse,2,2,moderate_sparse,Moderate sparsity,50,50,9,0.1,3564677104,200,expanded_welch,Expanded Welch,200,1.0,0.085,0.045,0.01
config_2x2_d1_p09,2x2_moderate_sparse,2,2,moderate_sparse,Moderate sparsity,50,50,9,0.1,3564677104,200,constrained_lrt,Constrained LRT,200,1.0,0.095,0.06,0.02
config_2x2_d2_p00,2x2_ultra_sparse,2,2,ultra_sparse,Ultra-sparsity,50,50,0,0.1,3875519215,200,normal_wald,Normal Wald,200,1.0,0.115,0.06,0.01
config_2x2_d2_p00,2x2_ultra_sparse,2,2,ultra_sparse,Ultra-sparsity,50,50,0,0.1,3875519215,200,simple_welch,Simple Welch,200,1.0,0.115,0.055,0.0
config_2x2_d2_p00,2x2_ultra_sparse,2,2,ultra_sparse,Ultra-sparsity,50,50,0,0.1,3875519215,200,expanded_welch,Expanded Welch,198,0.99,0.0707070707070707,0.050505050505050504,0.0
config_2x2_d2_p00,2x2_ultra_sparse,2,2,ultra_sparse,Ultra-sparsity,50,50,0,0.1,3875519215,200,constrained_lrt,Constrained LRT,200,1.0,0.12,0.085,0.005
config_2x2_d2_p01,2x2_ultra_sparse,2,2,ultra_sparse,Ultra-sparsity,50,50,1,0.1,2786888119,200,normal_wald,Normal Wald,200,1.0,0.11,0.065,0.015
config_2x2_d2_p01,2x2_ultra_sparse,2,2,ultra_sparse,Ultra-sparsity,50,50,1,0.1,2786888119,200,simple_welch,Simple Welch,200,1.0,0.11,0.06,0.005
config_2x2_d2_p01,2x2_ultra_sparse,2,2,ultra_sparse,Ultra-sparsity,50,50,1,0.1,2786888119,200,expanded_welch,Expanded Welch,195,0.975,0.09230769230769231,0.05128205128205128,0.005128205128205128
config_2x2_d2_p01,2x2_ultra_sparse,2,2,ultra_sparse,Ultra-sparsity,50,50,1,0.1,2786888119,200,constrained_lrt,Constrained LRT,200,1.0,0.14,0.06,0.01
config_2x2_d2_p02,2x2_ultra_sparse,2,2,ultra_sparse,Ultra-sparsity,50,50,2,0.1,4287286767,200,normal_wald,Normal Wald,200,1.0,0.095,0.055,0.02
config_2x2_d2_p02,2x2_ultra_sparse,2,2,ultra_sparse,Ultra-sparsity,50,50,2,0.1,4287286767,200,simple_welch,Simple Welch,200,1.0,0.085,0.045,0.01
config_2x2_d2_p02,2x2_ultra_sparse,2,2,ultra_sparse,Ultra-sparsity,50,50,2,0.1,4287286767,200,expanded_welch,Expanded Welch,195,0.975,0.08205128205128205,0.035897435897435895,0.010256410256410256
config_2x2_d2_p02,2x2_ultra_sparse,2,2,ultra_sparse,Ultra-sparsity,50,50,2,0.1,4287286767,200,constrained_lrt,Constrained LRT,200,1.0,0.12,0.085,0.015
config_2x2_d2_p03,2x2_ultra_sparse,2,2,ultra_sparse,Ultra-sparsity,50,50,3,0.1,2851230002,200,normal_wald,Normal Wald,200,1.0,0.1,0.055,0.01
config_2x2_d2_p03,2x2_ultra_sparse,2,2,ultra_sparse,Ultra-sparsity,50,50,3,0.1,2851230002,200,simple_welch,Simple Welch,200,1.0,0.095,0.055,0.005
config_2x2_d2_p03,2x2_ultra_sparse,2,2,ultra_sparse,Ultra-sparsity,50,50,3,0.1,2851230002,200,expanded_welch,Expanded Welch,195,0.975,0.08717948717948718,0.046153846153846156,0.005128205128205128
config_2x2_d2_p03,2x2_ultra_sparse,2,2,ultra_sparse,Ultra-sparsity,50,50,3,0.1,2851230002,200,constrained_lrt,Constrained LRT,200,1.0,0.135,0.08,0.02
config_2x2_d2_p04,2x2_ultra_sparse,2,2,ultra_sparse,Ultra-sparsity,50,50,4,0.1,1014955703,200,normal_wald,Normal Wald,200,1.0,0.125,0.075,0.01
config_2x2_d2_p04,2x2_ultra_sparse,2,2,ultra_sparse,Ultra-sparsity,50,50,4,0.1,1014955703,200,simple_welch,Simple Welch,200,1.0,0.12,0.075,0.005
config_2x2_d2_p04,2x2_ultra_sparse,2,2,ultra_sparse,Ultra-sparsity,50,50,4,0.1,1014955703,200,expanded_welch,Expanded Welch,195,0.975,0.08717948717948718,0.05128205128205128,0.005128205128205128
config_2x2_d2_p04,2x2_ultra_sparse,2,2,ultra_sparse,Ultra-sparsity,50,50,4,0.1,1014955703,200,constrained_lrt,Constrained LRT,200,1.0,0.155,0.115,0.02
config_2x2_d2_p05,2x2_ultra_sparse,2,2,ultra_sparse,Ultra-sparsity,50,50,5,0.1,1303512339,200,normal_wald,Normal Wald,200,1.0,0.13,0.09,0.03
config_2x2_d2_p05,2x2_ultra_sparse,2,2,ultra_sparse,Ultra-sparsity,50,50,5,0.1,1303512339,200,simple_welch,Simple Welch,200,1.0,0.13,0.085,0.03
config_2x2_d2_p05,2x2_ultra_sparse,2,2,ultra_sparse,Ultra-sparsity,50,50,5,0.1,1303512339,200,expanded_welch,Expanded Welch,193,0.965,0.11398963730569948,0.06735751295336788,0.015544041450777202
config_2x2_d2_p05,2x2_ultra_sparse,2,2,ultra_sparse,Ultra-sparsity,50,50,5,0.1,1303512339,200,constrained_lrt,Constrained LRT,200,1.0,0.13,0.09,0.03
config_2x2_d2_p06,2x2_ultra_sparse,2,2,ultra_sparse,Ultra-sparsity,50,50,6,0.1,3155669485,200,normal_wald,Normal Wald,200,1.0,0.105,0.045,0.015
config_2x2_d2_p06,2x2_ultra_sparse,2,2,ultra_sparse,Ultra-sparsity,50,50,6,0.1,3155669485,200,simple_welch,Simple Welch,200,1.0,0.095,0.04,0.01
config_2x2_d2_p06,2x2_ultra_sparse,2,2,ultra_sparse,Ultra-sparsity,50,50,6,0.1,3155669485,200,expanded_welch,Expanded Welch,199,0.995,0.09045226130653267,0.035175879396984924,0.010050251256281407
config_2x2_d2_p06,2x2_ultra_sparse,2,2,ultra_sparse,Ultra-sparsity,50,50,6,0.1,3155669485,200,constrained_lrt,Constrained LRT,200,1.0,0.135,0.065,0.0
config_2x2_d2_p07,2x2_ultra_sparse,2,2,ultra_sparse,Ultra-sparsity,50,50,7,0.1,3915028103,200,normal_wald,Normal Wald,200,1.0,0.115,0.065,0.03
config_2x2_d2_p07,2x2_ultra_sparse,2,2,ultra_sparse,Ultra-sparsity,50,50,7,0.1,3915028103,200,simple_welch,Simple Welch,200,1.0,0.115,0.065,0.03
config_2x2_d2_p07,2x2_ultra_sparse,2,2,ultra_sparse,Ultra-sparsity,50,50,7,0.1,3915028103,200,expanded_welch,Expanded Welch,194,0.97,0.1134020618556701,0.061855670103092786,0.030927835051546393
config_2x2_d2_p07,2x2_ultra_sparse,2,2,ultra_sparse,Ultra-sparsity,50,50,7,0.1,3915028103,200,constrained_lrt,Constrained LRT,200,1.0,0.145,0.085,0.045
config_2x2_d2_p08,2x2_ultra_sparse,2,2,ultra_sparse,Ultra-sparsity,50,50,8,0.1,1035720000,200,normal_wald,Normal Wald,200,1.0,0.13,0.065,0.01
config_2x2_d2_p08,2x2_ultra_sparse,2,2,ultra_sparse,Ultra-sparsity,50,50,8,0.1,1035720000,200,simple_welch,Simple Welch,200,1.0,0.125,0.06,0.005
config_2x2_d2_p08,2x2_ultra_sparse,2,2,ultra_sparse,Ultra-sparsity,50,50,8,0.1,1035720000,200,expanded_welch,Expanded Welch,193,0.965,0.09844559585492228,0.05699481865284974,0.0051813471502590676
config_2x2_d2_p08,2x2_ultra_sparse,2,2,ultra_sparse,Ultra-sparsity,50,50,8,0.1,1035720000,200,constrained_lrt,Constrained LRT,200,1.0,0.145,0.075,0.015
config_2x2_d2_p09,2x2_ultra_sparse,2,2,ultra_sparse,Ultra-sparsity,50,50,9,0.1,127500412,200,normal_wald,Normal Wald,200,1.0,0.12,0.085,0.025
config_2x2_d2_p09,2x2_ultra_sparse,2,2,ultra_sparse,Ultra-sparsity,50,50,9,0.1,127500412,200,simple_welch,Simple Welch,200,1.0,0.12,0.085,0.02
config_2x2_d2_p09,2x2_ultra_sparse,2,2,ultra_sparse,Ultra-sparsity,50,50,9,0.1,127500412,200,expanded_welch,Expanded Welch,196,0.98,0.10714285714285714,0.05612244897959184,0.015306122448979591
config_2x2_d2_p09,2x2_ultra_sparse,2,2,ultra_sparse,Ultra-sparsity,50,50,9,0.1,127500412,200,constrained_lrt,Constrained LRT,200,1.0,0.16,0.095,0.025
config_2x2_d3_p00,2x2_ultra_imbalanced,2,2,ultra_imbalanced,Ultra-sparsity with imbalance,50,250,0,0.1,2766434811,200,normal_wald,Normal Wald,200,1.0,0.19,0.145,0.085
config_2x2_d3_p00,2x2_ultra_imbalanced,2,2,ultra_imbalanced,Ultra-sparsity with imbalance,50,250,0,0.1,2766434811,200,simple_welch,Simple Welch,200,1.0,0.185,0.145,0.085
config_2x2_d3_p00,2x2_ultra_imbalanced,2,2,ultra_imbalanced,Ultra-sparsity with imbalance,50,250,0,0.1,2766434811,200,expanded_welch,Expanded Welch,197,0.985,0.1319796954314721,0.07614213197969544,0.05583756345177665
config_2x2_d3_p00,2x2_ultra_imbalanced,2,2,ultra_imbalanced,Ultra-sparsity with imbalance,50,250,0,0.1,2766434811,200,constrained_lrt,Constrained LRT,200,1.0,0.145,0.09,0.015
config_2x2_d3_p01,2x2_ultra_imbalanced,2,2,ultra_imbalanced,Ultra-sparsity with imbalance,50,250,1,0.1,3202765758,200,normal_wald,Normal Wald,200,1.0,0.17,0.115,0.065
config_2x2_d3_p01,2x2_ultra_imbalanced,2,2,ultra_imbalanced,Ultra-sparsity with imbalance,50,250,1,0.1,3202765758,200,simple_welch,Simple Welch,200,1.0,0.165,0.11,0.065
config_2x2_d3_p01,2x2_ultra_imbalanced,2,2,ultra_imbalanced,Ultra-sparsity with imbalance,50,250,1,0.1,3202765758,200,expanded_welch,Expanded Welch,197,0.985,0.1116751269035533,0.05583756345177665,0.02030456852791878
config_2x2_d3_p01,2x2_ultra_imbalanced,2,2,ultra_imbalanced,Ultra-sparsity with imbalance,50,250,1,0.1,3202765758,200,constrained_lrt,Constrained LRT,200,1.0,0.125,0.075,0.005
config_2x2_d3_p02,2x2_ultra_imbalanced,2,2,ultra_imbalanced,Ultra-sparsity with imbalance,50,250,2,0.1,2867895330,200,normal_wald,Normal Wald,200,1.0,0.21,0.155,0.075
config_2x2_d3_p02,2x2_ultra_imbalanced,2,2,ultra_imbalanced,Ultra-sparsity with imbalance,50,250,2,0.1,2867895330,200,simple_welch,Simple Welch,200,1.0,0.21,0.15,0.075
config_2x2_d3_p02,2x2_ultra_imbalanced,2,2,ultra_imbalanced,Ultra-sparsity with imbalance,50,250,2,0.1,2867895330,200,expanded_welch,Expanded Welch,198,0.99,0.13636363636363635,0.06565656565656566,0.030303030303030304
config_2x2_d3_p02,2x2_ultra_imbalanced,2,2,ultra_imbalanced,Ultra-sparsity with imbalance,50,250,2,0.1,2867895330,200,constrained_lrt,Constrained LRT,200,1.0,0.135,0.07,0.015
config_2x2_d3_p03,2x2_ultra_imbalanced,2,2,ultra_imbalanced,Ultra-sparsity with imbalance,50,250,3,0.1,4085902826,200,normal_wald,Normal Wald,200,1.0,0.165,0.13,0.08
config_2x2_d3_p03,2x2_ultra_imbalanced,2,2,ultra_imbalanced,Ultra-sparsity with imbalance,50,250,3,0.1,4085902826,200,simple_welch,Simple Welch,200,1.0,0.165,0.125,0.075
config_2x2_d3_p03,2x2_ultra_imbalanced,2,2,ultra_imbalanced,Ultra-sparsity with imbalance,50,250,3,0.1,4085902826,200,expanded_welch,Expanded Welch,199,0.995,0.12562814070351758,0.07035175879396985,0.035175879396984924
config_2x2_d3_p03,2x2_ultra_imbalanced,2,2,ultra_imbalanced,Ultra-sparsity with imbalance,50,250,3,0.1,4085902826,200,constrained_lrt,Constrained LRT,200,1.0,0.125,0.06,0.015
config_2x2_d3_p04,2x2_ultra_imbalanced,2,2,ultra_imbalanced,Ultra-sparsity with imbalance,50,250,4,0.1,3741159399,200,normal_wald,Normal Wald,200,1.0,0.15,0.09,0.045
config_2x2_d3_p04,2x2_ultra_imbalanced,2,2,ultra_imbalanced,Ultra-sparsity with imbalance,50,250,4,0.1,3741159399,200,simple_welch,Simple Welch,200,1.0,0.15,0.085,0.045
config_2x2_d3_p04,2x2_ultra_imbalanced,2,2,ultra_imbalanced,Ultra-sparsity with imbalance,50,250,4,0.1,3741159399,200,expanded_welch,Expanded Welch,197,0.985,0.08121827411167512,0.03553299492385787,0.015228426395939087
config_2x2_d3_p04,2x2_ultra_imbalanced,2,2,ultra_imbalanced,Ultra-sparsity with imbalance,50,250,4,0.1,3741159399,200,constrained_lrt,Constrained LRT,200,1.0,0.13,0.065,0.0
config_2x2_d3_p05,2x2_ultra_imbalanced,2,2,ultra_imbalanced,Ultra-sparsity with imbalance,50,250,5,0.1,2377483062,200,normal_wald,Normal Wald,200,1.0,0.165,0.095,0.055
config_2x2_d3_p05,2x2_ultra_imbalanced,2,2,ultra_imbalanced,Ultra-sparsity with imbalance,50,250,5,0.1,2377483062,200,simple_welch,Simple Welch,200,1.0,0.16,0.095,0.055
config_2x2_d3_p05,2x2_ultra_imbalanced,2,2,ultra_imbalanced,Ultra-sparsity with imbalance,50,250,5,0.1,2377483062,200,expanded_welch,Expanded Welch,197,0.985,0.08629441624365482,0.04060913705583756,0.02030456852791878
config_2x2_d3_p05,2x2_ultra_imbalanced,2,2,ultra_imbalanced,Ultra-sparsity with imbalance,50,250,5,0.1,2377483062,200,constrained_lrt,Constrained LRT,200,1.0,0.13,0.06,0.005
config_2x2_d3_p06,2x2_ultra_imbalanced,2,2,ultra_imbalanced,Ultra-sparsity with imbalance,50,250,6,0.1,980052219,200,normal_wald,Normal Wald,200,1.0,0.21,0.15,0.07
config_2x2_d3_p06,2x2_ultra_imbalanced,2,2,ultra_imbalanced,Ultra-sparsity with imbalance,50,250,6,0.1,980052219,200,simple_welch,Simple Welch,200,1.0,0.205,0.15,0.07
config_2x2_d3_p06,2x2_ultra_imbalanced,2,2,ultra_imbalanced,Ultra-sparsity with imbalance,50,250,6,0.1,980052219,200,expanded_welch,Expanded Welch,198,0.99,0.12626262626262627,0.07575757575757576,0.03535353535353535
config_2x2_d3_p06,2x2_ultra_imbalanced,2,2,ultra_imbalanced,Ultra-sparsity with imbalance,50,250,6,0.1,980052219,200,constrained_lrt,Constrained LRT,200,1.0,0.155,0.1,0.015
config_2x2_d3_p07,2x2_ultra_imbalanced,2,2,ultra_imbalanced,Ultra-sparsity with imbalance,50,250,7,0.1,1246660382,200,normal_wald,Normal Wald,200,1.0,0.19,0.095,0.065
config_2x2_d3_p07,2x2_ultra_imbalanced,2,2,ultra_imbalanced,Ultra-sparsity with imbalance,50,250,7,0.1,1246660382,200,simple_welch,Simple Welch,200,1.0,0.18,0.09,0.065
config_2x2_d3_p07,2x2_ultra_imbalanced,2,2,ultra_imbalanced,Ultra-sparsity with imbalance,50,250,7,0.1,1246660382,200,expanded_welch,Expanded Welch,199,0.995,0.1306532663316583,0.06532663316582915,0.04020100502512563
config_2x2_d3_p07,2x2_ultra_imbalanced,2,2,ultra_imbalanced,Ultra-sparsity with imbalance,50,250,7,0.1,1246660382,200,constrained_lrt,Constrained LRT,200,1.0,0.15,0.095,0.02
config_2x2_d3_p08,2x2_ultra_imbalanced,2,2,ultra_imbalanced,Ultra-sparsity with imbalance,50,250,8,0.1,3343794369,200,normal_wald,Normal Wald,200,1.0,0.15,0.1,0.05
config_2x2_d3_p08,2x2_ultra_imbalanced,2,2,ultra_imbalanced,Ultra-sparsity with imbalance,50,250,8,0.1,3343794369,200,simple_welch,Simple Welch,200,1.0,0.15,0.09,0.045
config_2x2_d3_p08,2x2_ultra_imbalanced,2,2,ultra_imbalanced,Ultra-sparsity with imbalance,50,250,8,0.1,3343794369,200,expanded_welch,Expanded Welch,199,0.995,0.08542713567839195,0.04522613065326633,0.020100502512562814
config_2x2_d3_p08,2x2_ultra_imbalanced,2,2,ultra_imbalanced,Ultra-sparsity with imbalance,50,250,8,0.1,3343794369,200,constrained_lrt,Constrained LRT,200,1.0,0.1,0.065,0.02
config_2x2_d3_p09,2x2_ultra_imbalanced,2,2,ultra_imbalanced,Ultra-sparsity with imbalance,50,250,9,0.1,318345911,200,normal_wald,Normal Wald,200,1.0,0.16,0.11,0.08
config_2x2_d3_p09,2x2_ultra_imbalanced,2,2,ultra_imbalanced,Ultra-sparsity with imbalance,50,250,9,0.1,318345911,200,simple_welch,Simple Welch,200,1.0,0.15,0.11,0.08
config_2x2_d3_p09,2x2_ultra_imbalanced,2,2,ultra_imbalanced,Ultra-sparsity with imbalance,50,250,9,0.1,318345911,200,expanded_welch,Expanded Welch,198,0.99,0.09595959595959595,0.07575757575757576,0.05555555555555555
config_2x2_d3_p09,2x2_ultra_imbalanced,2,2,ultra_imbalanced,Ultra-sparsity with imbalance,50,250,9,0.1,318345911,200,constrained_lrt,Constrained LRT,200,1.0,0.15,0.085,0.025
config_3x3_d0_p00,3x3_balanced_control,3,3,balanced_control,Balanced control,135,135,0,0.1,2198185237,200,normal_wald,Normal Wald,200,1.0,0.065,0.045,0.0
config_3x3_d0_p00,3x3_balanced_control,3,3,balanced_control,Balanced control,135,135,0,0.1,2198185237,200,simple_welch,Simple Welch,200,1.0,0.065,0.045,0.0
config_3x3_d0_p00,3x3_balanced_control,3,3,balanced_control,Balanced control,135,135,0,0.1,2198185237,200,expanded_welch,Expanded Welch,200,1.0,0.065,0.035,0.0
config_3x3_d0_p00,3x3_balanced_control,3,3,balanced_control,Balanced control,135,135,0,0.1,2198185237,200,constrained_lrt,Constrained LRT,200,1.0,0.075,0.045,0.0
config_3x3_d0_p01,3x3_balanced_control,3,3,balanced_control,Balanced control,135,135,1,0.1,731714546,200,normal_wald,Normal Wald,200,1.0,0.13,0.05,0.025
config_3x3_d0_p01,3x3_balanced_control,3,3,balanced_control,Balanced control,135,135,1,0.1,731714546,200,simple_welch,Simple Welch,200,1.0,0.13,0.05,0.02
config_3x3_d0_p01,3x3_balanced_control,3,3,balanced_control,Balanced control,135,135,1,0.1,731714546,200,expanded_welch,Expanded Welch,200,1.0,0.12,0.045,0.015
config_3x3_d0_p01,3x3_balanced_control,3,3,balanced_control,Balanced control,135,135,1,0.1,731714546,200,constrained_lrt,Constrained LRT,200,1.0,0.14,0.055,0.03
config_3x3_d0_p02,3x3_balanced_control,3,3,balanced_control,Balanced control,135,135,2,0.1,30925125,200,normal_wald,Normal Wald,200,1.0,0.075,0.04,0.0
config_3x3_d0_p02,3x3_balanced_control,3,3,balanced_control,Balanced control,135,135,2,0.1,30925125,200,simple_welch,Simple Welch,200,1.0,0.075,0.04,0.0
config_3x3_d0_p02,3x3_balanced_control,3,3,balanced_control,Balanced control,135,135,2,0.1,30925125,200,expanded_welch,Expanded Welch,200,1.0,0.075,0.04,0.0
config_3x3_d0_p02,3x3_balanced_control,3,3,balanced_control,Balanced control,135,135,2,0.1,30925125,200,constrained_lrt,Constrained LRT,200,1.0,0.075,0.04,0.0
config_3x3_d0_p03,3x3_balanced_control,3,3,balanced_control,Balanced control,135,135,3,0.1,3324953407,200,normal_wald,Normal Wald,200,1.0,0.12,0.065,0.015
config_3x3_d0_p03,3x3_balanced_control,3,3,balanced_control,Balanced control,135,135,3,0.1,3324953407,200,simple_welch,Simple Welch,200,1.0,0.12,0.065,0.015
config_3x3_d0_p03,3x3_balanced_control,3,3,balanced_control,Balanced control,135,135,3,0.1,3324953407,200,expanded_welch,Expanded Welch,200,1.0,0.115,0.06,0.015
config_3x3_d0_p03,3x3_balanced_control,3,3,balanced_control,Balanced control,135,135,3,0.1,3324953407,200,constrained_lrt,Constrained LRT,200,1.0,0.12,0.065,0.015
config_3x3_d0_p04,3x3_balanced_control,3,3,balanced_control,Balanced control,135,135,4,0.1,224210588,200,normal_wald,Normal Wald,200,1.0,0.075,0.03,0.005
config_3x3_d0_p04,3x3_balanced_control,3,3,balanced_control,Balanced control,135,135,4,0.1,224210588,200,simple_welch,Simple Welch,200,1.0,0.075,0.03,0.005
config_3x3_d0_p04,3x3_balanced_control,3,3,balanced_control,Balanced control,135,135,4,0.1,224210588,200,expanded_welch,Expanded Welch,200,1.0,0.07,0.025,0.005
config_3x3_d0_p04,3x3_balanced_control,3,3,balanced_control,Balanced control,135,135,4,0.1,224210588,200,constrained_lrt,Constrained LRT,200,1.0,0.08,0.035,0.005
config_3x3_d0_p05,3x3_balanced_control,3,3,balanced_control,Balanced control,135,135,5,0.1,4175141723,200,normal_wald,Normal Wald,200,1.0,0.13,0.03,0.015
config_3x3_d0_p05,3x3_balanced_control,3,3,balanced_control,Balanced control,135,135,5,0.1,4175141723,200,simple_welch,Simple Welch,200,1.0,0.13,0.03,0.015
config_3x3_d0_p05,3x3_balanced_control,3,3,balanced_control,Balanced control,135,135,5,0.1,4175141723,200,expanded_welch,Expanded Welch,200,1.0,0.105,0.03,0.015
config_3x3_d0_p05,3x3_balanced_control,3,3,balanced_control,Balanced control,135,135,5,0.1,4175141723,200,constrained_lrt,Constrained LRT,200,1.0,0.145,0.04,0.015
config_3x3_d0_p06,3x3_balanced_control,3,3,balanced_control,Balanced control,135,135,6,0.1,2032883690,200,normal_wald,Normal Wald,200,1.0,0.075,0.02,0.0
config_3x3_d0_p06,3x3_balanced_control,3,3,balanced_control,Balanced control,135,135,6,0.1,2032883690,200,simple_welch,Simple Welch,200,1.0,0.07,0.02,0.0
config_3x3_d0_p06,3x3_balanced_control,3,3,balanced_control,Balanced control,135,135,6,0.1,2032883690,200,expanded_welch,Expanded Welch,200,1.0,0.06,0.015,0.0
config_3x3_d0_p06,3x3_balanced_control,3,3,balanced_control,Balanced control,135,135,6,0.1,2032883690,200,constrained_lrt,Constrained LRT,200,1.0,0.07,0.02,0.0
config_3x3_d0_p07,3x3_balanced_control,3,3,balanced_control,Balanced control,135,135,7,0.1,1604980699,200,normal_wald,Normal Wald,200,1.0,0.095,0.04,0.01
config_3x3_d0_p07,3x3_balanced_control,3,3,balanced_control,Balanced control,135,135,7,0.1,1604980699,200,simple_welch,Simple Welch,200,1.0,0.095,0.035,0.005
config_3x3_d0_p07,3x3_balanced_control,3,3,balanced_control,Balanced control,135,135,7,0.1,1604980699,200,expanded_welch,Expanded Welch,200,1.0,0.085,0.02,0.005
config_3x3_d0_p07,3x3_balanced_control,3,3,balanced_control,Balanced control,135,135,7,0.1,1604980699,200,constrained_lrt,Constrained LRT,200,1.0,0.1,0.05,0.01
config_3x3_d0_p08,3x3_balanced_control,3,3,balanced_control,Balanced control,135,135,8,0.1,3929233077,200,normal_wald,Normal Wald,200,1.0,0.065,0.03,0.005
config_3x3_d0_p08,3x3_balanced_control,3,3,balanced_control,Balanced control,135,135,8,0.1,3929233077,200,simple_welch,Simple Welch,200,1.0,0.065,0.03,0.005
config_3x3_d0_p08,3x3_balanced_control,3,3,balanced_control,Balanced control,135,135,8,0.1,3929233077,200,expanded_welch,Expanded Welch,200,1.0,0.06,0.025,0.0
config_3x3_d0_p08,3x3_balanced_control,3,3,balanced_control,Balanced control,135,135,8,0.1,3929233077,200,constrained_lrt,Constrained LRT,200,1.0,0.065,0.03,0.01
config_3x3_d0_p09,3x3_balanced_control,3,3,balanced_control,Balanced control,135,135,9,0.1,3930232604,200,normal_wald,Normal Wald,200,1.0,0.085,0.05,0.01
config_3x3_d0_p09,3x3_balanced_control,3,3,balanced_control,Balanced control,135,135,9,0.1,3930232604,200,simple_welch,Simple Welch,200,1.0,0.085,0.05,0.01
config_3x3_d0_p09,3x3_balanced_control,3,3,balanced_control,Balanced control,135,135,9,0.1,3930232604,200,expanded_welch,Expanded Welch,200,1.0,0.08,0.05,0.005
config_3x3_d0_p09,3x3_balanced_control,3,3,balanced_control,Balanced control,135,135,9,0.1,3930232604,200,constrained_lrt,Constrained LRT,200,1.0,0.085,0.05,0.01
config_3x3_d1_p00,3x3_moderate_sparse,3,3,moderate_sparse,Moderate sparsity,72,72,0,0.1,3539429236,200,normal_wald,Normal Wald,200,1.0,0.105,0.04,0.01
config_3x3_d1_p00,3x3_moderate_sparse,3,3,moderate_sparse,Moderate sparsity,72,72,0,0.1,3539429236,200,simple_welch,Simple Welch,200,1.0,0.1,0.04,0.01
config_3x3_d1_p00,3x3_moderate_sparse,3,3,moderate_sparse,Moderate sparsity,72,72,0,0.1,3539429236,200,expanded_welch,Expanded Welch,200,1.0,0.08,0.03,0.005
config_3x3_d1_p00,3x3_moderate_sparse,3,3,moderate_sparse,Moderate sparsity,72,72,0,0.1,3539429236,200,constrained_lrt,Constrained LRT,200,1.0,0.1,0.045,0.01
config_3x3_d1_p01,3x3_moderate_sparse,3,3,moderate_sparse,Moderate sparsity,72,72,1,0.1,3443095830,200,normal_wald,Normal Wald,200,1.0,0.095,0.035,0.02
config_3x3_d1_p01,3x3_moderate_sparse,3,3,moderate_sparse,Moderate sparsity,72,72,1,0.1,3443095830,200,simple_welch,Simple Welch,200,1.0,0.095,0.03,0.02
config_3x3_d1_p01,3x3_moderate_sparse,3,3,moderate_sparse,Moderate sparsity,72,72,1,0.1,3443095830,200,expanded_welch,Expanded Welch,200,1.0,0.085,0.03,0.01
config_3x3_d1_p01,3x3_moderate_sparse,3,3,moderate_sparse,Moderate sparsity,72,72,1,0.1,3443095830,200,constrained_lrt,Constrained LRT,200,1.0,0.095,0.03,0.01
config_3x3_d1_p02,3x3_moderate_sparse,3,3,moderate_sparse,Moderate sparsity,72,72,2,0.1,857867422,200,normal_wald,Normal Wald,200,1.0,0.085,0.065,0.02
config_3x3_d1_p02,3x3_moderate_sparse,3,3,moderate_sparse,Moderate sparsity,72,72,2,0.1,857867422,200,simple_welch,Simple Welch,200,1.0,0.085,0.06,0.015
config_3x3_d1_p02,3x3_moderate_sparse,3,3,moderate_sparse,Moderate sparsity,72,72,2,0.1,857867422,200,expanded_welch,Expanded Welch,200,1.0,0.075,0.06,0.01
config_3x3_d1_p02,3x3_moderate_sparse,3,3,moderate_sparse,Moderate sparsity,72,72,2,0.1,857867422,200,constrained_lrt,Constrained LRT,200,1.0,0.08,0.065,0.01
config_3x3_d1_p03,3x3_moderate_sparse,3,3,moderate_sparse,Moderate sparsity,72,72,3,0.1,2620080462,200,normal_wald,Normal Wald,200,1.0,0.09,0.04,0.02
config_3x3_d1_p03,3x3_moderate_sparse,3,3,moderate_sparse,Moderate sparsity,72,72,3,0.1,2620080462,200,simple_welch,Simple Welch,200,1.0,0.085,0.04,0.02
config_3x3_d1_p03,3x3_moderate_sparse,3,3,moderate_sparse,Moderate sparsity,72,72,3,0.1,2620080462,200,expanded_welch,Expanded Welch,200,1.0,0.08,0.04,0.02
config_3x3_d1_p03,3x3_moderate_sparse,3,3,moderate_sparse,Moderate sparsity,72,72,3,0.1,2620080462,200,constrained_lrt,Constrained LRT,200,1.0,0.09,0.04,0.02
config_3x3_d1_p04,3x3_moderate_sparse,3,3,moderate_sparse,Moderate sparsity,72,72,4,0.1,3256796944,200,normal_wald,Normal Wald,200,1.0,0.145,0.08,0.025
config_3x3_d1_p04,3x3_moderate_sparse,3,3,moderate_sparse,Moderate sparsity,72,72,4,0.1,3256796944,200,simple_welch,Simple Welch,200,1.0,0.135,0.08,0.025
config_3x3_d1_p04,3x3_moderate_sparse,3,3,moderate_sparse,Moderate sparsity,72,72,4,0.1,3256796944,200,expanded_welch,Expanded Welch,200,1.0,0.125,0.08,0.015
config_3x3_d1_p04,3x3_moderate_sparse,3,3,moderate_sparse,Moderate sparsity,72,72,4,0.1,3256796944,200,constrained_lrt,Constrained LRT,200,1.0,0.15,0.08,0.03
config_3x3_d1_p05,3x3_moderate_sparse,3,3,moderate_sparse,Moderate sparsity,72,72,5,0.1,1780852127,200,normal_wald,Normal Wald,200,1.0,0.12,0.065,0.02
config_3x3_d1_p05,3x3_moderate_sparse,3,3,moderate_sparse,Moderate sparsity,72,72,5,0.1,1780852127,200,simple_welch,Simple Welch,200,1.0,0.12,0.065,0.015
config_3x3_d1_p05,3x3_moderate_sparse,3,3,moderate_sparse,Moderate sparsity,72,72,5,0.1,1780852127,200,expanded_welch,Expanded Welch,200,1.0,0.11,0.05,0.0
config_3x3_d1_p05,3x3_moderate_sparse,3,3,moderate_sparse,Moderate sparsity,72,72,5,0.1,1780852127,200,constrained_lrt,Constrained LRT,200,1.0,0.135,0.075,0.02
config_3x3_d1_p06,3x3_moderate_sparse,3,3,moderate_sparse,Moderate sparsity,72,72,6,0.1,3903328556,200,normal_wald,Normal Wald,200,1.0,0.08,0.045,0.015
config_3x3_d1_p06,3x3_moderate_sparse,3,3,moderate_sparse,Moderate sparsity,72,72,6,0.1,3903328556,200,simple_welch,Simple Welch,200,1.0,0.08,0.035,0.015
config_3x3_d1_p06,3x3_moderate_sparse,3,3,moderate_sparse,Moderate sparsity,72,72,6,0.1,3903328556,200,expanded_welch,Expanded Welch,200,1.0,0.08,0.03,0.015
config_3x3_d1_p06,3x3_moderate_sparse,3,3,moderate_sparse,Moderate sparsity,72,72,6,0.1,3903328556,200,constrained_lrt,Constrained LRT,200,1.0,0.08,0.06,0.02
config_3x3_d1_p07,3x3_moderate_sparse,3,3,moderate_sparse,Moderate sparsity,72,72,7,0.1,3860016290,200,normal_wald,Normal Wald,200,1.0,0.2,0.11,0.035
config_3x3_d1_p07,3x3_moderate_sparse,3,3,moderate_sparse,Moderate sparsity,72,72,7,0.1,3860016290,200,simple_welch,Simple Welch,200,1.0,0.195,0.095,0.035
config_3x3_d1_p07,3x3_moderate_sparse,3,3,moderate_sparse,Moderate sparsity,72,72,7,0.1,3860016290,200,expanded_welch,Expanded Welch,200,1.0,0.185,0.08,0.02
config_3x3_d1_p07,3x3_moderate_sparse,3,3,moderate_sparse,Moderate sparsity,72,72,7,0.1,3860016290,200,constrained_lrt,Constrained LRT,200,1.0,0.2,0.095,0.02
config_3x3_d1_p08,3x3_moderate_sparse,3,3,moderate_sparse,Moderate sparsity,72,72,8,0.1,2161844049,200,normal_wald,Normal Wald,200,1.0,0.125,0.055,0.015
config_3x3_d1_p08,3x3_moderate_sparse,3,3,moderate_sparse,Moderate sparsity,72,72,8,0.1,2161844049,200,simple_welch,Simple Welch,200,1.0,0.12,0.045,0.015
config_3x3_d1_p08,3x3_moderate_sparse,3,3,moderate_sparse,Moderate sparsity,72,72,8,0.1,2161844049,200,expanded_welch,Expanded Welch,200,1.0,0.11,0.045,0.01
config_3x3_d1_p08,3x3_moderate_sparse,3,3,moderate_sparse,Moderate sparsity,72,72,8,0.1,2161844049,200,constrained_lrt,Constrained LRT,200,1.0,0.12,0.055,0.01
config_3x3_d1_p09,3x3_moderate_sparse,3,3,moderate_sparse,Moderate sparsity,72,72,9,0.1,2875952689,200,normal_wald,Normal Wald,200,1.0,0.115,0.07,0.015
config_3x3_d1_p09,3x3_moderate_sparse,3,3,moderate_sparse,Moderate sparsity,72,72,9,0.1,2875952689,200,simple_welch,Simple Welch,200,1.0,0.115,0.06,0.015
config_3x3_d1_p09,3x3_moderate_sparse,3,3,moderate_sparse,Moderate sparsity,72,72,9,0.1,2875952689,200,expanded_welch,Expanded Welch,200,1.0,0.105,0.055,0.01
config_3x3_d1_p09,3x3_moderate_sparse,3,3,moderate_sparse,Moderate sparsity,72,72,9,0.1,2875952689,200,constrained_lrt,Constrained LRT,200,1.0,0.11,0.06,0.015
config_3x3_d2_p00,3x3_ultra_sparse,3,3,ultra_sparse,Ultra-sparsity,50,50,0,0.1,213122510,200,normal_wald,Normal Wald,200,1.0,0.145,0.06,0.01
config_3x3_d2_p00,3x3_ultra_sparse,3,3,ultra_sparse,Ultra-sparsity,50,50,0,0.1,213122510,200,simple_welch,Simple Welch,200,1.0,0.13,0.05,0.005
config_3x3_d2_p00,3x3_ultra_sparse,3,3,ultra_sparse,Ultra-sparsity,50,50,0,0.1,213122510,200,expanded_welch,Expanded Welch,197,0.985,0.08629441624365482,0.04060913705583756,0.005076142131979695
config_3x3_d2_p00,3x3_ultra_sparse,3,3,ultra_sparse,Ultra-sparsity,50,50,0,0.1,213122510,200,constrained_lrt,Constrained LRT,200,1.0,0.12,0.03,0.015
config_3x3_d2_p01,3x3_ultra_sparse,3,3,ultra_sparse,Ultra-sparsity,50,50,1,0.1,987803893,200,normal_wald,Normal Wald,200,1.0,0.135,0.06,0.015
config_3x3_d2_p01,3x3_ultra_sparse,3,3,ultra_sparse,Ultra-sparsity,50,50,1,0.1,987803893,200,simple_welch,Simple Welch,200,1.0,0.125,0.055,0.015
config_3x3_d2_p01,3x3_ultra_sparse,3,3,ultra_sparse,Ultra-sparsity,50,50,1,0.1,987803893,200,expanded_welch,Expanded Welch,198,0.99,0.10606060606060606,0.045454545454545456,0.015151515151515152
config_3x3_d2_p01,3x3_ultra_sparse,3,3,ultra_sparse,Ultra-sparsity,50,50,1,0.1,987803893,200,constrained_lrt,Constrained LRT,200,1.0,0.125,0.065,0.01
config_3x3_d2_p02,3x3_ultra_sparse,3,3,ultra_sparse,Ultra-sparsity,50,50,2,0.1,1859956424,200,normal_wald,Normal Wald,200,1.0,0.115,0.08,0.01
config_3x3_d2_p02,3x3_ultra_sparse,3,3,ultra_sparse,Ultra-sparsity,50,50,2,0.1,1859956424,200,simple_welch,Simple Welch,200,1.0,0.115,0.075,0.01
config_3x3_d2_p02,3x3_ultra_sparse,3,3,ultra_sparse,Ultra-sparsity,50,50,2,0.1,1859956424,200,expanded_welch,Expanded Welch,198,0.99,0.1111111111111111,0.06565656565656566,0.005050505050505051
config_3x3_d2_p02,3x3_ultra_sparse,3,3,ultra_sparse,Ultra-sparsity,50,50,2,0.1,1859956424,200,constrained_lrt,Constrained LRT,200,1.0,0.115,0.08,0.01
config_3x3_d2_p03,3x3_ultra_sparse,3,3,ultra_sparse,Ultra-sparsity,50,50,3,0.1,3636084341,200,normal_wald,Normal Wald,200,1.0,0.125,0.07,0.015
config_3x3_d2_p03,3x3_ultra_sparse,3,3,ultra_sparse,Ultra-sparsity,50,50,3,0.1,3636084341,200,simple_welch,Simple Welch,200,1.0,0.12,0.055,0.005
config_3x3_d2_p03,3x3_ultra_sparse,3,3,ultra_sparse,Ultra-sparsity,50,50,3,0.1,3636084341,200,expanded_welch,Expanded Welch,195,0.975,0.10256410256410256,0.041025641025641026,0.005128205128205128
config_3x3_d2_p03,3x3_ultra_sparse,3,3,ultra_sparse,Ultra-sparsity,50,50,3,0.1,3636084341,200,constrained_lrt,Constrained LRT,200,1.0,0.12,0.055,0.005
config_3x3_d2_p04,3x3_ultra_sparse,3,3,ultra_sparse,Ultra-sparsity,50,50,4,0.1,3143832062,200,normal_wald,Normal Wald,200,1.0,0.15,0.095,0.015
config_3x3_d2_p04,3x3_ultra_sparse,3,3,ultra_sparse,Ultra-sparsity,50,50,4,0.1,3143832062,200,simple_welch,Simple Welch,200,1.0,0.145,0.095,0.01
config_3x3_d2_p04,3x3_ultra_sparse,3,3,ultra_sparse,Ultra-sparsity,50,50,4,0.1,3143832062,200,expanded_welch,Expanded Welch,196,0.98,0.12755102040816327,0.08673469387755102,0.00510204081632653
config_3x3_d2_p04,3x3_ultra_sparse,3,3,ultra_sparse,Ultra-sparsity,50,50,4,0.1,3143832062,200,constrained_lrt,Constrained LRT,200,1.0,0.14,0.075,0.005
config_3x3_d2_p05,3x3_ultra_sparse,3,3,ultra_sparse,Ultra-sparsity,50,50,5,0.1,2695658763,200,normal_wald,Normal Wald,200,1.0,0.155,0.125,0.025
config_3x3_d2_p05,3x3_ultra_sparse,3,3,ultra_sparse,Ultra-sparsity,50,50,5,0.1,2695658763,200,simple_welch,Simple Welch,200,1.0,0.15,0.12,0.025
config_3x3_d2_p05,3x3_ultra_sparse,3,3,ultra_sparse,Ultra-sparsity,50,50,5,0.1,2695658763,200,expanded_welch,Expanded Welch,193,0.965,0.13471502590673576,0.08808290155440414,0.025906735751295335
config_3x3_d2_p05,3x3_ultra_sparse,3,3,ultra_sparse,Ultra-sparsity,50,50,5,0.1,2695658763,200,constrained_lrt,Constrained LRT,200,1.0,0.155,0.095,0.01
config_3x3_d2_p06,3x3_ultra_sparse,3,3,ultra_sparse,Ultra-sparsity,50,50,6,0.1,1557391183,200,normal_wald,Normal Wald,200,1.0,0.13,0.065,0.005
config_3x3_d2_p06,3x3_ultra_sparse,3,3,ultra_sparse,Ultra-sparsity,50,50,6,0.1,1557391183,200,simple_welch,Simple Welch,200,1.0,0.13,0.055,0.005
config_3x3_d2_p06,3x3_ultra_sparse,3,3,ultra_sparse,Ultra-sparsity,50,50,6,0.1,1557391183,200,expanded_welch,Expanded Welch,197,0.985,0.1218274111675127,0.050761421319796954,0.005076142131979695
config_3x3_d2_p06,3x3_ultra_sparse,3,3,ultra_sparse,Ultra-sparsity,50,50,6,0.1,1557391183,200,constrained_lrt,Constrained LRT,200,1.0,0.14,0.05,0.005
config_3x3_d2_p07,3x3_ultra_sparse,3,3,ultra_sparse,Ultra-sparsity,50,50,7,0.1,187206401,200,normal_wald,Normal Wald,200,1.0,0.115,0.06,0.015
config_3x3_d2_p07,3x3_ultra_sparse,3,3,ultra_sparse,Ultra-sparsity,50,50,7,0.1,187206401,200,simple_welch,Simple Welch,200,1.0,0.105,0.05,0.0
config_3x3_d2_p07,3x3_ultra_sparse,3,3,ultra_sparse,Ultra-sparsity,50,50,7,0.1,187206401,200,expanded_welch,Expanded Welch,196,0.98,0.07653061224489796,0.04081632653061224,0.0
config_3x3_d2_p07,3x3_ultra_sparse,3,3,ultra_sparse,Ultra-sparsity,50,50,7,0.1,187206401,200,constrained_lrt,Constrained LRT,200,1.0,0.115,0.055,0.015
config_3x3_d2_p08,3x3_ultra_sparse,3,3,ultra_sparse,Ultra-sparsity,50,50,8,0.1,3633303702,200,normal_wald,Normal Wald,200,1.0,0.17,0.095,0.005
config_3x3_d2_p08,3x3_ultra_sparse,3,3,ultra_sparse,Ultra-sparsity,50,50,8,0.1,3633303702,200,simple_welch,Simple Welch,200,1.0,0.16,0.095,0.005
config_3x3_d2_p08,3x3_ultra_sparse,3,3,ultra_sparse,Ultra-sparsity,50,50,8,0.1,3633303702,200,expanded_welch,Expanded Welch,199,0.995,0.1457286432160804,0.08040201005025126,0.005025125628140704
config_3x3_d2_p08,3x3_ultra_sparse,3,3,ultra_sparse,Ultra-sparsity,50,50,8,0.1,3633303702,200,constrained_lrt,Constrained LRT,200,1.0,0.155,0.095,0.005
config_3x3_d2_p09,3x3_ultra_sparse,3,3,ultra_sparse,Ultra-sparsity,50,50,9,0.1,4049904546,200,normal_wald,Normal Wald,200,1.0,0.155,0.12,0.025
config_3x3_d2_p09,3x3_ultra_sparse,3,3,ultra_sparse,Ultra-sparsity,50,50,9,0.1,4049904546,200,simple_welch,Simple Welch,200,1.0,0.15,0.115,0.015
config_3x3_d2_p09,3x3_ultra_sparse,3,3,ultra_sparse,Ultra-sparsity,50,50,9,0.1,4049904546,200,expanded_welch,Expanded Welch,191,0.955,0.13612565445026178,0.09947643979057591,0.010471204188481676
config_3x3_d2_p09,3x3_ultra_sparse,3,3,ultra_sparse,Ultra-sparsity,50,50,9,0.1,4049904546,200,constrained_lrt,Constrained LRT,200,1.0,0.17,0.105,0.005
config_3x3_d3_p00,3x3_ultra_imbalanced,3,3,ultra_imbalanced,Ultra-sparsity with imbalance,50,250,0,0.1,101742221,200,normal_wald,Normal Wald,200,1.0,0.2,0.135,0.08
config_3x3_d3_p00,3x3_ultra_imbalanced,3,3,ultra_imbalanced,Ultra-sparsity with imbalance,50,250,0,0.1,101742221,200,simple_welch,Simple Welch,200,1.0,0.2,0.12,0.08
config_3x3_d3_p00,3x3_ultra_imbalanced,3,3,ultra_imbalanced,Ultra-sparsity with imbalance,50,250,0,0.1,101742221,200,expanded_welch,Expanded Welch,196,0.98,0.1326530612244898,0.08673469387755102,0.05612244897959184
config_3x3_d3_p00,3x3_ultra_imbalanced,3,3,ultra_imbalanced,Ultra-sparsity with imbalance,50,250,0,0.1,101742221,200,constrained_lrt,Constrained LRT,200,1.0,0.155,0.105,0.015
config_3x3_d3_p01,3x3_ultra_imbalanced,3,3,ultra_imbalanced,Ultra-sparsity with imbalance,50,250,1,0.1,2150972521,200,normal_wald,Normal Wald,200,1.0,0.165,0.1,0.07
config_3x3_d3_p01,3x3_ultra_imbalanced,3,3,ultra_imbalanced,Ultra-sparsity with imbalance,50,250,1,0.1,2150972521,200,simple_welch,Simple Welch,200,1.0,0.15,0.1,0.07
config_3x3_d3_p01,3x3_ultra_imbalanced,3,3,ultra_imbalanced,Ultra-sparsity with imbalance,50,250,1,0.1,2150972521,200,expanded_welch,Expanded Welch,199,0.995,0.10050251256281408,0.07537688442211055,0.06532663316582915
config_3x3_d3_p01,3x3_ultra_imbalanced,3,3,ultra_imbalanced,Ultra-sparsity with imbalance,50,250,1,0.1,2150972521,200,constrained_lrt,Constrained LRT,200,1.0,0.125,0.045,0.005
config_3x3_d3_p02,3x3_ultra_imbalanced,3,3,ultra_imbalanced,Ultra-sparsity with imbalance,50,250,2,0.1,1023806098,200,normal_wald,Normal Wald,200,1.0,0.13,0.09,0.03
config_3x3_d3_p02,3x3_ultra_imbalanced,3,3,ultra_imbalanced,Ultra-sparsity with imbalance,50,250,2,0.1,1023806098,200,simple_welch,Simple Welch,200,1.0,0.125,0.085,0.03
config_3x3_d3_p02,3x3_ultra_imbalanced,3,3,ultra_imbalanced,Ultra-sparsity with imbalance,50,250,2,0.1,1023806098,200,expanded_welch,Expanded Welch,199,0.995,0.08040201005025126,0.04522613065326633,0.02512562814070352
config_3x3_d3_p02,3x3_ultra_imbalanced,3,3,ultra_imbalanced,Ultra-sparsity with imbalance,50,250,2,0.1,1023806098,200,constrained_lrt,Constrained LRT,200,1.0,0.125,0.075,0.015
config_3x3_d3_p03,3x3_ultra_imbalanced,3,3,ultra_imbalanced,Ultra-sparsity with imbalance,50,250,3,0.1,856206566,200,normal_wald,Normal Wald,200,1.0,0.195,0.165,0.125
config_3x3_d3_p03,3x3_ultra_imbalanced,3,3,ultra_imbalanced,Ultra-sparsity with imbalance,50,250,3,0.1,856206566,200,simple_welch,Simple Welch,200,1.0,0.195,0.165,0.125
config_3x3_d3_p03,3x3_ultra_imbalanced,3,3,ultra_imbalanced,Ultra-sparsity with imbalance,50,250,3,0.1,856206566,200,expanded_welch,Expanded Welch,197,0.985,0.15736040609137056,0.1319796954314721,0.09644670050761421
config_3x3_d3_p03,3x3_ultra_imbalanced,3,3,ultra_imbalanced,Ultra-sparsity with imbalance,50,250,3,0.1,856206566,200,constrained_lrt,Constrained LRT,200,1.0,0.125,0.07,0.02
config_3x3_d3_p04,3x3_ultra_imbalanced,3,3,ultra_imbalanced,Ultra-sparsity with imbalance,50,250,4,0.1,2353828250,200,normal_wald,Normal Wald,200,1.0,0.16,0.11,0.06
config_3x3_d3_p04,3x3_ultra_imbalanced,3,3,ultra_imbalanced,Ultra-sparsity with imbalance,50,250,4,0.1,2353828250,200,simple_welch,Simple Welch,200,1.0,0.155,0.105,0.06
config_3x3_d3_p04,3x3_ultra_imbalanced,3,3,ultra_imbalanced,Ultra-sparsity with imbalance,50,250,4,0.1,2353828250,200,expanded_welch,Expanded Welch,200,1.0,0.1,0.06,0.045
config_3x3_d3_p04,3x3_ultra_imbalanced,3,3,ultra_imbalanced,Ultra-sparsity with imbalance,50,250,4,0.1,2353828250,200,constrained_lrt,Constrained LRT,200,1.0,0.1,0.07,0.005
config_3x3_d3_p05,3x3_ultra_imbalanced,3,3,ultra_imbalanced,Ultra-sparsity with imbalance,50,250,5,0.1,2714987022,200,normal_wald,Normal Wald,200,1.0,0.195,0.14,0.1
config_3x3_d3_p05,3x3_ultra_imbalanced,3,3,ultra_imbalanced,Ultra-sparsity with imbalance,50,250,5,0.1,2714987022,200,simple_welch,Simple Welch,200,1.0,0.185,0.135,0.1
config_3x3_d3_p05,3x3_ultra_imbalanced,3,3,ultra_imbalanced,Ultra-sparsity with imbalance,50,250,5,0.1,2714987022,200,expanded_welch,Expanded Welch,200,1.0,0.15,0.115,0.07
config_3x3_d3_p05,3x3_ultra_imbalanced,3,3,ultra_imbalanced,Ultra-sparsity with imbalance,50,250,5,0.1,2714987022,200,constrained_lrt,Constrained LRT,200,1.0,0.15,0.095,0.005
config_3x3_d3_p06,3x3_ultra_imbalanced,3,3,ultra_imbalanced,Ultra-sparsity with imbalance,50,250,6,0.1,2899510254,200,normal_wald,Normal Wald,200,1.0,0.145,0.1,0.06
config_3x3_d3_p06,3x3_ultra_imbalanced,3,3,ultra_imbalanced,Ultra-sparsity with imbalance,50,250,6,0.1,2899510254,200,simple_welch,Simple Welch,200,1.0,0.145,0.095,0.06
config_3x3_d3_p06,3x3_ultra_imbalanced,3,3,ultra_imbalanced,Ultra-sparsity with imbalance,50,250,6,0.1,2899510254,200,expanded_welch,Expanded Welch,200,1.0,0.105,0.075,0.045
config_3x3_d3_p06,3x3_ultra_imbalanced,3,3,ultra_imbalanced,Ultra-sparsity with imbalance,50,250,6,0.1,2899510254,200,constrained_lrt,Constrained LRT,200,1.0,0.14,0.07,0.02
config_3x3_d3_p07,3x3_ultra_imbalanced,3,3,ultra_imbalanced,Ultra-sparsity with imbalance,50,250,7,0.1,1883776853,200,normal_wald,Normal Wald,200,1.0,0.17,0.155,0.12
config_3x3_d3_p07,3x3_ultra_imbalanced,3,3,ultra_imbalanced,Ultra-sparsity with imbalance,50,250,7,0.1,1883776853,200,simple_welch,Simple Welch,200,1.0,0.17,0.15,0.12
config_3x3_d3_p07,3x3_ultra_imbalanced,3,3,ultra_imbalanced,Ultra-sparsity with imbalance,50,250,7,0.1,1883776853,200,expanded_welch,Expanded Welch,198,0.99,0.13636363636363635,0.12121212121212122,0.08585858585858586
config_3x3_d3_p07,3x3_ultra_imbalanced,3,3,ultra_imbalanced,Ultra-sparsity with imbalance,50,250,7,0.1,1883776853,200,constrained_lrt,Constrained LRT,200,1.0,0.145,0.05,0.01
config_3x3_d3_p08,3x3_ultra_imbalanced,3,3,ultra_imbalanced,Ultra-sparsity with imbalance,50,250,8,0.1,340464655,200,normal_wald,Normal Wald,200,1.0,0.18,0.13,0.11
config_3x3_d3_p08,3x3_ultra_imbalanced,3,3,ultra_imbalanced,Ultra-sparsity with imbalance,50,250,8,0.1,340464655,200,simple_welch,Simple Welch,200,1.0,0.18,0.13,0.11
config_3x3_d3_p08,3x3_ultra_imbalanced,3,3,ultra_imbalanced,Ultra-sparsity with imbalance,50,250,8,0.1,340464655,200,expanded_welch,Expanded Welch,195,0.975,0.1282051282051282,0.09230769230769231,0.07692307692307693
config_3x3_d3_p08,3x3_ultra_imbalanced,3,3,ultra_imbalanced,Ultra-sparsity with imbalance,50,250,8,0.1,340464655,200,constrained_lrt,Constrained LRT,200,1.0,0.14,0.055,0.0
config_3x3_d3_p09,3x3_ultra_imbalanced,3,3,ultra_imbalanced,Ultra-sparsity with imbalance,50,250,9,0.1,3511978456,200,normal_wald,Normal Wald,200,1.0,0.25,0.22,0.175
config_3x3_d3_p09,3x3_ultra_imbalanced,3,3,ultra_imbalanced,Ultra-sparsity with imbalance,50,250,9,0.1,3511978456,200,simple_welch,Simple Welch,200,1.0,0.24,0.22,0.175
config_3x3_d3_p09,3x3_ultra_imbalanced,3,3,ultra_imbalanced,Ultra-sparsity with imbalance,50,250,9,0.1,3511978456,200,expanded_welch,Expanded Welch,197,0.985,0.19289340101522842,0.16751269035532995,0.15228426395939088
config_3x3_d3_p09,3x3_ultra_imbalanced,3,3,ultra_imbalanced,Ultra-sparsity with imbalance,50,250,9,0.1,3511978456,200,constrained_lrt,Constrained LRT,200,1.0,0.15,0.075,0.005
config_5x5_d0_p00,5x5_balanced_control,5,5,balanced_control,Balanced control,375,375,0,0.1,194631292,200,normal_wald,Normal Wald,200,1.0,0.105,0.035,0.005
config_5x5_d0_p00,5x5_balanced_control,5,5,balanced_control,Balanced control,375,375,0,0.1,194631292,200,simple_welch,Simple Welch,200,1.0,0.1,0.035,0.005
config_5x5_d0_p00,5x5_balanced_control,5,5,balanced_control,Balanced control,375,375,0,0.1,194631292,200,expanded_welch,Expanded Welch,200,1.0,0.1,0.035,0.005
config_5x5_d0_p00,5x5_balanced_control,5,5,balanced_control,Balanced control,375,375,0,0.1,194631292,200,constrained_lrt,Constrained LRT,200,1.0,0.105,0.035,0.005
config_5x5_d0_p01,5x5_balanced_control,5,5,balanced_control,Balanced control,375,375,1,0.1,2913224147,200,normal_wald,Normal Wald,200,1.0,0.105,0.035,0.01
config_5x5_d0_p01,5x5_balanced_control,5,5,balanced_control,Balanced control,375,375,1,0.1,2913224147,200,simple_welch,Simple Welch,200,1.0,0.105,0.035,0.01
config_5x5_d0_p01,5x5_balanced_control,5,5,balanced_control,Balanced control,375,375,1,0.1,2913224147,200,expanded_welch,Expanded Welch,200,1.0,0.1,0.035,0.005
config_5x5_d0_p01,5x5_balanced_control,5,5,balanced_control,Balanced control,375,375,1,0.1,2913224147,200,constrained_lrt,Constrained LRT,200,1.0,0.105,0.04,0.005
config_5x5_d0_p02,5x5_balanced_control,5,5,balanced_control,Balanced control,375,375,2,0.1,1513447958,200,normal_wald,Normal Wald,200,1.0,0.095,0.055,0.01
config_5x5_d0_p02,5x5_balanced_control,5,5,balanced_control,Balanced control,375,375,2,0.1,1513447958,200,simple_welch,Simple Welch,200,1.0,0.095,0.05,0.005
config_5x5_d0_p02,5x5_balanced_control,5,5,balanced_control,Balanced control,375,375,2,0.1,1513447958,200,expanded_welch,Expanded Welch,200,1.0,0.095,0.045,0.0
config_5x5_d0_p02,5x5_balanced_control,5,5,balanced_control,Balanced control,375,375,2,0.1,1513447958,200,constrained_lrt,Constrained LRT,200,1.0,0.095,0.055,0.01
config_5x5_d0_p03,5x5_balanced_control,5,5,balanced_control,Balanced control,375,375,3,0.1,847804966,200,normal_wald,Normal Wald,200,1.0,0.1,0.05,0.005
config_5x5_d0_p03,5x5_balanced_control,5,5,balanced_control,Balanced control,375,375,3,0.1,847804966,200,simple_welch,Simple Welch,200,1.0,0.1,0.05,0.005
config_5x5_d0_p03,5x5_balanced_control,5,5,balanced_control,Balanced control,375,375,3,0.1,847804966,200,expanded_welch,Expanded Welch,200,1.0,0.1,0.05,0.005
config_5x5_d0_p03,5x5_balanced_control,5,5,balanced_control,Balanced control,375,375,3,0.1,847804966,200,constrained_lrt,Constrained LRT,200,1.0,0.1,0.05,0.005
config_5x5_d0_p04,5x5_balanced_control,5,5,balanced_control,Balanced control,375,375,4,0.1,1498431838,200,normal_wald,Normal Wald,200,1.0,0.075,0.04,0.015
config_5x5_d0_p04,5x5_balanced_control,5,5,balanced_control,Balanced control,375,375,4,0.1,1498431838,200,simple_welch,Simple Welch,200,1.0,0.075,0.04,0.01
config_5x5_d0_p04,5x5_balanced_control,5,5,balanced_control,Balanced control,375,375,4,0.1,1498431838,200,expanded_welch,Expanded Welch,200,1.0,0.075,0.04,0.005
config_5x5_d0_p04,5x5_balanced_control,5,5,balanced_control,Balanced control,375,375,4,0.1,1498431838,200,constrained_lrt,Constrained LRT,200,1.0,0.075,0.04,0.015
config_5x5_d0_p05,5x5_balanced_control,5,5,balanced_control,Balanced control,375,375,5,0.1,3208255667,200,normal_wald,Normal Wald,200,1.0,0.065,0.01,0.0
config_5x5_d0_p05,5x5_balanced_control,5,5,balanced_control,Balanced control,375,375,5,0.1,3208255667,200,simple_welch,Simple Welch,200,1.0,0.065,0.01,0.0
config_5x5_d0_p05,5x5_balanced_control,5,5,balanced_control,Balanced control,375,375,5,0.1,3208255667,200,expanded_welch,Expanded Welch,200,1.0,0.065,0.01,0.0
config_5x5_d0_p05,5x5_balanced_control,5,5,balanced_control,Balanced control,375,375,5,0.1,3208255667,200,constrained_lrt,Constrained LRT,200,1.0,0.07,0.01,0.0
config_5x5_d0_p06,5x5_balanced_control,5,5,balanced_control,Balanced control,375,375,6,0.1,2556580684,200,normal_wald,Normal Wald,200,1.0,0.08,0.045,0.005
config_5x5_d0_p06,5x5_balanced_control,5,5,balanced_control,Balanced control,375,375,6,0.1,2556580684,200,simple_welch,Simple Welch,200,1.0,0.08,0.04,0.005
config_5x5_d0_p06,5x5_balanced_control,5,5,balanced_control,Balanced control,375,375,6,0.1,2556580684,200,expanded_welch,Expanded Welch,200,1.0,0.08,0.035,0.005
config_5x5_d0_p06,5x5_balanced_control,5,5,balanced_control,Balanced control,375,375,6,0.1,2556580684,200,constrained_lrt,Constrained LRT,200,1.0,0.085,0.04,0.005
config_5x5_d0_p07,5x5_balanced_control,5,5,balanced_control,Balanced control,375,375,7,0.1,2385312116,200,normal_wald,Normal Wald,200,1.0,0.085,0.05,0.005
config_5x5_d0_p07,5x5_balanced_control,5,5,balanced_control,Balanced control,375,375,7,0.1,2385312116,200,simple_welch,Simple Welch,200,1.0,0.085,0.05,0.005
config_5x5_d0_p07,5x5_balanced_control,5,5,balanced_control,Balanced control,375,375,7,0.1,2385312116,200,expanded_welch,Expanded Welch,200,1.0,0.08,0.05,0.005
config_5x5_d0_p07,5x5_balanced_control,5,5,balanced_control,Balanced control,375,375,7,0.1,2385312116,200,constrained_lrt,Constrained LRT,200,1.0,0.085,0.05,0.005
config_5x5_d0_p08,5x5_balanced_control,5,5,balanced_control,Balanced control,375,375,8,0.1,2772416322,200,normal_wald,Normal Wald,200,1.0,0.105,0.055,0.0
config_5x5_d0_p08,5x5_balanced_control,5,5,balanced_control,Balanced control,375,375,8,0.1,2772416322,200,simple_welch,Simple Welch,200,1.0,0.105,0.055,0.0
config_5x5_d0_p08,5x5_balanced_control,5,5,balanced_control,Balanced control,375,375,8,0.1,2772416322,200,expanded_welch,Expanded Welch,200,1.0,0.095,0.055,0.0
config_5x5_d0_p08,5x5_balanced_control,5,5,balanced_control,Balanced control,375,375,8,0.1,2772416322,200,constrained_lrt,Constrained LRT,200,1.0,0.105,0.055,0.0
config_5x5_d0_p09,5x5_balanced_control,5,5,balanced_control,Balanced control,375,375,9,0.1,1167221350,200,normal_wald,Normal Wald,200,1.0,0.105,0.05,0.0
config_5x5_d0_p09,5x5_balanced_control,5,5,balanced_control,Balanced control,375,375,9,0.1,1167221350,200,simple_welch,Simple Welch,200,1.0,0.105,0.05,0.0
config_5x5_d0_p09,5x5_balanced_control,5,5,balanced_control,Balanced control,375,375,9,0.1,1167221350,200,expanded_welch,Expanded Welch,200,1.0,0.1,0.05,0.0
config_5x5_d0_p09,5x5_balanced_control,5,5,balanced_control,Balanced control,375,375,9,0.1,1167221350,200,constrained_lrt,Constrained LRT,200,1.0,0.105,0.05,0.005
config_5x5_d1_p00,5x5_moderate_sparse,5,5,moderate_sparse,Moderate sparsity,200,200,0,0.1,2411834051,200,normal_wald,Normal Wald,200,1.0,0.11,0.07,0.01
config_5x5_d1_p00,5x5_moderate_sparse,5,5,moderate_sparse,Moderate sparsity,200,200,0,0.1,2411834051,200,simple_welch,Simple Welch,200,1.0,0.11,0.07,0.01
config_5x5_d1_p00,5x5_moderate_sparse,5,5,moderate_sparse,Moderate sparsity,200,200,0,0.1,2411834051,200,expanded_welch,Expanded Welch,200,1.0,0.11,0.07,0.01
config_5x5_d1_p00,5x5_moderate_sparse,5,5,moderate_sparse,Moderate sparsity,200,200,0,0.1,2411834051,200,constrained_lrt,Constrained LRT,200,1.0,0.11,0.07,0.01
config_5x5_d1_p01,5x5_moderate_sparse,5,5,moderate_sparse,Moderate sparsity,200,200,1,0.1,1646146907,200,normal_wald,Normal Wald,200,1.0,0.09,0.05,0.005
config_5x5_d1_p01,5x5_moderate_sparse,5,5,moderate_sparse,Moderate sparsity,200,200,1,0.1,1646146907,200,simple_welch,Simple Welch,200,1.0,0.085,0.05,0.005
config_5x5_d1_p01,5x5_moderate_sparse,5,5,moderate_sparse,Moderate sparsity,200,200,1,0.1,1646146907,200,expanded_welch,Expanded Welch,200,1.0,0.085,0.05,0.0
config_5x5_d1_p01,5x5_moderate_sparse,5,5,moderate_sparse,Moderate sparsity,200,200,1,0.1,1646146907,200,constrained_lrt,Constrained LRT,200,1.0,0.085,0.055,0.0
config_5x5_d1_p02,5x5_moderate_sparse,5,5,moderate_sparse,Moderate sparsity,200,200,2,0.1,580191369,200,normal_wald,Normal Wald,200,1.0,0.085,0.03,0.005
config_5x5_d1_p02,5x5_moderate_sparse,5,5,moderate_sparse,Moderate sparsity,200,200,2,0.1,580191369,200,simple_welch,Simple Welch,200,1.0,0.085,0.025,0.005
config_5x5_d1_p02,5x5_moderate_sparse,5,5,moderate_sparse,Moderate sparsity,200,200,2,0.1,580191369,200,expanded_welch,Expanded Welch,200,1.0,0.085,0.02,0.005
config_5x5_d1_p02,5x5_moderate_sparse,5,5,moderate_sparse,Moderate sparsity,200,200,2,0.1,580191369,200,constrained_lrt,Constrained LRT,200,1.0,0.085,0.025,0.005
config_5x5_d1_p03,5x5_moderate_sparse,5,5,moderate_sparse,Moderate sparsity,200,200,3,0.1,2742270206,200,normal_wald,Normal Wald,200,1.0,0.13,0.075,0.01
config_5x5_d1_p03,5x5_moderate_sparse,5,5,moderate_sparse,Moderate sparsity,200,200,3,0.1,2742270206,200,simple_welch,Simple Welch,200,1.0,0.125,0.075,0.01
config_5x5_d1_p03,5x5_moderate_sparse,5,5,moderate_sparse,Moderate sparsity,200,200,3,0.1,2742270206,200,expanded_welch,Expanded Welch,200,1.0,0.12,0.075,0.01
config_5x5_d1_p03,5x5_moderate_sparse,5,5,moderate_sparse,Moderate sparsity,200,200,3,0.1,2742270206,200,constrained_lrt,Constrained LRT,200,1.0,0.135,0.075,0.01
config_5x5_d1_p04,5x5_moderate_sparse,5,5,moderate_sparse,Moderate sparsity,200,200,4,0.1,1368083900,200,normal_wald,Normal Wald,200,1.0,0.07,0.025,0.005
config_5x5_d1_p04,5x5_moderate_sparse,5,5,moderate_sparse,Moderate sparsity,200,200,4,0.1,1368083900,200,simple_welch,Simple Welch,200,1.0,0.07,0.025,0.005
config_5x5_d1_p04,5x5_moderate_sparse,5,5,moderate_sparse,Moderate sparsity,200,200,4,0.1,1368083900,200,expanded_welch,Expanded Welch,200,1.0,0.06,0.02,0.005
config_5x5_d1_p04,5x5_moderate_sparse,5,5,moderate_sparse,Moderate sparsity,200,200,4,0.1,1368083900,200,constrained_lrt,Constrained LRT,200,1.0,0.065,0.025,0.005
config_5x5_d1_p05,5x5_moderate_sparse,5,5,moderate_sparse,Moderate sparsity,200,200,5,0.1,186163868,200,normal_wald,Normal Wald,200,1.0,0.075,0.035,0.01
config_5x5_d1_p05,5x5_moderate_sparse,5,5,moderate_sparse,Moderate sparsity,200,200,5,0.1,186163868,200,simple_welch,Simple Welch,200,1.0,0.075,0.035,0.01
config_5x5_d1_p05,5x5_moderate_sparse,5,5,moderate_sparse,Moderate sparsity,200,200,5,0.1,186163868,200,expanded_welch,Expanded Welch,200,1.0,0.07,0.025,0.005
config_5x5_d1_p05,5x5_moderate_sparse,5,5,moderate_sparse,Moderate sparsity,200,200,5,0.1,186163868,200,constrained_lrt,Constrained LRT,200,1.0,0.07,0.025,0.01
config_5x5_d1_p06,5x5_moderate_sparse,5,5,moderate_sparse,Moderate sparsity,200,200,6,0.1,4167625544,200,normal_wald,Normal Wald,200,1.0,0.105,0.045,0.01
config_5x5_d1_p06,5x5_moderate_sparse,5,5,moderate_sparse,Moderate sparsity,200,200,6,0.1,4167625544,200,simple_welch,Simple Welch,200,1.0,0.105,0.045,0.01
config_5x5_d1_p06,5x5_moderate_sparse,5,5,moderate_sparse,Moderate sparsity,200,200,6,0.1,4167625544,200,expanded_welch,Expanded Welch,200,1.0,0.1,0.045,0.01
config_5x5_d1_p06,5x5_moderate_sparse,5,5,moderate_sparse,Moderate sparsity,200,200,6,0.1,4167625544,200,constrained_lrt,Constrained LRT,200,1.0,0.1,0.05,0.01
config_5x5_d1_p07,5x5_moderate_sparse,5,5,moderate_sparse,Moderate sparsity,200,200,7,0.1,3401443439,200,normal_wald,Normal Wald,200,1.0,0.095,0.04,0.005
config_5x5_d1_p07,5x5_moderate_sparse,5,5,moderate_sparse,Moderate sparsity,200,200,7,0.1,3401443439,200,simple_welch,Simple Welch,200,1.0,0.095,0.04,0.005
config_5x5_d1_p07,5x5_moderate_sparse,5,5,moderate_sparse,Moderate sparsity,200,200,7,0.1,3401443439,200,expanded_welch,Expanded Welch,200,1.0,0.095,0.04,0.005
config_5x5_d1_p07,5x5_moderate_sparse,5,5,moderate_sparse,Moderate sparsity,200,200,7,0.1,3401443439,200,constrained_lrt,Constrained LRT,200,1.0,0.095,0.04,0.005
config_5x5_d1_p08,5x5_moderate_sparse,5,5,moderate_sparse,Moderate sparsity,200,200,8,0.1,2020052833,200,normal_wald,Normal Wald,200,1.0,0.11,0.07,0.015
config_5x5_d1_p08,5x5_moderate_sparse,5,5,moderate_sparse,Moderate sparsity,200,200,8,0.1,2020052833,200,simple_welch,Simple Welch,200,1.0,0.11,0.07,0.015
config_5x5_d1_p08,5x5_moderate_sparse,5,5,moderate_sparse,Moderate sparsity,200,200,8,0.1,2020052833,200,expanded_welch,Expanded Welch,200,1.0,0.105,0.065,0.015
config_5x5_d1_p08,5x5_moderate_sparse,5,5,moderate_sparse,Moderate sparsity,200,200,8,0.1,2020052833,200,constrained_lrt,Constrained LRT,200,1.0,0.11,0.07,0.015
config_5x5_d1_p09,5x5_moderate_sparse,5,5,moderate_sparse,Moderate sparsity,200,200,9,0.1,3798690564,200,normal_wald,Normal Wald,200,1.0,0.125,0.045,0.015
config_5x5_d1_p09,5x5_moderate_sparse,5,5,moderate_sparse,Moderate sparsity,200,200,9,0.1,3798690564,200,simple_welch,Simple Welch,200,1.0,0.12,0.045,0.015
config_5x5_d1_p09,5x5_moderate_sparse,5,5,moderate_sparse,Moderate sparsity,200,200,9,0.1,3798690564,200,expanded_welch,Expanded Welch,200,1.0,0.11,0.04,0.01
config_5x5_d1_p09,5x5_moderate_sparse,5,5,moderate_sparse,Moderate sparsity,200,200,9,0.1,3798690564,200,constrained_lrt,Constrained LRT,200,1.0,0.115,0.05,0.015
config_5x5_d2_p00,5x5_ultra_sparse,5,5,ultra_sparse,Ultra-sparsity,75,75,0,0.1,1714150049,200,normal_wald,Normal Wald,200,1.0,0.11,0.055,0.04
config_5x5_d2_p00,5x5_ultra_sparse,5,5,ultra_sparse,Ultra-sparsity,75,75,0,0.1,1714150049,200,simple_welch,Simple Welch,200,1.0,0.105,0.055,0.035
config_5x5_d2_p00,5x5_ultra_sparse,5,5,ultra_sparse,Ultra-sparsity,75,75,0,0.1,1714150049,200,expanded_welch,Expanded Welch,200,1.0,0.095,0.055,0.03
config_5x5_d2_p00,5x5_ultra_sparse,5,5,ultra_sparse,Ultra-sparsity,75,75,0,0.1,1714150049,200,constrained_lrt,Constrained LRT,200,1.0,0.09,0.055,0.025
config_5x5_d2_p01,5x5_ultra_sparse,5,5,ultra_sparse,Ultra-sparsity,75,75,1,0.1,1433816043,200,normal_wald,Normal Wald,200,1.0,0.145,0.08,0.02
config_5x5_d2_p01,5x5_ultra_sparse,5,5,ultra_sparse,Ultra-sparsity,75,75,1,0.1,1433816043,200,simple_welch,Simple Welch,200,1.0,0.14,0.075,0.015
config_5x5_d2_p01,5x5_ultra_sparse,5,5,ultra_sparse,Ultra-sparsity,75,75,1,0.1,1433816043,200,expanded_welch,Expanded Welch,200,1.0,0.125,0.055,0.015
config_5x5_d2_p01,5x5_ultra_sparse,5,5,ultra_sparse,Ultra-sparsity,75,75,1,0.1,1433816043,200,constrained_lrt,Constrained LRT,200,1.0,0.13,0.06,0.01
config_5x5_d2_p02,5x5_ultra_sparse,5,5,ultra_sparse,Ultra-sparsity,75,75,2,0.1,1644620237,200,normal_wald,Normal Wald,200,1.0,0.125,0.065,0.025
config_5x5_d2_p02,5x5_ultra_sparse,5,5,ultra_sparse,Ultra-sparsity,75,75,2,0.1,1644620237,200,simple_welch,Simple Welch,200,1.0,0.125,0.065,0.02
config_5x5_d2_p02,5x5_ultra_sparse,5,5,ultra_sparse,Ultra-sparsity,75,75,2,0.1,1644620237,200,expanded_welch,Expanded Welch,200,1.0,0.11,0.055,0.02
config_5x5_d2_p02,5x5_ultra_sparse,5,5,ultra_sparse,Ultra-sparsity,75,75,2,0.1,1644620237,200,constrained_lrt,Constrained LRT,200,1.0,0.12,0.055,0.015
config_5x5_d2_p03,5x5_ultra_sparse,5,5,ultra_sparse,Ultra-sparsity,75,75,3,0.1,3677510468,200,normal_wald,Normal Wald,200,1.0,0.105,0.06,0.03
config_5x5_d2_p03,5x5_ultra_sparse,5,5,ultra_sparse,Ultra-sparsity,75,75,3,0.1,3677510468,200,simple_welch,Simple Welch,200,1.0,0.105,0.06,0.02
config_5x5_d2_p03,5x5_ultra_sparse,5,5,ultra_sparse,Ultra-sparsity,75,75,3,0.1,3677510468,200,expanded_welch,Expanded Welch,200,1.0,0.1,0.055,0.02
config_5x5_d2_p03,5x5_ultra_sparse,5,5,ultra_sparse,Ultra-sparsity,75,75,3,0.1,3677510468,200,constrained_lrt,Constrained LRT,199,0.995,0.09045226130653267,0.05025125628140704,0.010050251256281407
config_5x5_d2_p04,5x5_ultra_sparse,5,5,ultra_sparse,Ultra-sparsity,75,75,4,0.1,223836908,200,normal_wald,Normal Wald,200,1.0,0.105,0.055,0.02
config_5x5_d2_p04,5x5_ultra_sparse,5,5,ultra_sparse,Ultra-sparsity,75,75,4,0.1,223836908,200,simple_welch,Simple Welch,200,1.0,0.105,0.055,0.02
config_5x5_d2_p04,5x5_ultra_sparse,5,5,ultra_sparse,Ultra-sparsity,75,75,4,0.1,223836908,200,expanded_welch,Expanded Welch,200,1.0,0.1,0.04,0.02
config_5x5_d2_p04,5x5_ultra_sparse,5,5,ultra_sparse,Ultra-sparsity,75,75,4,0.1,223836908,200,constrained_lrt,Constrained LRT,200,1.0,0.095,0.05,0.015
config_5x5_d2_p05,5x5_ultra_sparse,5,5,ultra_sparse,Ultra-sparsity,75,75,5,0.1,1420719987,200,normal_wald,Normal Wald,200,1.0,0.11,0.07,0.01
config_5x5_d2_p05,5x5_ultra_sparse,5,5,ultra_sparse,Ultra-sparsity,75,75,5,0.1,1420719987,200,simple_welch,Simple Welch,200,1.0,0.11,0.065,0.005
config_5x5_d2_p05,5x5_ultra_sparse,5,5,ultra_sparse,Ultra-sparsity,75,75,5,0.1,1420719987,200,expanded_welch,Expanded Welch,200,1.0,0.1,0.06,0.005
config_5x5_d2_p05,5x5_ultra_sparse,5,5,ultra_sparse,Ultra-sparsity,75,75,5,0.1,1420719987,200,constrained_lrt,Constrained LRT,200,1.0,0.105,0.045,0.005
config_5x5_d2_p06,5x5_ultra_sparse,5,5,ultra_sparse,Ultra-sparsity,75,75,6,0.1,2494703454,200,normal_wald,Normal Wald,200,1.0,0.13,0.07,0.015
config_5x5_d2_p06,5x5_ultra_sparse,5,5,ultra_sparse,Ultra-sparsity,75,75,6,0.1,2494703454,200,simple_welch,Simple Welch,200,1.0,0.13,0.07,0.015
config_5x5_d2_p06,5x5_ultra_sparse,5,5,ultra_sparse,Ultra-sparsity,75,75,6,0.1,2494703454,200,expanded_welch,Expanded Welch,200,1.0,0.125,0.065,0.015
config_5x5_d2_p06,5x5_ultra_sparse,5,5,ultra_sparse,Ultra-sparsity,75,75,6,0.1,2494703454,200,constrained_lrt,Constrained LRT,200,1.0,0.125,0.06,0.015
config_5x5_d2_p07,5x5_ultra_sparse,5,5,ultra_sparse,Ultra-sparsity,75,75,7,0.1,64536919,200,normal_wald,Normal Wald,200,1.0,0.08,0.055,0.025
config_5x5_d2_p07,5x5_ultra_sparse,5,5,ultra_sparse,Ultra-sparsity,75,75,7,0.1,64536919,200,simple_welch,Simple Welch,200,1.0,0.08,0.055,0.02
config_5x5_d2_p07,5x5_ultra_sparse,5,5,ultra_sparse,Ultra-sparsity,75,75,7,0.1,64536919,200,expanded_welch,Expanded Welch,200,1.0,0.08,0.04,0.02
config_5x5_d2_p07,5x5_ultra_sparse,5,5,ultra_sparse,Ultra-sparsity,75,75,7,0.1,64536919,200,constrained_lrt,Constrained LRT,199,0.995,0.07035175879396985,0.04020100502512563,0.005025125628140704
config_5x5_d2_p08,5x5_ultra_sparse,5,5,ultra_sparse,Ultra-sparsity,75,75,8,0.1,2379751850,200,normal_wald,Normal Wald,200,1.0,0.14,0.08,0.025
config_5x5_d2_p08,5x5_ultra_sparse,5,5,ultra_sparse,Ultra-sparsity,75,75,8,0.1,2379751850,200,simple_welch,Simple Welch,200,1.0,0.14,0.08,0.025
config_5x5_d2_p08,5x5_ultra_sparse,5,5,ultra_sparse,Ultra-sparsity,75,75,8,0.1,2379751850,200,expanded_welch,Expanded Welch,200,1.0,0.12,0.075,0.02
config_5x5_d2_p08,5x5_ultra_sparse,5,5,ultra_sparse,Ultra-sparsity,75,75,8,0.1,2379751850,200,constrained_lrt,Constrained LRT,199,0.995,0.12060301507537688,0.05527638190954774,0.020100502512562814
config_5x5_d2_p09,5x5_ultra_sparse,5,5,ultra_sparse,Ultra-sparsity,75,75,9,0.1,3175441667,200,normal_wald,Normal Wald,200,1.0,0.095,0.05,0.01
config_5x5_d2_p09,5x5_ultra_sparse,5,5,ultra_sparse,Ultra-sparsity,75,75,9,0.1,3175441667,200,simple_welch,Simple Welch,200,1.0,0.095,0.05,0.005
config_5x5_d2_p09,5x5_ultra_sparse,5,5,ultra_sparse,Ultra-sparsity,75,75,9,0.1,3175441667,200,expanded_welch,Expanded Welch,200,1.0,0.09,0.035,0.005
config_5x5_d2_p09,5x5_ultra_sparse,5,5,ultra_sparse,Ultra-sparsity,75,75,9,0.1,3175441667,200,constrained_lrt,Constrained LRT,199,0.995,0.08542713567839195,0.035175879396984924,0.005025125628140704
config_5x5_d3_p00,5x5_ultra_imbalanced,5,5,ultra_imbalanced,Ultra-sparsity with imbalance,75,375,0,0.1,4119553953,200,normal_wald,Normal Wald,200,1.0,0.25,0.16,0.065
config_5x5_d3_p00,5x5_ultra_imbalanced,5,5,ultra_imbalanced,Ultra-sparsity with imbalance,75,375,0,0.1,4119553953,200,simple_welch,Simple Welch,200,1.0,0.245,0.145,0.06
config_5x5_d3_p00,5x5_ultra_imbalanced,5,5,ultra_imbalanced,Ultra-sparsity with imbalance,75,375,0,0.1,4119553953,200,expanded_welch,Expanded Welch,200,1.0,0.19,0.1,0.03
config_5x5_d3_p00,5x5_ultra_imbalanced,5,5,ultra_imbalanced,Ultra-sparsity with imbalance,75,375,0,0.1,4119553953,200,constrained_lrt,Constrained LRT,200,1.0,0.14,0.06,0.015
config_5x5_d3_p01,5x5_ultra_imbalanced,5,5,ultra_imbalanced,Ultra-sparsity with imbalance,75,375,1,0.1,2219711659,200,normal_wald,Normal Wald,200,1.0,0.14,0.085,0.05
config_5x5_d3_p01,5x5_ultra_imbalanced,5,5,ultra_imbalanced,Ultra-sparsity with imbalance,75,375,1,0.1,2219711659,200,simple_welch,Simple Welch,200,1.0,0.14,0.08,0.045
config_5x5_d3_p01,5x5_ultra_imbalanced,5,5,ultra_imbalanced,Ultra-sparsity with imbalance,75,375,1,0.1,2219711659,200,expanded_welch,Expanded Welch,200,1.0,0.13,0.06,0.025
config_5x5_d3_p01,5x5_ultra_imbalanced,5,5,ultra_imbalanced,Ultra-sparsity with imbalance,75,375,1,0.1,2219711659,200,constrained_lrt,Constrained LRT,200,1.0,0.17,0.085,0.015
config_5x5_d3_p02,5x5_ultra_imbalanced,5,5,ultra_imbalanced,Ultra-sparsity with imbalance,75,375,2,0.1,1750147877,200,normal_wald,Normal Wald,200,1.0,0.17,0.14,0.075
config_5x5_d3_p02,5x5_ultra_imbalanced,5,5,ultra_imbalanced,Ultra-sparsity with imbalance,75,375,2,0.1,1750147877,200,simple_welch,Simple Welch,200,1.0,0.17,0.135,0.07
config_5x5_d3_p02,5x5_ultra_imbalanced,5,5,ultra_imbalanced,Ultra-sparsity with imbalance,75,375,2,0.1,1750147877,200,expanded_welch,Expanded Welch,200,1.0,0.15,0.095,0.005
config_5x5_d3_p02,5x5_ultra_imbalanced,5,5,ultra_imbalanced,Ultra-sparsity with imbalance,75,375,2,0.1,1750147877,200,constrained_lrt,Constrained LRT,200,1.0,0.175,0.11,0.02
config_5x5_d3_p03,5x5_ultra_imbalanced,5,5,ultra_imbalanced,Ultra-sparsity with imbalance,75,375,3,0.1,2573033114,200,normal_wald,Normal Wald,200,1.0,0.225,0.165,0.085
config_5x5_d3_p03,5x5_ultra_imbalanced,5,5,ultra_imbalanced,Ultra-sparsity with imbalance,75,375,3,0.1,2573033114,200,simple_welch,Simple Welch,200,1.0,0.225,0.16,0.085
config_5x5_d3_p03,5x5_ultra_imbalanced,5,5,ultra_imbalanced,Ultra-sparsity with imbalance,75,375,3,0.1,2573033114,200,expanded_welch,Expanded Welch,200,1.0,0.19,0.115,0.04
config_5x5_d3_p03,5x5_ultra_imbalanced,5,5,ultra_imbalanced,Ultra-sparsity with imbalance,75,375,3,0.1,2573033114,200,constrained_lrt,Constrained LRT,200,1.0,0.225,0.105,0.02
config_5x5_d3_p04,5x5_ultra_imbalanced,5,5,ultra_imbalanced,Ultra-sparsity with imbalance,75,375,4,0.1,3365840453,200,normal_wald,Normal Wald,200,1.0,0.3,0.21,0.1
config_5x5_d3_p04,5x5_ultra_imbalanced,5,5,ultra_imbalanced,Ultra-sparsity with imbalance,75,375,4,0.1,3365840453,200,simple_welch,Simple Welch,200,1.0,0.3,0.21,0.09
config_5x5_d3_p04,5x5_ultra_imbalanced,5,5,ultra_imbalanced,Ultra-sparsity with imbalance,75,375,4,0.1,3365840453,200,expanded_welch,Expanded Welch,200,1.0,0.275,0.14,0.035
config_5x5_d3_p04,5x5_ultra_imbalanced,5,5,ultra_imbalanced,Ultra-sparsity with imbalance,75,375,4,0.1,3365840453,200,constrained_lrt,Constrained LRT,200,1.0,0.095,0.04,0.015
config_5x5_d3_p05,5x5_ultra_imbalanced,5,5,ultra_imbalanced,Ultra-sparsity with imbalance,75,375,5,0.1,1846097765,200,normal_wald,Normal Wald,200,1.0,0.25,0.21,0.1
config_5x5_d3_p05,5x5_ultra_imbalanced,5,5,ultra_imbalanced,Ultra-sparsity with imbalance,75,375,5,0.1,1846097765,200,simple_welch,Simple Welch,200,1.0,0.25,0.21,0.1
config_5x5_d3_p05,5x5_ultra_imbalanced,5,5,ultra_imbalanced,Ultra-sparsity with imbalance,75,375,5,0.1,1846097765,200,expanded_welch,Expanded Welch,200,1.0,0.22,0.19,0.06
config_5x5_d3_p05,5x5_ultra_imbalanced,5,5,ultra_imbalanced,Ultra-sparsity with imbalance,75,375,5,0.1,1846097765,200,constrained_lrt,Constrained LRT,200,1.0,0.135,0.065,0.01
config_5x5_d3_p06,5x5_ultra_imbalanced,5,5,ultra_imbalanced,Ultra-sparsity with imbalance,75,375,6,0.1,3109946988,200,normal_wald,Normal Wald,200,1.0,0.17,0.14,0.09
config_5x5_d3_p06,5x5_ultra_imbalanced,5,5,ultra_imbalanced,Ultra-sparsity with imbalance,75,375,6,0.1,3109946988,200,simple_welch,Simple Welch,200,1.0,0.165,0.14,0.085
config_5x5_d3_p06,5x5_ultra_imbalanced,5,5,ultra_imbalanced,Ultra-sparsity with imbalance,75,375,6,0.1,3109946988,200,expanded_welch,Expanded Welch,200,1.0,0.155,0.115,0.02
config_5x5_d3_p06,5x5_ultra_imbalanced,5,5,ultra_imbalanced,Ultra-sparsity with imbalance,75,375,6,0.1,3109946988,200,constrained_lrt,Constrained LRT,200,1.0,0.125,0.05,0.005
config_5x5_d3_p07,5x5_ultra_imbalanced,5,5,ultra_imbalanced,Ultra-sparsity with imbalance,75,375,7,0.1,2068722249,200,normal_wald,Normal Wald,200,1.0,0.19,0.15,0.08
config_5x5_d3_p07,5x5_ultra_imbalanced,5,5,ultra_imbalanced,Ultra-sparsity with imbalance,75,375,7,0.1,2068722249,200,simple_welch,Simple Welch,200,1.0,0.19,0.15,0.08
config_5x5_d3_p07,5x5_ultra_imbalanced,5,5,ultra_imbalanced,Ultra-sparsity with imbalance,75,375,7,0.1,2068722249,200,expanded_welch,Expanded Welch,199,0.995,0.1658291457286432,0.10050251256281408,0.03015075376884422
config_5x5_d3_p07,5x5_ultra_imbalanced,5,5,ultra_imbalanced,Ultra-sparsity with imbalance,75,375,7,0.1,2068722249,200,constrained_lrt,Constrained LRT,200,1.0,0.115,0.055,0.0
config_5x5_d3_p08,5x5_ultra_imbalanced,5,5,ultra_imbalanced,Ultra-sparsity with imbalance,75,375,8,0.1,21702597,200,normal_wald,Normal Wald,200,1.0,0.325,0.25,0.12
config_5x5_d3_p08,5x5_ultra_imbalanced,5,5,ultra_imbalanced,Ultra-sparsity with imbalance,75,375,8,0.1,21702597,200,simple_welch,Simple Welch,200,1.0,0.32,0.245,0.12
config_5x5_d3_p08,5x5_ultra_imbalanced,5,5,ultra_imbalanced,Ultra-sparsity with imbalance,75,375,8,0.1,21702597,200,expanded_welch,Expanded Welch,200,1.0,0.29,0.16,0.08
config_5x5_d3_p08,5x5_ultra_imbalanced,5,5,ultra_imbalanced,Ultra-sparsity with imbalance,75,375,8,0.1,21702597,200,constrained_lrt,Constrained LRT,200,1.0,0.215,0.105,0.02
config_5x5_d3_p09,5x5_ultra_imbalanced,5,5,ultra_imbalanced,Ultra-sparsity with imbalance,75,375,9,0.1,1343127677,200,normal_wald,Normal Wald,200,1.0,0.215,0.175,0.07
config_5x5_d3_p09,5x5_ultra_imbalanced,5,5,ultra_imbalanced,Ultra-sparsity with imbalance,75,375,9,0.1,1343127677,200,simple_welch,Simple Welch,200,1.0,0.21,0.17,0.065
config_5x5_d3_p09,5x5_ultra_imbalanced,5,5,ultra_imbalanced,Ultra-sparsity with imbalance,75,375,9,0.1,1343127677,200,expanded_welch,Expanded Welch,200,1.0,0.18,0.095,0.01
config_5x5_d3_p09,5x5_ultra_imbalanced,5,5,ultra_imbalanced,Ultra-sparsity with imbalance,75,375,9,0.1,1343127677,200,constrained_lrt,Constrained LRT,200,1.0,0.145,0.075,0.005
config_8x8_d0_p00,8x8_balanced_control,8,8,balanced_control,Balanced control,960,960,0,0.1,2042935543,200,normal_wald,Normal Wald,200,1.0,0.115,0.07,0.005
config_8x8_d0_p00,8x8_balanced_control,8,8,balanced_control,Balanced control,960,960,0,0.1,2042935543,200,simple_welch,Simple Welch,200,1.0,0.115,0.07,0.005
config_8x8_d0_p00,8x8_balanced_control,8,8,balanced_control,Balanced control,960,960,0,0.1,2042935543,200,expanded_welch,Expanded Welch,200,1.0,0.115,0.065,0.005
config_8x8_d0_p00,8x8_balanced_control,8,8,balanced_control,Balanced control,960,960,0,0.1,2042935543,200,constrained_lrt,Constrained LRT,200,1.0,0.115,0.07,0.01
config_8x8_d0_p01,8x8_balanced_control,8,8,balanced_control,Balanced control,960,960,1,0.1,2764314100,200,normal_wald,Normal Wald,200,1.0,0.13,0.055,0.015
config_8x8_d0_p01,8x8_balanced_control,8,8,balanced_control,Balanced control,960,960,1,0.1,2764314100,200,simple_welch,Simple Welch,200,1.0,0.13,0.055,0.01
config_8x8_d0_p01,8x8_balanced_control,8,8,balanced_control,Balanced control,960,960,1,0.1,2764314100,200,expanded_welch,Expanded Welch,200,1.0,0.13,0.055,0.01
config_8x8_d0_p01,8x8_balanced_control,8,8,balanced_control,Balanced control,960,960,1,0.1,2764314100,200,constrained_lrt,Constrained LRT,200,1.0,0.13,0.055,0.01
config_8x8_d0_p02,8x8_balanced_control,8,8,balanced_control,Balanced control,960,960,2,0.1,1751885221,200,normal_wald,Normal Wald,200,1.0,0.12,0.065,0.005
config_8x8_d0_p02,8x8_balanced_control,8,8,balanced_control,Balanced control,960,960,2,0.1,1751885221,200,simple_welch,Simple Welch,200,1.0,0.12,0.065,0.005
config_8x8_d0_p02,8x8_balanced_control,8,8,balanced_control,Balanced control,960,960,2,0.1,1751885221,200,expanded_welch,Expanded Welch,200,1.0,0.115,0.065,0.005
config_8x8_d0_p02,8x8_balanced_control,8,8,balanced_control,Balanced control,960,960,2,0.1,1751885221,200,constrained_lrt,Constrained LRT,200,1.0,0.12,0.065,0.005
config_8x8_d0_p03,8x8_balanced_control,8,8,balanced_control,Balanced control,960,960,3,0.1,3717085229,200,normal_wald,Normal Wald,200,1.0,0.11,0.07,0.01
config_8x8_d0_p03,8x8_balanced_control,8,8,balanced_control,Balanced control,960,960,3,0.1,3717085229,200,simple_welch,Simple Welch,200,1.0,0.11,0.07,0.01
config_8x8_d0_p03,8x8_balanced_control,8,8,balanced_control,Balanced control,960,960,3,0.1,3717085229,200,expanded_welch,Expanded Welch,200,1.0,0.11,0.065,0.01
config_8x8_d0_p03,8x8_balanced_control,8,8,balanced_control,Balanced control,960,960,3,0.1,3717085229,200,constrained_lrt,Constrained LRT,200,1.0,0.11,0.07,0.01
config_8x8_d0_p04,8x8_balanced_control,8,8,balanced_control,Balanced control,960,960,4,0.1,4120748214,200,normal_wald,Normal Wald,200,1.0,0.075,0.04,0.01
config_8x8_d0_p04,8x8_balanced_control,8,8,balanced_control,Balanced control,960,960,4,0.1,4120748214,200,simple_welch,Simple Welch,200,1.0,0.075,0.04,0.01
config_8x8_d0_p04,8x8_balanced_control,8,8,balanced_control,Balanced control,960,960,4,0.1,4120748214,200,expanded_welch,Expanded Welch,200,1.0,0.075,0.035,0.01
config_8x8_d0_p04,8x8_balanced_control,8,8,balanced_control,Balanced control,960,960,4,0.1,4120748214,200,constrained_lrt,Constrained LRT,200,1.0,0.075,0.045,0.01
config_8x8_d0_p05,8x8_balanced_control,8,8,balanced_control,Balanced control,960,960,5,0.1,4173217833,200,normal_wald,Normal Wald,200,1.0,0.085,0.04,0.005
config_8x8_d0_p05,8x8_balanced_control,8,8,balanced_control,Balanced control,960,960,5,0.1,4173217833,200,simple_welch,Simple Welch,200,1.0,0.085,0.04,0.005
config_8x8_d0_p05,8x8_balanced_control,8,8,balanced_control,Balanced control,960,960,5,0.1,4173217833,200,expanded_welch,Expanded Welch,200,1.0,0.085,0.04,0.005
config_8x8_d0_p05,8x8_balanced_control,8,8,balanced_control,Balanced control,960,960,5,0.1,4173217833,200,constrained_lrt,Constrained LRT,200,1.0,0.085,0.04,0.005
config_8x8_d0_p06,8x8_balanced_control,8,8,balanced_control,Balanced control,960,960,6,0.1,2625440974,200,normal_wald,Normal Wald,200,1.0,0.105,0.045,0.005
config_8x8_d0_p06,8x8_balanced_control,8,8,balanced_control,Balanced control,960,960,6,0.1,2625440974,200,simple_welch,Simple Welch,200,1.0,0.105,0.045,0.005
config_8x8_d0_p06,8x8_balanced_control,8,8,balanced_control,Balanced control,960,960,6,0.1,2625440974,200,expanded_welch,Expanded Welch,200,1.0,0.1,0.045,0.005
config_8x8_d0_p06,8x8_balanced_control,8,8,balanced_control,Balanced control,960,960,6,0.1,2625440974,200,constrained_lrt,Constrained LRT,200,1.0,0.105,0.045,0.005
config_8x8_d0_p07,8x8_balanced_control,8,8,balanced_control,Balanced control,960,960,7,0.1,2552268923,200,normal_wald,Normal Wald,200,1.0,0.14,0.07,0.015
config_8x8_d0_p07,8x8_balanced_control,8,8,balanced_control,Balanced control,960,960,7,0.1,2552268923,200,simple_welch,Simple Welch,200,1.0,0.135,0.07,0.015
config_8x8_d0_p07,8x8_balanced_control,8,8,balanced_control,Balanced control,960,960,7,0.1,2552268923,200,expanded_welch,Expanded Welch,200,1.0,0.135,0.07,0.015
config_8x8_d0_p07,8x8_balanced_control,8,8,balanced_control,Balanced control,960,960,7,0.1,2552268923,200,constrained_lrt,Constrained LRT,200,1.0,0.135,0.07,0.015
config_8x8_d0_p08,8x8_balanced_control,8,8,balanced_control,Balanced control,960,960,8,0.1,456922622,200,normal_wald,Normal Wald,200,1.0,0.055,0.02,0.0
config_8x8_d0_p08,8x8_balanced_control,8,8,balanced_control,Balanced control,960,960,8,0.1,456922622,200,simple_welch,Simple Welch,200,1.0,0.055,0.02,0.0
config_8x8_d0_p08,8x8_balanced_control,8,8,balanced_control,Balanced control,960,960,8,0.1,456922622,200,expanded_welch,Expanded Welch,200,1.0,0.05,0.02,0.0
config_8x8_d0_p08,8x8_balanced_control,8,8,balanced_control,Balanced control,960,960,8,0.1,456922622,200,constrained_lrt,Constrained LRT,200,1.0,0.055,0.02,0.0
config_8x8_d0_p09,8x8_balanced_control,8,8,balanced_control,Balanced control,960,960,9,0.1,3034524824,200,normal_wald,Normal Wald,200,1.0,0.095,0.07,0.015
config_8x8_d0_p09,8x8_balanced_control,8,8,balanced_control,Balanced control,960,960,9,0.1,3034524824,200,simple_welch,Simple Welch,200,1.0,0.095,0.07,0.01
config_8x8_d0_p09,8x8_balanced_control,8,8,balanced_control,Balanced control,960,960,9,0.1,3034524824,200,expanded_welch,Expanded Welch,200,1.0,0.095,0.07,0.01
config_8x8_d0_p09,8x8_balanced_control,8,8,balanced_control,Balanced control,960,960,9,0.1,3034524824,200,constrained_lrt,Constrained LRT,200,1.0,0.095,0.07,0.02
config_8x8_d1_p00,8x8_moderate_sparse,8,8,moderate_sparse,Moderate sparsity,512,512,0,0.1,1475656433,200,normal_wald,Normal Wald,200,1.0,0.055,0.025,0.0
config_8x8_d1_p00,8x8_moderate_sparse,8,8,moderate_sparse,Moderate sparsity,512,512,0,0.1,1475656433,200,simple_welch,Simple Welch,200,1.0,0.055,0.025,0.0
config_8x8_d1_p00,8x8_moderate_sparse,8,8,moderate_sparse,Moderate sparsity,512,512,0,0.1,1475656433,200,expanded_welch,Expanded Welch,200,1.0,0.05,0.025,0.0
config_8x8_d1_p00,8x8_moderate_sparse,8,8,moderate_sparse,Moderate sparsity,512,512,0,0.1,1475656433,200,constrained_lrt,Constrained LRT,200,1.0,0.055,0.03,0.0
config_8x8_d1_p01,8x8_moderate_sparse,8,8,moderate_sparse,Moderate sparsity,512,512,1,0.1,1692004434,200,normal_wald,Normal Wald,200,1.0,0.095,0.05,0.01
config_8x8_d1_p01,8x8_moderate_sparse,8,8,moderate_sparse,Moderate sparsity,512,512,1,0.1,1692004434,200,simple_welch,Simple Welch,200,1.0,0.095,0.05,0.01
config_8x8_d1_p01,8x8_moderate_sparse,8,8,moderate_sparse,Moderate sparsity,512,512,1,0.1,1692004434,200,expanded_welch,Expanded Welch,200,1.0,0.09,0.05,0.005
config_8x8_d1_p01,8x8_moderate_sparse,8,8,moderate_sparse,Moderate sparsity,512,512,1,0.1,1692004434,200,constrained_lrt,Constrained LRT,200,1.0,0.095,0.05,0.005
config_8x8_d1_p02,8x8_moderate_sparse,8,8,moderate_sparse,Moderate sparsity,512,512,2,0.1,1649198576,200,normal_wald,Normal Wald,200,1.0,0.095,0.05,0.01
config_8x8_d1_p02,8x8_moderate_sparse,8,8,moderate_sparse,Moderate sparsity,512,512,2,0.1,1649198576,200,simple_welch,Simple Welch,200,1.0,0.095,0.05,0.01
config_8x8_d1_p02,8x8_moderate_sparse,8,8,moderate_sparse,Moderate sparsity,512,512,2,0.1,1649198576,200,expanded_welch,Expanded Welch,200,1.0,0.095,0.045,0.01
config_8x8_d1_p02,8x8_moderate_sparse,8,8,moderate_sparse,Moderate sparsity,512,512,2,0.1,1649198576,200,constrained_lrt,Constrained LRT,200,1.0,0.095,0.05,0.01
config_8x8_d1_p03,8x8_moderate_sparse,8,8,moderate_sparse,Moderate sparsity,512,512,3,0.1,913370375,200,normal_wald,Normal Wald,200,1.0,0.07,0.025,0.0
config_8x8_d1_p03,8x8_moderate_sparse,8,8,moderate_sparse,Moderate sparsity,512,512,3,0.1,913370375,200,simple_welch,Simple Welch,200,1.0,0.07,0.025,0.0
config_8x8_d1_p03,8x8_moderate_sparse,8,8,moderate_sparse,Moderate sparsity,512,512,3,0.1,913370375,200,expanded_welch,Expanded Welch,200,1.0,0.07,0.025,0.0
config_8x8_d1_p03,8x8_moderate_sparse,8,8,moderate_sparse,Moderate sparsity,512,512,3,0.1,913370375,200,constrained_lrt,Constrained LRT,200,1.0,0.07,0.025,0.0
config_8x8_d1_p04,8x8_moderate_sparse,8,8,moderate_sparse,Moderate sparsity,512,512,4,0.1,2000937465,200,normal_wald,Normal Wald,200,1.0,0.07,0.02,0.005
config_8x8_d1_p04,8x8_moderate_sparse,8,8,moderate_sparse,Moderate sparsity,512,512,4,0.1,2000937465,200,simple_welch,Simple Welch,200,1.0,0.07,0.02,0.005
config_8x8_d1_p04,8x8_moderate_sparse,8,8,moderate_sparse,Moderate sparsity,512,512,4,0.1,2000937465,200,expanded_welch,Expanded Welch,200,1.0,0.07,0.02,0.005
config_8x8_d1_p04,8x8_moderate_sparse,8,8,moderate_sparse,Moderate sparsity,512,512,4,0.1,2000937465,200,constrained_lrt,Constrained LRT,200,1.0,0.07,0.02,0.005
config_8x8_d1_p05,8x8_moderate_sparse,8,8,moderate_sparse,Moderate sparsity,512,512,5,0.1,1146103228,200,normal_wald,Normal Wald,200,1.0,0.04,0.0,0.0
config_8x8_d1_p05,8x8_moderate_sparse,8,8,moderate_sparse,Moderate sparsity,512,512,5,0.1,1146103228,200,simple_welch,Simple Welch,200,1.0,0.04,0.0,0.0
config_8x8_d1_p05,8x8_moderate_sparse,8,8,moderate_sparse,Moderate sparsity,512,512,5,0.1,1146103228,200,expanded_welch,Expanded Welch,200,1.0,0.035,0.0,0.0
config_8x8_d1_p05,8x8_moderate_sparse,8,8,moderate_sparse,Moderate sparsity,512,512,5,0.1,1146103228,200,constrained_lrt,Constrained LRT,200,1.0,0.045,0.0,0.0
config_8x8_d1_p06,8x8_moderate_sparse,8,8,moderate_sparse,Moderate sparsity,512,512,6,0.1,1679432150,200,normal_wald,Normal Wald,200,1.0,0.075,0.045,0.015
config_8x8_d1_p06,8x8_moderate_sparse,8,8,moderate_sparse,Moderate sparsity,512,512,6,0.1,1679432150,200,simple_welch,Simple Welch,200,1.0,0.075,0.045,0.015
config_8x8_d1_p06,8x8_moderate_sparse,8,8,moderate_sparse,Moderate sparsity,512,512,6,0.1,1679432150,200,expanded_welch,Expanded Welch,200,1.0,0.07,0.045,0.015
config_8x8_d1_p06,8x8_moderate_sparse,8,8,moderate_sparse,Moderate sparsity,512,512,6,0.1,1679432150,200,constrained_lrt,Constrained LRT,200,1.0,0.075,0.045,0.015
config_8x8_d1_p07,8x8_moderate_sparse,8,8,moderate_sparse,Moderate sparsity,512,512,7,0.1,2649732041,200,normal_wald,Normal Wald,200,1.0,0.075,0.025,0.0
config_8x8_d1_p07,8x8_moderate_sparse,8,8,moderate_sparse,Moderate sparsity,512,512,7,0.1,2649732041,200,simple_welch,Simple Welch,200,1.0,0.075,0.025,0.0
config_8x8_d1_p07,8x8_moderate_sparse,8,8,moderate_sparse,Moderate sparsity,512,512,7,0.1,2649732041,200,expanded_welch,Expanded Welch,200,1.0,0.075,0.025,0.0
config_8x8_d1_p07,8x8_moderate_sparse,8,8,moderate_sparse,Moderate sparsity,512,512,7,0.1,2649732041,200,constrained_lrt,Constrained LRT,200,1.0,0.075,0.025,0.0
config_8x8_d1_p08,8x8_moderate_sparse,8,8,moderate_sparse,Moderate sparsity,512,512,8,0.1,577805345,200,normal_wald,Normal Wald,200,1.0,0.105,0.07,0.0
config_8x8_d1_p08,8x8_moderate_sparse,8,8,moderate_sparse,Moderate sparsity,512,512,8,0.1,577805345,200,simple_welch,Simple Welch,200,1.0,0.105,0.07,0.0
config_8x8_d1_p08,8x8_moderate_sparse,8,8,moderate_sparse,Moderate sparsity,512,512,8,0.1,577805345,200,expanded_welch,Expanded Welch,200,1.0,0.1,0.07,0.0
config_8x8_d1_p08,8x8_moderate_sparse,8,8,moderate_sparse,Moderate sparsity,512,512,8,0.1,577805345,200,constrained_lrt,Constrained LRT,200,1.0,0.1,0.07,0.0
config_8x8_d1_p09,8x8_moderate_sparse,8,8,moderate_sparse,Moderate sparsity,512,512,9,0.1,706009944,200,normal_wald,Normal Wald,200,1.0,0.105,0.075,0.02
config_8x8_d1_p09,8x8_moderate_sparse,8,8,moderate_sparse,Moderate sparsity,512,512,9,0.1,706009944,200,simple_welch,Simple Welch,200,1.0,0.105,0.075,0.02
config_8x8_d1_p09,8x8_moderate_sparse,8,8,moderate_sparse,Moderate sparsity,512,512,9,0.1,706009944,200,expanded_welch,Expanded Welch,200,1.0,0.105,0.07,0.02
config_8x8_d1_p09,8x8_moderate_sparse,8,8,moderate_sparse,Moderate sparsity,512,512,9,0.1,706009944,200,constrained_lrt,Constrained LRT,200,1.0,0.105,0.07,0.02
config_8x8_d2_p00,8x8_ultra_sparse,8,8,ultra_sparse,Ultra-sparsity,192,192,0,0.1,3351493835,200,normal_wald,Normal Wald,200,1.0,0.095,0.04,0.02
config_8x8_d2_p00,8x8_ultra_sparse,8,8,ultra_sparse,Ultra-sparsity,192,192,0,0.1,3351493835,200,simple_welch,Simple Welch,200,1.0,0.095,0.04,0.02
config_8x8_d2_p00,8x8_ultra_sparse,8,8,ultra_sparse,Ultra-sparsity,192,192,0,0.1,3351493835,200,expanded_welch,Expanded Welch,200,1.0,0.095,0.04,0.02
config_8x8_d2_p00,8x8_ultra_sparse,8,8,ultra_sparse,Ultra-sparsity,192,192,0,0.1,3351493835,200,constrained_lrt,Constrained LRT,200,1.0,0.1,0.04,0.02
config_8x8_d2_p01,8x8_ultra_sparse,8,8,ultra_sparse,Ultra-sparsity,192,192,1,0.1,4159841032,200,normal_wald,Normal Wald,200,1.0,0.12,0.06,0.005
config_8x8_d2_p01,8x8_ultra_sparse,8,8,ultra_sparse,Ultra-sparsity,192,192,1,0.1,4159841032,200,simple_welch,Simple Welch,200,1.0,0.12,0.06,0.005
config_8x8_d2_p01,8x8_ultra_sparse,8,8,ultra_sparse,Ultra-sparsity,192,192,1,0.1,4159841032,200,expanded_welch,Expanded Welch,200,1.0,0.115,0.06,0.0
config_8x8_d2_p01,8x8_ultra_sparse,8,8,ultra_sparse,Ultra-sparsity,192,192,1,0.1,4159841032,200,constrained_lrt,Constrained LRT,200,1.0,0.12,0.05,0.005
config_8x8_d2_p02,8x8_ultra_sparse,8,8,ultra_sparse,Ultra-sparsity,192,192,2,0.1,304631007,200,normal_wald,Normal Wald,200,1.0,0.06,0.025,0.01
config_8x8_d2_p02,8x8_ultra_sparse,8,8,ultra_sparse,Ultra-sparsity,192,192,2,0.1,304631007,200,simple_welch,Simple Welch,200,1.0,0.06,0.025,0.01
config_8x8_d2_p02,8x8_ultra_sparse,8,8,ultra_sparse,Ultra-sparsity,192,192,2,0.1,304631007,200,expanded_welch,Expanded Welch,200,1.0,0.055,0.02,0.0
config_8x8_d2_p02,8x8_ultra_sparse,8,8,ultra_sparse,Ultra-sparsity,192,192,2,0.1,304631007,200,constrained_lrt,Constrained LRT,200,1.0,0.06,0.02,0.005
config_8x8_d2_p03,8x8_ultra_sparse,8,8,ultra_sparse,Ultra-sparsity,192,192,3,0.1,1833319323,200,normal_wald,Normal Wald,200,1.0,0.075,0.035,0.015
config_8x8_d2_p03,8x8_ultra_sparse,8,8,ultra_sparse,Ultra-sparsity,192,192,3,0.1,1833319323,200,simple_welch,Simple Welch,200,1.0,0.075,0.035,0.015
config_8x8_d2_p03,8x8_ultra_sparse,8,8,ultra_sparse,Ultra-sparsity,192,192,3,0.1,1833319323,200,expanded_welch,Expanded Welch,200,1.0,0.07,0.03,0.005
config_8x8_d2_p03,8x8_ultra_sparse,8,8,ultra_sparse,Ultra-sparsity,192,192,3,0.1,1833319323,200,constrained_lrt,Constrained LRT,200,1.0,0.07,0.03,0.005
config_8x8_d2_p04,8x8_ultra_sparse,8,8,ultra_sparse,Ultra-sparsity,192,192,4,0.1,1381004232,200,normal_wald,Normal Wald,200,1.0,0.06,0.02,0.005
config_8x8_d2_p04,8x8_ultra_sparse,8,8,ultra_sparse,Ultra-sparsity,192,192,4,0.1,1381004232,200,simple_welch,Simple Welch,200,1.0,0.06,0.02,0.005
config_8x8_d2_p04,8x8_ultra_sparse,8,8,ultra_sparse,Ultra-sparsity,192,192,4,0.1,1381004232,200,expanded_welch,Expanded Welch,200,1.0,0.06,0.02,0.005
config_8x8_d2_p04,8x8_ultra_sparse,8,8,ultra_sparse,Ultra-sparsity,192,192,4,0.1,1381004232,200,constrained_lrt,Constrained LRT,199,0.995,0.05527638190954774,0.01507537688442211,0.0
config_8x8_d2_p05,8x8_ultra_sparse,8,8,ultra_sparse,Ultra-sparsity,192,192,5,0.1,2004991702,200,normal_wald,Normal Wald,200,1.0,0.08,0.04,0.01
config_8x8_d2_p05,8x8_ultra_sparse,8,8,ultra_sparse,Ultra-sparsity,192,192,5,0.1,2004991702,200,simple_welch,Simple Welch,200,1.0,0.08,0.04,0.01
config_8x8_d2_p05,8x8_ultra_sparse,8,8,ultra_sparse,Ultra-sparsity,192,192,5,0.1,2004991702,200,expanded_welch,Expanded Welch,200,1.0,0.08,0.04,0.01
config_8x8_d2_p05,8x8_ultra_sparse,8,8,ultra_sparse,Ultra-sparsity,192,192,5,0.1,2004991702,200,constrained_lrt,Constrained LRT,200,1.0,0.08,0.035,0.01
config_8x8_d2_p06,8x8_ultra_sparse,8,8,ultra_sparse,Ultra-sparsity,192,192,6,0.1,1901932130,200,normal_wald,Normal Wald,200,1.0,0.07,0.04,0.005
config_8x8_d2_p06,8x8_ultra_sparse,8,8,ultra_sparse,Ultra-sparsity,192,192,6,0.1,1901932130,200,simple_welch,Simple Welch,200,1.0,0.065,0.04,0.0
config_8x8_d2_p06,8x8_ultra_sparse,8,8,ultra_sparse,Ultra-sparsity,192,192,6,0.1,1901932130,200,expanded_welch,Expanded Welch,200,1.0,0.065,0.02,0.0
config_8x8_d2_p06,8x8_ultra_sparse,8,8,ultra_sparse,Ultra-sparsity,192,192,6,0.1,1901932130,200,constrained_lrt,Constrained LRT,200,1.0,0.065,0.025,0.0
config_8x8_d2_p07,8x8_ultra_sparse,8,8,ultra_sparse,Ultra-sparsity,192,192,7,0.1,1346333395,200,normal_wald,Normal Wald,200,1.0,0.085,0.035,0.005
config_8x8_d2_p07,8x8_ultra_sparse,8,8,ultra_sparse,Ultra-sparsity,192,192,7,0.1,1346333395,200,simple_welch,Simple Welch,200,1.0,0.085,0.035,0.005
config_8x8_d2_p07,8x8_ultra_sparse,8,8,ultra_sparse,Ultra-sparsity,192,192,7,0.1,1346333395,200,expanded_welch,Expanded Welch,200,1.0,0.075,0.035,0.005
config_8x8_d2_p07,8x8_ultra_sparse,8,8,ultra_sparse,Ultra-sparsity,192,192,7,0.1,1346333395,200,constrained_lrt,Constrained LRT,199,0.995,0.08040201005025126,0.03015075376884422,0.0
config_8x8_d2_p08,8x8_ultra_sparse,8,8,ultra_sparse,Ultra-sparsity,192,192,8,0.1,600706714,200,normal_wald,Normal Wald,200,1.0,0.075,0.03,0.0
config_8x8_d2_p08,8x8_ultra_sparse,8,8,ultra_sparse,Ultra-sparsity,192,192,8,0.1,600706714,200,simple_welch,Simple Welch,200,1.0,0.075,0.03,0.0
config_8x8_d2_p08,8x8_ultra_sparse,8,8,ultra_sparse,Ultra-sparsity,192,192,8,0.1,600706714,200,expanded_welch,Expanded Welch,200,1.0,0.07,0.03,0.0
config_8x8_d2_p08,8x8_ultra_sparse,8,8,ultra_sparse,Ultra-sparsity,192,192,8,0.1,600706714,200,constrained_lrt,Constrained LRT,200,1.0,0.07,0.03,0.0
config_8x8_d2_p09,8x8_ultra_sparse,8,8,ultra_sparse,Ultra-sparsity,192,192,9,0.1,324216028,200,normal_wald,Normal Wald,200,1.0,0.075,0.025,0.005
config_8x8_d2_p09,8x8_ultra_sparse,8,8,ultra_sparse,Ultra-sparsity,192,192,9,0.1,324216028,200,simple_welch,Simple Welch,200,1.0,0.075,0.02,0.005
config_8x8_d2_p09,8x8_ultra_sparse,8,8,ultra_sparse,Ultra-sparsity,192,192,9,0.1,324216028,200,expanded_welch,Expanded Welch,200,1.0,0.055,0.01,0.005
config_8x8_d2_p09,8x8_ultra_sparse,8,8,ultra_sparse,Ultra-sparsity,192,192,9,0.1,324216028,200,constrained_lrt,Constrained LRT,200,1.0,0.065,0.02,0.005
config_8x8_d3_p00,8x8_ultra_imbalanced,8,8,ultra_imbalanced,Ultra-sparsity with imbalance,192,960,0,0.1,2222689187,200,normal_wald,Normal Wald,200,1.0,0.365,0.23,0.1
config_8x8_d3_p00,8x8_ultra_imbalanced,8,8,ultra_imbalanced,Ultra-sparsity with imbalance,192,960,0,0.1,2222689187,200,simple_welch,Simple Welch,200,1.0,0.36,0.23,0.1
config_8x8_d3_p00,8x8_ultra_imbalanced,8,8,ultra_imbalanced,Ultra-sparsity with imbalance,192,960,0,0.1,2222689187,200,expanded_welch,Expanded Welch,200,1.0,0.355,0.21,0.06
config_8x8_d3_p00,8x8_ultra_imbalanced,8,8,ultra_imbalanced,Ultra-sparsity with imbalance,192,960,0,0.1,2222689187,200,constrained_lrt,Constrained LRT,198,0.99,0.17676767676767677,0.11616161616161616,0.03535353535353535
config_8x8_d3_p01,8x8_ultra_imbalanced,8,8,ultra_imbalanced,Ultra-sparsity with imbalance,192,960,1,0.1,2785555009,200,normal_wald,Normal Wald,200,1.0,0.4,0.285,0.13
config_8x8_d3_p01,8x8_ultra_imbalanced,8,8,ultra_imbalanced,Ultra-sparsity with imbalance,192,960,1,0.1,2785555009,200,simple_welch,Simple Welch,200,1.0,0.4,0.275,0.13
config_8x8_d3_p01,8x8_ultra_imbalanced,8,8,ultra_imbalanced,Ultra-sparsity with imbalance,192,960,1,0.1,2785555009,200,expanded_welch,Expanded Welch,200,1.0,0.395,0.24,0.09
config_8x8_d3_p01,8x8_ultra_imbalanced,8,8,ultra_imbalanced,Ultra-sparsity with imbalance,192,960,1,0.1,2785555009,200,constrained_lrt,Constrained LRT,199,0.995,0.19597989949748743,0.11055276381909548,0.04020100502512563
config_8x8_d3_p02,8x8_ultra_imbalanced,8,8,ultra_imbalanced,Ultra-sparsity with imbalance,192,960,2,0.1,4003766863,200,normal_wald,Normal Wald,200,1.0,0.33,0.205,0.105
config_8x8_d3_p02,8x8_ultra_imbalanced,8,8,ultra_imbalanced,Ultra-sparsity with imbalance,192,960,2,0.1,4003766863,200,simple_welch,Simple Welch,200,1.0,0.325,0.205,0.095
config_8x8_d3_p02,8x8_ultra_imbalanced,8,8,ultra_imbalanced,Ultra-sparsity with imbalance,192,960,2,0.1,4003766863,200,expanded_welch,Expanded Welch,200,1.0,0.315,0.19,0.08
config_8x8_d3_p02,8x8_ultra_imbalanced,8,8,ultra_imbalanced,Ultra-sparsity with imbalance,192,960,2,0.1,4003766863,200,constrained_lrt,Constrained LRT,198,0.99,0.1919191919191919,0.09595959595959595,0.015151515151515152
config_8x8_d3_p03,8x8_ultra_imbalanced,8,8,ultra_imbalanced,Ultra-sparsity with imbalance,192,960,3,0.1,2852647772,200,normal_wald,Normal Wald,200,1.0,0.315,0.25,0.12
config_8x8_d3_p03,8x8_ultra_imbalanced,8,8,ultra_imbalanced,Ultra-sparsity with imbalance,192,960,3,0.1,2852647772,200,simple_welch,Simple Welch,200,1.0,0.315,0.25,0.12
config_8x8_d3_p03,8x8_ultra_imbalanced,8,8,ultra_imbalanced,Ultra-sparsity with imbalance,192,960,3,0.1,2852647772,200,expanded_welch,Expanded Welch,200,1.0,0.305,0.235,0.09
config_8x8_d3_p03,8x8_ultra_imbalanced,8,8,ultra_imbalanced,Ultra-sparsity with imbalance,192,960,3,0.1,2852647772,200,constrained_lrt,Constrained LRT,199,0.995,0.19095477386934673,0.10552763819095477,0.035175879396984924
config_8x8_d3_p04,8x8_ultra_imbalanced,8,8,ultra_imbalanced,Ultra-sparsity with imbalance,192,960,4,0.1,1054007698,200,normal_wald,Normal Wald,200,1.0,0.31,0.225,0.135
config_8x8_d3_p04,8x8_ultra_imbalanced,8,8,ultra_imbalanced,Ultra-sparsity with imbalance,192,960,4,0.1,1054007698,200,simple_welch,Simple Welch,200,1.0,0.3,0.225,0.135
config_8x8_d3_p04,8x8_ultra_imbalanced,8,8,ultra_imbalanced,Ultra-sparsity with imbalance,192,960,4,0.1,1054007698,200,expanded_welch,Expanded Welch,200,1.0,0.29,0.21,0.1
config_8x8_d3_p04,8x8_ultra_imbalanced,8,8,ultra_imbalanced,Ultra-sparsity with imbalance,192,960,4,0.1,1054007698,200,constrained_lrt,Constrained LRT,199,0.995,0.19597989949748743,0.10552763819095477,0.035175879396984924
config_8x8_d3_p05,8x8_ultra_imbalanced,8,8,ultra_imbalanced,Ultra-sparsity with imbalance,192,960,5,0.1,293514344,200,normal_wald,Normal Wald,200,1.0,0.28,0.23,0.11
config_8x8_d3_p05,8x8_ultra_imbalanced,8,8,ultra_imbalanced,Ultra-sparsity with imbalance,192,960,5,0.1,293514344,200,simple_welch,Simple Welch,200,1.0,0.28,0.23,0.11
config_8x8_d3_p05,8x8_ultra_imbalanced,8,8,ultra_imbalanced,Ultra-sparsity with imbalance,192,960,5,0.1,293514344,200,expanded_welch,Expanded Welch,200,1.0,0.28,0.205,0.08
config_8x8_d3_p05,8x8_ultra_imbalanced,8,8,ultra_imbalanced,Ultra-sparsity with imbalance,192,960,5,0.1,293514344,200,constrained_lrt,Constrained LRT,195,0.975,0.22564102564102564,0.12307692307692308,0.020512820512820513
config_8x8_d3_p06,8x8_ultra_imbalanced,8,8,ultra_imbalanced,Ultra-sparsity with imbalance,192,960,6,0.1,3006212914,200,normal_wald,Normal Wald,200,1.0,0.325,0.23,0.115
config_8x8_d3_p06,8x8_ultra_imbalanced,8,8,ultra_imbalanced,Ultra-sparsity with imbalance,192,960,6,0.1,3006212914,200,simple_welch,Simple Welch,200,1.0,0.325,0.23,0.115
config_8x8_d3_p06,8x8_ultra_imbalanced,8,8,ultra_imbalanced,Ultra-sparsity with imbalance,192,960,6,0.1,3006212914,200,expanded_welch,Expanded Welch,200,1.0,0.305,0.2,0.08
config_8x8_d3_p06,8x8_ultra_imbalanced,8,8,ultra_imbalanced,Ultra-sparsity with imbalance,192,960,6,0.1,3006212914,200,constrained_lrt,Constrained LRT,200,1.0,0.165,0.11,0.04
config_8x8_d3_p07,8x8_ultra_imbalanced,8,8,ultra_imbalanced,Ultra-sparsity with imbalance,192,960,7,0.1,1960305218,200,normal_wald,Normal Wald,200,1.0,0.435,0.315,0.17
config_8x8_d3_p07,8x8_ultra_imbalanced,8,8,ultra_imbalanced,Ultra-sparsity with imbalance,192,960,7,0.1,1960305218,200,simple_welch,Simple Welch,200,1.0,0.435,0.3,0.145
config_8x8_d3_p07,8x8_ultra_imbalanced,8,8,ultra_imbalanced,Ultra-sparsity with imbalance,192,960,7,0.1,1960305218,200,expanded_welch,Expanded Welch,200,1.0,0.405,0.26,0.12
config_8x8_d3_p07,8x8_ultra_imbalanced,8,8,ultra_imbalanced,Ultra-sparsity with imbalance,192,960,7,0.1,1960305218,200,constrained_lrt,Constrained LRT,200,1.0,0.14,0.07,0.02
config_8x8_d3_p08,8x8_ultra_imbalanced,8,8,ultra_imbalanced,Ultra-sparsity with imbalance,192,960,8,0.1,1523315123,200,normal_wald,Normal Wald,200,1.0,0.255,0.19,0.105
config_8x8_d3_p08,8x8_ultra_imbalanced,8,8,ultra_imbalanced,Ultra-sparsity with imbalance,192,960,8,0.1,1523315123,200,simple_welch,Simple Welch,200,1.0,0.255,0.18,0.105
config_8x8_d3_p08,8x8_ultra_imbalanced,8,8,ultra_imbalanced,Ultra-sparsity with imbalance,192,960,8,0.1,1523315123,200,expanded_welch,Expanded Welch,200,1.0,0.25,0.17,0.075
config_8x8_d3_p08,8x8_ultra_imbalanced,8,8,ultra_imbalanced,Ultra-sparsity with imbalance,192,960,8,0.1,1523315123,200,constrained_lrt,Constrained LRT,199,0.995,0.21608040201005024,0.15577889447236182,0.05527638190954774
config_8x8_d3_p09,8x8_ultra_imbalanced,8,8,ultra_imbalanced,Ultra-sparsity with imbalance,192,960,9,0.1,3508136026,200,normal_wald,Normal Wald,200,1.0,0.35,0.245,0.105
config_8x8_d3_p09,8x8_ultra_imbalanced,8,8,ultra_imbalanced,Ultra-sparsity with imbalance,192,960,9,0.1,3508136026,200,simple_welch,Simple Welch,200,1.0,0.35,0.245,0.105
config_8x8_d3_p09,8x8_ultra_imbalanced,8,8,ultra_imbalanced,Ultra-sparsity with imbalance,192,960,9,0.1,3508136026,200,expanded_welch,Expanded Welch,200,1.0,0.33,0.225,0.07
config_8x8_d3_p09,8x8_ultra_imbalanced,8,8,ultra_imbalanced,Ultra-sparsity with imbalance,192,960,9,0.1,3508136026,200,constrained_lrt,Constrained LRT,198,0.99,0.18181818181818182,0.10606060606060606,0.045454545454545456
