q,model,n,median_ratio,mean_abs_log_error,median_abs_log_error,within_05pct,within_10pct,within_20pct,p05,p95
0.95,standard,29,0.9529501431307893,0.058115456260727165,0.053383192338744764,0.4827586206896552,0.8275862068965517,1.0,0.8759320693728744,0.9994410310859914
0.95,bartlett,29,1.0040046388425026,0.05155480191797762,0.016912661282136043,0.7241379310344828,0.8275862068965517,0.9655172413793104,0.969003999322711,1.1796113743496974
0.95,true_mm,29,1.0041425863905373,0.007073320539639918,0.005547272845583333,1.0,1.0,1.0,0.9880031674203081,1.0113753806422237
0.95,stage12,29,1.0034703363087154,0.01459788299057075,0.010809660222048073,0.9655172413793104,1.0,1.0,0.9784236812008942,1.0318305572564686
0.99,standard,29,0.9612294970733816,0.05116233193816628,0.042359522578052235,0.5172413793103449,0.896551724137931,1.0,0.9023442239453288,1.0241965304017986
0.99,bartlett,29,1.0258477214495232,0.06841691211512367,0.034288837683795786,0.7241379310344828,0.7586206896551724,0.896551724137931,0.964782135654618,1.2341418708532406
0.99,true_mm,29,1.0070065384317222,0.013881812468744203,0.01007584106754693,1.0,1.0,1.0,0.9797664539549906,1.0350852571466422
0.99,stage12,29,1.0060224224066578,0.022656604308226705,0.021115478359894715,0.896551724137931,1.0,1.0,0.9689184243658413,1.0516839814546768
