target,n,median_ratio,mean_abs_log_error,within_05pct,within_10pct,p05,p95
mu,29,1.0043213338635055,0.017692591584225675,0.896551724137931,1.0,0.9552374829210284,1.0367493662648761
sigma2,29,0.9916949929752491,0.03497688378346338,0.7586206896551724,0.9655172413793104,0.9284147348860169,1.0705966311682782
a,29,0.9946171312362994,0.041959284178193765,0.6896551724137931,0.9310344827586207,0.91725124068493,1.0728912308892822
nu,29,1.0013247915920842,0.056372676741131625,0.5172413793103449,0.8275862068965517,0.8897486509705802,1.1171110553977595
