shape,profile,family,constructor,n_p,n_q,relative_effect,achieved_mi_p,achieved_mi_q,absolute_mi_difference,wald_rejection,wald_valid,welch_rejection,welch_valid,welch_minus_wald
2x2,uniform,common,additive,10,10,0.0,0.1152480662844828,0.1152480662844828,0.0,0.1385,0.9967,0.0453,0.9676,-0.0932
2x2,uniform,common,additive,50,50,0.0,0.1152480662844828,0.1152480662844828,0.0,0.0506,1.0,0.0426,1.0,-0.008
2x2,uniform,common,additive,250,250,0.0,0.1152480662844828,0.1152480662844828,0.0,0.0529,1.0,0.0495,1.0,-0.0034000000000000002
2x2,uniform,common,additive,1000,1000,0.0,0.1152480662844828,0.1152480662844828,0.0,0.0489,1.0,0.0482,1.0,-0.0006999999999999992
2x2,uniform,common,additive,50,500,0.0,0.1152480662844828,0.1152480662844828,0.0,0.0891,1.0,0.0284,0.9999,-0.0607
2x2,uniform,common,additive,500,50,0.0,0.1152480662844828,0.1152480662844828,0.0,0.0921,1.0,0.0304,1.0,-0.061700000000000005
2x2,uniform,common,additive,10,10,0.1,0.1152480662844828,0.1728720994267221,0.0576240331422414,0.1629,0.9976,0.0456,0.957,-0.11729999999999999
2x2,uniform,common,additive,50,50,0.1,0.1152480662844828,0.1728720994267221,0.0576240331422414,0.0956,1.0,0.0831,1.0,-0.012500000000000011
2x2,uniform,common,additive,250,250,0.1,0.1152480662844828,0.1728720994267221,0.0576240331422414,0.2629,1.0,0.2566,1.0,-0.006300000000000028
2x2,uniform,common,additive,1000,1000,0.1,0.1152480662844828,0.1728720994267221,0.0576240331422414,0.7439,1.0,0.7427,1.0,-0.0011999999999999789
2x2,uniform,common,additive,50,500,0.1,0.1152480662844828,0.1728720994267221,0.0576240331422414,0.2274,1.0,0.1413,1.0,-0.08609999999999998
2x2,uniform,common,additive,500,50,0.1,0.1152480662844828,0.1728720994267221,0.0576240331422414,0.0895,1.0,0.0772,1.0,-0.012299999999999991
2x2,uniform,common,additive,10,10,0.3,0.1152480662844828,0.2881201657112069,0.1728720994267242,0.2505,0.9975,0.0617,0.9278,-0.1888
2x2,uniform,common,additive,50,50,0.3,0.1152480662844828,0.2881201657112069,0.1728720994267242,0.3739,1.0,0.3595,1.0,-0.014400000000000024
2x2,uniform,common,additive,250,250,0.3,0.1152480662844828,0.2881201657112069,0.1728720994267242,0.9365,1.0,0.9355,1.0,-0.0010000000000000009
2x2,uniform,common,additive,1000,1000,0.3,0.1152480662844828,0.2881201657112069,0.1728720994267242,1.0,1.0,1.0,1.0,0.0
2x2,uniform,common,additive,50,500,0.3,0.1152480662844828,0.2881201657112069,0.1728720994267242,0.6578,1.0,0.6171,1.0,-0.04070000000000007
2x2,uniform,common,additive,500,50,0.3,0.1152480662844828,0.2881201657112069,0.1728720994267242,0.4558,1.0,0.4473,1.0,-0.008500000000000008
2x2,uniform,common,additive,10,10,0.6,0.1152480662844828,0.4609922651379191,0.3457441988534484,0.4524,0.9958,0.0685,0.8567,-0.3839
2x2,uniform,common,additive,50,50,0.6,0.1152480662844828,0.4609922651379191,0.3457441988534484,0.8502,1.0,0.8389,0.9945,-0.011299999999999977
2x2,uniform,common,additive,250,250,0.6,0.1152480662844828,0.4609922651379191,0.3457441988534484,1.0,1.0,1.0,1.0,0.0
2x2,uniform,common,additive,1000,1000,0.6,0.1152480662844828,0.4609922651379191,0.3457441988534484,1.0,1.0,1.0,1.0,0.0
2x2,uniform,common,additive,50,500,0.6,0.1152480662844828,0.4609922651379191,0.3457441988534484,0.9766,1.0,0.9754,1.0,-0.0011999999999999789
2x2,uniform,common,additive,500,50,0.6,0.1152480662844828,0.4609922651379191,0.3457441988534484,0.9609,1.0,0.9557,0.9965,-0.005199999999999982
2x2,uniform,common,loglinear,10,10,0.0,0.1152480662844828,0.1152480662844828,0.0,0.1385,0.9967,0.0453,0.9676,-0.0932
2x2,uniform,common,loglinear,50,50,0.0,0.1152480662844828,0.1152480662844828,0.0,0.0506,1.0,0.0426,1.0,-0.008
2x2,uniform,common,loglinear,250,250,0.0,0.1152480662844828,0.1152480662844828,0.0,0.0529,1.0,0.0495,1.0,-0.0034000000000000002
2x2,uniform,common,loglinear,1000,1000,0.0,0.1152480662844828,0.1152480662844828,0.0,0.0489,1.0,0.0482,1.0,-0.0006999999999999992
2x2,uniform,common,loglinear,50,500,0.0,0.1152480662844828,0.1152480662844828,0.0,0.0891,1.0,0.0284,0.9999,-0.0607
2x2,uniform,common,loglinear,500,50,0.0,0.1152480662844828,0.1152480662844828,0.0,0.0921,1.0,0.0304,1.0,-0.061700000000000005
2x2,uniform,common,loglinear,10,10,0.1,0.1152480662844828,0.1728720994267243,0.0576240331422414,0.1629,0.9976,0.0456,0.957,-0.11729999999999999
2x2,uniform,common,loglinear,50,50,0.1,0.1152480662844828,0.1728720994267243,0.0576240331422414,0.0956,1.0,0.0831,1.0,-0.012500000000000011
2x2,uniform,common,loglinear,250,250,0.1,0.1152480662844828,0.1728720994267243,0.0576240331422414,0.2629,1.0,0.2566,1.0,-0.006300000000000028
2x2,uniform,common,loglinear,1000,1000,0.1,0.1152480662844828,0.1728720994267243,0.0576240331422414,0.7439,1.0,0.7427,1.0,-0.0011999999999999789
2x2,uniform,common,loglinear,50,500,0.1,0.1152480662844828,0.1728720994267243,0.0576240331422414,0.2274,1.0,0.1413,1.0,-0.08609999999999998
2x2,uniform,common,loglinear,500,50,0.1,0.1152480662844828,0.1728720994267243,0.0576240331422414,0.0895,1.0,0.0772,1.0,-0.012299999999999991
2x2,uniform,common,loglinear,10,10,0.3,0.1152480662844828,0.2881201657112071,0.1728720994267242,0.2505,0.9975,0.0617,0.9278,-0.1888
2x2,uniform,common,loglinear,50,50,0.3,0.1152480662844828,0.2881201657112071,0.1728720994267242,0.3739,1.0,0.3595,1.0,-0.014400000000000024
2x2,uniform,common,loglinear,250,250,0.3,0.1152480662844828,0.2881201657112071,0.1728720994267242,0.9365,1.0,0.9355,1.0,-0.0010000000000000009
2x2,uniform,common,loglinear,1000,1000,0.3,0.1152480662844828,0.2881201657112071,0.1728720994267242,1.0,1.0,1.0,1.0,0.0
2x2,uniform,common,loglinear,50,500,0.3,0.1152480662844828,0.2881201657112071,0.1728720994267242,0.6578,1.0,0.6171,1.0,-0.04070000000000007
2x2,uniform,common,loglinear,500,50,0.3,0.1152480662844828,0.2881201657112071,0.1728720994267242,0.4558,1.0,0.4473,1.0,-0.008500000000000008
2x2,uniform,common,loglinear,10,10,0.6,0.1152480662844828,0.4609922651379313,0.3457441988534484,0.4524,0.9958,0.0685,0.8567,-0.3839
2x2,uniform,common,loglinear,50,50,0.6,0.1152480662844828,0.4609922651379313,0.3457441988534484,0.8502,1.0,0.8389,0.9945,-0.011299999999999977
2x2,uniform,common,loglinear,250,250,0.6,0.1152480662844828,0.4609922651379313,0.3457441988534484,1.0,1.0,1.0,1.0,0.0
2x2,uniform,common,loglinear,1000,1000,0.6,0.1152480662844828,0.4609922651379313,0.3457441988534484,1.0,1.0,1.0,1.0,0.0
2x2,uniform,common,loglinear,50,500,0.6,0.1152480662844828,0.4609922651379313,0.3457441988534484,0.9766,1.0,0.9754,1.0,-0.0011999999999999789
2x2,uniform,common,loglinear,500,50,0.6,0.1152480662844828,0.4609922651379313,0.3457441988534484,0.9609,1.0,0.9557,0.9965,-0.005199999999999982
2x2,different_skew,common,additive,10,10,0.0,0.0844024733014947,0.0844024733014949,0.0,0.1089,0.9858,0.0225,0.7665,-0.0864
2x2,different_skew,common,additive,50,50,0.0,0.0844024733014947,0.0844024733014949,0.0,0.0432,1.0,0.0314,1.0,-0.011800000000000005
2x2,different_skew,common,additive,250,250,0.0,0.0844024733014947,0.0844024733014949,0.0,0.0471,1.0,0.0423,1.0,-0.004800000000000006
2x2,different_skew,common,additive,1000,1000,0.0,0.0844024733014947,0.0844024733014949,0.0,0.0524,1.0,0.0506,1.0,-0.001800000000000003
2x2,different_skew,common,additive,50,500,0.0,0.0844024733014947,0.0844024733014949,0.0,0.1082,1.0,0.0264,1.0,-0.08180000000000001
2x2,different_skew,common,additive,500,50,0.0,0.0844024733014947,0.0844024733014949,0.0,0.1111,1.0,0.0285,1.0,-0.0826
2x2,different_skew,common,additive,10,10,0.1,0.0844024733014947,0.1266037099522338,0.0422012366507475,0.128,0.9875,0.0235,0.7769,-0.10450000000000001
2x2,different_skew,common,additive,50,50,0.1,0.0844024733014947,0.1266037099522338,0.0422012366507475,0.0705,1.0,0.0568,1.0,-0.01369999999999999
2x2,different_skew,common,additive,250,250,0.1,0.0844024733014947,0.1266037099522338,0.0422012366507475,0.1761,1.0,0.1678,1.0,-0.008300000000000002
2x2,different_skew,common,additive,1000,1000,0.1,0.0844024733014947,0.1266037099522338,0.0422012366507475,0.5355,1.0,0.5322,1.0,-0.0032999999999999696
2x2,different_skew,common,additive,50,500,0.1,0.0844024733014947,0.1266037099522338,0.0422012366507475,0.2177,1.0,0.0751,1.0,-0.1426
2x2,different_skew,common,additive,500,50,0.1,0.0844024733014947,0.1266037099522338,0.0422012366507475,0.0886,1.0,0.0566,1.0,-0.032
2x2,different_skew,common,additive,10,10,0.3,0.0844024733014947,0.2110061832537376,0.1266037099522426,0.1792,0.987,0.029,0.7855,-0.1502
2x2,different_skew,common,additive,50,50,0.3,0.0844024733014947,0.2110061832537376,0.1266037099522426,0.246,1.0,0.2266,0.9999,-0.0194
2x2,different_skew,common,additive,250,250,0.3,0.0844024733014947,0.2110061832537376,0.1266037099522426,0.7748,1.0,0.768,1.0,-0.006800000000000028
2x2,different_skew,common,additive,1000,1000,0.3,0.0844024733014947,0.2110061832537376,0.1266037099522426,0.9996,1.0,0.9996,1.0,0.0
2x2,different_skew,common,additive,50,500,0.3,0.0844024733014947,0.2110061832537376,0.1266037099522426,0.5469,1.0,0.4475,1.0,-0.09940000000000004
2x2,different_skew,common,additive,500,50,0.3,0.0844024733014947,0.2110061832537376,0.1266037099522426,0.2799,1.0,0.2673,1.0,-0.0126
2x2,different_skew,common,additive,10,10,0.6,0.0844024733014947,0.3376098932059788,0.2532074199044852,0.2869,0.9887,0.041,0.8036,-0.24589999999999998
2x2,different_skew,common,additive,50,50,0.6,0.0844024733014947,0.3376098932059788,0.2532074199044852,0.6368,1.0,0.6231,0.9999,-0.013700000000000045
2x2,different_skew,common,additive,250,250,0.6,0.0844024733014947,0.3376098932059788,0.2532074199044852,0.9978,1.0,0.9977,1.0,-9.999999999998899e-05
2x2,different_skew,common,additive,1000,1000,0.6,0.0844024733014947,0.3376098932059788,0.2532074199044852,1.0,1.0,1.0,1.0,0.0
2x2,different_skew,common,additive,50,500,0.6,0.0844024733014947,0.3376098932059788,0.2532074199044852,0.9075,1.0,0.8915,1.0,-0.016000000000000014
2x2,different_skew,common,additive,500,50,0.6,0.0844024733014947,0.3376098932059788,0.2532074199044852,0.7495,1.0,0.7415,1.0,-0.008000000000000007
2x2,different_skew,common,loglinear,10,10,0.0,0.0844024733014954,0.0844024733014949,0.0,0.1089,0.9858,0.0225,0.7665,-0.0864
2x2,different_skew,common,loglinear,50,50,0.0,0.0844024733014954,0.0844024733014949,0.0,0.0432,1.0,0.0314,1.0,-0.011800000000000005
2x2,different_skew,common,loglinear,250,250,0.0,0.0844024733014954,0.0844024733014949,0.0,0.0471,1.0,0.0423,1.0,-0.004800000000000006
2x2,different_skew,common,loglinear,1000,1000,0.0,0.0844024733014954,0.0844024733014949,0.0,0.0524,1.0,0.0506,1.0,-0.001800000000000003
2x2,different_skew,common,loglinear,50,500,0.0,0.0844024733014954,0.0844024733014949,0.0,0.1082,1.0,0.0264,1.0,-0.08180000000000001
2x2,different_skew,common,loglinear,500,50,0.0,0.0844024733014954,0.0844024733014949,0.0,0.1111,1.0,0.0285,1.0,-0.0826
2x2,different_skew,common,loglinear,10,10,0.1,0.0844024733014954,0.126603709952243,0.0422012366507475,0.128,0.9875,0.0235,0.7769,-0.10450000000000001
2x2,different_skew,common,loglinear,50,50,0.1,0.0844024733014954,0.126603709952243,0.0422012366507475,0.0705,1.0,0.0568,1.0,-0.01369999999999999
2x2,different_skew,common,loglinear,250,250,0.1,0.0844024733014954,0.126603709952243,0.0422012366507475,0.1761,1.0,0.1678,1.0,-0.008300000000000002
2x2,different_skew,common,loglinear,1000,1000,0.1,0.0844024733014954,0.126603709952243,0.0422012366507475,0.5355,1.0,0.5322,1.0,-0.0032999999999999696
2x2,different_skew,common,loglinear,50,500,0.1,0.0844024733014954,0.126603709952243,0.0422012366507475,0.2177,1.0,0.0751,1.0,-0.1426
2x2,different_skew,common,loglinear,500,50,0.1,0.0844024733014954,0.126603709952243,0.0422012366507475,0.0886,1.0,0.0566,1.0,-0.032
2x2,different_skew,common,loglinear,10,10,0.3,0.0844024733014954,0.2110061832537372,0.1266037099522426,0.1792,0.987,0.029,0.7855,-0.1502
2x2,different_skew,common,loglinear,50,50,0.3,0.0844024733014954,0.2110061832537372,0.1266037099522426,0.246,1.0,0.2266,0.9999,-0.0194
2x2,different_skew,common,loglinear,250,250,0.3,0.0844024733014954,0.2110061832537372,0.1266037099522426,0.7748,1.0,0.768,1.0,-0.006800000000000028
2x2,different_skew,common,loglinear,1000,1000,0.3,0.0844024733014954,0.2110061832537372,0.1266037099522426,0.9996,1.0,0.9996,1.0,0.0
2x2,different_skew,common,loglinear,50,500,0.3,0.0844024733014954,0.2110061832537372,0.1266037099522426,0.5469,1.0,0.4475,1.0,-0.09940000000000004
2x2,different_skew,common,loglinear,500,50,0.3,0.0844024733014954,0.2110061832537372,0.1266037099522426,0.2799,1.0,0.2673,1.0,-0.0126
2x2,different_skew,common,loglinear,10,10,0.6,0.0844024733014954,0.3376098932059934,0.2532074199044852,0.2869,0.9887,0.041,0.8036,-0.24589999999999998
2x2,different_skew,common,loglinear,50,50,0.6,0.0844024733014954,0.3376098932059934,0.2532074199044852,0.6368,1.0,0.6231,0.9999,-0.013700000000000045
2x2,different_skew,common,loglinear,250,250,0.6,0.0844024733014954,0.3376098932059934,0.2532074199044852,0.9978,1.0,0.9977,1.0,-9.999999999998899e-05
2x2,different_skew,common,loglinear,1000,1000,0.6,0.0844024733014954,0.3376098932059934,0.2532074199044852,1.0,1.0,1.0,1.0,0.0
2x2,different_skew,common,loglinear,50,500,0.6,0.0844024733014954,0.3376098932059934,0.2532074199044852,0.9075,1.0,0.8915,1.0,-0.016000000000000014
2x2,different_skew,common,loglinear,500,50,0.6,0.0844024733014954,0.3376098932059934,0.2532074199044852,0.7495,1.0,0.7415,1.0,-0.008000000000000007
3x3,uniform,common,additive,10,10,0.0,0.0512213627931035,0.0512213627931035,0.0,0.1241,1.0,0.035,0.9971,-0.0891
3x3,uniform,common,additive,50,50,0.0,0.0512213627931035,0.0512213627931035,0.0,0.0476,1.0,0.0357,1.0,-0.0119
3x3,uniform,common,additive,250,250,0.0,0.0512213627931035,0.0512213627931035,0.0,0.0445,1.0,0.0386,1.0,-0.0058999999999999955
3x3,uniform,common,additive,1000,1000,0.0,0.0512213627931035,0.0512213627931035,0.0,0.0504,1.0,0.048,1.0,-0.0023999999999999994
3x3,uniform,common,additive,50,500,0.0,0.0512213627931035,0.0512213627931035,0.0,0.081,1.0,0.021,1.0,-0.06
3x3,uniform,common,additive,500,50,0.0,0.0512213627931035,0.0512213627931035,0.0,0.0923,1.0,0.0248,1.0,-0.06749999999999999
3x3,uniform,common,additive,10,10,0.1,0.0512213627931035,0.0768320441896546,0.0256106813965517,0.1257,1.0,0.0371,0.9961,-0.08860000000000001
3x3,uniform,common,additive,50,50,0.1,0.0512213627931035,0.0768320441896546,0.0256106813965517,0.0765,1.0,0.06,1.0,-0.0165
3x3,uniform,common,additive,250,250,0.1,0.0512213627931035,0.0768320441896546,0.0256106813965517,0.1208,1.0,0.111,1.0,-0.009800000000000003
3x3,uniform,common,additive,1000,1000,0.1,0.0512213627931035,0.0768320441896546,0.0256106813965517,0.3904,1.0,0.3855,1.0,-0.0049000000000000155
3x3,uniform,common,additive,50,500,0.1,0.0512213627931035,0.0768320441896546,0.0256106813965517,0.1417,1.0,0.0194,1.0,-0.12229999999999999
3x3,uniform,common,additive,500,50,0.1,0.0512213627931035,0.0768320441896546,0.0256106813965517,0.0896,1.0,0.0553,1.0,-0.0343
3x3,uniform,common,additive,10,10,0.3,0.0512213627931035,0.1280534069827585,0.0768320441896551,0.1403,1.0,0.0412,0.9959,-0.09910000000000001
3x3,uniform,common,additive,50,50,0.3,0.0512213627931035,0.1280534069827585,0.0768320441896551,0.1866,1.0,0.1593,1.0,-0.02729999999999999
3x3,uniform,common,additive,250,250,0.3,0.0512213627931035,0.1280534069827585,0.0768320441896551,0.5928,1.0,0.5816,1.0,-0.011199999999999988
3x3,uniform,common,additive,1000,1000,0.3,0.0512213627931035,0.1280534069827585,0.0768320441896551,0.9949,1.0,0.9949,1.0,0.0
3x3,uniform,common,additive,50,500,0.3,0.0512213627931035,0.1280534069827585,0.0768320441896551,0.3484,1.0,0.1873,1.0,-0.1611
3x3,uniform,common,additive,500,50,0.3,0.0512213627931035,0.1280534069827585,0.0768320441896551,0.2267,1.0,0.1963,1.0,-0.03040000000000001
3x3,uniform,common,additive,10,10,0.6,0.0512213627931035,0.2048854511724085,0.1536640883793103,0.1633,1.0,0.0513,0.9928,-0.112
3x3,uniform,common,additive,50,50,0.6,0.0512213627931035,0.2048854511724085,0.1536640883793103,0.4739,1.0,0.4345,1.0,-0.03939999999999999
3x3,uniform,common,additive,250,250,0.6,0.0512213627931035,0.2048854511724085,0.1536640883793103,0.982,1.0,0.981,1.0,-0.0010000000000000009
3x3,uniform,common,additive,1000,1000,0.6,0.0512213627931035,0.2048854511724085,0.1536640883793103,1.0,1.0,1.0,1.0,0.0
3x3,uniform,common,additive,50,500,0.6,0.0512213627931035,0.2048854511724085,0.1536640883793103,0.7105,1.0,0.6406,1.0,-0.06990000000000007
3x3,uniform,common,additive,500,50,0.6,0.0512213627931035,0.2048854511724085,0.1536640883793103,0.632,1.0,0.5993,1.0,-0.03269999999999995
3x3,uniform,common,loglinear,10,10,0.0,0.0512213627931033,0.0512213627931033,0.0,0.1098,1.0,0.0335,0.9976,-0.07629999999999999
3x3,uniform,common,loglinear,50,50,0.0,0.0512213627931033,0.0512213627931033,0.0,0.0537,1.0,0.0379,1.0,-0.015799999999999995
3x3,uniform,common,loglinear,250,250,0.0,0.0512213627931033,0.0512213627931033,0.0,0.0434,1.0,0.037,1.0,-0.006400000000000003
3x3,uniform,common,loglinear,1000,1000,0.0,0.0512213627931033,0.0512213627931033,0.0,0.0488,1.0,0.0472,1.0,-0.0016000000000000042
3x3,uniform,common,loglinear,50,500,0.0,0.0512213627931033,0.0512213627931033,0.0,0.0876,1.0,0.0216,1.0,-0.066
3x3,uniform,common,loglinear,500,50,0.0,0.0512213627931033,0.0512213627931033,0.0,0.0888,1.0,0.0226,1.0,-0.06620000000000001
3x3,uniform,common,loglinear,10,10,0.1,0.0512213627931033,0.076832044189681,0.0256106813965517,0.1233,0.9999,0.0357,0.9968,-0.08760000000000001
3x3,uniform,common,loglinear,50,50,0.1,0.0512213627931033,0.076832044189681,0.0256106813965517,0.0682,1.0,0.0531,1.0,-0.015099999999999995
3x3,uniform,common,loglinear,250,250,0.1,0.0512213627931033,0.076832044189681,0.0256106813965517,0.121,1.0,0.1104,1.0,-0.010599999999999998
3x3,uniform,common,loglinear,1000,1000,0.1,0.0512213627931033,0.076832044189681,0.0256106813965517,0.3874,1.0,0.3818,1.0,-0.005600000000000049
3x3,uniform,common,loglinear,50,500,0.1,0.0512213627931033,0.076832044189681,0.0256106813965517,0.1447,1.0,0.0198,1.0,-0.1249
3x3,uniform,common,loglinear,500,50,0.1,0.0512213627931033,0.076832044189681,0.0256106813965517,0.0869,1.0,0.0524,1.0,-0.0345
3x3,uniform,common,loglinear,10,10,0.3,0.0512213627931033,0.1280534069827583,0.0768320441896551,0.1406,1.0,0.0427,0.9955,-0.0979
3x3,uniform,common,loglinear,50,50,0.3,0.0512213627931033,0.1280534069827583,0.0768320441896551,0.1617,1.0,0.1369,1.0,-0.024800000000000016
3x3,uniform,common,loglinear,250,250,0.3,0.0512213627931033,0.1280534069827583,0.0768320441896551,0.5738,1.0,0.5606,1.0,-0.01319999999999999
3x3,uniform,common,loglinear,1000,1000,0.3,0.0512213627931033,0.1280534069827583,0.0768320441896551,0.9927,1.0,0.9926,1.0,-9.999999999998899e-05
3x3,uniform,common,loglinear,50,500,0.3,0.0512213627931033,0.1280534069827583,0.0768320441896551,0.3514,1.0,0.1898,1.0,-0.1616
3x3,uniform,common,loglinear,500,50,0.3,0.0512213627931033,0.1280534069827583,0.0768320441896551,0.2094,1.0,0.1801,1.0,-0.029299999999999993
3x3,uniform,common,loglinear,10,10,0.6,0.0512213627931033,0.2048854511724185,0.1536640883793103,0.1815,0.9999,0.0628,0.9922,-0.1187
3x3,uniform,common,loglinear,50,50,0.6,0.0512213627931033,0.2048854511724185,0.1536640883793103,0.4116,1.0,0.3771,1.0,-0.03450000000000003
3x3,uniform,common,loglinear,250,250,0.6,0.0512213627931033,0.2048854511724185,0.1536640883793103,0.9701,1.0,0.9691,1.0,-0.0010000000000000009
3x3,uniform,common,loglinear,1000,1000,0.6,0.0512213627931033,0.2048854511724185,0.1536640883793103,1.0,1.0,1.0,1.0,0.0
3x3,uniform,common,loglinear,50,500,0.6,0.0512213627931033,0.2048854511724185,0.1536640883793103,0.6937,1.0,0.6289,1.0,-0.06479999999999997
3x3,uniform,common,loglinear,500,50,0.6,0.0512213627931033,0.2048854511724185,0.1536640883793103,0.5404,1.0,0.4992,1.0,-0.041200000000000014
3x3,uniform,rare,additive,10,10,0.0,0.051221362793103,0.051221362793103,0.0,0.1195,1.0,0.035,0.997,-0.08449999999999999
3x3,uniform,rare,additive,50,50,0.0,0.051221362793103,0.051221362793103,0.0,0.0515,1.0,0.0353,1.0,-0.0162
3x3,uniform,rare,additive,250,250,0.0,0.051221362793103,0.051221362793103,0.0,0.0417,1.0,0.0371,1.0,-0.0046
3x3,uniform,rare,additive,1000,1000,0.0,0.051221362793103,0.051221362793103,0.0,0.0476,1.0,0.0455,1.0,-0.0021000000000000046
3x3,uniform,rare,additive,50,500,0.0,0.051221362793103,0.051221362793103,0.0,0.0903,1.0,0.0225,1.0,-0.0678
3x3,uniform,rare,additive,500,50,0.0,0.051221362793103,0.051221362793103,0.0,0.0834,1.0,0.0203,1.0,-0.0631
3x3,uniform,rare,additive,10,10,0.1,0.051221362793103,0.0768320441896541,0.0256106813965517,0.1237,1.0,0.0391,0.9971,-0.08460000000000001
3x3,uniform,rare,additive,50,50,0.1,0.051221362793103,0.0768320441896541,0.0256106813965517,0.074,1.0,0.0568,1.0,-0.017199999999999993
3x3,uniform,rare,additive,250,250,0.1,0.051221362793103,0.0768320441896541,0.0256106813965517,0.1205,1.0,0.1116,1.0,-0.008899999999999991
3x3,uniform,rare,additive,1000,1000,0.1,0.051221362793103,0.0768320441896541,0.0256106813965517,0.3959,1.0,0.3918,1.0,-0.0040999999999999925
3x3,uniform,rare,additive,50,500,0.1,0.051221362793103,0.0768320441896541,0.0256106813965517,0.1402,1.0,0.0177,1.0,-0.1225
3x3,uniform,rare,additive,500,50,0.1,0.051221362793103,0.0768320441896541,0.0256106813965517,0.0907,1.0,0.0557,1.0,-0.035
3x3,uniform,rare,additive,10,10,0.3,0.051221362793103,0.1280534069827581,0.0768320441896551,0.1355,1.0,0.0383,0.9962,-0.09720000000000001
3x3,uniform,rare,additive,50,50,0.3,0.051221362793103,0.1280534069827581,0.0768320441896551,0.1804,1.0,0.1566,1.0,-0.023800000000000016
3x3,uniform,rare,additive,250,250,0.3,0.051221362793103,0.1280534069827581,0.0768320441896551,0.5923,1.0,0.581,1.0,-0.011300000000000088
3x3,uniform,rare,additive,1000,1000,0.3,0.051221362793103,0.1280534069827581,0.0768320441896551,0.9939,1.0,0.9937,1.0,-0.00019999999999997797
3x3,uniform,rare,additive,50,500,0.3,0.051221362793103,0.1280534069827581,0.0768320441896551,0.3425,1.0,0.1805,1.0,-0.16200000000000003
3x3,uniform,rare,additive,500,50,0.3,0.051221362793103,0.1280534069827581,0.0768320441896551,0.2309,1.0,0.2009,1.0,-0.03
3x3,uniform,rare,additive,10,10,0.6,0.051221362793103,0.2048854511724085,0.1536640883793103,0.1688,1.0,0.0535,0.9959,-0.11530000000000001
3x3,uniform,rare,additive,50,50,0.6,0.051221362793103,0.2048854511724085,0.1536640883793103,0.4674,1.0,0.4312,1.0,-0.036199999999999954
3x3,uniform,rare,additive,250,250,0.6,0.051221362793103,0.2048854511724085,0.1536640883793103,0.981,1.0,0.9802,1.0,-0.0008000000000000229
3x3,uniform,rare,additive,1000,1000,0.6,0.051221362793103,0.2048854511724085,0.1536640883793103,1.0,1.0,1.0,1.0,0.0
3x3,uniform,rare,additive,50,500,0.6,0.051221362793103,0.2048854511724085,0.1536640883793103,0.7087,1.0,0.6407,1.0,-0.06799999999999995
3x3,uniform,rare,additive,500,50,0.6,0.051221362793103,0.2048854511724085,0.1536640883793103,0.6373,1.0,0.5994,1.0,-0.037899999999999934
3x3,uniform,rare,loglinear,10,10,0.0,0.0512213627931033,0.0512213627931033,0.0,0.1117,1.0,0.0316,0.9985,-0.08009999999999999
3x3,uniform,rare,loglinear,50,50,0.0,0.0512213627931033,0.0512213627931033,0.0,0.0492,1.0,0.036,1.0,-0.013200000000000003
3x3,uniform,rare,loglinear,250,250,0.0,0.0512213627931033,0.0512213627931033,0.0,0.0431,1.0,0.0371,1.0,-0.005999999999999998
3x3,uniform,rare,loglinear,1000,1000,0.0,0.0512213627931033,0.0512213627931033,0.0,0.0485,1.0,0.047,1.0,-0.0015000000000000013
3x3,uniform,rare,loglinear,50,500,0.0,0.0512213627931033,0.0512213627931033,0.0,0.0885,1.0,0.0196,1.0,-0.06889999999999999
3x3,uniform,rare,loglinear,500,50,0.0,0.0512213627931033,0.0512213627931033,0.0,0.0885,1.0,0.0217,1.0,-0.0668
3x3,uniform,rare,loglinear,10,10,0.1,0.0512213627931033,0.076832044189681,0.0256106813965517,0.1208,1.0,0.0358,0.9969,-0.085
3x3,uniform,rare,loglinear,50,50,0.1,0.0512213627931033,0.076832044189681,0.0256106813965517,0.0716,1.0,0.0547,1.0,-0.0169
3x3,uniform,rare,loglinear,250,250,0.1,0.0512213627931033,0.076832044189681,0.0256106813965517,0.1187,1.0,0.1084,1.0,-0.010300000000000004
3x3,uniform,rare,loglinear,1000,1000,0.1,0.0512213627931033,0.076832044189681,0.0256106813965517,0.3883,1.0,0.3825,1.0,-0.005799999999999972
3x3,uniform,rare,loglinear,50,500,0.1,0.0512213627931033,0.076832044189681,0.0256106813965517,0.1391,1.0,0.0174,1.0,-0.1217
3x3,uniform,rare,loglinear,500,50,0.1,0.0512213627931033,0.076832044189681,0.0256106813965517,0.0865,1.0,0.0514,1.0,-0.03509999999999999
3x3,uniform,rare,loglinear,10,10,0.3,0.0512213627931033,0.1280534069827583,0.0768320441896551,0.1386,1.0,0.0434,0.9961,-0.0952
3x3,uniform,rare,loglinear,50,50,0.3,0.0512213627931033,0.1280534069827583,0.0768320441896551,0.1644,1.0,0.1375,1.0,-0.02689999999999998
3x3,uniform,rare,loglinear,250,250,0.3,0.0512213627931033,0.1280534069827583,0.0768320441896551,0.5737,1.0,0.5615,1.0,-0.012199999999999989
3x3,uniform,rare,loglinear,1000,1000,0.3,0.0512213627931033,0.1280534069827583,0.0768320441896551,0.9919,1.0,0.9913,1.0,-0.0006000000000000449
3x3,uniform,rare,loglinear,50,500,0.3,0.0512213627931033,0.1280534069827583,0.0768320441896551,0.3474,1.0,0.1856,1.0,-0.1618
3x3,uniform,rare,loglinear,500,50,0.3,0.0512213627931033,0.1280534069827583,0.0768320441896551,0.2001,1.0,0.1716,1.0,-0.028499999999999998
3x3,uniform,rare,loglinear,10,10,0.6,0.0512213627931033,0.2048854511724185,0.1536640883793103,0.1728,1.0,0.0657,0.9942,-0.10710000000000001
3x3,uniform,rare,loglinear,50,50,0.6,0.0512213627931033,0.2048854511724185,0.1536640883793103,0.4216,1.0,0.383,1.0,-0.03859999999999997
3x3,uniform,rare,loglinear,250,250,0.6,0.0512213627931033,0.2048854511724185,0.1536640883793103,0.9721,1.0,0.9707,1.0,-0.0013999999999999568
3x3,uniform,rare,loglinear,1000,1000,0.6,0.0512213627931033,0.2048854511724185,0.1536640883793103,1.0,1.0,1.0,1.0,0.0
3x3,uniform,rare,loglinear,50,500,0.6,0.0512213627931033,0.2048854511724185,0.1536640883793103,0.6985,1.0,0.6282,1.0,-0.07030000000000003
3x3,uniform,rare,loglinear,500,50,0.6,0.0512213627931033,0.2048854511724185,0.1536640883793103,0.5433,1.0,0.503,1.0,-0.0403
3x3,uniform,spread,additive,10,10,0.0,0.051221362793103,0.051221362793103,0.0,0.1184,1.0,0.0356,0.9974,-0.08280000000000001
3x3,uniform,spread,additive,50,50,0.0,0.051221362793103,0.051221362793103,0.0,0.0513,1.0,0.0372,1.0,-0.014100000000000001
3x3,uniform,spread,additive,250,250,0.0,0.051221362793103,0.051221362793103,0.0,0.0429,1.0,0.0365,1.0,-0.006400000000000003
3x3,uniform,spread,additive,1000,1000,0.0,0.051221362793103,0.051221362793103,0.0,0.0469,1.0,0.0448,1.0,-0.0020999999999999977
3x3,uniform,spread,additive,50,500,0.0,0.051221362793103,0.051221362793103,0.0,0.0916,1.0,0.0243,1.0,-0.0673
3x3,uniform,spread,additive,500,50,0.0,0.051221362793103,0.051221362793103,0.0,0.085,1.0,0.0198,1.0,-0.06520000000000001
3x3,uniform,spread,additive,10,10,0.1,0.051221362793103,0.0768320441896541,0.0256106813965517,0.1222,1.0,0.0365,0.9957,-0.0857
3x3,uniform,spread,additive,50,50,0.1,0.051221362793103,0.0768320441896541,0.0256106813965517,0.0734,1.0,0.0561,1.0,-0.01730000000000001
3x3,uniform,spread,additive,250,250,0.1,0.051221362793103,0.0768320441896541,0.0256106813965517,0.1226,1.0,0.1121,1.0,-0.010499999999999995
3x3,uniform,spread,additive,1000,1000,0.1,0.051221362793103,0.0768320441896541,0.0256106813965517,0.3891,1.0,0.3843,1.0,-0.0048000000000000265
3x3,uniform,spread,additive,50,500,0.1,0.051221362793103,0.0768320441896541,0.0256106813965517,0.1401,1.0,0.0152,1.0,-0.1249
3x3,uniform,spread,additive,500,50,0.1,0.051221362793103,0.0768320441896541,0.0256106813965517,0.0921,1.0,0.0559,1.0,-0.0362
3x3,uniform,spread,additive,10,10,0.3,0.051221362793103,0.1280534069827581,0.0768320441896551,0.1396,1.0,0.0384,0.9962,-0.10120000000000001
3x3,uniform,spread,additive,50,50,0.3,0.051221362793103,0.1280534069827581,0.0768320441896551,0.1821,1.0,0.1567,1.0,-0.025400000000000006
3x3,uniform,spread,additive,250,250,0.3,0.051221362793103,0.1280534069827581,0.0768320441896551,0.5989,1.0,0.5861,1.0,-0.012800000000000034
3x3,uniform,spread,additive,1000,1000,0.3,0.051221362793103,0.1280534069827581,0.0768320441896551,0.9932,1.0,0.993,1.0,-0.00019999999999997797
3x3,uniform,spread,additive,50,500,0.3,0.051221362793103,0.1280534069827581,0.0768320441896551,0.3548,1.0,0.1876,1.0,-0.16720000000000002
3x3,uniform,spread,additive,500,50,0.3,0.051221362793103,0.1280534069827581,0.0768320441896551,0.2288,1.0,0.1989,1.0,-0.02990000000000001
3x3,uniform,spread,additive,10,10,0.6,0.051221362793103,0.2048854511724085,0.1536640883793103,0.1707,1.0,0.0508,0.995,-0.11989999999999999
3x3,uniform,spread,additive,50,50,0.6,0.051221362793103,0.2048854511724085,0.1536640883793103,0.4723,1.0,0.4352,1.0,-0.03710000000000002
3x3,uniform,spread,additive,250,250,0.6,0.051221362793103,0.2048854511724085,0.1536640883793103,0.9815,1.0,0.9802,1.0,-0.0013000000000000789
3x3,uniform,spread,additive,1000,1000,0.6,0.051221362793103,0.2048854511724085,0.1536640883793103,1.0,1.0,1.0,1.0,0.0
3x3,uniform,spread,additive,50,500,0.6,0.051221362793103,0.2048854511724085,0.1536640883793103,0.7114,1.0,0.6484,1.0,-0.06300000000000006
3x3,uniform,spread,additive,500,50,0.6,0.051221362793103,0.2048854511724085,0.1536640883793103,0.6193,1.0,0.5831,1.0,-0.03620000000000001
3x3,uniform,spread,loglinear,10,10,0.0,0.0512213627931033,0.0512213627931033,0.0,0.1139,1.0,0.0337,0.9972,-0.0802
3x3,uniform,spread,loglinear,50,50,0.0,0.0512213627931033,0.0512213627931033,0.0,0.0533,1.0,0.0384,1.0,-0.014900000000000004
3x3,uniform,spread,loglinear,250,250,0.0,0.0512213627931033,0.0512213627931033,0.0,0.0442,1.0,0.0383,1.0,-0.0059000000000000025
3x3,uniform,spread,loglinear,1000,1000,0.0,0.0512213627931033,0.0512213627931033,0.0,0.0457,1.0,0.0436,1.0,-0.0020999999999999977
3x3,uniform,spread,loglinear,50,500,0.0,0.0512213627931033,0.0512213627931033,0.0,0.088,1.0,0.0232,1.0,-0.0648
3x3,uniform,spread,loglinear,500,50,0.0,0.0512213627931033,0.0512213627931033,0.0,0.0793,1.0,0.0188,1.0,-0.0605
3x3,uniform,spread,loglinear,10,10,0.1,0.0512213627931033,0.076832044189681,0.0256106813965517,0.1206,1.0,0.0343,0.9963,-0.0863
3x3,uniform,spread,loglinear,50,50,0.1,0.0512213627931033,0.076832044189681,0.0256106813965517,0.0725,1.0,0.0542,1.0,-0.018299999999999997
3x3,uniform,spread,loglinear,250,250,0.1,0.0512213627931033,0.076832044189681,0.0256106813965517,0.1176,1.0,0.1075,1.0,-0.010099999999999998
3x3,uniform,spread,loglinear,1000,1000,0.1,0.0512213627931033,0.076832044189681,0.0256106813965517,0.3837,1.0,0.3785,1.0,-0.005199999999999982
3x3,uniform,spread,loglinear,50,500,0.1,0.0512213627931033,0.076832044189681,0.0256106813965517,0.1393,1.0,0.0178,1.0,-0.12150000000000001
3x3,uniform,spread,loglinear,500,50,0.1,0.0512213627931033,0.076832044189681,0.0256106813965517,0.0862,1.0,0.0507,1.0,-0.0355
3x3,uniform,spread,loglinear,10,10,0.3,0.0512213627931033,0.1280534069827583,0.0768320441896551,0.1423,1.0,0.0464,0.9961,-0.09590000000000001
3x3,uniform,spread,loglinear,50,50,0.3,0.0512213627931033,0.1280534069827583,0.0768320441896551,0.1625,1.0,0.1386,1.0,-0.023900000000000005
3x3,uniform,spread,loglinear,250,250,0.3,0.0512213627931033,0.1280534069827583,0.0768320441896551,0.5811,1.0,0.5671,1.0,-0.013999999999999901
3x3,uniform,spread,loglinear,1000,1000,0.3,0.0512213627931033,0.1280534069827583,0.0768320441896551,0.9919,1.0,0.9917,1.0,-0.00019999999999997797
3x3,uniform,spread,loglinear,50,500,0.3,0.0512213627931033,0.1280534069827583,0.0768320441896551,0.3367,1.0,0.1828,1.0,-0.1539
3x3,uniform,spread,loglinear,500,50,0.3,0.0512213627931033,0.1280534069827583,0.0768320441896551,0.2081,1.0,0.1778,1.0,-0.030299999999999994
3x3,uniform,spread,loglinear,10,10,0.6,0.0512213627931033,0.2048854511724185,0.1536640883793103,0.1751,0.9999,0.0679,0.9948,-0.1072
3x3,uniform,spread,loglinear,50,50,0.6,0.0512213627931033,0.2048854511724185,0.1536640883793103,0.4242,1.0,0.3839,1.0,-0.0403
3x3,uniform,spread,loglinear,250,250,0.6,0.0512213627931033,0.2048854511724185,0.1536640883793103,0.9696,1.0,0.9684,1.0,-0.0011999999999999789
3x3,uniform,spread,loglinear,1000,1000,0.6,0.0512213627931033,0.2048854511724185,0.1536640883793103,1.0,1.0,1.0,1.0,0.0
3x3,uniform,spread,loglinear,50,500,0.6,0.0512213627931033,0.2048854511724185,0.1536640883793103,0.6974,1.0,0.6294,1.0,-0.06800000000000006
3x3,uniform,spread,loglinear,500,50,0.6,0.0512213627931033,0.2048854511724185,0.1536640883793103,0.5482,1.0,0.5051,1.0,-0.04310000000000003
3x3,different_skew,common,additive,10,10,0.0,0.0482858953132885,0.0482858953132883,0.0,0.1177,0.9903,0.032,0.7798,-0.0857
3x3,different_skew,common,additive,50,50,0.0,0.0482858953132885,0.0482858953132883,0.0,0.038,1.0,0.0267,1.0,-0.011299999999999998
3x3,different_skew,common,additive,250,250,0.0,0.0482858953132885,0.0482858953132883,0.0,0.0463,1.0,0.0376,1.0,-0.0087
3x3,different_skew,common,additive,1000,1000,0.0,0.0482858953132885,0.0482858953132883,0.0,0.0486,1.0,0.046,1.0,-0.002599999999999998
3x3,different_skew,common,additive,50,500,0.0,0.0482858953132885,0.0482858953132883,0.0,0.0866,1.0,0.023,1.0,-0.06359999999999999
3x3,different_skew,common,additive,500,50,0.0,0.0482858953132885,0.0482858953132883,0.0,0.1042,1.0,0.0373,1.0,-0.0669
3x3,different_skew,common,additive,10,10,0.1,0.0482858953132885,0.0724288429699324,0.0241429476566442,0.1184,0.9884,0.0321,0.7754,-0.08630000000000002
3x3,different_skew,common,additive,50,50,0.1,0.0482858953132885,0.0724288429699324,0.0241429476566442,0.0486,1.0,0.035,1.0,-0.013599999999999994
3x3,different_skew,common,additive,250,250,0.1,0.0482858953132885,0.0724288429699324,0.0241429476566442,0.0974,1.0,0.0865,1.0,-0.010900000000000007
3x3,different_skew,common,additive,1000,1000,0.1,0.0482858953132885,0.0724288429699324,0.0241429476566442,0.2874,1.0,0.2807,1.0,-0.006699999999999984
3x3,different_skew,common,additive,50,500,0.1,0.0482858953132885,0.0724288429699324,0.0241429476566442,0.145,1.0,0.03,1.0,-0.11499999999999999
3x3,different_skew,common,additive,500,50,0.1,0.0482858953132885,0.0724288429699324,0.0241429476566442,0.0751,1.0,0.0419,1.0,-0.0332
3x3,different_skew,common,additive,10,10,0.3,0.0482858953132885,0.1207147382832212,0.0724288429699326,0.1323,0.9906,0.03,0.7733,-0.1023
3x3,different_skew,common,additive,50,50,0.3,0.0482858953132885,0.1207147382832212,0.0724288429699326,0.1119,1.0,0.0944,1.0,-0.0175
3x3,different_skew,common,additive,250,250,0.3,0.0482858953132885,0.1207147382832212,0.0724288429699326,0.4364,1.0,0.4181,1.0,-0.018299999999999983
3x3,different_skew,common,additive,1000,1000,0.3,0.0482858953132885,0.1207147382832212,0.0724288429699326,0.9567,1.0,0.9557,1.0,-0.0010000000000000009
3x3,different_skew,common,additive,50,500,0.3,0.0482858953132885,0.1207147382832212,0.0724288429699326,0.3152,1.0,0.1321,1.0,-0.18309999999999998
3x3,different_skew,common,additive,500,50,0.3,0.0482858953132885,0.1207147382832212,0.0724288429699326,0.1373,1.0,0.1164,0.9999,-0.020900000000000002
3x3,different_skew,common,additive,10,10,0.6,0.0482858953132885,0.1931435812531536,0.1448576859398653,0.1589,0.9897,0.0378,0.7773,-0.12110000000000001
3x3,different_skew,common,additive,50,50,0.6,0.0482858953132885,0.1931435812531536,0.1448576859398653,0.297,1.0,0.2737,0.9999,-0.023299999999999987
3x3,different_skew,common,additive,250,250,0.6,0.0482858953132885,0.1931435812531536,0.1448576859398653,0.9038,1.0,0.8986,1.0,-0.0052000000000000934
3x3,different_skew,common,additive,1000,1000,0.6,0.0482858953132885,0.1931435812531536,0.1448576859398653,1.0,1.0,1.0,1.0,0.0
3x3,different_skew,common,additive,50,500,0.6,0.0482858953132885,0.1931435812531536,0.1448576859398653,0.6302,1.0,0.497,1.0,-0.13319999999999999
3x3,different_skew,common,additive,500,50,0.6,0.0482858953132885,0.1931435812531536,0.1448576859398653,0.3937,1.0,0.3778,0.9999,-0.01589999999999997
3x3,different_skew,common,loglinear,10,10,0.0,0.0482858953132899,0.0482858953132881,0.0,0.1278,0.9887,0.0357,0.7831,-0.09209999999999999
3x3,different_skew,common,loglinear,50,50,0.0,0.0482858953132899,0.0482858953132881,0.0,0.0292,1.0,0.0193,1.0,-0.009899999999999999
3x3,different_skew,common,loglinear,250,250,0.0,0.0482858953132899,0.0482858953132881,0.0,0.0397,1.0,0.0316,1.0,-0.008099999999999996
3x3,different_skew,common,loglinear,1000,1000,0.0,0.0482858953132899,0.0482858953132881,0.0,0.0472,1.0,0.0446,1.0,-0.002599999999999998
3x3,different_skew,common,loglinear,50,500,0.0,0.0482858953132899,0.0482858953132881,0.0,0.0751,1.0,0.0164,1.0,-0.0587
3x3,different_skew,common,loglinear,500,50,0.0,0.0482858953132899,0.0482858953132881,0.0,0.0821,1.0,0.028,1.0,-0.05410000000000001
3x3,different_skew,common,loglinear,10,10,0.1,0.0482858953132899,0.0724288429699323,0.0241429476566442,0.1281,0.989,0.0341,0.7898,-0.094
3x3,different_skew,common,loglinear,50,50,0.1,0.0482858953132899,0.0724288429699323,0.0241429476566442,0.0466,1.0,0.0353,1.0,-0.011300000000000004
3x3,different_skew,common,loglinear,250,250,0.1,0.0482858953132899,0.0724288429699323,0.0241429476566442,0.0907,1.0,0.0784,1.0,-0.012300000000000005
3x3,different_skew,common,loglinear,1000,1000,0.1,0.0482858953132899,0.0724288429699323,0.0241429476566442,0.3035,1.0,0.2982,1.0,-0.005299999999999971
3x3,different_skew,common,loglinear,50,500,0.1,0.0482858953132899,0.0724288429699323,0.0241429476566442,0.1286,1.0,0.02,1.0,-0.10859999999999999
3x3,different_skew,common,loglinear,500,50,0.1,0.0482858953132899,0.0724288429699323,0.0241429476566442,0.072,1.0,0.0406,1.0,-0.0314
3x3,different_skew,common,loglinear,10,10,0.3,0.0482858953132899,0.1207147382832214,0.0724288429699326,0.141,0.9912,0.0324,0.7877,-0.10859999999999999
3x3,different_skew,common,loglinear,50,50,0.3,0.0482858953132899,0.1207147382832214,0.0724288429699326,0.1146,1.0,0.0951,1.0,-0.01949999999999999
3x3,different_skew,common,loglinear,250,250,0.3,0.0482858953132899,0.1207147382832214,0.0724288429699326,0.4542,1.0,0.4357,1.0,-0.018500000000000016
3x3,different_skew,common,loglinear,1000,1000,0.3,0.0482858953132899,0.1207147382832214,0.0724288429699326,0.9711,1.0,0.9698,1.0,-0.0012999999999999678
3x3,different_skew,common,loglinear,50,500,0.3,0.0482858953132899,0.1207147382832214,0.0724288429699326,0.2965,1.0,0.1089,1.0,-0.1876
3x3,different_skew,common,loglinear,500,50,0.3,0.0482858953132899,0.1207147382832214,0.0724288429699326,0.1489,1.0,0.1284,1.0,-0.020500000000000018
3x3,different_skew,common,loglinear,10,10,0.6,0.0482858953132899,0.1931435812531521,0.1448576859398653,0.161,0.9907,0.0373,0.7964,-0.1237
3x3,different_skew,common,loglinear,50,50,0.6,0.0482858953132899,0.1931435812531521,0.1448576859398653,0.3047,1.0,0.2778,1.0,-0.026900000000000035
3x3,different_skew,common,loglinear,250,250,0.6,0.0482858953132899,0.1931435812531521,0.1448576859398653,0.9135,1.0,0.9084,1.0,-0.005099999999999993
3x3,different_skew,common,loglinear,1000,1000,0.6,0.0482858953132899,0.1931435812531521,0.1448576859398653,1.0,1.0,1.0,1.0,0.0
3x3,different_skew,common,loglinear,50,500,0.6,0.0482858953132899,0.1931435812531521,0.1448576859398653,0.6189,1.0,0.4979,1.0,-0.121
3x3,different_skew,common,loglinear,500,50,0.6,0.0482858953132899,0.1931435812531521,0.1448576859398653,0.4032,1.0,0.3795,1.0,-0.0237
3x3,different_skew,rare,additive,10,10,0.0,0.0046099226513793,0.0046099226513793,0.0,0.0545,0.9891,0.0145,0.7831,-0.04
3x3,different_skew,rare,additive,50,50,0.0,0.0046099226513793,0.0046099226513793,0.0,0.01,1.0,0.0019,0.9999,-0.0081
3x3,different_skew,rare,additive,250,250,0.0,0.0046099226513793,0.0046099226513793,0.0,0.0378,1.0,0.008,1.0,-0.0298
3x3,different_skew,rare,additive,1000,1000,0.0,0.0046099226513793,0.0046099226513793,0.0,0.0322,1.0,0.0208,1.0,-0.0114
3x3,different_skew,rare,additive,50,500,0.0,0.0046099226513793,0.0046099226513793,0.0,0.0493,1.0,0.0026,1.0,-0.0467
3x3,different_skew,rare,additive,500,50,0.0,0.0046099226513793,0.0046099226513793,0.0,0.0697,1.0,0.0208,1.0,-0.0489
3x3,different_skew,rare,additive,10,10,0.1,0.0046099226513793,0.0069148839770687,0.0023049613256896,0.0526,0.9861,0.0153,0.7715,-0.0373
3x3,different_skew,rare,additive,50,50,0.1,0.0046099226513793,0.0069148839770687,0.0023049613256896,0.0106,1.0,0.0016,1.0,-0.009
3x3,different_skew,rare,additive,250,250,0.1,0.0046099226513793,0.0069148839770687,0.0023049613256896,0.0489,1.0,0.0079,1.0,-0.040999999999999995
3x3,different_skew,rare,additive,1000,1000,0.1,0.0046099226513793,0.0069148839770687,0.0023049613256896,0.0586,1.0,0.0413,1.0,-0.017299999999999996
3x3,different_skew,rare,additive,50,500,0.1,0.0046099226513793,0.0069148839770687,0.0023049613256896,0.0615,1.0,0.0025,1.0,-0.059
3x3,different_skew,rare,additive,500,50,0.1,0.0046099226513793,0.0069148839770687,0.0023049613256896,0.0617,1.0,0.0178,1.0,-0.043899999999999995
3x3,different_skew,rare,additive,10,10,0.3,0.0046099226513793,0.0115248066284483,0.006914883977069,0.0575,0.9882,0.0166,0.7847,-0.040900000000000006
3x3,different_skew,rare,additive,50,50,0.3,0.0046099226513793,0.0115248066284483,0.006914883977069,0.0104,1.0,0.0023,1.0,-0.0081
3x3,different_skew,rare,additive,250,250,0.3,0.0046099226513793,0.0115248066284483,0.006914883977069,0.0766,1.0,0.0106,1.0,-0.066
3x3,different_skew,rare,additive,1000,1000,0.3,0.0046099226513793,0.0115248066284483,0.006914883977069,0.2228,1.0,0.1845,1.0,-0.0383
3x3,different_skew,rare,additive,50,500,0.3,0.0046099226513793,0.0115248066284483,0.006914883977069,0.0697,1.0,0.0021,1.0,-0.0676
3x3,different_skew,rare,additive,500,50,0.3,0.0046099226513793,0.0115248066284483,0.006914883977069,0.0579,1.0,0.0164,0.9999,-0.041499999999999995
3x3,different_skew,rare,additive,10,10,0.6,0.0046099226513793,0.0184396906055168,0.013829767954138,0.0561,0.9869,0.0153,0.7807,-0.040799999999999996
3x3,different_skew,rare,additive,50,50,0.6,0.0046099226513793,0.0184396906055168,0.013829767954138,0.0124,1.0,0.0027,1.0,-0.0097
3x3,different_skew,rare,additive,250,250,0.6,0.0046099226513793,0.0184396906055168,0.013829767954138,0.1564,1.0,0.029,1.0,-0.1274
3x3,different_skew,rare,additive,1000,1000,0.6,0.0046099226513793,0.0184396906055168,0.013829767954138,0.6483,1.0,0.6049,1.0,-0.043399999999999994
3x3,different_skew,rare,additive,50,500,0.6,0.0046099226513793,0.0184396906055168,0.013829767954138,0.1042,1.0,0.0028,1.0,-0.1014
3x3,different_skew,rare,additive,500,50,0.6,0.0046099226513793,0.0184396906055168,0.013829767954138,0.0542,1.0,0.0199,1.0,-0.0343
3x3,different_skew,rare,loglinear,10,10,0.0,0.0046099226513792,0.0046099226513777,0.0,0.0677,0.9878,0.0179,0.7853,-0.0498
3x3,different_skew,rare,loglinear,50,50,0.0,0.0046099226513792,0.0046099226513777,0.0,0.0066,1.0,0.0025,1.0,-0.0040999999999999995
3x3,different_skew,rare,loglinear,250,250,0.0,0.0046099226513792,0.0046099226513777,0.0,0.0068,1.0,0.0017,1.0,-0.0050999999999999995
3x3,different_skew,rare,loglinear,1000,1000,0.0,0.0046099226513792,0.0046099226513777,0.0,0.0187,1.0,0.0093,1.0,-0.009400000000000002
3x3,different_skew,rare,loglinear,50,500,0.0,0.0046099226513792,0.0046099226513777,0.0,0.0485,1.0,0.0024,1.0,-0.0461
3x3,different_skew,rare,loglinear,500,50,0.0,0.0046099226513792,0.0046099226513777,0.0,0.0538,1.0,0.0148,1.0,-0.039
3x3,different_skew,rare,loglinear,10,10,0.1,0.0046099226513792,0.006914883977069,0.0023049613256896,0.0691,0.9879,0.0197,0.7822,-0.0494
3x3,different_skew,rare,loglinear,50,50,0.1,0.0046099226513792,0.006914883977069,0.0023049613256896,0.0112,1.0,0.0039,1.0,-0.0073
3x3,different_skew,rare,loglinear,250,250,0.1,0.0046099226513792,0.006914883977069,0.0023049613256896,0.0086,1.0,0.0025,1.0,-0.0060999999999999995
3x3,different_skew,rare,loglinear,1000,1000,0.1,0.0046099226513792,0.006914883977069,0.0023049613256896,0.035,1.0,0.0199,1.0,-0.015100000000000002
3x3,different_skew,rare,loglinear,50,500,0.1,0.0046099226513792,0.006914883977069,0.0023049613256896,0.0514,1.0,0.0029,1.0,-0.0485
3x3,different_skew,rare,loglinear,500,50,0.1,0.0046099226513792,0.006914883977069,0.0023049613256896,0.0526,1.0,0.0151,1.0,-0.0375
3x3,different_skew,rare,loglinear,10,10,0.3,0.0046099226513792,0.0115248066284484,0.006914883977069,0.0735,0.9879,0.0201,0.7761,-0.053399999999999996
3x3,different_skew,rare,loglinear,50,50,0.3,0.0046099226513792,0.0115248066284484,0.006914883977069,0.0101,1.0,0.0039,0.9999,-0.0062
3x3,different_skew,rare,loglinear,250,250,0.3,0.0046099226513792,0.0115248066284484,0.006914883977069,0.0177,1.0,0.0072,1.0,-0.0105
3x3,different_skew,rare,loglinear,1000,1000,0.3,0.0046099226513792,0.0115248066284484,0.006914883977069,0.1327,1.0,0.0938,1.0,-0.03890000000000002
3x3,different_skew,rare,loglinear,50,500,0.3,0.0046099226513792,0.0115248066284484,0.006914883977069,0.0648,1.0,0.0027,1.0,-0.062099999999999995
3x3,different_skew,rare,loglinear,500,50,0.3,0.0046099226513792,0.0115248066284484,0.006914883977069,0.0452,1.0,0.0168,1.0,-0.028399999999999998
3x3,different_skew,rare,loglinear,10,10,0.6,0.0046099226513792,0.0184396906055173,0.013829767954138,0.0747,0.9879,0.0209,0.7796,-0.0538
3x3,different_skew,rare,loglinear,50,50,0.6,0.0046099226513792,0.0184396906055173,0.013829767954138,0.0123,1.0,0.006,1.0,-0.0063
3x3,different_skew,rare,loglinear,250,250,0.6,0.0046099226513792,0.0184396906055173,0.013829767954138,0.0487,1.0,0.0252,1.0,-0.0235
3x3,different_skew,rare,loglinear,1000,1000,0.6,0.0046099226513792,0.0184396906055173,0.013829767954138,0.4084,1.0,0.3515,1.0,-0.056900000000000006
3x3,different_skew,rare,loglinear,50,500,0.6,0.0046099226513792,0.0184396906055173,0.013829767954138,0.0895,1.0,0.0022,1.0,-0.0873
3x3,different_skew,rare,loglinear,500,50,0.6,0.0046099226513792,0.0184396906055173,0.013829767954138,0.0455,1.0,0.0192,1.0,-0.0263
3x3,different_skew,spread,additive,10,10,0.0,0.0482858953132885,0.0482858953132887,0.0,0.117,0.9913,0.0319,0.7811,-0.08510000000000001
3x3,different_skew,spread,additive,50,50,0.0,0.0482858953132885,0.0482858953132887,0.0,0.0373,1.0,0.0255,1.0,-0.011800000000000001
3x3,different_skew,spread,additive,250,250,0.0,0.0482858953132885,0.0482858953132887,0.0,0.0447,1.0,0.0357,1.0,-0.008999999999999994
3x3,different_skew,spread,additive,1000,1000,0.0,0.0482858953132885,0.0482858953132887,0.0,0.0482,1.0,0.0456,1.0,-0.002599999999999998
3x3,different_skew,spread,additive,50,500,0.0,0.0482858953132885,0.0482858953132887,0.0,0.0834,1.0,0.0191,1.0,-0.0643
3x3,different_skew,spread,additive,500,50,0.0,0.0482858953132885,0.0482858953132887,0.0,0.098,1.0,0.0349,1.0,-0.0631
3x3,different_skew,spread,additive,10,10,0.1,0.0482858953132885,0.0724288429699326,0.0241429476566442,0.1249,0.9916,0.0321,0.7865,-0.0928
3x3,different_skew,spread,additive,50,50,0.1,0.0482858953132885,0.0724288429699326,0.0241429476566442,0.0482,1.0,0.038,0.9998,-0.0102
3x3,different_skew,spread,additive,250,250,0.1,0.0482858953132885,0.0724288429699326,0.0241429476566442,0.0973,1.0,0.0835,1.0,-0.013799999999999993
3x3,different_skew,spread,additive,1000,1000,0.1,0.0482858953132885,0.0724288429699326,0.0241429476566442,0.2923,1.0,0.2861,1.0,-0.006199999999999983
3x3,different_skew,spread,additive,50,500,0.1,0.0482858953132885,0.0724288429699326,0.0241429476566442,0.1399,1.0,0.0283,1.0,-0.1116
3x3,different_skew,spread,additive,500,50,0.1,0.0482858953132885,0.0724288429699326,0.0241429476566442,0.08,1.0,0.0448,1.0,-0.0352
3x3,different_skew,spread,additive,10,10,0.3,0.0482858953132885,0.1207147382832209,0.0724288429699326,0.1266,0.9897,0.032,0.7854,-0.09459999999999999
3x3,different_skew,spread,additive,50,50,0.3,0.0482858953132885,0.1207147382832209,0.0724288429699326,0.1201,1.0,0.104,1.0,-0.016100000000000003
3x3,different_skew,spread,additive,250,250,0.3,0.0482858953132885,0.1207147382832209,0.0724288429699326,0.428,1.0,0.4078,1.0,-0.020199999999999996
3x3,different_skew,spread,additive,1000,1000,0.3,0.0482858953132885,0.1207147382832209,0.0724288429699326,0.9556,1.0,0.954,1.0,-0.0016000000000000458
3x3,different_skew,spread,additive,50,500,0.3,0.0482858953132885,0.1207147382832209,0.0724288429699326,0.3167,1.0,0.1286,1.0,-0.1881
3x3,different_skew,spread,additive,500,50,0.3,0.0482858953132885,0.1207147382832209,0.0724288429699326,0.145,1.0,0.1213,1.0,-0.023699999999999985
3x3,different_skew,spread,additive,10,10,0.6,0.0482858953132885,0.1931435812531536,0.1448576859398653,0.151,0.9894,0.0372,0.7866,-0.1138
3x3,different_skew,spread,additive,50,50,0.6,0.0482858953132885,0.1931435812531536,0.1448576859398653,0.3046,1.0,0.2792,0.9998,-0.025399999999999978
3x3,different_skew,spread,additive,250,250,0.6,0.0482858953132885,0.1931435812531536,0.1448576859398653,0.8974,1.0,0.8925,1.0,-0.0049000000000000155
3x3,different_skew,spread,additive,1000,1000,0.6,0.0482858953132885,0.1931435812531536,0.1448576859398653,1.0,1.0,1.0,1.0,0.0
3x3,different_skew,spread,additive,50,500,0.6,0.0482858953132885,0.1931435812531536,0.1448576859398653,0.6243,1.0,0.4967,1.0,-0.1276
3x3,different_skew,spread,additive,500,50,0.6,0.0482858953132885,0.1931435812531536,0.1448576859398653,0.375,1.0,0.3572,1.0,-0.017799999999999983
3x3,different_skew,spread,loglinear,10,10,0.0,0.0482858953132899,0.0482858953132881,0.0,0.1334,0.9895,0.0371,0.7802,-0.0963
3x3,different_skew,spread,loglinear,50,50,0.0,0.0482858953132899,0.0482858953132881,0.0,0.0344,1.0,0.0228,1.0,-0.0116
3x3,different_skew,spread,loglinear,250,250,0.0,0.0482858953132899,0.0482858953132881,0.0,0.0384,1.0,0.0315,1.0,-0.006899999999999996
3x3,different_skew,spread,loglinear,1000,1000,0.0,0.0482858953132899,0.0482858953132881,0.0,0.0477,1.0,0.0448,1.0,-0.0029
3x3,different_skew,spread,loglinear,50,500,0.0,0.0482858953132899,0.0482858953132881,0.0,0.0798,1.0,0.0202,1.0,-0.0596
3x3,different_skew,spread,loglinear,500,50,0.0,0.0482858953132899,0.0482858953132881,0.0,0.0845,1.0,0.0298,0.9999,-0.054700000000000006
3x3,different_skew,spread,loglinear,10,10,0.1,0.0482858953132899,0.0724288429699323,0.0241429476566442,0.1302,0.9902,0.0358,0.7871,-0.09440000000000001
3x3,different_skew,spread,loglinear,50,50,0.1,0.0482858953132899,0.0724288429699323,0.0241429476566442,0.0426,1.0,0.0324,1.0,-0.0102
3x3,different_skew,spread,loglinear,250,250,0.1,0.0482858953132899,0.0724288429699323,0.0241429476566442,0.0935,1.0,0.0822,1.0,-0.011300000000000004
3x3,different_skew,spread,loglinear,1000,1000,0.1,0.0482858953132899,0.0724288429699323,0.0241429476566442,0.3097,1.0,0.3032,1.0,-0.00649999999999995
3x3,different_skew,spread,loglinear,50,500,0.1,0.0482858953132899,0.0724288429699323,0.0241429476566442,0.1253,1.0,0.0159,1.0,-0.1094
3x3,different_skew,spread,loglinear,500,50,0.1,0.0482858953132899,0.0724288429699323,0.0241429476566442,0.0746,1.0,0.0411,1.0,-0.0335
3x3,different_skew,spread,loglinear,10,10,0.3,0.0482858953132899,0.1207147382832214,0.0724288429699326,0.1376,0.9903,0.0343,0.7863,-0.1033
3x3,different_skew,spread,loglinear,50,50,0.3,0.0482858953132899,0.1207147382832214,0.0724288429699326,0.1144,1.0,0.0983,1.0,-0.016100000000000003
3x3,different_skew,spread,loglinear,250,250,0.3,0.0482858953132899,0.1207147382832214,0.0724288429699326,0.4624,1.0,0.4427,1.0,-0.019699999999999995
3x3,different_skew,spread,loglinear,1000,1000,0.3,0.0482858953132899,0.1207147382832214,0.0724288429699326,0.9739,1.0,0.9727,1.0,-0.0011999999999999789
3x3,different_skew,spread,loglinear,50,500,0.3,0.0482858953132899,0.1207147382832214,0.0724288429699326,0.3066,1.0,0.1129,1.0,-0.19369999999999998
3x3,different_skew,spread,loglinear,500,50,0.3,0.0482858953132899,0.1207147382832214,0.0724288429699326,0.1425,1.0,0.1234,1.0,-0.019099999999999992
3x3,different_skew,spread,loglinear,10,10,0.6,0.0482858953132899,0.1931435812531521,0.1448576859398653,0.1633,0.99,0.0404,0.7993,-0.12290000000000001
3x3,different_skew,spread,loglinear,50,50,0.6,0.0482858953132899,0.1931435812531521,0.1448576859398653,0.3132,1.0,0.2856,1.0,-0.027599999999999958
3x3,different_skew,spread,loglinear,250,250,0.6,0.0482858953132899,0.1931435812531521,0.1448576859398653,0.9131,1.0,0.9077,1.0,-0.005400000000000071
3x3,different_skew,spread,loglinear,1000,1000,0.6,0.0482858953132899,0.1931435812531521,0.1448576859398653,1.0,1.0,1.0,1.0,0.0
3x3,different_skew,spread,loglinear,50,500,0.6,0.0482858953132899,0.1931435812531521,0.1448576859398653,0.6053,1.0,0.483,1.0,-0.12229999999999996
3x3,different_skew,spread,loglinear,500,50,0.6,0.0482858953132899,0.1931435812531521,0.1448576859398653,0.3976,1.0,0.3753,1.0,-0.022299999999999986
5x5,uniform,common,additive,10,10,0.0,0.0184396906055175,0.0184396906055175,0.0,0.1002,1.0,0.0607,0.9996,-0.0395
5x5,uniform,common,additive,50,50,0.0,0.0184396906055175,0.0184396906055175,0.0,0.0671,1.0,0.0479,1.0,-0.01920000000000001
5x5,uniform,common,additive,250,250,0.0,0.0184396906055175,0.0184396906055175,0.0,0.021,1.0,0.0178,1.0,-0.0032000000000000015
5x5,uniform,common,additive,1000,1000,0.0,0.0184396906055175,0.0184396906055175,0.0,0.0324,1.0,0.0293,1.0,-0.0030999999999999986
5x5,uniform,common,additive,50,500,0.0,0.0184396906055175,0.0184396906055175,0.0,0.0819,1.0,0.048,1.0,-0.0339
5x5,uniform,common,additive,500,50,0.0,0.0184396906055175,0.0184396906055175,0.0,0.0872,1.0,0.0522,1.0,-0.034999999999999996
5x5,uniform,common,additive,10,10,0.1,0.0184396906055175,0.0276595359082758,0.0092198453027586,0.1083,1.0,0.0658,0.9993,-0.042499999999999996
5x5,uniform,common,additive,50,50,0.1,0.0184396906055175,0.0276595359082758,0.0092198453027586,0.0663,1.0,0.0475,1.0,-0.018799999999999997
5x5,uniform,common,additive,250,250,0.1,0.0184396906055175,0.0276595359082758,0.0092198453027586,0.0352,1.0,0.0289,1.0,-0.0063000000000000035
5x5,uniform,common,additive,1000,1000,0.1,0.0184396906055175,0.0276595359082758,0.0092198453027586,0.126,1.0,0.1181,1.0,-0.007900000000000004
5x5,uniform,common,additive,50,500,0.1,0.0184396906055175,0.0276595359082758,0.0092198453027586,0.0707,1.0,0.0399,1.0,-0.0308
5x5,uniform,common,additive,500,50,0.1,0.0184396906055175,0.0276595359082758,0.0092198453027586,0.1018,1.0,0.0626,1.0,-0.0392
5x5,uniform,common,additive,10,10,0.3,0.0184396906055175,0.0460992265137933,0.0276595359082759,0.1058,1.0,0.0652,0.9995,-0.04060000000000001
5x5,uniform,common,additive,50,50,0.3,0.0184396906055175,0.0460992265137933,0.0276595359082759,0.0813,1.0,0.0606,1.0,-0.020699999999999996
5x5,uniform,common,additive,250,250,0.3,0.0184396906055175,0.0460992265137933,0.0276595359082759,0.1316,1.0,0.1195,1.0,-0.0121
5x5,uniform,common,additive,1000,1000,0.3,0.0184396906055175,0.0460992265137933,0.0276595359082759,0.6709,1.0,0.6618,1.0,-0.009099999999999997
5x5,uniform,common,additive,50,500,0.3,0.0184396906055175,0.0460992265137933,0.0276595359082759,0.0716,1.0,0.0316,1.0,-0.039999999999999994
5x5,uniform,common,additive,500,50,0.3,0.0184396906055175,0.0460992265137933,0.0276595359082759,0.1447,1.0,0.1001,1.0,-0.0446
5x5,uniform,common,additive,10,10,0.6,0.0184396906055175,0.0737587624220665,0.0553190718165517,0.1088,1.0,0.0688,0.9994,-0.039999999999999994
5x5,uniform,common,additive,50,50,0.6,0.0184396906055175,0.0737587624220665,0.0553190718165517,0.106,1.0,0.0839,1.0,-0.022099999999999995
5x5,uniform,common,additive,250,250,0.6,0.0184396906055175,0.0737587624220665,0.0553190718165517,0.4631,1.0,0.4391,1.0,-0.02400000000000002
5x5,uniform,common,additive,1000,1000,0.6,0.0184396906055175,0.0737587624220665,0.0553190718165517,0.9954,1.0,0.9951,1.0,-0.00029999999999996696
5x5,uniform,common,additive,50,500,0.6,0.0184396906055175,0.0737587624220665,0.0553190718165517,0.1078,1.0,0.0515,1.0,-0.05630000000000001
5x5,uniform,common,additive,500,50,0.6,0.0184396906055175,0.0737587624220665,0.0553190718165517,0.2169,1.0,0.162,1.0,-0.054900000000000004
5x5,uniform,common,loglinear,10,10,0.0,0.0184396906055177,0.0184396906055177,0.0,0.1086,1.0,0.0661,0.9993,-0.042499999999999996
5x5,uniform,common,loglinear,50,50,0.0,0.0184396906055177,0.0184396906055177,0.0,0.0662,1.0,0.0491,1.0,-0.017099999999999997
5x5,uniform,common,loglinear,250,250,0.0,0.0184396906055177,0.0184396906055177,0.0,0.0213,1.0,0.0158,1.0,-0.005499999999999998
5x5,uniform,common,loglinear,1000,1000,0.0,0.0184396906055177,0.0184396906055177,0.0,0.0326,1.0,0.0297,1.0,-0.0028999999999999963
5x5,uniform,common,loglinear,50,500,0.0,0.0184396906055177,0.0184396906055177,0.0,0.0901,1.0,0.0547,1.0,-0.0354
5x5,uniform,common,loglinear,500,50,0.0,0.0184396906055177,0.0184396906055177,0.0,0.0914,1.0,0.0526,1.0,-0.038799999999999994
5x5,uniform,common,loglinear,10,10,0.1,0.0184396906055177,0.0276595359082754,0.0092198453027586,0.1083,1.0,0.0668,0.9995,-0.041499999999999995
5x5,uniform,common,loglinear,50,50,0.1,0.0184396906055177,0.0276595359082754,0.0092198453027586,0.0696,1.0,0.0528,1.0,-0.016799999999999995
5x5,uniform,common,loglinear,250,250,0.1,0.0184396906055177,0.0276595359082754,0.0092198453027586,0.0375,1.0,0.0329,1.0,-0.0046
5x5,uniform,common,loglinear,1000,1000,0.1,0.0184396906055177,0.0276595359082754,0.0092198453027586,0.1167,1.0,0.1096,1.0,-0.007099999999999995
5x5,uniform,common,loglinear,50,500,0.1,0.0184396906055177,0.0276595359082754,0.0092198453027586,0.0756,1.0,0.0388,1.0,-0.0368
5x5,uniform,common,loglinear,500,50,0.1,0.0184396906055177,0.0276595359082754,0.0092198453027586,0.1016,1.0,0.0673,1.0,-0.0343
5x5,uniform,common,loglinear,10,10,0.3,0.0184396906055177,0.0460992265137925,0.0276595359082759,0.1088,1.0,0.0657,0.9997,-0.0431
5x5,uniform,common,loglinear,50,50,0.3,0.0184396906055177,0.0460992265137925,0.0276595359082759,0.0825,1.0,0.0672,1.0,-0.015300000000000008
5x5,uniform,common,loglinear,250,250,0.3,0.0184396906055177,0.0460992265137925,0.0276595359082759,0.12,1.0,0.1051,1.0,-0.014899999999999997
5x5,uniform,common,loglinear,1000,1000,0.3,0.0184396906055177,0.0460992265137925,0.0276595359082759,0.6265,1.0,0.6166,1.0,-0.009899999999999909
5x5,uniform,common,loglinear,50,500,0.3,0.0184396906055177,0.0460992265137925,0.0276595359082759,0.0695,1.0,0.0323,1.0,-0.037200000000000004
5x5,uniform,common,loglinear,500,50,0.3,0.0184396906055177,0.0460992265137925,0.0276595359082759,0.1483,1.0,0.1098,1.0,-0.03849999999999999
5x5,uniform,common,loglinear,10,10,0.6,0.0184396906055177,0.0737587624220565,0.0553190718165517,0.1147,1.0,0.0706,0.9993,-0.0441
5x5,uniform,common,loglinear,50,50,0.6,0.0184396906055177,0.0737587624220565,0.0553190718165517,0.1155,1.0,0.0943,1.0,-0.02120000000000001
5x5,uniform,common,loglinear,250,250,0.6,0.0184396906055177,0.0737587624220565,0.0553190718165517,0.3924,1.0,0.3729,1.0,-0.019500000000000017
5x5,uniform,common,loglinear,1000,1000,0.6,0.0184396906055177,0.0737587624220565,0.0553190718165517,0.9883,1.0,0.9874,1.0,-0.0008999999999999009
5x5,uniform,common,loglinear,50,500,0.6,0.0184396906055177,0.0737587624220565,0.0553190718165517,0.0967,1.0,0.0446,1.0,-0.052099999999999994
5x5,uniform,common,loglinear,500,50,0.6,0.0184396906055177,0.0737587624220565,0.0553190718165517,0.239,1.0,0.1855,1.0,-0.05349999999999999
5x5,uniform,rare,additive,10,10,0.0,0.0184396906055175,0.0184396906055175,0.0,0.1103,1.0,0.0698,0.9998,-0.040499999999999994
5x5,uniform,rare,additive,50,50,0.0,0.0184396906055175,0.0184396906055175,0.0,0.0643,1.0,0.0474,1.0,-0.0169
5x5,uniform,rare,additive,250,250,0.0,0.0184396906055175,0.0184396906055175,0.0,0.0201,1.0,0.0152,1.0,-0.0049
5x5,uniform,rare,additive,1000,1000,0.0,0.0184396906055175,0.0184396906055175,0.0,0.0321,1.0,0.0287,1.0,-0.0033999999999999968
5x5,uniform,rare,additive,50,500,0.0,0.0184396906055175,0.0184396906055175,0.0,0.0868,1.0,0.0519,1.0,-0.0349
5x5,uniform,rare,additive,500,50,0.0,0.0184396906055175,0.0184396906055175,0.0,0.0801,1.0,0.0483,1.0,-0.0318
5x5,uniform,rare,additive,10,10,0.1,0.0184396906055175,0.0276595359082754,0.0092198453027586,0.104,1.0,0.0614,0.9994,-0.04259999999999999
5x5,uniform,rare,additive,50,50,0.1,0.0184396906055175,0.0276595359082754,0.0092198453027586,0.0717,1.0,0.0544,1.0,-0.017300000000000003
5x5,uniform,rare,additive,250,250,0.1,0.0184396906055175,0.0276595359082754,0.0092198453027586,0.0324,1.0,0.0266,1.0,-0.0058
5x5,uniform,rare,additive,1000,1000,0.1,0.0184396906055175,0.0276595359082754,0.0092198453027586,0.1212,1.0,0.1137,1.0,-0.007500000000000007
5x5,uniform,rare,additive,50,500,0.1,0.0184396906055175,0.0276595359082754,0.0092198453027586,0.0724,1.0,0.0405,1.0,-0.031900000000000005
5x5,uniform,rare,additive,500,50,0.1,0.0184396906055175,0.0276595359082754,0.0092198453027586,0.101,1.0,0.0649,1.0,-0.03610000000000001
5x5,uniform,rare,additive,10,10,0.3,0.0184396906055175,0.0460992265137929,0.0276595359082759,0.1057,1.0,0.064,0.9998,-0.0417
5x5,uniform,rare,additive,50,50,0.3,0.0184396906055175,0.0460992265137929,0.0276595359082759,0.082,1.0,0.0629,1.0,-0.019100000000000006
5x5,uniform,rare,additive,250,250,0.3,0.0184396906055175,0.0460992265137929,0.0276595359082759,0.1394,1.0,0.1249,1.0,-0.014499999999999999
5x5,uniform,rare,additive,1000,1000,0.3,0.0184396906055175,0.0460992265137929,0.0276595359082759,0.6657,1.0,0.6548,1.0,-0.01089999999999991
5x5,uniform,rare,additive,50,500,0.3,0.0184396906055175,0.0460992265137929,0.0276595359082759,0.0719,1.0,0.031,1.0,-0.040900000000000006
5x5,uniform,rare,additive,500,50,0.3,0.0184396906055175,0.0460992265137929,0.0276595359082759,0.1406,1.0,0.1014,1.0,-0.0392
5x5,uniform,rare,additive,10,10,0.6,0.0184396906055175,0.0737587624220674,0.0553190718165517,0.1145,1.0,0.0695,0.9995,-0.045
5x5,uniform,rare,additive,50,50,0.6,0.0184396906055175,0.0737587624220674,0.0553190718165517,0.0997,1.0,0.0774,1.0,-0.0223
5x5,uniform,rare,additive,250,250,0.6,0.0184396906055175,0.0737587624220674,0.0553190718165517,0.4554,1.0,0.4332,1.0,-0.022200000000000053
5x5,uniform,rare,additive,1000,1000,0.6,0.0184396906055175,0.0737587624220674,0.0553190718165517,0.9942,1.0,0.9939,1.0,-0.00029999999999996696
5x5,uniform,rare,additive,50,500,0.6,0.0184396906055175,0.0737587624220674,0.0553190718165517,0.1029,1.0,0.0466,1.0,-0.0563
5x5,uniform,rare,additive,500,50,0.6,0.0184396906055175,0.0737587624220674,0.0553190718165517,0.2275,1.0,0.172,1.0,-0.05550000000000002
5x5,uniform,rare,loglinear,10,10,0.0,0.0184396906055177,0.0184396906055177,0.0,0.1083,1.0,0.0667,0.9994,-0.0416
5x5,uniform,rare,loglinear,50,50,0.0,0.0184396906055177,0.0184396906055177,0.0,0.0657,1.0,0.048,1.0,-0.017699999999999994
5x5,uniform,rare,loglinear,250,250,0.0,0.0184396906055177,0.0184396906055177,0.0,0.0199,1.0,0.0155,1.0,-0.004400000000000001
5x5,uniform,rare,loglinear,1000,1000,0.0,0.0184396906055177,0.0184396906055177,0.0,0.035,1.0,0.0316,1.0,-0.0034000000000000002
5x5,uniform,rare,loglinear,50,500,0.0,0.0184396906055177,0.0184396906055177,0.0,0.0861,1.0,0.0511,1.0,-0.034999999999999996
5x5,uniform,rare,loglinear,500,50,0.0,0.0184396906055177,0.0184396906055177,0.0,0.0854,1.0,0.0517,1.0,-0.0337
5x5,uniform,rare,loglinear,10,10,0.1,0.0184396906055177,0.0276595359082754,0.0092198453027586,0.1055,1.0,0.0628,0.9998,-0.0427
5x5,uniform,rare,loglinear,50,50,0.1,0.0184396906055177,0.0276595359082754,0.0092198453027586,0.0692,1.0,0.0498,1.0,-0.0194
5x5,uniform,rare,loglinear,250,250,0.1,0.0184396906055177,0.0276595359082754,0.0092198453027586,0.0345,1.0,0.0293,1.0,-0.005200000000000003
5x5,uniform,rare,loglinear,1000,1000,0.1,0.0184396906055177,0.0276595359082754,0.0092198453027586,0.1157,1.0,0.1084,1.0,-0.007300000000000001
5x5,uniform,rare,loglinear,50,500,0.1,0.0184396906055177,0.0276595359082754,0.0092198453027586,0.072,1.0,0.0397,1.0,-0.032299999999999995
5x5,uniform,rare,loglinear,500,50,0.1,0.0184396906055177,0.0276595359082754,0.0092198453027586,0.0964,1.0,0.0601,1.0,-0.0363
5x5,uniform,rare,loglinear,10,10,0.3,0.0184396906055177,0.0460992265137925,0.0276595359082759,0.1086,1.0,0.0675,0.9995,-0.0411
5x5,uniform,rare,loglinear,50,50,0.3,0.0184396906055177,0.0460992265137925,0.0276595359082759,0.0803,1.0,0.063,1.0,-0.017299999999999996
5x5,uniform,rare,loglinear,250,250,0.3,0.0184396906055177,0.0460992265137925,0.0276595359082759,0.1205,1.0,0.1077,1.0,-0.012799999999999992
5x5,uniform,rare,loglinear,1000,1000,0.3,0.0184396906055177,0.0460992265137925,0.0276595359082759,0.6253,1.0,0.6141,1.0,-0.011199999999999988
5x5,uniform,rare,loglinear,50,500,0.3,0.0184396906055177,0.0460992265137925,0.0276595359082759,0.0688,1.0,0.0317,1.0,-0.0371
5x5,uniform,rare,loglinear,500,50,0.3,0.0184396906055177,0.0460992265137925,0.0276595359082759,0.1494,1.0,0.1097,1.0,-0.0397
5x5,uniform,rare,loglinear,10,10,0.6,0.0184396906055177,0.0737587624220565,0.0553190718165517,0.1101,1.0,0.066,0.9996,-0.0441
5x5,uniform,rare,loglinear,50,50,0.6,0.0184396906055177,0.0737587624220565,0.0553190718165517,0.1187,1.0,0.0952,1.0,-0.023499999999999993
5x5,uniform,rare,loglinear,250,250,0.6,0.0184396906055177,0.0737587624220565,0.0553190718165517,0.3839,1.0,0.3626,1.0,-0.02130000000000004
5x5,uniform,rare,loglinear,1000,1000,0.6,0.0184396906055177,0.0737587624220565,0.0553190718165517,0.9852,1.0,0.9847,1.0,-0.0004999999999999449
5x5,uniform,rare,loglinear,50,500,0.6,0.0184396906055177,0.0737587624220565,0.0553190718165517,0.0988,1.0,0.0475,1.0,-0.0513
5x5,uniform,rare,loglinear,500,50,0.6,0.0184396906055177,0.0737587624220565,0.0553190718165517,0.2355,1.0,0.1841,1.0,-0.051399999999999973
5x5,uniform,spread,additive,10,10,0.0,0.0268703317143432,0.0268703317143432,0.0,0.1102,1.0,0.0658,0.9996,-0.04440000000000001
5x5,uniform,spread,additive,50,50,0.0,0.0268703317143432,0.0268703317143432,0.0,0.0698,1.0,0.0496,1.0,-0.020200000000000003
5x5,uniform,spread,additive,250,250,0.0,0.0268703317143432,0.0268703317143432,0.0,0.0302,1.0,0.0257,1.0,-0.0045000000000000005
5x5,uniform,spread,additive,1000,1000,0.0,0.0268703317143432,0.0268703317143432,0.0,0.0371,1.0,0.0346,1.0,-0.0025000000000000022
5x5,uniform,spread,additive,50,500,0.0,0.0268703317143432,0.0268703317143432,0.0,0.0923,1.0,0.0564,1.0,-0.035899999999999994
5x5,uniform,spread,additive,500,50,0.0,0.0268703317143432,0.0268703317143432,0.0,0.086,1.0,0.0529,1.0,-0.03309999999999999
5x5,uniform,spread,additive,10,10,0.1,0.0268703317143432,0.0403054975715138,0.0134351658571719,0.1045,1.0,0.0669,0.9997,-0.037599999999999995
5x5,uniform,spread,additive,50,50,0.1,0.0268703317143432,0.0403054975715138,0.0134351658571719,0.0732,1.0,0.056,1.0,-0.0172
5x5,uniform,spread,additive,250,250,0.1,0.0268703317143432,0.0403054975715138,0.0134351658571719,0.0476,1.0,0.0411,1.0,-0.006500000000000006
5x5,uniform,spread,additive,1000,1000,0.1,0.0268703317143432,0.0403054975715138,0.0134351658571719,0.1781,1.0,0.1715,1.0,-0.006599999999999995
5x5,uniform,spread,additive,50,500,0.1,0.0268703317143432,0.0403054975715138,0.0134351658571719,0.0755,1.0,0.0417,1.0,-0.0338
5x5,uniform,spread,additive,500,50,0.1,0.0268703317143432,0.0403054975715138,0.0134351658571719,0.1083,1.0,0.0743,1.0,-0.03399999999999999
5x5,uniform,spread,additive,10,10,0.3,0.0268703317143432,0.0671758292858593,0.0403054975715158,0.1124,1.0,0.0711,0.999,-0.0413
5x5,uniform,spread,additive,50,50,0.3,0.0268703317143432,0.0671758292858593,0.0403054975715158,0.0986,1.0,0.0761,1.0,-0.022499999999999992
5x5,uniform,spread,additive,250,250,0.3,0.0268703317143432,0.0671758292858593,0.0403054975715158,0.2226,1.0,0.2068,1.0,-0.01579999999999998
5x5,uniform,spread,additive,1000,1000,0.3,0.0268703317143432,0.0671758292858593,0.0403054975715158,0.8424,1.0,0.8368,1.0,-0.005600000000000049
5x5,uniform,spread,additive,50,500,0.3,0.0268703317143432,0.0671758292858593,0.0403054975715158,0.0837,1.0,0.0419,1.0,-0.0418
5x5,uniform,spread,additive,500,50,0.3,0.0268703317143432,0.0671758292858593,0.0403054975715158,0.1864,1.0,0.1419,1.0,-0.04450000000000001
5x5,uniform,spread,additive,10,10,0.6,0.0268703317143432,0.1074813268573753,0.0806109951430317,0.1159,1.0,0.0712,0.9997,-0.044700000000000004
5x5,uniform,spread,additive,50,50,0.6,0.0268703317143432,0.1074813268573753,0.0806109951430317,0.1579,1.0,0.1319,1.0,-0.026000000000000023
5x5,uniform,spread,additive,250,250,0.6,0.0268703317143432,0.1074813268573753,0.0806109951430317,0.6635,1.0,0.6478,1.0,-0.015699999999999936
5x5,uniform,spread,additive,1000,1000,0.6,0.0268703317143432,0.1074813268573753,0.0806109951430317,0.9999,1.0,0.9999,1.0,0.0
5x5,uniform,spread,additive,50,500,0.6,0.0268703317143432,0.1074813268573753,0.0806109951430317,0.1718,1.0,0.1039,1.0,-0.0679
5x5,uniform,spread,additive,500,50,0.6,0.0268703317143432,0.1074813268573753,0.0806109951430317,0.3175,1.0,0.2626,1.0,-0.054900000000000004
5x5,uniform,spread,loglinear,10,10,0.0,0.0268703317143441,0.0268703317143441,0.0,0.1043,1.0,0.0635,0.9997,-0.0408
5x5,uniform,spread,loglinear,50,50,0.0,0.0268703317143441,0.0268703317143441,0.0,0.0675,1.0,0.0503,1.0,-0.017200000000000007
5x5,uniform,spread,loglinear,250,250,0.0,0.0268703317143441,0.0268703317143441,0.0,0.0232,1.0,0.0196,1.0,-0.003599999999999999
5x5,uniform,spread,loglinear,1000,1000,0.0,0.0268703317143441,0.0268703317143441,0.0,0.0361,1.0,0.034,1.0,-0.0020999999999999977
5x5,uniform,spread,loglinear,50,500,0.0,0.0268703317143441,0.0268703317143441,0.0,0.0872,1.0,0.0547,1.0,-0.0325
5x5,uniform,spread,loglinear,500,50,0.0,0.0268703317143441,0.0268703317143441,0.0,0.0913,1.0,0.0563,1.0,-0.035
5x5,uniform,spread,loglinear,10,10,0.1,0.0268703317143441,0.0403054975715155,0.0134351658571719,0.1079,1.0,0.0656,0.9994,-0.04229999999999999
5x5,uniform,spread,loglinear,50,50,0.1,0.0268703317143441,0.0403054975715155,0.0134351658571719,0.0801,1.0,0.0608,1.0,-0.019300000000000005
5x5,uniform,spread,loglinear,250,250,0.1,0.0268703317143441,0.0403054975715155,0.0134351658571719,0.0522,1.0,0.0454,1.0,-0.0068000000000000005
5x5,uniform,spread,loglinear,1000,1000,0.1,0.0268703317143441,0.0403054975715155,0.0134351658571719,0.1771,1.0,0.1698,1.0,-0.007300000000000001
5x5,uniform,spread,loglinear,50,500,0.1,0.0268703317143441,0.0403054975715155,0.0134351658571719,0.0817,1.0,0.0452,1.0,-0.0365
5x5,uniform,spread,loglinear,500,50,0.1,0.0268703317143441,0.0403054975715155,0.0134351658571719,0.1147,1.0,0.0759,1.0,-0.0388
5x5,uniform,spread,loglinear,10,10,0.3,0.0268703317143441,0.0671758292858597,0.0403054975715158,0.1119,1.0,0.0679,0.9994,-0.044
5x5,uniform,spread,loglinear,50,50,0.3,0.0268703317143441,0.0671758292858597,0.0403054975715158,0.0928,1.0,0.0765,1.0,-0.016299999999999995
5x5,uniform,spread,loglinear,250,250,0.3,0.0268703317143441,0.0671758292858597,0.0403054975715158,0.2146,1.0,0.1995,1.0,-0.015100000000000002
5x5,uniform,spread,loglinear,1000,1000,0.3,0.0268703317143441,0.0671758292858597,0.0403054975715158,0.8299,1.0,0.8244,1.0,-0.005499999999999949
5x5,uniform,spread,loglinear,50,500,0.3,0.0268703317143441,0.0671758292858597,0.0403054975715158,0.0814,1.0,0.0392,1.0,-0.0422
5x5,uniform,spread,loglinear,500,50,0.3,0.0268703317143441,0.0671758292858597,0.0403054975715158,0.1814,1.0,0.1373,1.0,-0.0441
5x5,uniform,spread,loglinear,10,10,0.6,0.0268703317143441,0.1074813268573759,0.0806109951430317,0.1105,1.0,0.067,0.9999,-0.0435
5x5,uniform,spread,loglinear,50,50,0.6,0.0268703317143441,0.1074813268573759,0.0806109951430317,0.162,1.0,0.1364,1.0,-0.02560000000000001
5x5,uniform,spread,loglinear,250,250,0.6,0.0268703317143441,0.1074813268573759,0.0806109951430317,0.618,1.0,0.6023,1.0,-0.015700000000000047
5x5,uniform,spread,loglinear,1000,1000,0.6,0.0268703317143441,0.1074813268573759,0.0806109951430317,0.9992,1.0,0.9992,1.0,0.0
5x5,uniform,spread,loglinear,50,500,0.6,0.0268703317143441,0.1074813268573759,0.0806109951430317,0.1713,1.0,0.1035,1.0,-0.06780000000000001
5x5,uniform,spread,loglinear,500,50,0.6,0.0268703317143441,0.1074813268573759,0.0806109951430317,0.3309,1.0,0.2734,1.0,-0.05750000000000005
5x5,different_skew,common,additive,10,10,0.0,0.027983292774441,0.0279832927744405,0.0,0.158,0.9893,0.074,0.7848,-0.084
5x5,different_skew,common,additive,50,50,0.0,0.027983292774441,0.0279832927744405,0.0,0.0612,1.0,0.0374,1.0,-0.023799999999999995
5x5,different_skew,common,additive,250,250,0.0,0.027983292774441,0.0279832927744405,0.0,0.0307,1.0,0.0232,1.0,-0.007500000000000003
5x5,different_skew,common,additive,1000,1000,0.0,0.027983292774441,0.0279832927744405,0.0,0.0397,1.0,0.0348,1.0,-0.004900000000000002
5x5,different_skew,common,additive,50,500,0.0,0.027983292774441,0.0279832927744405,0.0,0.0919,1.0,0.0164,1.0,-0.0755
5x5,different_skew,common,additive,500,50,0.0,0.027983292774441,0.0279832927744405,0.0,0.2751,1.0,0.0637,1.0,-0.2114
5x5,different_skew,common,additive,10,10,0.1,0.027983292774441,0.041974939161661,0.0139916463872203,0.1566,0.9879,0.07,0.7791,-0.08659999999999998
5x5,different_skew,common,additive,50,50,0.1,0.027983292774441,0.041974939161661,0.0139916463872203,0.0502,1.0,0.0308,1.0,-0.0194
5x5,different_skew,common,additive,250,250,0.1,0.027983292774441,0.041974939161661,0.0139916463872203,0.0402,1.0,0.0304,1.0,-0.0098
5x5,different_skew,common,additive,1000,1000,0.1,0.027983292774441,0.041974939161661,0.0139916463872203,0.1545,1.0,0.1444,1.0,-0.010099999999999998
5x5,different_skew,common,additive,50,500,0.1,0.027983292774441,0.041974939161661,0.0139916463872203,0.1229,1.0,0.0222,1.0,-0.1007
5x5,different_skew,common,additive,500,50,0.1,0.027983292774441,0.041974939161661,0.0139916463872203,0.2124,1.0,0.0482,1.0,-0.1642
5x5,different_skew,common,additive,10,10,0.3,0.027983292774441,0.0699582319361031,0.0419749391616611,0.1547,0.989,0.0694,0.7806,-0.0853
5x5,different_skew,common,additive,50,50,0.3,0.027983292774441,0.0699582319361031,0.0419749391616611,0.047,1.0,0.0308,1.0,-0.0162
5x5,different_skew,common,additive,250,250,0.3,0.027983292774441,0.0699582319361031,0.0419749391616611,0.1634,1.0,0.1491,1.0,-0.01429999999999998
5x5,different_skew,common,additive,1000,1000,0.3,0.027983292774441,0.0699582319361031,0.0419749391616611,0.6931,1.0,0.6821,1.0,-0.01100000000000001
5x5,different_skew,common,additive,50,500,0.3,0.027983292774441,0.0699582319361031,0.0419749391616611,0.2088,1.0,0.0694,1.0,-0.13940000000000002
5x5,different_skew,common,additive,500,50,0.3,0.027983292774441,0.0699582319361031,0.0419749391616611,0.1406,1.0,0.0396,0.9999,-0.101
5x5,different_skew,common,additive,10,10,0.6,0.027983292774441,0.1119331710977629,0.0839498783233223,0.1629,0.9867,0.0635,0.7694,-0.09939999999999999
5x5,different_skew,common,additive,50,50,0.6,0.027983292774441,0.1119331710977629,0.0839498783233223,0.0578,1.0,0.0439,0.9999,-0.013899999999999996
5x5,different_skew,common,additive,250,250,0.6,0.027983292774441,0.1119331710977629,0.0839498783233223,0.5098,1.0,0.4909,1.0,-0.018900000000000028
5x5,different_skew,common,additive,1000,1000,0.6,0.027983292774441,0.1119331710977629,0.0839498783233223,0.9916,1.0,0.9914,1.0,-0.000200000000000089
5x5,different_skew,common,additive,50,500,0.6,0.027983292774441,0.1119331710977629,0.0839498783233223,0.3607,1.0,0.2035,1.0,-0.15720000000000003
5x5,different_skew,common,additive,500,50,0.6,0.027983292774441,0.1119331710977629,0.0839498783233223,0.0898,1.0,0.0392,0.9999,-0.050600000000000006
5x5,different_skew,common,loglinear,10,10,0.0,0.0279832927744407,0.0279832927744408,0.0,0.1772,0.9888,0.0796,0.7858,-0.09759999999999999
5x5,different_skew,common,loglinear,50,50,0.0,0.0279832927744407,0.0279832927744408,0.0,0.0517,1.0,0.0346,1.0,-0.017100000000000004
5x5,different_skew,common,loglinear,250,250,0.0,0.0279832927744407,0.0279832927744408,0.0,0.0199,1.0,0.0143,1.0,-0.005600000000000001
5x5,different_skew,common,loglinear,1000,1000,0.0,0.0279832927744407,0.0279832927744408,0.0,0.0365,1.0,0.0327,1.0,-0.003799999999999998
5x5,different_skew,common,loglinear,50,500,0.0,0.0279832927744407,0.0279832927744408,0.0,0.0593,1.0,0.0084,1.0,-0.0509
5x5,different_skew,common,loglinear,500,50,0.0,0.0279832927744407,0.0279832927744408,0.0,0.175,1.0,0.0293,1.0,-0.1457
5x5,different_skew,common,loglinear,10,10,0.1,0.0279832927744407,0.0419749391616615,0.0139916463872203,0.1705,0.9909,0.0748,0.7786,-0.09570000000000001
5x5,different_skew,common,loglinear,50,50,0.1,0.0279832927744407,0.0419749391616615,0.0139916463872203,0.0415,1.0,0.0284,1.0,-0.0131
5x5,different_skew,common,loglinear,250,250,0.1,0.0279832927744407,0.0419749391616615,0.0139916463872203,0.0369,1.0,0.0293,1.0,-0.007600000000000003
5x5,different_skew,common,loglinear,1000,1000,0.1,0.0279832927744407,0.0419749391616615,0.0139916463872203,0.1537,1.0,0.1447,1.0,-0.009000000000000008
5x5,different_skew,common,loglinear,50,500,0.1,0.0279832927744407,0.0419749391616615,0.0139916463872203,0.0805,1.0,0.0104,1.0,-0.0701
5x5,different_skew,common,loglinear,500,50,0.1,0.0279832927744407,0.0419749391616615,0.0139916463872203,0.1246,1.0,0.0209,1.0,-0.1037
5x5,different_skew,common,loglinear,10,10,0.3,0.0279832927744407,0.0699582319360857,0.0419749391616611,0.1741,0.9882,0.0715,0.782,-0.10260000000000001
5x5,different_skew,common,loglinear,50,50,0.3,0.0279832927744407,0.0699582319360857,0.0419749391616611,0.0394,1.0,0.0285,1.0,-0.010899999999999996
5x5,different_skew,common,loglinear,250,250,0.3,0.0279832927744407,0.0699582319360857,0.0419749391616611,0.1591,1.0,0.1406,1.0,-0.01849999999999999
5x5,different_skew,common,loglinear,1000,1000,0.3,0.0279832927744407,0.0699582319360857,0.0419749391616611,0.7575,1.0,0.7488,1.0,-0.00869999999999993
5x5,different_skew,common,loglinear,50,500,0.3,0.0279832927744407,0.0699582319360857,0.0419749391616611,0.1362,1.0,0.0365,1.0,-0.09969999999999998
5x5,different_skew,common,loglinear,500,50,0.3,0.0279832927744407,0.0699582319360857,0.0419749391616611,0.0771,1.0,0.0195,0.9999,-0.0576
5x5,different_skew,common,loglinear,10,10,0.6,0.0279832927744407,0.1119331710977631,0.0839498783233223,0.174,0.9903,0.0692,0.7811,-0.10479999999999999
5x5,different_skew,common,loglinear,50,50,0.6,0.0279832927744407,0.1119331710977631,0.0839498783233223,0.0594,1.0,0.0485,1.0,-0.0109
5x5,different_skew,common,loglinear,250,250,0.6,0.0279832927744407,0.1119331710977631,0.0839498783233223,0.5332,1.0,0.5127,1.0,-0.020499999999999963
5x5,different_skew,common,loglinear,1000,1000,0.6,0.0279832927744407,0.1119331710977631,0.0839498783233223,0.9971,1.0,0.9968,1.0,-0.00029999999999996696
5x5,different_skew,common,loglinear,50,500,0.6,0.0279832927744407,0.1119331710977631,0.0839498783233223,0.2797,1.0,0.1524,1.0,-0.1273
5x5,different_skew,common,loglinear,500,50,0.6,0.0279832927744407,0.1119331710977631,0.0839498783233223,0.0769,1.0,0.0465,1.0,-0.030399999999999996
5x5,different_skew,rare,additive,10,10,0.0,0.0011524806628453,0.0011524806628446,0.0,0.1332,0.9858,0.0589,0.7721,-0.0743
5x5,different_skew,rare,additive,50,50,0.0,0.0011524806628453,0.0011524806628446,0.0,0.0545,1.0,0.0206,1.0,-0.0339
5x5,different_skew,rare,additive,250,250,0.0,0.0011524806628453,0.0011524806628446,0.0,0.0123,1.0,0.0023,1.0,-0.01
5x5,different_skew,rare,additive,1000,1000,0.0,0.0011524806628453,0.0011524806628446,0.0,0.0237,1.0,0.0142,1.0,-0.009499999999999998
5x5,different_skew,rare,additive,50,500,0.0,0.0011524806628453,0.0011524806628446,0.0,0.1016,1.0,0.0139,1.0,-0.0877
5x5,different_skew,rare,additive,500,50,0.0,0.0011524806628453,0.0011524806628446,0.0,0.3969,1.0,0.1368,0.9999,-0.2601
5x5,different_skew,rare,additive,10,10,0.1,0.0011524806628453,0.0017287209942671,0.0005762403314223,0.1239,0.9884,0.0555,0.7803,-0.06839999999999999
5x5,different_skew,rare,additive,50,50,0.1,0.0011524806628453,0.0017287209942671,0.0005762403314223,0.0545,1.0,0.0192,1.0,-0.0353
5x5,different_skew,rare,additive,250,250,0.1,0.0011524806628453,0.0017287209942671,0.0005762403314223,0.013,1.0,0.0037,1.0,-0.0093
5x5,different_skew,rare,additive,1000,1000,0.1,0.0011524806628453,0.0017287209942671,0.0005762403314223,0.0292,1.0,0.0163,1.0,-0.012900000000000002
5x5,different_skew,rare,additive,50,500,0.1,0.0011524806628453,0.0017287209942671,0.0005762403314223,0.1005,1.0,0.0148,1.0,-0.0857
5x5,different_skew,rare,additive,500,50,0.1,0.0011524806628453,0.0017287209942671,0.0005762403314223,0.4016,1.0,0.1392,1.0,-0.2624
5x5,different_skew,rare,additive,10,10,0.3,0.0011524806628453,0.0028812016571118,0.0017287209942671,0.1282,0.9887,0.0646,0.7825,-0.0636
5x5,different_skew,rare,additive,50,50,0.3,0.0011524806628453,0.0028812016571118,0.0017287209942671,0.0503,1.0,0.0225,1.0,-0.0278
5x5,different_skew,rare,additive,250,250,0.3,0.0011524806628453,0.0028812016571118,0.0017287209942671,0.0132,1.0,0.0041,1.0,-0.0091
5x5,different_skew,rare,additive,1000,1000,0.3,0.0011524806628453,0.0028812016571118,0.0017287209942671,0.0432,1.0,0.0241,1.0,-0.019100000000000002
5x5,different_skew,rare,additive,50,500,0.3,0.0011524806628453,0.0028812016571118,0.0017287209942671,0.1006,1.0,0.0135,1.0,-0.0871
5x5,different_skew,rare,additive,500,50,0.3,0.0011524806628453,0.0028812016571118,0.0017287209942671,0.3975,1.0,0.1386,1.0,-0.2589
5x5,different_skew,rare,additive,10,10,0.6,0.0011524806628453,0.0046099226513789,0.0034574419885343,0.1259,0.9882,0.0593,0.7825,-0.06660000000000002
5x5,different_skew,rare,additive,50,50,0.6,0.0011524806628453,0.0046099226513789,0.0034574419885343,0.0551,1.0,0.019,1.0,-0.03610000000000001
5x5,different_skew,rare,additive,250,250,0.6,0.0011524806628453,0.0046099226513789,0.0034574419885343,0.0105,1.0,0.0018,1.0,-0.008700000000000001
5x5,different_skew,rare,additive,1000,1000,0.6,0.0011524806628453,0.0046099226513789,0.0034574419885343,0.0643,1.0,0.0379,1.0,-0.026399999999999993
5x5,different_skew,rare,additive,50,500,0.6,0.0011524806628453,0.0046099226513789,0.0034574419885343,0.1082,1.0,0.0181,1.0,-0.0901
5x5,different_skew,rare,additive,500,50,0.6,0.0011524806628453,0.0046099226513789,0.0034574419885343,0.3877,1.0,0.1309,1.0,-0.25680000000000003
5x5,different_skew,rare,loglinear,10,10,0.0,0.0011524806628449,0.0011524806628447,0.0,0.1347,0.9897,0.0621,0.7844,-0.07259999999999998
5x5,different_skew,rare,loglinear,50,50,0.0,0.0011524806628449,0.0011524806628447,0.0,0.0506,1.0,0.0226,1.0,-0.028
5x5,different_skew,rare,loglinear,250,250,0.0,0.0011524806628449,0.0011524806628447,0.0,0.0075,1.0,0.0015,1.0,-0.006
5x5,different_skew,rare,loglinear,1000,1000,0.0,0.0011524806628449,0.0011524806628447,0.0,0.0125,1.0,0.0056,1.0,-0.006900000000000001
5x5,different_skew,rare,loglinear,50,500,0.0,0.0011524806628449,0.0011524806628447,0.0,0.0808,1.0,0.0099,1.0,-0.07089999999999999
5x5,different_skew,rare,loglinear,500,50,0.0,0.0011524806628449,0.0011524806628447,0.0,0.3161,1.0,0.0997,1.0,-0.21639999999999998
5x5,different_skew,rare,loglinear,10,10,0.1,0.0011524806628449,0.0017287209942671,0.0005762403314223,0.1364,0.9875,0.0629,0.7774,-0.0735
5x5,different_skew,rare,loglinear,50,50,0.1,0.0011524806628449,0.0017287209942671,0.0005762403314223,0.0491,1.0,0.0198,1.0,-0.029299999999999996
5x5,different_skew,rare,loglinear,250,250,0.1,0.0011524806628449,0.0017287209942671,0.0005762403314223,0.0058,1.0,0.0017,1.0,-0.0040999999999999995
5x5,different_skew,rare,loglinear,1000,1000,0.1,0.0011524806628449,0.0017287209942671,0.0005762403314223,0.0134,1.0,0.007,1.0,-0.0064
5x5,different_skew,rare,loglinear,50,500,0.1,0.0011524806628449,0.0017287209942671,0.0005762403314223,0.0837,1.0,0.0097,1.0,-0.074
5x5,different_skew,rare,loglinear,500,50,0.1,0.0011524806628449,0.0017287209942671,0.0005762403314223,0.3078,1.0,0.0897,1.0,-0.21810000000000002
5x5,different_skew,rare,loglinear,10,10,0.3,0.0011524806628449,0.002881201657112,0.0017287209942671,0.1363,0.9858,0.0671,0.7782,-0.0692
5x5,different_skew,rare,loglinear,50,50,0.3,0.0011524806628449,0.002881201657112,0.0017287209942671,0.0442,1.0,0.0181,0.9999,-0.0261
5x5,different_skew,rare,loglinear,250,250,0.3,0.0011524806628449,0.002881201657112,0.0017287209942671,0.006,1.0,0.0011,1.0,-0.0049
5x5,different_skew,rare,loglinear,1000,1000,0.3,0.0011524806628449,0.002881201657112,0.0017287209942671,0.0219,1.0,0.0126,1.0,-0.0093
5x5,different_skew,rare,loglinear,50,500,0.3,0.0011524806628449,0.002881201657112,0.0017287209942671,0.0826,1.0,0.0118,1.0,-0.0708
5x5,different_skew,rare,loglinear,500,50,0.3,0.0011524806628449,0.002881201657112,0.0017287209942671,0.2839,1.0,0.0813,1.0,-0.2026
5x5,different_skew,rare,loglinear,10,10,0.6,0.0011524806628449,0.0046099226513793,0.0034574419885343,0.13,0.9907,0.0546,0.7788,-0.0754
5x5,different_skew,rare,loglinear,50,50,0.6,0.0011524806628449,0.0046099226513793,0.0034574419885343,0.0402,1.0,0.0176,1.0,-0.0226
5x5,different_skew,rare,loglinear,250,250,0.6,0.0011524806628449,0.0046099226513793,0.0034574419885343,0.0058,1.0,0.0016,1.0,-0.0042
5x5,different_skew,rare,loglinear,1000,1000,0.6,0.0011524806628449,0.0046099226513793,0.0034574419885343,0.0351,1.0,0.0227,1.0,-0.012399999999999998
5x5,different_skew,rare,loglinear,50,500,0.6,0.0011524806628449,0.0046099226513793,0.0034574419885343,0.0897,1.0,0.0107,1.0,-0.079
5x5,different_skew,rare,loglinear,500,50,0.6,0.0011524806628449,0.0046099226513793,0.0034574419885343,0.2618,1.0,0.0657,1.0,-0.1961
5x5,different_skew,spread,additive,10,10,0.0,0.0021588141327035,0.0021588141327026,0.0,0.1346,0.9891,0.0611,0.7817,-0.0735
5x5,different_skew,spread,additive,50,50,0.0,0.0021588141327035,0.0021588141327026,0.0,0.0563,1.0,0.0248,1.0,-0.0315
5x5,different_skew,spread,additive,250,250,0.0,0.0021588141327035,0.0021588141327026,0.0,0.0118,1.0,0.004,1.0,-0.0078
5x5,different_skew,spread,additive,1000,1000,0.0,0.0021588141327035,0.0021588141327026,0.0,0.0224,1.0,0.0135,1.0,-0.0089
5x5,different_skew,spread,additive,50,500,0.0,0.0021588141327035,0.0021588141327026,0.0,0.0932,1.0,0.0126,1.0,-0.0806
5x5,different_skew,spread,additive,500,50,0.0,0.0021588141327035,0.0021588141327026,0.0,0.3684,1.0,0.1203,1.0,-0.2481
5x5,different_skew,spread,additive,10,10,0.1,0.0021588141327035,0.0032382211990551,0.0010794070663515,0.132,0.9887,0.0591,0.7751,-0.0729
5x5,different_skew,spread,additive,50,50,0.1,0.0021588141327035,0.0032382211990551,0.0010794070663515,0.053,1.0,0.0193,1.0,-0.033699999999999994
5x5,different_skew,spread,additive,250,250,0.1,0.0021588141327035,0.0032382211990551,0.0010794070663515,0.0102,1.0,0.0031,1.0,-0.0071
5x5,different_skew,spread,additive,1000,1000,0.1,0.0021588141327035,0.0032382211990551,0.0010794070663515,0.0262,1.0,0.0148,1.0,-0.0114
5x5,different_skew,spread,additive,50,500,0.1,0.0021588141327035,0.0032382211990551,0.0010794070663515,0.0983,1.0,0.0136,1.0,-0.0847
5x5,different_skew,spread,additive,500,50,0.1,0.0021588141327035,0.0032382211990551,0.0010794070663515,0.3579,1.0,0.112,1.0,-0.2459
5x5,different_skew,spread,additive,10,10,0.3,0.0021588141327035,0.0053970353317573,0.0032382211990545,0.13,0.9895,0.0597,0.7778,-0.0703
5x5,different_skew,spread,additive,50,50,0.3,0.0021588141327035,0.0053970353317573,0.0032382211990545,0.0513,1.0,0.0211,0.9999,-0.030199999999999998
5x5,different_skew,spread,additive,250,250,0.3,0.0021588141327035,0.0053970353317573,0.0032382211990545,0.0094,1.0,0.0028,1.0,-0.0066
5x5,different_skew,spread,additive,1000,1000,0.3,0.0021588141327035,0.0053970353317573,0.0032382211990545,0.0541,1.0,0.0338,1.0,-0.020300000000000006
5x5,different_skew,spread,additive,50,500,0.3,0.0021588141327035,0.0053970353317573,0.0032382211990545,0.0997,1.0,0.0144,1.0,-0.0853
5x5,different_skew,spread,additive,500,50,0.3,0.0021588141327035,0.0053970353317573,0.0032382211990545,0.3506,1.0,0.1134,1.0,-0.23720000000000002
5x5,different_skew,spread,additive,10,10,0.6,0.0021588141327035,0.0086352565308116,0.006476442398109,0.14,0.9894,0.0653,0.7811,-0.07470000000000002
5x5,different_skew,spread,additive,50,50,0.6,0.0021588141327035,0.0086352565308116,0.006476442398109,0.0524,1.0,0.0216,1.0,-0.0308
5x5,different_skew,spread,additive,250,250,0.6,0.0021588141327035,0.0086352565308116,0.006476442398109,0.0095,1.0,0.0027,1.0,-0.0068
5x5,different_skew,spread,additive,1000,1000,0.6,0.0021588141327035,0.0086352565308116,0.006476442398109,0.1302,1.0,0.0922,1.0,-0.038000000000000006
5x5,different_skew,spread,additive,50,500,0.6,0.0021588141327035,0.0086352565308116,0.006476442398109,0.1117,1.0,0.0156,1.0,-0.09609999999999999
5x5,different_skew,spread,additive,500,50,0.6,0.0021588141327035,0.0086352565308116,0.006476442398109,0.3416,1.0,0.1111,1.0,-0.2305
5x5,different_skew,spread,loglinear,10,10,0.0,0.0021588141327031,0.0021588141327025,0.0,0.1414,0.9905,0.0648,0.7842,-0.0766
5x5,different_skew,spread,loglinear,50,50,0.0,0.0021588141327031,0.0021588141327025,0.0,0.0455,1.0,0.0194,0.9999,-0.026099999999999998
5x5,different_skew,spread,loglinear,250,250,0.0,0.0021588141327031,0.0021588141327025,0.0,0.0075,1.0,0.0028,1.0,-0.004699999999999999
5x5,different_skew,spread,loglinear,1000,1000,0.0,0.0021588141327031,0.0021588141327025,0.0,0.0108,1.0,0.0053,1.0,-0.0055000000000000005
5x5,different_skew,spread,loglinear,50,500,0.0,0.0021588141327031,0.0021588141327025,0.0,0.076,1.0,0.0091,1.0,-0.0669
5x5,different_skew,spread,loglinear,500,50,0.0,0.0021588141327031,0.0021588141327025,0.0,0.2969,1.0,0.0844,0.9999,-0.2125
5x5,different_skew,spread,loglinear,10,10,0.1,0.0021588141327031,0.0032382211990547,0.0010794070663515,0.1394,0.9874,0.066,0.7855,-0.07339999999999999
5x5,different_skew,spread,loglinear,50,50,0.1,0.0021588141327031,0.0032382211990547,0.0010794070663515,0.043,1.0,0.0176,1.0,-0.025399999999999995
5x5,different_skew,spread,loglinear,250,250,0.1,0.0021588141327031,0.0032382211990547,0.0010794070663515,0.0068,1.0,0.0029,1.0,-0.0039
5x5,different_skew,spread,loglinear,1000,1000,0.1,0.0021588141327031,0.0032382211990547,0.0010794070663515,0.0161,1.0,0.0095,1.0,-0.0066
5x5,different_skew,spread,loglinear,50,500,0.1,0.0021588141327031,0.0032382211990547,0.0010794070663515,0.0792,1.0,0.0094,1.0,-0.0698
5x5,different_skew,spread,loglinear,500,50,0.1,0.0021588141327031,0.0032382211990547,0.0010794070663515,0.2853,1.0,0.0794,1.0,-0.2059
5x5,different_skew,spread,loglinear,10,10,0.3,0.0021588141327031,0.0053970353317567,0.0032382211990545,0.1433,0.99,0.0637,0.7808,-0.0796
5x5,different_skew,spread,loglinear,50,50,0.3,0.0021588141327031,0.0053970353317567,0.0032382211990545,0.0396,1.0,0.0178,1.0,-0.021800000000000003
5x5,different_skew,spread,loglinear,250,250,0.3,0.0021588141327031,0.0053970353317567,0.0032382211990545,0.0052,1.0,0.0023,1.0,-0.0029
5x5,different_skew,spread,loglinear,1000,1000,0.3,0.0021588141327031,0.0053970353317567,0.0032382211990545,0.0319,1.0,0.0197,1.0,-0.012199999999999999
5x5,different_skew,spread,loglinear,50,500,0.3,0.0021588141327031,0.0053970353317567,0.0032382211990545,0.089,1.0,0.011,1.0,-0.078
5x5,different_skew,spread,loglinear,500,50,0.3,0.0021588141327031,0.0053970353317567,0.0032382211990545,0.2511,1.0,0.0662,1.0,-0.1849
5x5,different_skew,spread,loglinear,10,10,0.6,0.0021588141327031,0.0086352565308231,0.006476442398109,0.1379,0.9886,0.0631,0.7829,-0.07479999999999999
5x5,different_skew,spread,loglinear,50,50,0.6,0.0021588141327031,0.0086352565308231,0.006476442398109,0.0421,1.0,0.0194,0.9999,-0.022699999999999998
5x5,different_skew,spread,loglinear,250,250,0.6,0.0021588141327031,0.0086352565308231,0.006476442398109,0.0099,1.0,0.004,1.0,-0.005900000000000001
5x5,different_skew,spread,loglinear,1000,1000,0.6,0.0021588141327031,0.0086352565308231,0.006476442398109,0.0874,1.0,0.0612,1.0,-0.026200000000000008
5x5,different_skew,spread,loglinear,50,500,0.6,0.0021588141327031,0.0086352565308231,0.006476442398109,0.089,1.0,0.0112,1.0,-0.0778
5x5,different_skew,spread,loglinear,500,50,0.6,0.0021588141327031,0.0086352565308231,0.006476442398109,0.2267,1.0,0.0562,1.0,-0.1705
8x8,uniform,common,additive,10,10,0.0,0.0072030041427799,0.0072030041427799,0.0,0.1373,1.0,0.0797,0.9988,-0.05760000000000001
8x8,uniform,common,additive,50,50,0.0,0.0072030041427799,0.0072030041427799,0.0,0.0686,1.0,0.0566,1.0,-0.011999999999999997
8x8,uniform,common,additive,250,250,0.0,0.0072030041427799,0.0072030041427799,0.0,0.0253,1.0,0.0223,1.0,-0.002999999999999999
8x8,uniform,common,additive,1000,1000,0.0,0.0072030041427799,0.0072030041427799,0.0,0.0131,1.0,0.0119,1.0,-0.0011999999999999997
8x8,uniform,common,additive,50,500,0.0,0.0072030041427799,0.0072030041427799,0.0,0.1559,1.0,0.122,1.0,-0.03390000000000001
8x8,uniform,common,additive,500,50,0.0,0.0072030041427799,0.0072030041427799,0.0,0.1623,1.0,0.1276,1.0,-0.03470000000000001
8x8,uniform,common,additive,10,10,0.1,0.0072030041427799,0.0108045062141703,0.00360150207139,0.1359,1.0,0.0786,0.9998,-0.05729999999999999
8x8,uniform,common,additive,50,50,0.1,0.0072030041427799,0.0108045062141703,0.00360150207139,0.0651,1.0,0.0536,1.0,-0.011500000000000003
8x8,uniform,common,additive,250,250,0.1,0.0072030041427799,0.0108045062141703,0.00360150207139,0.0287,1.0,0.0251,1.0,-0.003599999999999999
8x8,uniform,common,additive,1000,1000,0.1,0.0072030041427799,0.0108045062141703,0.00360150207139,0.0242,1.0,0.0218,1.0,-0.0023999999999999994
8x8,uniform,common,additive,50,500,0.1,0.0072030041427799,0.0108045062141703,0.00360150207139,0.1535,1.0,0.1188,1.0,-0.034699999999999995
8x8,uniform,common,additive,500,50,0.1,0.0072030041427799,0.0108045062141703,0.00360150207139,0.169,1.0,0.1342,1.0,-0.0348
8x8,uniform,common,additive,10,10,0.3,0.0072030041427799,0.0180075103569503,0.0108045062141702,0.1425,1.0,0.0814,0.9995,-0.06109999999999999
8x8,uniform,common,additive,50,50,0.3,0.0072030041427799,0.0180075103569503,0.0108045062141702,0.0741,1.0,0.0604,1.0,-0.013699999999999997
8x8,uniform,common,additive,250,250,0.3,0.0072030041427799,0.0180075103569503,0.0108045062141702,0.0389,1.0,0.0352,1.0,-0.003699999999999995
8x8,uniform,common,additive,1000,1000,0.3,0.0072030041427799,0.0180075103569503,0.0108045062141702,0.111,1.0,0.1053,1.0,-0.005699999999999997
8x8,uniform,common,additive,50,500,0.3,0.0072030041427799,0.0180075103569503,0.0108045062141702,0.1263,1.0,0.0955,1.0,-0.030799999999999994
8x8,uniform,common,additive,500,50,0.3,0.0072030041427799,0.0180075103569503,0.0108045062141702,0.1794,1.0,0.1411,1.0,-0.0383
8x8,uniform,common,additive,10,10,0.6,0.0072030041427799,0.0288120165711189,0.0216090124283404,0.1323,1.0,0.0749,0.9994,-0.05740000000000001
8x8,uniform,common,additive,50,50,0.6,0.0072030041427799,0.0288120165711189,0.0216090124283404,0.0695,1.0,0.0586,1.0,-0.010900000000000007
8x8,uniform,common,additive,250,250,0.6,0.0072030041427799,0.0288120165711189,0.0216090124283404,0.0614,1.0,0.0566,1.0,-0.004800000000000006
8x8,uniform,common,additive,1000,1000,0.6,0.0072030041427799,0.0288120165711189,0.0216090124283404,0.4433,1.0,0.4298,1.0,-0.013500000000000012
8x8,uniform,common,additive,50,500,0.6,0.0072030041427799,0.0288120165711189,0.0216090124283404,0.1076,1.0,0.0797,1.0,-0.027900000000000008
8x8,uniform,common,additive,500,50,0.6,0.0072030041427799,0.0288120165711189,0.0216090124283404,0.2002,1.0,0.1572,1.0,-0.04299999999999998
8x8,uniform,common,loglinear,10,10,0.0,0.0072030041427719,0.0072030041427719,0.0,0.1314,1.0,0.0774,0.9996,-0.05399999999999999
8x8,uniform,common,loglinear,50,50,0.0,0.0072030041427719,0.0072030041427719,0.0,0.0709,1.0,0.0588,1.0,-0.012100000000000007
8x8,uniform,common,loglinear,250,250,0.0,0.0072030041427719,0.0072030041427719,0.0,0.0291,1.0,0.0263,1.0,-0.0028000000000000004
8x8,uniform,common,loglinear,1000,1000,0.0,0.0072030041427719,0.0072030041427719,0.0,0.015,1.0,0.014,1.0,-0.0009999999999999992
8x8,uniform,common,loglinear,50,500,0.0,0.0072030041427719,0.0072030041427719,0.0,0.1604,1.0,0.1251,1.0,-0.0353
8x8,uniform,common,loglinear,500,50,0.0,0.0072030041427719,0.0072030041427719,0.0,0.1635,1.0,0.1286,1.0,-0.034900000000000014
8x8,uniform,common,loglinear,10,10,0.1,0.0072030041427719,0.0108045062141703,0.00360150207139,0.1359,1.0,0.0764,0.9998,-0.0595
8x8,uniform,common,loglinear,50,50,0.1,0.0072030041427719,0.0108045062141703,0.00360150207139,0.0672,1.0,0.0557,1.0,-0.011499999999999996
8x8,uniform,common,loglinear,250,250,0.1,0.0072030041427719,0.0108045062141703,0.00360150207139,0.0313,1.0,0.0272,1.0,-0.004100000000000003
8x8,uniform,common,loglinear,1000,1000,0.1,0.0072030041427719,0.0108045062141703,0.00360150207139,0.0237,1.0,0.0207,1.0,-0.002999999999999999
8x8,uniform,common,loglinear,50,500,0.1,0.0072030041427719,0.0108045062141703,0.00360150207139,0.1512,1.0,0.1168,1.0,-0.0344
8x8,uniform,common,loglinear,500,50,0.1,0.0072030041427719,0.0108045062141703,0.00360150207139,0.1674,1.0,0.1321,1.0,-0.0353
8x8,uniform,common,loglinear,10,10,0.3,0.0072030041427719,0.0180075103569441,0.0108045062141702,0.1407,1.0,0.0788,0.9996,-0.0619
8x8,uniform,common,loglinear,50,50,0.3,0.0072030041427719,0.0180075103569441,0.0108045062141702,0.0682,1.0,0.0572,1.0,-0.010999999999999996
8x8,uniform,common,loglinear,250,250,0.3,0.0072030041427719,0.0180075103569441,0.0108045062141702,0.0387,1.0,0.0345,1.0,-0.004199999999999995
8x8,uniform,common,loglinear,1000,1000,0.3,0.0072030041427719,0.0180075103569441,0.0108045062141702,0.1034,1.0,0.0976,1.0,-0.0058
8x8,uniform,common,loglinear,50,500,0.3,0.0072030041427719,0.0180075103569441,0.0108045062141702,0.1293,1.0,0.0962,1.0,-0.033100000000000004
8x8,uniform,common,loglinear,500,50,0.3,0.0072030041427719,0.0180075103569441,0.0108045062141702,0.1864,1.0,0.1463,1.0,-0.0401
8x8,uniform,common,loglinear,10,10,0.6,0.0072030041427719,0.0288120165711176,0.0216090124283404,0.1379,1.0,0.0776,0.9996,-0.06029999999999999
8x8,uniform,common,loglinear,50,50,0.6,0.0072030041427719,0.0288120165711176,0.0216090124283404,0.0719,1.0,0.0593,1.0,-0.012600000000000007
8x8,uniform,common,loglinear,250,250,0.6,0.0072030041427719,0.0288120165711176,0.0216090124283404,0.0684,1.0,0.0629,1.0,-0.005500000000000005
8x8,uniform,common,loglinear,1000,1000,0.6,0.0072030041427719,0.0288120165711176,0.0216090124283404,0.388,1.0,0.3763,1.0,-0.011699999999999988
8x8,uniform,common,loglinear,50,500,0.6,0.0072030041427719,0.0288120165711176,0.0216090124283404,0.1044,1.0,0.0774,1.0,-0.02700000000000001
8x8,uniform,common,loglinear,500,50,0.6,0.0072030041427719,0.0288120165711176,0.0216090124283404,0.2096,1.0,0.17,1.0,-0.039599999999999996
8x8,uniform,rare,additive,10,10,0.0,0.0072030041427799,0.0072030041427799,0.0,0.1331,1.0,0.0774,0.9999,-0.0557
8x8,uniform,rare,additive,50,50,0.0,0.0072030041427799,0.0072030041427799,0.0,0.0645,1.0,0.052,1.0,-0.012500000000000004
8x8,uniform,rare,additive,250,250,0.0,0.0072030041427799,0.0072030041427799,0.0,0.0265,1.0,0.0245,1.0,-0.0019999999999999983
8x8,uniform,rare,additive,1000,1000,0.0,0.0072030041427799,0.0072030041427799,0.0,0.011,1.0,0.0098,1.0,-0.0011999999999999997
8x8,uniform,rare,additive,50,500,0.0,0.0072030041427799,0.0072030041427799,0.0,0.1631,1.0,0.1251,1.0,-0.038000000000000006
8x8,uniform,rare,additive,500,50,0.0,0.0072030041427799,0.0072030041427799,0.0,0.1612,1.0,0.1259,1.0,-0.0353
8x8,uniform,rare,additive,10,10,0.1,0.0072030041427799,0.0108045062141703,0.0036015020713901,0.1364,1.0,0.0785,0.9996,-0.05789999999999999
8x8,uniform,rare,additive,50,50,0.1,0.0072030041427799,0.0108045062141703,0.0036015020713901,0.0661,1.0,0.0554,1.0,-0.010700000000000008
8x8,uniform,rare,additive,250,250,0.1,0.0072030041427799,0.0108045062141703,0.0036015020713901,0.0293,1.0,0.0264,1.0,-0.0029
8x8,uniform,rare,additive,1000,1000,0.1,0.0072030041427799,0.0108045062141703,0.0036015020713901,0.0232,1.0,0.0209,1.0,-0.0023
8x8,uniform,rare,additive,50,500,0.1,0.0072030041427799,0.0108045062141703,0.0036015020713901,0.1436,1.0,0.1124,1.0,-0.031200000000000006
8x8,uniform,rare,additive,500,50,0.1,0.0072030041427799,0.0108045062141703,0.0036015020713901,0.169,1.0,0.1286,1.0,-0.04040000000000002
8x8,uniform,rare,additive,10,10,0.3,0.0072030041427799,0.0180075103569512,0.0108045062141704,0.1397,1.0,0.0782,0.9998,-0.061499999999999985
8x8,uniform,rare,additive,50,50,0.3,0.0072030041427799,0.0180075103569512,0.0108045062141704,0.0694,1.0,0.0577,1.0,-0.011700000000000002
8x8,uniform,rare,additive,250,250,0.3,0.0072030041427799,0.0180075103569512,0.0108045062141704,0.0379,1.0,0.0345,1.0,-0.0034000000000000002
8x8,uniform,rare,additive,1000,1000,0.3,0.0072030041427799,0.0180075103569512,0.0108045062141704,0.1078,1.0,0.1004,1.0,-0.007400000000000004
8x8,uniform,rare,additive,50,500,0.3,0.0072030041427799,0.0180075103569512,0.0108045062141704,0.1312,1.0,0.1043,1.0,-0.026900000000000007
8x8,uniform,rare,additive,500,50,0.3,0.0072030041427799,0.0180075103569512,0.0108045062141704,0.1831,1.0,0.1416,1.0,-0.04150000000000001
8x8,uniform,rare,additive,10,10,0.6,0.0072030041427799,0.0288120165711207,0.0216090124283409,0.1373,1.0,0.0787,0.9992,-0.0586
8x8,uniform,rare,additive,50,50,0.6,0.0072030041427799,0.0288120165711207,0.0216090124283409,0.072,1.0,0.0605,1.0,-0.011499999999999996
8x8,uniform,rare,additive,250,250,0.6,0.0072030041427799,0.0288120165711207,0.0216090124283409,0.0638,1.0,0.0591,1.0,-0.004699999999999996
8x8,uniform,rare,additive,1000,1000,0.6,0.0072030041427799,0.0288120165711207,0.0216090124283409,0.438,1.0,0.4262,1.0,-0.011799999999999977
8x8,uniform,rare,additive,50,500,0.6,0.0072030041427799,0.0288120165711207,0.0216090124283409,0.108,1.0,0.0825,1.0,-0.025499999999999995
8x8,uniform,rare,additive,500,50,0.6,0.0072030041427799,0.0288120165711207,0.0216090124283409,0.1961,1.0,0.1566,1.0,-0.03950000000000001
8x8,uniform,rare,loglinear,10,10,0.0,0.0072030041427701,0.0072030041427701,0.0,0.1385,1.0,0.0782,0.9999,-0.060300000000000006
8x8,uniform,rare,loglinear,50,50,0.0,0.0072030041427701,0.0072030041427701,0.0,0.0668,1.0,0.0559,1.0,-0.0109
8x8,uniform,rare,loglinear,250,250,0.0,0.0072030041427701,0.0072030041427701,0.0,0.0258,1.0,0.023,1.0,-0.0028000000000000004
8x8,uniform,rare,loglinear,1000,1000,0.0,0.0072030041427701,0.0072030041427701,0.0,0.0126,1.0,0.0111,1.0,-0.0014999999999999996
8x8,uniform,rare,loglinear,50,500,0.0,0.0072030041427701,0.0072030041427701,0.0,0.1524,1.0,0.1159,1.0,-0.036500000000000005
8x8,uniform,rare,loglinear,500,50,0.0,0.0072030041427701,0.0072030041427701,0.0,0.1716,1.0,0.1337,1.0,-0.03789999999999999
8x8,uniform,rare,loglinear,10,10,0.1,0.0072030041427701,0.0108045062141703,0.0036015020713901,0.1394,1.0,0.0783,0.9997,-0.0611
8x8,uniform,rare,loglinear,50,50,0.1,0.0072030041427701,0.0108045062141703,0.0036015020713901,0.0688,1.0,0.0575,1.0,-0.011299999999999998
8x8,uniform,rare,loglinear,250,250,0.1,0.0072030041427701,0.0108045062141703,0.0036015020713901,0.027,1.0,0.0236,1.0,-0.0034000000000000002
8x8,uniform,rare,loglinear,1000,1000,0.1,0.0072030041427701,0.0108045062141703,0.0036015020713901,0.0219,1.0,0.0192,1.0,-0.002700000000000001
8x8,uniform,rare,loglinear,50,500,0.1,0.0072030041427701,0.0108045062141703,0.0036015020713901,0.1493,1.0,0.1165,1.0,-0.03279999999999998
8x8,uniform,rare,loglinear,500,50,0.1,0.0072030041427701,0.0108045062141703,0.0036015020713901,0.166,1.0,0.129,1.0,-0.037000000000000005
8x8,uniform,rare,loglinear,10,10,0.3,0.0072030041427701,0.0180075103569463,0.0108045062141704,0.146,1.0,0.0869,0.9995,-0.059099999999999986
8x8,uniform,rare,loglinear,50,50,0.3,0.0072030041427701,0.0180075103569463,0.0108045062141704,0.0676,1.0,0.0549,1.0,-0.012699999999999996
8x8,uniform,rare,loglinear,250,250,0.3,0.0072030041427701,0.0180075103569463,0.0108045062141704,0.0383,1.0,0.0341,1.0,-0.004200000000000002
8x8,uniform,rare,loglinear,1000,1000,0.3,0.0072030041427701,0.0180075103569463,0.0108045062141704,0.0926,1.0,0.0877,1.0,-0.004900000000000002
8x8,uniform,rare,loglinear,50,500,0.3,0.0072030041427701,0.0180075103569463,0.0108045062141704,0.1296,1.0,0.098,1.0,-0.03159999999999999
8x8,uniform,rare,loglinear,500,50,0.3,0.0072030041427701,0.0180075103569463,0.0108045062141704,0.1846,1.0,0.1483,1.0,-0.0363
8x8,uniform,rare,loglinear,10,10,0.6,0.0072030041427701,0.0288120165711176,0.0216090124283409,0.1357,1.0,0.0762,0.9997,-0.05949999999999998
8x8,uniform,rare,loglinear,50,50,0.6,0.0072030041427701,0.0288120165711176,0.0216090124283409,0.0711,1.0,0.0578,1.0,-0.0133
8x8,uniform,rare,loglinear,250,250,0.6,0.0072030041427701,0.0288120165711176,0.0216090124283409,0.0704,1.0,0.0653,1.0,-0.005100000000000007
8x8,uniform,rare,loglinear,1000,1000,0.6,0.0072030041427701,0.0288120165711176,0.0216090124283409,0.3819,1.0,0.3721,1.0,-0.009800000000000031
8x8,uniform,rare,loglinear,50,500,0.6,0.0072030041427701,0.0288120165711176,0.0216090124283409,0.1067,1.0,0.0772,1.0,-0.0295
8x8,uniform,rare,loglinear,500,50,0.6,0.0072030041427701,0.0288120165711176,0.0216090124283409,0.2106,1.0,0.1699,1.0,-0.040700000000000014
8x8,uniform,spread,additive,10,10,0.0,0.0188329769092883,0.0188329769092883,0.0,0.1379,1.0,0.076,0.9996,-0.0619
8x8,uniform,spread,additive,50,50,0.0,0.0188329769092883,0.0188329769092883,0.0,0.0673,1.0,0.0552,1.0,-0.0121
8x8,uniform,spread,additive,250,250,0.0,0.0188329769092883,0.0188329769092883,0.0,0.0339,1.0,0.03,1.0,-0.0039000000000000007
8x8,uniform,spread,additive,1000,1000,0.0,0.0188329769092883,0.0188329769092883,0.0,0.0222,1.0,0.021,1.0,-0.0011999999999999997
8x8,uniform,spread,additive,50,500,0.0,0.0188329769092883,0.0188329769092883,0.0,0.1523,1.0,0.1191,1.0,-0.03319999999999999
8x8,uniform,spread,additive,500,50,0.0,0.0188329769092883,0.0188329769092883,0.0,0.1566,1.0,0.1204,1.0,-0.036199999999999996
8x8,uniform,spread,additive,10,10,0.1,0.0188329769092883,0.028249465363932,0.0094164884546436,0.1389,1.0,0.0759,0.9998,-0.063
8x8,uniform,spread,additive,50,50,0.1,0.0188329769092883,0.028249465363932,0.0094164884546436,0.075,1.0,0.0621,1.0,-0.012899999999999995
8x8,uniform,spread,additive,250,250,0.1,0.0188329769092883,0.028249465363932,0.0094164884546436,0.0426,1.0,0.0397,1.0,-0.0029
8x8,uniform,spread,additive,1000,1000,0.1,0.0188329769092883,0.028249465363932,0.0094164884546436,0.0779,1.0,0.0747,1.0,-0.0031999999999999945
8x8,uniform,spread,additive,50,500,0.1,0.0188329769092883,0.028249465363932,0.0094164884546436,0.1211,1.0,0.0947,1.0,-0.026399999999999993
8x8,uniform,spread,additive,500,50,0.1,0.0188329769092883,0.028249465363932,0.0094164884546436,0.1678,1.0,0.131,1.0,-0.0368
8x8,uniform,spread,additive,10,10,0.3,0.0188329769092883,0.0470824422732185,0.0282494653639308,0.1394,1.0,0.075,0.9998,-0.0644
8x8,uniform,spread,additive,50,50,0.3,0.0188329769092883,0.0470824422732185,0.0282494653639308,0.0728,1.0,0.0608,1.0,-0.012000000000000004
8x8,uniform,spread,additive,250,250,0.3,0.0188329769092883,0.0470824422732185,0.0282494653639308,0.0994,1.0,0.0943,1.0,-0.005100000000000007
8x8,uniform,spread,additive,1000,1000,0.3,0.0188329769092883,0.0470824422732185,0.0282494653639308,0.5036,1.0,0.4947,1.0,-0.008900000000000075
8x8,uniform,spread,additive,50,500,0.3,0.0188329769092883,0.0470824422732185,0.0282494653639308,0.0898,1.0,0.0657,1.0,-0.02410000000000001
8x8,uniform,spread,additive,500,50,0.3,0.0188329769092883,0.0470824422732185,0.0282494653639308,0.2167,1.0,0.1767,1.0,-0.04000000000000001
8x8,uniform,spread,additive,10,10,0.6,0.0188329769092883,0.0753319076371488,0.0564989307278617,0.1339,1.0,0.0765,0.9993,-0.05739999999999999
8x8,uniform,spread,additive,50,50,0.6,0.0188329769092883,0.0753319076371488,0.0564989307278617,0.0875,1.0,0.0766,1.0,-0.010899999999999993
8x8,uniform,spread,additive,250,250,0.6,0.0188329769092883,0.0753319076371488,0.0564989307278617,0.2893,1.0,0.2788,1.0,-0.01050000000000001
8x8,uniform,spread,additive,1000,1000,0.6,0.0188329769092883,0.0753319076371488,0.0564989307278617,0.9713,1.0,0.9707,1.0,-0.0006000000000000449
8x8,uniform,spread,additive,50,500,0.6,0.0188329769092883,0.0753319076371488,0.0564989307278617,0.0726,1.0,0.0537,1.0,-0.0189
8x8,uniform,spread,additive,500,50,0.6,0.0188329769092883,0.0753319076371488,0.0564989307278617,0.2729,1.0,0.2263,1.0,-0.046599999999999975
8x8,uniform,spread,loglinear,10,10,0.0,0.0188329769092869,0.0188329769092869,0.0,0.1409,1.0,0.0787,0.9998,-0.06219999999999999
8x8,uniform,spread,loglinear,50,50,0.0,0.0188329769092869,0.0188329769092869,0.0,0.0702,1.0,0.0591,1.0,-0.011099999999999999
8x8,uniform,spread,loglinear,250,250,0.0,0.0188329769092869,0.0188329769092869,0.0,0.0364,1.0,0.033,1.0,-0.0034000000000000002
8x8,uniform,spread,loglinear,1000,1000,0.0,0.0188329769092869,0.0188329769092869,0.0,0.0201,1.0,0.0182,1.0,-0.001899999999999999
8x8,uniform,spread,loglinear,50,500,0.0,0.0188329769092869,0.0188329769092869,0.0,0.1491,1.0,0.1178,1.0,-0.03130000000000001
8x8,uniform,spread,loglinear,500,50,0.0,0.0188329769092869,0.0188329769092869,0.0,0.1523,1.0,0.1165,1.0,-0.035799999999999985
8x8,uniform,spread,loglinear,10,10,0.1,0.0188329769092869,0.0282494653639311,0.0094164884546436,0.1341,1.0,0.0776,0.9997,-0.056499999999999995
8x8,uniform,spread,loglinear,50,50,0.1,0.0188329769092869,0.0282494653639311,0.0094164884546436,0.0762,1.0,0.0652,1.0,-0.01100000000000001
8x8,uniform,spread,loglinear,250,250,0.1,0.0188329769092869,0.0282494653639311,0.0094164884546436,0.0453,1.0,0.0426,1.0,-0.002700000000000001
8x8,uniform,spread,loglinear,1000,1000,0.1,0.0188329769092869,0.0282494653639311,0.0094164884546436,0.0778,1.0,0.0734,1.0,-0.004399999999999987
8x8,uniform,spread,loglinear,50,500,0.1,0.0188329769092869,0.0282494653639311,0.0094164884546436,0.1246,1.0,0.0924,1.0,-0.032200000000000006
8x8,uniform,spread,loglinear,500,50,0.1,0.0188329769092869,0.0282494653639311,0.0094164884546436,0.1768,1.0,0.1368,1.0,-0.04000000000000001
8x8,uniform,spread,loglinear,10,10,0.3,0.0188329769092869,0.0470824422732185,0.0282494653639308,0.1344,1.0,0.0779,0.9998,-0.056499999999999995
8x8,uniform,spread,loglinear,50,50,0.3,0.0188329769092869,0.0470824422732185,0.0282494653639308,0.0814,1.0,0.0687,1.0,-0.012700000000000003
8x8,uniform,spread,loglinear,250,250,0.3,0.0188329769092869,0.0470824422732185,0.0282494653639308,0.0946,1.0,0.0897,1.0,-0.004900000000000002
8x8,uniform,spread,loglinear,1000,1000,0.3,0.0188329769092869,0.0470824422732185,0.0282494653639308,0.4978,1.0,0.4893,1.0,-0.008500000000000008
8x8,uniform,spread,loglinear,50,500,0.3,0.0188329769092869,0.0470824422732185,0.0282494653639308,0.0894,1.0,0.0651,1.0,-0.02429999999999999
8x8,uniform,spread,loglinear,500,50,0.3,0.0188329769092869,0.0470824422732185,0.0282494653639308,0.2098,1.0,0.1679,1.0,-0.04189999999999999
8x8,uniform,spread,loglinear,10,10,0.6,0.0188329769092869,0.0753319076371483,0.0564989307278617,0.1372,1.0,0.0778,0.9995,-0.059399999999999994
8x8,uniform,spread,loglinear,50,50,0.6,0.0188329769092869,0.0753319076371483,0.0564989307278617,0.0925,1.0,0.0787,1.0,-0.013799999999999993
8x8,uniform,spread,loglinear,250,250,0.6,0.0188329769092869,0.0753319076371483,0.0564989307278617,0.2772,1.0,0.267,1.0,-0.010199999999999987
8x8,uniform,spread,loglinear,1000,1000,0.6,0.0188329769092869,0.0753319076371483,0.0564989307278617,0.9627,1.0,0.9611,1.0,-0.0016000000000000458
8x8,uniform,spread,loglinear,50,500,0.6,0.0188329769092869,0.0753319076371483,0.0564989307278617,0.0714,1.0,0.0506,1.0,-0.020800000000000006
8x8,uniform,spread,loglinear,500,50,0.6,0.0188329769092869,0.0753319076371483,0.0564989307278617,0.2805,1.0,0.2318,1.0,-0.04870000000000002
8x8,different_skew,common,additive,10,10,0.0,0.0179967177781208,0.017996717778121,0.0,0.1843,0.988,0.1008,0.7882,-0.08349999999999999
8x8,different_skew,common,additive,50,50,0.0,0.0179967177781208,0.017996717778121,0.0,0.1449,1.0,0.1104,1.0,-0.0345
8x8,different_skew,common,additive,250,250,0.0,0.0179967177781208,0.017996717778121,0.0,0.055,1.0,0.042,1.0,-0.012999999999999998
8x8,different_skew,common,additive,1000,1000,0.0,0.0179967177781208,0.017996717778121,0.0,0.0368,1.0,0.0301,1.0,-0.006700000000000001
8x8,different_skew,common,additive,50,500,0.0,0.0179967177781208,0.017996717778121,0.0,0.749,1.0,0.7041,1.0,-0.04490000000000005
8x8,different_skew,common,additive,500,50,0.0,0.0179967177781208,0.017996717778121,0.0,0.9484,1.0,0.9367,1.0,-0.011700000000000044
8x8,different_skew,common,additive,10,10,0.1,0.0179967177781208,0.0269950766671813,0.0089983588890604,0.178,0.9885,0.1006,0.7952,-0.0774
8x8,different_skew,common,additive,50,50,0.1,0.0179967177781208,0.0269950766671813,0.0089983588890604,0.1245,1.0,0.096,1.0,-0.028499999999999998
8x8,different_skew,common,additive,250,250,0.1,0.0179967177781208,0.0269950766671813,0.0089983588890604,0.0349,1.0,0.0258,1.0,-0.0091
8x8,different_skew,common,additive,1000,1000,0.1,0.0179967177781208,0.0269950766671813,0.0089983588890604,0.0694,1.0,0.0627,1.0,-0.006699999999999998
8x8,different_skew,common,additive,50,500,0.1,0.0179967177781208,0.0269950766671813,0.0089983588890604,0.7789,1.0,0.74,1.0,-0.038900000000000046
8x8,different_skew,common,additive,500,50,0.1,0.0179967177781208,0.0269950766671813,0.0089983588890604,0.9357,1.0,0.9211,1.0,-0.014599999999999946
8x8,different_skew,common,additive,10,10,0.3,0.0179967177781208,0.0449917944453019,0.0269950766671813,0.1836,0.9895,0.0985,0.7825,-0.08510000000000001
8x8,different_skew,common,additive,50,50,0.3,0.0179967177781208,0.0449917944453019,0.0269950766671813,0.1067,1.0,0.0826,1.0,-0.024099999999999996
8x8,different_skew,common,additive,250,250,0.3,0.0179967177781208,0.0449917944453019,0.0269950766671813,0.0197,1.0,0.0159,1.0,-0.003799999999999998
8x8,different_skew,common,additive,1000,1000,0.3,0.0179967177781208,0.0449917944453019,0.0269950766671813,0.3627,1.0,0.346,1.0,-0.016700000000000048
8x8,different_skew,common,additive,50,500,0.3,0.0179967177781208,0.0449917944453019,0.0269950766671813,0.8056,1.0,0.7747,1.0,-0.030899999999999928
8x8,different_skew,common,additive,500,50,0.3,0.0179967177781208,0.0449917944453019,0.0269950766671813,0.9015,1.0,0.8849,1.0,-0.016599999999999948
8x8,different_skew,common,additive,10,10,0.6,0.0179967177781208,0.0719868711124838,0.0539901533343627,0.1705,0.9877,0.0957,0.7958,-0.07480000000000002
8x8,different_skew,common,additive,50,50,0.6,0.0179967177781208,0.0719868711124838,0.0539901533343627,0.0866,1.0,0.0678,1.0,-0.018799999999999997
8x8,different_skew,common,additive,250,250,0.6,0.0179967177781208,0.0719868711124838,0.0539901533343627,0.0558,1.0,0.0503,1.0,-0.005500000000000005
8x8,different_skew,common,additive,1000,1000,0.6,0.0179967177781208,0.0719868711124838,0.0539901533343627,0.8464,1.0,0.8392,1.0,-0.007200000000000095
8x8,different_skew,common,additive,50,500,0.6,0.0179967177781208,0.0719868711124838,0.0539901533343627,0.858,1.0,0.8375,1.0,-0.020499999999999963
8x8,different_skew,common,additive,500,50,0.6,0.0179967177781208,0.0719868711124838,0.0539901533343627,0.8481,1.0,0.8286,1.0,-0.019499999999999962
8x8,different_skew,common,loglinear,10,10,0.0,0.0179967177781139,0.0179967177781066,0.0,0.1939,0.9901,0.1071,0.7952,-0.08679999999999999
8x8,different_skew,common,loglinear,50,50,0.0,0.0179967177781139,0.0179967177781066,0.0,0.1172,1.0,0.0957,1.0,-0.021500000000000005
8x8,different_skew,common,loglinear,250,250,0.0,0.0179967177781139,0.0179967177781066,0.0,0.0308,1.0,0.0232,1.0,-0.007600000000000003
8x8,different_skew,common,loglinear,1000,1000,0.0,0.0179967177781139,0.0179967177781066,0.0,0.0201,1.0,0.0175,1.0,-0.002599999999999998
8x8,different_skew,common,loglinear,50,500,0.0,0.0179967177781139,0.0179967177781066,0.0,0.6343,1.0,0.5863,1.0,-0.04799999999999993
8x8,different_skew,common,loglinear,500,50,0.0,0.0179967177781139,0.0179967177781066,0.0,0.8789,1.0,0.8575,0.9999,-0.021399999999999975
8x8,different_skew,common,loglinear,10,10,0.1,0.0179967177781139,0.0269950766671817,0.0089983588890604,0.1984,0.9903,0.108,0.7966,-0.0904
8x8,different_skew,common,loglinear,50,50,0.1,0.0179967177781139,0.0269950766671817,0.0089983588890604,0.0978,1.0,0.0788,1.0,-0.019000000000000003
8x8,different_skew,common,loglinear,250,250,0.1,0.0179967177781139,0.0269950766671817,0.0089983588890604,0.0111,1.0,0.0085,1.0,-0.0026
8x8,different_skew,common,loglinear,1000,1000,0.1,0.0179967177781139,0.0269950766671817,0.0089983588890604,0.0591,1.0,0.0539,1.0,-0.005199999999999996
8x8,different_skew,common,loglinear,50,500,0.1,0.0179967177781139,0.0269950766671817,0.0089983588890604,0.6553,1.0,0.6119,1.0,-0.043399999999999994
8x8,different_skew,common,loglinear,500,50,0.1,0.0179967177781139,0.0269950766671817,0.0089983588890604,0.8395,1.0,0.8172,1.0,-0.022299999999999986
8x8,different_skew,common,loglinear,10,10,0.3,0.0179967177781139,0.0449917944453025,0.0269950766671813,0.1916,0.9882,0.1007,0.791,-0.0909
8x8,different_skew,common,loglinear,50,50,0.3,0.0179967177781139,0.0449917944453025,0.0269950766671813,0.075,1.0,0.0607,1.0,-0.0143
8x8,different_skew,common,loglinear,250,250,0.3,0.0179967177781139,0.0449917944453025,0.0269950766671813,0.0112,1.0,0.0098,1.0,-0.0014000000000000002
8x8,different_skew,common,loglinear,1000,1000,0.3,0.0179967177781139,0.0449917944453025,0.0269950766671813,0.3854,1.0,0.3735,1.0,-0.011900000000000022
8x8,different_skew,common,loglinear,50,500,0.3,0.0179967177781139,0.0449917944453025,0.0269950766671813,0.7039,1.0,0.6652,1.0,-0.03869999999999996
8x8,different_skew,common,loglinear,500,50,0.3,0.0179967177781139,0.0449917944453025,0.0269950766671813,0.7623,1.0,0.7324,1.0,-0.029899999999999927
8x8,different_skew,common,loglinear,10,10,0.6,0.0179967177781139,0.0719868711125042,0.0539901533343627,0.1933,0.9883,0.1019,0.7976,-0.0914
8x8,different_skew,common,loglinear,50,50,0.6,0.0179967177781139,0.0719868711125042,0.0539901533343627,0.0555,1.0,0.0459,1.0,-0.009599999999999997
8x8,different_skew,common,loglinear,250,250,0.6,0.0179967177781139,0.0719868711125042,0.0539901533343627,0.0719,1.0,0.0649,1.0,-0.007000000000000006
8x8,different_skew,common,loglinear,1000,1000,0.6,0.0179967177781139,0.0719868711125042,0.0539901533343627,0.9006,1.0,0.8961,1.0,-0.0044999999999999485
8x8,different_skew,common,loglinear,50,500,0.6,0.0179967177781139,0.0719868711125042,0.0539901533343627,0.7753,1.0,0.7454,1.0,-0.029900000000000038
8x8,different_skew,common,loglinear,500,50,0.6,0.0179967177781139,0.0719868711125042,0.0539901533343627,0.6418,1.0,0.6151,1.0,-0.026700000000000057
8x8,different_skew,rare,additive,10,10,0.0,0.0003763202164388,0.000376320216439,0.0,0.1688,0.9872,0.0933,0.7906,-0.07550000000000001
8x8,different_skew,rare,additive,50,50,0.0,0.0003763202164388,0.000376320216439,0.0,0.1506,1.0,0.105,1.0,-0.045600000000000016
8x8,different_skew,rare,additive,250,250,0.0,0.0003763202164388,0.000376320216439,0.0,0.0507,1.0,0.0306,1.0,-0.020100000000000003
8x8,different_skew,rare,additive,1000,1000,0.0,0.0003763202164388,0.000376320216439,0.0,0.0167,1.0,0.0118,1.0,-0.0049
8x8,different_skew,rare,additive,50,500,0.0,0.0003763202164388,0.000376320216439,0.0,0.8096,1.0,0.7632,1.0,-0.0464
8x8,different_skew,rare,additive,500,50,0.0,0.0003763202164388,0.000376320216439,0.0,0.9703,1.0,0.9498,1.0,-0.020500000000000074
8x8,different_skew,rare,additive,10,10,0.1,0.0003763202164388,0.0005644803246585,0.0001881601082195,0.171,0.989,0.0957,0.7941,-0.07530000000000002
8x8,different_skew,rare,additive,50,50,0.1,0.0003763202164388,0.0005644803246585,0.0001881601082195,0.1488,1.0,0.1036,1.0,-0.04519999999999999
8x8,different_skew,rare,additive,250,250,0.1,0.0003763202164388,0.0005644803246585,0.0001881601082195,0.0532,1.0,0.0301,1.0,-0.0231
8x8,different_skew,rare,additive,1000,1000,0.1,0.0003763202164388,0.0005644803246585,0.0001881601082195,0.016,1.0,0.0116,1.0,-0.004400000000000001
8x8,different_skew,rare,additive,50,500,0.1,0.0003763202164388,0.0005644803246585,0.0001881601082195,0.8188,1.0,0.7721,1.0,-0.046699999999999964
8x8,different_skew,rare,additive,500,50,0.1,0.0003763202164388,0.0005644803246585,0.0001881601082195,0.9707,1.0,0.9535,1.0,-0.017199999999999993
8x8,different_skew,rare,additive,10,10,0.3,0.0003763202164388,0.0009408005410975,0.0005644803246585,0.1661,0.991,0.0909,0.7942,-0.0752
8x8,different_skew,rare,additive,50,50,0.3,0.0003763202164388,0.0009408005410975,0.0005644803246585,0.144,1.0,0.0988,1.0,-0.04519999999999999
8x8,different_skew,rare,additive,250,250,0.3,0.0003763202164388,0.0009408005410975,0.0005644803246585,0.0485,1.0,0.0291,1.0,-0.0194
8x8,different_skew,rare,additive,1000,1000,0.3,0.0003763202164388,0.0009408005410975,0.0005644803246585,0.0192,1.0,0.0131,1.0,-0.006099999999999998
8x8,different_skew,rare,additive,50,500,0.3,0.0003763202164388,0.0009408005410975,0.0005644803246585,0.8109,1.0,0.7644,1.0,-0.046499999999999986
8x8,different_skew,rare,additive,500,50,0.3,0.0003763202164388,0.0009408005410975,0.0005644803246585,0.9726,1.0,0.9546,1.0,-0.018000000000000016
8x8,different_skew,rare,additive,10,10,0.6,0.0003763202164388,0.001505280865756,0.001128960649317,0.1613,0.9893,0.0924,0.7988,-0.0689
8x8,different_skew,rare,additive,50,50,0.6,0.0003763202164388,0.001505280865756,0.001128960649317,0.1489,1.0,0.1016,1.0,-0.04730000000000001
8x8,different_skew,rare,additive,250,250,0.6,0.0003763202164388,0.001505280865756,0.001128960649317,0.0496,1.0,0.0286,1.0,-0.020999999999999998
8x8,different_skew,rare,additive,1000,1000,0.6,0.0003763202164388,0.001505280865756,0.001128960649317,0.0167,1.0,0.0124,1.0,-0.0043
8x8,different_skew,rare,additive,50,500,0.6,0.0003763202164388,0.001505280865756,0.001128960649317,0.8112,1.0,0.7605,1.0,-0.05070000000000008
8x8,different_skew,rare,additive,500,50,0.6,0.0003763202164388,0.001505280865756,0.001128960649317,0.9706,1.0,0.9539,1.0,-0.016700000000000048
8x8,different_skew,rare,loglinear,10,10,0.0,0.0003763202164395,0.0003763202164388,0.0,0.1744,0.9899,0.0996,0.7918,-0.0748
8x8,different_skew,rare,loglinear,50,50,0.0,0.0003763202164395,0.0003763202164388,0.0,0.1378,1.0,0.0983,0.9999,-0.03950000000000001
8x8,different_skew,rare,loglinear,250,250,0.0,0.0003763202164395,0.0003763202164388,0.0,0.0389,1.0,0.0231,1.0,-0.015799999999999998
8x8,different_skew,rare,loglinear,1000,1000,0.0,0.0003763202164395,0.0003763202164388,0.0,0.0135,1.0,0.0085,1.0,-0.004999999999999999
8x8,different_skew,rare,loglinear,50,500,0.0,0.0003763202164395,0.0003763202164388,0.0,0.7867,1.0,0.7366,1.0,-0.05009999999999992
8x8,different_skew,rare,loglinear,500,50,0.0,0.0003763202164395,0.0003763202164388,0.0,0.9643,1.0,0.9469,1.0,-0.017400000000000082
8x8,different_skew,rare,loglinear,10,10,0.1,0.0003763202164395,0.0005644803246582,0.0001881601082195,0.1759,0.989,0.1018,0.7935,-0.0741
8x8,different_skew,rare,loglinear,50,50,0.1,0.0003763202164395,0.0005644803246582,0.0001881601082195,0.1367,1.0,0.098,1.0,-0.038699999999999984
8x8,different_skew,rare,loglinear,250,250,0.1,0.0003763202164395,0.0005644803246582,0.0001881601082195,0.0338,1.0,0.0196,1.0,-0.014199999999999997
8x8,different_skew,rare,loglinear,1000,1000,0.1,0.0003763202164395,0.0005644803246582,0.0001881601082195,0.0105,1.0,0.0068,1.0,-0.003700000000000001
8x8,different_skew,rare,loglinear,50,500,0.1,0.0003763202164395,0.0005644803246582,0.0001881601082195,0.7754,1.0,0.7265,1.0,-0.048899999999999944
8x8,different_skew,rare,loglinear,500,50,0.1,0.0003763202164395,0.0005644803246582,0.0001881601082195,0.9584,1.0,0.9384,0.9999,-0.020000000000000018
8x8,different_skew,rare,loglinear,10,10,0.3,0.0003763202164395,0.0009408005410951,0.0005644803246585,0.1662,0.9892,0.095,0.795,-0.07119999999999999
8x8,different_skew,rare,loglinear,50,50,0.3,0.0003763202164395,0.0009408005410951,0.0005644803246585,0.1356,1.0,0.0979,0.9999,-0.0377
8x8,different_skew,rare,loglinear,250,250,0.3,0.0003763202164395,0.0009408005410951,0.0005644803246585,0.0305,1.0,0.0188,1.0,-0.011699999999999999
8x8,different_skew,rare,loglinear,1000,1000,0.3,0.0003763202164395,0.0009408005410951,0.0005644803246585,0.0151,1.0,0.0102,1.0,-0.0049
8x8,different_skew,rare,loglinear,50,500,0.3,0.0003763202164395,0.0009408005410951,0.0005644803246585,0.7803,1.0,0.7347,1.0,-0.045599999999999974
8x8,different_skew,rare,loglinear,500,50,0.3,0.0003763202164395,0.0009408005410951,0.0005644803246585,0.953,1.0,0.9359,1.0,-0.017100000000000004
8x8,different_skew,rare,loglinear,10,10,0.6,0.0003763202164395,0.0015052808657561,0.001128960649317,0.1763,0.9887,0.0973,0.79,-0.07900000000000001
8x8,different_skew,rare,loglinear,50,50,0.6,0.0003763202164395,0.0015052808657561,0.001128960649317,0.1239,1.0,0.0866,1.0,-0.0373
8x8,different_skew,rare,loglinear,250,250,0.6,0.0003763202164395,0.0015052808657561,0.001128960649317,0.029,1.0,0.0171,1.0,-0.0119
8x8,different_skew,rare,loglinear,1000,1000,0.6,0.0003763202164395,0.0015052808657561,0.001128960649317,0.0141,1.0,0.0089,1.0,-0.0052
8x8,different_skew,rare,loglinear,50,500,0.6,0.0003763202164395,0.0015052808657561,0.001128960649317,0.7912,1.0,0.7426,1.0,-0.04859999999999998
8x8,different_skew,rare,loglinear,500,50,0.6,0.0003763202164395,0.0015052808657561,0.001128960649317,0.9521,1.0,0.9327,0.9999,-0.019399999999999973
8x8,different_skew,spread,additive,10,10,0.0,0.0009435131061066,0.0009435131061065,0.0,0.169,0.9897,0.0968,0.7997,-0.07220000000000001
8x8,different_skew,spread,additive,50,50,0.0,0.0009435131061066,0.0009435131061065,0.0,0.1479,1.0,0.1028,1.0,-0.0451
8x8,different_skew,spread,additive,250,250,0.0,0.0009435131061066,0.0009435131061065,0.0,0.0511,1.0,0.0308,1.0,-0.0203
8x8,different_skew,spread,additive,1000,1000,0.0,0.0009435131061066,0.0009435131061065,0.0,0.0183,1.0,0.0117,1.0,-0.0066
8x8,different_skew,spread,additive,50,500,0.0,0.0009435131061066,0.0009435131061065,0.0,0.804,1.0,0.7612,1.0,-0.04280000000000006
8x8,different_skew,spread,additive,500,50,0.0,0.0009435131061066,0.0009435131061065,0.0,0.9692,1.0,0.9524,1.0,-0.016799999999999926
8x8,different_skew,spread,additive,10,10,0.1,0.0009435131061066,0.0014152696591597,0.0004717565530532,0.1687,0.9897,0.0951,0.7959,-0.07359999999999998
8x8,different_skew,spread,additive,50,50,0.1,0.0009435131061066,0.0014152696591597,0.0004717565530532,0.1435,1.0,0.1003,0.9999,-0.04319999999999999
8x8,different_skew,spread,additive,250,250,0.1,0.0009435131061066,0.0014152696591597,0.0004717565530532,0.0527,1.0,0.0288,1.0,-0.023899999999999998
8x8,different_skew,spread,additive,1000,1000,0.1,0.0009435131061066,0.0014152696591597,0.0004717565530532,0.0169,1.0,0.0107,1.0,-0.006199999999999999
8x8,different_skew,spread,additive,50,500,0.1,0.0009435131061066,0.0014152696591597,0.0004717565530532,0.8085,1.0,0.7651,1.0,-0.043399999999999994
8x8,different_skew,spread,additive,500,50,0.1,0.0009435131061066,0.0014152696591597,0.0004717565530532,0.9677,1.0,0.952,1.0,-0.015700000000000047
8x8,different_skew,spread,additive,10,10,0.3,0.0009435131061066,0.0023587827652662,0.0014152696591598,0.1726,0.9886,0.0963,0.7938,-0.0763
8x8,different_skew,spread,additive,50,50,0.3,0.0009435131061066,0.0023587827652662,0.0014152696591598,0.1412,1.0,0.0969,1.0,-0.04429999999999999
8x8,different_skew,spread,additive,250,250,0.3,0.0009435131061066,0.0023587827652662,0.0014152696591598,0.045,1.0,0.0272,1.0,-0.0178
8x8,different_skew,spread,additive,1000,1000,0.3,0.0009435131061066,0.0023587827652662,0.0014152696591598,0.0151,1.0,0.0101,1.0,-0.005000000000000001
8x8,different_skew,spread,additive,50,500,0.3,0.0009435131061066,0.0023587827652662,0.0014152696591598,0.8125,1.0,0.7688,1.0,-0.04369999999999996
8x8,different_skew,spread,additive,500,50,0.3,0.0009435131061066,0.0023587827652662,0.0014152696591598,0.9677,1.0,0.9495,1.0,-0.018199999999999994
8x8,different_skew,spread,additive,10,10,0.6,0.0009435131061066,0.0037740524244264,0.0028305393183196,0.1689,0.9888,0.0982,0.7972,-0.0707
8x8,different_skew,spread,additive,50,50,0.6,0.0009435131061066,0.0037740524244264,0.0028305393183196,0.1434,1.0,0.0985,0.9999,-0.044899999999999995
8x8,different_skew,spread,additive,250,250,0.6,0.0009435131061066,0.0037740524244264,0.0028305393183196,0.0481,1.0,0.0266,1.0,-0.0215
8x8,different_skew,spread,additive,1000,1000,0.6,0.0009435131061066,0.0037740524244264,0.0028305393183196,0.017,1.0,0.0102,1.0,-0.0068000000000000005
8x8,different_skew,spread,additive,50,500,0.6,0.0009435131061066,0.0037740524244264,0.0028305393183196,0.8108,1.0,0.7658,1.0,-0.04499999999999993
8x8,different_skew,spread,additive,500,50,0.6,0.0009435131061066,0.0037740524244264,0.0028305393183196,0.9692,1.0,0.9512,1.0,-0.017999999999999905
8x8,different_skew,spread,loglinear,10,10,0.0,0.0009435131061061,0.0009435131061044,0.0,0.1762,0.9881,0.102,0.7908,-0.0742
8x8,different_skew,spread,loglinear,50,50,0.0,0.0009435131061061,0.0009435131061044,0.0,0.1341,1.0,0.0962,0.9999,-0.0379
8x8,different_skew,spread,loglinear,250,250,0.0,0.0009435131061061,0.0009435131061044,0.0,0.036,1.0,0.0212,1.0,-0.014799999999999997
8x8,different_skew,spread,loglinear,1000,1000,0.0,0.0009435131061061,0.0009435131061044,0.0,0.0111,1.0,0.0059,1.0,-0.005200000000000001
8x8,different_skew,spread,loglinear,50,500,0.0,0.0009435131061061,0.0009435131061044,0.0,0.7724,1.0,0.7243,1.0,-0.04809999999999992
8x8,different_skew,spread,loglinear,500,50,0.0,0.0009435131061061,0.0009435131061044,0.0,0.9543,1.0,0.9368,0.9999,-0.01750000000000007
8x8,different_skew,spread,loglinear,10,10,0.1,0.0009435131061061,0.0014152696591597,0.0004717565530532,0.1754,0.9878,0.0958,0.792,-0.0796
8x8,different_skew,spread,loglinear,50,50,0.1,0.0009435131061061,0.0014152696591597,0.0004717565530532,0.1372,1.0,0.0988,1.0,-0.03839999999999999
8x8,different_skew,spread,loglinear,250,250,0.1,0.0009435131061061,0.0014152696591597,0.0004717565530532,0.0311,1.0,0.0184,1.0,-0.0127
8x8,different_skew,spread,loglinear,1000,1000,0.1,0.0009435131061061,0.0014152696591597,0.0004717565530532,0.0127,1.0,0.0088,1.0,-0.003899999999999999
8x8,different_skew,spread,loglinear,50,500,0.1,0.0009435131061061,0.0014152696591597,0.0004717565530532,0.7663,1.0,0.7174,1.0,-0.048899999999999944
8x8,different_skew,spread,loglinear,500,50,0.1,0.0009435131061061,0.0014152696591597,0.0004717565530532,0.9521,1.0,0.9343,1.0,-0.017799999999999927
8x8,different_skew,spread,loglinear,10,10,0.3,0.0009435131061061,0.0023587827652665,0.0014152696591598,0.1715,0.9888,0.0978,0.7952,-0.07370000000000002
8x8,different_skew,spread,loglinear,50,50,0.3,0.0009435131061061,0.0023587827652665,0.0014152696591598,0.1256,1.0,0.0899,1.0,-0.035699999999999996
8x8,different_skew,spread,loglinear,250,250,0.3,0.0009435131061061,0.0023587827652665,0.0014152696591598,0.0251,1.0,0.0138,1.0,-0.011300000000000001
8x8,different_skew,spread,loglinear,1000,1000,0.3,0.0009435131061061,0.0023587827652665,0.0014152696591598,0.0135,1.0,0.01,1.0,-0.0034999999999999996
8x8,different_skew,spread,loglinear,50,500,0.3,0.0009435131061061,0.0023587827652665,0.0014152696591598,0.7741,1.0,0.7275,1.0,-0.046599999999999975
8x8,different_skew,spread,loglinear,500,50,0.3,0.0009435131061061,0.0023587827652665,0.0014152696591598,0.9442,1.0,0.9253,1.0,-0.018900000000000028
8x8,different_skew,spread,loglinear,10,10,0.6,0.0009435131061061,0.0037740524244206,0.0028305393183196,0.1698,0.988,0.0941,0.788,-0.0757
8x8,different_skew,spread,loglinear,50,50,0.6,0.0009435131061061,0.0037740524244206,0.0028305393183196,0.1137,1.0,0.0832,1.0,-0.0305
8x8,different_skew,spread,loglinear,250,250,0.6,0.0009435131061061,0.0037740524244206,0.0028305393183196,0.0194,1.0,0.0114,1.0,-0.008
8x8,different_skew,spread,loglinear,1000,1000,0.6,0.0009435131061061,0.0037740524244206,0.0028305393183196,0.0175,1.0,0.0125,1.0,-0.005000000000000001
8x8,different_skew,spread,loglinear,50,500,0.6,0.0009435131061061,0.0037740524244206,0.0028305393183196,0.7781,1.0,0.7327,1.0,-0.045399999999999996
8x8,different_skew,spread,loglinear,500,50,0.6,0.0009435131061061,0.0037740524244206,0.0028305393183196,0.9346,1.0,0.9137,0.9999,-0.02090000000000003
