condition,condition_label,method,method_label,nominal_alpha,actual_rejection_rate
balanced_control,Balanced control,normal_wald,Normal Wald,0.0,0.0
balanced_control,Balanced control,normal_wald,Normal Wald,0.001,0.000795
balanced_control,Balanced control,normal_wald,Normal Wald,0.002,0.0015949999999999998
balanced_control,Balanced control,normal_wald,Normal Wald,0.003,0.0025899999999999994
balanced_control,Balanced control,normal_wald,Normal Wald,0.004,0.0034999999999999996
balanced_control,Balanced control,normal_wald,Normal Wald,0.005,0.004329999999999999
balanced_control,Balanced control,normal_wald,Normal Wald,0.006,0.005234999999999999
balanced_control,Balanced control,normal_wald,Normal Wald,0.007,0.006180000000000001
balanced_control,Balanced control,normal_wald,Normal Wald,0.008,0.0072
balanced_control,Balanced control,normal_wald,Normal Wald,0.009000000000000001,0.0081
balanced_control,Balanced control,normal_wald,Normal Wald,0.01,0.009020000000000002
balanced_control,Balanced control,normal_wald,Normal Wald,0.011,0.01001
balanced_control,Balanced control,normal_wald,Normal Wald,0.012,0.011074999999999998
balanced_control,Balanced control,normal_wald,Normal Wald,0.013000000000000001,0.011945
balanced_control,Balanced control,normal_wald,Normal Wald,0.014,0.012969999999999995
balanced_control,Balanced control,normal_wald,Normal Wald,0.015,0.013895
balanced_control,Balanced control,normal_wald,Normal Wald,0.016,0.014920000000000006
balanced_control,Balanced control,normal_wald,Normal Wald,0.017,0.015899999999999994
balanced_control,Balanced control,normal_wald,Normal Wald,0.018000000000000002,0.01684
balanced_control,Balanced control,normal_wald,Normal Wald,0.019,0.017870000000000004
balanced_control,Balanced control,normal_wald,Normal Wald,0.02,0.018834999999999998
balanced_control,Balanced control,normal_wald,Normal Wald,0.021,0.019784999999999994
balanced_control,Balanced control,normal_wald,Normal Wald,0.022,0.020905
balanced_control,Balanced control,normal_wald,Normal Wald,0.023,0.021784999999999995
balanced_control,Balanced control,normal_wald,Normal Wald,0.024,0.022655
balanced_control,Balanced control,normal_wald,Normal Wald,0.025,0.02354
balanced_control,Balanced control,normal_wald,Normal Wald,0.026000000000000002,0.024590000000000004
balanced_control,Balanced control,normal_wald,Normal Wald,0.027,0.025435000000000006
balanced_control,Balanced control,normal_wald,Normal Wald,0.028,0.026525000000000003
balanced_control,Balanced control,normal_wald,Normal Wald,0.029,0.027510000000000007
balanced_control,Balanced control,normal_wald,Normal Wald,0.03,0.02851
balanced_control,Balanced control,normal_wald,Normal Wald,0.031,0.029455
balanced_control,Balanced control,normal_wald,Normal Wald,0.032,0.030440000000000005
balanced_control,Balanced control,normal_wald,Normal Wald,0.033,0.031435000000000005
balanced_control,Balanced control,normal_wald,Normal Wald,0.034,0.032334999999999996
balanced_control,Balanced control,normal_wald,Normal Wald,0.035,0.03325499999999999
balanced_control,Balanced control,normal_wald,Normal Wald,0.036000000000000004,0.03432999999999999
balanced_control,Balanced control,normal_wald,Normal Wald,0.037,0.0352
balanced_control,Balanced control,normal_wald,Normal Wald,0.038,0.036215
balanced_control,Balanced control,normal_wald,Normal Wald,0.039,0.03713999999999999
balanced_control,Balanced control,normal_wald,Normal Wald,0.04,0.038105
balanced_control,Balanced control,normal_wald,Normal Wald,0.041,0.039084999999999995
balanced_control,Balanced control,normal_wald,Normal Wald,0.042,0.04010999999999999
balanced_control,Balanced control,normal_wald,Normal Wald,0.043000000000000003,0.04107000000000001
balanced_control,Balanced control,normal_wald,Normal Wald,0.044,0.04198999999999999
balanced_control,Balanced control,normal_wald,Normal Wald,0.045,0.042960000000000005
balanced_control,Balanced control,normal_wald,Normal Wald,0.046,0.04398499999999999
balanced_control,Balanced control,normal_wald,Normal Wald,0.047,0.044974999999999994
balanced_control,Balanced control,normal_wald,Normal Wald,0.048,0.045984999999999984
balanced_control,Balanced control,normal_wald,Normal Wald,0.049,0.04693
balanced_control,Balanced control,normal_wald,Normal Wald,0.05,0.047795000000000004
balanced_control,Balanced control,normal_wald,Normal Wald,0.051000000000000004,0.048790000000000014
balanced_control,Balanced control,normal_wald,Normal Wald,0.052000000000000005,0.049825
balanced_control,Balanced control,normal_wald,Normal Wald,0.053,0.050925
balanced_control,Balanced control,normal_wald,Normal Wald,0.054,0.05197499999999999
balanced_control,Balanced control,normal_wald,Normal Wald,0.055,0.052969999999999996
balanced_control,Balanced control,normal_wald,Normal Wald,0.056,0.053904999999999995
balanced_control,Balanced control,normal_wald,Normal Wald,0.057,0.05491499999999999
balanced_control,Balanced control,normal_wald,Normal Wald,0.058,0.05593499999999998
balanced_control,Balanced control,normal_wald,Normal Wald,0.059000000000000004,0.05692499999999999
balanced_control,Balanced control,normal_wald,Normal Wald,0.06,0.05798000000000001
balanced_control,Balanced control,normal_wald,Normal Wald,0.061,0.058925000000000005
balanced_control,Balanced control,normal_wald,Normal Wald,0.062,0.05999
balanced_control,Balanced control,normal_wald,Normal Wald,0.063,0.06096499999999999
balanced_control,Balanced control,normal_wald,Normal Wald,0.064,0.06187999999999999
balanced_control,Balanced control,normal_wald,Normal Wald,0.065,0.06283000000000001
balanced_control,Balanced control,normal_wald,Normal Wald,0.066,0.06388500000000001
balanced_control,Balanced control,normal_wald,Normal Wald,0.067,0.06473500000000001
balanced_control,Balanced control,normal_wald,Normal Wald,0.068,0.06565
balanced_control,Balanced control,normal_wald,Normal Wald,0.069,0.06665999999999998
balanced_control,Balanced control,normal_wald,Normal Wald,0.07,0.06774499999999999
balanced_control,Balanced control,normal_wald,Normal Wald,0.07100000000000001,0.068825
balanced_control,Balanced control,normal_wald,Normal Wald,0.07200000000000001,0.069735
balanced_control,Balanced control,normal_wald,Normal Wald,0.073,0.07065
balanced_control,Balanced control,normal_wald,Normal Wald,0.074,0.07172
balanced_control,Balanced control,normal_wald,Normal Wald,0.075,0.07274
balanced_control,Balanced control,normal_wald,Normal Wald,0.076,0.07379499999999997
balanced_control,Balanced control,normal_wald,Normal Wald,0.077,0.07470500000000002
balanced_control,Balanced control,normal_wald,Normal Wald,0.078,0.075615
balanced_control,Balanced control,normal_wald,Normal Wald,0.079,0.076615
balanced_control,Balanced control,normal_wald,Normal Wald,0.08,0.077605
balanced_control,Balanced control,normal_wald,Normal Wald,0.081,0.07853000000000002
balanced_control,Balanced control,normal_wald,Normal Wald,0.082,0.079585
balanced_control,Balanced control,normal_wald,Normal Wald,0.083,0.08054999999999998
balanced_control,Balanced control,normal_wald,Normal Wald,0.084,0.08158499999999999
balanced_control,Balanced control,normal_wald,Normal Wald,0.085,0.08264499999999998
balanced_control,Balanced control,normal_wald,Normal Wald,0.08600000000000001,0.08361
balanced_control,Balanced control,normal_wald,Normal Wald,0.08700000000000001,0.08460500000000001
balanced_control,Balanced control,normal_wald,Normal Wald,0.088,0.08549499999999999
balanced_control,Balanced control,normal_wald,Normal Wald,0.089,0.08654999999999999
balanced_control,Balanced control,normal_wald,Normal Wald,0.09,0.08759
balanced_control,Balanced control,normal_wald,Normal Wald,0.091,0.08850500000000001
balanced_control,Balanced control,normal_wald,Normal Wald,0.092,0.08936999999999998
balanced_control,Balanced control,normal_wald,Normal Wald,0.093,0.09032499999999999
balanced_control,Balanced control,normal_wald,Normal Wald,0.094,0.09119999999999998
balanced_control,Balanced control,normal_wald,Normal Wald,0.095,0.09212999999999999
balanced_control,Balanced control,normal_wald,Normal Wald,0.096,0.09311500000000004
balanced_control,Balanced control,normal_wald,Normal Wald,0.097,0.09408000000000004
balanced_control,Balanced control,normal_wald,Normal Wald,0.098,0.09504499999999998
balanced_control,Balanced control,normal_wald,Normal Wald,0.099,0.09606999999999999
balanced_control,Balanced control,normal_wald,Normal Wald,0.1,0.09719500000000002
moderate_sparse,Moderate sparsity,normal_wald,Normal Wald,0.0,0.0
moderate_sparse,Moderate sparsity,normal_wald,Normal Wald,0.001,0.0012050000000000001
moderate_sparse,Moderate sparsity,normal_wald,Normal Wald,0.002,0.0020650000000000004
moderate_sparse,Moderate sparsity,normal_wald,Normal Wald,0.003,0.0029850000000000002
moderate_sparse,Moderate sparsity,normal_wald,Normal Wald,0.004,0.0037749999999999997
moderate_sparse,Moderate sparsity,normal_wald,Normal Wald,0.005,0.004649999999999999
moderate_sparse,Moderate sparsity,normal_wald,Normal Wald,0.006,0.00548
moderate_sparse,Moderate sparsity,normal_wald,Normal Wald,0.007,0.006339999999999998
moderate_sparse,Moderate sparsity,normal_wald,Normal Wald,0.008,0.007194999999999998
moderate_sparse,Moderate sparsity,normal_wald,Normal Wald,0.009000000000000001,0.00812
moderate_sparse,Moderate sparsity,normal_wald,Normal Wald,0.01,0.009059999999999997
moderate_sparse,Moderate sparsity,normal_wald,Normal Wald,0.011,0.009954999999999999
moderate_sparse,Moderate sparsity,normal_wald,Normal Wald,0.012,0.010929999999999999
moderate_sparse,Moderate sparsity,normal_wald,Normal Wald,0.013000000000000001,0.012034999999999995
moderate_sparse,Moderate sparsity,normal_wald,Normal Wald,0.014,0.012860000000000002
moderate_sparse,Moderate sparsity,normal_wald,Normal Wald,0.015,0.013565000000000002
moderate_sparse,Moderate sparsity,normal_wald,Normal Wald,0.016,0.014505
moderate_sparse,Moderate sparsity,normal_wald,Normal Wald,0.017,0.015460000000000002
moderate_sparse,Moderate sparsity,normal_wald,Normal Wald,0.018000000000000002,0.016444999999999994
moderate_sparse,Moderate sparsity,normal_wald,Normal Wald,0.019,0.017319999999999995
moderate_sparse,Moderate sparsity,normal_wald,Normal Wald,0.02,0.018194999999999996
moderate_sparse,Moderate sparsity,normal_wald,Normal Wald,0.021,0.01903
moderate_sparse,Moderate sparsity,normal_wald,Normal Wald,0.022,0.019925000000000005
moderate_sparse,Moderate sparsity,normal_wald,Normal Wald,0.023,0.020749999999999998
moderate_sparse,Moderate sparsity,normal_wald,Normal Wald,0.024,0.02163
moderate_sparse,Moderate sparsity,normal_wald,Normal Wald,0.025,0.022579999999999996
moderate_sparse,Moderate sparsity,normal_wald,Normal Wald,0.026000000000000002,0.023449999999999995
moderate_sparse,Moderate sparsity,normal_wald,Normal Wald,0.027,0.024579999999999998
moderate_sparse,Moderate sparsity,normal_wald,Normal Wald,0.028,0.025474999999999998
moderate_sparse,Moderate sparsity,normal_wald,Normal Wald,0.029,0.026585000000000004
moderate_sparse,Moderate sparsity,normal_wald,Normal Wald,0.03,0.027379999999999998
moderate_sparse,Moderate sparsity,normal_wald,Normal Wald,0.031,0.028410000000000008
moderate_sparse,Moderate sparsity,normal_wald,Normal Wald,0.032,0.029220000000000006
moderate_sparse,Moderate sparsity,normal_wald,Normal Wald,0.033,0.030099999999999995
moderate_sparse,Moderate sparsity,normal_wald,Normal Wald,0.034,0.03102
moderate_sparse,Moderate sparsity,normal_wald,Normal Wald,0.035,0.031955
moderate_sparse,Moderate sparsity,normal_wald,Normal Wald,0.036000000000000004,0.032895
moderate_sparse,Moderate sparsity,normal_wald,Normal Wald,0.037,0.03375000000000001
moderate_sparse,Moderate sparsity,normal_wald,Normal Wald,0.038,0.03462
moderate_sparse,Moderate sparsity,normal_wald,Normal Wald,0.039,0.035664999999999995
moderate_sparse,Moderate sparsity,normal_wald,Normal Wald,0.04,0.036669999999999994
moderate_sparse,Moderate sparsity,normal_wald,Normal Wald,0.041,0.03761999999999999
moderate_sparse,Moderate sparsity,normal_wald,Normal Wald,0.042,0.03853000000000001
moderate_sparse,Moderate sparsity,normal_wald,Normal Wald,0.043000000000000003,0.039459999999999995
moderate_sparse,Moderate sparsity,normal_wald,Normal Wald,0.044,0.040395
moderate_sparse,Moderate sparsity,normal_wald,Normal Wald,0.045,0.04129000000000001
moderate_sparse,Moderate sparsity,normal_wald,Normal Wald,0.046,0.04229
moderate_sparse,Moderate sparsity,normal_wald,Normal Wald,0.047,0.043155
moderate_sparse,Moderate sparsity,normal_wald,Normal Wald,0.048,0.04401499999999999
moderate_sparse,Moderate sparsity,normal_wald,Normal Wald,0.049,0.044890000000000006
moderate_sparse,Moderate sparsity,normal_wald,Normal Wald,0.05,0.04592
moderate_sparse,Moderate sparsity,normal_wald,Normal Wald,0.051000000000000004,0.04695500000000001
moderate_sparse,Moderate sparsity,normal_wald,Normal Wald,0.052000000000000005,0.047995
moderate_sparse,Moderate sparsity,normal_wald,Normal Wald,0.053,0.048955000000000005
moderate_sparse,Moderate sparsity,normal_wald,Normal Wald,0.054,0.04996499999999999
moderate_sparse,Moderate sparsity,normal_wald,Normal Wald,0.055,0.050824999999999995
moderate_sparse,Moderate sparsity,normal_wald,Normal Wald,0.056,0.05175
moderate_sparse,Moderate sparsity,normal_wald,Normal Wald,0.057,0.052615
moderate_sparse,Moderate sparsity,normal_wald,Normal Wald,0.058,0.05354500000000002
moderate_sparse,Moderate sparsity,normal_wald,Normal Wald,0.059000000000000004,0.05450000000000001
moderate_sparse,Moderate sparsity,normal_wald,Normal Wald,0.06,0.05552499999999999
moderate_sparse,Moderate sparsity,normal_wald,Normal Wald,0.061,0.05644499999999999
moderate_sparse,Moderate sparsity,normal_wald,Normal Wald,0.062,0.05738
moderate_sparse,Moderate sparsity,normal_wald,Normal Wald,0.063,0.058325000000000016
moderate_sparse,Moderate sparsity,normal_wald,Normal Wald,0.064,0.05927499999999998
moderate_sparse,Moderate sparsity,normal_wald,Normal Wald,0.065,0.06024499999999999
moderate_sparse,Moderate sparsity,normal_wald,Normal Wald,0.066,0.061204999999999975
moderate_sparse,Moderate sparsity,normal_wald,Normal Wald,0.067,0.062265000000000015
moderate_sparse,Moderate sparsity,normal_wald,Normal Wald,0.068,0.063095
moderate_sparse,Moderate sparsity,normal_wald,Normal Wald,0.069,0.06403
moderate_sparse,Moderate sparsity,normal_wald,Normal Wald,0.07,0.06500999999999998
moderate_sparse,Moderate sparsity,normal_wald,Normal Wald,0.07100000000000001,0.06597999999999998
moderate_sparse,Moderate sparsity,normal_wald,Normal Wald,0.07200000000000001,0.06695000000000001
moderate_sparse,Moderate sparsity,normal_wald,Normal Wald,0.073,0.067905
moderate_sparse,Moderate sparsity,normal_wald,Normal Wald,0.074,0.068935
moderate_sparse,Moderate sparsity,normal_wald,Normal Wald,0.075,0.069875
moderate_sparse,Moderate sparsity,normal_wald,Normal Wald,0.076,0.070895
moderate_sparse,Moderate sparsity,normal_wald,Normal Wald,0.077,0.07186
moderate_sparse,Moderate sparsity,normal_wald,Normal Wald,0.078,0.07288
moderate_sparse,Moderate sparsity,normal_wald,Normal Wald,0.079,0.07379499999999997
moderate_sparse,Moderate sparsity,normal_wald,Normal Wald,0.08,0.07488500000000001
moderate_sparse,Moderate sparsity,normal_wald,Normal Wald,0.081,0.07594999999999999
moderate_sparse,Moderate sparsity,normal_wald,Normal Wald,0.082,0.076855
moderate_sparse,Moderate sparsity,normal_wald,Normal Wald,0.083,0.07779499999999999
moderate_sparse,Moderate sparsity,normal_wald,Normal Wald,0.084,0.078815
moderate_sparse,Moderate sparsity,normal_wald,Normal Wald,0.085,0.07973499999999999
moderate_sparse,Moderate sparsity,normal_wald,Normal Wald,0.08600000000000001,0.08075500000000001
moderate_sparse,Moderate sparsity,normal_wald,Normal Wald,0.08700000000000001,0.081655
moderate_sparse,Moderate sparsity,normal_wald,Normal Wald,0.088,0.082875
moderate_sparse,Moderate sparsity,normal_wald,Normal Wald,0.089,0.083765
moderate_sparse,Moderate sparsity,normal_wald,Normal Wald,0.09,0.08482000000000002
moderate_sparse,Moderate sparsity,normal_wald,Normal Wald,0.091,0.08565
moderate_sparse,Moderate sparsity,normal_wald,Normal Wald,0.092,0.08653
moderate_sparse,Moderate sparsity,normal_wald,Normal Wald,0.093,0.08753500000000002
moderate_sparse,Moderate sparsity,normal_wald,Normal Wald,0.094,0.08847
moderate_sparse,Moderate sparsity,normal_wald,Normal Wald,0.095,0.08936
moderate_sparse,Moderate sparsity,normal_wald,Normal Wald,0.096,0.09036999999999998
moderate_sparse,Moderate sparsity,normal_wald,Normal Wald,0.097,0.09132000000000001
moderate_sparse,Moderate sparsity,normal_wald,Normal Wald,0.098,0.09224999999999997
moderate_sparse,Moderate sparsity,normal_wald,Normal Wald,0.099,0.09319999999999999
moderate_sparse,Moderate sparsity,normal_wald,Normal Wald,0.1,0.094195
ultra_sparse,Ultra-sparsity,normal_wald,Normal Wald,0.0,0.0
ultra_sparse,Ultra-sparsity,normal_wald,Normal Wald,0.001,0.002520073017804841
ultra_sparse,Ultra-sparsity,normal_wald,Normal Wald,0.002,0.004495136033609281
ultra_sparse,Ultra-sparsity,normal_wald,Normal Wald,0.003,0.006205211053415166
ultra_sparse,Ultra-sparsity,normal_wald,Normal Wald,0.004,0.007660267068619805
ultra_sparse,Ultra-sparsity,normal_wald,Normal Wald,0.005,0.009265332084824333
ultra_sparse,Ultra-sparsity,normal_wald,Normal Wald,0.006,0.010495366092826409
ultra_sparse,Ultra-sparsity,normal_wald,Normal Wald,0.007,0.01199041310462973
ultra_sparse,Ultra-sparsity,normal_wald,Normal Wald,0.008,0.01325045911743373
ultra_sparse,Ultra-sparsity,normal_wald,Normal Wald,0.009000000000000001,0.014740506129637296
ultra_sparse,Ultra-sparsity,normal_wald,Normal Wald,0.01,0.016150551140640297
ultra_sparse,Ultra-sparsity,normal_wald,Normal Wald,0.011,0.017410607154243977
ultra_sparse,Ultra-sparsity,normal_wald,Normal Wald,0.012,0.01864565216524699
ultra_sparse,Ultra-sparsity,normal_wald,Normal Wald,0.013000000000000001,0.019760698178050977
ultra_sparse,Ultra-sparsity,normal_wald,Normal Wald,0.014,0.0214957671934547
ultra_sparse,Ultra-sparsity,normal_wald,Normal Wald,0.015,0.023200831208258454
ultra_sparse,Ultra-sparsity,normal_wald,Normal Wald,0.016,0.024430877219861733
ultra_sparse,Ultra-sparsity,normal_wald,Normal Wald,0.017,0.0256359112286643
ultra_sparse,Ultra-sparsity,normal_wald,Normal Wald,0.018000000000000002,0.026870947237066463
ultra_sparse,Ultra-sparsity,normal_wald,Normal Wald,0.019,0.028226003251870864
ultra_sparse,Ultra-sparsity,normal_wald,Normal Wald,0.02,0.029466047262673815
ultra_sparse,Ultra-sparsity,normal_wald,Normal Wald,0.021,0.03051110427847875
ultra_sparse,Ultra-sparsity,normal_wald,Normal Wald,0.022,0.03160113328468014
ultra_sparse,Ultra-sparsity,normal_wald,Normal Wald,0.023,0.033046184298084105
ultra_sparse,Ultra-sparsity,normal_wald,Normal Wald,0.024,0.03424124331348863
ultra_sparse,Ultra-sparsity,normal_wald,Normal Wald,0.025,0.03546628032249108
ultra_sparse,Ultra-sparsity,normal_wald,Normal Wald,0.026000000000000002,0.03659133133589503
ultra_sparse,Ultra-sparsity,normal_wald,Normal Wald,0.027,0.03775637434729842
ultra_sparse,Ultra-sparsity,normal_wald,Normal Wald,0.028,0.038841412357701624
ultra_sparse,Ultra-sparsity,normal_wald,Normal Wald,0.029,0.03993144736590377
ultra_sparse,Ultra-sparsity,normal_wald,Normal Wald,0.03,0.04115649837930772
ultra_sparse,Ultra-sparsity,normal_wald,Normal Wald,0.031,0.042416558394512034
ultra_sparse,Ultra-sparsity,normal_wald,Normal Wald,0.032,0.04339159140311456
ultra_sparse,Ultra-sparsity,normal_wald,Normal Wald,0.033,0.044516629412317044
ultra_sparse,Ultra-sparsity,normal_wald,Normal Wald,0.034,0.04550665841891867
ultra_sparse,Ultra-sparsity,normal_wald,Normal Wald,0.035,0.04668669242812148
ultra_sparse,Ultra-sparsity,normal_wald,Normal Wald,0.036000000000000004,0.04796674244052491
ultra_sparse,Ultra-sparsity,normal_wald,Normal Wald,0.037,0.049021785451928326
ultra_sparse,Ultra-sparsity,normal_wald,Normal Wald,0.038,0.050186823461931276
ultra_sparse,Ultra-sparsity,normal_wald,Normal Wald,0.039,0.05144687147393464
ultra_sparse,Ultra-sparsity,normal_wald,Normal Wald,0.04,0.05243191348473776
ultra_sparse,Ultra-sparsity,normal_wald,Normal Wald,0.041,0.053486954495340834
ultra_sparse,Ultra-sparsity,normal_wald,Normal Wald,0.042,0.0545869915043433
ultra_sparse,Ultra-sparsity,normal_wald,Normal Wald,0.043000000000000003,0.055987054520147725
ultra_sparse,Ultra-sparsity,normal_wald,Normal Wald,0.044,0.056912085527549686
ultra_sparse,Ultra-sparsity,normal_wald,Normal Wald,0.045,0.05812213453895262
ultra_sparse,Ultra-sparsity,normal_wald,Normal Wald,0.046,0.05915217154675432
ultra_sparse,Ultra-sparsity,normal_wald,Normal Wald,0.047,0.06024721855855765
ultra_sparse,Ultra-sparsity,normal_wald,Normal Wald,0.048,0.06140227257256172
ultra_sparse,Ultra-sparsity,normal_wald,Normal Wald,0.049,0.06268233158676553
ultra_sparse,Ultra-sparsity,normal_wald,Normal Wald,0.05,0.06373237159876952
ultra_sparse,Ultra-sparsity,normal_wald,Normal Wald,0.051000000000000004,0.06480741461017295
ultra_sparse,Ultra-sparsity,normal_wald,Normal Wald,0.052000000000000005,0.0659474696267785
ultra_sparse,Ultra-sparsity,normal_wald,Normal Wald,0.053,0.06713252864378398
ultra_sparse,Ultra-sparsity,normal_wald,Normal Wald,0.054,0.06846758865738735
ultra_sparse,Ultra-sparsity,normal_wald,Normal Wald,0.055,0.06992263866939054
ultra_sparse,Ultra-sparsity,normal_wald,Normal Wald,0.056,0.07097268168159442
ultra_sparse,Ultra-sparsity,normal_wald,Normal Wald,0.057,0.0723127326921967
ultra_sparse,Ultra-sparsity,normal_wald,Normal Wald,0.058,0.07379779970880132
ultra_sparse,Ultra-sparsity,normal_wald,Normal Wald,0.059000000000000004,0.07487284371920405
ultra_sparse,Ultra-sparsity,normal_wald,Normal Wald,0.06,0.07620789473260799
ultra_sparse,Ultra-sparsity,normal_wald,Normal Wald,0.061,0.07735294074461152
ultra_sparse,Ultra-sparsity,normal_wald,Normal Wald,0.062,0.07858299675981614
ultra_sparse,Ultra-sparsity,normal_wald,Normal Wald,0.063,0.07979804276981847
ultra_sparse,Ultra-sparsity,normal_wald,Normal Wald,0.064,0.08086306877622022
ultra_sparse,Ultra-sparsity,normal_wald,Normal Wald,0.065,0.08185812279182526
ultra_sparse,Ultra-sparsity,normal_wald,Normal Wald,0.066,0.08299816680422918
ultra_sparse,Ultra-sparsity,normal_wald,Normal Wald,0.067,0.08401821181683312
ultra_sparse,Ultra-sparsity,normal_wald,Normal Wald,0.068,0.08495324982683608
ultra_sparse,Ultra-sparsity,normal_wald,Normal Wald,0.069,0.08608829883903953
ultra_sparse,Ultra-sparsity,normal_wald,Normal Wald,0.07,0.08707833484864243
ultra_sparse,Ultra-sparsity,normal_wald,Normal Wald,0.07100000000000001,0.088218383861246
ultra_sparse,Ultra-sparsity,normal_wald,Normal Wald,0.07200000000000001,0.08922341486904822
ultra_sparse,Ultra-sparsity,normal_wald,Normal Wald,0.073,0.09016344187605024
ultra_sparse,Ultra-sparsity,normal_wald,Normal Wald,0.074,0.09114845988045149
ultra_sparse,Ultra-sparsity,normal_wald,Normal Wald,0.075,0.09227349488785311
ultra_sparse,Ultra-sparsity,normal_wald,Normal Wald,0.076,0.09334354290065697
ultra_sparse,Ultra-sparsity,normal_wald,Normal Wald,0.077,0.09456858991286052
ultra_sparse,Ultra-sparsity,normal_wald,Normal Wald,0.078,0.09555862492186311
ultra_sparse,Ultra-sparsity,normal_wald,Normal Wald,0.079,0.09671866393046516
ultra_sparse,Ultra-sparsity,normal_wald,Normal Wald,0.08,0.09757869993966779
ultra_sparse,Ultra-sparsity,normal_wald,Normal Wald,0.081,0.0987537519540723
ultra_sparse,Ultra-sparsity,normal_wald,Normal Wald,0.082,0.0997087949674769
ultra_sparse,Ultra-sparsity,normal_wald,Normal Wald,0.083,0.1008138419804809
ultra_sparse,Ultra-sparsity,normal_wald,Normal Wald,0.084,0.10171387198808308
ultra_sparse,Ultra-sparsity,normal_wald,Normal Wald,0.085,0.10293392300188726
ultra_sparse,Ultra-sparsity,normal_wald,Normal Wald,0.08600000000000001,0.10413397701589137
ultra_sparse,Ultra-sparsity,normal_wald,Normal Wald,0.08700000000000001,0.10513402102629413
ultra_sparse,Ultra-sparsity,normal_wald,Normal Wald,0.088,0.10624405903629705
ultra_sparse,Ultra-sparsity,normal_wald,Normal Wald,0.089,0.10711409704670025
ultra_sparse,Ultra-sparsity,normal_wald,Normal Wald,0.09,0.1080041280545025
ultra_sparse,Ultra-sparsity,normal_wald,Normal Wald,0.091,0.10909416606410519
ultra_sparse,Ultra-sparsity,normal_wald,Normal Wald,0.092,0.11026421007410762
ultra_sparse,Ultra-sparsity,normal_wald,Normal Wald,0.093,0.11122424908591164
ultra_sparse,Ultra-sparsity,normal_wald,Normal Wald,0.094,0.11233929809931578
ultra_sparse,Ultra-sparsity,normal_wald,Normal Wald,0.095,0.11330433010731797
ultra_sparse,Ultra-sparsity,normal_wald,Normal Wald,0.096,0.11431437311832113
ultra_sparse,Ultra-sparsity,normal_wald,Normal Wald,0.097,0.11547442413132487
ultra_sparse,Ultra-sparsity,normal_wald,Normal Wald,0.098,0.11652945814092792
ultra_sparse,Ultra-sparsity,normal_wald,Normal Wald,0.099,0.11755450515433216
ultra_sparse,Ultra-sparsity,normal_wald,Normal Wald,0.1,0.11872454816413458
ultra_imbalanced,Ultra-sparsity with imbalance,normal_wald,Normal Wald,0.0,0.0
ultra_imbalanced,Ultra-sparsity with imbalance,normal_wald,Normal Wald,0.001,0.052139999999999985
ultra_imbalanced,Ultra-sparsity with imbalance,normal_wald,Normal Wald,0.002,0.061529999999999994
ultra_imbalanced,Ultra-sparsity with imbalance,normal_wald,Normal Wald,0.003,0.06819500000000003
ultra_imbalanced,Ultra-sparsity with imbalance,normal_wald,Normal Wald,0.004,0.07340999999999999
ultra_imbalanced,Ultra-sparsity with imbalance,normal_wald,Normal Wald,0.005,0.07795999999999997
ultra_imbalanced,Ultra-sparsity with imbalance,normal_wald,Normal Wald,0.006,0.08193
ultra_imbalanced,Ultra-sparsity with imbalance,normal_wald,Normal Wald,0.007,0.08549999999999998
ultra_imbalanced,Ultra-sparsity with imbalance,normal_wald,Normal Wald,0.008,0.089195
ultra_imbalanced,Ultra-sparsity with imbalance,normal_wald,Normal Wald,0.009000000000000001,0.09231500000000001
ultra_imbalanced,Ultra-sparsity with imbalance,normal_wald,Normal Wald,0.01,0.09535999999999999
ultra_imbalanced,Ultra-sparsity with imbalance,normal_wald,Normal Wald,0.011,0.09807000000000002
ultra_imbalanced,Ultra-sparsity with imbalance,normal_wald,Normal Wald,0.012,0.10060999999999995
ultra_imbalanced,Ultra-sparsity with imbalance,normal_wald,Normal Wald,0.013000000000000001,0.10306500000000003
ultra_imbalanced,Ultra-sparsity with imbalance,normal_wald,Normal Wald,0.014,0.10550500000000003
ultra_imbalanced,Ultra-sparsity with imbalance,normal_wald,Normal Wald,0.015,0.10790999999999999
ultra_imbalanced,Ultra-sparsity with imbalance,normal_wald,Normal Wald,0.016,0.11037499999999997
ultra_imbalanced,Ultra-sparsity with imbalance,normal_wald,Normal Wald,0.017,0.11257000000000002
ultra_imbalanced,Ultra-sparsity with imbalance,normal_wald,Normal Wald,0.018000000000000002,0.11466999999999997
ultra_imbalanced,Ultra-sparsity with imbalance,normal_wald,Normal Wald,0.019,0.11683500000000002
ultra_imbalanced,Ultra-sparsity with imbalance,normal_wald,Normal Wald,0.02,0.118895
ultra_imbalanced,Ultra-sparsity with imbalance,normal_wald,Normal Wald,0.021,0.12097500000000001
ultra_imbalanced,Ultra-sparsity with imbalance,normal_wald,Normal Wald,0.022,0.12295000000000003
ultra_imbalanced,Ultra-sparsity with imbalance,normal_wald,Normal Wald,0.023,0.12485000000000002
ultra_imbalanced,Ultra-sparsity with imbalance,normal_wald,Normal Wald,0.024,0.12680999999999995
ultra_imbalanced,Ultra-sparsity with imbalance,normal_wald,Normal Wald,0.025,0.128745
ultra_imbalanced,Ultra-sparsity with imbalance,normal_wald,Normal Wald,0.026000000000000002,0.130375
ultra_imbalanced,Ultra-sparsity with imbalance,normal_wald,Normal Wald,0.027,0.13211
ultra_imbalanced,Ultra-sparsity with imbalance,normal_wald,Normal Wald,0.028,0.13386499999999998
ultra_imbalanced,Ultra-sparsity with imbalance,normal_wald,Normal Wald,0.029,0.13576499999999997
ultra_imbalanced,Ultra-sparsity with imbalance,normal_wald,Normal Wald,0.03,0.13765999999999998
ultra_imbalanced,Ultra-sparsity with imbalance,normal_wald,Normal Wald,0.031,0.13939
ultra_imbalanced,Ultra-sparsity with imbalance,normal_wald,Normal Wald,0.032,0.141265
ultra_imbalanced,Ultra-sparsity with imbalance,normal_wald,Normal Wald,0.033,0.14299500000000004
ultra_imbalanced,Ultra-sparsity with imbalance,normal_wald,Normal Wald,0.034,0.1447
ultra_imbalanced,Ultra-sparsity with imbalance,normal_wald,Normal Wald,0.035,0.14628500000000003
ultra_imbalanced,Ultra-sparsity with imbalance,normal_wald,Normal Wald,0.036000000000000004,0.14794000000000002
ultra_imbalanced,Ultra-sparsity with imbalance,normal_wald,Normal Wald,0.037,0.14934000000000003
ultra_imbalanced,Ultra-sparsity with imbalance,normal_wald,Normal Wald,0.038,0.150895
ultra_imbalanced,Ultra-sparsity with imbalance,normal_wald,Normal Wald,0.039,0.152495
ultra_imbalanced,Ultra-sparsity with imbalance,normal_wald,Normal Wald,0.04,0.15394000000000002
ultra_imbalanced,Ultra-sparsity with imbalance,normal_wald,Normal Wald,0.041,0.155345
ultra_imbalanced,Ultra-sparsity with imbalance,normal_wald,Normal Wald,0.042,0.15691499999999997
ultra_imbalanced,Ultra-sparsity with imbalance,normal_wald,Normal Wald,0.043000000000000003,0.15833999999999998
ultra_imbalanced,Ultra-sparsity with imbalance,normal_wald,Normal Wald,0.044,0.15988999999999995
ultra_imbalanced,Ultra-sparsity with imbalance,normal_wald,Normal Wald,0.045,0.161545
ultra_imbalanced,Ultra-sparsity with imbalance,normal_wald,Normal Wald,0.046,0.16287000000000004
ultra_imbalanced,Ultra-sparsity with imbalance,normal_wald,Normal Wald,0.047,0.164275
ultra_imbalanced,Ultra-sparsity with imbalance,normal_wald,Normal Wald,0.048,0.16569499999999998
ultra_imbalanced,Ultra-sparsity with imbalance,normal_wald,Normal Wald,0.049,0.16723500000000002
ultra_imbalanced,Ultra-sparsity with imbalance,normal_wald,Normal Wald,0.05,0.16851000000000002
ultra_imbalanced,Ultra-sparsity with imbalance,normal_wald,Normal Wald,0.051000000000000004,0.16995
ultra_imbalanced,Ultra-sparsity with imbalance,normal_wald,Normal Wald,0.052000000000000005,0.171355
ultra_imbalanced,Ultra-sparsity with imbalance,normal_wald,Normal Wald,0.053,0.17274499999999998
ultra_imbalanced,Ultra-sparsity with imbalance,normal_wald,Normal Wald,0.054,0.17402999999999996
ultra_imbalanced,Ultra-sparsity with imbalance,normal_wald,Normal Wald,0.055,0.17539
ultra_imbalanced,Ultra-sparsity with imbalance,normal_wald,Normal Wald,0.056,0.176715
ultra_imbalanced,Ultra-sparsity with imbalance,normal_wald,Normal Wald,0.057,0.17818
ultra_imbalanced,Ultra-sparsity with imbalance,normal_wald,Normal Wald,0.058,0.17955500000000002
ultra_imbalanced,Ultra-sparsity with imbalance,normal_wald,Normal Wald,0.059000000000000004,0.18083999999999997
ultra_imbalanced,Ultra-sparsity with imbalance,normal_wald,Normal Wald,0.06,0.18221000000000004
ultra_imbalanced,Ultra-sparsity with imbalance,normal_wald,Normal Wald,0.061,0.18362499999999998
ultra_imbalanced,Ultra-sparsity with imbalance,normal_wald,Normal Wald,0.062,0.184815
ultra_imbalanced,Ultra-sparsity with imbalance,normal_wald,Normal Wald,0.063,0.18608499999999994
ultra_imbalanced,Ultra-sparsity with imbalance,normal_wald,Normal Wald,0.064,0.18736
ultra_imbalanced,Ultra-sparsity with imbalance,normal_wald,Normal Wald,0.065,0.18860499999999997
ultra_imbalanced,Ultra-sparsity with imbalance,normal_wald,Normal Wald,0.066,0.18983000000000005
ultra_imbalanced,Ultra-sparsity with imbalance,normal_wald,Normal Wald,0.067,0.19102
ultra_imbalanced,Ultra-sparsity with imbalance,normal_wald,Normal Wald,0.068,0.19237999999999997
ultra_imbalanced,Ultra-sparsity with imbalance,normal_wald,Normal Wald,0.069,0.19387000000000004
ultra_imbalanced,Ultra-sparsity with imbalance,normal_wald,Normal Wald,0.07,0.19528500000000001
ultra_imbalanced,Ultra-sparsity with imbalance,normal_wald,Normal Wald,0.07100000000000001,0.19637
ultra_imbalanced,Ultra-sparsity with imbalance,normal_wald,Normal Wald,0.07200000000000001,0.19765499999999997
ultra_imbalanced,Ultra-sparsity with imbalance,normal_wald,Normal Wald,0.073,0.19888999999999998
ultra_imbalanced,Ultra-sparsity with imbalance,normal_wald,Normal Wald,0.074,0.20008499999999999
ultra_imbalanced,Ultra-sparsity with imbalance,normal_wald,Normal Wald,0.075,0.20149500000000004
ultra_imbalanced,Ultra-sparsity with imbalance,normal_wald,Normal Wald,0.076,0.20266
ultra_imbalanced,Ultra-sparsity with imbalance,normal_wald,Normal Wald,0.077,0.20401500000000006
ultra_imbalanced,Ultra-sparsity with imbalance,normal_wald,Normal Wald,0.078,0.20534499999999997
ultra_imbalanced,Ultra-sparsity with imbalance,normal_wald,Normal Wald,0.079,0.20656000000000002
ultra_imbalanced,Ultra-sparsity with imbalance,normal_wald,Normal Wald,0.08,0.20776
ultra_imbalanced,Ultra-sparsity with imbalance,normal_wald,Normal Wald,0.081,0.20883
ultra_imbalanced,Ultra-sparsity with imbalance,normal_wald,Normal Wald,0.082,0.21004
ultra_imbalanced,Ultra-sparsity with imbalance,normal_wald,Normal Wald,0.083,0.21123999999999996
ultra_imbalanced,Ultra-sparsity with imbalance,normal_wald,Normal Wald,0.084,0.21233000000000005
ultra_imbalanced,Ultra-sparsity with imbalance,normal_wald,Normal Wald,0.085,0.21341000000000002
ultra_imbalanced,Ultra-sparsity with imbalance,normal_wald,Normal Wald,0.08600000000000001,0.21459999999999999
ultra_imbalanced,Ultra-sparsity with imbalance,normal_wald,Normal Wald,0.08700000000000001,0.215725
ultra_imbalanced,Ultra-sparsity with imbalance,normal_wald,Normal Wald,0.088,0.21685
ultra_imbalanced,Ultra-sparsity with imbalance,normal_wald,Normal Wald,0.089,0.21810500000000008
ultra_imbalanced,Ultra-sparsity with imbalance,normal_wald,Normal Wald,0.09,0.21922999999999998
ultra_imbalanced,Ultra-sparsity with imbalance,normal_wald,Normal Wald,0.091,0.22041000000000005
ultra_imbalanced,Ultra-sparsity with imbalance,normal_wald,Normal Wald,0.092,0.22152
ultra_imbalanced,Ultra-sparsity with imbalance,normal_wald,Normal Wald,0.093,0.22251500000000002
ultra_imbalanced,Ultra-sparsity with imbalance,normal_wald,Normal Wald,0.094,0.22361499999999995
ultra_imbalanced,Ultra-sparsity with imbalance,normal_wald,Normal Wald,0.095,0.22481999999999996
ultra_imbalanced,Ultra-sparsity with imbalance,normal_wald,Normal Wald,0.096,0.22598000000000001
ultra_imbalanced,Ultra-sparsity with imbalance,normal_wald,Normal Wald,0.097,0.22703
ultra_imbalanced,Ultra-sparsity with imbalance,normal_wald,Normal Wald,0.098,0.22819499999999998
ultra_imbalanced,Ultra-sparsity with imbalance,normal_wald,Normal Wald,0.099,0.229315
ultra_imbalanced,Ultra-sparsity with imbalance,normal_wald,Normal Wald,0.1,0.23041
balanced_control,Balanced control,simple_welch,Simple Welch,0.0,0.0
balanced_control,Balanced control,simple_welch,Simple Welch,0.001,0.0007049999999999999
balanced_control,Balanced control,simple_welch,Simple Welch,0.002,0.0014500000000000003
balanced_control,Balanced control,simple_welch,Simple Welch,0.003,0.0023200000000000004
balanced_control,Balanced control,simple_welch,Simple Welch,0.004,0.0032199999999999993
balanced_control,Balanced control,simple_welch,Simple Welch,0.005,0.004054999999999999
balanced_control,Balanced control,simple_welch,Simple Welch,0.006,0.004869999999999999
balanced_control,Balanced control,simple_welch,Simple Welch,0.007,0.0058249999999999994
balanced_control,Balanced control,simple_welch,Simple Welch,0.008,0.006799999999999999
balanced_control,Balanced control,simple_welch,Simple Welch,0.009000000000000001,0.007679999999999999
balanced_control,Balanced control,simple_welch,Simple Welch,0.01,0.008624999999999999
balanced_control,Balanced control,simple_welch,Simple Welch,0.011,0.009475
balanced_control,Balanced control,simple_welch,Simple Welch,0.012,0.01052
balanced_control,Balanced control,simple_welch,Simple Welch,0.013000000000000001,0.011509999999999998
balanced_control,Balanced control,simple_welch,Simple Welch,0.014,0.012389999999999998
balanced_control,Balanced control,simple_welch,Simple Welch,0.015,0.013335
balanced_control,Balanced control,simple_welch,Simple Welch,0.016,0.014329999999999999
balanced_control,Balanced control,simple_welch,Simple Welch,0.017,0.015285000000000003
balanced_control,Balanced control,simple_welch,Simple Welch,0.018000000000000002,0.016190000000000003
balanced_control,Balanced control,simple_welch,Simple Welch,0.019,0.01725
balanced_control,Balanced control,simple_welch,Simple Welch,0.02,0.018204999999999995
balanced_control,Balanced control,simple_welch,Simple Welch,0.021,0.019124999999999996
balanced_control,Balanced control,simple_welch,Simple Welch,0.022,0.020119999999999996
balanced_control,Balanced control,simple_welch,Simple Welch,0.023,0.021179999999999994
balanced_control,Balanced control,simple_welch,Simple Welch,0.024,0.022105
balanced_control,Balanced control,simple_welch,Simple Welch,0.025,0.02284
balanced_control,Balanced control,simple_welch,Simple Welch,0.026000000000000002,0.023850000000000003
balanced_control,Balanced control,simple_welch,Simple Welch,0.027,0.024790000000000003
balanced_control,Balanced control,simple_welch,Simple Welch,0.028,0.025755000000000007
balanced_control,Balanced control,simple_welch,Simple Welch,0.029,0.026774999999999993
balanced_control,Balanced control,simple_welch,Simple Welch,0.03,0.027780000000000006
balanced_control,Balanced control,simple_welch,Simple Welch,0.031,0.028724999999999994
balanced_control,Balanced control,simple_welch,Simple Welch,0.032,0.029729999999999996
balanced_control,Balanced control,simple_welch,Simple Welch,0.033,0.030609999999999988
balanced_control,Balanced control,simple_welch,Simple Welch,0.034,0.031595000000000005
balanced_control,Balanced control,simple_welch,Simple Welch,0.035,0.03261
balanced_control,Balanced control,simple_welch,Simple Welch,0.036000000000000004,0.03347000000000001
balanced_control,Balanced control,simple_welch,Simple Welch,0.037,0.034535
balanced_control,Balanced control,simple_welch,Simple Welch,0.038,0.03543
balanced_control,Balanced control,simple_welch,Simple Welch,0.039,0.036354999999999985
balanced_control,Balanced control,simple_welch,Simple Welch,0.04,0.03733000000000001
balanced_control,Balanced control,simple_welch,Simple Welch,0.041,0.03831
balanced_control,Balanced control,simple_welch,Simple Welch,0.042,0.03923
balanced_control,Balanced control,simple_welch,Simple Welch,0.043000000000000003,0.04021
balanced_control,Balanced control,simple_welch,Simple Welch,0.044,0.041225000000000005
balanced_control,Balanced control,simple_welch,Simple Welch,0.045,0.042195
balanced_control,Balanced control,simple_welch,Simple Welch,0.046,0.04313499999999999
balanced_control,Balanced control,simple_welch,Simple Welch,0.047,0.04409499999999999
balanced_control,Balanced control,simple_welch,Simple Welch,0.048,0.045024999999999996
balanced_control,Balanced control,simple_welch,Simple Welch,0.049,0.046060000000000004
balanced_control,Balanced control,simple_welch,Simple Welch,0.05,0.04708
balanced_control,Balanced control,simple_welch,Simple Welch,0.051000000000000004,0.04793500000000001
balanced_control,Balanced control,simple_welch,Simple Welch,0.052000000000000005,0.04889000000000002
balanced_control,Balanced control,simple_welch,Simple Welch,0.053,0.049964999999999996
balanced_control,Balanced control,simple_welch,Simple Welch,0.054,0.051019999999999996
balanced_control,Balanced control,simple_welch,Simple Welch,0.055,0.05201500000000001
balanced_control,Balanced control,simple_welch,Simple Welch,0.056,0.053049999999999986
balanced_control,Balanced control,simple_welch,Simple Welch,0.057,0.05406500000000001
balanced_control,Balanced control,simple_welch,Simple Welch,0.058,0.05499999999999999
balanced_control,Balanced control,simple_welch,Simple Welch,0.059000000000000004,0.05597500000000001
balanced_control,Balanced control,simple_welch,Simple Welch,0.06,0.05699
balanced_control,Balanced control,simple_welch,Simple Welch,0.061,0.058015000000000004
balanced_control,Balanced control,simple_welch,Simple Welch,0.062,0.059009999999999986
balanced_control,Balanced control,simple_welch,Simple Welch,0.063,0.06001999999999998
balanced_control,Balanced control,simple_welch,Simple Welch,0.064,0.060954999999999995
balanced_control,Balanced control,simple_welch,Simple Welch,0.065,0.06198499999999999
balanced_control,Balanced control,simple_welch,Simple Welch,0.066,0.06294499999999999
balanced_control,Balanced control,simple_welch,Simple Welch,0.067,0.063965
balanced_control,Balanced control,simple_welch,Simple Welch,0.068,0.06488000000000001
balanced_control,Balanced control,simple_welch,Simple Welch,0.069,0.065785
balanced_control,Balanced control,simple_welch,Simple Welch,0.07,0.06668999999999999
balanced_control,Balanced control,simple_welch,Simple Welch,0.07100000000000001,0.06777000000000002
balanced_control,Balanced control,simple_welch,Simple Welch,0.07200000000000001,0.06883500000000001
balanced_control,Balanced control,simple_welch,Simple Welch,0.073,0.06976000000000002
balanced_control,Balanced control,simple_welch,Simple Welch,0.074,0.070725
balanced_control,Balanced control,simple_welch,Simple Welch,0.075,0.071835
balanced_control,Balanced control,simple_welch,Simple Welch,0.076,0.072895
balanced_control,Balanced control,simple_welch,Simple Welch,0.077,0.07386000000000001
balanced_control,Balanced control,simple_welch,Simple Welch,0.078,0.07480999999999999
balanced_control,Balanced control,simple_welch,Simple Welch,0.079,0.075655
balanced_control,Balanced control,simple_welch,Simple Welch,0.08,0.076685
balanced_control,Balanced control,simple_welch,Simple Welch,0.081,0.0776
balanced_control,Balanced control,simple_welch,Simple Welch,0.082,0.078645
balanced_control,Balanced control,simple_welch,Simple Welch,0.083,0.07967499999999997
balanced_control,Balanced control,simple_welch,Simple Welch,0.084,0.08061
balanced_control,Balanced control,simple_welch,Simple Welch,0.085,0.08169
balanced_control,Balanced control,simple_welch,Simple Welch,0.08600000000000001,0.08276000000000001
balanced_control,Balanced control,simple_welch,Simple Welch,0.08700000000000001,0.08365
balanced_control,Balanced control,simple_welch,Simple Welch,0.088,0.08455500000000002
balanced_control,Balanced control,simple_welch,Simple Welch,0.089,0.08564
balanced_control,Balanced control,simple_welch,Simple Welch,0.09,0.08662500000000001
balanced_control,Balanced control,simple_welch,Simple Welch,0.091,0.08760000000000001
balanced_control,Balanced control,simple_welch,Simple Welch,0.092,0.08852499999999999
balanced_control,Balanced control,simple_welch,Simple Welch,0.093,0.08938
balanced_control,Balanced control,simple_welch,Simple Welch,0.094,0.09035
balanced_control,Balanced control,simple_welch,Simple Welch,0.095,0.09129499999999999
balanced_control,Balanced control,simple_welch,Simple Welch,0.096,0.09214000000000001
balanced_control,Balanced control,simple_welch,Simple Welch,0.097,0.09318500000000005
balanced_control,Balanced control,simple_welch,Simple Welch,0.098,0.09416
balanced_control,Balanced control,simple_welch,Simple Welch,0.099,0.09510499999999997
balanced_control,Balanced control,simple_welch,Simple Welch,0.1,0.09617999999999999
moderate_sparse,Moderate sparsity,simple_welch,Simple Welch,0.0,0.0
moderate_sparse,Moderate sparsity,simple_welch,Simple Welch,0.001,0.0009350000000000001
moderate_sparse,Moderate sparsity,simple_welch,Simple Welch,0.002,0.00176
moderate_sparse,Moderate sparsity,simple_welch,Simple Welch,0.003,0.0025449999999999995
moderate_sparse,Moderate sparsity,simple_welch,Simple Welch,0.004,0.0032850000000000006
moderate_sparse,Moderate sparsity,simple_welch,Simple Welch,0.005,0.004095
moderate_sparse,Moderate sparsity,simple_welch,Simple Welch,0.006,0.004784999999999999
moderate_sparse,Moderate sparsity,simple_welch,Simple Welch,0.007,0.00547
moderate_sparse,Moderate sparsity,simple_welch,Simple Welch,0.008,0.006280000000000001
moderate_sparse,Moderate sparsity,simple_welch,Simple Welch,0.009000000000000001,0.007180000000000001
moderate_sparse,Moderate sparsity,simple_welch,Simple Welch,0.01,0.008075
moderate_sparse,Moderate sparsity,simple_welch,Simple Welch,0.011,0.008929999999999999
moderate_sparse,Moderate sparsity,simple_welch,Simple Welch,0.012,0.009839999999999998
moderate_sparse,Moderate sparsity,simple_welch,Simple Welch,0.013000000000000001,0.010694999999999998
moderate_sparse,Moderate sparsity,simple_welch,Simple Welch,0.014,0.01166
moderate_sparse,Moderate sparsity,simple_welch,Simple Welch,0.015,0.012465
moderate_sparse,Moderate sparsity,simple_welch,Simple Welch,0.016,0.013345000000000001
moderate_sparse,Moderate sparsity,simple_welch,Simple Welch,0.017,0.014195
moderate_sparse,Moderate sparsity,simple_welch,Simple Welch,0.018000000000000002,0.014980000000000004
moderate_sparse,Moderate sparsity,simple_welch,Simple Welch,0.019,0.016025
moderate_sparse,Moderate sparsity,simple_welch,Simple Welch,0.02,0.016825
moderate_sparse,Moderate sparsity,simple_welch,Simple Welch,0.021,0.017715
moderate_sparse,Moderate sparsity,simple_welch,Simple Welch,0.022,0.01852
moderate_sparse,Moderate sparsity,simple_welch,Simple Welch,0.023,0.019370000000000005
moderate_sparse,Moderate sparsity,simple_welch,Simple Welch,0.024,0.020255000000000002
moderate_sparse,Moderate sparsity,simple_welch,Simple Welch,0.025,0.021125
moderate_sparse,Moderate sparsity,simple_welch,Simple Welch,0.026000000000000002,0.021965
moderate_sparse,Moderate sparsity,simple_welch,Simple Welch,0.027,0.022844999999999994
moderate_sparse,Moderate sparsity,simple_welch,Simple Welch,0.028,0.02379
moderate_sparse,Moderate sparsity,simple_welch,Simple Welch,0.029,0.024840000000000004
moderate_sparse,Moderate sparsity,simple_welch,Simple Welch,0.03,0.025705000000000006
moderate_sparse,Moderate sparsity,simple_welch,Simple Welch,0.031,0.026695000000000003
moderate_sparse,Moderate sparsity,simple_welch,Simple Welch,0.032,0.02762
moderate_sparse,Moderate sparsity,simple_welch,Simple Welch,0.033,0.028554999999999997
moderate_sparse,Moderate sparsity,simple_welch,Simple Welch,0.034,0.029460000000000004
moderate_sparse,Moderate sparsity,simple_welch,Simple Welch,0.035,0.030345
moderate_sparse,Moderate sparsity,simple_welch,Simple Welch,0.036000000000000004,0.03117000000000001
moderate_sparse,Moderate sparsity,simple_welch,Simple Welch,0.037,0.03214500000000001
moderate_sparse,Moderate sparsity,simple_welch,Simple Welch,0.038,0.033065000000000004
moderate_sparse,Moderate sparsity,simple_welch,Simple Welch,0.039,0.033929999999999995
moderate_sparse,Moderate sparsity,simple_welch,Simple Welch,0.04,0.03491999999999999
moderate_sparse,Moderate sparsity,simple_welch,Simple Welch,0.041,0.03582499999999999
moderate_sparse,Moderate sparsity,simple_welch,Simple Welch,0.042,0.03677499999999999
moderate_sparse,Moderate sparsity,simple_welch,Simple Welch,0.043000000000000003,0.037695000000000006
moderate_sparse,Moderate sparsity,simple_welch,Simple Welch,0.044,0.03862499999999999
moderate_sparse,Moderate sparsity,simple_welch,Simple Welch,0.045,0.03939500000000001
moderate_sparse,Moderate sparsity,simple_welch,Simple Welch,0.046,0.040400000000000005
moderate_sparse,Moderate sparsity,simple_welch,Simple Welch,0.047,0.04129
moderate_sparse,Moderate sparsity,simple_welch,Simple Welch,0.048,0.04236000000000001
moderate_sparse,Moderate sparsity,simple_welch,Simple Welch,0.049,0.0432
moderate_sparse,Moderate sparsity,simple_welch,Simple Welch,0.05,0.044
moderate_sparse,Moderate sparsity,simple_welch,Simple Welch,0.051000000000000004,0.044980000000000006
moderate_sparse,Moderate sparsity,simple_welch,Simple Welch,0.052000000000000005,0.04595000000000001
moderate_sparse,Moderate sparsity,simple_welch,Simple Welch,0.053,0.04693499999999999
moderate_sparse,Moderate sparsity,simple_welch,Simple Welch,0.054,0.04796
moderate_sparse,Moderate sparsity,simple_welch,Simple Welch,0.055,0.048855
moderate_sparse,Moderate sparsity,simple_welch,Simple Welch,0.056,0.04984000000000001
moderate_sparse,Moderate sparsity,simple_welch,Simple Welch,0.057,0.05078500000000001
moderate_sparse,Moderate sparsity,simple_welch,Simple Welch,0.058,0.05175
moderate_sparse,Moderate sparsity,simple_welch,Simple Welch,0.059000000000000004,0.05260499999999999
moderate_sparse,Moderate sparsity,simple_welch,Simple Welch,0.06,0.05348500000000002
moderate_sparse,Moderate sparsity,simple_welch,Simple Welch,0.061,0.05443999999999999
moderate_sparse,Moderate sparsity,simple_welch,Simple Welch,0.062,0.055355
moderate_sparse,Moderate sparsity,simple_welch,Simple Welch,0.063,0.05626499999999999
moderate_sparse,Moderate sparsity,simple_welch,Simple Welch,0.064,0.05722499999999999
moderate_sparse,Moderate sparsity,simple_welch,Simple Welch,0.065,0.058145
moderate_sparse,Moderate sparsity,simple_welch,Simple Welch,0.066,0.05913
moderate_sparse,Moderate sparsity,simple_welch,Simple Welch,0.067,0.0601
moderate_sparse,Moderate sparsity,simple_welch,Simple Welch,0.068,0.06111500000000002
moderate_sparse,Moderate sparsity,simple_welch,Simple Welch,0.069,0.06213999999999999
moderate_sparse,Moderate sparsity,simple_welch,Simple Welch,0.07,0.06308999999999998
moderate_sparse,Moderate sparsity,simple_welch,Simple Welch,0.07100000000000001,0.06402
moderate_sparse,Moderate sparsity,simple_welch,Simple Welch,0.07200000000000001,0.06495000000000001
moderate_sparse,Moderate sparsity,simple_welch,Simple Welch,0.073,0.065915
moderate_sparse,Moderate sparsity,simple_welch,Simple Welch,0.074,0.06678999999999999
moderate_sparse,Moderate sparsity,simple_welch,Simple Welch,0.075,0.06776499999999999
moderate_sparse,Moderate sparsity,simple_welch,Simple Welch,0.076,0.06887000000000001
moderate_sparse,Moderate sparsity,simple_welch,Simple Welch,0.077,0.069665
moderate_sparse,Moderate sparsity,simple_welch,Simple Welch,0.078,0.07069499999999998
moderate_sparse,Moderate sparsity,simple_welch,Simple Welch,0.079,0.07165499999999998
moderate_sparse,Moderate sparsity,simple_welch,Simple Welch,0.08,0.07259999999999998
moderate_sparse,Moderate sparsity,simple_welch,Simple Welch,0.081,0.07368500000000001
moderate_sparse,Moderate sparsity,simple_welch,Simple Welch,0.082,0.07465500000000001
moderate_sparse,Moderate sparsity,simple_welch,Simple Welch,0.083,0.07563499999999998
moderate_sparse,Moderate sparsity,simple_welch,Simple Welch,0.084,0.076745
moderate_sparse,Moderate sparsity,simple_welch,Simple Welch,0.085,0.07767
moderate_sparse,Moderate sparsity,simple_welch,Simple Welch,0.08600000000000001,0.07861000000000001
moderate_sparse,Moderate sparsity,simple_welch,Simple Welch,0.08700000000000001,0.079565
moderate_sparse,Moderate sparsity,simple_welch,Simple Welch,0.088,0.08054999999999998
moderate_sparse,Moderate sparsity,simple_welch,Simple Welch,0.089,0.08155
moderate_sparse,Moderate sparsity,simple_welch,Simple Welch,0.09,0.08257500000000001
moderate_sparse,Moderate sparsity,simple_welch,Simple Welch,0.091,0.08358499999999999
moderate_sparse,Moderate sparsity,simple_welch,Simple Welch,0.092,0.08457500000000001
moderate_sparse,Moderate sparsity,simple_welch,Simple Welch,0.093,0.08561499999999997
moderate_sparse,Moderate sparsity,simple_welch,Simple Welch,0.094,0.0865
moderate_sparse,Moderate sparsity,simple_welch,Simple Welch,0.095,0.08744500000000001
moderate_sparse,Moderate sparsity,simple_welch,Simple Welch,0.096,0.08829500000000001
moderate_sparse,Moderate sparsity,simple_welch,Simple Welch,0.097,0.089305
moderate_sparse,Moderate sparsity,simple_welch,Simple Welch,0.098,0.09012
moderate_sparse,Moderate sparsity,simple_welch,Simple Welch,0.099,0.09114
moderate_sparse,Moderate sparsity,simple_welch,Simple Welch,0.1,0.09206499999999998
ultra_sparse,Ultra-sparsity,simple_welch,Simple Welch,0.0,0.0
ultra_sparse,Ultra-sparsity,simple_welch,Simple Welch,0.001,0.0015950330074018001
ultra_sparse,Ultra-sparsity,simple_welch,Simple Welch,0.002,0.0032750870210056424
ultra_sparse,Ultra-sparsity,simple_welch,Simple Welch,0.003,0.0047251340328089645
ultra_sparse,Ultra-sparsity,simple_welch,Simple Welch,0.004,0.006030180045212725
ultra_sparse,Ultra-sparsity,simple_welch,Simple Welch,0.005,0.007375228057216088
ultra_sparse,Ultra-sparsity,simple_welch,Simple Welch,0.006,0.008730290074421446
ultra_sparse,Ultra-sparsity,simple_welch,Simple Welch,0.007,0.00999533108462429
ultra_sparse,Ultra-sparsity,simple_welch,Simple Welch,0.008,0.011020364092426325
ultra_sparse,Ultra-sparsity,simple_welch,Simple Welch,0.009000000000000001,0.012385403102229088
ultra_sparse,Ultra-sparsity,simple_welch,Simple Welch,0.01,0.013535444112832171
ultra_sparse,Ultra-sparsity,simple_welch,Simple Welch,0.011,0.014920483123435413
ultra_sparse,Ultra-sparsity,simple_welch,Simple Welch,0.012,0.01620053113583901
ultra_sparse,Ultra-sparsity,simple_welch,Simple Welch,0.013000000000000001,0.017440568145241694
ultra_sparse,Ultra-sparsity,simple_welch,Simple Welch,0.014,0.018530610155244338
ultra_sparse,Ultra-sparsity,simple_welch,Simple Welch,0.015,0.019650654166447547
ultra_sparse,Ultra-sparsity,simple_welch,Simple Welch,0.016,0.020925702178450894
ultra_sparse,Ultra-sparsity,simple_welch,Simple Welch,0.017,0.022315756190854023
ultra_sparse,Ultra-sparsity,simple_welch,Simple Welch,0.018000000000000002,0.023945820206458253
ultra_sparse,Ultra-sparsity,simple_welch,Simple Welch,0.019,0.025220869217460938
ultra_sparse,Ultra-sparsity,simple_welch,Simple Welch,0.02,0.026495906226463382
ultra_sparse,Ultra-sparsity,simple_welch,Simple Welch,0.021,0.02755094323586606
ultra_sparse,Ultra-sparsity,simple_welch,Simple Welch,0.022,0.028730981245869026
ultra_sparse,Ultra-sparsity,simple_welch,Simple Welch,0.023,0.029866034259673067
ultra_sparse,Ultra-sparsity,simple_welch,Simple Welch,0.024,0.030976072268875544
ultra_sparse,Ultra-sparsity,simple_welch,Simple Welch,0.025,0.03210611528107943
ultra_sparse,Ultra-sparsity,simple_welch,Simple Welch,0.026000000000000002,0.033386156290481785
ultra_sparse,Ultra-sparsity,simple_welch,Simple Welch,0.027,0.034621201302285264
ultra_sparse,Ultra-sparsity,simple_welch,Simple Welch,0.028,0.03569124831488907
ultra_sparse,Ultra-sparsity,simple_welch,Simple Welch,0.029,0.03681129832849323
ultra_sparse,Ultra-sparsity,simple_welch,Simple Welch,0.03,0.038056350340896515
ultra_sparse,Ultra-sparsity,simple_welch,Simple Welch,0.031,0.03909138435049954
ultra_sparse,Ultra-sparsity,simple_welch,Simple Welch,0.032,0.040326411356701106
ultra_sparse,Ultra-sparsity,simple_welch,Simple Welch,0.033,0.041286452368504915
ultra_sparse,Ultra-sparsity,simple_welch,Simple Welch,0.034,0.042461502380107874
ultra_sparse,Ultra-sparsity,simple_welch,Simple Welch,0.035,0.04346154639131108
ultra_sparse,Ultra-sparsity,simple_welch,Simple Welch,0.036000000000000004,0.044746602406115485
ultra_sparse,Ultra-sparsity,simple_welch,Simple Welch,0.037,0.04575162641131668
ultra_sparse,Ultra-sparsity,simple_welch,Simple Welch,0.038,0.046706653417918464
ultra_sparse,Ultra-sparsity,simple_welch,Simple Welch,0.039,0.047711692428521704
ultra_sparse,Ultra-sparsity,simple_welch,Simple Welch,0.04,0.048951743442325925
ultra_sparse,Ultra-sparsity,simple_welch,Simple Welch,0.041,0.04998177745072825
ultra_sparse,Ultra-sparsity,simple_welch,Simple Welch,0.042,0.05104180745793015
ultra_sparse,Ultra-sparsity,simple_welch,Simple Welch,0.043000000000000003,0.052166854469733494
ultra_sparse,Ultra-sparsity,simple_welch,Simple Welch,0.044,0.053166885478736395
ultra_sparse,Ultra-sparsity,simple_welch,Simple Welch,0.045,0.05442193348993929
ultra_sparse,Ultra-sparsity,simple_welch,Simple Welch,0.046,0.055681989503542986
ultra_sparse,Ultra-sparsity,simple_welch,Simple Welch,0.047,0.05662202951394598
ultra_sparse,Ultra-sparsity,simple_welch,Simple Welch,0.048,0.05776707352394848
ultra_sparse,Ultra-sparsity,simple_welch,Simple Welch,0.049,0.058867107532350804
ultra_sparse,Ultra-sparsity,simple_welch,Simple Welch,0.05,0.059942151543153764
ultra_sparse,Ultra-sparsity,simple_welch,Simple Welch,0.051000000000000004,0.06102719255175563
ultra_sparse,Ultra-sparsity,simple_welch,Simple Welch,0.052000000000000005,0.062007233561158025
ultra_sparse,Ultra-sparsity,simple_welch,Simple Welch,0.053,0.06306727257176124
ultra_sparse,Ultra-sparsity,simple_welch,Simple Welch,0.054,0.06429232958676569
ultra_sparse,Ultra-sparsity,simple_welch,Simple Welch,0.055,0.0653673786001698
ultra_sparse,Ultra-sparsity,simple_welch,Simple Welch,0.056,0.06659743361717561
ultra_sparse,Ultra-sparsity,simple_welch,Simple Welch,0.057,0.06774749163278032
ultra_sparse,Ultra-sparsity,simple_welch,Simple Welch,0.058,0.06910755564958529
ultra_sparse,Ultra-sparsity,simple_welch,Simple Welch,0.059000000000000004,0.0706076096635894
ultra_sparse,Ultra-sparsity,simple_welch,Simple Welch,0.06,0.07171765267419232
ultra_sparse,Ultra-sparsity,simple_welch,Simple Welch,0.061,0.07304270768639523
ultra_sparse,Ultra-sparsity,simple_welch,Simple Welch,0.062,0.07425775169759843
ultra_sparse,Ultra-sparsity,simple_welch,Simple Welch,0.063,0.07537279870780078
ultra_sparse,Ultra-sparsity,simple_welch,Simple Welch,0.064,0.07667785372240514
ultra_sparse,Ultra-sparsity,simple_welch,Simple Welch,0.065,0.07781789873420866
ultra_sparse,Ultra-sparsity,simple_welch,Simple Welch,0.066,0.0792479637520141
ultra_sparse,Ultra-sparsity,simple_welch,Simple Welch,0.067,0.08036801376361703
ultra_sparse,Ultra-sparsity,simple_welch,Simple Welch,0.068,0.08136304977201922
ultra_sparse,Ultra-sparsity,simple_welch,Simple Welch,0.069,0.08251309578402274
ultra_sparse,Ultra-sparsity,simple_welch,Simple Welch,0.07,0.08360813879582638
ultra_sparse,Ultra-sparsity,simple_welch,Simple Welch,0.07100000000000001,0.0846181828082303
ultra_sparse,Ultra-sparsity,simple_welch,Simple Welch,0.07200000000000001,0.0855882258196337
ultra_sparse,Ultra-sparsity,simple_welch,Simple Welch,0.073,0.08669826382923643
ultra_sparse,Ultra-sparsity,simple_welch,Simple Welch,0.074,0.08768331584324066
ultra_sparse,Ultra-sparsity,simple_welch,Simple Welch,0.075,0.08889835285384409
ultra_sparse,Ultra-sparsity,simple_welch,Simple Welch,0.076,0.09001838386124604
ultra_sparse,Ultra-sparsity,simple_welch,Simple Welch,0.077,0.0910434138688482
ultra_sparse,Ultra-sparsity,simple_welch,Simple Welch,0.078,0.09205344787685028
ultra_sparse,Ultra-sparsity,simple_welch,Simple Welch,0.079,0.09296848188565285
ultra_sparse,Ultra-sparsity,simple_welch,Simple Welch,0.08,0.09412852189485514
ultra_sparse,Ultra-sparsity,simple_welch,Simple Welch,0.081,0.09522855390245716
ultra_sparse,Ultra-sparsity,simple_welch,Simple Welch,0.082,0.09611359291386092
ultra_sparse,Ultra-sparsity,simple_welch,Simple Welch,0.083,0.09721863192366366
ultra_sparse,Ultra-sparsity,simple_welch,Simple Welch,0.084,0.09818866993326636
ultra_sparse,Ultra-sparsity,simple_welch,Simple Welch,0.085,0.09927871794566996
ultra_sparse,Ultra-sparsity,simple_welch,Simple Welch,0.08600000000000001,0.10039376095707335
ultra_sparse,Ultra-sparsity,simple_welch,Simple Welch,0.08700000000000001,0.10149379796687633
ultra_sparse,Ultra-sparsity,simple_welch,Simple Welch,0.088,0.10261384498068082
ultra_sparse,Ultra-sparsity,simple_welch,Simple Welch,0.089,0.10353888199048371
ultra_sparse,Ultra-sparsity,simple_welch,Simple Welch,0.09,0.10474393800408739
ultra_sparse,Ultra-sparsity,simple_welch,Simple Welch,0.091,0.10577399001849193
ultra_sparse,Ultra-sparsity,simple_welch,Simple Welch,0.092,0.10683402602849498
ultra_sparse,Ultra-sparsity,simple_welch,Simple Welch,0.093,0.1077790680380974
ultra_sparse,Ultra-sparsity,simple_welch,Simple Welch,0.094,0.10867410404689981
ultra_sparse,Ultra-sparsity,simple_welch,Simple Welch,0.095,0.10971914005690293
ultra_sparse,Ultra-sparsity,simple_welch,Simple Welch,0.096,0.11061917906790644
ultra_sparse,Ultra-sparsity,simple_welch,Simple Welch,0.097,0.11175922908111033
ultra_sparse,Ultra-sparsity,simple_welch,Simple Welch,0.098,0.11284426208891238
ultra_sparse,Ultra-sparsity,simple_welch,Simple Welch,0.099,0.11391929109551405
ultra_sparse,Ultra-sparsity,simple_welch,Simple Welch,0.1,0.11500434911271973
ultra_imbalanced,Ultra-sparsity with imbalance,simple_welch,Simple Welch,0.0,0.0
ultra_imbalanced,Ultra-sparsity with imbalance,simple_welch,Simple Welch,0.001,0.05014
ultra_imbalanced,Ultra-sparsity with imbalance,simple_welch,Simple Welch,0.002,0.05977500000000001
ultra_imbalanced,Ultra-sparsity with imbalance,simple_welch,Simple Welch,0.003,0.066165
ultra_imbalanced,Ultra-sparsity with imbalance,simple_welch,Simple Welch,0.004,0.07136999999999999
ultra_imbalanced,Ultra-sparsity with imbalance,simple_welch,Simple Welch,0.005,0.07572499999999999
ultra_imbalanced,Ultra-sparsity with imbalance,simple_welch,Simple Welch,0.006,0.07958499999999999
ultra_imbalanced,Ultra-sparsity with imbalance,simple_welch,Simple Welch,0.007,0.08345000000000001
ultra_imbalanced,Ultra-sparsity with imbalance,simple_welch,Simple Welch,0.008,0.08667500000000002
ultra_imbalanced,Ultra-sparsity with imbalance,simple_welch,Simple Welch,0.009000000000000001,0.090025
ultra_imbalanced,Ultra-sparsity with imbalance,simple_welch,Simple Welch,0.01,0.093035
ultra_imbalanced,Ultra-sparsity with imbalance,simple_welch,Simple Welch,0.011,0.09578999999999999
ultra_imbalanced,Ultra-sparsity with imbalance,simple_welch,Simple Welch,0.012,0.09831499999999999
ultra_imbalanced,Ultra-sparsity with imbalance,simple_welch,Simple Welch,0.013000000000000001,0.10081
ultra_imbalanced,Ultra-sparsity with imbalance,simple_welch,Simple Welch,0.014,0.10317499999999999
ultra_imbalanced,Ultra-sparsity with imbalance,simple_welch,Simple Welch,0.015,0.10544500000000001
ultra_imbalanced,Ultra-sparsity with imbalance,simple_welch,Simple Welch,0.016,0.10775499999999998
ultra_imbalanced,Ultra-sparsity with imbalance,simple_welch,Simple Welch,0.017,0.10994499999999999
ultra_imbalanced,Ultra-sparsity with imbalance,simple_welch,Simple Welch,0.018000000000000002,0.11222000000000001
ultra_imbalanced,Ultra-sparsity with imbalance,simple_welch,Simple Welch,0.019,0.11427999999999998
ultra_imbalanced,Ultra-sparsity with imbalance,simple_welch,Simple Welch,0.02,0.11628499999999997
ultra_imbalanced,Ultra-sparsity with imbalance,simple_welch,Simple Welch,0.021,0.118235
ultra_imbalanced,Ultra-sparsity with imbalance,simple_welch,Simple Welch,0.022,0.12039499999999996
ultra_imbalanced,Ultra-sparsity with imbalance,simple_welch,Simple Welch,0.023,0.12219000000000005
ultra_imbalanced,Ultra-sparsity with imbalance,simple_welch,Simple Welch,0.024,0.12393999999999998
ultra_imbalanced,Ultra-sparsity with imbalance,simple_welch,Simple Welch,0.025,0.12599000000000005
ultra_imbalanced,Ultra-sparsity with imbalance,simple_welch,Simple Welch,0.026000000000000002,0.12781
ultra_imbalanced,Ultra-sparsity with imbalance,simple_welch,Simple Welch,0.027,0.12950500000000004
ultra_imbalanced,Ultra-sparsity with imbalance,simple_welch,Simple Welch,0.028,0.13120000000000004
ultra_imbalanced,Ultra-sparsity with imbalance,simple_welch,Simple Welch,0.029,0.13299
ultra_imbalanced,Ultra-sparsity with imbalance,simple_welch,Simple Welch,0.03,0.13476
ultra_imbalanced,Ultra-sparsity with imbalance,simple_welch,Simple Welch,0.031,0.136535
ultra_imbalanced,Ultra-sparsity with imbalance,simple_welch,Simple Welch,0.032,0.138255
ultra_imbalanced,Ultra-sparsity with imbalance,simple_welch,Simple Welch,0.033,0.140085
ultra_imbalanced,Ultra-sparsity with imbalance,simple_welch,Simple Welch,0.034,0.141835
ultra_imbalanced,Ultra-sparsity with imbalance,simple_welch,Simple Welch,0.035,0.143515
ultra_imbalanced,Ultra-sparsity with imbalance,simple_welch,Simple Welch,0.036000000000000004,0.14511000000000002
ultra_imbalanced,Ultra-sparsity with imbalance,simple_welch,Simple Welch,0.037,0.14667999999999998
ultra_imbalanced,Ultra-sparsity with imbalance,simple_welch,Simple Welch,0.038,0.148155
ultra_imbalanced,Ultra-sparsity with imbalance,simple_welch,Simple Welch,0.039,0.14971000000000004
ultra_imbalanced,Ultra-sparsity with imbalance,simple_welch,Simple Welch,0.04,0.15116000000000002
ultra_imbalanced,Ultra-sparsity with imbalance,simple_welch,Simple Welch,0.041,0.15266500000000002
ultra_imbalanced,Ultra-sparsity with imbalance,simple_welch,Simple Welch,0.042,0.15408499999999997
ultra_imbalanced,Ultra-sparsity with imbalance,simple_welch,Simple Welch,0.043000000000000003,0.15555999999999995
ultra_imbalanced,Ultra-sparsity with imbalance,simple_welch,Simple Welch,0.044,0.15696
ultra_imbalanced,Ultra-sparsity with imbalance,simple_welch,Simple Welch,0.045,0.15847500000000003
ultra_imbalanced,Ultra-sparsity with imbalance,simple_welch,Simple Welch,0.046,0.159985
ultra_imbalanced,Ultra-sparsity with imbalance,simple_welch,Simple Welch,0.047,0.16157000000000002
ultra_imbalanced,Ultra-sparsity with imbalance,simple_welch,Simple Welch,0.048,0.16295000000000004
ultra_imbalanced,Ultra-sparsity with imbalance,simple_welch,Simple Welch,0.049,0.16423
ultra_imbalanced,Ultra-sparsity with imbalance,simple_welch,Simple Welch,0.05,0.16567499999999996
ultra_imbalanced,Ultra-sparsity with imbalance,simple_welch,Simple Welch,0.051000000000000004,0.16706499999999996
ultra_imbalanced,Ultra-sparsity with imbalance,simple_welch,Simple Welch,0.052000000000000005,0.16843499999999997
ultra_imbalanced,Ultra-sparsity with imbalance,simple_welch,Simple Welch,0.053,0.16985999999999998
ultra_imbalanced,Ultra-sparsity with imbalance,simple_welch,Simple Welch,0.054,0.17127
ultra_imbalanced,Ultra-sparsity with imbalance,simple_welch,Simple Welch,0.055,0.17256
ultra_imbalanced,Ultra-sparsity with imbalance,simple_welch,Simple Welch,0.056,0.17382000000000003
ultra_imbalanced,Ultra-sparsity with imbalance,simple_welch,Simple Welch,0.057,0.17521
ultra_imbalanced,Ultra-sparsity with imbalance,simple_welch,Simple Welch,0.058,0.17656499999999997
ultra_imbalanced,Ultra-sparsity with imbalance,simple_welch,Simple Welch,0.059000000000000004,0.17785999999999996
ultra_imbalanced,Ultra-sparsity with imbalance,simple_welch,Simple Welch,0.06,0.17919500000000002
ultra_imbalanced,Ultra-sparsity with imbalance,simple_welch,Simple Welch,0.061,0.18058000000000002
ultra_imbalanced,Ultra-sparsity with imbalance,simple_welch,Simple Welch,0.062,0.18192999999999998
ultra_imbalanced,Ultra-sparsity with imbalance,simple_welch,Simple Welch,0.063,0.18318999999999996
ultra_imbalanced,Ultra-sparsity with imbalance,simple_welch,Simple Welch,0.064,0.18445500000000006
ultra_imbalanced,Ultra-sparsity with imbalance,simple_welch,Simple Welch,0.065,0.18573
ultra_imbalanced,Ultra-sparsity with imbalance,simple_welch,Simple Welch,0.066,0.18701499999999996
ultra_imbalanced,Ultra-sparsity with imbalance,simple_welch,Simple Welch,0.067,0.188225
ultra_imbalanced,Ultra-sparsity with imbalance,simple_welch,Simple Welch,0.068,0.189425
ultra_imbalanced,Ultra-sparsity with imbalance,simple_welch,Simple Welch,0.069,0.19063000000000002
ultra_imbalanced,Ultra-sparsity with imbalance,simple_welch,Simple Welch,0.07,0.192065
ultra_imbalanced,Ultra-sparsity with imbalance,simple_welch,Simple Welch,0.07100000000000001,0.19335999999999998
ultra_imbalanced,Ultra-sparsity with imbalance,simple_welch,Simple Welch,0.07200000000000001,0.19454000000000007
ultra_imbalanced,Ultra-sparsity with imbalance,simple_welch,Simple Welch,0.073,0.195745
ultra_imbalanced,Ultra-sparsity with imbalance,simple_welch,Simple Welch,0.074,0.197105
ultra_imbalanced,Ultra-sparsity with imbalance,simple_welch,Simple Welch,0.075,0.19838999999999998
ultra_imbalanced,Ultra-sparsity with imbalance,simple_welch,Simple Welch,0.076,0.19956500000000002
ultra_imbalanced,Ultra-sparsity with imbalance,simple_welch,Simple Welch,0.077,0.20076999999999998
ultra_imbalanced,Ultra-sparsity with imbalance,simple_welch,Simple Welch,0.078,0.20198
ultra_imbalanced,Ultra-sparsity with imbalance,simple_welch,Simple Welch,0.079,0.20334500000000003
ultra_imbalanced,Ultra-sparsity with imbalance,simple_welch,Simple Welch,0.08,0.20464500000000002
ultra_imbalanced,Ultra-sparsity with imbalance,simple_welch,Simple Welch,0.081,0.20587999999999998
ultra_imbalanced,Ultra-sparsity with imbalance,simple_welch,Simple Welch,0.082,0.20732
ultra_imbalanced,Ultra-sparsity with imbalance,simple_welch,Simple Welch,0.083,0.20838
ultra_imbalanced,Ultra-sparsity with imbalance,simple_welch,Simple Welch,0.084,0.20936999999999997
ultra_imbalanced,Ultra-sparsity with imbalance,simple_welch,Simple Welch,0.085,0.21051999999999998
ultra_imbalanced,Ultra-sparsity with imbalance,simple_welch,Simple Welch,0.08600000000000001,0.21156500000000006
ultra_imbalanced,Ultra-sparsity with imbalance,simple_welch,Simple Welch,0.08700000000000001,0.21270499999999998
ultra_imbalanced,Ultra-sparsity with imbalance,simple_welch,Simple Welch,0.088,0.21394000000000007
ultra_imbalanced,Ultra-sparsity with imbalance,simple_welch,Simple Welch,0.089,0.21505999999999997
ultra_imbalanced,Ultra-sparsity with imbalance,simple_welch,Simple Welch,0.09,0.21621999999999994
ultra_imbalanced,Ultra-sparsity with imbalance,simple_welch,Simple Welch,0.091,0.21726499999999999
ultra_imbalanced,Ultra-sparsity with imbalance,simple_welch,Simple Welch,0.092,0.218605
ultra_imbalanced,Ultra-sparsity with imbalance,simple_welch,Simple Welch,0.093,0.21970000000000006
ultra_imbalanced,Ultra-sparsity with imbalance,simple_welch,Simple Welch,0.094,0.22081499999999993
ultra_imbalanced,Ultra-sparsity with imbalance,simple_welch,Simple Welch,0.095,0.22191999999999998
ultra_imbalanced,Ultra-sparsity with imbalance,simple_welch,Simple Welch,0.096,0.22300500000000004
ultra_imbalanced,Ultra-sparsity with imbalance,simple_welch,Simple Welch,0.097,0.22413500000000003
ultra_imbalanced,Ultra-sparsity with imbalance,simple_welch,Simple Welch,0.098,0.22519500000000003
ultra_imbalanced,Ultra-sparsity with imbalance,simple_welch,Simple Welch,0.099,0.22630999999999996
ultra_imbalanced,Ultra-sparsity with imbalance,simple_welch,Simple Welch,0.1,0.22742500000000004
balanced_control,Balanced control,expanded_welch,Expanded Welch,0.0,0.0
balanced_control,Balanced control,expanded_welch,Expanded Welch,0.001,0.0005749999999999999
balanced_control,Balanced control,expanded_welch,Expanded Welch,0.002,0.00126
balanced_control,Balanced control,expanded_welch,Expanded Welch,0.003,0.001865
balanced_control,Balanced control,expanded_welch,Expanded Welch,0.004,0.0027400000000000002
balanced_control,Balanced control,expanded_welch,Expanded Welch,0.005,0.0034200000000000003
balanced_control,Balanced control,expanded_welch,Expanded Welch,0.006,0.004250000000000001
balanced_control,Balanced control,expanded_welch,Expanded Welch,0.007,0.005005
balanced_control,Balanced control,expanded_welch,Expanded Welch,0.008,0.005835
balanced_control,Balanced control,expanded_welch,Expanded Welch,0.009000000000000001,0.0067150000000000005
balanced_control,Balanced control,expanded_welch,Expanded Welch,0.01,0.007485
balanced_control,Balanced control,expanded_welch,Expanded Welch,0.011,0.008365000000000001
balanced_control,Balanced control,expanded_welch,Expanded Welch,0.012,0.00918
balanced_control,Balanced control,expanded_welch,Expanded Welch,0.013000000000000001,0.010089999999999997
balanced_control,Balanced control,expanded_welch,Expanded Welch,0.014,0.010955
balanced_control,Balanced control,expanded_welch,Expanded Welch,0.015,0.011915
balanced_control,Balanced control,expanded_welch,Expanded Welch,0.016,0.012809999999999998
balanced_control,Balanced control,expanded_welch,Expanded Welch,0.017,0.013645000000000001
balanced_control,Balanced control,expanded_welch,Expanded Welch,0.018000000000000002,0.014639999999999995
balanced_control,Balanced control,expanded_welch,Expanded Welch,0.019,0.015444999999999997
balanced_control,Balanced control,expanded_welch,Expanded Welch,0.02,0.016304999999999993
balanced_control,Balanced control,expanded_welch,Expanded Welch,0.021,0.017275000000000002
balanced_control,Balanced control,expanded_welch,Expanded Welch,0.022,0.018205000000000002
balanced_control,Balanced control,expanded_welch,Expanded Welch,0.023,0.019105000000000007
balanced_control,Balanced control,expanded_welch,Expanded Welch,0.024,0.02001
balanced_control,Balanced control,expanded_welch,Expanded Welch,0.025,0.020914999999999996
balanced_control,Balanced control,expanded_welch,Expanded Welch,0.026000000000000002,0.021840000000000002
balanced_control,Balanced control,expanded_welch,Expanded Welch,0.027,0.022795
balanced_control,Balanced control,expanded_welch,Expanded Welch,0.028,0.023630000000000005
balanced_control,Balanced control,expanded_welch,Expanded Welch,0.029,0.024530000000000003
balanced_control,Balanced control,expanded_welch,Expanded Welch,0.03,0.02539499999999999
balanced_control,Balanced control,expanded_welch,Expanded Welch,0.031,0.026345
balanced_control,Balanced control,expanded_welch,Expanded Welch,0.032,0.027350000000000006
balanced_control,Balanced control,expanded_welch,Expanded Welch,0.033,0.028245
balanced_control,Balanced control,expanded_welch,Expanded Welch,0.034,0.029145000000000015
balanced_control,Balanced control,expanded_welch,Expanded Welch,0.035,0.030059999999999993
balanced_control,Balanced control,expanded_welch,Expanded Welch,0.036000000000000004,0.031040000000000005
balanced_control,Balanced control,expanded_welch,Expanded Welch,0.037,0.031920000000000004
balanced_control,Balanced control,expanded_welch,Expanded Welch,0.038,0.03271
balanced_control,Balanced control,expanded_welch,Expanded Welch,0.039,0.033699999999999994
balanced_control,Balanced control,expanded_welch,Expanded Welch,0.04,0.03451499999999998
balanced_control,Balanced control,expanded_welch,Expanded Welch,0.041,0.035570000000000004
balanced_control,Balanced control,expanded_welch,Expanded Welch,0.042,0.03645999999999999
balanced_control,Balanced control,expanded_welch,Expanded Welch,0.043000000000000003,0.03732
balanced_control,Balanced control,expanded_welch,Expanded Welch,0.044,0.038250000000000006
balanced_control,Balanced control,expanded_welch,Expanded Welch,0.045,0.03914
balanced_control,Balanced control,expanded_welch,Expanded Welch,0.046,0.04004499999999999
balanced_control,Balanced control,expanded_welch,Expanded Welch,0.047,0.041195000000000016
balanced_control,Balanced control,expanded_welch,Expanded Welch,0.048,0.042115
balanced_control,Balanced control,expanded_welch,Expanded Welch,0.049,0.04297500000000001
balanced_control,Balanced control,expanded_welch,Expanded Welch,0.05,0.043925000000000006
balanced_control,Balanced control,expanded_welch,Expanded Welch,0.051000000000000004,0.04482499999999999
balanced_control,Balanced control,expanded_welch,Expanded Welch,0.052000000000000005,0.045695
balanced_control,Balanced control,expanded_welch,Expanded Welch,0.053,0.04664499999999999
balanced_control,Balanced control,expanded_welch,Expanded Welch,0.054,0.04776999999999999
balanced_control,Balanced control,expanded_welch,Expanded Welch,0.055,0.048775
balanced_control,Balanced control,expanded_welch,Expanded Welch,0.056,0.049740000000000006
balanced_control,Balanced control,expanded_welch,Expanded Welch,0.057,0.05073999999999999
balanced_control,Balanced control,expanded_welch,Expanded Welch,0.058,0.05167499999999999
balanced_control,Balanced control,expanded_welch,Expanded Welch,0.059000000000000004,0.052625
balanced_control,Balanced control,expanded_welch,Expanded Welch,0.06,0.053605
balanced_control,Balanced control,expanded_welch,Expanded Welch,0.061,0.05466
balanced_control,Balanced control,expanded_welch,Expanded Welch,0.062,0.05555000000000002
balanced_control,Balanced control,expanded_welch,Expanded Welch,0.063,0.05650499999999999
balanced_control,Balanced control,expanded_welch,Expanded Welch,0.064,0.05741999999999999
balanced_control,Balanced control,expanded_welch,Expanded Welch,0.065,0.058354999999999976
balanced_control,Balanced control,expanded_welch,Expanded Welch,0.066,0.05937000000000001
balanced_control,Balanced control,expanded_welch,Expanded Welch,0.067,0.06037
balanced_control,Balanced control,expanded_welch,Expanded Welch,0.068,0.06129499999999999
balanced_control,Balanced control,expanded_welch,Expanded Welch,0.069,0.06235499999999998
balanced_control,Balanced control,expanded_welch,Expanded Welch,0.07,0.06332000000000002
balanced_control,Balanced control,expanded_welch,Expanded Welch,0.07100000000000001,0.06416999999999998
balanced_control,Balanced control,expanded_welch,Expanded Welch,0.07200000000000001,0.065115
balanced_control,Balanced control,expanded_welch,Expanded Welch,0.073,0.06605
balanced_control,Balanced control,expanded_welch,Expanded Welch,0.074,0.066955
balanced_control,Balanced control,expanded_welch,Expanded Welch,0.075,0.06793
balanced_control,Balanced control,expanded_welch,Expanded Welch,0.076,0.06892999999999998
balanced_control,Balanced control,expanded_welch,Expanded Welch,0.077,0.06995
balanced_control,Balanced control,expanded_welch,Expanded Welch,0.078,0.07101
balanced_control,Balanced control,expanded_welch,Expanded Welch,0.079,0.07205999999999999
balanced_control,Balanced control,expanded_welch,Expanded Welch,0.08,0.07311999999999998
balanced_control,Balanced control,expanded_welch,Expanded Welch,0.081,0.074135
balanced_control,Balanced control,expanded_welch,Expanded Welch,0.082,0.07500500000000002
balanced_control,Balanced control,expanded_welch,Expanded Welch,0.083,0.07588
balanced_control,Balanced control,expanded_welch,Expanded Welch,0.084,0.07685499999999998
balanced_control,Balanced control,expanded_welch,Expanded Welch,0.085,0.07782999999999998
balanced_control,Balanced control,expanded_welch,Expanded Welch,0.08600000000000001,0.07885
balanced_control,Balanced control,expanded_welch,Expanded Welch,0.08700000000000001,0.07973
balanced_control,Balanced control,expanded_welch,Expanded Welch,0.088,0.08061000000000001
balanced_control,Balanced control,expanded_welch,Expanded Welch,0.089,0.08155499999999999
balanced_control,Balanced control,expanded_welch,Expanded Welch,0.09,0.08253000000000002
balanced_control,Balanced control,expanded_welch,Expanded Welch,0.091,0.08352500000000002
balanced_control,Balanced control,expanded_welch,Expanded Welch,0.092,0.0846
balanced_control,Balanced control,expanded_welch,Expanded Welch,0.093,0.085525
balanced_control,Balanced control,expanded_welch,Expanded Welch,0.094,0.08656
balanced_control,Balanced control,expanded_welch,Expanded Welch,0.095,0.08751999999999999
balanced_control,Balanced control,expanded_welch,Expanded Welch,0.096,0.08842999999999998
balanced_control,Balanced control,expanded_welch,Expanded Welch,0.097,0.08940500000000003
balanced_control,Balanced control,expanded_welch,Expanded Welch,0.098,0.09028500000000003
balanced_control,Balanced control,expanded_welch,Expanded Welch,0.099,0.09118000000000001
balanced_control,Balanced control,expanded_welch,Expanded Welch,0.1,0.09212499999999997
moderate_sparse,Moderate sparsity,expanded_welch,Expanded Welch,0.0,0.0
moderate_sparse,Moderate sparsity,expanded_welch,Expanded Welch,0.001,0.0006949999999999998
moderate_sparse,Moderate sparsity,expanded_welch,Expanded Welch,0.002,0.001425
moderate_sparse,Moderate sparsity,expanded_welch,Expanded Welch,0.003,0.0020799999999999994
moderate_sparse,Moderate sparsity,expanded_welch,Expanded Welch,0.004,0.0026450000000000006
moderate_sparse,Moderate sparsity,expanded_welch,Expanded Welch,0.005,0.003440000000000001
moderate_sparse,Moderate sparsity,expanded_welch,Expanded Welch,0.006,0.0040550000000000004
moderate_sparse,Moderate sparsity,expanded_welch,Expanded Welch,0.007,0.004709999999999999
moderate_sparse,Moderate sparsity,expanded_welch,Expanded Welch,0.008,0.005349999999999999
moderate_sparse,Moderate sparsity,expanded_welch,Expanded Welch,0.009000000000000001,0.006019999999999999
moderate_sparse,Moderate sparsity,expanded_welch,Expanded Welch,0.01,0.006834999999999999
moderate_sparse,Moderate sparsity,expanded_welch,Expanded Welch,0.011,0.007535000000000002
moderate_sparse,Moderate sparsity,expanded_welch,Expanded Welch,0.012,0.008269999999999998
moderate_sparse,Moderate sparsity,expanded_welch,Expanded Welch,0.013000000000000001,0.009035000000000003
moderate_sparse,Moderate sparsity,expanded_welch,Expanded Welch,0.014,0.009884999999999998
moderate_sparse,Moderate sparsity,expanded_welch,Expanded Welch,0.015,0.010724999999999995
moderate_sparse,Moderate sparsity,expanded_welch,Expanded Welch,0.016,0.011519999999999997
moderate_sparse,Moderate sparsity,expanded_welch,Expanded Welch,0.017,0.012349999999999998
moderate_sparse,Moderate sparsity,expanded_welch,Expanded Welch,0.018000000000000002,0.0131
moderate_sparse,Moderate sparsity,expanded_welch,Expanded Welch,0.019,0.013885000000000003
moderate_sparse,Moderate sparsity,expanded_welch,Expanded Welch,0.02,0.014654999999999998
moderate_sparse,Moderate sparsity,expanded_welch,Expanded Welch,0.021,0.015465000000000003
moderate_sparse,Moderate sparsity,expanded_welch,Expanded Welch,0.022,0.01626
moderate_sparse,Moderate sparsity,expanded_welch,Expanded Welch,0.023,0.017139999999999996
moderate_sparse,Moderate sparsity,expanded_welch,Expanded Welch,0.024,0.017825000000000004
moderate_sparse,Moderate sparsity,expanded_welch,Expanded Welch,0.025,0.018579999999999996
moderate_sparse,Moderate sparsity,expanded_welch,Expanded Welch,0.026000000000000002,0.019319999999999997
moderate_sparse,Moderate sparsity,expanded_welch,Expanded Welch,0.027,0.020119999999999992
moderate_sparse,Moderate sparsity,expanded_welch,Expanded Welch,0.028,0.020979999999999995
moderate_sparse,Moderate sparsity,expanded_welch,Expanded Welch,0.029,0.021725
moderate_sparse,Moderate sparsity,expanded_welch,Expanded Welch,0.03,0.02271
moderate_sparse,Moderate sparsity,expanded_welch,Expanded Welch,0.031,0.023469999999999998
moderate_sparse,Moderate sparsity,expanded_welch,Expanded Welch,0.032,0.024404999999999996
moderate_sparse,Moderate sparsity,expanded_welch,Expanded Welch,0.033,0.025199999999999993
moderate_sparse,Moderate sparsity,expanded_welch,Expanded Welch,0.034,0.026069999999999992
moderate_sparse,Moderate sparsity,expanded_welch,Expanded Welch,0.035,0.026885
moderate_sparse,Moderate sparsity,expanded_welch,Expanded Welch,0.036000000000000004,0.027709999999999995
moderate_sparse,Moderate sparsity,expanded_welch,Expanded Welch,0.037,0.02855999999999999
moderate_sparse,Moderate sparsity,expanded_welch,Expanded Welch,0.038,0.029405000000000008
moderate_sparse,Moderate sparsity,expanded_welch,Expanded Welch,0.039,0.03024
moderate_sparse,Moderate sparsity,expanded_welch,Expanded Welch,0.04,0.031169999999999993
moderate_sparse,Moderate sparsity,expanded_welch,Expanded Welch,0.041,0.03199500000000001
moderate_sparse,Moderate sparsity,expanded_welch,Expanded Welch,0.042,0.03293
moderate_sparse,Moderate sparsity,expanded_welch,Expanded Welch,0.043000000000000003,0.03374999999999999
moderate_sparse,Moderate sparsity,expanded_welch,Expanded Welch,0.044,0.03458500000000002
moderate_sparse,Moderate sparsity,expanded_welch,Expanded Welch,0.045,0.035495000000000006
moderate_sparse,Moderate sparsity,expanded_welch,Expanded Welch,0.046,0.03635000000000001
moderate_sparse,Moderate sparsity,expanded_welch,Expanded Welch,0.047,0.037184999999999996
moderate_sparse,Moderate sparsity,expanded_welch,Expanded Welch,0.048,0.03788999999999999
moderate_sparse,Moderate sparsity,expanded_welch,Expanded Welch,0.049,0.038815
moderate_sparse,Moderate sparsity,expanded_welch,Expanded Welch,0.05,0.03967
moderate_sparse,Moderate sparsity,expanded_welch,Expanded Welch,0.051000000000000004,0.04054000000000001
moderate_sparse,Moderate sparsity,expanded_welch,Expanded Welch,0.052000000000000005,0.041479999999999996
moderate_sparse,Moderate sparsity,expanded_welch,Expanded Welch,0.053,0.042395
moderate_sparse,Moderate sparsity,expanded_welch,Expanded Welch,0.054,0.043179999999999996
moderate_sparse,Moderate sparsity,expanded_welch,Expanded Welch,0.055,0.04405000000000001
moderate_sparse,Moderate sparsity,expanded_welch,Expanded Welch,0.056,0.04491999999999999
moderate_sparse,Moderate sparsity,expanded_welch,Expanded Welch,0.057,0.045755000000000004
moderate_sparse,Moderate sparsity,expanded_welch,Expanded Welch,0.058,0.04669499999999999
moderate_sparse,Moderate sparsity,expanded_welch,Expanded Welch,0.059000000000000004,0.047564999999999996
moderate_sparse,Moderate sparsity,expanded_welch,Expanded Welch,0.06,0.048380000000000006
moderate_sparse,Moderate sparsity,expanded_welch,Expanded Welch,0.061,0.04922999999999999
moderate_sparse,Moderate sparsity,expanded_welch,Expanded Welch,0.062,0.0502
moderate_sparse,Moderate sparsity,expanded_welch,Expanded Welch,0.063,0.05103999999999999
moderate_sparse,Moderate sparsity,expanded_welch,Expanded Welch,0.064,0.05198499999999999
moderate_sparse,Moderate sparsity,expanded_welch,Expanded Welch,0.065,0.05297999999999999
moderate_sparse,Moderate sparsity,expanded_welch,Expanded Welch,0.066,0.05388
moderate_sparse,Moderate sparsity,expanded_welch,Expanded Welch,0.067,0.05467000000000001
moderate_sparse,Moderate sparsity,expanded_welch,Expanded Welch,0.068,0.055689999999999996
moderate_sparse,Moderate sparsity,expanded_welch,Expanded Welch,0.069,0.05647
moderate_sparse,Moderate sparsity,expanded_welch,Expanded Welch,0.07,0.05740000000000001
moderate_sparse,Moderate sparsity,expanded_welch,Expanded Welch,0.07100000000000001,0.058324999999999995
moderate_sparse,Moderate sparsity,expanded_welch,Expanded Welch,0.07200000000000001,0.059234999999999996
moderate_sparse,Moderate sparsity,expanded_welch,Expanded Welch,0.073,0.06009999999999999
moderate_sparse,Moderate sparsity,expanded_welch,Expanded Welch,0.074,0.061040000000000004
moderate_sparse,Moderate sparsity,expanded_welch,Expanded Welch,0.075,0.06187499999999999
moderate_sparse,Moderate sparsity,expanded_welch,Expanded Welch,0.076,0.06286999999999997
moderate_sparse,Moderate sparsity,expanded_welch,Expanded Welch,0.077,0.06373000000000001
moderate_sparse,Moderate sparsity,expanded_welch,Expanded Welch,0.078,0.06469
moderate_sparse,Moderate sparsity,expanded_welch,Expanded Welch,0.079,0.06559000000000001
moderate_sparse,Moderate sparsity,expanded_welch,Expanded Welch,0.08,0.06659999999999999
moderate_sparse,Moderate sparsity,expanded_welch,Expanded Welch,0.081,0.06743999999999997
moderate_sparse,Moderate sparsity,expanded_welch,Expanded Welch,0.082,0.06831999999999998
moderate_sparse,Moderate sparsity,expanded_welch,Expanded Welch,0.083,0.06928999999999999
moderate_sparse,Moderate sparsity,expanded_welch,Expanded Welch,0.084,0.07020000000000001
moderate_sparse,Moderate sparsity,expanded_welch,Expanded Welch,0.085,0.071155
moderate_sparse,Moderate sparsity,expanded_welch,Expanded Welch,0.08600000000000001,0.072255
moderate_sparse,Moderate sparsity,expanded_welch,Expanded Welch,0.08700000000000001,0.07323
moderate_sparse,Moderate sparsity,expanded_welch,Expanded Welch,0.088,0.07419
moderate_sparse,Moderate sparsity,expanded_welch,Expanded Welch,0.089,0.07508999999999999
moderate_sparse,Moderate sparsity,expanded_welch,Expanded Welch,0.09,0.07609999999999999
moderate_sparse,Moderate sparsity,expanded_welch,Expanded Welch,0.091,0.07705000000000001
moderate_sparse,Moderate sparsity,expanded_welch,Expanded Welch,0.092,0.07805000000000001
moderate_sparse,Moderate sparsity,expanded_welch,Expanded Welch,0.093,0.07892500000000001
moderate_sparse,Moderate sparsity,expanded_welch,Expanded Welch,0.094,0.080005
moderate_sparse,Moderate sparsity,expanded_welch,Expanded Welch,0.095,0.08094000000000001
moderate_sparse,Moderate sparsity,expanded_welch,Expanded Welch,0.096,0.08175
moderate_sparse,Moderate sparsity,expanded_welch,Expanded Welch,0.097,0.08259999999999999
moderate_sparse,Moderate sparsity,expanded_welch,Expanded Welch,0.098,0.08345
moderate_sparse,Moderate sparsity,expanded_welch,Expanded Welch,0.099,0.08443000000000002
moderate_sparse,Moderate sparsity,expanded_welch,Expanded Welch,0.1,0.08532999999999999
ultra_sparse,Ultra-sparsity,expanded_welch,Expanded Welch,0.0,0.0
ultra_sparse,Ultra-sparsity,expanded_welch,Expanded Welch,0.001,0.0014726547094105692
ultra_sparse,Ultra-sparsity,expanded_welch,Expanded Welch,0.002,0.002813607542006169
ultra_sparse,Ultra-sparsity,expanded_welch,Expanded Welch,0.003,0.004046237347335408
ultra_sparse,Ultra-sparsity,expanded_welch,Expanded Welch,0.004,0.005325205080647392
ultra_sparse,Ultra-sparsity,expanded_welch,Expanded Welch,0.005,0.0064264644797477665
ultra_sparse,Ultra-sparsity,expanded_welch,Expanded Welch,0.006,0.007436771649320037
ultra_sparse,Ultra-sparsity,expanded_welch,Expanded Welch,0.007,0.008501281922052578
ultra_sparse,Ultra-sparsity,expanded_welch,Expanded Welch,0.008,0.009461143773732911
ultra_sparse,Ultra-sparsity,expanded_welch,Expanded Welch,0.009000000000000001,0.01027859968050398
ultra_sparse,Ultra-sparsity,expanded_welch,Expanded Welch,0.01,0.011267759064289444
ultra_sparse,Ultra-sparsity,expanded_welch,Expanded Welch,0.011,0.012338257986338702
ultra_sparse,Ultra-sparsity,expanded_welch,Expanded Welch,0.012,0.013272326810955989
ultra_sparse,Ultra-sparsity,expanded_welch,Expanded Welch,0.013000000000000001,0.014281340422871278
ultra_sparse,Ultra-sparsity,expanded_welch,Expanded Welch,0.014,0.015379268031911027
ultra_sparse,Ultra-sparsity,expanded_welch,Expanded Welch,0.015,0.01658389163375334
ultra_sparse,Ultra-sparsity,expanded_welch,Expanded Welch,0.016,0.017813194353551668
ultra_sparse,Ultra-sparsity,expanded_welch,Expanded Welch,0.017,0.01908761786851144
ultra_sparse,Ultra-sparsity,expanded_welch,Expanded Welch,0.018000000000000002,0.020282494566232035
ultra_sparse,Ultra-sparsity,expanded_welch,Expanded Welch,0.019,0.021306572192600057
ultra_sparse,Ultra-sparsity,expanded_welch,Expanded Welch,0.02,0.022244949785963038
ultra_sparse,Ultra-sparsity,expanded_welch,Expanded Welch,0.021,0.023081895650350955
ultra_sparse,Ultra-sparsity,expanded_welch,Expanded Welch,0.022,0.02393967378711463
ultra_sparse,Ultra-sparsity,expanded_welch,Expanded Welch,0.023,0.024908782230973866
ultra_sparse,Ultra-sparsity,expanded_welch,Expanded Welch,0.024,0.02573034222599696
ultra_sparse,Ultra-sparsity,expanded_welch,Expanded Welch,0.025,0.02671462483279107
ultra_sparse,Ultra-sparsity,expanded_welch,Expanded Welch,0.026000000000000002,0.027690015247052373
ultra_sparse,Ultra-sparsity,expanded_welch,Expanded Welch,0.027,0.02876679354511975
ultra_sparse,Ultra-sparsity,expanded_welch,Expanded Welch,0.028,0.029862496837987612
ultra_sparse,Ultra-sparsity,expanded_welch,Expanded Welch,0.029,0.030861772506726552
ultra_sparse,Ultra-sparsity,expanded_welch,Expanded Welch,0.03,0.031907111965888565
ultra_sparse,Ultra-sparsity,expanded_welch,Expanded Welch,0.031,0.03299439161446698
ultra_sparse,Ultra-sparsity,expanded_welch,Expanded Welch,0.032,0.033801432131196865
ultra_sparse,Ultra-sparsity,expanded_welch,Expanded Welch,0.033,0.03477006012713036
ultra_sparse,Ultra-sparsity,expanded_welch,Expanded Welch,0.034,0.035708875348766045
ultra_sparse,Ultra-sparsity,expanded_welch,Expanded Welch,0.035,0.03677900961262896
ultra_sparse,Ultra-sparsity,expanded_welch,Expanded Welch,0.036000000000000004,0.037863930037329664
ultra_sparse,Ultra-sparsity,expanded_welch,Expanded Welch,0.037,0.0388081415527846
ultra_sparse,Ultra-sparsity,expanded_welch,Expanded Welch,0.038,0.040042561679256225
ultra_sparse,Ultra-sparsity,expanded_welch,Expanded Welch,0.039,0.040971396157059845
ultra_sparse,Ultra-sparsity,expanded_welch,Expanded Welch,0.04,0.041803976832757814
ultra_sparse,Ultra-sparsity,expanded_welch,Expanded Welch,0.041,0.04265008635295662
ultra_sparse,Ultra-sparsity,expanded_welch,Expanded Welch,0.042,0.04356349618949568
ultra_sparse,Ultra-sparsity,expanded_welch,Expanded Welch,0.043000000000000003,0.04447703952932709
ultra_sparse,Ultra-sparsity,expanded_welch,Expanded Welch,0.044,0.04529482358007451
ultra_sparse,Ultra-sparsity,expanded_welch,Expanded Welch,0.045,0.04643729202236173
ultra_sparse,Ultra-sparsity,expanded_welch,Expanded Welch,0.046,0.04732931169215977
ultra_sparse,Ultra-sparsity,expanded_welch,Expanded Welch,0.047,0.048259068696890305
ultra_sparse,Ultra-sparsity,expanded_welch,Expanded Welch,0.048,0.049178661008792576
ultra_sparse,Ultra-sparsity,expanded_welch,Expanded Welch,0.049,0.050299712340707334
ultra_sparse,Ultra-sparsity,expanded_welch,Expanded Welch,0.05,0.05153356343064454
ultra_sparse,Ultra-sparsity,expanded_welch,Expanded Welch,0.051000000000000004,0.052625569948728315
ultra_sparse,Ultra-sparsity,expanded_welch,Expanded Welch,0.052000000000000005,0.0536868164194985
ultra_sparse,Ultra-sparsity,expanded_welch,Expanded Welch,0.053,0.05458088764866527
ultra_sparse,Ultra-sparsity,expanded_welch,Expanded Welch,0.054,0.055535694860416165
ultra_sparse,Ultra-sparsity,expanded_welch,Expanded Welch,0.055,0.056704517271559396
ultra_sparse,Ultra-sparsity,expanded_welch,Expanded Welch,0.056,0.05766637204684648
ultra_sparse,Ultra-sparsity,expanded_welch,Expanded Welch,0.057,0.05861589387114645
ultra_sparse,Ultra-sparsity,expanded_welch,Expanded Welch,0.058,0.05945944481929951
ultra_sparse,Ultra-sparsity,expanded_welch,Expanded Welch,0.059000000000000004,0.060321883995387925
ultra_sparse,Ultra-sparsity,expanded_welch,Expanded Welch,0.06,0.061346206738237166
ultra_sparse,Ultra-sparsity,expanded_welch,Expanded Welch,0.061,0.062179258506939464
ultra_sparse,Ultra-sparsity,expanded_welch,Expanded Welch,0.062,0.06315293718780526
ultra_sparse,Ultra-sparsity,expanded_welch,Expanded Welch,0.063,0.06426422656976336
ultra_sparse,Ultra-sparsity,expanded_welch,Expanded Welch,0.064,0.0653917952048991
ultra_sparse,Ultra-sparsity,expanded_welch,Expanded Welch,0.065,0.06646814237351661
ultra_sparse,Ultra-sparsity,expanded_welch,Expanded Welch,0.066,0.067548715730756
ultra_sparse,Ultra-sparsity,expanded_welch,Expanded Welch,0.067,0.06881286130651304
ultra_sparse,Ultra-sparsity,expanded_welch,Expanded Welch,0.068,0.0699299469542621
ultra_sparse,Ultra-sparsity,expanded_welch,Expanded Welch,0.069,0.07108806253623695
ultra_sparse,Ultra-sparsity,expanded_welch,Expanded Welch,0.07,0.0721345313048958
ultra_sparse,Ultra-sparsity,expanded_welch,Expanded Welch,0.07100000000000001,0.07316001753514782
ultra_sparse,Ultra-sparsity,expanded_welch,Expanded Welch,0.07200000000000001,0.07454868810907286
ultra_sparse,Ultra-sparsity,expanded_welch,Expanded Welch,0.073,0.07560044225233456
ultra_sparse,Ultra-sparsity,expanded_welch,Expanded Welch,0.074,0.07653944297438711
ultra_sparse,Ultra-sparsity,expanded_welch,Expanded Welch,0.075,0.07754495855481276
ultra_sparse,Ultra-sparsity,expanded_welch,Expanded Welch,0.076,0.07859115404706686
ultra_sparse,Ultra-sparsity,expanded_welch,Expanded Welch,0.077,0.07957044572728805
ultra_sparse,Ultra-sparsity,expanded_welch,Expanded Welch,0.078,0.0806457356444019
ultra_sparse,Ultra-sparsity,expanded_welch,Expanded Welch,0.079,0.08150323636345633
ultra_sparse,Ultra-sparsity,expanded_welch,Expanded Welch,0.08,0.08251784514973838
ultra_sparse,Ultra-sparsity,expanded_welch,Expanded Welch,0.081,0.08346702397582609
ultra_sparse,Ultra-sparsity,expanded_welch,Expanded Welch,0.082,0.08457450219549138
ultra_sparse,Ultra-sparsity,expanded_welch,Expanded Welch,0.083,0.08542099677456114
ultra_sparse,Ultra-sparsity,expanded_welch,Expanded Welch,0.084,0.08667414647228246
ultra_sparse,Ultra-sparsity,expanded_welch,Expanded Welch,0.085,0.08768474034189952
ultra_sparse,Ultra-sparsity,expanded_welch,Expanded Welch,0.08600000000000001,0.08872487867632614
ultra_sparse,Ultra-sparsity,expanded_welch,Expanded Welch,0.08700000000000001,0.08970961661788548
ultra_sparse,Ultra-sparsity,expanded_welch,Expanded Welch,0.088,0.09055574134182805
ultra_sparse,Ultra-sparsity,expanded_welch,Expanded Welch,0.089,0.09127268845648764
ultra_sparse,Ultra-sparsity,expanded_welch,Expanded Welch,0.09,0.09217625127400977
ultra_sparse,Ultra-sparsity,expanded_welch,Expanded Welch,0.091,0.09305842619436024
ultra_sparse,Ultra-sparsity,expanded_welch,Expanded Welch,0.092,0.0941083700395645
ultra_sparse,Ultra-sparsity,expanded_welch,Expanded Welch,0.093,0.09494564149040634
ultra_sparse,Ultra-sparsity,expanded_welch,Expanded Welch,0.094,0.09604625085722629
ultra_sparse,Ultra-sparsity,expanded_welch,Expanded Welch,0.095,0.09713264664878521
ultra_sparse,Ultra-sparsity,expanded_welch,Expanded Welch,0.096,0.0980314570843927
ultra_sparse,Ultra-sparsity,expanded_welch,Expanded Welch,0.097,0.09896097548063887
ultra_sparse,Ultra-sparsity,expanded_welch,Expanded Welch,0.098,0.1002110087659313
ultra_sparse,Ultra-sparsity,expanded_welch,Expanded Welch,0.099,0.10133301522155466
ultra_sparse,Ultra-sparsity,expanded_welch,Expanded Welch,0.1,0.10223075775946307
ultra_imbalanced,Ultra-sparsity with imbalance,expanded_welch,Expanded Welch,0.0,0.0
ultra_imbalanced,Ultra-sparsity with imbalance,expanded_welch,Expanded Welch,0.001,0.025430410468042636
ultra_imbalanced,Ultra-sparsity with imbalance,expanded_welch,Expanded Welch,0.002,0.032460299355124164
ultra_imbalanced,Ultra-sparsity with imbalance,expanded_welch,Expanded Welch,0.003,0.037382816247279446
ultra_imbalanced,Ultra-sparsity with imbalance,expanded_welch,Expanded Welch,0.004,0.04135423910080327
ultra_imbalanced,Ultra-sparsity with imbalance,expanded_welch,Expanded Welch,0.005,0.04469503480078501
ultra_imbalanced,Ultra-sparsity with imbalance,expanded_welch,Expanded Welch,0.006,0.04771588288455829
ultra_imbalanced,Ultra-sparsity with imbalance,expanded_welch,Expanded Welch,0.007,0.05050369459386807
ultra_imbalanced,Ultra-sparsity with imbalance,expanded_welch,Expanded Welch,0.008,0.05324178061661063
ultra_imbalanced,Ultra-sparsity with imbalance,expanded_welch,Expanded Welch,0.009000000000000001,0.05574909357582904
ultra_imbalanced,Ultra-sparsity with imbalance,expanded_welch,Expanded Welch,0.01,0.05815492702795223
ultra_imbalanced,Ultra-sparsity with imbalance,expanded_welch,Expanded Welch,0.011,0.0604406896247511
ultra_imbalanced,Ultra-sparsity with imbalance,expanded_welch,Expanded Welch,0.012,0.06247969079467499
ultra_imbalanced,Ultra-sparsity with imbalance,expanded_welch,Expanded Welch,0.013000000000000001,0.06460852075386367
ultra_imbalanced,Ultra-sparsity with imbalance,expanded_welch,Expanded Welch,0.014,0.06664697395718443
ultra_imbalanced,Ultra-sparsity with imbalance,expanded_welch,Expanded Welch,0.015,0.06865573340566797
ultra_imbalanced,Ultra-sparsity with imbalance,expanded_welch,Expanded Welch,0.016,0.07057914750577925
ultra_imbalanced,Ultra-sparsity with imbalance,expanded_welch,Expanded Welch,0.017,0.07261818143776524
ultra_imbalanced,Ultra-sparsity with imbalance,expanded_welch,Expanded Welch,0.018000000000000002,0.07437583223288549
ultra_imbalanced,Ultra-sparsity with imbalance,expanded_welch,Expanded Welch,0.019,0.07616414982207727
ultra_imbalanced,Ultra-sparsity with imbalance,expanded_welch,Expanded Welch,0.02,0.0780874314370149
ultra_imbalanced,Ultra-sparsity with imbalance,expanded_welch,Expanded Welch,0.021,0.07999128053403821
ultra_imbalanced,Ultra-sparsity with imbalance,expanded_welch,Expanded Welch,0.022,0.0818546009132754
ultra_imbalanced,Ultra-sparsity with imbalance,expanded_welch,Expanded Welch,0.023,0.08364314014062421
ultra_imbalanced,Ultra-sparsity with imbalance,expanded_welch,Expanded Welch,0.024,0.08539682159598873
ultra_imbalanced,Ultra-sparsity with imbalance,expanded_welch,Expanded Welch,0.025,0.08712481158778417
ultra_imbalanced,Ultra-sparsity with imbalance,expanded_welch,Expanded Welch,0.026000000000000002,0.08888790346069636
ultra_imbalanced,Ultra-sparsity with imbalance,expanded_welch,Expanded Welch,0.027,0.0905211460356957
ultra_imbalanced,Ultra-sparsity with imbalance,expanded_welch,Expanded Welch,0.028,0.09222983282953887
ultra_imbalanced,Ultra-sparsity with imbalance,expanded_welch,Expanded Welch,0.029,0.09396815989320156
ultra_imbalanced,Ultra-sparsity with imbalance,expanded_welch,Expanded Welch,0.03,0.0956815360136765
ultra_imbalanced,Ultra-sparsity with imbalance,expanded_welch,Expanded Welch,0.031,0.09738970078002475
ultra_imbalanced,Ultra-sparsity with imbalance,expanded_welch,Expanded Welch,0.032,0.09906288655012752
ultra_imbalanced,Ultra-sparsity with imbalance,expanded_welch,Expanded Welch,0.033,0.1004662642247671
ultra_imbalanced,Ultra-sparsity with imbalance,expanded_welch,Expanded Welch,0.034,0.10208434436401947
ultra_imbalanced,Ultra-sparsity with imbalance,expanded_welch,Expanded Welch,0.035,0.10370285443217572
ultra_imbalanced,Ultra-sparsity with imbalance,expanded_welch,Expanded Welch,0.036000000000000004,0.10544653973905596
ultra_imbalanced,Ultra-sparsity with imbalance,expanded_welch,Expanded Welch,0.037,0.10708533362401045
ultra_imbalanced,Ultra-sparsity with imbalance,expanded_welch,Expanded Welch,0.038,0.1087983299520068
ultra_imbalanced,Ultra-sparsity with imbalance,expanded_welch,Expanded Welch,0.039,0.11045163341211009
ultra_imbalanced,Ultra-sparsity with imbalance,expanded_welch,Expanded Welch,0.04,0.11206953295520475
ultra_imbalanced,Ultra-sparsity with imbalance,expanded_welch,Expanded Welch,0.041,0.1136173846894506
ultra_imbalanced,Ultra-sparsity with imbalance,expanded_welch,Expanded Welch,0.042,0.11515552565122167
ultra_imbalanced,Ultra-sparsity with imbalance,expanded_welch,Expanded Welch,0.043000000000000003,0.11675927182624073
ultra_imbalanced,Ultra-sparsity with imbalance,expanded_welch,Expanded Welch,0.044,0.11821812471783381
ultra_imbalanced,Ultra-sparsity with imbalance,expanded_welch,Expanded Welch,0.045,0.11969661522310608
ultra_imbalanced,Ultra-sparsity with imbalance,expanded_welch,Expanded Welch,0.046,0.12112939653057853
ultra_imbalanced,Ultra-sparsity with imbalance,expanded_welch,Expanded Welch,0.047,0.12256755328512343
ultra_imbalanced,Ultra-sparsity with imbalance,expanded_welch,Expanded Welch,0.048,0.12400583249707034
ultra_imbalanced,Ultra-sparsity with imbalance,expanded_welch,Expanded Welch,0.049,0.12546952500797376
ultra_imbalanced,Ultra-sparsity with imbalance,expanded_welch,Expanded Welch,0.05,0.12687333588910607
ultra_imbalanced,Ultra-sparsity with imbalance,expanded_welch,Expanded Welch,0.051000000000000004,0.1282411459919291
ultra_imbalanced,Ultra-sparsity with imbalance,expanded_welch,Expanded Welch,0.052000000000000005,0.12979007571515713
ultra_imbalanced,Ultra-sparsity with imbalance,expanded_welch,Expanded Welch,0.053,0.13130347814159438
ultra_imbalanced,Ultra-sparsity with imbalance,expanded_welch,Expanded Welch,0.054,0.1327768397600985
ultra_imbalanced,Ultra-sparsity with imbalance,expanded_welch,Expanded Welch,0.055,0.13422007761767793
ultra_imbalanced,Ultra-sparsity with imbalance,expanded_welch,Expanded Welch,0.056,0.13569478913747252
ultra_imbalanced,Ultra-sparsity with imbalance,expanded_welch,Expanded Welch,0.057,0.13696772457785458
ultra_imbalanced,Ultra-sparsity with imbalance,expanded_welch,Expanded Welch,0.058,0.13842688889563898
ultra_imbalanced,Ultra-sparsity with imbalance,expanded_welch,Expanded Welch,0.059000000000000004,0.13972016061968937
ultra_imbalanced,Ultra-sparsity with imbalance,expanded_welch,Expanded Welch,0.06,0.14094760371500006
ultra_imbalanced,Ultra-sparsity with imbalance,expanded_welch,Expanded Welch,0.061,0.14237111951901696
ultra_imbalanced,Ultra-sparsity with imbalance,expanded_welch,Expanded Welch,0.062,0.14381070924601483
ultra_imbalanced,Ultra-sparsity with imbalance,expanded_welch,Expanded Welch,0.063,0.14513399757040674
ultra_imbalanced,Ultra-sparsity with imbalance,expanded_welch,Expanded Welch,0.064,0.1464880151241021
ultra_imbalanced,Ultra-sparsity with imbalance,expanded_welch,Expanded Welch,0.065,0.14790188562118642
ultra_imbalanced,Ultra-sparsity with imbalance,expanded_welch,Expanded Welch,0.066,0.14924087901401376
ultra_imbalanced,Ultra-sparsity with imbalance,expanded_welch,Expanded Welch,0.067,0.15062913959648275
ultra_imbalanced,Ultra-sparsity with imbalance,expanded_welch,Expanded Welch,0.068,0.1520636187057765
ultra_imbalanced,Ultra-sparsity with imbalance,expanded_welch,Expanded Welch,0.069,0.153402408398635
ultra_imbalanced,Ultra-sparsity with imbalance,expanded_welch,Expanded Welch,0.07,0.15475634645960107
ultra_imbalanced,Ultra-sparsity with imbalance,expanded_welch,Expanded Welch,0.07100000000000001,0.1559552820544406
ultra_imbalanced,Ultra-sparsity with imbalance,expanded_welch,Expanded Welch,0.07200000000000001,0.15722877624029027
ultra_imbalanced,Ultra-sparsity with imbalance,expanded_welch,Expanded Welch,0.073,0.15847330410954477
ultra_imbalanced,Ultra-sparsity with imbalance,expanded_welch,Expanded Welch,0.074,0.15983269703138347
ultra_imbalanced,Ultra-sparsity with imbalance,expanded_welch,Expanded Welch,0.075,0.16098638105726826
ultra_imbalanced,Ultra-sparsity with imbalance,expanded_welch,Expanded Welch,0.076,0.16214052696419015
ultra_imbalanced,Ultra-sparsity with imbalance,expanded_welch,Expanded Welch,0.077,0.16341998784570402
ultra_imbalanced,Ultra-sparsity with imbalance,expanded_welch,Expanded Welch,0.078,0.16463393690128997
ultra_imbalanced,Ultra-sparsity with imbalance,expanded_welch,Expanded Welch,0.079,0.16607369941835587
ultra_imbalanced,Ultra-sparsity with imbalance,expanded_welch,Expanded Welch,0.08,0.16718226966583605
ultra_imbalanced,Ultra-sparsity with imbalance,expanded_welch,Expanded Welch,0.081,0.16848197691979924
ultra_imbalanced,Ultra-sparsity with imbalance,expanded_welch,Expanded Welch,0.082,0.16975062496962146
ultra_imbalanced,Ultra-sparsity with imbalance,expanded_welch,Expanded Welch,0.083,0.1710204053789098
ultra_imbalanced,Ultra-sparsity with imbalance,expanded_welch,Expanded Welch,0.084,0.17215966817660655
ultra_imbalanced,Ultra-sparsity with imbalance,expanded_welch,Expanded Welch,0.085,0.17353379495901539
ultra_imbalanced,Ultra-sparsity with imbalance,expanded_welch,Expanded Welch,0.08600000000000001,0.1747822628691919
ultra_imbalanced,Ultra-sparsity with imbalance,expanded_welch,Expanded Welch,0.08700000000000001,0.1759863020514767
ultra_imbalanced,Ultra-sparsity with imbalance,expanded_welch,Expanded Welch,0.088,0.17730101410740712
ultra_imbalanced,Ultra-sparsity with imbalance,expanded_welch,Expanded Welch,0.089,0.17841554052128536
ultra_imbalanced,Ultra-sparsity with imbalance,expanded_welch,Expanded Welch,0.09,0.17968537925585737
ultra_imbalanced,Ultra-sparsity with imbalance,expanded_welch,Expanded Welch,0.091,0.1808353156877717
ultra_imbalanced,Ultra-sparsity with imbalance,expanded_welch,Expanded Welch,0.092,0.1819892293276298
ultra_imbalanced,Ultra-sparsity with imbalance,expanded_welch,Expanded Welch,0.093,0.18320927434701612
ultra_imbalanced,Ultra-sparsity with imbalance,expanded_welch,Expanded Welch,0.094,0.18447861573038077
ultra_imbalanced,Ultra-sparsity with imbalance,expanded_welch,Expanded Welch,0.095,0.18566773467823436
ultra_imbalanced,Ultra-sparsity with imbalance,expanded_welch,Expanded Welch,0.096,0.1869118088780986
ultra_imbalanced,Ultra-sparsity with imbalance,expanded_welch,Expanded Welch,0.097,0.1881508869054009
ultra_imbalanced,Ultra-sparsity with imbalance,expanded_welch,Expanded Welch,0.098,0.1894458815672144
ultra_imbalanced,Ultra-sparsity with imbalance,expanded_welch,Expanded Welch,0.099,0.19051951014410543
ultra_imbalanced,Ultra-sparsity with imbalance,expanded_welch,Expanded Welch,0.1,0.191749032378336
balanced_control,Balanced control,edgeworth_normal,Joint Edgeworth,0.0,0.0
balanced_control,Balanced control,edgeworth_normal,Joint Edgeworth,0.001,0.0016854766890510634
balanced_control,Balanced control,edgeworth_normal,Joint Edgeworth,0.002,0.003089482246716125
balanced_control,Balanced control,edgeworth_normal,Joint Edgeworth,0.003,0.0045188950486499836
balanced_control,Balanced control,edgeworth_normal,Joint Edgeworth,0.004,0.005726548779714822
balanced_control,Balanced control,edgeworth_normal,Joint Edgeworth,0.005,0.0068187072094821445
balanced_control,Balanced control,edgeworth_normal,Joint Edgeworth,0.006,0.008137369610286984
balanced_control,Balanced control,edgeworth_normal,Joint Edgeworth,0.007,0.009450342577897317
balanced_control,Balanced control,edgeworth_normal,Joint Edgeworth,0.008,0.010597680087941236
balanced_control,Balanced control,edgeworth_normal,Joint Edgeworth,0.009000000000000001,0.011900700217885989
balanced_control,Balanced control,edgeworth_normal,Joint Edgeworth,0.01,0.01296652765436821
balanced_control,Balanced control,edgeworth_normal,Joint Edgeworth,0.011,0.014038513864181288
balanced_control,Balanced control,edgeworth_normal,Joint Edgeworth,0.012,0.015210584734312155
balanced_control,Balanced control,edgeworth_normal,Joint Edgeworth,0.013000000000000001,0.016422969780457174
balanced_control,Balanced control,edgeworth_normal,Joint Edgeworth,0.014,0.017519216983146735
balanced_control,Balanced control,edgeworth_normal,Joint Edgeworth,0.015,0.01858965339110729
balanced_control,Balanced control,edgeworth_normal,Joint Edgeworth,0.016,0.019670944246469244
balanced_control,Balanced control,edgeworth_normal,Joint Edgeworth,0.017,0.020620926061027785
balanced_control,Balanced control,edgeworth_normal,Joint Edgeworth,0.018000000000000002,0.021677655474808127
balanced_control,Balanced control,edgeworth_normal,Joint Edgeworth,0.019,0.02288931462902414
balanced_control,Balanced control,edgeworth_normal,Joint Edgeworth,0.02,0.023935907511055836
balanced_control,Balanced control,edgeworth_normal,Joint Edgeworth,0.021,0.024986813813794497
balanced_control,Balanced control,edgeworth_normal,Joint Edgeworth,0.022,0.026108663656824772
balanced_control,Balanced control,edgeworth_normal,Joint Edgeworth,0.023,0.027159551007977827
balanced_control,Balanced control,edgeworth_normal,Joint Edgeworth,0.024,0.028155657306956055
balanced_control,Balanced control,edgeworth_normal,Joint Edgeworth,0.025,0.029176397810213882
balanced_control,Balanced control,edgeworth_normal,Joint Edgeworth,0.026000000000000002,0.03013220957734969
balanced_control,Balanced control,edgeworth_normal,Joint Edgeworth,0.027,0.03108258590684776
balanced_control,Balanced control,edgeworth_normal,Joint Edgeworth,0.028,0.032098191851670885
balanced_control,Balanced control,edgeworth_normal,Joint Edgeworth,0.029,0.03307885563276199
balanced_control,Balanced control,edgeworth_normal,Joint Edgeworth,0.03,0.03414420175680277
balanced_control,Balanced control,edgeworth_normal,Joint Edgeworth,0.031,0.03515935978067157
balanced_control,Balanced control,edgeworth_normal,Joint Edgeworth,0.032,0.0362206406442186
balanced_control,Balanced control,edgeworth_normal,Joint Edgeworth,0.033,0.037181119308441084
balanced_control,Balanced control,edgeworth_normal,Joint Edgeworth,0.034,0.03828726110911091
balanced_control,Balanced control,edgeworth_normal,Joint Edgeworth,0.035,0.039464072140000805
balanced_control,Balanced control,edgeworth_normal,Joint Edgeworth,0.036000000000000004,0.04044563592487764
balanced_control,Balanced control,edgeworth_normal,Joint Edgeworth,0.037,0.041648097015123516
balanced_control,Balanced control,edgeworth_normal,Joint Edgeworth,0.038,0.04284534900250046
balanced_control,Balanced control,edgeworth_normal,Joint Edgeworth,0.039,0.04395198447152531
balanced_control,Balanced control,edgeworth_normal,Joint Edgeworth,0.04,0.04486247433910831
balanced_control,Balanced control,edgeworth_normal,Joint Edgeworth,0.041,0.04593406566305479
balanced_control,Balanced control,edgeworth_normal,Joint Edgeworth,0.042,0.04686930595436935
balanced_control,Balanced control,edgeworth_normal,Joint Edgeworth,0.043000000000000003,0.04794044342085621
balanced_control,Balanced control,edgeworth_normal,Joint Edgeworth,0.044,0.04903566042669534
balanced_control,Balanced control,edgeworth_normal,Joint Edgeworth,0.045,0.04999580697361093
balanced_control,Balanced control,edgeworth_normal,Joint Edgeworth,0.046,0.05097100532466492
balanced_control,Balanced control,edgeworth_normal,Joint Edgeworth,0.047,0.05193584813547704
balanced_control,Balanced control,edgeworth_normal,Joint Edgeworth,0.048,0.0528660319944013
balanced_control,Balanced control,edgeworth_normal,Joint Edgeworth,0.049,0.053780461554914824
balanced_control,Balanced control,edgeworth_normal,Joint Edgeworth,0.05,0.05473078716872302
balanced_control,Balanced control,edgeworth_normal,Joint Edgeworth,0.051000000000000004,0.05567578714679748
balanced_control,Balanced control,edgeworth_normal,Joint Edgeworth,0.052000000000000005,0.056580574185174495
balanced_control,Balanced control,edgeworth_normal,Joint Edgeworth,0.053,0.057671017548655765
balanced_control,Balanced control,edgeworth_normal,Joint Edgeworth,0.054,0.05857568293126543
balanced_control,Balanced control,edgeworth_normal,Joint Edgeworth,0.055,0.05955055139829464
balanced_control,Balanced control,edgeworth_normal,Joint Edgeworth,0.056,0.06062672357009977
balanced_control,Balanced control,edgeworth_normal,Joint Edgeworth,0.057,0.061646766888948115
balanced_control,Balanced control,edgeworth_normal,Joint Edgeworth,0.058,0.06262206258357969
balanced_control,Balanced control,edgeworth_normal,Joint Edgeworth,0.059000000000000004,0.06346233057286084
balanced_control,Balanced control,edgeworth_normal,Joint Edgeworth,0.06,0.06461968378234986
balanced_control,Balanced control,edgeworth_normal,Joint Edgeworth,0.061,0.06562015112551031
balanced_control,Balanced control,edgeworth_normal,Joint Edgeworth,0.062,0.06664532021912384
balanced_control,Balanced control,edgeworth_normal,Joint Edgeworth,0.063,0.0676818985470674
balanced_control,Balanced control,edgeworth_normal,Joint Edgeworth,0.064,0.06868247623591912
balanced_control,Balanced control,edgeworth_normal,Joint Edgeworth,0.065,0.06961748479480138
balanced_control,Balanced control,edgeworth_normal,Joint Edgeworth,0.066,0.07065830511608313
balanced_control,Balanced control,edgeworth_normal,Joint Edgeworth,0.067,0.07167803623315408
balanced_control,Balanced control,edgeworth_normal,Joint Edgeworth,0.068,0.07263769194052334
balanced_control,Balanced control,edgeworth_normal,Joint Edgeworth,0.069,0.0736535381107836
balanced_control,Balanced control,edgeworth_normal,Joint Edgeworth,0.07,0.07463851512925489
balanced_control,Balanced control,edgeworth_normal,Joint Edgeworth,0.07100000000000001,0.07555391678961261
balanced_control,Balanced control,edgeworth_normal,Joint Edgeworth,0.07200000000000001,0.07642764353174662
balanced_control,Balanced control,edgeworth_normal,Joint Edgeworth,0.073,0.07733206496670106
balanced_control,Balanced control,edgeworth_normal,Joint Edgeworth,0.074,0.07832748126598045
balanced_control,Balanced control,edgeworth_normal,Joint Edgeworth,0.075,0.07935804342038627
balanced_control,Balanced control,edgeworth_normal,Joint Edgeworth,0.076,0.08030258909632644
balanced_control,Balanced control,edgeworth_normal,Joint Edgeworth,0.077,0.0813374993210475
balanced_control,Balanced control,edgeworth_normal,Joint Edgeworth,0.078,0.08241859491575897
balanced_control,Balanced control,edgeworth_normal,Joint Edgeworth,0.079,0.0832573715330445
balanced_control,Balanced control,edgeworth_normal,Joint Edgeworth,0.08,0.08426727816200694
balanced_control,Balanced control,edgeworth_normal,Joint Edgeworth,0.081,0.08528197271903165
balanced_control,Balanced control,edgeworth_normal,Joint Edgeworth,0.082,0.08624142043845609
balanced_control,Balanced control,edgeworth_normal,Joint Edgeworth,0.083,0.08721157246637164
balanced_control,Balanced control,edgeworth_normal,Joint Edgeworth,0.084,0.08823721042891874
balanced_control,Balanced control,edgeworth_normal,Joint Edgeworth,0.085,0.08934851919624257
balanced_control,Balanced control,edgeworth_normal,Joint Edgeworth,0.08600000000000001,0.09023380228138836
balanced_control,Balanced control,edgeworth_normal,Joint Edgeworth,0.08700000000000001,0.09126396181058107
balanced_control,Balanced control,edgeworth_normal,Joint Edgeworth,0.088,0.09228979969792404
balanced_control,Balanced control,edgeworth_normal,Joint Edgeworth,0.089,0.09322050103507394
balanced_control,Balanced control,edgeworth_normal,Joint Edgeworth,0.09,0.09415114031222936
balanced_control,Balanced control,edgeworth_normal,Joint Edgeworth,0.091,0.09512603199316928
balanced_control,Balanced control,edgeworth_normal,Joint Edgeworth,0.092,0.09607129138248463
balanced_control,Balanced control,edgeworth_normal,Joint Edgeworth,0.093,0.09709706548649218
balanced_control,Balanced control,edgeworth_normal,Joint Edgeworth,0.094,0.09814351094803911
balanced_control,Balanced control,edgeworth_normal,Joint Edgeworth,0.095,0.09909971400590316
balanced_control,Balanced control,edgeworth_normal,Joint Edgeworth,0.096,0.10008046678011231
balanced_control,Balanced control,edgeworth_normal,Joint Edgeworth,0.097,0.10114227583142561
balanced_control,Balanced control,edgeworth_normal,Joint Edgeworth,0.098,0.10210750323814773
balanced_control,Balanced control,edgeworth_normal,Joint Edgeworth,0.099,0.10330832391323448
balanced_control,Balanced control,edgeworth_normal,Joint Edgeworth,0.1,0.10442961937391053
moderate_sparse,Moderate sparsity,edgeworth_normal,Joint Edgeworth,0.0,0.0
moderate_sparse,Moderate sparsity,edgeworth_normal,Joint Edgeworth,0.001,0.0018109672006117958
moderate_sparse,Moderate sparsity,edgeworth_normal,Joint Edgeworth,0.002,0.003152276480000822
moderate_sparse,Moderate sparsity,edgeworth_normal,Joint Edgeworth,0.003,0.004459644298179837
moderate_sparse,Moderate sparsity,edgeworth_normal,Joint Edgeworth,0.004,0.005797848837913468
moderate_sparse,Moderate sparsity,edgeworth_normal,Joint Edgeworth,0.005,0.006969272495993743
moderate_sparse,Moderate sparsity,edgeworth_normal,Joint Edgeworth,0.006,0.008106770779039218
moderate_sparse,Moderate sparsity,edgeworth_normal,Joint Edgeworth,0.007,0.009198004929542772
moderate_sparse,Moderate sparsity,edgeworth_normal,Joint Edgeworth,0.008,0.010340441055833944
moderate_sparse,Moderate sparsity,edgeworth_normal,Joint Edgeworth,0.009000000000000001,0.01151922695260446
moderate_sparse,Moderate sparsity,edgeworth_normal,Joint Edgeworth,0.01,0.01271671008936567
moderate_sparse,Moderate sparsity,edgeworth_normal,Joint Edgeworth,0.011,0.013864544751301045
moderate_sparse,Moderate sparsity,edgeworth_normal,Joint Edgeworth,0.012,0.014924038788340588
moderate_sparse,Moderate sparsity,edgeworth_normal,Joint Edgeworth,0.013000000000000001,0.016033297521657098
moderate_sparse,Moderate sparsity,edgeworth_normal,Joint Edgeworth,0.014,0.017158575027878757
moderate_sparse,Moderate sparsity,edgeworth_normal,Joint Edgeworth,0.015,0.01820842775292214
moderate_sparse,Moderate sparsity,edgeworth_normal,Joint Edgeworth,0.016,0.019293780402489125
moderate_sparse,Moderate sparsity,edgeworth_normal,Joint Edgeworth,0.017,0.020425232984660997
moderate_sparse,Moderate sparsity,edgeworth_normal,Joint Edgeworth,0.018000000000000002,0.0214040050498946
moderate_sparse,Moderate sparsity,edgeworth_normal,Joint Edgeworth,0.019,0.022435114578609576
moderate_sparse,Moderate sparsity,edgeworth_normal,Joint Edgeworth,0.02,0.023373573371634378
moderate_sparse,Moderate sparsity,edgeworth_normal,Joint Edgeworth,0.021,0.024398448949408964
moderate_sparse,Moderate sparsity,edgeworth_normal,Joint Edgeworth,0.022,0.02547801831283566
moderate_sparse,Moderate sparsity,edgeworth_normal,Joint Edgeworth,0.023,0.02653555019954893
moderate_sparse,Moderate sparsity,edgeworth_normal,Joint Edgeworth,0.024,0.027574629775585596
moderate_sparse,Moderate sparsity,edgeworth_normal,Joint Edgeworth,0.025,0.02859910954050069
moderate_sparse,Moderate sparsity,edgeworth_normal,Joint Edgeworth,0.026000000000000002,0.029643533360404123
moderate_sparse,Moderate sparsity,edgeworth_normal,Joint Edgeworth,0.027,0.03065265071161179
moderate_sparse,Moderate sparsity,edgeworth_normal,Joint Edgeworth,0.028,0.031741837279139457
moderate_sparse,Moderate sparsity,edgeworth_normal,Joint Edgeworth,0.029,0.032720995852170254
moderate_sparse,Moderate sparsity,edgeworth_normal,Joint Edgeworth,0.03,0.033865835334241055
moderate_sparse,Moderate sparsity,edgeworth_normal,Joint Edgeworth,0.031,0.035051897057031864
moderate_sparse,Moderate sparsity,edgeworth_normal,Joint Edgeworth,0.032,0.036128224372973874
moderate_sparse,Moderate sparsity,edgeworth_normal,Joint Edgeworth,0.033,0.03719289758139864
moderate_sparse,Moderate sparsity,edgeworth_normal,Joint Edgeworth,0.034,0.038368940456748823
moderate_sparse,Moderate sparsity,edgeworth_normal,Joint Edgeworth,0.035,0.03939236387122162
moderate_sparse,Moderate sparsity,edgeworth_normal,Joint Edgeworth,0.036000000000000004,0.04042290346867368
moderate_sparse,Moderate sparsity,edgeworth_normal,Joint Edgeworth,0.037,0.04145473037627054
moderate_sparse,Moderate sparsity,edgeworth_normal,Joint Edgeworth,0.038,0.0424839063197103
moderate_sparse,Moderate sparsity,edgeworth_normal,Joint Edgeworth,0.039,0.04335489626011161
moderate_sparse,Moderate sparsity,edgeworth_normal,Joint Edgeworth,0.04,0.044448702367265114
moderate_sparse,Moderate sparsity,edgeworth_normal,Joint Edgeworth,0.041,0.045456036901593735
moderate_sparse,Moderate sparsity,edgeworth_normal,Joint Edgeworth,0.042,0.04643948924799192
moderate_sparse,Moderate sparsity,edgeworth_normal,Joint Edgeworth,0.043000000000000003,0.0474737184152773
moderate_sparse,Moderate sparsity,edgeworth_normal,Joint Edgeworth,0.044,0.048320199537832315
moderate_sparse,Moderate sparsity,edgeworth_normal,Joint Edgeworth,0.045,0.04932944867133031
moderate_sparse,Moderate sparsity,edgeworth_normal,Joint Edgeworth,0.046,0.05034704284833802
moderate_sparse,Moderate sparsity,edgeworth_normal,Joint Edgeworth,0.047,0.0512438600661867
moderate_sparse,Moderate sparsity,edgeworth_normal,Joint Edgeworth,0.048,0.05223537095624422
moderate_sparse,Moderate sparsity,edgeworth_normal,Joint Edgeworth,0.049,0.05320771181975213
moderate_sparse,Moderate sparsity,edgeworth_normal,Joint Edgeworth,0.05,0.054290753603004505
moderate_sparse,Moderate sparsity,edgeworth_normal,Joint Edgeworth,0.051000000000000004,0.0551530944188139
moderate_sparse,Moderate sparsity,edgeworth_normal,Joint Edgeworth,0.052000000000000005,0.05627181965520946
moderate_sparse,Moderate sparsity,edgeworth_normal,Joint Edgeworth,0.053,0.05728944615808949
moderate_sparse,Moderate sparsity,edgeworth_normal,Joint Edgeworth,0.054,0.0582815197020918
moderate_sparse,Moderate sparsity,edgeworth_normal,Joint Edgeworth,0.055,0.059291092458212
moderate_sparse,Moderate sparsity,edgeworth_normal,Joint Edgeworth,0.056,0.060288912778165615
moderate_sparse,Moderate sparsity,edgeworth_normal,Joint Edgeworth,0.057,0.061368704196802536
moderate_sparse,Moderate sparsity,edgeworth_normal,Joint Edgeworth,0.058,0.06218664479348264
moderate_sparse,Moderate sparsity,edgeworth_normal,Joint Edgeworth,0.059000000000000004,0.06321597633712889
moderate_sparse,Moderate sparsity,edgeworth_normal,Joint Edgeworth,0.06,0.06426376381440912
moderate_sparse,Moderate sparsity,edgeworth_normal,Joint Edgeworth,0.061,0.06541551238493304
moderate_sparse,Moderate sparsity,edgeworth_normal,Joint Edgeworth,0.062,0.06623119668709954
moderate_sparse,Moderate sparsity,edgeworth_normal,Joint Edgeworth,0.063,0.06707078188404524
moderate_sparse,Moderate sparsity,edgeworth_normal,Joint Edgeworth,0.064,0.06788508479596025
moderate_sparse,Moderate sparsity,edgeworth_normal,Joint Edgeworth,0.065,0.06893435848520321
moderate_sparse,Moderate sparsity,edgeworth_normal,Joint Edgeworth,0.066,0.06991976749060272
moderate_sparse,Moderate sparsity,edgeworth_normal,Joint Edgeworth,0.067,0.07097392211594789
moderate_sparse,Moderate sparsity,edgeworth_normal,Joint Edgeworth,0.068,0.07190463516231868
moderate_sparse,Moderate sparsity,edgeworth_normal,Joint Edgeworth,0.069,0.07287707865988043
moderate_sparse,Moderate sparsity,edgeworth_normal,Joint Edgeworth,0.07,0.07385426618212035
moderate_sparse,Moderate sparsity,edgeworth_normal,Joint Edgeworth,0.07100000000000001,0.07489487119207883
moderate_sparse,Moderate sparsity,edgeworth_normal,Joint Edgeworth,0.07200000000000001,0.0758317629731522
moderate_sparse,Moderate sparsity,edgeworth_normal,Joint Edgeworth,0.073,0.07688113921892561
moderate_sparse,Moderate sparsity,edgeworth_normal,Joint Edgeworth,0.074,0.07777270691390117
moderate_sparse,Moderate sparsity,edgeworth_normal,Joint Edgeworth,0.075,0.07873318077316416
moderate_sparse,Moderate sparsity,edgeworth_normal,Joint Edgeworth,0.076,0.07969262895421661
moderate_sparse,Moderate sparsity,edgeworth_normal,Joint Edgeworth,0.077,0.08063412904489888
moderate_sparse,Moderate sparsity,edgeworth_normal,Joint Edgeworth,0.078,0.08172929225073532
moderate_sparse,Moderate sparsity,edgeworth_normal,Joint Edgeworth,0.079,0.0827116931859516
moderate_sparse,Moderate sparsity,edgeworth_normal,Joint Edgeworth,0.08,0.08373955166943924
moderate_sparse,Moderate sparsity,edgeworth_normal,Joint Edgeworth,0.081,0.08485839802089293
moderate_sparse,Moderate sparsity,edgeworth_normal,Joint Edgeworth,0.082,0.08578514612433553
moderate_sparse,Moderate sparsity,edgeworth_normal,Joint Edgeworth,0.083,0.08680289382207787
moderate_sparse,Moderate sparsity,edgeworth_normal,Joint Edgeworth,0.084,0.08789240424560082
moderate_sparse,Moderate sparsity,edgeworth_normal,Joint Edgeworth,0.085,0.0889182444586671
moderate_sparse,Moderate sparsity,edgeworth_normal,Joint Edgeworth,0.08600000000000001,0.0898505490575773
moderate_sparse,Moderate sparsity,edgeworth_normal,Joint Edgeworth,0.08700000000000001,0.09075027483242296
moderate_sparse,Moderate sparsity,edgeworth_normal,Joint Edgeworth,0.088,0.09168226374758333
moderate_sparse,Moderate sparsity,edgeworth_normal,Joint Edgeworth,0.089,0.09274965669364417
moderate_sparse,Moderate sparsity,edgeworth_normal,Joint Edgeworth,0.09,0.09377123959218747
moderate_sparse,Moderate sparsity,edgeworth_normal,Joint Edgeworth,0.091,0.09470216667486472
moderate_sparse,Moderate sparsity,edgeworth_normal,Joint Edgeworth,0.092,0.0956434598143632
moderate_sparse,Moderate sparsity,edgeworth_normal,Joint Edgeworth,0.093,0.09667469971579265
moderate_sparse,Moderate sparsity,edgeworth_normal,Joint Edgeworth,0.094,0.09768542018244505
moderate_sparse,Moderate sparsity,edgeworth_normal,Joint Edgeworth,0.095,0.09868164837339136
moderate_sparse,Moderate sparsity,edgeworth_normal,Joint Edgeworth,0.096,0.09960807121726165
moderate_sparse,Moderate sparsity,edgeworth_normal,Joint Edgeworth,0.097,0.10062189925973178
moderate_sparse,Moderate sparsity,edgeworth_normal,Joint Edgeworth,0.098,0.10168505646822774
moderate_sparse,Moderate sparsity,edgeworth_normal,Joint Edgeworth,0.099,0.10264103558426581
moderate_sparse,Moderate sparsity,edgeworth_normal,Joint Edgeworth,0.1,0.10358259165354111
ultra_sparse,Ultra-sparsity,edgeworth_normal,Joint Edgeworth,0.0,0.0
ultra_sparse,Ultra-sparsity,edgeworth_normal,Joint Edgeworth,0.001,0.002902796205146643
ultra_sparse,Ultra-sparsity,edgeworth_normal,Joint Edgeworth,0.002,0.005287735740613243
ultra_sparse,Ultra-sparsity,edgeworth_normal,Joint Edgeworth,0.003,0.008032081859336179
ultra_sparse,Ultra-sparsity,edgeworth_normal,Joint Edgeworth,0.004,0.010098122138031778
ultra_sparse,Ultra-sparsity,edgeworth_normal,Joint Edgeworth,0.005,0.012299980125503675
ultra_sparse,Ultra-sparsity,edgeworth_normal,Joint Edgeworth,0.006,0.014308091940333865
ultra_sparse,Ultra-sparsity,edgeworth_normal,Joint Edgeworth,0.007,0.016118267841604344
ultra_sparse,Ultra-sparsity,edgeworth_normal,Joint Edgeworth,0.008,0.018136843412267727
ultra_sparse,Ultra-sparsity,edgeworth_normal,Joint Edgeworth,0.009000000000000001,0.019907181521272417
ultra_sparse,Ultra-sparsity,edgeworth_normal,Joint Edgeworth,0.01,0.021521130778722225
ultra_sparse,Ultra-sparsity,edgeworth_normal,Joint Edgeworth,0.011,0.02331515253333886
ultra_sparse,Ultra-sparsity,edgeworth_normal,Joint Edgeworth,0.012,0.02447367191500437
ultra_sparse,Ultra-sparsity,edgeworth_normal,Joint Edgeworth,0.013000000000000001,0.025873464753262836
ultra_sparse,Ultra-sparsity,edgeworth_normal,Joint Edgeworth,0.014,0.027299229187124158
ultra_sparse,Ultra-sparsity,edgeworth_normal,Joint Edgeworth,0.015,0.028747267505867553
ultra_sparse,Ultra-sparsity,edgeworth_normal,Joint Edgeworth,0.016,0.029935691942225378
ultra_sparse,Ultra-sparsity,edgeworth_normal,Joint Edgeworth,0.017,0.031185201480737057
ultra_sparse,Ultra-sparsity,edgeworth_normal,Joint Edgeworth,0.018000000000000002,0.03250748759537085
ultra_sparse,Ultra-sparsity,edgeworth_normal,Joint Edgeworth,0.019,0.03392338663334396
ultra_sparse,Ultra-sparsity,edgeworth_normal,Joint Edgeworth,0.02,0.035197882815973996
ultra_sparse,Ultra-sparsity,edgeworth_normal,Joint Edgeworth,0.021,0.036702207483236354
ultra_sparse,Ultra-sparsity,edgeworth_normal,Joint Edgeworth,0.022,0.03838830548808049
ultra_sparse,Ultra-sparsity,edgeworth_normal,Joint Edgeworth,0.023,0.03991823617054976
ultra_sparse,Ultra-sparsity,edgeworth_normal,Joint Edgeworth,0.024,0.04084449194783176
ultra_sparse,Ultra-sparsity,edgeworth_normal,Joint Edgeworth,0.025,0.042024621754823334
ultra_sparse,Ultra-sparsity,edgeworth_normal,Joint Edgeworth,0.026000000000000002,0.043248864963771706
ultra_sparse,Ultra-sparsity,edgeworth_normal,Joint Edgeworth,0.027,0.044521072104221064
ultra_sparse,Ultra-sparsity,edgeworth_normal,Joint Edgeworth,0.028,0.045688431961996505
ultra_sparse,Ultra-sparsity,edgeworth_normal,Joint Edgeworth,0.029,0.04696374827391558
ultra_sparse,Ultra-sparsity,edgeworth_normal,Joint Edgeworth,0.03,0.04800396545702469
ultra_sparse,Ultra-sparsity,edgeworth_normal,Joint Edgeworth,0.031,0.04933968186781588
ultra_sparse,Ultra-sparsity,edgeworth_normal,Joint Edgeworth,0.032,0.05062731464458793
ultra_sparse,Ultra-sparsity,edgeworth_normal,Joint Edgeworth,0.033,0.05173095598131233
ultra_sparse,Ultra-sparsity,edgeworth_normal,Joint Edgeworth,0.034,0.05291921092458616
ultra_sparse,Ultra-sparsity,edgeworth_normal,Joint Edgeworth,0.035,0.054137862912208935
ultra_sparse,Ultra-sparsity,edgeworth_normal,Joint Edgeworth,0.036000000000000004,0.05522226184025354
ultra_sparse,Ultra-sparsity,edgeworth_normal,Joint Edgeworth,0.037,0.05628017030895831
ultra_sparse,Ultra-sparsity,edgeworth_normal,Joint Edgeworth,0.038,0.05744735827327983
ultra_sparse,Ultra-sparsity,edgeworth_normal,Joint Edgeworth,0.039,0.05844405262417592
ultra_sparse,Ultra-sparsity,edgeworth_normal,Joint Edgeworth,0.04,0.0595378965596426
ultra_sparse,Ultra-sparsity,edgeworth_normal,Joint Edgeworth,0.041,0.0604626152884883
ultra_sparse,Ultra-sparsity,edgeworth_normal,Joint Edgeworth,0.042,0.061999327117854094
ultra_sparse,Ultra-sparsity,edgeworth_normal,Joint Edgeworth,0.043000000000000003,0.06319502410647523
ultra_sparse,Ultra-sparsity,edgeworth_normal,Joint Edgeworth,0.044,0.06440997477838646
ultra_sparse,Ultra-sparsity,edgeworth_normal,Joint Edgeworth,0.045,0.06553594560302792
ultra_sparse,Ultra-sparsity,edgeworth_normal,Joint Edgeworth,0.046,0.06708744158944027
ultra_sparse,Ultra-sparsity,edgeworth_normal,Joint Edgeworth,0.047,0.06834699188072273
ultra_sparse,Ultra-sparsity,edgeworth_normal,Joint Edgeworth,0.048,0.06950911950668029
ultra_sparse,Ultra-sparsity,edgeworth_normal,Joint Edgeworth,0.049,0.07061240071965277
ultra_sparse,Ultra-sparsity,edgeworth_normal,Joint Edgeworth,0.05,0.07155630768248238
ultra_sparse,Ultra-sparsity,edgeworth_normal,Joint Edgeworth,0.051000000000000004,0.0728749559061937
ultra_sparse,Ultra-sparsity,edgeworth_normal,Joint Edgeworth,0.052000000000000005,0.0737790817400559
ultra_sparse,Ultra-sparsity,edgeworth_normal,Joint Edgeworth,0.053,0.07502740545980767
ultra_sparse,Ultra-sparsity,edgeworth_normal,Joint Edgeworth,0.054,0.0758179621958435
ultra_sparse,Ultra-sparsity,edgeworth_normal,Joint Edgeworth,0.055,0.07686652831811672
ultra_sparse,Ultra-sparsity,edgeworth_normal,Joint Edgeworth,0.056,0.07822939459305579
ultra_sparse,Ultra-sparsity,edgeworth_normal,Joint Edgeworth,0.057,0.07901980219688531
ultra_sparse,Ultra-sparsity,edgeworth_normal,Joint Edgeworth,0.058,0.080066677633991
ultra_sparse,Ultra-sparsity,edgeworth_normal,Joint Edgeworth,0.059000000000000004,0.08094881171082227
ultra_sparse,Ultra-sparsity,edgeworth_normal,Joint Edgeworth,0.06,0.08204129515547096
ultra_sparse,Ultra-sparsity,edgeworth_normal,Joint Edgeworth,0.061,0.08305120977583234
ultra_sparse,Ultra-sparsity,edgeworth_normal,Joint Edgeworth,0.062,0.0840409731017404
ultra_sparse,Ultra-sparsity,edgeworth_normal,Joint Edgeworth,0.063,0.08511413503579547
ultra_sparse,Ultra-sparsity,edgeworth_normal,Joint Edgeworth,0.064,0.08618702960567033
ultra_sparse,Ultra-sparsity,edgeworth_normal,Joint Edgeworth,0.065,0.08720959683985138
ultra_sparse,Ultra-sparsity,edgeworth_normal,Joint Edgeworth,0.066,0.08871638607509945
ultra_sparse,Ultra-sparsity,edgeworth_normal,Joint Edgeworth,0.067,0.08965930208751131
ultra_sparse,Ultra-sparsity,edgeworth_normal,Joint Edgeworth,0.068,0.09093823811466857
ultra_sparse,Ultra-sparsity,edgeworth_normal,Joint Edgeworth,0.069,0.09200584968677153
ultra_sparse,Ultra-sparsity,edgeworth_normal,Joint Edgeworth,0.07,0.09293374751190465
ultra_sparse,Ultra-sparsity,edgeworth_normal,Joint Edgeworth,0.07100000000000001,0.0939149912373135
ultra_sparse,Ultra-sparsity,edgeworth_normal,Joint Edgeworth,0.07200000000000001,0.09469329455946682
ultra_sparse,Ultra-sparsity,edgeworth_normal,Joint Edgeworth,0.073,0.09567027448367375
ultra_sparse,Ultra-sparsity,edgeworth_normal,Joint Edgeworth,0.074,0.09676541444327555
ultra_sparse,Ultra-sparsity,edgeworth_normal,Joint Edgeworth,0.075,0.09789231297068535
ultra_sparse,Ultra-sparsity,edgeworth_normal,Joint Edgeworth,0.076,0.0987482918708404
ultra_sparse,Ultra-sparsity,edgeworth_normal,Joint Edgeworth,0.077,0.09962749191964508
ultra_sparse,Ultra-sparsity,edgeworth_normal,Joint Edgeworth,0.078,0.10064009660347462
ultra_sparse,Ultra-sparsity,edgeworth_normal,Joint Edgeworth,0.079,0.10197492623138316
ultra_sparse,Ultra-sparsity,edgeworth_normal,Joint Edgeworth,0.08,0.1028722417910389
ultra_sparse,Ultra-sparsity,edgeworth_normal,Joint Edgeworth,0.081,0.10374190672271673
ultra_sparse,Ultra-sparsity,edgeworth_normal,Joint Edgeworth,0.082,0.10508411558878064
ultra_sparse,Ultra-sparsity,edgeworth_normal,Joint Edgeworth,0.083,0.10613033970557814
ultra_sparse,Ultra-sparsity,edgeworth_normal,Joint Edgeworth,0.084,0.10721826637261156
ultra_sparse,Ultra-sparsity,edgeworth_normal,Joint Edgeworth,0.085,0.10836773368879375
ultra_sparse,Ultra-sparsity,edgeworth_normal,Joint Edgeworth,0.08600000000000001,0.1092178811525373
ultra_sparse,Ultra-sparsity,edgeworth_normal,Joint Edgeworth,0.08700000000000001,0.10992754756214054
ultra_sparse,Ultra-sparsity,edgeworth_normal,Joint Edgeworth,0.088,0.11112385284636206
ultra_sparse,Ultra-sparsity,edgeworth_normal,Joint Edgeworth,0.089,0.11224233001863429
ultra_sparse,Ultra-sparsity,edgeworth_normal,Joint Edgeworth,0.09,0.11361153460663782
ultra_sparse,Ultra-sparsity,edgeworth_normal,Joint Edgeworth,0.091,0.11460326183970955
ultra_sparse,Ultra-sparsity,edgeworth_normal,Joint Edgeworth,0.092,0.1159244968152516
ultra_sparse,Ultra-sparsity,edgeworth_normal,Joint Edgeworth,0.093,0.11692486216424969
ultra_sparse,Ultra-sparsity,edgeworth_normal,Joint Edgeworth,0.094,0.11799398369469223
ultra_sparse,Ultra-sparsity,edgeworth_normal,Joint Edgeworth,0.095,0.1190336641399321
ultra_sparse,Ultra-sparsity,edgeworth_normal,Joint Edgeworth,0.096,0.12016963562138094
ultra_sparse,Ultra-sparsity,edgeworth_normal,Joint Edgeworth,0.097,0.12113584027998447
ultra_sparse,Ultra-sparsity,edgeworth_normal,Joint Edgeworth,0.098,0.12253990161133269
ultra_sparse,Ultra-sparsity,edgeworth_normal,Joint Edgeworth,0.099,0.12358050858113541
ultra_sparse,Ultra-sparsity,edgeworth_normal,Joint Edgeworth,0.1,0.12477614129057253
ultra_imbalanced,Ultra-sparsity with imbalance,edgeworth_normal,Joint Edgeworth,0.0,0.0
ultra_imbalanced,Ultra-sparsity with imbalance,edgeworth_normal,Joint Edgeworth,0.001,0.009268435010254482
ultra_imbalanced,Ultra-sparsity with imbalance,edgeworth_normal,Joint Edgeworth,0.002,0.012493215108053613
ultra_imbalanced,Ultra-sparsity with imbalance,edgeworth_normal,Joint Edgeworth,0.003,0.01533397905055807
ultra_imbalanced,Ultra-sparsity with imbalance,edgeworth_normal,Joint Edgeworth,0.004,0.017768012318536155
ultra_imbalanced,Ultra-sparsity with imbalance,edgeworth_normal,Joint Edgeworth,0.005,0.020138160473466823
ultra_imbalanced,Ultra-sparsity with imbalance,edgeworth_normal,Joint Edgeworth,0.006,0.022196839438633615
ultra_imbalanced,Ultra-sparsity with imbalance,edgeworth_normal,Joint Edgeworth,0.007,0.02428443133625089
ultra_imbalanced,Ultra-sparsity with imbalance,edgeworth_normal,Joint Edgeworth,0.008,0.026459622261282477
ultra_imbalanced,Ultra-sparsity with imbalance,edgeworth_normal,Joint Edgeworth,0.009000000000000001,0.028317762169228006
ultra_imbalanced,Ultra-sparsity with imbalance,edgeworth_normal,Joint Edgeworth,0.01,0.030093670303747135
ultra_imbalanced,Ultra-sparsity with imbalance,edgeworth_normal,Joint Edgeworth,0.011,0.03194760294520414
ultra_imbalanced,Ultra-sparsity with imbalance,edgeworth_normal,Joint Edgeworth,0.012,0.03365685177537248
ultra_imbalanced,Ultra-sparsity with imbalance,edgeworth_normal,Joint Edgeworth,0.013000000000000001,0.03542653116950638
ultra_imbalanced,Ultra-sparsity with imbalance,edgeworth_normal,Joint Edgeworth,0.014,0.03720084853983439
ultra_imbalanced,Ultra-sparsity with imbalance,edgeworth_normal,Joint Edgeworth,0.015,0.038908839809705026
ultra_imbalanced,Ultra-sparsity with imbalance,edgeworth_normal,Joint Edgeworth,0.016,0.04045467464162596
ultra_imbalanced,Ultra-sparsity with imbalance,edgeworth_normal,Joint Edgeworth,0.017,0.041908917981285404
ultra_imbalanced,Ultra-sparsity with imbalance,edgeworth_normal,Joint Edgeworth,0.018000000000000002,0.04377068374896424
ultra_imbalanced,Ultra-sparsity with imbalance,edgeworth_normal,Joint Edgeworth,0.019,0.045326094616810086
ultra_imbalanced,Ultra-sparsity with imbalance,edgeworth_normal,Joint Edgeworth,0.02,0.04710277390066098
ultra_imbalanced,Ultra-sparsity with imbalance,edgeworth_normal,Joint Edgeworth,0.021,0.048650359658840694
ultra_imbalanced,Ultra-sparsity with imbalance,edgeworth_normal,Joint Edgeworth,0.022,0.05025075297916535
ultra_imbalanced,Ultra-sparsity with imbalance,edgeworth_normal,Joint Edgeworth,0.023,0.05164020734058594
ultra_imbalanced,Ultra-sparsity with imbalance,edgeworth_normal,Joint Edgeworth,0.024,0.053234650196101574
ultra_imbalanced,Ultra-sparsity with imbalance,edgeworth_normal,Joint Edgeworth,0.025,0.05465894654428196
ultra_imbalanced,Ultra-sparsity with imbalance,edgeworth_normal,Joint Edgeworth,0.026000000000000002,0.056174035022342826
ultra_imbalanced,Ultra-sparsity with imbalance,edgeworth_normal,Joint Edgeworth,0.027,0.05750322540131116
ultra_imbalanced,Ultra-sparsity with imbalance,edgeworth_normal,Joint Edgeworth,0.028,0.058925116233876515
ultra_imbalanced,Ultra-sparsity with imbalance,edgeworth_normal,Joint Edgeworth,0.029,0.06024239614874549
ultra_imbalanced,Ultra-sparsity with imbalance,edgeworth_normal,Joint Edgeworth,0.03,0.061600962070836304
ultra_imbalanced,Ultra-sparsity with imbalance,edgeworth_normal,Joint Edgeworth,0.031,0.0630028778597885
ultra_imbalanced,Ultra-sparsity with imbalance,edgeworth_normal,Joint Edgeworth,0.032,0.06439215039466015
ultra_imbalanced,Ultra-sparsity with imbalance,edgeworth_normal,Joint Edgeworth,0.033,0.0657659472116699
ultra_imbalanced,Ultra-sparsity with imbalance,edgeworth_normal,Joint Edgeworth,0.034,0.06720906565106663
ultra_imbalanced,Ultra-sparsity with imbalance,edgeworth_normal,Joint Edgeworth,0.035,0.06858389472559093
ultra_imbalanced,Ultra-sparsity with imbalance,edgeworth_normal,Joint Edgeworth,0.036000000000000004,0.07011664145477693
ultra_imbalanced,Ultra-sparsity with imbalance,edgeworth_normal,Joint Edgeworth,0.037,0.07146572889850608
ultra_imbalanced,Ultra-sparsity with imbalance,edgeworth_normal,Joint Edgeworth,0.038,0.07285303632420567
ultra_imbalanced,Ultra-sparsity with imbalance,edgeworth_normal,Joint Edgeworth,0.039,0.07415100241292803
ultra_imbalanced,Ultra-sparsity with imbalance,edgeworth_normal,Joint Edgeworth,0.04,0.075418031032787
ultra_imbalanced,Ultra-sparsity with imbalance,edgeworth_normal,Joint Edgeworth,0.041,0.07668878266825763
ultra_imbalanced,Ultra-sparsity with imbalance,edgeworth_normal,Joint Edgeworth,0.042,0.07799771284306806
ultra_imbalanced,Ultra-sparsity with imbalance,edgeworth_normal,Joint Edgeworth,0.043000000000000003,0.07942589303116354
ultra_imbalanced,Ultra-sparsity with imbalance,edgeworth_normal,Joint Edgeworth,0.044,0.08078007129067567
ultra_imbalanced,Ultra-sparsity with imbalance,edgeworth_normal,Joint Edgeworth,0.045,0.08198557506066999
ultra_imbalanced,Ultra-sparsity with imbalance,edgeworth_normal,Joint Edgeworth,0.046,0.08323985228574557
ultra_imbalanced,Ultra-sparsity with imbalance,edgeworth_normal,Joint Edgeworth,0.047,0.08455216157701477
ultra_imbalanced,Ultra-sparsity with imbalance,edgeworth_normal,Joint Edgeworth,0.048,0.08580153295760792
ultra_imbalanced,Ultra-sparsity with imbalance,edgeworth_normal,Joint Edgeworth,0.049,0.08705368720879317
ultra_imbalanced,Ultra-sparsity with imbalance,edgeworth_normal,Joint Edgeworth,0.05,0.08841041179252915
ultra_imbalanced,Ultra-sparsity with imbalance,edgeworth_normal,Joint Edgeworth,0.051000000000000004,0.08970861482851397
ultra_imbalanced,Ultra-sparsity with imbalance,edgeworth_normal,Joint Edgeworth,0.052000000000000005,0.09094506453806893
ultra_imbalanced,Ultra-sparsity with imbalance,edgeworth_normal,Joint Edgeworth,0.053,0.09223578729323037
ultra_imbalanced,Ultra-sparsity with imbalance,edgeworth_normal,Joint Edgeworth,0.054,0.09354235591155156
ultra_imbalanced,Ultra-sparsity with imbalance,edgeworth_normal,Joint Edgeworth,0.055,0.09485073147757325
ultra_imbalanced,Ultra-sparsity with imbalance,edgeworth_normal,Joint Edgeworth,0.056,0.09604641591689224
ultra_imbalanced,Ultra-sparsity with imbalance,edgeworth_normal,Joint Edgeworth,0.057,0.09725203630210182
ultra_imbalanced,Ultra-sparsity with imbalance,edgeworth_normal,Joint Edgeworth,0.058,0.0984927441851692
ultra_imbalanced,Ultra-sparsity with imbalance,edgeworth_normal,Joint Edgeworth,0.059000000000000004,0.09978964575148659
ultra_imbalanced,Ultra-sparsity with imbalance,edgeworth_normal,Joint Edgeworth,0.06,0.10108919134769419
ultra_imbalanced,Ultra-sparsity with imbalance,edgeworth_normal,Joint Edgeworth,0.061,0.10225459015848207
ultra_imbalanced,Ultra-sparsity with imbalance,edgeworth_normal,Joint Edgeworth,0.062,0.10353886566215924
ultra_imbalanced,Ultra-sparsity with imbalance,edgeworth_normal,Joint Edgeworth,0.063,0.10469308033388487
ultra_imbalanced,Ultra-sparsity with imbalance,edgeworth_normal,Joint Edgeworth,0.064,0.1059320044333006
ultra_imbalanced,Ultra-sparsity with imbalance,edgeworth_normal,Joint Edgeworth,0.065,0.10720666451230254
ultra_imbalanced,Ultra-sparsity with imbalance,edgeworth_normal,Joint Edgeworth,0.066,0.10834852087085942
ultra_imbalanced,Ultra-sparsity with imbalance,edgeworth_normal,Joint Edgeworth,0.067,0.10958617613065551
ultra_imbalanced,Ultra-sparsity with imbalance,edgeworth_normal,Joint Edgeworth,0.068,0.11071550530927188
ultra_imbalanced,Ultra-sparsity with imbalance,edgeworth_normal,Joint Edgeworth,0.069,0.11186035271679942
ultra_imbalanced,Ultra-sparsity with imbalance,edgeworth_normal,Joint Edgeworth,0.07,0.11311361912041717
ultra_imbalanced,Ultra-sparsity with imbalance,edgeworth_normal,Joint Edgeworth,0.07100000000000001,0.11428697841220965
ultra_imbalanced,Ultra-sparsity with imbalance,edgeworth_normal,Joint Edgeworth,0.07200000000000001,0.11541485983377683
ultra_imbalanced,Ultra-sparsity with imbalance,edgeworth_normal,Joint Edgeworth,0.073,0.11646766531192546
ultra_imbalanced,Ultra-sparsity with imbalance,edgeworth_normal,Joint Edgeworth,0.074,0.1178068231218496
ultra_imbalanced,Ultra-sparsity with imbalance,edgeworth_normal,Joint Edgeworth,0.075,0.11897489606678255
ultra_imbalanced,Ultra-sparsity with imbalance,edgeworth_normal,Joint Edgeworth,0.076,0.12020914831595726
ultra_imbalanced,Ultra-sparsity with imbalance,edgeworth_normal,Joint Edgeworth,0.077,0.12140944982058381
ultra_imbalanced,Ultra-sparsity with imbalance,edgeworth_normal,Joint Edgeworth,0.078,0.1225784307527816
ultra_imbalanced,Ultra-sparsity with imbalance,edgeworth_normal,Joint Edgeworth,0.079,0.12370964818451283
ultra_imbalanced,Ultra-sparsity with imbalance,edgeworth_normal,Joint Edgeworth,0.08,0.1250144982714138
ultra_imbalanced,Ultra-sparsity with imbalance,edgeworth_normal,Joint Edgeworth,0.081,0.12614846312364433
ultra_imbalanced,Ultra-sparsity with imbalance,edgeworth_normal,Joint Edgeworth,0.082,0.12739184359109973
ultra_imbalanced,Ultra-sparsity with imbalance,edgeworth_normal,Joint Edgeworth,0.083,0.12864933283976704
ultra_imbalanced,Ultra-sparsity with imbalance,edgeworth_normal,Joint Edgeworth,0.084,0.12979049981115978
ultra_imbalanced,Ultra-sparsity with imbalance,edgeworth_normal,Joint Edgeworth,0.085,0.13103214576197525
ultra_imbalanced,Ultra-sparsity with imbalance,edgeworth_normal,Joint Edgeworth,0.08600000000000001,0.13221438394746238
ultra_imbalanced,Ultra-sparsity with imbalance,edgeworth_normal,Joint Edgeworth,0.08700000000000001,0.1333689342156304
ultra_imbalanced,Ultra-sparsity with imbalance,edgeworth_normal,Joint Edgeworth,0.088,0.13469361912513503
ultra_imbalanced,Ultra-sparsity with imbalance,edgeworth_normal,Joint Edgeworth,0.089,0.1356987624524842
ultra_imbalanced,Ultra-sparsity with imbalance,edgeworth_normal,Joint Edgeworth,0.09,0.13689801759287118
ultra_imbalanced,Ultra-sparsity with imbalance,edgeworth_normal,Joint Edgeworth,0.091,0.13806063661947704
ultra_imbalanced,Ultra-sparsity with imbalance,edgeworth_normal,Joint Edgeworth,0.092,0.13920054247364383
ultra_imbalanced,Ultra-sparsity with imbalance,edgeworth_normal,Joint Edgeworth,0.093,0.14042468452461077
ultra_imbalanced,Ultra-sparsity with imbalance,edgeworth_normal,Joint Edgeworth,0.094,0.14147978112504483
ultra_imbalanced,Ultra-sparsity with imbalance,edgeworth_normal,Joint Edgeworth,0.095,0.14272570147595925
ultra_imbalanced,Ultra-sparsity with imbalance,edgeworth_normal,Joint Edgeworth,0.096,0.14384152548509593
ultra_imbalanced,Ultra-sparsity with imbalance,edgeworth_normal,Joint Edgeworth,0.097,0.1448774229883395
ultra_imbalanced,Ultra-sparsity with imbalance,edgeworth_normal,Joint Edgeworth,0.098,0.14597975159660137
ultra_imbalanced,Ultra-sparsity with imbalance,edgeworth_normal,Joint Edgeworth,0.099,0.14708185040474914
ultra_imbalanced,Ultra-sparsity with imbalance,edgeworth_normal,Joint Edgeworth,0.1,0.14827809566140077
balanced_control,Balanced control,joint_influence_welch,Joint-Influence Welch,0.0,0.0
balanced_control,Balanced control,joint_influence_welch,Joint-Influence Welch,0.001,0.0015747759797860882
balanced_control,Balanced control,joint_influence_welch,Joint-Influence Welch,0.002,0.0029488932157634507
balanced_control,Balanced control,joint_influence_welch,Joint-Influence Welch,0.003,0.004152092622289056
balanced_control,Balanced control,joint_influence_welch,Joint-Influence Welch,0.004,0.005305200322425278
balanced_control,Balanced control,joint_influence_welch,Joint-Influence Welch,0.005,0.0064883833805652325
balanced_control,Balanced control,joint_influence_welch,Joint-Influence Welch,0.006,0.007601627128996477
balanced_control,Balanced control,joint_influence_welch,Joint-Influence Welch,0.007,0.008704338072798294
balanced_control,Balanced control,joint_influence_welch,Joint-Influence Welch,0.008,0.00980232655898768
balanced_control,Balanced control,joint_influence_welch,Joint-Influence Welch,0.009000000000000001,0.011036163066310159
balanced_control,Balanced control,joint_influence_welch,Joint-Influence Welch,0.01,0.012189553819532281
balanced_control,Balanced control,joint_influence_welch,Joint-Influence Welch,0.011,0.013282255565478237
balanced_control,Balanced control,joint_influence_welch,Joint-Influence Welch,0.012,0.014365190782291995
balanced_control,Balanced control,joint_influence_welch,Joint-Influence Welch,0.013000000000000001,0.015412340177122941
balanced_control,Balanced control,joint_influence_welch,Joint-Influence Welch,0.014,0.016570355033132037
balanced_control,Balanced control,joint_influence_welch,Joint-Influence Welch,0.015,0.017593411769542603
balanced_control,Balanced control,joint_influence_welch,Joint-Influence Welch,0.016,0.01874162204628056
balanced_control,Balanced control,joint_influence_welch,Joint-Influence Welch,0.017,0.019854418580973043
balanced_control,Balanced control,joint_influence_welch,Joint-Influence Welch,0.018000000000000002,0.02086755399269508
balanced_control,Balanced control,joint_influence_welch,Joint-Influence Welch,0.019,0.021915112847600567
balanced_control,Balanced control,joint_influence_welch,Joint-Influence Welch,0.02,0.022927489870055363
balanced_control,Balanced control,joint_influence_welch,Joint-Influence Welch,0.021,0.023844348331660936
balanced_control,Balanced control,joint_influence_welch,Joint-Influence Welch,0.022,0.02487171081733468
balanced_control,Balanced control,joint_influence_welch,Joint-Influence Welch,0.023,0.02581393211630482
balanced_control,Balanced control,joint_influence_welch,Joint-Influence Welch,0.024,0.026816317854274203
balanced_control,Balanced control,joint_influence_welch,Joint-Influence Welch,0.025,0.027874207177316153
balanced_control,Balanced control,joint_influence_welch,Joint-Influence Welch,0.026000000000000002,0.0288922380005379
balanced_control,Balanced control,joint_influence_welch,Joint-Influence Welch,0.027,0.029879614327037333
balanced_control,Balanced control,joint_influence_welch,Joint-Influence Welch,0.028,0.030816718110249792
balanced_control,Balanced control,joint_influence_welch,Joint-Influence Welch,0.029,0.031828890050137205
balanced_control,Balanced control,joint_influence_welch,Joint-Influence Welch,0.03,0.0328567767137071
balanced_control,Balanced control,joint_influence_welch,Joint-Influence Welch,0.031,0.033894300526860925
balanced_control,Balanced control,joint_influence_welch,Joint-Influence Welch,0.032,0.034861865914856925
balanced_control,Balanced control,joint_influence_welch,Joint-Influence Welch,0.033,0.03588413470789448
balanced_control,Balanced control,joint_influence_welch,Joint-Influence Welch,0.034,0.036831430847867754
balanced_control,Balanced control,joint_influence_welch,Joint-Influence Welch,0.035,0.037738421973522396
balanced_control,Balanced control,joint_influence_welch,Joint-Influence Welch,0.036000000000000004,0.038710666409016305
balanced_control,Balanced control,joint_influence_welch,Joint-Influence Welch,0.037,0.03972852233742347
balanced_control,Balanced control,joint_influence_welch,Joint-Influence Welch,0.038,0.04079618852459449
balanced_control,Balanced control,joint_influence_welch,Joint-Influence Welch,0.039,0.04174328920363436
balanced_control,Balanced control,joint_influence_welch,Joint-Influence Welch,0.04,0.042805938141774545
balanced_control,Balanced control,joint_influence_welch,Joint-Influence Welch,0.041,0.04388851279435231
balanced_control,Balanced control,joint_influence_welch,Joint-Influence Welch,0.042,0.044931205764990566
balanced_control,Balanced control,joint_influence_welch,Joint-Influence Welch,0.043000000000000003,0.04598379472936118
balanced_control,Balanced control,joint_influence_welch,Joint-Influence Welch,0.044,0.04699147864097841
balanced_control,Balanced control,joint_influence_welch,Joint-Influence Welch,0.045,0.04798875011324947
balanced_control,Balanced control,joint_influence_welch,Joint-Influence Welch,0.046,0.04901142923865351
balanced_control,Balanced control,joint_influence_welch,Joint-Influence Welch,0.047,0.049964033078600964
balanced_control,Balanced control,joint_influence_welch,Joint-Influence Welch,0.048,0.051092214746473075
balanced_control,Balanced control,joint_influence_welch,Joint-Influence Welch,0.049,0.05207987245013416
balanced_control,Balanced control,joint_influence_welch,Joint-Influence Welch,0.05,0.053112700232849565
balanced_control,Balanced control,joint_influence_welch,Joint-Influence Welch,0.051000000000000004,0.05417553719437379
balanced_control,Balanced control,joint_influence_welch,Joint-Influence Welch,0.052000000000000005,0.054997105058498794
balanced_control,Balanced control,joint_influence_welch,Joint-Influence Welch,0.053,0.056044504107420214
balanced_control,Balanced control,joint_influence_welch,Joint-Influence Welch,0.054,0.05698669286718679
balanced_control,Balanced control,joint_influence_welch,Joint-Influence Welch,0.055,0.05805915286262934
balanced_control,Balanced control,joint_influence_welch,Joint-Influence Welch,0.056,0.059041514992102015
balanced_control,Balanced control,joint_influence_welch,Joint-Influence Welch,0.057,0.059968331684729315
balanced_control,Balanced control,joint_influence_welch,Joint-Influence Welch,0.058,0.060935412201619424
balanced_control,Balanced control,joint_influence_welch,Joint-Influence Welch,0.059000000000000004,0.06185722500572326
balanced_control,Balanced control,joint_influence_welch,Joint-Influence Welch,0.06,0.06276907988695195
balanced_control,Balanced control,joint_influence_welch,Joint-Influence Welch,0.061,0.06365598938745007
balanced_control,Balanced control,joint_influence_welch,Joint-Influence Welch,0.062,0.06457827787643285
balanced_control,Balanced control,joint_influence_welch,Joint-Influence Welch,0.063,0.06548492133283527
balanced_control,Balanced control,joint_influence_welch,Joint-Influence Welch,0.064,0.06644262428723441
balanced_control,Balanced control,joint_influence_welch,Joint-Influence Welch,0.065,0.06743965270054834
balanced_control,Balanced control,joint_influence_welch,Joint-Influence Welch,0.066,0.06838156205502284
balanced_control,Balanced control,joint_influence_welch,Joint-Influence Welch,0.067,0.06941451311194168
balanced_control,Balanced control,joint_influence_welch,Joint-Influence Welch,0.068,0.07046696997637063
balanced_control,Balanced control,joint_influence_welch,Joint-Influence Welch,0.069,0.07147899961303936
balanced_control,Balanced control,joint_influence_welch,Joint-Influence Welch,0.07,0.07241620154725822
balanced_control,Balanced control,joint_influence_welch,Joint-Influence Welch,0.07100000000000001,0.07337359834854995
balanced_control,Balanced control,joint_influence_welch,Joint-Influence Welch,0.07200000000000001,0.07436089745194667
balanced_control,Balanced control,joint_influence_welch,Joint-Influence Welch,0.073,0.07526792414867328
balanced_control,Balanced control,joint_influence_welch,Joint-Influence Welch,0.074,0.07620038389191224
balanced_control,Balanced control,joint_influence_welch,Joint-Influence Welch,0.075,0.07720809736898605
balanced_control,Balanced control,joint_influence_welch,Joint-Influence Welch,0.076,0.07818517443881527
balanced_control,Balanced control,joint_influence_welch,Joint-Influence Welch,0.077,0.07926792494158466
balanced_control,Balanced control,joint_influence_welch,Joint-Influence Welch,0.078,0.08023525497345474
balanced_control,Balanced control,joint_influence_welch,Joint-Influence Welch,0.079,0.08124739664974505
balanced_control,Balanced control,joint_influence_welch,Joint-Influence Welch,0.08,0.08222472273841869
balanced_control,Balanced control,joint_influence_welch,Joint-Influence Welch,0.081,0.08322687309613667
balanced_control,Balanced control,joint_influence_welch,Joint-Influence Welch,0.082,0.08419906855870438
balanced_control,Balanced control,joint_influence_welch,Joint-Influence Welch,0.083,0.08523633854404472
balanced_control,Balanced control,joint_influence_welch,Joint-Influence Welch,0.084,0.08624852657593787
balanced_control,Balanced control,joint_influence_welch,Joint-Influence Welch,0.085,0.08715064022612895
balanced_control,Balanced control,joint_influence_welch,Joint-Influence Welch,0.08600000000000001,0.08805751667913472
balanced_control,Balanced control,joint_influence_welch,Joint-Influence Welch,0.08700000000000001,0.0890349838574527
balanced_control,Balanced control,joint_influence_welch,Joint-Influence Welch,0.088,0.090042063372765
balanced_control,Balanced control,joint_influence_welch,Joint-Influence Welch,0.089,0.09096432134591065
balanced_control,Balanced control,joint_influence_welch,Joint-Influence Welch,0.09,0.09203675656645048
balanced_control,Balanced control,joint_influence_welch,Joint-Influence Welch,0.091,0.0930592527467923
balanced_control,Balanced control,joint_influence_welch,Joint-Influence Welch,0.092,0.09387099281599912
balanced_control,Balanced control,joint_influence_welch,Joint-Influence Welch,0.093,0.09481829494392766
balanced_control,Balanced control,joint_influence_welch,Joint-Influence Welch,0.094,0.09573535337738637
balanced_control,Balanced control,joint_influence_welch,Joint-Influence Welch,0.095,0.09666217704747877
balanced_control,Balanced control,joint_influence_welch,Joint-Influence Welch,0.096,0.09770479649659072
balanced_control,Balanced control,joint_influence_welch,Joint-Influence Welch,0.097,0.098587277279666
balanced_control,Balanced control,joint_influence_welch,Joint-Influence Welch,0.098,0.0995845361498675
balanced_control,Balanced control,joint_influence_welch,Joint-Influence Welch,0.099,0.10054145677367594
balanced_control,Balanced control,joint_influence_welch,Joint-Influence Welch,0.1,0.10154890912664291
moderate_sparse,Moderate sparsity,joint_influence_welch,Joint-Influence Welch,0.0,0.0
moderate_sparse,Moderate sparsity,joint_influence_welch,Joint-Influence Welch,0.001,0.0014025011263224857
moderate_sparse,Moderate sparsity,joint_influence_welch,Joint-Influence Welch,0.002,0.0026970919938941107
moderate_sparse,Moderate sparsity,joint_influence_welch,Joint-Influence Welch,0.003,0.00367437489341644
moderate_sparse,Moderate sparsity,joint_influence_welch,Joint-Influence Welch,0.004,0.004797817601196066
moderate_sparse,Moderate sparsity,joint_influence_welch,Joint-Influence Welch,0.005,0.005956506709741802
moderate_sparse,Moderate sparsity,joint_influence_welch,Joint-Influence Welch,0.006,0.007059127463877183
moderate_sparse,Moderate sparsity,joint_influence_welch,Joint-Influence Welch,0.007,0.008015259212526299
moderate_sparse,Moderate sparsity,joint_influence_welch,Joint-Influence Welch,0.008,0.00897739096096389
moderate_sparse,Moderate sparsity,joint_influence_welch,Joint-Influence Welch,0.009000000000000001,0.009953458934970287
moderate_sparse,Moderate sparsity,joint_influence_welch,Joint-Influence Welch,0.01,0.010991996486134374
moderate_sparse,Moderate sparsity,joint_influence_welch,Joint-Influence Welch,0.011,0.012094103033034395
moderate_sparse,Moderate sparsity,joint_influence_welch,Joint-Influence Welch,0.012,0.013085258128517723
moderate_sparse,Moderate sparsity,joint_influence_welch,Joint-Influence Welch,0.013000000000000001,0.01410750887349548
moderate_sparse,Moderate sparsity,joint_influence_welch,Joint-Influence Welch,0.014,0.015194066306594187
moderate_sparse,Moderate sparsity,joint_influence_welch,Joint-Influence Welch,0.015,0.016256419462090135
moderate_sparse,Moderate sparsity,joint_influence_welch,Joint-Influence Welch,0.016,0.01739923455701674
moderate_sparse,Moderate sparsity,joint_influence_welch,Joint-Influence Welch,0.017,0.018390191257841464
moderate_sparse,Moderate sparsity,joint_influence_welch,Joint-Influence Welch,0.018000000000000002,0.01945777145754017
moderate_sparse,Moderate sparsity,joint_influence_welch,Joint-Influence Welch,0.019,0.020369036346220462
moderate_sparse,Moderate sparsity,joint_influence_welch,Joint-Influence Welch,0.02,0.0214359381184023
moderate_sparse,Moderate sparsity,joint_influence_welch,Joint-Influence Welch,0.021,0.02237181082909063
moderate_sparse,Moderate sparsity,joint_influence_welch,Joint-Influence Welch,0.022,0.023317871240344946
moderate_sparse,Moderate sparsity,joint_influence_welch,Joint-Influence Welch,0.023,0.0241940157028441
moderate_sparse,Moderate sparsity,joint_influence_welch,Joint-Influence Welch,0.024,0.025170933218698326
moderate_sparse,Moderate sparsity,joint_influence_welch,Joint-Influence Welch,0.025,0.026151932082869266
moderate_sparse,Moderate sparsity,joint_influence_welch,Joint-Influence Welch,0.026000000000000002,0.027192799942655155
moderate_sparse,Moderate sparsity,joint_influence_welch,Joint-Influence Welch,0.027,0.028118042069833205
moderate_sparse,Moderate sparsity,joint_influence_welch,Joint-Influence Welch,0.028,0.029099729930711065
moderate_sparse,Moderate sparsity,joint_influence_welch,Joint-Influence Welch,0.029,0.03003581901153483
moderate_sparse,Moderate sparsity,joint_influence_welch,Joint-Influence Welch,0.03,0.030981298923780477
moderate_sparse,Moderate sparsity,joint_influence_welch,Joint-Influence Welch,0.031,0.031972745958120455
moderate_sparse,Moderate sparsity,joint_influence_welch,Joint-Influence Welch,0.032,0.032898158469094135
moderate_sparse,Moderate sparsity,joint_influence_welch,Joint-Influence Welch,0.033,0.033858639417848856
moderate_sparse,Moderate sparsity,joint_influence_welch,Joint-Influence Welch,0.034,0.03497058927891267
moderate_sparse,Moderate sparsity,joint_influence_welch,Joint-Influence Welch,0.035,0.03580005375431768
moderate_sparse,Moderate sparsity,joint_influence_welch,Joint-Influence Welch,0.036000000000000004,0.036810996367207964
moderate_sparse,Moderate sparsity,joint_influence_welch,Joint-Influence Welch,0.037,0.0377617022004765
moderate_sparse,Moderate sparsity,joint_influence_welch,Joint-Influence Welch,0.038,0.03878325460954829
moderate_sparse,Moderate sparsity,joint_influence_welch,Joint-Influence Welch,0.039,0.039775647099648356
moderate_sparse,Moderate sparsity,joint_influence_welch,Joint-Influence Welch,0.04,0.04073715555253871
moderate_sparse,Moderate sparsity,joint_influence_welch,Joint-Influence Welch,0.041,0.04187360775511318
moderate_sparse,Moderate sparsity,joint_influence_welch,Joint-Influence Welch,0.042,0.042775204092562316
moderate_sparse,Moderate sparsity,joint_influence_welch,Joint-Influence Welch,0.043000000000000003,0.043750679831923725
moderate_sparse,Moderate sparsity,joint_influence_welch,Joint-Influence Welch,0.044,0.044827089224177594
moderate_sparse,Moderate sparsity,joint_influence_welch,Joint-Influence Welch,0.045,0.04577704970187021
moderate_sparse,Moderate sparsity,joint_influence_welch,Joint-Influence Welch,0.046,0.046738455497800535
moderate_sparse,Moderate sparsity,joint_influence_welch,Joint-Influence Welch,0.047,0.0477288246662479
moderate_sparse,Moderate sparsity,joint_influence_welch,Joint-Influence Welch,0.048,0.048648940802463625
moderate_sparse,Moderate sparsity,joint_influence_welch,Joint-Influence Welch,0.049,0.04976061774483515
moderate_sparse,Moderate sparsity,joint_influence_welch,Joint-Influence Welch,0.05,0.050822548544514755
moderate_sparse,Moderate sparsity,joint_influence_welch,Joint-Influence Welch,0.051000000000000004,0.051717522981411634
moderate_sparse,Moderate sparsity,joint_influence_welch,Joint-Influence Welch,0.052000000000000005,0.0527239576877588
moderate_sparse,Moderate sparsity,joint_influence_welch,Joint-Influence Welch,0.053,0.05371504280017312
moderate_sparse,Moderate sparsity,joint_influence_welch,Joint-Influence Welch,0.054,0.05457615063330847
moderate_sparse,Moderate sparsity,joint_influence_welch,Joint-Influence Welch,0.055,0.055561388972982996
moderate_sparse,Moderate sparsity,joint_influence_welch,Joint-Influence Welch,0.056,0.056461799158634376
moderate_sparse,Moderate sparsity,joint_influence_welch,Joint-Influence Welch,0.057,0.057387370138938895
moderate_sparse,Moderate sparsity,joint_influence_welch,Joint-Influence Welch,0.058,0.05843864051949373
moderate_sparse,Moderate sparsity,joint_influence_welch,Joint-Influence Welch,0.059000000000000004,0.05947332577200683
moderate_sparse,Moderate sparsity,joint_influence_welch,Joint-Influence Welch,0.06,0.060439403441293206
moderate_sparse,Moderate sparsity,joint_influence_welch,Joint-Influence Welch,0.061,0.06129414565010879
moderate_sparse,Moderate sparsity,joint_influence_welch,Joint-Influence Welch,0.062,0.06220449035837553
moderate_sparse,Moderate sparsity,joint_influence_welch,Joint-Influence Welch,0.063,0.06321073628182015
moderate_sparse,Moderate sparsity,joint_influence_welch,Joint-Influence Welch,0.064,0.06409623111504736
moderate_sparse,Moderate sparsity,joint_influence_welch,Joint-Influence Welch,0.065,0.06493065251926008
moderate_sparse,Moderate sparsity,joint_influence_welch,Joint-Influence Welch,0.066,0.06584095966591101
moderate_sparse,Moderate sparsity,joint_influence_welch,Joint-Influence Welch,0.067,0.06678165435670132
moderate_sparse,Moderate sparsity,joint_influence_welch,Joint-Influence Welch,0.068,0.06783726559168356
moderate_sparse,Moderate sparsity,joint_influence_welch,Joint-Influence Welch,0.069,0.0689135076435534
moderate_sparse,Moderate sparsity,joint_influence_welch,Joint-Influence Welch,0.07,0.06988936338761123
moderate_sparse,Moderate sparsity,joint_influence_welch,Joint-Influence Welch,0.07100000000000001,0.07083520168971882
moderate_sparse,Moderate sparsity,joint_influence_welch,Joint-Influence Welch,0.07200000000000001,0.07188622711235806
moderate_sparse,Moderate sparsity,joint_influence_welch,Joint-Influence Welch,0.073,0.07279216705723908
moderate_sparse,Moderate sparsity,joint_influence_welch,Joint-Influence Welch,0.074,0.07378341662582417
moderate_sparse,Moderate sparsity,joint_influence_welch,Joint-Influence Welch,0.075,0.07477431464060157
moderate_sparse,Moderate sparsity,joint_influence_welch,Joint-Influence Welch,0.076,0.07564944747399138
moderate_sparse,Moderate sparsity,joint_influence_welch,Joint-Influence Welch,0.077,0.07663500603782654
moderate_sparse,Moderate sparsity,joint_influence_welch,Joint-Influence Welch,0.078,0.0776162832428117
moderate_sparse,Moderate sparsity,joint_influence_welch,Joint-Influence Welch,0.079,0.0785869947468085
moderate_sparse,Moderate sparsity,joint_influence_welch,Joint-Influence Welch,0.08,0.07947635639511055
moderate_sparse,Moderate sparsity,joint_influence_welch,Joint-Influence Welch,0.081,0.0804957335875942
moderate_sparse,Moderate sparsity,joint_influence_welch,Joint-Influence Welch,0.082,0.08149155188334403
moderate_sparse,Moderate sparsity,joint_influence_welch,Joint-Influence Welch,0.083,0.08240632974782512
moderate_sparse,Moderate sparsity,joint_influence_welch,Joint-Influence Welch,0.084,0.08339725975299424
moderate_sparse,Moderate sparsity,joint_influence_welch,Joint-Influence Welch,0.085,0.0842970119629304
moderate_sparse,Moderate sparsity,joint_influence_welch,Joint-Influence Welch,0.08600000000000001,0.08520645950990093
moderate_sparse,Moderate sparsity,joint_influence_welch,Joint-Influence Welch,0.08700000000000001,0.08613204665254791
moderate_sparse,Moderate sparsity,joint_influence_welch,Joint-Influence Welch,0.088,0.08699223156635023
moderate_sparse,Moderate sparsity,joint_influence_welch,Joint-Influence Welch,0.089,0.08783769656176521
moderate_sparse,Moderate sparsity,joint_influence_welch,Joint-Influence Welch,0.09,0.08878357926455875
moderate_sparse,Moderate sparsity,joint_influence_welch,Joint-Influence Welch,0.091,0.08979323288523151
moderate_sparse,Moderate sparsity,joint_influence_welch,Joint-Influence Welch,0.092,0.09087467377659496
moderate_sparse,Moderate sparsity,joint_influence_welch,Joint-Influence Welch,0.093,0.09199659248869914
moderate_sparse,Moderate sparsity,joint_influence_welch,Joint-Influence Welch,0.094,0.0929512785539443
moderate_sparse,Moderate sparsity,joint_influence_welch,Joint-Influence Welch,0.095,0.09386081005066982
moderate_sparse,Moderate sparsity,joint_influence_welch,Joint-Influence Welch,0.096,0.09475018031944549
moderate_sparse,Moderate sparsity,joint_influence_welch,Joint-Influence Welch,0.097,0.09573093824902885
moderate_sparse,Moderate sparsity,joint_influence_welch,Joint-Influence Welch,0.098,0.09665089556262547
moderate_sparse,Moderate sparsity,joint_influence_welch,Joint-Influence Welch,0.099,0.09773240970070621
moderate_sparse,Moderate sparsity,joint_influence_welch,Joint-Influence Welch,0.1,0.09864772413692706
ultra_sparse,Ultra-sparsity,joint_influence_welch,Joint-Influence Welch,0.0,0.0
ultra_sparse,Ultra-sparsity,joint_influence_welch,Joint-Influence Welch,0.001,0.0024618887610740976
ultra_sparse,Ultra-sparsity,joint_influence_welch,Joint-Influence Welch,0.002,0.004750053212397338
ultra_sparse,Ultra-sparsity,joint_influence_welch,Joint-Influence Welch,0.003,0.00643519429767566
ultra_sparse,Ultra-sparsity,joint_influence_welch,Joint-Influence Welch,0.004,0.008592083559450018
ultra_sparse,Ultra-sparsity,joint_influence_welch,Joint-Influence Welch,0.005,0.010220163836421986
ultra_sparse,Ultra-sparsity,joint_influence_welch,Joint-Influence Welch,0.006,0.011697080166921324
ultra_sparse,Ultra-sparsity,joint_influence_welch,Joint-Influence Welch,0.007,0.013411618921110985
ultra_sparse,Ultra-sparsity,joint_influence_welch,Joint-Influence Welch,0.008,0.015611063719625012
ultra_sparse,Ultra-sparsity,joint_influence_welch,Joint-Influence Welch,0.009000000000000001,0.017475882618745834
ultra_sparse,Ultra-sparsity,joint_influence_welch,Joint-Influence Welch,0.01,0.018765352998488954
ultra_sparse,Ultra-sparsity,joint_influence_welch,Joint-Influence Welch,0.011,0.02019967529626954
ultra_sparse,Ultra-sparsity,joint_influence_welch,Joint-Influence Welch,0.012,0.02123685623983483
ultra_sparse,Ultra-sparsity,joint_influence_welch,Joint-Influence Welch,0.013000000000000001,0.022320018759644174
ultra_sparse,Ultra-sparsity,joint_influence_welch,Joint-Influence Welch,0.014,0.023484735401323918
ultra_sparse,Ultra-sparsity,joint_influence_welch,Joint-Influence Welch,0.015,0.02459823164528662
ultra_sparse,Ultra-sparsity,joint_influence_welch,Joint-Influence Welch,0.016,0.025852399041925506
ultra_sparse,Ultra-sparsity,joint_influence_welch,Joint-Influence Welch,0.017,0.027470542985350833
ultra_sparse,Ultra-sparsity,joint_influence_welch,Joint-Influence Welch,0.018000000000000002,0.028895965302663536
ultra_sparse,Ultra-sparsity,joint_influence_welch,Joint-Influence Welch,0.019,0.030444577722014567
ultra_sparse,Ultra-sparsity,joint_influence_welch,Joint-Influence Welch,0.02,0.03206045934258433
ultra_sparse,Ultra-sparsity,joint_influence_welch,Joint-Influence Welch,0.021,0.03354251928602475
ultra_sparse,Ultra-sparsity,joint_influence_welch,Joint-Influence Welch,0.022,0.035124296384339344
ultra_sparse,Ultra-sparsity,joint_influence_welch,Joint-Influence Welch,0.023,0.03664334826556144
ultra_sparse,Ultra-sparsity,joint_influence_welch,Joint-Influence Welch,0.024,0.03790128521439956
ultra_sparse,Ultra-sparsity,joint_influence_welch,Joint-Influence Welch,0.025,0.039171045693463816
ultra_sparse,Ultra-sparsity,joint_influence_welch,Joint-Influence Welch,0.026000000000000002,0.040272973836134124
ultra_sparse,Ultra-sparsity,joint_influence_welch,Joint-Influence Welch,0.027,0.04120131400463083
ultra_sparse,Ultra-sparsity,joint_influence_welch,Joint-Influence Welch,0.028,0.04223207376990884
ultra_sparse,Ultra-sparsity,joint_influence_welch,Joint-Influence Welch,0.029,0.0431981823688392
ultra_sparse,Ultra-sparsity,joint_influence_welch,Joint-Influence Welch,0.03,0.04406192889471354
ultra_sparse,Ultra-sparsity,joint_influence_welch,Joint-Influence Welch,0.031,0.04510812465597168
ultra_sparse,Ultra-sparsity,joint_influence_welch,Joint-Influence Welch,0.032,0.046307842493582094
ultra_sparse,Ultra-sparsity,joint_influence_welch,Joint-Influence Welch,0.033,0.047207836786404354
ultra_sparse,Ultra-sparsity,joint_influence_welch,Joint-Influence Welch,0.034,0.04806767913397421
ultra_sparse,Ultra-sparsity,joint_influence_welch,Joint-Influence Welch,0.035,0.04922460291662296
ultra_sparse,Ultra-sparsity,joint_influence_welch,Joint-Influence Welch,0.036000000000000004,0.05018356306617063
ultra_sparse,Ultra-sparsity,joint_influence_welch,Joint-Influence Welch,0.037,0.050994562849118207
ultra_sparse,Ultra-sparsity,joint_influence_welch,Joint-Influence Welch,0.038,0.051846556004626496
ultra_sparse,Ultra-sparsity,joint_influence_welch,Joint-Influence Welch,0.039,0.05269714785418611
ultra_sparse,Ultra-sparsity,joint_influence_welch,Joint-Influence Welch,0.04,0.053619598823986724
ultra_sparse,Ultra-sparsity,joint_influence_welch,Joint-Influence Welch,0.041,0.054523720846127555
ultra_sparse,Ultra-sparsity,joint_influence_welch,Joint-Influence Welch,0.042,0.05590893906669379
ultra_sparse,Ultra-sparsity,joint_influence_welch,Joint-Influence Welch,0.043000000000000003,0.05700124697128782
ultra_sparse,Ultra-sparsity,joint_influence_welch,Joint-Influence Welch,0.044,0.05788389017438141
ultra_sparse,Ultra-sparsity,joint_influence_welch,Joint-Influence Welch,0.045,0.05891496430625962
ultra_sparse,Ultra-sparsity,joint_influence_welch,Joint-Influence Welch,0.046,0.059909001560097076
ultra_sparse,Ultra-sparsity,joint_influence_welch,Joint-Influence Welch,0.047,0.061107988567214055
ultra_sparse,Ultra-sparsity,joint_influence_welch,Joint-Influence Welch,0.048,0.06227972741151912
ultra_sparse,Ultra-sparsity,joint_influence_welch,Joint-Influence Welch,0.049,0.0633413613410534
ultra_sparse,Ultra-sparsity,joint_influence_welch,Joint-Influence Welch,0.05,0.0645291156038656
ultra_sparse,Ultra-sparsity,joint_influence_welch,Joint-Influence Welch,0.051000000000000004,0.06557863558297812
ultra_sparse,Ultra-sparsity,joint_influence_welch,Joint-Influence Welch,0.052000000000000005,0.06703187494915222
ultra_sparse,Ultra-sparsity,joint_influence_welch,Joint-Influence Welch,0.053,0.06849125367115022
ultra_sparse,Ultra-sparsity,joint_influence_welch,Joint-Influence Welch,0.054,0.07002638330922413
ultra_sparse,Ultra-sparsity,joint_influence_welch,Joint-Influence Welch,0.055,0.07140938223226001
ultra_sparse,Ultra-sparsity,joint_influence_welch,Joint-Influence Welch,0.056,0.07296149543747957
ultra_sparse,Ultra-sparsity,joint_influence_welch,Joint-Influence Welch,0.057,0.07428808836139021
ultra_sparse,Ultra-sparsity,joint_influence_welch,Joint-Influence Welch,0.058,0.07547838327290522
ultra_sparse,Ultra-sparsity,joint_influence_welch,Joint-Influence Welch,0.059000000000000004,0.07663271566999487
ultra_sparse,Ultra-sparsity,joint_influence_welch,Joint-Influence Welch,0.06,0.07765385766977438
ultra_sparse,Ultra-sparsity,joint_influence_welch,Joint-Influence Welch,0.061,0.07881224973466494
ultra_sparse,Ultra-sparsity,joint_influence_welch,Joint-Influence Welch,0.062,0.07982630352864864
ultra_sparse,Ultra-sparsity,joint_influence_welch,Joint-Influence Welch,0.063,0.0810519550947418
ultra_sparse,Ultra-sparsity,joint_influence_welch,Joint-Influence Welch,0.064,0.08196948126715059
ultra_sparse,Ultra-sparsity,joint_influence_welch,Joint-Influence Welch,0.065,0.08320371383241025
ultra_sparse,Ultra-sparsity,joint_influence_welch,Joint-Influence Welch,0.066,0.08415519568230212
ultra_sparse,Ultra-sparsity,joint_influence_welch,Joint-Influence Welch,0.067,0.08514018571297685
ultra_sparse,Ultra-sparsity,joint_influence_welch,Joint-Influence Welch,0.068,0.08622653000644351
ultra_sparse,Ultra-sparsity,joint_influence_welch,Joint-Influence Welch,0.069,0.08711471301362232
ultra_sparse,Ultra-sparsity,joint_influence_welch,Joint-Influence Welch,0.07,0.08808266314939342
ultra_sparse,Ultra-sparsity,joint_influence_welch,Joint-Influence Welch,0.07100000000000001,0.0891327403664289
ultra_sparse,Ultra-sparsity,joint_influence_welch,Joint-Influence Welch,0.07200000000000001,0.09026419359297096
ultra_sparse,Ultra-sparsity,joint_influence_welch,Joint-Influence Welch,0.073,0.0913299547163891
ultra_sparse,Ultra-sparsity,joint_influence_welch,Joint-Influence Welch,0.074,0.0924397385642579
ultra_sparse,Ultra-sparsity,joint_influence_welch,Joint-Influence Welch,0.075,0.09319913362274393
ultra_sparse,Ultra-sparsity,joint_influence_welch,Joint-Influence Welch,0.076,0.09415731263339301
ultra_sparse,Ultra-sparsity,joint_influence_welch,Joint-Influence Welch,0.077,0.09519100784968029
ultra_sparse,Ultra-sparsity,joint_influence_welch,Joint-Influence Welch,0.078,0.09605743219068874
ultra_sparse,Ultra-sparsity,joint_influence_welch,Joint-Influence Welch,0.079,0.09704777621567198
ultra_sparse,Ultra-sparsity,joint_influence_welch,Joint-Influence Welch,0.08,0.09793441717539
ultra_sparse,Ultra-sparsity,joint_influence_welch,Joint-Influence Welch,0.081,0.09888655446323716
ultra_sparse,Ultra-sparsity,joint_influence_welch,Joint-Influence Welch,0.082,0.09963002608400218
ultra_sparse,Ultra-sparsity,joint_influence_welch,Joint-Influence Welch,0.083,0.10037573186961057
ultra_sparse,Ultra-sparsity,joint_influence_welch,Joint-Influence Welch,0.084,0.10143548589710698
ultra_sparse,Ultra-sparsity,joint_influence_welch,Joint-Influence Welch,0.085,0.1024956521885679
ultra_sparse,Ultra-sparsity,joint_influence_welch,Joint-Influence Welch,0.08600000000000001,0.10346285154335581
ultra_sparse,Ultra-sparsity,joint_influence_welch,Joint-Influence Welch,0.08700000000000001,0.10444124506032235
ultra_sparse,Ultra-sparsity,joint_influence_welch,Joint-Influence Welch,0.088,0.1053427724752198
ultra_sparse,Ultra-sparsity,joint_influence_welch,Joint-Influence Welch,0.089,0.10637213292215171
ultra_sparse,Ultra-sparsity,joint_influence_welch,Joint-Influence Welch,0.09,0.10730944755140263
ultra_sparse,Ultra-sparsity,joint_influence_welch,Joint-Influence Welch,0.091,0.10837472534894761
ultra_sparse,Ultra-sparsity,joint_influence_welch,Joint-Influence Welch,0.092,0.10935654102697112
ultra_sparse,Ultra-sparsity,joint_influence_welch,Joint-Influence Welch,0.093,0.11015092865839046
ultra_sparse,Ultra-sparsity,joint_influence_welch,Joint-Influence Welch,0.094,0.11123844985971973
ultra_sparse,Ultra-sparsity,joint_influence_welch,Joint-Influence Welch,0.095,0.11225693074352905
ultra_sparse,Ultra-sparsity,joint_influence_welch,Joint-Influence Welch,0.096,0.11310836598374578
ultra_sparse,Ultra-sparsity,joint_influence_welch,Joint-Influence Welch,0.097,0.1140109934516983
ultra_sparse,Ultra-sparsity,joint_influence_welch,Joint-Influence Welch,0.098,0.11496756223917592
ultra_sparse,Ultra-sparsity,joint_influence_welch,Joint-Influence Welch,0.099,0.11610479698038341
ultra_sparse,Ultra-sparsity,joint_influence_welch,Joint-Influence Welch,0.1,0.11716630149636549
ultra_imbalanced,Ultra-sparsity with imbalance,joint_influence_welch,Joint-Influence Welch,0.0,0.0
ultra_imbalanced,Ultra-sparsity with imbalance,joint_influence_welch,Joint-Influence Welch,0.001,0.018171835307185313
ultra_imbalanced,Ultra-sparsity with imbalance,joint_influence_welch,Joint-Influence Welch,0.002,0.0207954067344302
ultra_imbalanced,Ultra-sparsity with imbalance,joint_influence_welch,Joint-Influence Welch,0.003,0.022882687982921302
ultra_imbalanced,Ultra-sparsity with imbalance,joint_influence_welch,Joint-Influence Welch,0.004,0.024402387843079482
ultra_imbalanced,Ultra-sparsity with imbalance,joint_influence_welch,Joint-Influence Welch,0.005,0.026034365413869387
ultra_imbalanced,Ultra-sparsity with imbalance,joint_influence_welch,Joint-Influence Welch,0.006,0.027542719963903867
ultra_imbalanced,Ultra-sparsity with imbalance,joint_influence_welch,Joint-Influence Welch,0.007,0.029073470735296758
ultra_imbalanced,Ultra-sparsity with imbalance,joint_influence_welch,Joint-Influence Welch,0.008,0.03053555108528544
ultra_imbalanced,Ultra-sparsity with imbalance,joint_influence_welch,Joint-Influence Welch,0.009000000000000001,0.0319519355234851
ultra_imbalanced,Ultra-sparsity with imbalance,joint_influence_welch,Joint-Influence Welch,0.01,0.03343625213950845
ultra_imbalanced,Ultra-sparsity with imbalance,joint_influence_welch,Joint-Influence Welch,0.011,0.03470434889168258
ultra_imbalanced,Ultra-sparsity with imbalance,joint_influence_welch,Joint-Influence Welch,0.012,0.03609580978901726
ultra_imbalanced,Ultra-sparsity with imbalance,joint_influence_welch,Joint-Influence Welch,0.013000000000000001,0.03738228167688084
ultra_imbalanced,Ultra-sparsity with imbalance,joint_influence_welch,Joint-Influence Welch,0.014,0.038786843481203266
ultra_imbalanced,Ultra-sparsity with imbalance,joint_influence_welch,Joint-Influence Welch,0.015,0.040157541844813044
ultra_imbalanced,Ultra-sparsity with imbalance,joint_influence_welch,Joint-Influence Welch,0.016,0.04148319787171288
ultra_imbalanced,Ultra-sparsity with imbalance,joint_influence_welch,Joint-Influence Welch,0.017,0.04280342765339473
ultra_imbalanced,Ultra-sparsity with imbalance,joint_influence_welch,Joint-Influence Welch,0.018000000000000002,0.0441276435088539
ultra_imbalanced,Ultra-sparsity with imbalance,joint_influence_welch,Joint-Influence Welch,0.019,0.04541260346395822
ultra_imbalanced,Ultra-sparsity with imbalance,joint_influence_welch,Joint-Influence Welch,0.02,0.046710006055189913
ultra_imbalanced,Ultra-sparsity with imbalance,joint_influence_welch,Joint-Influence Welch,0.021,0.04813620033537715
ultra_imbalanced,Ultra-sparsity with imbalance,joint_influence_welch,Joint-Influence Welch,0.022,0.049313623269308306
ultra_imbalanced,Ultra-sparsity with imbalance,joint_influence_welch,Joint-Influence Welch,0.023,0.05065578892185467
ultra_imbalanced,Ultra-sparsity with imbalance,joint_influence_welch,Joint-Influence Welch,0.024,0.05203795567649207
ultra_imbalanced,Ultra-sparsity with imbalance,joint_influence_welch,Joint-Influence Welch,0.025,0.05327748882116397
ultra_imbalanced,Ultra-sparsity with imbalance,joint_influence_welch,Joint-Influence Welch,0.026000000000000002,0.054709942894903205
ultra_imbalanced,Ultra-sparsity with imbalance,joint_influence_welch,Joint-Influence Welch,0.027,0.05602408820150302
ultra_imbalanced,Ultra-sparsity with imbalance,joint_influence_welch,Joint-Influence Welch,0.028,0.057221767295588935
ultra_imbalanced,Ultra-sparsity with imbalance,joint_influence_welch,Joint-Influence Welch,0.029,0.05843971890987476
ultra_imbalanced,Ultra-sparsity with imbalance,joint_influence_welch,Joint-Influence Welch,0.03,0.05976554178607457
ultra_imbalanced,Ultra-sparsity with imbalance,joint_influence_welch,Joint-Influence Welch,0.031,0.06111043542165408
ultra_imbalanced,Ultra-sparsity with imbalance,joint_influence_welch,Joint-Influence Welch,0.032,0.06234699295512123
ultra_imbalanced,Ultra-sparsity with imbalance,joint_influence_welch,Joint-Influence Welch,0.033,0.06366741117367841
ultra_imbalanced,Ultra-sparsity with imbalance,joint_influence_welch,Joint-Influence Welch,0.034,0.06496738925147719
ultra_imbalanced,Ultra-sparsity with imbalance,joint_influence_welch,Joint-Influence Welch,0.035,0.06621541387635817
ultra_imbalanced,Ultra-sparsity with imbalance,joint_influence_welch,Joint-Influence Welch,0.036000000000000004,0.06732803416327052
ultra_imbalanced,Ultra-sparsity with imbalance,joint_influence_welch,Joint-Influence Welch,0.037,0.06846829114059057
ultra_imbalanced,Ultra-sparsity with imbalance,joint_influence_welch,Joint-Influence Welch,0.038,0.06954154260663722
ultra_imbalanced,Ultra-sparsity with imbalance,joint_influence_welch,Joint-Influence Welch,0.039,0.07081679230589738
ultra_imbalanced,Ultra-sparsity with imbalance,joint_influence_welch,Joint-Influence Welch,0.04,0.07207783901989348
ultra_imbalanced,Ultra-sparsity with imbalance,joint_influence_welch,Joint-Influence Welch,0.041,0.07325047636713759
ultra_imbalanced,Ultra-sparsity with imbalance,joint_influence_welch,Joint-Influence Welch,0.042,0.07441837281362321
ultra_imbalanced,Ultra-sparsity with imbalance,joint_influence_welch,Joint-Influence Welch,0.043000000000000003,0.07573588179246385
ultra_imbalanced,Ultra-sparsity with imbalance,joint_influence_welch,Joint-Influence Welch,0.044,0.07697636218728107
ultra_imbalanced,Ultra-sparsity with imbalance,joint_influence_welch,Joint-Influence Welch,0.045,0.07829657489583652
ultra_imbalanced,Ultra-sparsity with imbalance,joint_influence_welch,Joint-Influence Welch,0.046,0.07946556936686874
ultra_imbalanced,Ultra-sparsity with imbalance,joint_influence_welch,Joint-Influence Welch,0.047,0.080533037102778
ultra_imbalanced,Ultra-sparsity with imbalance,joint_influence_welch,Joint-Influence Welch,0.048,0.08160635713114854
ultra_imbalanced,Ultra-sparsity with imbalance,joint_influence_welch,Joint-Influence Welch,0.049,0.08273413272589682
ultra_imbalanced,Ultra-sparsity with imbalance,joint_influence_welch,Joint-Influence Welch,0.05,0.08390539190155383
ultra_imbalanced,Ultra-sparsity with imbalance,joint_influence_welch,Joint-Influence Welch,0.051000000000000004,0.08495668073635315
ultra_imbalanced,Ultra-sparsity with imbalance,joint_influence_welch,Joint-Influence Welch,0.052000000000000005,0.08611765158753508
ultra_imbalanced,Ultra-sparsity with imbalance,joint_influence_welch,Joint-Influence Welch,0.053,0.08730802716856166
ultra_imbalanced,Ultra-sparsity with imbalance,joint_influence_welch,Joint-Influence Welch,0.054,0.08854707807504551
ultra_imbalanced,Ultra-sparsity with imbalance,joint_influence_welch,Joint-Influence Welch,0.055,0.08972922368883644
ultra_imbalanced,Ultra-sparsity with imbalance,joint_influence_welch,Joint-Influence Welch,0.056,0.09090940817036498
ultra_imbalanced,Ultra-sparsity with imbalance,joint_influence_welch,Joint-Influence Welch,0.057,0.09218669914269173
ultra_imbalanced,Ultra-sparsity with imbalance,joint_influence_welch,Joint-Influence Welch,0.058,0.09324428155341363
ultra_imbalanced,Ultra-sparsity with imbalance,joint_influence_welch,Joint-Influence Welch,0.059000000000000004,0.09444584498561584
ultra_imbalanced,Ultra-sparsity with imbalance,joint_influence_welch,Joint-Influence Welch,0.06,0.09561947763755749
ultra_imbalanced,Ultra-sparsity with imbalance,joint_influence_welch,Joint-Influence Welch,0.061,0.09675430740594163
ultra_imbalanced,Ultra-sparsity with imbalance,joint_influence_welch,Joint-Influence Welch,0.062,0.09795394640616414
ultra_imbalanced,Ultra-sparsity with imbalance,joint_influence_welch,Joint-Influence Welch,0.063,0.09906725106158672
ultra_imbalanced,Ultra-sparsity with imbalance,joint_influence_welch,Joint-Influence Welch,0.064,0.10017296404368178
ultra_imbalanced,Ultra-sparsity with imbalance,joint_influence_welch,Joint-Influence Welch,0.065,0.10133938738729312
ultra_imbalanced,Ultra-sparsity with imbalance,joint_influence_welch,Joint-Influence Welch,0.066,0.10242532860362974
ultra_imbalanced,Ultra-sparsity with imbalance,joint_influence_welch,Joint-Influence Welch,0.067,0.10346806156688677
ultra_imbalanced,Ultra-sparsity with imbalance,joint_influence_welch,Joint-Influence Welch,0.068,0.10470852655572223
ultra_imbalanced,Ultra-sparsity with imbalance,joint_influence_welch,Joint-Influence Welch,0.069,0.10602638876045625
ultra_imbalanced,Ultra-sparsity with imbalance,joint_influence_welch,Joint-Influence Welch,0.07,0.10712159866966982
ultra_imbalanced,Ultra-sparsity with imbalance,joint_influence_welch,Joint-Influence Welch,0.07100000000000001,0.10824324969555635
ultra_imbalanced,Ultra-sparsity with imbalance,joint_influence_welch,Joint-Influence Welch,0.07200000000000001,0.10946233297682198
ultra_imbalanced,Ultra-sparsity with imbalance,joint_influence_welch,Joint-Influence Welch,0.073,0.11067961975528413
ultra_imbalanced,Ultra-sparsity with imbalance,joint_influence_welch,Joint-Influence Welch,0.074,0.11165739093461731
ultra_imbalanced,Ultra-sparsity with imbalance,joint_influence_welch,Joint-Influence Welch,0.075,0.11266790190322093
ultra_imbalanced,Ultra-sparsity with imbalance,joint_influence_welch,Joint-Influence Welch,0.076,0.11395932045863702
ultra_imbalanced,Ultra-sparsity with imbalance,joint_influence_welch,Joint-Influence Welch,0.077,0.11509387594804119
ultra_imbalanced,Ultra-sparsity with imbalance,joint_influence_welch,Joint-Influence Welch,0.078,0.11630437012831316
ultra_imbalanced,Ultra-sparsity with imbalance,joint_influence_welch,Joint-Influence Welch,0.079,0.11742026279563791
ultra_imbalanced,Ultra-sparsity with imbalance,joint_influence_welch,Joint-Influence Welch,0.08,0.11853028397011442
ultra_imbalanced,Ultra-sparsity with imbalance,joint_influence_welch,Joint-Influence Welch,0.081,0.11956765301491216
ultra_imbalanced,Ultra-sparsity with imbalance,joint_influence_welch,Joint-Influence Welch,0.082,0.12070120790534658
ultra_imbalanced,Ultra-sparsity with imbalance,joint_influence_welch,Joint-Influence Welch,0.083,0.12185979817641857
ultra_imbalanced,Ultra-sparsity with imbalance,joint_influence_welch,Joint-Influence Welch,0.084,0.1228894775315423
ultra_imbalanced,Ultra-sparsity with imbalance,joint_influence_welch,Joint-Influence Welch,0.085,0.12396393304582705
ultra_imbalanced,Ultra-sparsity with imbalance,joint_influence_welch,Joint-Influence Welch,0.08600000000000001,0.12509426936960436
ultra_imbalanced,Ultra-sparsity with imbalance,joint_influence_welch,Joint-Influence Welch,0.08700000000000001,0.12622130028662362
ultra_imbalanced,Ultra-sparsity with imbalance,joint_influence_welch,Joint-Influence Welch,0.088,0.12733265950183353
ultra_imbalanced,Ultra-sparsity with imbalance,joint_influence_welch,Joint-Influence Welch,0.089,0.12841608948538843
ultra_imbalanced,Ultra-sparsity with imbalance,joint_influence_welch,Joint-Influence Welch,0.09,0.12952834136197425
ultra_imbalanced,Ultra-sparsity with imbalance,joint_influence_welch,Joint-Influence Welch,0.091,0.13063721998128952
ultra_imbalanced,Ultra-sparsity with imbalance,joint_influence_welch,Joint-Influence Welch,0.092,0.13175498949453648
ultra_imbalanced,Ultra-sparsity with imbalance,joint_influence_welch,Joint-Influence Welch,0.093,0.13286923306366563
ultra_imbalanced,Ultra-sparsity with imbalance,joint_influence_welch,Joint-Influence Welch,0.094,0.13389284718916875
ultra_imbalanced,Ultra-sparsity with imbalance,joint_influence_welch,Joint-Influence Welch,0.095,0.13494822065679765
ultra_imbalanced,Ultra-sparsity with imbalance,joint_influence_welch,Joint-Influence Welch,0.096,0.13618233167310756
ultra_imbalanced,Ultra-sparsity with imbalance,joint_influence_welch,Joint-Influence Welch,0.097,0.13729878259686562
ultra_imbalanced,Ultra-sparsity with imbalance,joint_influence_welch,Joint-Influence Welch,0.098,0.13840232644008815
ultra_imbalanced,Ultra-sparsity with imbalance,joint_influence_welch,Joint-Influence Welch,0.099,0.1395733678383874
ultra_imbalanced,Ultra-sparsity with imbalance,joint_influence_welch,Joint-Influence Welch,0.1,0.14065807425953541
