absolute_mi_difference,achieved_mi_p,achieved_mi_q,both_reject,columns,configuration_id,constructor,dominant_p,dominant_q,method_a,method_b,n_p,n_q,neither_rejects,nominal_alpha,only_method_a_rejects,only_method_b_rejects,pair_id,paired_95_high,paired_95_low,paired_standard_error,pattern,profile,rejection_rate_difference_a_minus_b,replicates,rows,shape,signed_mi_difference_q_minus_p,simulation_seed,target_mi_p,target_mi_q
1.0018028073766061e-16,0.0001000000000000523,9.999999999995212e-05,1,3,config_001f81d34c1b821e,additive,,,expanded_welch,normal_wald,1000,1000,199,0.05,0,0,pair_f7bc22e75aacc70b,0.0,0.0,0.0,rare,different_skew,0.0,200,3,3x3,-1.0018028073766061e-16,2383407784245440090,0.0001,0.0001
0.01999999999999996,0.0010000000000000668,0.021000000000000026,173,2,config_010684da9fee7a90,additive,,,expanded_welch,normal_wald,1000,1000,19,0.05,0,8,pair_06056104d4051773,-0.012773291268651135,-0.06722670873134887,0.013891177924157585,first,same_skew,-0.04,200,2,2x2,0.01999999999999996,8200041307714885991,0.001,0.021
0.01999999999999995,0.0,0.01999999999999995,0,2,config_01868a15f2608864,additive,,,expanded_welch,normal_wald,2,2,200,0.05,0,0,pair_2aa0194ab390e9b2,0.0,0.0,0.0,first,same_skew,0.0,200,2,2x2,0.01999999999999995,14684810245259009593,0.0,0.02
0.0019999999999999367,0.0001000000000000523,0.002099999999999989,2,3,config_0333fbc87b502f0b,additive,,,expanded_welch,normal_wald,1000,1000,194,0.05,0,4,pair_3d616241f2c6e275,-0.000548299734571267,-0.039451700265428734,0.009924336870116702,rare,different_skew,-0.02,200,3,3x3,0.0019999999999999367,3913771294238885401,0.0001,0.0021
0.02000000000000017,0.01999999999999985,0.04000000000000002,0,2,config_0375c4a204613747,additive,,,expanded_welch,normal_wald,2,2,200,0.05,0,0,pair_f92afa0319e6f637,0.0,0.0,0.0,first,uniform,0.0,200,2,2x2,0.02000000000000017,13034142029353117507,0.02,0.04
0.019999999999999782,9.999999999994562e-05,0.02009999999999973,2,2,config_04019316e6e03ce2,additive,,,expanded_welch,normal_wald,20,20,196,0.05,0,2,pair_d4423a2fa1922834,0.0038244267103322137,-0.023824426710332212,0.007053278933842966,first,uniform,-0.01,200,2,2x2,0.019999999999999782,18276232957914195524,0.0001,0.0201
0.02000000000000001,0.019999999999999872,0.03999999999999988,22,5,config_07d9e54989408104,additive,,,expanded_welch,normal_wald,500,500,176,0.05,0,2,pair_7ce1d258fd1cfc5a,0.0038244267103322137,-0.023824426710332212,0.007053278933842966,first,same_skew,-0.01,200,5,5x5,0.02000000000000001,11085907747945780977,0.02,0.04
1.214306433183765e-16,0.019999999999999993,0.019999999999999872,13,5,config_0bad497f06694faf,additive,,,expanded_welch,normal_wald,20,20,176,0.05,0,11,pair_8530c1b9f8c78768,-0.023324259080266647,-0.08667574091973335,0.016161092305986405,first,different_skew,-0.055,200,5,5x5,-1.214306433183765e-16,13892995187018788192,0.02,0.02
1.0408340855860843e-16,0.019999999999999817,0.019999999999999712,13,5,config_0c757d6b458b4ea9,loglinear,,,expanded_welch,normal_wald,20,20,178,0.05,0,9,pair_56cef8de2831de56,-0.0161970164861957,-0.0738029835138043,0.01469539975194097,first,different_skew,-0.045,200,5,5x5,-1.0408340855860843e-16,8614347372113581476,0.02,0.02
0.0020000000000000165,9.999999999998935e-05,0.002100000000000006,18,8,config_0ca3eae811a6f63d,additive,,,expanded_welch,normal_wald,20,20,175,0.05,0,7,pair_86dc09f24e35e3ec,-0.009465508596091417,-0.06053449140390859,0.013027801736688055,first,different_skew,-0.035,200,8,8x8,0.0020000000000000165,5047406343257828000,0.0001,0.0021
0.0,0.01999999999999999,0.01999999999999999,4,3,config_0ce6433c2e25fb9b,additive,,,expanded_welch,normal_wald,500,500,193,0.05,0,3,pair_915fd4445dd7693e,0.001888585541958216,-0.03188858554195821,0.008616625276509294,first,uniform,-0.015,200,3,3x3,0.0,13425691934280988387,0.02,0.02
0.019999999999999594,0.019999999999999997,0.03999999999999959,15,8,config_0d0b3f22a9f3adc8,additive,,,expanded_welch,normal_wald,20,20,183,0.05,0,2,pair_9584ef4a7c5207d0,0.0038244267103322137,-0.023824426710332212,0.007053278933842966,first,same_skew,-0.01,200,8,8x8,0.019999999999999594,17377531222578744029,0.02,0.04
0.02000000000000006,0.019999999999999934,0.039999999999999994,9,3,config_0da1fbc7bb4017d4,additive,,,expanded_welch,normal_wald,20,20,186,0.05,0,5,pair_a974b4737f1b849c,-0.00330788763874142,-0.046692112361258586,0.011067404265948256,first,uniform,-0.025,200,2,2x3,0.02000000000000006,2398664218670897074,0.02,0.04
0.020000000000000087,0.019999999999999907,0.039999999999999994,38,2,config_0de65de44170a42a,additive,,,expanded_welch,normal_wald,500,500,157,0.05,0,5,pair_f79a47be5e38070d,-0.00330788763874142,-0.046692112361258586,0.011067404265948256,first,different_skew,-0.025,200,2,2x2,0.020000000000000087,12928892203053529431,0.02,0.04
0.02000000000000017,0.04000000000000002,0.01999999999999985,3,2,config_0e5c15709fb7d96d,additive,,,expanded_welch,normal_wald,50,50,196,0.05,0,1,pair_310d7ffa029717aa,0.0048,-0.0148,0.005,first,uniform,-0.005,200,2,2x2,-0.02000000000000017,3199245285841270534,0.04,0.02
0.020000000000000177,0.019999999999999858,0.040000000000000036,75,3,config_0f2ba8ba7c87d96f,additive,,,expanded_welch,normal_wald,1000,1000,124,0.05,0,1,pair_e3af9cee70530be8,0.0048,-0.0148,0.005,first,same_skew,-0.005,200,3,3x3,0.020000000000000177,17586034715038904493,0.02,0.04
9.680570147579948e-17,0.00010000000000001779,0.00010000000000011459,20,8,config_0fdc81baf38edb07,additive,,,expanded_welch,normal_wald,20,20,168,0.05,0,12,pair_7ec3afc29050afcc,-0.027003408124824706,-0.09299659187517528,0.016834995854681272,rare,different_skew,-0.06,200,8,8x8,9.680570147579948e-17,5997798500242695074,0.0001,0.0001
0.020000000000000094,0.0199999999999999,0.039999999999999994,57,3,config_10ad31c9121205ab,additive,,,expanded_welch,normal_wald,1000,1000,140,0.05,0,3,pair_f6fbf41ad0e156b6,0.001888585541958216,-0.03188858554195821,0.008616625276509294,first,different_skew,-0.015,200,2,2x3,0.020000000000000094,3463395990817257739,0.02,0.04
0.0,0.0010000000000001032,0.0010000000000001032,2,8,config_123f3ba11791c1f0,additive,,,expanded_welch,normal_wald,1000,1000,197,0.05,0,1,pair_306fc3ab0cab1620,0.0048,-0.0148,0.005,first,same_skew,-0.005,200,8,8x8,0.0,13080748176647870344,0.001,0.001
0.019999999999999993,9.999999999998935e-05,0.020099999999999982,62,8,config_12b5bb760b84fce0,additive,,,expanded_welch,normal_wald,1000,1000,132,0.05,0,6,pair_45553e92e4cba47d,-0.006298489329998373,-0.053701510670001625,0.012092607484694708,first,different_skew,-0.03,200,8,8x8,0.019999999999999993,7078491163488451381,0.0001,0.0201
3.5778671692021646e-17,9.999999999999766e-05,0.00010000000000003344,0,3,config_12e7438345ee8df8,additive,,,expanded_welch,normal_wald,1000,1000,200,0.05,0,0,pair_b1768989ebd518b8,0.0,0.0,0.0,first,different_skew,0.0,200,3,3x3,3.5778671692021646e-17,11052947691699331956,0.0001,0.0001
0.020000000000000028,0.0009999999999999907,0.02100000000000002,140,5,config_14b3382142c1d780,additive,,,expanded_welch,normal_wald,1000,1000,53,0.05,0,7,pair_44cef6e67e7baa50,-0.009465508596091417,-0.06053449140390859,0.013027801736688055,first,uniform,-0.035,200,5,5x5,0.020000000000000028,1029608616571982037,0.001,0.021
0.0,0.019999999999999872,0.019999999999999872,0,5,config_14c8f00471edb1ec,additive,,,expanded_welch,normal_wald,2,2,200,0.05,0,0,pair_0e678b31b33a4770,0.0,0.0,0.0,first,same_skew,0.0,200,5,5x5,0.0,17294330586980017276,0.02,0.02
0.0,0.019999999999999934,0.019999999999999934,3,3,config_167c9d35af4b8f30,additive,,,expanded_welch,normal_wald,20,20,194,0.05,0,3,pair_761884f94b823d99,0.001888585541958216,-0.03188858554195821,0.008616625276509294,first,uniform,-0.015,200,2,2x3,0.0,10524490571140087897,0.02,0.02
0.01999999999999991,0.00010000000000038919,0.020100000000000298,83,8,config_16e54d5bd8222a98,loglinear,,,expanded_welch,normal_wald,1000,1000,113,0.05,0,4,pair_4804ab452a08bf90,-0.000548299734571267,-0.039451700265428734,0.009924336870116702,first,uniform,-0.02,200,8,8x8,0.01999999999999991,712583629117860464,0.0001,0.0201
0.19999999999999993,0.01999999999999999,0.21999999999999992,200,3,config_17905a56d6114bd2,additive,,,expanded_welch,normal_wald,1000,1000,0,0.05,0,0,pair_6174d1bdd29a7695,0.0,0.0,0.0,first,uniform,0.0,200,3,3x3,0.19999999999999993,6441048614552898501,0.02,0.22
0.0,0.00010000000000000011,0.00010000000000000011,0,5,config_17dc85a3f32ef75d,additive,,,expanded_welch,normal_wald,1000,1000,199,0.05,0,1,pair_a1e0a47621ca83d1,0.0048,-0.0148,0.005,first,uniform,-0.005,200,5,5x5,0.0,9861647097861174442,0.0001,0.0001
5.941427905220564e-17,9.999999999994985e-06,9.99999999993557e-06,0,2,config_183f00b01b7fbac7,additive,0.9,0.95,expanded_welch,normal_wald,10000,10000,200,0.05,0,0,pair_651d054b17f190e1,0.0,0.0,0.0,first,custom_extreme,0.0,200,2,2x2,-5.941427905220564e-17,17269381296038118079,1e-05,1e-05
0.01999999999999999,0.0010000000000000338,0.021000000000000026,4,2,config_1983b535b128a965,additive,,,expanded_welch,normal_wald,20,20,194,0.05,0,2,pair_7cc32c477d8083fb,0.0038244267103322137,-0.023824426710332212,0.007053278933842966,first,different_skew,-0.01,200,2,2x2,0.01999999999999999,6877517788506427418,0.001,0.021
1.145154663369924e-16,9.999999999821938e-06,9.999999999936453e-06,0,8,config_1995626d76fb2a5a,additive,0.999,0.9995,expanded_welch,normal_wald,1,1,200,0.05,0,0,pair_2dad3ca2683b2a82,0.0,0.0,0.0,first,custom_extreme,0.0,200,8,8x8,1.145154663369924e-16,14191868666241588053,1e-05,1e-05
0.0,9.999999999999289e-05,9.999999999999289e-05,2,8,config_19bd4fb4c8f30e39,additive,,,expanded_welch,normal_wald,1000,1000,198,0.05,0,0,pair_8a97b40b75d5d5c1,0.0,0.0,0.0,first,uniform,0.0,200,8,8x8,0.0,10229764317948065374,0.0001,0.0001
0.0019999999999999866,9.999999999999083e-05,0.0020999999999999773,9,5,config_1a775bc52510f687,additive,,,expanded_welch,normal_wald,20,20,186,0.05,0,5,pair_7a7067c99513071b,-0.00330788763874142,-0.046692112361258586,0.011067404265948256,spread,different_skew,-0.025,200,5,5x5,0.0019999999999999866,15150071891555897184,0.0001,0.0021
1.8250171881541155e-17,9.999999999872636e-06,9.999999999890886e-06,0,3,config_1aad1302d3bb0031,additive,0.99,0.995,expanded_welch,normal_wald,1,1,200,0.05,0,0,pair_e3f133e5234fa83e,0.0,0.0,0.0,first,custom_extreme,0.0,200,3,3x3,1.8250171881541155e-17,2087803910320441669,1e-05,1e-05
0.20000000000000007,0.01999999999999995,0.22000000000000003,58,2,config_1b35c8c2c4951694,additive,,,expanded_welch,normal_wald,20,20,128,0.05,0,14,pair_689f96ab35e3746e,-0.03454969080373836,-0.10545030919626165,0.01808689244707227,first,same_skew,-0.07,200,2,2x2,0.20000000000000007,8953042745215893410,0.02,0.22
2.7755575615628914e-17,0.01999999999999983,0.019999999999999858,10,3,config_1b6b2afc5ccb1291,additive,,,expanded_welch,normal_wald,1000,1000,189,0.05,0,1,pair_fb6e4c79f03f599b,0.0048,-0.0148,0.005,first,different_skew,-0.005,200,3,3x3,2.7755575615628914e-17,3966191553827390393,0.02,0.02
1.5504091066542713e-16,0.0009999999999998953,0.0010000000000000503,9,5,config_1be92660b5af450c,additive,,,expanded_welch,normal_wald,20,20,185,0.05,0,6,pair_c27680a23093ebc0,-0.006298489329998373,-0.053701510670001625,0.012092607484694708,first,different_skew,-0.03,200,5,5x5,1.5504091066542713e-16,14953651627485846858,0.001,0.001
0.020000000000000157,0.040000000000000105,0.01999999999999995,40,2,config_1c050eae3879bb13,additive,,,expanded_welch,normal_wald,500,500,159,0.05,0,1,pair_41722fa5e7e85a85,0.0048,-0.0148,0.005,first,different_skew,-0.005,200,2,2x2,-0.020000000000000157,7170975632058325947,0.04,0.02
0.019999999999999594,0.019999999999999997,0.03999999999999959,39,8,config_1c2bd31b023c0f9a,additive,,,expanded_welch,normal_wald,1000,1000,159,0.05,0,2,pair_9584ef4a7c5207d0,0.0038244267103322137,-0.023824426710332212,0.007053278933842966,first,same_skew,-0.01,200,8,8x8,0.019999999999999594,2255473432170600101,0.02,0.04
0.019999999999999997,0.0,0.019999999999999997,86,8,config_1c5e8f8dd6480ea8,additive,,,expanded_welch,normal_wald,1000,1000,111,0.05,0,3,pair_3bc05e13f5f5fdd0,0.001888585541958216,-0.03188858554195821,0.008616625276509294,first,uniform,-0.015,200,8,8x8,0.019999999999999997,11116080890882328011,0.0,0.02
9.680570147579948e-17,0.00010000000000001779,0.00010000000000011459,1,8,config_1c78c4ece2ef7df5,additive,,,expanded_welch,normal_wald,50000,50000,199,0.05,0,0,pair_7ec3afc29050afcc,0.0,0.0,0.0,rare,different_skew,0.0,200,8,8x8,9.680570147579948e-17,4487279654864424976,0.0001,0.0001
0.02000000000000001,0.019999999999999997,0.04000000000000001,0,8,config_1d6f357dba1ac88e,additive,,,expanded_welch,normal_wald,2,2,200,0.05,0,0,pair_5b37ff86eea397f4,0.0,0.0,0.0,first,uniform,0.0,200,8,8x8,0.02000000000000001,10930888470931851362,0.02,0.04
0.01999999999999979,0.0010000000000003517,0.02100000000000014,64,8,config_1d8a2631014ae088,additive,,,expanded_welch,normal_wald,1000,1000,132,0.05,0,4,pair_028ce0ffa99b3aba,-0.000548299734571267,-0.039451700265428734,0.009924336870116702,first,different_skew,-0.02,200,8,8x8,0.01999999999999979,15689062888323689316,0.001,0.021
0.0,0.019999999999999993,0.019999999999999993,12,5,config_1d9ac77b6fb4ca55,additive,,,expanded_welch,normal_wald,50000,50000,188,0.05,0,0,pair_489238afbcfc259d,0.0,0.0,0.0,first,uniform,0.0,200,5,5x5,0.0,12346296910653702258,0.02,0.02
0.0002000000000002707,9.999999999872636e-06,0.00021000000000014334,16,3,config_1ddf25806878aa10,additive,0.99,0.995,expanded_welch,normal_wald,10000,10000,184,0.05,0,0,pair_ac56121498ba01cf,0.0,0.0,0.0,first,custom_extreme,0.0,200,3,3x3,0.0002000000000002707,2938909299438104866,1e-05,0.00021
4.163336342344337e-17,0.019999999999999907,0.01999999999999995,2,2,config_1e065a6d4aba5a1f,additive,,,expanded_welch,normal_wald,20,20,197,0.05,0,1,pair_308be584e4c09575,0.0048,-0.0148,0.005,first,different_skew,-0.005,200,2,2x2,4.163336342344337e-17,1463404465272755439,0.02,0.02
0.020000000000000046,0.01999999999999995,0.039999999999999994,0,2,config_1eb64ef93e640aee,additive,,,expanded_welch,normal_wald,2,2,200,0.05,0,0,pair_6efac570a6eb6806,0.0,0.0,0.0,first,same_skew,0.0,200,2,2x2,0.020000000000000046,11656752435084253215,0.02,0.04
1.1102230246251565e-16,0.020000000000000108,0.019999999999999997,8,8,config_1ec09212c938ce11,additive,,,expanded_welch,normal_wald,50000,50000,192,0.05,0,0,pair_3081fe9cc66e6ec5,0.0,0.0,0.0,first,different_skew,0.0,200,8,8x8,-1.1102230246251565e-16,5754776515875871690,0.02,0.02
1.2770376932574184e-16,9.99999999992635e-06,1.0000000000054053e-05,0,3,config_1fbc826801bd8807,additive,0.9,0.95,expanded_welch,normal_wald,1,1,200,0.05,0,0,pair_b59e2fddaa85cd47,0.0,0.0,0.0,first,custom_extreme,0.0,200,3,3x3,1.2770376932574184e-16,13094182123346280029,1e-05,1e-05
0.0,0.019999999999999997,0.019999999999999997,12,8,config_201acf17fbfeb25d,additive,,,expanded_welch,normal_wald,50000,50000,188,0.05,0,0,pair_6271495019b80969,0.0,0.0,0.0,first,same_skew,0.0,200,8,8x8,0.0,4050085802906159116,0.02,0.02
0.0,0.00010000000000038919,0.00010000000000038919,13,8,config_206161956c89f816,loglinear,,,expanded_welch,normal_wald,20,20,181,0.05,0,6,pair_a8267cf72c8e3f75,-0.006298489329998373,-0.053701510670001625,0.012092607484694708,first,uniform,-0.03,200,8,8x8,0.0,7541251791529803303,0.0001,0.0001
0.020000000000000046,0.039999999999999994,0.01999999999999995,35,2,config_207c09b911438b49,additive,,,expanded_welch,normal_wald,500,500,157,0.05,0,8,pair_9f1671945034e087,-0.012773291268651135,-0.06722670873134887,0.013891177924157585,first,same_skew,-0.04,200,2,2x2,-0.020000000000000046,5536093543413026044,0.04,0.02
0.02000000000000017,0.01999999999999985,0.04000000000000002,2,2,config_20eaf232d9810c72,additive,,,expanded_welch,normal_wald,50,50,198,0.05,0,0,pair_f92afa0319e6f637,0.0,0.0,0.0,first,uniform,0.0,200,2,2x2,0.02000000000000017,2172885717842135736,0.02,0.04
1.214306433183765e-16,0.019999999999999993,0.019999999999999872,8,5,config_21ba225dff5598d8,additive,,,expanded_welch,normal_wald,50000,50000,192,0.05,0,0,pair_8530c1b9f8c78768,0.0,0.0,0.0,first,different_skew,0.0,200,5,5x5,-1.214306433183765e-16,8277101801432950970,0.02,0.02
0.0,0.019999999999999997,0.019999999999999997,3,8,config_2208af6ed7c35469,additive,,,expanded_welch,normal_wald,500,500,196,0.05,0,1,pair_6271495019b80969,0.0048,-0.0148,0.005,first,same_skew,-0.005,200,8,8x8,0.0,14458232433478297466,0.02,0.02
0.00020000000000001362,1.000000000002521e-05,0.00021000000000003882,0,2,config_221dbe1f0174e980,additive,0.999,0.9995,expanded_welch,normal_wald,1,1,200,0.05,0,0,pair_eefd505e658625b8,0.0,0.0,0.0,first,custom_extreme,0.0,200,2,2x2,0.00020000000000001362,13611214534714553655,1e-05,0.00021
0.02000000000000008,0.019999999999999914,0.039999999999999994,76,3,config_234a6dfe2a8c16f9,additive,,,expanded_welch,normal_wald,1000,1000,120,0.05,0,4,pair_02f6cb63c11f31a4,-0.000548299734571267,-0.039451700265428734,0.009924336870116702,first,same_skew,-0.02,200,2,2x3,0.02000000000000008,9733452079227763905,0.02,0.04
0.02000000000000012,0.019999999999999813,0.03999999999999993,7,5,config_23d2219b11f5c912,additive,,,expanded_welch,normal_wald,20,20,189,0.05,0,4,pair_995c0f49944b23b1,-0.000548299734571267,-0.039451700265428734,0.009924336870116702,first,different_skew,-0.02,200,3,3x5,0.02000000000000012,6205255132284553307,0.02,0.04
0.19999999999999993,0.01999999999999999,0.21999999999999992,56,3,config_247e4c64ce9effbb,additive,,,expanded_welch,normal_wald,20,20,124,0.05,0,20,pair_6174d1bdd29a7695,-0.05831778514550986,-0.14168221485449015,0.021266436150250076,first,uniform,-0.1,200,3,3x3,0.19999999999999993,7547530577711577626,0.02,0.22
0.0,0.020000000000000406,0.020000000000000406,12,8,config_24e1b7f28a35dc11,loglinear,,,expanded_welch,normal_wald,20,20,186,0.05,0,2,pair_34c2f7b822c0edb8,0.0038244267103322137,-0.023824426710332212,0.007053278933842966,first,uniform,-0.01,200,8,8x8,0.0,37349827726443894,0.02,0.02
3.2959746043559335e-17,0.0010000000000000338,0.0010000000000000668,1,2,config_24fab944fed1794e,additive,,,expanded_welch,normal_wald,20,20,197,0.05,0,2,pair_031e6b59e8a5a396,0.0038244267103322137,-0.023824426710332212,0.007053278933842966,first,different_skew,-0.01,200,2,2x2,3.2959746043559335e-17,74645525784926701,0.001,0.001
0.01999999999999995,0.0,0.01999999999999995,181,2,config_25806208d76427f6,additive,,,expanded_welch,normal_wald,1000,1000,10,0.05,0,9,pair_2aa0194ab390e9b2,-0.0161970164861957,-0.0738029835138043,0.01469539975194097,first,same_skew,-0.045,200,2,2x2,0.01999999999999995,489912611320720669,0.0,0.02
0.0,0.019999999999999993,0.019999999999999993,0,5,config_25b40f2f2a7fffe6,additive,,,expanded_welch,normal_wald,2,2,200,0.05,0,0,pair_489238afbcfc259d,0.0,0.0,0.0,first,uniform,0.0,200,5,5x5,0.0,12830338652492115066,0.02,0.02
1.2462734566131423e-16,1.000000000002521e-05,9.999999999900583e-06,0,2,config_25ecbece765957c1,additive,0.999,0.9995,expanded_welch,normal_wald,1,1,200,0.05,0,0,pair_f939eff0c7dd3f67,0.0,0.0,0.0,first,custom_extreme,0.0,200,2,2x2,-1.2462734566131423e-16,224854955114737858,1e-05,1e-05
0.019999999999999962,9.999999999999766e-05,0.020099999999999958,150,3,config_270a78ecd5873d30,additive,,,expanded_welch,normal_wald,1000,1000,29,0.05,0,21,pair_830adf4af45e859c,-0.06240724812174243,-0.14759275187825757,0.021730995856253862,first,different_skew,-0.105,200,3,3x3,0.019999999999999962,14768163869908623270,0.0001,0.0201
0.020000000000000472,9.999999999950543e-05,0.02009999999999998,16,5,config_2751a0f4628788c5,loglinear,,,expanded_welch,normal_wald,20,20,181,0.05,0,3,pair_d5737633c2c7847b,0.001888585541958216,-0.03188858554195821,0.008616625276509294,first,uniform,-0.015,200,5,5x5,0.020000000000000472,17130371658127246265,0.0001,0.0201
0.01999999999999989,0.019999999999999993,0.03999999999999988,12,5,config_27c1ecae207202e3,additive,,,expanded_welch,normal_wald,50,50,185,0.05,0,3,pair_9444938a7041d7e8,0.001888585541958216,-0.03188858554195821,0.008616625276509294,first,different_skew,-0.015,200,5,5x5,0.01999999999999989,4732353738390555106,0.02,0.04
0.020000000000000344,0.019999999999999817,0.04000000000000016,59,5,config_283629a95760ed95,loglinear,,,expanded_welch,normal_wald,1000,1000,134,0.05,0,7,pair_13ce026f1e6cdf08,-0.009465508596091417,-0.06053449140390859,0.013027801736688055,first,different_skew,-0.035,200,5,5x5,0.020000000000000344,15329574855859165247,0.02,0.04
0.020000000000000073,0.019999999999999907,0.03999999999999998,47,8,config_28d60f957a4b121f,loglinear,,,expanded_welch,normal_wald,1000,1000,149,0.05,0,4,pair_3483599cf91e430f,-0.000548299734571267,-0.039451700265428734,0.009924336870116702,first,different_skew,-0.02,200,8,8x8,0.020000000000000073,11035464059395001023,0.02,0.04
0.0,9.999999999999289e-05,9.999999999999289e-05,3,8,config_29446fdb6da0e63a,additive,,,expanded_welch,normal_wald,50000,50000,197,0.05,0,0,pair_8a97b40b75d5d5c1,0.0,0.0,0.0,first,uniform,0.0,200,8,8x8,0.0,12205017731045428727,0.0001,0.0001
0.019999999999999924,0.00010000000000003344,0.020099999999999958,3,3,config_29d498a386bd6277,additive,,,expanded_welch,normal_wald,20,20,197,0.05,0,0,pair_f19c43ce73f8850a,0.0,0.0,0.0,first,same_skew,0.0,200,3,3x3,0.019999999999999924,17359660720956265472,0.0001,0.0201
0.0,0.00010000000000007877,0.00010000000000007877,3,5,config_2afc7a0b315b0439,additive,,,expanded_welch,normal_wald,1000,1000,194,0.05,0,3,pair_0b60debe118a6b51,0.001888585541958216,-0.03188858554195821,0.008616625276509294,first,same_skew,-0.015,200,5,5x5,0.0,4328274945340849478,0.0001,0.0001
0.02000000000000017,0.01999999999999985,0.04000000000000002,84,2,config_2b62fe971dca8d78,additive,,,expanded_welch,normal_wald,1000,1000,115,0.05,0,1,pair_f92afa0319e6f637,0.0048,-0.0148,0.005,first,uniform,-0.005,200,2,2x2,0.02000000000000017,1484758466886285075,0.02,0.04
0.01999999999999901,9.999999999990407e-05,0.020099999999998917,63,8,config_2bf5ecd7100aafc6,loglinear,,,expanded_welch,normal_wald,1000,1000,133,0.05,0,4,pair_0a6a43b82629c0d8,-0.000548299734571267,-0.039451700265428734,0.009924336870116702,first,different_skew,-0.02,200,8,8x8,0.01999999999999901,12243862448714445403,0.0001,0.0201
0.0,0.019999999999999993,0.019999999999999993,6,5,config_2c1cfa826b349579,additive,,,expanded_welch,normal_wald,1000,1000,193,0.05,0,1,pair_489238afbcfc259d,0.0048,-0.0148,0.005,first,uniform,-0.005,200,5,5x5,0.0,6168755880460042950,0.02,0.02
0.02000000000000001,0.019999999999999872,0.03999999999999988,11,5,config_2c7b0c92fac8b38e,additive,,,expanded_welch,normal_wald,20,20,186,0.05,0,3,pair_7ce1d258fd1cfc5a,0.001888585541958216,-0.03188858554195821,0.008616625276509294,first,same_skew,-0.015,200,5,5x5,0.02000000000000001,12906986228315886047,0.02,0.04
0.00019999999999967591,1.0000000000155094e-05,0.000209999999999831,8,2,config_2d5e2e013a39e559,additive,0.99,0.995,expanded_welch,normal_wald,10000,10000,186,0.05,0,6,pair_0fe5722ea6956997,-0.006298489329998373,-0.053701510670001625,0.012092607484694708,first,custom_extreme,-0.03,200,2,2x2,0.00019999999999967591,15544364394803990971,1e-05,0.00021
0.00020000000000023295,9.99999999977034e-06,0.0002100000000000033,0,8,config_2dd63df1e8adb75a,additive,0.9,0.95,expanded_welch,normal_wald,1,1,200,0.05,0,0,pair_0d9d79f849253936,0.0,0.0,0.0,first,custom_extreme,0.0,200,8,8x8,0.00020000000000023295,16210024311044512655,1e-05,0.00021
1.3877787807814457e-17,0.0199999999999999,0.019999999999999914,8,3,config_2e9c99ce1fb62f5d,additive,,,expanded_welch,normal_wald,1000,1000,190,0.05,0,2,pair_adee54f9462e2fac,0.0038244267103322137,-0.023824426710332212,0.007053278933842966,first,different_skew,-0.01,200,2,2x3,1.3877787807814457e-17,4774832741388019024,0.02,0.02
1.8250171881541155e-17,9.999999999872636e-06,9.999999999890886e-06,39,3,config_2ece1be9519e97cb,additive,0.99,0.995,expanded_welch,normal_wald,10000,10000,161,0.05,0,0,pair_e3f133e5234fa83e,0.0,0.0,0.0,first,custom_extreme,0.0,200,3,3x3,1.8250171881541155e-17,10126187274372815548,1e-05,1e-05
0.0,0.01999999999999985,0.01999999999999985,5,2,config_303bed946ffe6b86,additive,,,expanded_welch,normal_wald,500,500,194,0.05,0,1,pair_0a0e0f72610302eb,0.0048,-0.0148,0.005,first,uniform,-0.005,200,2,2x2,0.0,7955003001878188334,0.02,0.02
0.0,0.019999999999999997,0.019999999999999997,10,8,config_313a5e5c05280f9e,additive,,,expanded_welch,normal_wald,20,20,185,0.05,0,5,pair_57c0709ba92e2e9a,-0.00330788763874142,-0.046692112361258586,0.011067404265948256,first,uniform,-0.025,200,8,8x8,0.0,5402229372861789595,0.02,0.02
1.1102230246251565e-16,0.020000000000000108,0.019999999999999997,29,8,config_316fde9cfdd3e098,additive,,,expanded_welch,normal_wald,20,20,162,0.05,0,9,pair_3081fe9cc66e6ec5,-0.0161970164861957,-0.0738029835138043,0.01469539975194097,first,different_skew,-0.045,200,8,8x8,-1.1102230246251565e-16,3360862219801869202,0.02,0.02
0.0,0.001000000000000027,0.001000000000000027,0,3,config_31889ec0b56d2686,additive,,,expanded_welch,normal_wald,1000,1000,200,0.05,0,0,pair_faa75fd605e6c5c4,0.0,0.0,0.0,first,uniform,0.0,200,3,3x3,0.0,233234774345287940,0.001,0.001
0.020000000000000198,9.999999999979871e-05,0.020099999999999996,108,5,config_31c56b4677666a10,loglinear,,,expanded_welch,normal_wald,1000,1000,78,0.05,0,14,pair_f3050fed91456f6e,-0.03454969080373836,-0.10545030919626165,0.01808689244707227,first,different_skew,-0.07,200,5,5x5,0.020000000000000198,12280527404676538581,0.0001,0.0201
0.0,9.999999999997034e-05,9.999999999997034e-05,3,2,config_34014c4af93add6b,additive,,,expanded_welch,normal_wald,50000,50000,193,0.05,0,4,pair_ad832910536bb3a6,-0.000548299734571267,-0.039451700265428734,0.009924336870116702,first,same_skew,-0.02,200,2,2x2,0.0,17741730507296446716,0.0001,0.0001
1.3444106938820255e-17,9.99999999999569e-05,9.999999999997034e-05,0,2,config_347648880c2628d3,additive,,,expanded_welch,normal_wald,1000,1000,200,0.05,0,0,pair_f3732ebcaf2f6745,0.0,0.0,0.0,first,different_skew,0.0,200,2,2x2,1.3444106938820255e-17,9058953940309754559,0.0001,0.0001
0.019999999999999993,9.999999999998935e-05,0.020099999999999982,27,8,config_347d28e13034d4a7,additive,,,expanded_welch,normal_wald,20,20,164,0.05,0,9,pair_45553e92e4cba47d,-0.0161970164861957,-0.0738029835138043,0.01469539975194097,first,different_skew,-0.045,200,8,8x8,0.019999999999999993,5098983286893491339,0.0001,0.0201
0.0020000000000000686,9.999999999999766e-05,0.0021000000000000662,2,3,config_34abb9f9f7de7a45,additive,,,expanded_welch,normal_wald,20,20,194,0.05,0,4,pair_6d43b284da3e2d07,-0.000548299734571267,-0.039451700265428734,0.009924336870116702,first,different_skew,-0.02,200,3,3x3,0.0020000000000000686,5540283348684410381,0.0001,0.0021
0.020000000000000046,0.01999999999999995,0.039999999999999994,4,2,config_359414319f8fb7d3,additive,,,expanded_welch,normal_wald,50,50,195,0.05,0,1,pair_6efac570a6eb6806,0.0048,-0.0148,0.005,first,same_skew,-0.005,200,2,2x2,0.020000000000000046,13350183473426295792,0.02,0.04
0.001999999999999918,0.00010000000000004715,0.002099999999999965,15,5,config_363856d8095eb268,additive,,,expanded_welch,normal_wald,20,20,181,0.05,0,4,pair_13fa4fb8e73de851,-0.000548299734571267,-0.039451700265428734,0.009924336870116702,rare,different_skew,-0.02,200,5,5x5,0.001999999999999918,15620251976761111466,0.0001,0.0021
0.020000000000000046,0.01999999999999995,0.039999999999999994,33,2,config_36596abaf72a8f5b,additive,,,expanded_welch,normal_wald,500,500,166,0.05,0,1,pair_6efac570a6eb6806,0.0048,-0.0148,0.005,first,same_skew,-0.005,200,2,2x2,0.020000000000000046,1325998717018634518,0.02,0.04
1.8636080092310214e-16,9.999999999990407e-05,0.00010000000000009043,2,8,config_371004606c86f6c3,loglinear,,,expanded_welch,normal_wald,1000,1000,196,0.05,0,2,pair_dbd3e93402b7e897,0.0038244267103322137,-0.023824426710332212,0.007053278933842966,first,different_skew,-0.01,200,8,8x8,1.8636080092310214e-16,10992256706435823428,0.0001,0.0001
0.20000000000000007,0.01999999999999995,0.22000000000000003,200,2,config_37a9e928e015497e,additive,,,expanded_welch,normal_wald,1000,1000,0,0.05,0,0,pair_689f96ab35e3746e,0.0,0.0,0.0,first,same_skew,0.0,200,2,2x2,0.20000000000000007,3245590781654553180,0.02,0.22
0.0,9.999999999950543e-05,9.999999999950543e-05,0,5,config_38a53e39efe0e8ba,loglinear,,,expanded_welch,normal_wald,1000,1000,199,0.05,0,1,pair_75c3984a44eb9b8b,0.0048,-0.0148,0.005,first,uniform,-0.005,200,5,5x5,0.0,11545532041648426330,0.0001,0.0001
0.020000000000000046,0.01999999999999995,0.039999999999999994,9,2,config_3a38f3c24c868319,additive,,,expanded_welch,normal_wald,20,20,187,0.05,0,4,pair_6efac570a6eb6806,-0.000548299734571267,-0.039451700265428734,0.009924336870116702,first,same_skew,-0.02,200,2,2x2,0.020000000000000046,12466689313813832200,0.02,0.04
1.1102230246251565e-16,0.020000000000000108,0.019999999999999997,0,8,config_3a88094163a8b96f,additive,,,expanded_welch,normal_wald,2,2,200,0.05,0,0,pair_3081fe9cc66e6ec5,0.0,0.0,0.0,first,different_skew,0.0,200,8,8x8,-1.1102230246251565e-16,17892953313528602792,0.02,0.02
0.01999999999999936,0.020000000000000406,0.039999999999999765,50,8,config_3b4596a442e85178,loglinear,,,expanded_welch,normal_wald,1000,1000,149,0.05,0,1,pair_f377a7a89731562f,0.0048,-0.0148,0.005,first,uniform,-0.005,200,8,8x8,0.01999999999999936,18018090151281365062,0.02,0.04
0.0,0.019999999999999858,0.019999999999999858,6,3,config_3b8e50dc0ecbd1ec,additive,,,expanded_welch,normal_wald,20,20,191,0.05,0,3,pair_40257b980c2277a5,0.001888585541958216,-0.03188858554195821,0.008616625276509294,first,same_skew,-0.015,200,3,3x3,0.0,16436150438104954897,0.02,0.02
0.00020000000000006964,9.99999999991951e-06,0.00020999999999998914,6,3,config_3ba80e972384cf37,additive,0.999,0.9995,expanded_welch,normal_wald,10000,10000,169,0.05,0,25,pair_cf8c16c03a70b00c,-0.07904967725027363,-0.17095032274972638,0.023444042219248146,first,custom_extreme,-0.125,200,3,3x3,0.00020000000000006964,7683057916215520911,1e-05,0.00021
1.1102230246251565e-16,0.020000000000000108,0.019999999999999997,4,8,config_3bea792a31c1065c,additive,,,expanded_welch,normal_wald,500,500,193,0.05,0,3,pair_3081fe9cc66e6ec5,0.001888585541958216,-0.03188858554195821,0.008616625276509294,first,different_skew,-0.015,200,8,8x8,-1.1102230246251565e-16,2744675682189150460,0.02,0.02
0.019999999999999813,0.019999999999999993,0.03999999999999981,87,5,config_3c66013c02274dd9,additive,,,expanded_welch,normal_wald,1000,1000,109,0.05,0,4,pair_45f2b342723736ae,-0.000548299734571267,-0.039451700265428734,0.009924336870116702,first,uniform,-0.02,200,5,5x5,0.019999999999999813,10079032750601077055,0.02,0.04
0.01999999999999996,9.99999999999569e-05,0.020099999999999917,1,2,config_3cc4966d12724016,additive,,,expanded_welch,normal_wald,20,20,198,0.05,0,1,pair_5a3025e039d8fc4f,0.0048,-0.0148,0.005,first,different_skew,-0.005,200,2,2x2,0.01999999999999996,17210358514681848577,0.0001,0.0201
2.484991379336776e-16,0.0010000000000003517,0.0010000000000001032,24,8,config_3daf943ef1feed8c,additive,,,expanded_welch,normal_wald,20,20,168,0.05,0,8,pair_81ad99dd579842f2,-0.012773291268651135,-0.06722670873134887,0.013891177924157585,first,different_skew,-0.04,200,8,8x8,-2.484991379336776e-16,17353562575786446673,0.001,0.001
0.0,0.0,0.0,0,2,config_3df67aae2fc2ed76,additive,,,expanded_welch,normal_wald,2,2,200,0.05,0,0,pair_5329160e6cee4e51,0.0,0.0,0.0,first,different_skew,0.0,200,2,2x2,0.0,6800919427629534498,0.0,0.0
9.999999999993047e-05,9.99999999992635e-06,0.00010999999999985682,0,3,config_401d3469ffe359cc,additive,0.9,0.95,expanded_welch,normal_wald,1,1,200,0.05,0,0,pair_204babdf9da6c75c,0.0,0.0,0.0,first,custom_extreme,0.0,200,3,3x3,9.999999999993047e-05,15786203055206792365,1e-05,0.00011
6.331740687315346e-17,0.00010000000000014209,0.00010000000000007877,0,5,config_404f810946552342,additive,,,expanded_welch,normal_wald,1000,1000,193,0.05,0,7,pair_ab54a9a79927cb3d,-0.009465508596091417,-0.06053449140390859,0.013027801736688055,first,different_skew,-0.035,200,5,5x5,-6.331740687315346e-17,5718921609653174197,0.0001,0.0001
8.648637361829963e-16,-1.0103029524088927e-16,7.63833440942107e-16,3,8,config_416a21883ce614cc,additive,,,expanded_welch,normal_wald,1000,1000,197,0.05,0,0,pair_4b83094b56e4bdd9,0.0,0.0,0.0,first,different_skew,0.0,200,8,8x8,8.648637361829963e-16,9706712837867358675,0.0,0.0
9.063930161978817e-17,9.99999999999248e-05,0.00010000000000001544,0,3,config_41735fdb7b2eb7f2,loglinear,,,expanded_welch,normal_wald,1000,1000,200,0.05,0,0,pair_ce1cdc6388a0bddc,0.0,0.0,0.0,first,different_skew,0.0,200,3,3x3,9.063930161978817e-17,4296959444596477097,0.0001,0.0001
0.019999999999999234,7.63833440942107e-16,0.019999999999999997,0,8,config_4196bb7919af8489,additive,,,expanded_welch,normal_wald,2,2,200,0.05,0,0,pair_8cdd467a21f68272,0.0,0.0,0.0,first,same_skew,0.0,200,8,8x8,0.019999999999999234,3825347533950354595,0.0,0.02
0.0,0.0010000000000001032,0.0010000000000001032,16,8,config_41e04f4d15cd16fa,additive,,,expanded_welch,normal_wald,20,20,181,0.05,0,3,pair_306fc3ab0cab1620,0.001888585541958216,-0.03188858554195821,0.008616625276509294,first,same_skew,-0.015,200,8,8x8,0.0,4042693992702155969,0.001,0.001
0.0,0.019999999999999993,0.019999999999999993,6,5,config_4292bfd4ad782a22,additive,,,expanded_welch,normal_wald,500,500,193,0.05,0,1,pair_489238afbcfc259d,0.0048,-0.0148,0.005,first,uniform,-0.005,200,5,5x5,0.0,9839915935990570269,0.02,0.02
0.019999999999999976,0.03999999999999985,0.019999999999999872,9,5,config_42f8c8fd2873b376,additive,,,expanded_welch,normal_wald,50,50,185,0.05,0,6,pair_d7217457e76b4c17,-0.006298489329998373,-0.053701510670001625,0.012092607484694708,first,different_skew,-0.03,200,5,5x5,-0.019999999999999976,1400632263419918725,0.04,0.02
0.20000000000000012,0.019999999999999907,0.22000000000000003,200,2,config_436acbd09211b374,additive,,,expanded_welch,normal_wald,1000,1000,0,0.05,0,0,pair_c4ed246236566b7c,0.0,0.0,0.0,first,different_skew,0.0,200,2,2x2,0.20000000000000012,6645863269644572302,0.02,0.22
0.01999999999999936,0.020000000000000406,0.039999999999999765,12,8,config_437030d4821f9f04,loglinear,,,expanded_welch,normal_wald,20,20,186,0.05,0,2,pair_f377a7a89731562f,0.0038244267103322137,-0.023824426710332212,0.007053278933842966,first,uniform,-0.01,200,8,8x8,0.01999999999999936,9551963772197179810,0.02,0.04
1.1102230246251565e-16,0.020000000000000108,0.019999999999999997,22,8,config_44d3ece9bf98c31b,additive,,,expanded_welch,normal_wald,50,50,171,0.05,0,7,pair_3081fe9cc66e6ec5,-0.009465508596091417,-0.06053449140390859,0.013027801736688055,first,different_skew,-0.035,200,8,8x8,-1.1102230246251565e-16,8341383601994450563,0.02,0.02
0.00020000000000053647,9.999999999821938e-06,0.00021000000000035842,6,8,config_45f224654c028ad7,additive,0.999,0.9995,expanded_welch,normal_wald,10000,10000,165,0.05,0,29,pair_e05f9077b1dab729,-0.09607885742386249,-0.1939211425761375,0.02495976662047832,first,custom_extreme,-0.145,200,8,8x8,0.00020000000000053647,8768993848588171557,1e-05,0.00021
4.786752591523502e-17,0.00010000000000004715,9.999999999999929e-05,15,5,config_46449618ca8c6b2e,additive,,,expanded_welch,normal_wald,20,20,175,0.05,0,10,pair_17e81997b1cc4634,-0.01971857295105459,-0.08028142704894542,0.015449707678033374,rare,different_skew,-0.05,200,5,5x5,-4.786752591523502e-17,8395381846684664651,0.0001,0.0001
0.0019999999999999367,0.0001000000000000523,0.002099999999999989,0,3,config_47aa1b07634bbb18,additive,,,expanded_welch,normal_wald,20,20,197,0.05,0,3,pair_3d616241f2c6e275,0.001888585541958216,-0.03188858554195821,0.008616625276509294,rare,different_skew,-0.015,200,3,3x3,0.0019999999999999367,3875085487369602021,0.0001,0.0021
0.0,0.019999999999999872,0.019999999999999872,9,5,config_4804849e6bc7f601,additive,,,expanded_welch,normal_wald,20,20,188,0.05,0,3,pair_0e678b31b33a4770,0.001888585541958216,-0.03188858554195821,0.008616625276509294,first,same_skew,-0.015,200,5,5x5,0.0,1700393737258587993,0.02,0.02
0.0,9.999999999994562e-05,9.999999999994562e-05,0,2,config_4845703ca6970d62,additive,,,expanded_welch,normal_wald,1000,1000,200,0.05,0,0,pair_4f79562663eb21be,0.0,0.0,0.0,first,uniform,0.0,200,2,2x2,0.0,1857545248442140749,0.0001,0.0001
0.020000000000000007,9.999999999999289e-05,0.0201,73,8,config_48f918d25489e3ac,additive,,,expanded_welch,normal_wald,1000,1000,125,0.05,0,2,pair_d71c530a055ff2f7,0.0038244267103322137,-0.023824426710332212,0.007053278933842966,first,uniform,-0.01,200,8,8x8,0.020000000000000007,14067606457595595366,0.0001,0.0201
2.489328188026718e-16,0.0010000000000000694,0.0009999999999998205,2,3,config_49e5583c9361c7f1,additive,,,expanded_welch,normal_wald,20,20,195,0.05,0,3,pair_db0c88431b1b00a3,0.001888585541958216,-0.03188858554195821,0.008616625276509294,first,different_skew,-0.015,200,3,3x3,-2.489328188026718e-16,17502479770600684862,0.001,0.001
0.0,0.019999999999999997,0.019999999999999997,0,8,config_4a627aeebbc0a559,additive,,,expanded_welch,normal_wald,2,2,200,0.05,0,0,pair_57c0709ba92e2e9a,0.0,0.0,0.0,first,uniform,0.0,200,8,8x8,0.0,3089620641650338940,0.02,0.02
0.01999999999999996,9.99999999999569e-05,0.020099999999999917,179,2,config_4a6fe68b7a5dab2c,additive,,,expanded_welch,normal_wald,1000,1000,11,0.05,0,10,pair_5a3025e039d8fc4f,-0.01971857295105459,-0.08028142704894542,0.015449707678033374,first,different_skew,-0.05,200,2,2x2,0.01999999999999996,5718135184008086252,0.0001,0.0201
3.2959746043559335e-17,0.0010000000000000338,0.0010000000000000668,0,2,config_4a7703161beb6c94,additive,,,expanded_welch,normal_wald,1000,1000,200,0.05,0,0,pair_031e6b59e8a5a396,0.0,0.0,0.0,first,different_skew,0.0,200,2,2x2,3.2959746043559335e-17,16706521409536980792,0.001,0.001
3.5778671692021646e-17,9.999999999999766e-05,0.00010000000000003344,2,3,config_4b264e8869c98a0d,additive,,,expanded_welch,normal_wald,50000,50000,196,0.05,0,2,pair_b1768989ebd518b8,0.0038244267103322137,-0.023824426710332212,0.007053278933842966,first,different_skew,-0.01,200,3,3x3,3.5778671692021646e-17,2738870933332688706,0.0001,0.0001
0.000200000000000096,9.999999999994985e-06,0.00021000000000009097,0,2,config_4b8dc62a086ba352,additive,0.9,0.95,expanded_welch,normal_wald,1,1,200,0.05,0,0,pair_4608b856ca721d73,0.0,0.0,0.0,first,custom_extreme,0.0,200,2,2x2,0.000200000000000096,13234812777983779194,1e-05,0.00021
0.020000000000000046,0.039999999999999994,0.01999999999999995,2,2,config_4c5bbea153c005c0,additive,,,expanded_welch,normal_wald,50,50,195,0.05,0,3,pair_9f1671945034e087,0.001888585541958216,-0.03188858554195821,0.008616625276509294,first,same_skew,-0.015,200,2,2x2,-0.020000000000000046,6309511150989967954,0.04,0.02
5.941427905220564e-17,9.999999999994985e-06,9.99999999993557e-06,0,2,config_4c6bf6abeec36959,additive,0.9,0.95,expanded_welch,normal_wald,1,1,200,0.05,0,0,pair_651d054b17f190e1,0.0,0.0,0.0,first,custom_extreme,0.0,200,2,2x2,-5.941427905220564e-17,3302467106249580791,1e-05,1e-05
0.0,0.0,0.0,0,2,config_4c805a919d9364cb,additive,,,expanded_welch,normal_wald,2,2,200,0.05,0,0,pair_db8c40d28e949494,0.0,0.0,0.0,first,same_skew,0.0,200,2,2x2,0.0,11231430261809979006,0.0,0.0
1.2247147740396258e-15,0.019999999999999907,0.019999999999998682,1,8,config_4e656c3f33983ff2,loglinear,,,expanded_welch,normal_wald,1000,1000,197,0.05,0,2,pair_4e935a4265313d0f,0.0038244267103322137,-0.023824426710332212,0.007053278933842966,first,different_skew,-0.01,200,8,8x8,-1.2247147740396258e-15,10508277943249779689,0.02,0.02
1.3444106938820255e-17,9.99999999999569e-05,9.999999999997034e-05,2,2,config_4e9808f84de44e81,additive,,,expanded_welch,normal_wald,50000,50000,198,0.05,0,0,pair_f3732ebcaf2f6745,0.0,0.0,0.0,first,different_skew,0.0,200,2,2x2,1.3444106938820255e-17,8865566648703665779,0.0001,0.0001
0.0,0.019999999999999858,0.019999999999999858,5,3,config_4eaf58ac2172693b,additive,,,expanded_welch,normal_wald,1000,1000,193,0.05,0,2,pair_40257b980c2277a5,0.0038244267103322137,-0.023824426710332212,0.007053278933842966,first,same_skew,-0.01,200,3,3x3,0.0,15303633108840544281,0.02,0.02
0.0,9.999999999950543e-05,9.999999999950543e-05,13,5,config_4f1f13f4d600f002,loglinear,,,expanded_welch,normal_wald,20,20,182,0.05,0,5,pair_75c3984a44eb9b8b,-0.00330788763874142,-0.046692112361258586,0.011067404265948256,first,uniform,-0.025,200,5,5x5,0.0,934491301279644415,0.0001,0.0001
0.0,0.01999999999999995,0.01999999999999995,0,2,config_4fa1b8764eb1feab,additive,,,expanded_welch,normal_wald,50,50,200,0.05,0,0,pair_cd3f51adc4b4ed85,0.0,0.0,0.0,first,same_skew,0.0,200,2,2x2,0.0,8946861756896517344,0.02,0.02
0.0,0.0,0.0,0,8,config_50240a317df31b69,additive,,,expanded_welch,normal_wald,1000,1000,200,0.05,0,0,pair_9d5a636b6388405d,0.0,0.0,0.0,first,uniform,0.0,200,8,8x8,0.0,14675716263629924762,0.0,0.0
9.999999999977946e-05,9.999999999999965e-06,0.00010999999999977944,0,8,config_50312e0173d06053,additive,0.9,0.95,expanded_welch,normal_wald,1,1,200,0.05,0,0,pair_b026b150200a484d,0.0,0.0,0.0,rare,custom_extreme,0.0,200,8,8x8,9.999999999977946e-05,11516732267633343605,1e-05,0.00011
1.1102230246251565e-16,0.020000000000000108,0.019999999999999997,3,8,config_509394888d3892ed,additive,,,expanded_welch,normal_wald,1000,1000,195,0.05,0,2,pair_3081fe9cc66e6ec5,0.0038244267103322137,-0.023824426710332212,0.007053278933842966,first,different_skew,-0.01,200,8,8x8,-1.1102230246251565e-16,12028461663141885601,0.02,0.02
0.019999999999999483,0.020000000000000108,0.03999999999999959,19,8,config_5188426362b5e209,additive,,,expanded_welch,normal_wald,50,50,173,0.05,0,8,pair_b02a3d46d9460b5c,-0.012773291268651135,-0.06722670873134887,0.013891177924157585,first,different_skew,-0.04,200,8,8x8,0.019999999999999483,16490570842553382660,0.02,0.04
0.20000000000000004,0.01999999999999983,0.21999999999999986,33,3,config_51edb711afb9dfdc,additive,,,expanded_welch,normal_wald,20,20,161,0.05,0,6,pair_136b94ec2a51d90f,-0.006298489329998373,-0.053701510670001625,0.012092607484694708,first,different_skew,-0.03,200,3,3x3,0.20000000000000004,12477528237814394494,0.02,0.22
0.0,0.00010000000000007877,0.00010000000000007877,5,5,config_521785bc9a979a4f,additive,,,expanded_welch,normal_wald,20,20,193,0.05,0,2,pair_0b60debe118a6b51,0.0038244267103322137,-0.023824426710332212,0.007053278933842966,first,same_skew,-0.01,200,5,5x5,0.0,797811000460344388,0.0001,0.0001
0.020000000000000046,0.01999999999999999,0.040000000000000036,43,3,config_525611f9af6f1f59,additive,,,expanded_welch,normal_wald,500,500,150,0.05,0,7,pair_39932089e73e894c,-0.009465508596091417,-0.06053449140390859,0.013027801736688055,first,uniform,-0.035,200,3,3x3,0.020000000000000046,5025528464335288562,0.02,0.04
0.02000000000000017,0.04000000000000002,0.01999999999999985,43,2,config_5266ebc17e3970bd,additive,,,expanded_welch,normal_wald,500,500,145,0.05,0,12,pair_310d7ffa029717aa,-0.027003408124824706,-0.09299659187517528,0.016834995854681272,first,uniform,-0.06,200,2,2x2,-0.02000000000000017,15497607457782909914,0.04,0.02
0.020000000000000028,0.0009999999999999907,0.02100000000000002,6,5,config_52c6104d629d4017,additive,,,expanded_welch,normal_wald,20,20,189,0.05,0,5,pair_44cef6e67e7baa50,-0.00330788763874142,-0.046692112361258586,0.011067404265948256,first,uniform,-0.025,200,5,5x5,0.020000000000000028,5587510426197615957,0.001,0.021
1.2462734566131423e-16,1.000000000002521e-05,9.999999999900583e-06,10,2,config_53c01c0baab3d765,additive,0.999,0.9995,expanded_welch,normal_wald,10000,10000,160,0.05,0,30,pair_f939eff0c7dd3f67,-0.10038824097891882,-0.19961175902108116,0.02531212194953121,first,custom_extreme,-0.15,200,2,2x2,-1.2462734566131423e-16,10068608358439095273,1e-05,1e-05
0.02000000000000001,0.019999999999999997,0.04000000000000001,9,8,config_54727a096f018329,additive,,,expanded_welch,normal_wald,20,20,189,0.05,0,2,pair_5b37ff86eea397f4,0.0038244267103322137,-0.023824426710332212,0.007053278933842966,first,uniform,-0.01,200,8,8x8,0.02000000000000001,14351534401419518831,0.02,0.04
0.0,0.0009999999999998205,0.0009999999999998205,0,3,config_54d3db05e1270259,additive,,,expanded_welch,normal_wald,1000,1000,200,0.05,0,0,pair_3add47497020f85f,0.0,0.0,0.0,first,same_skew,0.0,200,3,3x3,0.0,2731143887901948254,0.001,0.001
0.020000000000000177,0.019999999999999858,0.040000000000000036,0,3,config_5525d42046d49163,additive,,,expanded_welch,normal_wald,2,2,200,0.05,0,0,pair_e3af9cee70530be8,0.0,0.0,0.0,first,same_skew,0.0,200,3,3x3,0.020000000000000177,14612263179054948554,0.02,0.04
0.0,0.01999999999999993,0.01999999999999993,8,5,config_5530d6b44a402964,additive,,,expanded_welch,normal_wald,1000,1000,191,0.05,0,1,pair_545fbfbf1742477c,0.0048,-0.0148,0.005,first,same_skew,-0.005,200,3,3x5,0.0,8315324569649477056,0.02,0.02
0.020000000000000344,0.019999999999999817,0.04000000000000016,20,5,config_555bfe3e3025980d,loglinear,,,expanded_welch,normal_wald,20,20,174,0.05,0,6,pair_13ce026f1e6cdf08,-0.006298489329998373,-0.053701510670001625,0.012092607484694708,first,different_skew,-0.03,200,5,5x5,0.020000000000000344,14845956178093434018,0.02,0.04
0.0,0.01999999999999995,0.01999999999999995,7,2,config_56554a8a2b4f9f6f,additive,,,expanded_welch,normal_wald,50000,50000,193,0.05,0,0,pair_cd3f51adc4b4ed85,0.0,0.0,0.0,first,same_skew,0.0,200,2,2x2,0.0,17114096535509906688,0.02,0.02
0.01999999999999999,0.0001000000000000497,0.02010000000000004,5,3,config_56636d4413ad8d46,additive,,,expanded_welch,normal_wald,20,20,188,0.05,0,7,pair_e37c890386825c8c,-0.009465508596091417,-0.06053449140390859,0.013027801736688055,first,uniform,-0.035,200,3,3x3,0.01999999999999999,1608041365806736981,0.0001,0.0201
0.0,9.999999999994562e-05,9.999999999994562e-05,7,2,config_56be666dd22894b1,additive,,,expanded_welch,normal_wald,50000,50000,188,0.05,0,5,pair_4f79562663eb21be,-0.00330788763874142,-0.046692112361258586,0.011067404265948256,first,uniform,-0.025,200,2,2x2,0.0,16516684692477530186,0.0001,0.0001
0.0,0.0,0.0,0,8,config_575502c5750ec54a,additive,,,expanded_welch,normal_wald,2,2,200,0.05,0,0,pair_9d5a636b6388405d,0.0,0.0,0.0,first,uniform,0.0,200,8,8x8,0.0,9815640723423599632,0.0,0.0
0.02000000000000001,0.019999999999999997,0.04000000000000001,67,8,config_575da483e905b2f4,additive,,,expanded_welch,normal_wald,1000,1000,130,0.05,0,3,pair_5b37ff86eea397f4,0.001888585541958216,-0.03188858554195821,0.008616625276509294,first,uniform,-0.015,200,8,8x8,0.02000000000000001,9356514291662024623,0.02,0.04
0.019999999999999962,9.999999999999766e-05,0.020099999999999958,2,3,config_578e6633ccc4928d,additive,,,expanded_welch,normal_wald,20,20,196,0.05,0,2,pair_830adf4af45e859c,0.0038244267103322137,-0.023824426710332212,0.007053278933842966,first,different_skew,-0.01,200,3,3x3,0.019999999999999962,2470145236857771029,0.0001,0.0201
0.01999999999999995,0.0,0.01999999999999995,0,2,config_5983708f996cb2af,additive,,,expanded_welch,normal_wald,2,2,200,0.05,0,0,pair_e7d4865bbfc38b41,0.0,0.0,0.0,first,different_skew,0.0,200,2,2x2,0.01999999999999995,3020692759832572203,0.0,0.02
0.001999999999999634,0.00010000000000019871,0.002099999999999833,2,8,config_5a9a0bf5bb4d2d90,additive,,,expanded_welch,normal_wald,1000,1000,198,0.05,0,0,pair_e56962af110cd109,0.0,0.0,0.0,spread,different_skew,0.0,200,8,8x8,0.001999999999999634,7436541607849636397,0.0001,0.0021
0.0,0.019999999999999858,0.019999999999999858,7,3,config_5abd2daf2de06412,additive,,,expanded_welch,normal_wald,50000,50000,193,0.05,0,0,pair_40257b980c2277a5,0.0,0.0,0.0,first,same_skew,0.0,200,3,3x3,0.0,8405242974494806095,0.02,0.02
0.0,0.01999999999999974,0.01999999999999974,11,3,config_5b7abedb47fae28b,loglinear,,,expanded_welch,normal_wald,1000,1000,187,0.05,0,2,pair_535f2ae31638c331,0.0038244267103322137,-0.023824426710332212,0.007053278933842966,first,uniform,-0.01,200,3,3x3,0.0,10796323665424370687,0.02,0.02
1.2389720326078102e-16,9.999999999998935e-05,0.00010000000000011325,1,8,config_5c383040a59e8425,additive,,,expanded_welch,normal_wald,1000,1000,198,0.05,0,1,pair_84b4c2fa979853ff,0.0048,-0.0148,0.005,first,different_skew,-0.005,200,8,8x8,1.2389720326078102e-16,17930425003846547740,0.0001,0.0001
0.0,0.0010000000000000668,0.0010000000000000668,0,2,config_5c44b5454328232b,additive,,,expanded_welch,normal_wald,1000,1000,200,0.05,0,0,pair_a59d531ef70f539f,0.0,0.0,0.0,first,same_skew,0.0,200,2,2x2,0.0,17999909084214338719,0.001,0.001
0.02,0.01999999999999993,0.03999999999999993,4,5,config_5d4037b363981cb4,additive,,,expanded_welch,normal_wald,20,20,189,0.05,0,7,pair_abcd1dc4ab79ae8e,-0.009465508596091417,-0.06053449140390859,0.013027801736688055,first,same_skew,-0.035,200,3,3x5,0.02,181934104977445414,0.02,0.04
9.999999999987651e-05,9.99999999998444e-06,0.00010999999999986095,1,3,config_5dc6e5ccdeb7c4c3,additive,0.9,0.95,expanded_welch,normal_wald,10000,10000,198,0.05,0,1,pair_cfc98dcd7af4911c,0.0048,-0.0148,0.005,rare,custom_extreme,-0.005,200,3,3x3,9.999999999987651e-05,13769730811415970653,1e-05,0.00011
0.01999999999999985,0.0,0.01999999999999985,0,2,config_5dea399ed57ce883,additive,,,expanded_welch,normal_wald,2,2,200,0.05,0,0,pair_cb93fe14c1323759,0.0,0.0,0.0,first,uniform,0.0,200,2,2x2,0.01999999999999985,5728737138663028875,0.0,0.02
0.01999999999999991,0.00010000000000038919,0.020100000000000298,13,8,config_5dec6dee732dd792,loglinear,,,expanded_welch,normal_wald,20,20,184,0.05,0,3,pair_4804ab452a08bf90,0.001888585541958216,-0.03188858554195821,0.008616625276509294,first,uniform,-0.015,200,8,8x8,0.01999999999999991,13069346180749241486,0.0001,0.0201
1.8484291788162244e-16,9.99999999977034e-06,9.999999999955183e-06,0,8,config_5ea4f9eb413cd8a2,additive,0.9,0.95,expanded_welch,normal_wald,1,1,200,0.05,0,0,pair_256ab9b3d2111c19,0.0,0.0,0.0,first,custom_extreme,0.0,200,8,8x8,1.8484291788162244e-16,18021663522553916635,1e-05,1e-05
2.7755575615628914e-17,0.01999999999999983,0.019999999999999858,11,3,config_601557d6681209eb,additive,,,expanded_welch,normal_wald,50000,50000,189,0.05,0,0,pair_fb6e4c79f03f599b,0.0,0.0,0.0,first,different_skew,0.0,200,3,3x3,2.7755575615628914e-17,12939184679744976898,0.02,0.02
0.019999999999999813,0.03999999999999981,0.019999999999999993,29,5,config_60eb13233a049433,additive,,,expanded_welch,normal_wald,500,500,170,0.05,0,1,pair_2d62ec2a6d8e6686,0.0048,-0.0148,0.005,first,uniform,-0.005,200,5,5x5,-0.019999999999999813,15669443186076448295,0.04,0.02
0.0,0.019999999999999872,0.019999999999999872,3,5,config_617be35d24acd8ce,additive,,,expanded_welch,normal_wald,50,50,196,0.05,0,1,pair_0e678b31b33a4770,0.0048,-0.0148,0.005,first,same_skew,-0.005,200,5,5x5,0.0,17152561196896167211,0.02,0.02
0.00020000000000088355,1.0000000000052644e-05,0.0002100000000009362,0,8,config_619f1129cf55511d,additive,0.99,0.995,expanded_welch,normal_wald,1,1,200,0.05,0,0,pair_5fb4b798b2099807,0.0,0.0,0.0,first,custom_extreme,0.0,200,8,8x8,0.00020000000000088355,7160770705314027994,1e-05,0.00021
0.02000000000000004,0.001000000000000027,0.021000000000000067,160,3,config_61d62f3f6861cba7,additive,,,expanded_welch,normal_wald,1000,1000,33,0.05,0,7,pair_6f50bd3d8c0e1655,-0.009465508596091417,-0.06053449140390859,0.013027801736688055,first,uniform,-0.035,200,3,3x3,0.02000000000000004,692808503752580269,0.001,0.021
0.0,0.019999999999999997,0.019999999999999997,5,8,config_621be532862cd442,additive,,,expanded_welch,normal_wald,1000,1000,195,0.05,0,0,pair_57c0709ba92e2e9a,0.0,0.0,0.0,first,uniform,0.0,200,8,8x8,0.0,14340758709147721051,0.02,0.02
0.0,0.00010000000000007877,0.00010000000000007877,2,5,config_62b3a57c937f2cd9,additive,,,expanded_welch,normal_wald,50000,50000,197,0.05,0,1,pair_0b60debe118a6b51,0.0048,-0.0148,0.005,first,same_skew,-0.005,200,5,5x5,0.0,5524581499737772193,0.0001,0.0001
0.02000000000000001,0.019999999999999997,0.04000000000000001,17,8,config_63053a412959e312,additive,,,expanded_welch,normal_wald,500,500,181,0.05,0,2,pair_5b37ff86eea397f4,0.0038244267103322137,-0.023824426710332212,0.007053278933842966,first,uniform,-0.01,200,8,8x8,0.02000000000000001,3878145508493656697,0.02,0.04
0.01999999999999987,0.00010000000000011325,0.020099999999999982,64,8,config_6311cb9cd2a37419,additive,,,expanded_welch,normal_wald,1000,1000,132,0.05,0,4,pair_de9ba37b68c66590,-0.000548299734571267,-0.039451700265428734,0.009924336870116702,first,same_skew,-0.02,200,8,8x8,0.01999999999999987,5119299385196151482,0.0001,0.0201
0.01999999999999992,0.01999999999999974,0.03999999999999966,11,3,config_63890e4ca9b08dec,loglinear,,,expanded_welch,normal_wald,20,20,181,0.05,0,8,pair_52b1696d2979c524,-0.012773291268651135,-0.06722670873134887,0.013891177924157585,first,uniform,-0.04,200,3,3x3,0.01999999999999992,10991281907971091268,0.02,0.04
0.020000000000000177,0.040000000000000036,0.019999999999999858,4,3,config_640db999fa00708b,additive,,,expanded_welch,normal_wald,50,50,195,0.05,0,1,pair_9135fa4edca7b321,0.0048,-0.0148,0.005,first,same_skew,-0.005,200,3,3x3,-0.020000000000000177,10339484471681036566,0.04,0.02
0.019999999999999404,0.02000000000000002,0.039999999999999425,78,5,config_64bc9d1982186299,loglinear,,,expanded_welch,normal_wald,1000,1000,118,0.05,0,4,pair_3a8678995c8da6f3,-0.000548299734571267,-0.039451700265428734,0.009924336870116702,first,uniform,-0.02,200,5,5x5,0.019999999999999404,7247171621457803329,0.02,0.04
0.0,0.0010000000000000503,0.0010000000000000503,1,5,config_64ca781f129b9670,additive,,,expanded_welch,normal_wald,1000,1000,197,0.05,0,2,pair_ce3104319adf7c92,0.0038244267103322137,-0.023824426710332212,0.007053278933842966,first,same_skew,-0.01,200,5,5x5,0.0,6236074738079783993,0.001,0.001
0.020000000000000153,0.0009999999999998205,0.020999999999999974,147,3,config_64cedfb578d1ba54,additive,,,expanded_welch,normal_wald,1000,1000,35,0.05,0,18,pair_981b51d086cfa0d9,-0.050237701248418115,-0.12976229875158188,0.02028688711815402,first,same_skew,-0.09,200,3,3x3,0.020000000000000153,5961630159982736663,0.001,0.021
0.0,0.01999999999999999,0.01999999999999999,7,3,config_65097c528c492add,additive,,,expanded_welch,normal_wald,20,20,182,0.05,0,11,pair_915fd4445dd7693e,-0.023324259080266647,-0.08667574091973335,0.016161092305986405,first,uniform,-0.055,200,3,3x3,0.0,5512018495226555330,0.02,0.02
0.0,0.0009999999999998205,0.0009999999999998205,2,3,config_65af9f86997623ed,additive,,,expanded_welch,normal_wald,20,20,197,0.05,0,1,pair_3add47497020f85f,0.0048,-0.0148,0.005,first,same_skew,-0.005,200,3,3x3,0.0,13931582884309777266,0.001,0.001
0.02000000000000001,0.019999999999999872,0.03999999999999988,8,5,config_65c3777d9067f14d,additive,,,expanded_welch,normal_wald,50,50,190,0.05,0,2,pair_7ce1d258fd1cfc5a,0.0038244267103322137,-0.023824426710332212,0.007053278933842966,first,same_skew,-0.01,200,5,5x5,0.02000000000000001,13964851786583315789,0.02,0.04
0.019999999999999997,0.019999999999999997,0.039999999999999994,9,5,config_6616c3e00bd7df1a,additive,,,expanded_welch,normal_wald,20,20,186,0.05,0,5,pair_a853b0fbd5956507,-0.00330788763874142,-0.046692112361258586,0.011067404265948256,first,uniform,-0.025,200,3,3x5,0.019999999999999997,368155159812563475,0.02,0.04
0.019999999999999483,0.020000000000000108,0.03999999999999959,0,8,config_662b812234fc0a5f,additive,,,expanded_welch,normal_wald,2,2,200,0.05,0,0,pair_b02a3d46d9460b5c,0.0,0.0,0.0,first,different_skew,0.0,200,8,8x8,0.019999999999999483,11659739767737013800,0.02,0.04
1.214306433183765e-16,0.019999999999999993,0.019999999999999872,10,5,config_66a5ffeeb7d78344,additive,,,expanded_welch,normal_wald,1000,1000,190,0.05,0,0,pair_8530c1b9f8c78768,0.0,0.0,0.0,first,different_skew,0.0,200,5,5x5,-1.214306433183765e-16,264929312660745985,0.02,0.02
0.019999999999999997,0.0010000000000000009,0.020999999999999998,71,8,config_673b8fe22ba5b288,additive,,,expanded_welch,normal_wald,1000,1000,125,0.05,0,4,pair_a72726f85edc470d,-0.000548299734571267,-0.039451700265428734,0.009924336870116702,first,uniform,-0.02,200,8,8x8,0.019999999999999997,5447122927995929225,0.001,0.021
0.0,0.019999999999999997,0.019999999999999997,3,8,config_6764faba76c52a5c,additive,,,expanded_welch,normal_wald,500,500,197,0.05,0,0,pair_57c0709ba92e2e9a,0.0,0.0,0.0,first,uniform,0.0,200,8,8x8,0.0,2129845232567960174,0.02,0.02
2.7755575615628914e-17,0.01999999999999983,0.019999999999999858,6,3,config_68664fbc4f3b1772,additive,,,expanded_welch,normal_wald,500,500,194,0.05,0,0,pair_fb6e4c79f03f599b,0.0,0.0,0.0,first,different_skew,0.0,200,3,3x3,2.7755575615628914e-17,16701763964601464006,0.02,0.02
0.01999999999999989,0.019999999999999993,0.03999999999999988,13,5,config_68c737fa916b24a8,additive,,,expanded_welch,normal_wald,20,20,176,0.05,0,11,pair_9444938a7041d7e8,-0.023324259080266647,-0.08667574091973335,0.016161092305986405,first,different_skew,-0.055,200,5,5x5,0.01999999999999989,8032508629296428698,0.02,0.04
0.020000000000000157,0.040000000000000105,0.01999999999999995,0,2,config_69093b7a1a01a0af,additive,,,expanded_welch,normal_wald,50,50,200,0.05,0,0,pair_41722fa5e7e85a85,0.0,0.0,0.0,first,different_skew,0.0,200,2,2x2,-0.020000000000000157,3531604785393521050,0.04,0.02
0.0,0.019999999999999997,0.019999999999999997,7,8,config_69f90648310fbab3,additive,,,expanded_welch,normal_wald,50,50,190,0.05,0,3,pair_6271495019b80969,0.001888585541958216,-0.03188858554195821,0.008616625276509294,first,same_skew,-0.015,200,8,8x8,0.0,12077083578631706800,0.02,0.02
0.020000000000000177,0.019999999999999858,0.040000000000000036,3,3,config_6a71e68009d0772a,additive,,,expanded_welch,normal_wald,50,50,194,0.05,0,3,pair_e3af9cee70530be8,0.001888585541958216,-0.03188858554195821,0.008616625276509294,first,same_skew,-0.015,200,3,3x3,0.020000000000000177,10117312885136601438,0.02,0.04
0.0,0.0009999999999999593,0.0009999999999999593,1,2,config_6c04d0b80ae7c839,additive,,,expanded_welch,normal_wald,1000,1000,197,0.05,0,2,pair_04c288e974286575,0.0038244267103322137,-0.023824426710332212,0.007053278933842966,first,uniform,-0.01,200,2,2x2,0.0,12771536069656206219,0.001,0.001
0.019999999999999945,9.999999999997034e-05,0.020099999999999917,1,2,config_6c586b6f37a8c08c,additive,,,expanded_welch,normal_wald,20,20,198,0.05,0,1,pair_fbfd5ca0a36de921,0.0048,-0.0148,0.005,first,same_skew,-0.005,200,2,2x2,0.019999999999999945,6103829814172501016,0.0001,0.0201
0.0,0.0001000000000000497,0.0001000000000000497,5,3,config_6c9b509fd06a51a7,additive,,,expanded_welch,normal_wald,20,20,192,0.05,0,3,pair_fbd64f5a55f6dd71,0.001888585541958216,-0.03188858554195821,0.008616625276509294,first,uniform,-0.015,200,3,3x3,0.0,16952314045581388760,0.0001,0.0001
0.020000000000000205,0.01999999999999983,0.040000000000000036,0,3,config_6e46886bb3b9cc73,additive,,,expanded_welch,normal_wald,2,2,200,0.05,0,0,pair_4a4e8313c00982bf,0.0,0.0,0.0,first,different_skew,0.0,200,3,3x3,0.020000000000000205,10954068585901462653,0.02,0.04
0.0,0.00010000000000011325,0.00010000000000011325,11,8,config_6e700d1ed4e31527,additive,,,expanded_welch,normal_wald,20,20,187,0.05,0,2,pair_59641391e1eee31f,0.0038244267103322137,-0.023824426710332212,0.007053278933842966,first,same_skew,-0.01,200,8,8x8,0.0,3738526323864210786,0.0001,0.0001
3.906922528551515e-16,9.999999999979871e-05,0.0001000000000001894,1,5,config_6eb68f166eee7730,loglinear,,,expanded_welch,normal_wald,1000,1000,197,0.05,0,2,pair_bdbd6bc8436be4be,0.0038244267103322137,-0.023824426710332212,0.007053278933842966,first,different_skew,-0.01,200,5,5x5,3.906922528551515e-16,11937929910711187181,0.0001,0.0001
0.2,0.019999999999999858,0.21999999999999986,35,3,config_6f7293ef916f4565,additive,,,expanded_welch,normal_wald,20,20,159,0.05,0,6,pair_20cd5ee796efbb4b,-0.006298489329998373,-0.053701510670001625,0.012092607484694708,first,same_skew,-0.03,200,3,3x3,0.2,2430154978269036354,0.02,0.22
0.0,0.01999999999999985,0.01999999999999985,6,2,config_700945d218841f2e,additive,,,expanded_welch,normal_wald,1000,1000,193,0.05,0,1,pair_0a0e0f72610302eb,0.0048,-0.0148,0.005,first,uniform,-0.005,200,2,2x2,0.0,13746277232682003271,0.02,0.02
0.0,7.63833440942107e-16,7.63833440942107e-16,0,8,config_7021bd45df65bc67,additive,,,expanded_welch,normal_wald,2,2,200,0.05,0,0,pair_98bcff8d64c21c9d,0.0,0.0,0.0,first,same_skew,0.0,200,8,8x8,0.0,11448771430262729541,0.0,0.0
0.02000000000000008,0.019999999999999914,0.039999999999999994,5,3,config_70560da92a7644ad,additive,,,expanded_welch,normal_wald,20,20,192,0.05,0,3,pair_02f6cb63c11f31a4,0.001888585541958216,-0.03188858554195821,0.008616625276509294,first,same_skew,-0.015,200,2,2x3,0.02000000000000008,18046223670889234651,0.02,0.04
0.0,0.019999999999999993,0.019999999999999993,6,5,config_70be6884a262cb1c,additive,,,expanded_welch,normal_wald,20,20,192,0.05,0,2,pair_489238afbcfc259d,0.0038244267103322137,-0.023824426710332212,0.007053278933842966,first,uniform,-0.01,200,5,5x5,0.0,14437191980497506576,0.02,0.02
0.0,9.999999999997034e-05,9.999999999997034e-05,1,2,config_716387f00926f104,additive,,,expanded_welch,normal_wald,20,20,198,0.05,0,1,pair_ad832910536bb3a6,0.0048,-0.0148,0.005,first,same_skew,-0.005,200,2,2x2,0.0,2322664027473579193,0.0001,0.0001
0.0,0.0010000000000000668,0.0010000000000000668,1,2,config_71b1c34f5bf7c80f,additive,,,expanded_welch,normal_wald,20,20,198,0.05,0,1,pair_a59d531ef70f539f,0.0048,-0.0148,0.005,first,same_skew,-0.005,200,2,2x2,0.0,4609092308859840543,0.001,0.001
0.0,0.019999999999999997,0.019999999999999997,12,8,config_7216a26255b81d99,additive,,,expanded_welch,normal_wald,50,50,187,0.05,0,1,pair_57c0709ba92e2e9a,0.0048,-0.0148,0.005,first,uniform,-0.005,200,8,8x8,0.0,16093117890300604602,0.02,0.02
0.019999999999999924,0.00010000000000003344,0.020099999999999958,159,3,config_72a8f9f23dcfa416,additive,,,expanded_welch,normal_wald,1000,1000,29,0.05,0,12,pair_f19c43ce73f8850a,-0.027003408124824706,-0.09299659187517528,0.016834995854681272,first,same_skew,-0.06,200,3,3x3,0.019999999999999924,14248662392159845218,0.0001,0.0201
0.019999999999999997,0.0,0.019999999999999997,0,8,config_73591c15b379a22c,additive,,,expanded_welch,normal_wald,2,2,200,0.05,0,0,pair_3bc05e13f5f5fdd0,0.0,0.0,0.0,first,uniform,0.0,200,8,8x8,0.019999999999999997,9947473668013113865,0.0,0.02
0.02000000000000001,0.019999999999999872,0.03999999999999988,0,5,config_74c916611cd1cb38,additive,,,expanded_welch,normal_wald,2,2,200,0.05,0,0,pair_7ce1d258fd1cfc5a,0.0,0.0,0.0,first,same_skew,0.0,200,5,5x5,0.02000000000000001,10561053939669732465,0.02,0.04
1.2389720326078102e-16,9.999999999998935e-05,0.00010000000000011325,2,8,config_755168891c29f0f1,additive,,,expanded_welch,normal_wald,50000,50000,197,0.05,0,1,pair_84b4c2fa979853ff,0.0048,-0.0148,0.005,first,different_skew,-0.005,200,8,8x8,1.2389720326078102e-16,18030527513522211695,0.0001,0.0001
0.0,0.0009999999999999907,0.0009999999999999907,9,5,config_757b5b80ae205f26,additive,,,expanded_welch,normal_wald,20,20,189,0.05,0,2,pair_1497be75b51022f5,0.0038244267103322137,-0.023824426710332212,0.007053278933842966,first,uniform,-0.01,200,5,5x5,0.0,16628123902513665556,0.001,0.001
0.00020000000000088355,1.0000000000052644e-05,0.0002100000000009362,36,8,config_761ca2a55791cf76,additive,0.99,0.995,expanded_welch,normal_wald,10000,10000,164,0.05,0,0,pair_5fb4b798b2099807,0.0,0.0,0.0,first,custom_extreme,0.0,200,8,8x8,0.00020000000000088355,354471757659106691,1e-05,0.00021
1.0408340855860843e-16,0.019999999999999817,0.019999999999999712,4,5,config_77748854d67db52d,loglinear,,,expanded_welch,normal_wald,1000,1000,196,0.05,0,0,pair_56cef8de2831de56,0.0,0.0,0.0,first,different_skew,0.0,200,5,5x5,-1.0408340855860843e-16,6490377438515417458,0.02,0.02
1.5504091066542713e-16,0.0009999999999998953,0.0010000000000000503,3,5,config_77cd8de7eee8e331,additive,,,expanded_welch,normal_wald,1000,1000,196,0.05,0,1,pair_c27680a23093ebc0,0.0048,-0.0148,0.005,first,different_skew,-0.005,200,5,5x5,1.5504091066542713e-16,15169757043538800285,0.001,0.001
0.020000000000000073,0.019999999999999907,0.03999999999999998,26,8,config_78ef5ce6a6621dec,loglinear,,,expanded_welch,normal_wald,20,20,168,0.05,0,6,pair_3483599cf91e430f,-0.006298489329998373,-0.053701510670001625,0.012092607484694708,first,different_skew,-0.03,200,8,8x8,0.020000000000000073,12901495850333050407,0.02,0.04
0.019999999999999976,0.03999999999999985,0.019999999999999872,32,5,config_793a99d979e3bfb2,additive,,,expanded_welch,normal_wald,500,500,165,0.05,0,3,pair_d7217457e76b4c17,0.001888585541958216,-0.03188858554195821,0.008616625276509294,first,different_skew,-0.015,200,5,5x5,-0.019999999999999976,6039319521636162330,0.04,0.02
0.02000000000000012,0.019999999999999813,0.03999999999999993,59,5,config_7a49d117bcd3c249,additive,,,expanded_welch,normal_wald,1000,1000,135,0.05,0,6,pair_995c0f49944b23b1,-0.006298489329998373,-0.053701510670001625,0.012092607484694708,first,different_skew,-0.03,200,3,3x5,0.02000000000000012,15847727919506741466,0.02,0.04
1.1796119636642288e-16,0.019999999999999813,0.01999999999999993,6,5,config_7b6532ec0ee16c86,additive,,,expanded_welch,normal_wald,20,20,183,0.05,0,11,pair_a863ca8a53310b0a,-0.023324259080266647,-0.08667574091973335,0.016161092305986405,first,different_skew,-0.055,200,3,3x5,1.1796119636642288e-16,2582518058755885319,0.02,0.02
1.7997756063259374e-17,9.999999999999083e-05,9.999999999997283e-05,7,5,config_7b6d832c71f89046,additive,,,expanded_welch,normal_wald,20,20,183,0.05,0,10,pair_c16067d1a985436c,-0.01971857295105459,-0.08028142704894542,0.015449707678033374,spread,different_skew,-0.05,200,5,5x5,-1.7997756063259374e-17,17351676420619368397,0.0001,0.0001
0.0,0.019999999999999997,0.019999999999999997,0,8,config_7bd6236dc28bb6ef,additive,,,expanded_welch,normal_wald,2,2,200,0.05,0,0,pair_6271495019b80969,0.0,0.0,0.0,first,same_skew,0.0,200,8,8x8,0.0,12812378908767796760,0.02,0.02
0.019999999999999945,9.999999999997034e-05,0.020099999999999917,184,2,config_7c2420f1e98f10d3,additive,,,expanded_welch,normal_wald,1000,1000,6,0.05,0,10,pair_fbfd5ca0a36de921,-0.01971857295105459,-0.08028142704894542,0.015449707678033374,first,same_skew,-0.05,200,2,2x2,0.019999999999999945,3493304153123940083,0.0001,0.0201
0.019999999999999483,0.020000000000000108,0.03999999999999959,26,8,config_7c44065d427b0e26,additive,,,expanded_welch,normal_wald,20,20,166,0.05,0,8,pair_b02a3d46d9460b5c,-0.012773291268651135,-0.06722670873134887,0.013891177924157585,first,different_skew,-0.04,200,8,8x8,0.019999999999999483,4864478790670509374,0.02,0.04
1.8484291788162244e-16,9.99999999977034e-06,9.999999999955183e-06,3,8,config_7e4c34a86fd1ec69,additive,0.9,0.95,expanded_welch,normal_wald,10000,10000,196,0.05,0,1,pair_256ab9b3d2111c19,0.0048,-0.0148,0.005,first,custom_extreme,-0.005,200,8,8x8,1.8484291788162244e-16,5480958636049424395,1e-05,1e-05
0.0,0.019999999999999858,0.019999999999999858,0,3,config_7ec0d5fa228956e8,additive,,,expanded_welch,normal_wald,2,2,200,0.05,0,0,pair_40257b980c2277a5,0.0,0.0,0.0,first,same_skew,0.0,200,3,3x3,0.0,12874982479140325889,0.02,0.02
0.0020000000000000165,9.999999999998935e-05,0.002100000000000006,4,8,config_7fef3767014ef7c4,additive,,,expanded_welch,normal_wald,1000,1000,194,0.05,0,2,pair_86dc09f24e35e3ec,0.0038244267103322137,-0.023824426710332212,0.007053278933842966,first,different_skew,-0.01,200,8,8x8,0.0020000000000000165,4512108582942495345,0.0001,0.0021
0.00020000000000006964,9.99999999991951e-06,0.00020999999999998914,0,3,config_804be0ff8cbe1a7f,additive,0.999,0.9995,expanded_welch,normal_wald,1,1,200,0.05,0,0,pair_cf8c16c03a70b00c,0.0,0.0,0.0,first,custom_extreme,0.0,200,3,3x3,0.00020000000000006964,11493910519251029503,1e-05,0.00021
0.019999999999999594,0.03999999999999959,0.019999999999999997,8,8,config_805f7473e8345417,additive,,,expanded_welch,normal_wald,50,50,189,0.05,0,3,pair_057b57da58f311af,0.001888585541958216,-0.03188858554195821,0.008616625276509294,first,same_skew,-0.015,200,8,8x8,-0.019999999999999594,4038698906876564762,0.04,0.02
0.019999999999999997,0.0010000000000000009,0.020999999999999998,12,8,config_808660befc209854,additive,,,expanded_welch,normal_wald,20,20,184,0.05,0,4,pair_a72726f85edc470d,-0.000548299734571267,-0.039451700265428734,0.009924336870116702,first,uniform,-0.02,200,8,8x8,0.019999999999999997,3706743333175695480,0.001,0.021
0.0,0.019999999999999997,0.019999999999999997,10,8,config_814a03269c303f6a,additive,,,expanded_welch,normal_wald,50000,50000,190,0.05,0,0,pair_57c0709ba92e2e9a,0.0,0.0,0.0,first,uniform,0.0,200,8,8x8,0.0,12107011089178979374,0.02,0.02
0.01999999999999992,0.01999999999999974,0.03999999999999966,79,3,config_82230334db3a38d9,loglinear,,,expanded_welch,normal_wald,1000,1000,119,0.05,0,2,pair_52b1696d2979c524,0.0038244267103322137,-0.023824426710332212,0.007053278933842966,first,uniform,-0.01,200,3,3x3,0.01999999999999992,11958930275819103906,0.02,0.04
0.020000000000000087,0.019999999999999907,0.039999999999999994,4,2,config_82d231c4cb77de36,additive,,,expanded_welch,normal_wald,20,20,193,0.05,0,3,pair_f79a47be5e38070d,0.001888585541958216,-0.03188858554195821,0.008616625276509294,first,different_skew,-0.015,200,2,2x2,0.020000000000000087,12138300490031621475,0.02,0.04
0.020000000000000098,-1.0103029524088927e-16,0.019999999999999997,56,8,config_82f24b8234f0c38e,additive,,,expanded_welch,normal_wald,1000,1000,135,0.05,0,9,pair_781a8ab0c8ee3ba8,-0.0161970164861957,-0.0738029835138043,0.01469539975194097,first,different_skew,-0.045,200,8,8x8,0.020000000000000098,8916162123672173253,0.0,0.02
0.0020000000000000686,9.999999999999766e-05,0.0021000000000000662,2,3,config_837e09038fbf4985,additive,,,expanded_welch,normal_wald,1000,1000,196,0.05,0,2,pair_6d43b284da3e2d07,0.0038244267103322137,-0.023824426710332212,0.007053278933842966,first,different_skew,-0.01,200,3,3x3,0.0020000000000000686,17381860993950502527,0.0001,0.0021
0.0,0.01999999999999999,0.01999999999999999,5,3,config_83d3ec65449a13ce,additive,,,expanded_welch,normal_wald,50,50,192,0.05,0,3,pair_915fd4445dd7693e,0.001888585541958216,-0.03188858554195821,0.008616625276509294,first,uniform,-0.015,200,3,3x3,0.0,14099536684407518663,0.02,0.02
0.2000000000000002,0.01999999999999985,0.22000000000000006,44,2,config_8465bfcfed929179,additive,,,expanded_welch,normal_wald,20,20,145,0.05,0,11,pair_093b9439f7a0356e,-0.023324259080266647,-0.08667574091973335,0.016161092305986405,first,uniform,-0.055,200,2,2x2,0.2000000000000002,16571018438286387069,0.02,0.22
0.02000000000000017,0.01999999999999985,0.04000000000000002,3,2,config_850e2ff6f2cd4d82,additive,,,expanded_welch,normal_wald,20,20,195,0.05,0,2,pair_f92afa0319e6f637,0.0038244267103322137,-0.023824426710332212,0.007053278933842966,first,uniform,-0.01,200,2,2x2,0.02000000000000017,8591422264289651581,0.02,0.04
0.00010000000000025497,9.99999999977034e-06,0.0001100000000000253,2,8,config_859eb808e23631c1,additive,0.9,0.95,expanded_welch,normal_wald,10000,10000,198,0.05,0,0,pair_f49d321de18d8318,0.0,0.0,0.0,first,custom_extreme,0.0,200,8,8x8,0.00010000000000025497,46072363037820704,1e-05,0.00011
0.01999999999999995,0.0,0.01999999999999995,180,2,config_8617b0c54b11e9e6,additive,,,expanded_welch,normal_wald,1000,1000,9,0.05,0,11,pair_e7d4865bbfc38b41,-0.023324259080266647,-0.08667574091973335,0.016161092305986405,first,different_skew,-0.055,200,2,2x2,0.01999999999999995,11853548288641474027,0.0,0.02
0.0002000000000001676,9.99999999992635e-06,0.00021000000000009395,0,3,config_871cd0082d7bd850,additive,0.9,0.95,expanded_welch,normal_wald,1,1,200,0.05,0,0,pair_ea0b97af1cf3295a,0.0,0.0,0.0,first,custom_extreme,0.0,200,3,3x3,0.0002000000000001676,16051270047394406334,1e-05,0.00021
0.020000000000000087,0.019999999999999907,0.039999999999999994,3,2,config_871e346d0dc41b52,additive,,,expanded_welch,normal_wald,50,50,196,0.05,0,1,pair_f79a47be5e38070d,0.0048,-0.0148,0.005,first,different_skew,-0.005,200,2,2x2,0.020000000000000087,10870178159376600801,0.02,0.04
2.247009002476208e-17,0.00010000000000019871,0.00010000000000017624,39,8,config_8754d115f92881b7,additive,,,expanded_welch,normal_wald,20,20,153,0.05,0,8,pair_286442dbddf79c00,-0.012773291268651135,-0.06722670873134887,0.013891177924157585,spread,different_skew,-0.04,200,8,8x8,-2.247009002476208e-17,11209473607479856812,0.0001,0.0001
0.020000000000000205,0.01999999999999983,0.040000000000000036,5,3,config_8756cc17f54f717d,additive,,,expanded_welch,normal_wald,50,50,191,0.05,0,4,pair_4a4e8313c00982bf,-0.000548299734571267,-0.039451700265428734,0.009924336870116702,first,different_skew,-0.02,200,3,3x3,0.020000000000000205,18304160527766676734,0.02,0.04
0.020000000000000153,0.0009999999999998205,0.020999999999999974,4,3,config_8768ab6e6096c06f,additive,,,expanded_welch,normal_wald,20,20,192,0.05,0,4,pair_981b51d086cfa0d9,-0.000548299734571267,-0.039451700265428734,0.009924336870116702,first,same_skew,-0.02,200,3,3x3,0.020000000000000153,13516954838034099675,0.001,0.021
0.0,0.00010000000000048729,0.00010000000000048729,7,3,config_87a093b21bee9681,loglinear,,,expanded_welch,normal_wald,20,20,188,0.05,0,5,pair_19304f20ad191ac5,-0.00330788763874142,-0.046692112361258586,0.011067404265948256,first,uniform,-0.025,200,3,3x3,0.0,1123257285075721031,0.0001,0.0001
0.019999999999999813,0.019999999999999993,0.03999999999999981,25,5,config_88db65262c97755e,additive,,,expanded_welch,normal_wald,20,20,170,0.05,0,5,pair_45f2b342723736ae,-0.00330788763874142,-0.046692112361258586,0.011067404265948256,first,uniform,-0.025,200,5,5x5,0.019999999999999813,18179818996938062470,0.02,0.04
0.0,0.01999999999999995,0.01999999999999995,5,2,config_895d00be250e7299,additive,,,expanded_welch,normal_wald,500,500,194,0.05,0,1,pair_cd3f51adc4b4ed85,0.0048,-0.0148,0.005,first,same_skew,-0.005,200,2,2x2,0.0,9945999387558112543,0.02,0.02
0.020000000000000205,0.01999999999999983,0.040000000000000036,33,3,config_89c431f569a0186f,additive,,,expanded_welch,normal_wald,500,500,162,0.05,0,5,pair_4a4e8313c00982bf,-0.00330788763874142,-0.046692112361258586,0.011067404265948256,first,different_skew,-0.025,200,3,3x3,0.020000000000000205,7198520894962581871,0.02,0.04
0.00010000000000025497,9.99999999977034e-06,0.0001100000000000253,0,8,config_89e2eb9e403c77b3,additive,0.9,0.95,expanded_welch,normal_wald,1,1,200,0.05,0,0,pair_f49d321de18d8318,0.0,0.0,0.0,first,custom_extreme,0.0,200,8,8x8,0.00010000000000025497,9506001533896808498,1e-05,0.00011
0.020000000000000177,0.040000000000000036,0.019999999999999858,35,3,config_8a268da1320f2c93,additive,,,expanded_welch,normal_wald,500,500,156,0.05,0,9,pair_9135fa4edca7b321,-0.0161970164861957,-0.0738029835138043,0.01469539975194097,first,same_skew,-0.045,200,3,3x3,-0.020000000000000177,16452627424721211824,0.04,0.02
0.001999999999999906,0.00010000000000014209,0.002100000000000048,11,5,config_8b2793004b4ac351,additive,,,expanded_welch,normal_wald,20,20,182,0.05,0,7,pair_439e0b86f0b9a244,-0.009465508596091417,-0.06053449140390859,0.013027801736688055,first,different_skew,-0.035,200,5,5x5,0.001999999999999906,13751155715808091174,0.0001,0.0021
0.0,9.999999999994562e-05,9.999999999994562e-05,2,2,config_8b39e68b65cda00f,additive,,,expanded_welch,normal_wald,20,20,198,0.05,0,0,pair_4f79562663eb21be,0.0,0.0,0.0,first,uniform,0.0,200,2,2x2,0.0,9331019715478295156,0.0001,0.0001
0.01999999999999989,0.019999999999999993,0.03999999999999988,31,5,config_8ba812796882c0fe,additive,,,expanded_welch,normal_wald,500,500,166,0.05,0,3,pair_9444938a7041d7e8,0.001888585541958216,-0.03188858554195821,0.008616625276509294,first,different_skew,-0.015,200,5,5x5,0.01999999999999989,3764292801578422090,0.02,0.04
4.163336342344337e-17,0.019999999999999907,0.01999999999999995,2,2,config_8be244c92203b43d,additive,,,expanded_welch,normal_wald,50,50,198,0.05,0,0,pair_308be584e4c09575,0.0,0.0,0.0,first,different_skew,0.0,200,2,2x2,4.163336342344337e-17,1626123540438973862,0.02,0.02
0.01999999999999994,9.99999999999248e-05,0.020099999999999865,1,3,config_8bff7f71fa659508,loglinear,,,expanded_welch,normal_wald,20,20,198,0.05,0,1,pair_231968622555fd5e,0.0048,-0.0148,0.005,first,different_skew,-0.005,200,3,3x3,0.01999999999999994,13072319025229193424,0.0001,0.0201
0.0,0.00010000000000011325,0.00010000000000011325,0,8,config_8cadd2e72ddf5a71,additive,,,expanded_welch,normal_wald,1000,1000,200,0.05,0,0,pair_59641391e1eee31f,0.0,0.0,0.0,first,same_skew,0.0,200,8,8x8,0.0,11822894359400616311,0.0001,0.0001
0.02000000000000001,0.019999999999999872,0.03999999999999988,63,5,config_8de426030397f86b,additive,,,expanded_welch,normal_wald,1000,1000,136,0.05,0,1,pair_7ce1d258fd1cfc5a,0.0048,-0.0148,0.005,first,same_skew,-0.005,200,5,5x5,0.02000000000000001,1502479648998184555,0.02,0.04
0.0,0.01999999999999999,0.01999999999999999,0,3,config_8e221207ee4be0c8,additive,,,expanded_welch,normal_wald,2,2,200,0.05,0,0,pair_915fd4445dd7693e,0.0,0.0,0.0,first,uniform,0.0,200,3,3x3,0.0,15744344235674493464,0.02,0.02
0.0002000000000001676,9.99999999992635e-06,0.00021000000000009395,1,3,config_8fa2a45092d9ae3c,additive,0.9,0.95,expanded_welch,normal_wald,10000,10000,195,0.05,0,4,pair_ea0b97af1cf3295a,-0.000548299734571267,-0.039451700265428734,0.009924336870116702,first,custom_extreme,-0.02,200,3,3x3,0.0002000000000001676,14458116462496828449,1e-05,0.00021
0.020000000000000028,0.00010000000000000011,0.020100000000000028,12,5,config_9009a1bcb7564aca,additive,,,expanded_welch,normal_wald,20,20,180,0.05,0,8,pair_23938b64c626920d,-0.012773291268651135,-0.06722670873134887,0.013891177924157585,first,uniform,-0.04,200,5,5x5,0.020000000000000028,15414151953059677454,0.0001,0.0201
0.0,0.00010000000000000011,0.00010000000000000011,12,5,config_909da87b72772f94,additive,,,expanded_welch,normal_wald,20,20,183,0.05,0,5,pair_a1e0a47621ca83d1,-0.00330788763874142,-0.046692112361258586,0.011067404265948256,first,uniform,-0.025,200,5,5x5,0.0,8162961309573288830,0.0001,0.0001
4.163336342344337e-17,0.019999999999999907,0.01999999999999995,14,2,config_9273437ba1aa1b78,additive,,,expanded_welch,normal_wald,50000,50000,186,0.05,0,0,pair_308be584e4c09575,0.0,0.0,0.0,first,different_skew,0.0,200,2,2x2,4.163336342344337e-17,3336050393211055768,0.02,0.02
0.0,0.019999999999999934,0.019999999999999934,6,3,config_92ca417309bfe6bc,additive,,,expanded_welch,normal_wald,1000,1000,190,0.05,0,4,pair_761884f94b823d99,-0.000548299734571267,-0.039451700265428734,0.009924336870116702,first,uniform,-0.02,200,2,2x3,0.0,13446170770062453786,0.02,0.02
0.019999999999999997,0.019999999999999997,0.039999999999999994,81,5,config_9422adb66e7aca65,additive,,,expanded_welch,normal_wald,1000,1000,116,0.05,0,3,pair_a853b0fbd5956507,0.001888585541958216,-0.03188858554195821,0.008616625276509294,first,uniform,-0.015,200,3,3x5,0.019999999999999997,14948510253618735163,0.02,0.04
2.484991379336776e-16,0.0010000000000003517,0.0010000000000001032,2,8,config_9435be74becd324c,additive,,,expanded_welch,normal_wald,1000,1000,196,0.05,0,2,pair_81ad99dd579842f2,0.0038244267103322137,-0.023824426710332212,0.007053278933842966,first,different_skew,-0.01,200,8,8x8,-2.484991379336776e-16,7969546177309338696,0.001,0.001
0.0,0.02000000000000002,0.02000000000000002,5,5,config_9529c910520ada62,loglinear,,,expanded_welch,normal_wald,1000,1000,195,0.05,0,0,pair_5c38765fa78c09fa,0.0,0.0,0.0,first,uniform,0.0,200,5,5x5,0.0,7858489903912588216,0.02,0.02
0.0,0.00010000000000003344,0.00010000000000003344,1,3,config_9572be045794a0ed,additive,,,expanded_welch,normal_wald,20,20,198,0.05,0,1,pair_86bf50be067b57d9,0.0048,-0.0148,0.005,first,same_skew,-0.005,200,3,3x3,0.0,8680465022326840919,0.0001,0.0001
8.652610962792129e-17,9.99999999998444e-06,9.999999999897915e-06,0,3,config_9603cd54a62ce6c4,additive,0.9,0.95,expanded_welch,normal_wald,10000,10000,198,0.05,0,2,pair_6e4b699b5d7d8066,0.0038244267103322137,-0.023824426710332212,0.007053278933842966,rare,custom_extreme,-0.01,200,3,3x3,-8.652610962792129e-17,9924730562000498210,1e-05,1e-05
0.02000000000000001,0.04000000000000001,0.019999999999999997,29,8,config_962648d10abfe3c5,additive,,,expanded_welch,normal_wald,50,50,163,0.05,0,8,pair_7bc5a496005b9f3b,-0.012773291268651135,-0.06722670873134887,0.013891177924157585,first,different_skew,-0.04,200,8,8x8,-0.02000000000000001,3961412521974837310,0.04,0.02
0.02000000000000001,0.03999999999999988,0.019999999999999872,6,5,config_964f8564f40a15fc,additive,,,expanded_welch,normal_wald,50,50,191,0.05,0,3,pair_140302786e61feb8,0.001888585541958216,-0.03188858554195821,0.008616625276509294,first,same_skew,-0.015,200,5,5x5,-0.02000000000000001,16903867613546179038,0.04,0.02
0.0,0.00010000000000038919,0.00010000000000038919,0,8,config_969bd690cd2f0830,loglinear,,,expanded_welch,normal_wald,1000,1000,200,0.05,0,0,pair_a8267cf72c8e3f75,0.0,0.0,0.0,first,uniform,0.0,200,8,8x8,0.0,137521389131725367,0.0001,0.0001
0.01999999999999996,0.0010000000000000668,0.021000000000000026,2,2,config_96dbb682f4a714bf,additive,,,expanded_welch,normal_wald,20,20,197,0.05,0,1,pair_06056104d4051773,0.0048,-0.0148,0.005,first,same_skew,-0.005,200,2,2x2,0.01999999999999996,13734513154872092072,0.001,0.021
0.019999999999999813,0.019999999999999993,0.03999999999999981,14,5,config_97a9d187d976ad29,additive,,,expanded_welch,normal_wald,50,50,181,0.05,0,5,pair_45f2b342723736ae,-0.00330788763874142,-0.046692112361258586,0.011067404265948256,first,uniform,-0.025,200,5,5x5,0.019999999999999813,9968480710254311094,0.02,0.04
0.2,0.019999999999999858,0.21999999999999986,200,3,config_97c9c47e167b4ca0,additive,,,expanded_welch,normal_wald,1000,1000,0,0.05,0,0,pair_20cd5ee796efbb4b,0.0,0.0,0.0,first,same_skew,0.0,200,3,3x3,0.2,2972170885278358303,0.02,0.22
0.0002000000000002707,9.999999999872636e-06,0.00021000000000014334,0,3,config_97d861e5bcb9bb68,additive,0.99,0.995,expanded_welch,normal_wald,1,1,200,0.05,0,0,pair_ac56121498ba01cf,0.0,0.0,0.0,first,custom_extreme,0.0,200,3,3x3,0.0002000000000002707,17197715881359217381,1e-05,0.00021
0.02000000000000001,0.04000000000000001,0.019999999999999997,18,8,config_97e1be29ec04be5f,additive,,,expanded_welch,normal_wald,500,500,181,0.05,0,1,pair_e2ef6ae606a98bd2,0.0048,-0.0148,0.005,first,uniform,-0.005,200,8,8x8,-0.02000000000000001,7136108335253616038,0.04,0.02
1.2836953722228372e-16,0.02000000000000022,0.02000000000000009,6,3,config_995342aa6364565a,loglinear,,,expanded_welch,normal_wald,20,20,192,0.05,0,2,pair_f262d0191aa9e5d4,0.0038244267103322137,-0.023824426710332212,0.007053278933842966,first,different_skew,-0.01,200,3,3x3,-1.2836953722228372e-16,17571004866058976156,0.02,0.02
0.01999999999999995,0.00010000000000048729,0.020100000000000437,179,3,config_9ade2d8703be5887,loglinear,,,expanded_welch,normal_wald,1000,1000,11,0.05,0,10,pair_935285f454728dfb,-0.01971857295105459,-0.08028142704894542,0.015449707678033374,first,uniform,-0.05,200,3,3x3,0.01999999999999995,13664517865391040392,0.0001,0.0201
0.020000000000000087,0.019999999999999907,0.039999999999999994,78,2,config_9af80add2a68d651,additive,,,expanded_welch,normal_wald,1000,1000,118,0.05,0,4,pair_f79a47be5e38070d,-0.000548299734571267,-0.039451700265428734,0.009924336870116702,first,different_skew,-0.02,200,2,2x2,0.020000000000000087,15626243291320396192,0.02,0.04
1.2770376932574184e-16,9.99999999992635e-06,1.0000000000054053e-05,0,3,config_9b16814912e47415,additive,0.9,0.95,expanded_welch,normal_wald,10000,10000,199,0.05,0,1,pair_b59e2fddaa85cd47,0.0048,-0.0148,0.005,first,custom_extreme,-0.005,200,3,3x3,1.2770376932574184e-16,15389919574245740415,1e-05,1e-05
0.0,0.019999999999999997,0.019999999999999997,3,8,config_9c198e1bda1059bd,additive,,,expanded_welch,normal_wald,1000,1000,197,0.05,0,0,pair_6271495019b80969,0.0,0.0,0.0,first,same_skew,0.0,200,8,8x8,0.0,13828660164736299163,0.02,0.02
0.01999999999999989,0.019999999999999993,0.03999999999999988,0,5,config_9c3532c0ac1ab3e5,additive,,,expanded_welch,normal_wald,2,2,200,0.05,0,0,pair_9444938a7041d7e8,0.0,0.0,0.0,first,different_skew,0.0,200,5,5x5,0.01999999999999989,12998505703570975848,0.02,0.04
3.025601687592361e-18,9.999999999999965e-06,1.000000000000299e-05,4,8,config_9cd175233543fe53,additive,0.9,0.95,expanded_welch,normal_wald,10000,10000,192,0.05,0,4,pair_d1eeee155496314e,-0.000548299734571267,-0.039451700265428734,0.009924336870116702,rare,custom_extreme,-0.02,200,8,8x8,3.025601687592361e-18,14581366906775183070,1e-05,1e-05
0.0,0.019999999999999872,0.019999999999999872,4,5,config_9d0baddf541c6a14,additive,,,expanded_welch,normal_wald,500,500,196,0.05,0,0,pair_0e678b31b33a4770,0.0,0.0,0.0,first,same_skew,0.0,200,5,5x5,0.0,8542242949479565453,0.02,0.02
0.0,0.019999999999999993,0.019999999999999993,10,5,config_9d96c47615346d89,additive,,,expanded_welch,normal_wald,50,50,188,0.05,0,2,pair_489238afbcfc259d,0.0038244267103322137,-0.023824426710332212,0.007053278933842966,first,uniform,-0.01,200,5,5x5,0.0,4057696597742932946,0.02,0.02
1.7997756063259374e-17,9.999999999999083e-05,9.999999999997283e-05,0,5,config_9e22ca3413a3e29b,additive,,,expanded_welch,normal_wald,1000,1000,198,0.05,0,2,pair_c16067d1a985436c,0.0038244267103322137,-0.023824426710332212,0.007053278933842966,spread,different_skew,-0.01,200,5,5x5,-1.7997756063259374e-17,10504889125550087171,0.0001,0.0001
1.145154663369924e-16,9.999999999821938e-06,9.999999999936453e-06,5,8,config_9ee649de4a0bf843,additive,0.999,0.9995,expanded_welch,normal_wald,10000,10000,159,0.05,0,36,pair_2dad3ca2683b2a82,-0.12662071995906612,-0.23337928004093386,0.027234326551496876,first,custom_extreme,-0.18,200,8,8x8,1.145154663369924e-16,8026188391173837246,1e-05,1e-05
0.0,9.999999999999289e-05,9.999999999999289e-05,12,8,config_9fdb10b4a8af3420,additive,,,expanded_welch,normal_wald,20,20,184,0.05,0,4,pair_8a97b40b75d5d5c1,-0.000548299734571267,-0.039451700265428734,0.009924336870116702,first,uniform,-0.02,200,8,8x8,0.0,5646559100005202832,0.0001,0.0001
0.0,0.00010000000000003344,0.00010000000000003344,0,3,config_9fea7732d7e0e591,additive,,,expanded_welch,normal_wald,50000,50000,200,0.05,0,0,pair_86bf50be067b57d9,0.0,0.0,0.0,first,same_skew,0.0,200,3,3x3,0.0,12807001297719335737,0.0001,0.0001
2.7755575615628914e-17,0.01999999999999983,0.019999999999999858,0,3,config_a19ff216adad937f,additive,,,expanded_welch,normal_wald,2,2,200,0.05,0,0,pair_fb6e4c79f03f599b,0.0,0.0,0.0,first,different_skew,0.0,200,3,3x3,2.7755575615628914e-17,15360390233708840075,0.02,0.02
0.019999999999999782,9.999999999994562e-05,0.02009999999999973,191,2,config_a1ad2bb2893290f6,additive,,,expanded_welch,normal_wald,1000,1000,6,0.05,0,3,pair_d4423a2fa1922834,0.001888585541958216,-0.03188858554195821,0.008616625276509294,first,uniform,-0.015,200,2,2x2,0.019999999999999782,478370789274595524,0.0001,0.0201
0.020000000000000205,0.01999999999999983,0.040000000000000036,63,3,config_a27043e10a2f0f46,additive,,,expanded_welch,normal_wald,1000,1000,132,0.05,0,5,pair_4a4e8313c00982bf,-0.00330788763874142,-0.046692112361258586,0.011067404265948256,first,different_skew,-0.025,200,3,3x3,0.020000000000000205,280597520088257912,0.02,0.04
0.001999999999999906,0.00010000000000014209,0.002100000000000048,3,5,config_a493827232bfdaf7,additive,,,expanded_welch,normal_wald,1000,1000,195,0.05,0,2,pair_439e0b86f0b9a244,0.0038244267103322137,-0.023824426710332212,0.007053278933842966,first,different_skew,-0.01,200,5,5x5,0.001999999999999906,16502767296119561451,0.0001,0.0021
3.09338126403165e-16,1.0000000000052644e-05,1.0000000000361982e-05,0,8,config_a507f6a94fcf4a76,additive,0.99,0.995,expanded_welch,normal_wald,1,1,200,0.05,0,0,pair_67825472e6adb28d,0.0,0.0,0.0,first,custom_extreme,0.0,200,8,8x8,3.09338126403165e-16,18400168361141494396,1e-05,1e-05
9.680570147579948e-17,0.00010000000000001779,0.00010000000000011459,4,8,config_a536c299984ab75a,additive,,,expanded_welch,normal_wald,1000,1000,195,0.05,0,1,pair_7ec3afc29050afcc,0.0048,-0.0148,0.005,rare,different_skew,-0.005,200,8,8x8,9.680570147579948e-17,14537988626751119435,0.0001,0.0001
0.020000000000000087,0.019999999999999907,0.039999999999999994,0,2,config_a56b5a56f3ac5397,additive,,,expanded_welch,normal_wald,2,2,200,0.05,0,0,pair_f79a47be5e38070d,0.0,0.0,0.0,first,different_skew,0.0,200,2,2x2,0.020000000000000087,5182637898723546450,0.02,0.04
1.214306433183765e-16,0.019999999999999993,0.019999999999999872,3,5,config_a576d769e04b82a5,additive,,,expanded_welch,normal_wald,500,500,194,0.05,0,3,pair_8530c1b9f8c78768,0.001888585541958216,-0.03188858554195821,0.008616625276509294,first,different_skew,-0.015,200,5,5x5,-1.214306433183765e-16,16980858843896363023,0.02,0.02
0.019999999999999803,0.0010000000000000503,0.020999999999999852,99,5,config_a59f17799447650d,additive,,,expanded_welch,normal_wald,1000,1000,89,0.05,0,12,pair_4d4406f7160e0477,-0.027003408124824706,-0.09299659187517528,0.016834995854681272,first,same_skew,-0.06,200,5,5x5,0.019999999999999803,15829021221954345528,0.001,0.021
0.01999999999999999,0.0001000000000000497,0.02010000000000004,182,3,config_a60e47809230b9bf,additive,,,expanded_welch,normal_wald,1000,1000,13,0.05,0,5,pair_e37c890386825c8c,-0.00330788763874142,-0.046692112361258586,0.011067404265948256,first,uniform,-0.025,200,3,3x3,0.01999999999999999,17363755006804765485,0.0001,0.0201
9.063930161978817e-17,9.99999999999248e-05,0.00010000000000001544,2,3,config_a6863e29096fbaec,loglinear,,,expanded_welch,normal_wald,20,20,197,0.05,0,1,pair_ce1cdc6388a0bddc,0.0048,-0.0148,0.005,first,different_skew,-0.005,200,3,3x3,9.063930161978817e-17,17491453432810124342,0.0001,0.0001
0.01999999999999973,0.00010000000000014209,0.02009999999999987,117,5,config_a78ae93be598604c,additive,,,expanded_welch,normal_wald,1000,1000,70,0.05,0,13,pair_88c3b7ff02cd7e99,-0.030747520355322522,-0.09925247964467748,0.017475754920753817,first,different_skew,-0.065,200,5,5x5,0.01999999999999973,6804532097444746794,0.0001,0.0201
0.0,0.01999999999999974,0.01999999999999974,6,3,config_a858a3cc14c46b00,loglinear,,,expanded_welch,normal_wald,20,20,191,0.05,0,3,pair_535f2ae31638c331,0.001888585541958216,-0.03188858554195821,0.008616625276509294,first,uniform,-0.015,200,3,3x3,0.0,5321674162406612948,0.02,0.02
0.0,0.019999999999999914,0.019999999999999914,5,3,config_a8b271961eaabe76,additive,,,expanded_welch,normal_wald,1000,1000,193,0.05,0,2,pair_31545462ebfcf048,0.0038244267103322137,-0.023824426710332212,0.007053278933842966,first,same_skew,-0.01,200,2,2x3,0.0,8730930723655687578,0.02,0.02
0.0,0.019999999999999858,0.019999999999999858,4,3,config_a95f6c582a6f5596,additive,,,expanded_welch,normal_wald,500,500,195,0.05,0,1,pair_40257b980c2277a5,0.0048,-0.0148,0.005,first,same_skew,-0.005,200,3,3x3,0.0,7999383056309371981,0.02,0.02
0.019999999999999483,0.020000000000000108,0.03999999999999959,43,8,config_a968313d61c5584e,additive,,,expanded_welch,normal_wald,1000,1000,154,0.05,0,3,pair_b02a3d46d9460b5c,0.001888585541958216,-0.03188858554195821,0.008616625276509294,first,different_skew,-0.015,200,8,8x8,0.019999999999999483,3264807182126349776,0.02,0.04
0.019999999999999792,0.00010000000000007877,0.02009999999999987,108,5,config_a96893738a5ebc15,additive,,,expanded_welch,normal_wald,1000,1000,81,0.05,0,11,pair_f97af6748d4becb5,-0.023324259080266647,-0.08667574091973335,0.016161092305986405,first,same_skew,-0.055,200,5,5x5,0.019999999999999792,6785924008027021861,0.0001,0.0201
0.0,0.0,0.0,0,2,config_aa0203e55e442dbc,additive,,,expanded_welch,normal_wald,2,2,200,0.05,0,0,pair_3ba53601ff14a9db,0.0,0.0,0.0,first,uniform,0.0,200,2,2x2,0.0,13803668658512251012,0.0,0.0
1.1796119636642288e-16,0.019999999999999813,0.01999999999999993,9,5,config_aad99bd7ab053e48,additive,,,expanded_welch,normal_wald,1000,1000,190,0.05,0,1,pair_a863ca8a53310b0a,0.0048,-0.0148,0.005,first,different_skew,-0.005,200,3,3x5,1.1796119636642288e-16,13831135400572300582,0.02,0.02
0.02000000000000004,0.0010000000000001032,0.02100000000000014,9,8,config_ac33de2e8e283008,additive,,,expanded_welch,normal_wald,20,20,189,0.05,0,2,pair_012d84848d04d69a,0.0038244267103322137,-0.023824426710332212,0.007053278933842966,first,same_skew,-0.01,200,8,8x8,0.02000000000000004,6223910913126980391,0.001,0.021
0.019999999999999903,0.0010000000000000694,0.020999999999999974,140,3,config_ac5500138965fafa,additive,,,expanded_welch,normal_wald,1000,1000,47,0.05,0,13,pair_552332581237c482,-0.030747520355322522,-0.09925247964467748,0.017475754920753817,first,different_skew,-0.065,200,3,3x3,0.019999999999999903,12121523398545060768,0.001,0.021
0.0,0.01999999999999985,0.01999999999999985,11,2,config_aeb6abb998c6c7a8,additive,,,expanded_welch,normal_wald,50000,50000,189,0.05,0,0,pair_0a0e0f72610302eb,0.0,0.0,0.0,first,uniform,0.0,200,2,2x2,0.0,13499270255466234896,0.02,0.02
0.01999999999999994,9.99999999999248e-05,0.020099999999999865,158,3,config_afa4672b49aebc35,loglinear,,,expanded_welch,normal_wald,1000,1000,25,0.05,0,17,pair_231968622555fd5e,-0.04625197751844418,-0.12374802248155584,0.019769399225283583,first,different_skew,-0.085,200,3,3x3,0.01999999999999994,9348023585828515962,0.0001,0.0201
0.02000000000000004,0.0010000000000001032,0.02100000000000014,80,8,config_aff85e92074dc937,additive,,,expanded_welch,normal_wald,1000,1000,111,0.05,0,9,pair_012d84848d04d69a,-0.0161970164861957,-0.0738029835138043,0.01469539975194097,first,same_skew,-0.045,200,8,8x8,0.02000000000000004,9747899659721381486,0.001,0.021
0.019999999999999955,0.0009999999999998953,0.020999999999999852,106,5,config_b1536bef0259a67c,additive,,,expanded_welch,normal_wald,1000,1000,83,0.05,0,11,pair_403b2afef99034a4,-0.023324259080266647,-0.08667574091973335,0.016161092305986405,first,different_skew,-0.055,200,5,5x5,0.019999999999999955,12644838578600042832,0.001,0.021
0.020000000000000046,0.01999999999999999,0.040000000000000036,0,3,config_b1ef74ef5949f77b,additive,,,expanded_welch,normal_wald,2,2,200,0.05,0,0,pair_39932089e73e894c,0.0,0.0,0.0,first,uniform,0.0,200,3,3x3,0.020000000000000046,1290668673243879823,0.02,0.04
0.000200000000000096,9.999999999994985e-06,0.00021000000000009097,1,2,config_b1fd7822db8b2a61,additive,0.9,0.95,expanded_welch,normal_wald,10000,10000,197,0.05,0,2,pair_4608b856ca721d73,0.0038244267103322137,-0.023824426710332212,0.007053278933842966,first,custom_extreme,-0.01,200,2,2x2,0.000200000000000096,13301141531056339586,1e-05,0.00021
9.999999999987651e-05,9.99999999998444e-06,0.00010999999999986095,0,3,config_b29bbf84ee9f7c39,additive,0.9,0.95,expanded_welch,normal_wald,1,1,200,0.05,0,0,pair_cfc98dcd7af4911c,0.0,0.0,0.0,rare,custom_extreme,0.0,200,3,3x3,9.999999999987651e-05,3733839841980509235,1e-05,0.00011
0.02000000000000017,0.01999999999999985,0.04000000000000002,41,2,config_b3536c80f352ad7e,additive,,,expanded_welch,normal_wald,500,500,156,0.05,0,3,pair_f92afa0319e6f637,0.001888585541958216,-0.03188858554195821,0.008616625276509294,first,uniform,-0.015,200,2,2x2,0.02000000000000017,573256878850464749,0.02,0.04
0.00020000000000001362,1.000000000002521e-05,0.00021000000000003882,4,2,config_b40e931a459dd0a7,additive,0.999,0.9995,expanded_welch,normal_wald,10000,10000,167,0.05,0,29,pair_eefd505e658625b8,-0.09607885742386249,-0.1939211425761375,0.02495976662047832,first,custom_extreme,-0.145,200,2,2x2,0.00020000000000001362,14468152275862472474,1e-05,0.00021
0.0,0.0,0.0,0,2,config_b43b1ce6e306f801,additive,,,expanded_welch,normal_wald,1000,1000,200,0.05,0,0,pair_db8c40d28e949494,0.0,0.0,0.0,first,same_skew,0.0,200,2,2x2,0.0,17027252893369214055,0.0,0.0
0.02,0.01999999999999993,0.03999999999999993,60,5,config_b43c8f0b5f4949a5,additive,,,expanded_welch,normal_wald,1000,1000,136,0.05,0,4,pair_abcd1dc4ab79ae8e,-0.000548299734571267,-0.039451700265428734,0.009924336870116702,first,same_skew,-0.02,200,3,3x5,0.02,6432048529981516254,0.02,0.04
0.0,0.020000000000000406,0.020000000000000406,3,8,config_b50ec9a1132798bd,loglinear,,,expanded_welch,normal_wald,1000,1000,197,0.05,0,0,pair_34c2f7b822c0edb8,0.0,0.0,0.0,first,uniform,0.0,200,8,8x8,0.0,6679040804361919703,0.02,0.02
0.20000000000000004,0.01999999999999983,0.21999999999999986,200,3,config_b6dc4d5a7e230d35,additive,,,expanded_welch,normal_wald,1000,1000,0,0.05,0,0,pair_136b94ec2a51d90f,0.0,0.0,0.0,first,different_skew,0.0,200,3,3x3,0.20000000000000004,11701222323338121835,0.02,0.22
2.7755575615628914e-17,0.01999999999999983,0.019999999999999858,4,3,config_b73990abe54408a3,additive,,,expanded_welch,normal_wald,50,50,195,0.05,0,1,pair_fb6e4c79f03f599b,0.0048,-0.0148,0.005,first,different_skew,-0.005,200,3,3x3,2.7755575615628914e-17,3229257515530621320,0.02,0.02
4.163336342344337e-17,0.019999999999999907,0.01999999999999995,6,2,config_b84ad3320df042e5,additive,,,expanded_welch,normal_wald,1000,1000,194,0.05,0,0,pair_308be584e4c09575,0.0,0.0,0.0,first,different_skew,0.0,200,2,2x2,4.163336342344337e-17,9801998529797633271,0.02,0.02
0.020000000000000177,0.019999999999999858,0.040000000000000036,36,3,config_b84cfedf22a71766,additive,,,expanded_welch,normal_wald,500,500,155,0.05,0,9,pair_e3af9cee70530be8,-0.0161970164861957,-0.0738029835138043,0.01469539975194097,first,same_skew,-0.045,200,3,3x3,0.020000000000000177,15221504460694870090,0.02,0.04
0.0,0.01999999999999985,0.01999999999999985,1,2,config_b897bcca9c5e22aa,additive,,,expanded_welch,normal_wald,50,50,199,0.05,0,0,pair_0a0e0f72610302eb,0.0,0.0,0.0,first,uniform,0.0,200,2,2x2,0.0,17401859996028274234,0.02,0.02
0.019999999999999712,0.02000000000000022,0.03999999999999993,73,3,config_b95ceb58b91eb0e7,loglinear,,,expanded_welch,normal_wald,1000,1000,124,0.05,0,3,pair_f598081cb45ca5eb,0.001888585541958216,-0.03188858554195821,0.008616625276509294,first,different_skew,-0.015,200,3,3x3,0.019999999999999712,12983059924981495800,0.02,0.04
0.020000000000000177,0.019999999999999858,0.040000000000000036,6,3,config_b9c864f21df441aa,additive,,,expanded_welch,normal_wald,20,20,190,0.05,0,4,pair_e3af9cee70530be8,-0.000548299734571267,-0.039451700265428734,0.009924336870116702,first,same_skew,-0.02,200,3,3x3,0.020000000000000177,2126249166586979063,0.02,0.04
0.019999999999999234,7.63833440942107e-16,0.019999999999999997,71,8,config_ba22ca2a9a2eb5b7,additive,,,expanded_welch,normal_wald,1000,1000,120,0.05,0,9,pair_8cdd467a21f68272,-0.0161970164861957,-0.0738029835138043,0.01469539975194097,first,same_skew,-0.045,200,8,8x8,0.019999999999999234,14016711611342178316,0.0,0.02
0.0,0.01999999999999999,0.01999999999999999,11,3,config_bb510c31243260da,additive,,,expanded_welch,normal_wald,50000,50000,189,0.05,0,0,pair_915fd4445dd7693e,0.0,0.0,0.0,first,uniform,0.0,200,3,3x3,0.0,6130291956428128258,0.02,0.02
0.019999999999999594,0.019999999999999997,0.03999999999999959,0,8,config_bbc5757736008cfd,additive,,,expanded_welch,normal_wald,2,2,200,0.05,0,0,pair_9584ef4a7c5207d0,0.0,0.0,0.0,first,same_skew,0.0,200,8,8x8,0.019999999999999594,17622491581866436927,0.02,0.04
1.214306433183765e-16,0.019999999999999993,0.019999999999999872,6,5,config_bc16c273413484ad,additive,,,expanded_welch,normal_wald,50,50,187,0.05,0,7,pair_8530c1b9f8c78768,-0.009465508596091417,-0.06053449140390859,0.013027801736688055,first,different_skew,-0.035,200,5,5x5,-1.214306433183765e-16,2838407043534197715,0.02,0.02
0.0,0.0009999999999999907,0.0009999999999999907,0,5,config_bc562067fe321288,additive,,,expanded_welch,normal_wald,1000,1000,199,0.05,0,1,pair_1497be75b51022f5,0.0048,-0.0148,0.005,first,uniform,-0.005,200,5,5x5,0.0,2247596229386427460,0.001,0.001
0.019999999999999792,0.00010000000000007877,0.02009999999999987,12,5,config_bcde82024681ff40,additive,,,expanded_welch,normal_wald,20,20,185,0.05,0,3,pair_f97af6748d4becb5,0.001888585541958216,-0.03188858554195821,0.008616625276509294,first,same_skew,-0.015,200,5,5x5,0.019999999999999792,8373928237489710088,0.0001,0.0201
0.0,0.019999999999999858,0.019999999999999858,1,3,config_bd5f7c52a72fec37,additive,,,expanded_welch,normal_wald,50,50,199,0.05,0,0,pair_40257b980c2277a5,0.0,0.0,0.0,first,same_skew,0.0,200,3,3x3,0.0,11851618139356432668,0.02,0.02
0.01999999999999985,0.0,0.01999999999999985,185,2,config_bd8fc324c8fcc7e2,additive,,,expanded_welch,normal_wald,1000,1000,7,0.05,0,8,pair_cb93fe14c1323759,-0.012773291268651135,-0.06722670873134887,0.013891177924157585,first,uniform,-0.04,200,2,2x2,0.01999999999999985,15664440084368273914,0.0,0.02
0.02000000000000001,0.019999999999999997,0.04000000000000001,11,8,config_be771034c938bb9e,additive,,,expanded_welch,normal_wald,50,50,186,0.05,0,3,pair_5b37ff86eea397f4,0.001888585541958216,-0.03188858554195821,0.008616625276509294,first,uniform,-0.015,200,8,8x8,0.02000000000000001,1587530366456961793,0.02,0.04
0.019999999999999803,0.0010000000000000503,0.020999999999999852,7,5,config_be9c4e50b71b6885,additive,,,expanded_welch,normal_wald,20,20,190,0.05,0,3,pair_4d4406f7160e0477,0.001888585541958216,-0.03188858554195821,0.008616625276509294,first,same_skew,-0.015,200,5,5x5,0.019999999999999803,4933625542287316194,0.001,0.021
0.0,0.0010000000000000009,0.0010000000000000009,1,8,config_be9e25f71fb267a0,additive,,,expanded_welch,normal_wald,1000,1000,197,0.05,0,2,pair_15d235f50b113c0c,0.0038244267103322137,-0.023824426710332212,0.007053278933842966,first,uniform,-0.01,200,8,8x8,0.0,11861222246632619703,0.001,0.001
0.0,0.019999999999999872,0.019999999999999872,5,5,config_bf32f010ab448565,additive,,,expanded_welch,normal_wald,1000,1000,194,0.05,0,1,pair_0e678b31b33a4770,0.0048,-0.0148,0.005,first,same_skew,-0.005,200,5,5x5,0.0,11507981460006456719,0.02,0.02
0.001999999999999634,0.00010000000000019871,0.002099999999999833,29,8,config_bfb9825eacef0938,additive,,,expanded_welch,normal_wald,20,20,160,0.05,0,11,pair_e56962af110cd109,-0.023324259080266647,-0.08667574091973335,0.016161092305986405,spread,different_skew,-0.055,200,8,8x8,0.001999999999999634,172242469268585530,0.0001,0.0021
0.0,0.0,0.0,0,2,config_bfca9d4c4f676391,additive,,,expanded_welch,normal_wald,1000,1000,200,0.05,0,0,pair_5329160e6cee4e51,0.0,0.0,0.0,first,different_skew,0.0,200,2,2x2,0.0,9446420238559042152,0.0,0.0
0.001999999999999918,0.00010000000000004715,0.002099999999999965,5,5,config_c10f0c969d00ad09,additive,,,expanded_welch,normal_wald,1000,1000,189,0.05,0,6,pair_13fa4fb8e73de851,-0.006298489329998373,-0.053701510670001625,0.012092607484694708,rare,different_skew,-0.03,200,5,5x5,0.001999999999999918,840867146383299298,0.0001,0.0021
0.020000000000000098,-1.0103029524088927e-16,0.019999999999999997,0,8,config_c10fd756618becf9,additive,,,expanded_welch,normal_wald,2,2,200,0.05,0,0,pair_781a8ab0c8ee3ba8,0.0,0.0,0.0,first,different_skew,0.0,200,8,8x8,0.020000000000000098,2768147477551127466,0.0,0.02
0.00020000000000053647,9.999999999821938e-06,0.00021000000000035842,0,8,config_c147b1a26d52e03c,additive,0.999,0.9995,expanded_welch,normal_wald,1,1,200,0.05,0,0,pair_e05f9077b1dab729,0.0,0.0,0.0,first,custom_extreme,0.0,200,8,8x8,0.00020000000000053647,13107650591998669532,1e-05,0.00021
1.2836953722228372e-16,0.02000000000000022,0.02000000000000009,8,3,config_c1cd6f7372f54f42,loglinear,,,expanded_welch,normal_wald,1000,1000,190,0.05,0,2,pair_f262d0191aa9e5d4,0.0038244267103322137,-0.023824426710332212,0.007053278933842966,first,different_skew,-0.01,200,3,3x3,-1.2836953722228372e-16,11168037684453773302,0.02,0.02
0.019999999999999594,0.019999999999999997,0.03999999999999959,16,8,config_c2b204d82ad7939a,additive,,,expanded_welch,normal_wald,500,500,183,0.05,0,1,pair_9584ef4a7c5207d0,0.0048,-0.0148,0.005,first,same_skew,-0.005,200,8,8x8,0.019999999999999594,2331844384175388067,0.02,0.04
0.0,0.0001000000000000497,0.0001000000000000497,0,3,config_c443474c0f0e9fee,additive,,,expanded_welch,normal_wald,50000,50000,198,0.05,0,2,pair_fbd64f5a55f6dd71,0.0038244267103322137,-0.023824426710332212,0.007053278933842966,first,uniform,-0.01,200,3,3x3,0.0,5245746867335906141,0.0001,0.0001
0.020000000000000046,0.040000000000000036,0.01999999999999999,4,3,config_c48d9ce2d74c7e42,additive,,,expanded_welch,normal_wald,50,50,192,0.05,0,4,pair_af00a0e055f36a67,-0.000548299734571267,-0.039451700265428734,0.009924336870116702,first,uniform,-0.02,200,3,3x3,-0.020000000000000046,9228768416870121750,0.04,0.02
1.2389720326078102e-16,9.999999999998935e-05,0.00010000000000011325,27,8,config_c4afe29571cc9d26,additive,,,expanded_welch,normal_wald,20,20,158,0.05,0,15,pair_84b4c2fa979853ff,-0.038404218053423055,-0.11159578194657693,0.018671317319682114,first,different_skew,-0.075,200,8,8x8,1.2389720326078102e-16,509228113276597941,0.0001,0.0001
0.020000000000000066,0.039999999999999925,0.019999999999999858,33,3,config_c59579361552b4bc,additive,,,expanded_welch,normal_wald,500,500,164,0.05,0,3,pair_2b2b85692099c674,0.001888585541958216,-0.03188858554195821,0.008616625276509294,first,different_skew,-0.015,200,3,3x3,-0.020000000000000066,4208914204602475162,0.04,0.02
0.020000000000000205,0.01999999999999983,0.040000000000000036,2,3,config_c6d3a3e96a4abc7e,additive,,,expanded_welch,normal_wald,20,20,192,0.05,0,6,pair_4a4e8313c00982bf,-0.006298489329998373,-0.053701510670001625,0.012092607484694708,first,different_skew,-0.03,200,3,3x3,0.020000000000000205,17343441750586202207,0.02,0.04
0.0,0.019999999999999872,0.019999999999999872,7,5,config_c74ccbd17a88a908,additive,,,expanded_welch,normal_wald,50000,50000,193,0.05,0,0,pair_0e678b31b33a4770,0.0,0.0,0.0,first,same_skew,0.0,200,5,5x5,0.0,897126642255364568,0.02,0.02
6.331740687315346e-17,0.00010000000000014209,0.00010000000000007877,13,5,config_c7d4dc4225d593e8,additive,,,expanded_welch,normal_wald,20,20,179,0.05,0,8,pair_ab54a9a79927cb3d,-0.012773291268651135,-0.06722670873134887,0.013891177924157585,first,different_skew,-0.04,200,5,5x5,-6.331740687315346e-17,13247050959889537566,0.0001,0.0001
0.0,0.01999999999999995,0.01999999999999995,7,2,config_c89d367d7c2b178b,additive,,,expanded_welch,normal_wald,1000,1000,193,0.05,0,0,pair_cd3f51adc4b4ed85,0.0,0.0,0.0,first,same_skew,0.0,200,2,2x2,0.0,7970202933343392464,0.02,0.02
0.020000000000000094,0.0199999999999999,0.039999999999999994,2,3,config_c9117339311f4ae9,additive,,,expanded_welch,normal_wald,20,20,194,0.05,0,4,pair_f6fbf41ad0e156b6,-0.000548299734571267,-0.039451700265428734,0.009924336870116702,first,different_skew,-0.02,200,2,2x3,0.020000000000000094,538034879860550408,0.02,0.04
0.0,9.999999999997034e-05,9.999999999997034e-05,0,2,config_c92120ade93284f7,additive,,,expanded_welch,normal_wald,1000,1000,199,0.05,0,1,pair_ad832910536bb3a6,0.0048,-0.0148,0.005,first,same_skew,-0.005,200,2,2x2,0.0,3820850094495226784,0.0001,0.0001
0.019999999999999594,0.03999999999999959,0.019999999999999997,14,8,config_c99cb7c188b9a79b,additive,,,expanded_welch,normal_wald,500,500,185,0.05,0,1,pair_057b57da58f311af,0.0048,-0.0148,0.005,first,same_skew,-0.005,200,8,8x8,-0.019999999999999594,13683641208462333846,0.04,0.02
0.2000000000000002,0.01999999999999985,0.22000000000000006,200,2,config_c9a58604d3bf96ba,additive,,,expanded_welch,normal_wald,1000,1000,0,0.05,0,0,pair_093b9439f7a0356e,0.0,0.0,0.0,first,uniform,0.0,200,2,2x2,0.2000000000000002,15267908351773050824,0.02,0.22
0.0,0.00010000000000003344,0.00010000000000003344,0,3,config_ca93ec8d4d26e366,additive,,,expanded_welch,normal_wald,1000,1000,200,0.05,0,0,pair_86bf50be067b57d9,0.0,0.0,0.0,first,same_skew,0.0,200,3,3x3,0.0,4727962388162391110,0.0001,0.0001
0.0,0.0010000000000000503,0.0010000000000000503,6,5,config_cab9cd47a3d99548,additive,,,expanded_welch,normal_wald,20,20,194,0.05,0,0,pair_ce3104319adf7c92,0.0,0.0,0.0,first,same_skew,0.0,200,5,5x5,0.0,7319272495236311310,0.001,0.001
8.648637361829963e-16,-1.0103029524088927e-16,7.63833440942107e-16,0,8,config_cabd61ec4347292c,additive,,,expanded_welch,normal_wald,2,2,200,0.05,0,0,pair_4b83094b56e4bdd9,0.0,0.0,0.0,first,different_skew,0.0,200,8,8x8,8.648637361829963e-16,10781016365678323091,0.0,0.0
8.652610962792129e-17,9.99999999998444e-06,9.999999999897915e-06,0,3,config_cb1ade61ba811419,additive,0.9,0.95,expanded_welch,normal_wald,1,1,200,0.05,0,0,pair_6e4b699b5d7d8066,0.0,0.0,0.0,rare,custom_extreme,0.0,200,3,3x3,-8.652610962792129e-17,16295112900565846105,1e-05,1e-05
0.02000000000000004,0.001000000000000027,0.021000000000000067,8,3,config_cbf1c8af45b2e340,additive,,,expanded_welch,normal_wald,20,20,179,0.05,0,13,pair_6f50bd3d8c0e1655,-0.030747520355322522,-0.09925247964467748,0.017475754920753817,first,uniform,-0.065,200,3,3x3,0.02000000000000004,4519677712106403106,0.001,0.021
9.999999999993047e-05,9.99999999992635e-06,0.00010999999999985682,0,3,config_cc1f226c3d48d5f5,additive,0.9,0.95,expanded_welch,normal_wald,10000,10000,198,0.05,0,2,pair_204babdf9da6c75c,0.0038244267103322137,-0.023824426710332212,0.007053278933842966,first,custom_extreme,-0.01,200,3,3x3,9.999999999993047e-05,16796313657960407977,1e-05,0.00011
0.0,0.0,0.0,0,2,config_cc5bc33f9222c84a,additive,,,expanded_welch,normal_wald,1000,1000,200,0.05,0,0,pair_3ba53601ff14a9db,0.0,0.0,0.0,first,uniform,0.0,200,2,2x2,0.0,9010894753928314481,0.0,0.0
0.0,0.0001000000000000497,0.0001000000000000497,0,3,config_cd20e34ce03c1ac8,additive,,,expanded_welch,normal_wald,1000,1000,200,0.05,0,0,pair_fbd64f5a55f6dd71,0.0,0.0,0.0,first,uniform,0.0,200,3,3x3,0.0,15240205692328085752,0.0001,0.0001
0.01999999999999999,0.0010000000000000338,0.021000000000000026,166,2,config_cd61c7e13a4e8853,additive,,,expanded_welch,normal_wald,1000,1000,25,0.05,0,9,pair_7cc32c477d8083fb,-0.0161970164861957,-0.0738029835138043,0.01469539975194097,first,different_skew,-0.045,200,2,2x2,0.01999999999999999,1381345251269988735,0.001,0.021
2.4411828353047837e-16,1.0000000000155094e-05,9.999999999910976e-06,0,2,config_cd63e9375ca52111,additive,0.99,0.995,expanded_welch,normal_wald,1,1,200,0.05,0,0,pair_57f92fb421b99041,0.0,0.0,0.0,first,custom_extreme,0.0,200,2,2x2,-2.4411828353047837e-16,5929561751653556069,1e-05,1e-05
0.02000000000000001,0.04000000000000001,0.019999999999999997,44,8,config_ce076bb16c1d7a85,additive,,,expanded_welch,normal_wald,500,500,151,0.05,0,5,pair_7bc5a496005b9f3b,-0.00330788763874142,-0.046692112361258586,0.011067404265948256,first,different_skew,-0.025,200,8,8x8,-0.02000000000000001,15096028973377865878,0.04,0.02
0.0,0.01999999999999999,0.01999999999999999,5,3,config_ce432a7704c33893,additive,,,expanded_welch,normal_wald,1000,1000,194,0.05,0,1,pair_915fd4445dd7693e,0.0048,-0.0148,0.005,first,uniform,-0.005,200,3,3x3,0.0,14024003002738705947,0.02,0.02
0.0,0.01999999999999995,0.01999999999999995,0,2,config_ceca18acdc35d810,additive,,,expanded_welch,normal_wald,2,2,200,0.05,0,0,pair_cd3f51adc4b4ed85,0.0,0.0,0.0,first,same_skew,0.0,200,2,2x2,0.0,14564363086478801525,0.02,0.02
0.019999999999999813,0.03999999999999981,0.019999999999999993,8,5,config_cf11ea20a0c072cd,additive,,,expanded_welch,normal_wald,50,50,190,0.05,0,2,pair_2d62ec2a6d8e6686,0.0038244267103322137,-0.023824426710332212,0.007053278933842966,first,uniform,-0.01,200,5,5x5,-0.019999999999999813,69313077080261891,0.04,0.02
0.0,0.019999999999999997,0.019999999999999997,4,5,config_cf74e29523914de0,additive,,,expanded_welch,normal_wald,1000,1000,194,0.05,0,2,pair_de5f543640a1976a,0.0038244267103322137,-0.023824426710332212,0.007053278933842966,first,uniform,-0.01,200,3,3x5,0.0,4811221911581416682,0.02,0.02
0.0,0.00010000000000011325,0.00010000000000011325,2,8,config_d0147e37715090b0,additive,,,expanded_welch,normal_wald,50000,50000,196,0.05,0,2,pair_59641391e1eee31f,0.0038244267103322137,-0.023824426710332212,0.007053278933842966,first,same_skew,-0.01,200,8,8x8,0.0,12671764587026579584,0.0001,0.0001
6.544345957076175e-17,9.99999999991951e-06,9.999999999984954e-06,2,3,config_d19d4c5f18b5a3d7,additive,0.999,0.9995,expanded_welch,normal_wald,10000,10000,156,0.05,0,42,pair_24734b5159c09297,-0.15340830183226928,-0.2665916981677307,0.02887331539169935,first,custom_extreme,-0.21,200,3,3x3,6.544345957076175e-17,6206675007940338998,1e-05,1e-05
0.02000000000000006,0.019999999999999934,0.039999999999999994,86,3,config_d1f8e6b0691f6950,additive,,,expanded_welch,normal_wald,1000,1000,111,0.05,0,3,pair_a974b4737f1b849c,0.001888585541958216,-0.03188858554195821,0.008616625276509294,first,uniform,-0.015,200,2,2x3,0.02000000000000006,5187213153323712260,0.02,0.04
3.906922528551515e-16,9.999999999979871e-05,0.0001000000000001894,16,5,config_d21128df1c7e5d5e,loglinear,,,expanded_welch,normal_wald,20,20,177,0.05,0,7,pair_bdbd6bc8436be4be,-0.009465508596091417,-0.06053449140390859,0.013027801736688055,first,different_skew,-0.035,200,5,5x5,3.906922528551515e-16,11634391853219790909,0.0001,0.0001
0.01999999999999987,0.00010000000000011325,0.020099999999999982,7,8,config_d237b320e7f41895,additive,,,expanded_welch,normal_wald,20,20,186,0.05,0,7,pair_de9ba37b68c66590,-0.009465508596091417,-0.06053449140390859,0.013027801736688055,first,same_skew,-0.035,200,8,8x8,0.01999999999999987,11148284566210200642,0.0001,0.0201
0.0,0.0009999999999999593,0.0009999999999999593,0,2,config_d256088592e27f0f,additive,,,expanded_welch,normal_wald,20,20,200,0.05,0,0,pair_04c288e974286575,0.0,0.0,0.0,first,uniform,0.0,200,2,2x2,0.0,18252178660770885507,0.001,0.001
6.544345957076175e-17,9.99999999991951e-06,9.999999999984954e-06,0,3,config_d27ed5e2890b849d,additive,0.999,0.9995,expanded_welch,normal_wald,1,1,200,0.05,0,0,pair_24734b5159c09297,0.0,0.0,0.0,first,custom_extreme,0.0,200,3,3x3,6.544345957076175e-17,10046368285523291689,1e-05,1e-05
3.025601687592361e-18,9.999999999999965e-06,1.000000000000299e-05,0,8,config_d2b68d6a16124332,additive,0.9,0.95,expanded_welch,normal_wald,1,1,200,0.05,0,0,pair_d1eeee155496314e,0.0,0.0,0.0,rare,custom_extreme,0.0,200,8,8x8,3.025601687592361e-18,12793443167656504997,1e-05,1e-05
0.019999999999999483,0.020000000000000108,0.03999999999999959,7,8,config_d3e00bba2c30cf26,additive,,,expanded_welch,normal_wald,500,500,193,0.05,0,0,pair_b02a3d46d9460b5c,0.0,0.0,0.0,first,different_skew,0.0,200,8,8x8,0.019999999999999483,11823437181057482613,0.02,0.04
0.0,0.0010000000000000009,0.0010000000000000009,15,8,config_d40810768783d100,additive,,,expanded_welch,normal_wald,20,20,184,0.05,0,1,pair_15d235f50b113c0c,0.0048,-0.0148,0.005,first,uniform,-0.005,200,8,8x8,0.0,929577530612978867,0.001,0.001
1.3877787807814457e-17,0.0199999999999999,0.019999999999999914,2,3,config_d4216872075f26e5,additive,,,expanded_welch,normal_wald,20,20,196,0.05,0,2,pair_adee54f9462e2fac,0.0038244267103322137,-0.023824426710332212,0.007053278933842966,first,different_skew,-0.01,200,2,2x3,1.3877787807814457e-17,5422106737497919060,0.02,0.02
0.0,0.001000000000000027,0.001000000000000027,4,3,config_d525061e8d785da3,additive,,,expanded_welch,normal_wald,20,20,191,0.05,0,5,pair_faa75fd605e6c5c4,-0.00330788763874142,-0.046692112361258586,0.011067404265948256,first,uniform,-0.025,200,3,3x3,0.0,13960901876155190728,0.001,0.001
0.0020000000000018293,0.00010000000000001779,0.002100000000001847,23,8,config_d5468226443bc2b8,additive,,,expanded_welch,normal_wald,20,20,169,0.05,0,8,pair_7d0e143b20604179,-0.012773291268651135,-0.06722670873134887,0.013891177924157585,rare,different_skew,-0.04,200,8,8x8,0.0020000000000018293,15196220240655647761,0.0001,0.0021
0.020000000000000028,0.00010000000000000011,0.020100000000000028,135,5,config_d697c5e93bd4362d,additive,,,expanded_welch,normal_wald,1000,1000,53,0.05,0,12,pair_23938b64c626920d,-0.027003408124824706,-0.09299659187517528,0.016834995854681272,first,uniform,-0.06,200,5,5x5,0.020000000000000028,14212623878590672265,0.0001,0.0201
0.020000000000000046,0.01999999999999995,0.039999999999999994,77,2,config_d88eb4d6a1db28f3,additive,,,expanded_welch,normal_wald,1000,1000,121,0.05,0,2,pair_6efac570a6eb6806,0.0038244267103322137,-0.023824426710332212,0.007053278933842966,first,same_skew,-0.01,200,2,2x2,0.020000000000000046,4460200748345604980,0.02,0.04
1.3444106938820255e-17,9.99999999999569e-05,9.999999999997034e-05,0,2,config_daba002eb91fb87e,additive,,,expanded_welch,normal_wald,20,20,200,0.05,0,0,pair_f3732ebcaf2f6745,0.0,0.0,0.0,first,different_skew,0.0,200,2,2x2,1.3444106938820255e-17,12942919481785467931,0.0001,0.0001
0.00019999999999967591,1.0000000000155094e-05,0.000209999999999831,0,2,config_de6f84abb2cdee65,additive,0.99,0.995,expanded_welch,normal_wald,1,1,200,0.05,0,0,pair_0fe5722ea6956997,0.0,0.0,0.0,first,custom_extreme,0.0,200,2,2x2,0.00019999999999967591,3118796911749945173,1e-05,0.00021
0.019999999999999903,0.0010000000000000694,0.020999999999999974,3,3,config_def0ba32bc386b94,additive,,,expanded_welch,normal_wald,20,20,194,0.05,0,3,pair_552332581237c482,0.001888585541958216,-0.03188858554195821,0.008616625276509294,first,different_skew,-0.015,200,3,3x3,0.019999999999999903,999172339789443512,0.001,0.021
0.019999999999999594,0.019999999999999997,0.03999999999999959,4,8,config_df9de835ccd9f9b7,additive,,,expanded_welch,normal_wald,50,50,194,0.05,0,2,pair_9584ef4a7c5207d0,0.0038244267103322137,-0.023824426710332212,0.007053278933842966,first,same_skew,-0.01,200,8,8x8,0.019999999999999594,13896022708108781941,0.02,0.04
0.0,0.019999999999999997,0.019999999999999997,12,8,config_e005ea8a05c1ddad,additive,,,expanded_welch,normal_wald,20,20,185,0.05,0,3,pair_6271495019b80969,0.001888585541958216,-0.03188858554195821,0.008616625276509294,first,same_skew,-0.015,200,8,8x8,0.0,3844269629882444687,0.02,0.02
0.0,0.01999999999999993,0.01999999999999993,5,5,config_e018bfdc63f2eda6,additive,,,expanded_welch,normal_wald,20,20,190,0.05,0,5,pair_545fbfbf1742477c,-0.00330788763874142,-0.046692112361258586,0.011067404265948256,first,same_skew,-0.025,200,3,3x5,0.0,1909226159689637159,0.02,0.02
0.020000000000000046,0.01999999999999999,0.040000000000000036,13,3,config_e0c9e25a493ee1f8,additive,,,expanded_welch,normal_wald,20,20,181,0.05,0,6,pair_39932089e73e894c,-0.006298489329998373,-0.053701510670001625,0.012092607484694708,first,uniform,-0.03,200,3,3x3,0.020000000000000046,2514460608121797695,0.02,0.04
6.331740687315346e-17,0.00010000000000014209,0.00010000000000007877,0,5,config_e142af3d1ff0b743,additive,,,expanded_welch,normal_wald,50000,50000,200,0.05,0,0,pair_ab54a9a79927cb3d,0.0,0.0,0.0,first,different_skew,0.0,200,5,5x5,-6.331740687315346e-17,1386663456122435445,0.0001,0.0001
0.0,7.63833440942107e-16,7.63833440942107e-16,2,8,config_e33ac1c9dff20e00,additive,,,expanded_welch,normal_wald,1000,1000,198,0.05,0,0,pair_98bcff8d64c21c9d,0.0,0.0,0.0,first,same_skew,0.0,200,8,8x8,0.0,6345084441921158685,0.0,0.0
0.01999999999999901,9.999999999990407e-05,0.020099999999998917,19,8,config_e36591c5674aff5a,loglinear,,,expanded_welch,normal_wald,20,20,176,0.05,0,5,pair_0a6a43b82629c0d8,-0.00330788763874142,-0.046692112361258586,0.011067404265948256,first,different_skew,-0.025,200,8,8x8,0.01999999999999901,2431799209404358774,0.0001,0.0201
9.999999999977946e-05,9.999999999999965e-06,0.00010999999999977944,4,8,config_e3f88de7f28d171f,additive,0.9,0.95,expanded_welch,normal_wald,10000,10000,192,0.05,0,4,pair_b026b150200a484d,-0.000548299734571267,-0.039451700265428734,0.009924336870116702,rare,custom_extreme,-0.02,200,8,8x8,9.999999999977946e-05,7942415703258815200,1e-05,0.00011
3.09338126403165e-16,1.0000000000052644e-05,1.0000000000361982e-05,44,8,config_e53e6a7bb521336a,additive,0.99,0.995,expanded_welch,normal_wald,10000,10000,156,0.05,0,0,pair_67825472e6adb28d,0.0,0.0,0.0,first,custom_extreme,0.0,200,8,8x8,3.09338126403165e-16,5945371789710346709,1e-05,1e-05
0.020000000000000198,9.999999999979871e-05,0.020099999999999996,14,5,config_e664a3716a509a43,loglinear,,,expanded_welch,normal_wald,20,20,178,0.05,0,8,pair_f3050fed91456f6e,-0.012773291268651135,-0.06722670873134887,0.013891177924157585,first,different_skew,-0.04,200,5,5x5,0.020000000000000198,17368343140766123822,0.0001,0.0201
0.01999999999999995,0.00010000000000048729,0.020100000000000437,5,3,config_e7fbc14d1fa1a2ba,loglinear,,,expanded_welch,normal_wald,20,20,186,0.05,0,9,pair_935285f454728dfb,-0.0161970164861957,-0.0738029835138043,0.01469539975194097,first,uniform,-0.045,200,3,3x3,0.01999999999999995,4772136690137450676,0.0001,0.0201
2.247009002476208e-17,0.00010000000000019871,0.00010000000000017624,3,8,config_e835f2a74ef55728,additive,,,expanded_welch,normal_wald,1000,1000,196,0.05,0,1,pair_286442dbddf79c00,0.0048,-0.0148,0.005,spread,different_skew,-0.005,200,8,8x8,-2.247009002476208e-17,3558890913137942863,0.0001,0.0001
4.786752591523502e-17,0.00010000000000004715,9.999999999999929e-05,3,5,config_ea38b004cfb5be5e,additive,,,expanded_welch,normal_wald,1000,1000,196,0.05,0,1,pair_17e81997b1cc4634,0.0048,-0.0148,0.005,rare,different_skew,-0.005,200,5,5x5,-4.786752591523502e-17,10743139287456323512,0.0001,0.0001
2.7755575615628914e-17,0.01999999999999983,0.019999999999999858,3,3,config_ebf13e401c84bfcd,additive,,,expanded_welch,normal_wald,20,20,196,0.05,0,1,pair_fb6e4c79f03f599b,0.0048,-0.0148,0.005,first,different_skew,-0.005,200,3,3x3,2.7755575615628914e-17,8128629215177048566,0.02,0.02
0.020000000000000066,0.039999999999999925,0.019999999999999858,7,3,config_ecae91b8cc906e16,additive,,,expanded_welch,normal_wald,50,50,190,0.05,0,3,pair_2b2b85692099c674,0.001888585541958216,-0.03188858554195821,0.008616625276509294,first,different_skew,-0.015,200,3,3x3,-0.020000000000000066,476675876867711350,0.04,0.02
2.489328188026718e-16,0.0010000000000000694,0.0009999999999998205,1,3,config_ecfdae8b12240898,additive,,,expanded_welch,normal_wald,1000,1000,199,0.05,0,0,pair_db0c88431b1b00a3,0.0,0.0,0.0,first,different_skew,0.0,200,3,3x3,-2.489328188026718e-16,3072834825637235278,0.001,0.001
4.786752591523502e-17,0.00010000000000004715,9.999999999999929e-05,1,5,config_ed35be734311a645,additive,,,expanded_welch,normal_wald,50000,50000,199,0.05,0,0,pair_17e81997b1cc4634,0.0,0.0,0.0,rare,different_skew,0.0,200,5,5x5,-4.786752591523502e-17,7458613637993682691,0.0001,0.0001
4.163336342344337e-17,0.019999999999999907,0.01999999999999995,0,2,config_edfcd95edaba3209,additive,,,expanded_welch,normal_wald,2,2,200,0.05,0,0,pair_308be584e4c09575,0.0,0.0,0.0,first,different_skew,0.0,200,2,2x2,4.163336342344337e-17,7881436896007645336,0.02,0.02
0.0,0.019999999999999914,0.019999999999999914,2,3,config_ee18b862b1d52546,additive,,,expanded_welch,normal_wald,20,20,194,0.05,0,4,pair_31545462ebfcf048,-0.000548299734571267,-0.039451700265428734,0.009924336870116702,first,same_skew,-0.02,200,2,2x3,0.0,12536787652351518639,0.02,0.02
1.0018028073766061e-16,0.0001000000000000523,9.999999999995212e-05,3,3,config_ee9be91e1ce058c9,additive,,,expanded_welch,normal_wald,50000,50000,196,0.05,0,1,pair_f7bc22e75aacc70b,0.0048,-0.0148,0.005,rare,different_skew,-0.005,200,3,3x3,-1.0018028073766061e-16,4813585248310484990,0.0001,0.0001
0.01999999999999992,0.0009999999999999593,0.02099999999999988,1,2,config_ee9d936e177f365e,additive,,,expanded_welch,normal_wald,20,20,194,0.05,0,5,pair_0a0674a7c208891c,-0.00330788763874142,-0.046692112361258586,0.011067404265948256,first,uniform,-0.025,200,2,2x2,0.01999999999999992,8754831740983129111,0.001,0.021
4.163336342344337e-17,0.019999999999999907,0.01999999999999995,4,2,config_eec415392181e974,additive,,,expanded_welch,normal_wald,500,500,192,0.05,0,4,pair_308be584e4c09575,-0.000548299734571267,-0.039451700265428734,0.009924336870116702,first,different_skew,-0.02,200,2,2x2,4.163336342344337e-17,10452894034820746998,0.02,0.02
0.20000000000000012,0.019999999999999907,0.22000000000000003,51,2,config_ef2ef78f09a52429,additive,,,expanded_welch,normal_wald,20,20,141,0.05,0,8,pair_c4ed246236566b7c,-0.012773291268651135,-0.06722670873134887,0.013891177924157585,first,different_skew,-0.04,200,2,2x2,0.20000000000000012,11419367503952232341,0.02,0.22
0.020000000000000472,9.999999999950543e-05,0.02009999999999998,127,5,config_f176a4ba64c971bd,loglinear,,,expanded_welch,normal_wald,1000,1000,66,0.05,0,7,pair_d5737633c2c7847b,-0.009465508596091417,-0.06053449140390859,0.013027801736688055,first,uniform,-0.035,200,5,5x5,0.020000000000000472,11626347179899413159,0.0001,0.0201
0.019999999999999955,0.0009999999999998953,0.020999999999999852,14,5,config_f2a9caa57feab0cd,additive,,,expanded_welch,normal_wald,20,20,178,0.05,0,8,pair_403b2afef99034a4,-0.012773291268651135,-0.06722670873134887,0.013891177924157585,first,different_skew,-0.04,200,5,5x5,0.019999999999999955,15044693281048262201,0.001,0.021
1.8636080092310214e-16,9.999999999990407e-05,0.00010000000000009043,30,8,config_f332bc22d0c19db0,loglinear,,,expanded_welch,normal_wald,20,20,161,0.05,0,9,pair_dbd3e93402b7e897,-0.0161970164861957,-0.0738029835138043,0.01469539975194097,first,different_skew,-0.045,200,8,8x8,1.8636080092310214e-16,2058640844859873483,0.0001,0.0001
0.019999999999999712,0.02000000000000022,0.03999999999999993,9,3,config_f3ae359347b6a8ae,loglinear,,,expanded_welch,normal_wald,20,20,189,0.05,0,2,pair_f598081cb45ca5eb,0.0038244267103322137,-0.023824426710332212,0.007053278933842966,first,different_skew,-0.01,200,3,3x3,0.019999999999999712,18103618752585643585,0.02,0.04
0.02000000000000001,0.04000000000000001,0.019999999999999997,10,8,config_f3bad0c02b5dbf15,additive,,,expanded_welch,normal_wald,50,50,186,0.05,0,4,pair_e2ef6ae606a98bd2,-0.000548299734571267,-0.039451700265428734,0.009924336870116702,first,uniform,-0.02,200,8,8x8,-0.02000000000000001,2338285320626762386,0.04,0.02
0.020000000000000007,9.999999999999289e-05,0.0201,8,8,config_f3cf0116fa461515,additive,,,expanded_welch,normal_wald,20,20,188,0.05,0,4,pair_d71c530a055ff2f7,-0.000548299734571267,-0.039451700265428734,0.009924336870116702,first,uniform,-0.02,200,8,8x8,0.020000000000000007,14159993178587711176,0.0001,0.0201
1.214306433183765e-16,0.019999999999999993,0.019999999999999872,0,5,config_f4cd559b3ed00163,additive,,,expanded_welch,normal_wald,2,2,200,0.05,0,0,pair_8530c1b9f8c78768,0.0,0.0,0.0,first,different_skew,0.0,200,5,5x5,-1.214306433183765e-16,18245523843219959792,0.02,0.02
0.020000000000000046,0.040000000000000036,0.01999999999999999,43,3,config_f50af689056e587c,additive,,,expanded_welch,normal_wald,500,500,154,0.05,0,3,pair_af00a0e055f36a67,0.001888585541958216,-0.03188858554195821,0.008616625276509294,first,uniform,-0.015,200,3,3x3,-0.020000000000000046,15671921725903414332,0.04,0.02
0.02000000000000001,0.03999999999999988,0.019999999999999872,20,5,config_f5377edf8c8e6f7f,additive,,,expanded_welch,normal_wald,500,500,173,0.05,0,7,pair_140302786e61feb8,-0.009465508596091417,-0.06053449140390859,0.013027801736688055,first,same_skew,-0.035,200,5,5x5,-0.02000000000000001,12561020582449777163,0.04,0.02
2.4411828353047837e-16,1.0000000000155094e-05,9.999999999910976e-06,31,2,config_f54e26b32555f1f4,additive,0.99,0.995,expanded_welch,normal_wald,10000,10000,157,0.05,0,12,pair_57f92fb421b99041,-0.027003408124824706,-0.09299659187517528,0.016834995854681272,first,custom_extreme,-0.06,200,2,2x2,-2.4411828353047837e-16,15310586182597827041,1e-05,1e-05
0.0,0.01999999999999985,0.01999999999999985,0,2,config_f5bd1ee837e6f46b,additive,,,expanded_welch,normal_wald,2,2,200,0.05,0,0,pair_0a0e0f72610302eb,0.0,0.0,0.0,first,uniform,0.0,200,2,2x2,0.0,17134648814405091742,0.02,0.02
0.01999999999999992,0.0009999999999999593,0.02099999999999988,185,2,config_f5d51590bf2eb1b4,additive,,,expanded_welch,normal_wald,1000,1000,9,0.05,0,6,pair_0a0674a7c208891c,-0.006298489329998373,-0.053701510670001625,0.012092607484694708,first,uniform,-0.03,200,2,2x2,0.01999999999999992,15809592270637285566,0.001,0.021
0.019999999999999813,0.019999999999999993,0.03999999999999981,43,5,config_f622838db07c206f,additive,,,expanded_welch,normal_wald,500,500,155,0.05,0,2,pair_45f2b342723736ae,0.0038244267103322137,-0.023824426710332212,0.007053278933842966,first,uniform,-0.01,200,5,5x5,0.019999999999999813,12290928701247876948,0.02,0.04
0.020000000000000046,0.01999999999999999,0.040000000000000036,79,3,config_f62660bbb1182b23,additive,,,expanded_welch,normal_wald,1000,1000,116,0.05,0,5,pair_39932089e73e894c,-0.00330788763874142,-0.046692112361258586,0.011067404265948256,first,uniform,-0.025,200,3,3x3,0.020000000000000046,4184241223133494059,0.02,0.04
0.01999999999999989,0.019999999999999993,0.03999999999999988,49,5,config_f712ce2208585016,additive,,,expanded_welch,normal_wald,1000,1000,149,0.05,0,2,pair_9444938a7041d7e8,0.0038244267103322137,-0.023824426710332212,0.007053278933842966,first,different_skew,-0.01,200,5,5x5,0.01999999999999989,15708067343358901330,0.02,0.04
0.01999999999999973,0.00010000000000014209,0.02009999999999987,11,5,config_f7d222e8dbc6fe22,additive,,,expanded_welch,normal_wald,20,20,186,0.05,0,3,pair_88c3b7ff02cd7e99,0.001888585541958216,-0.03188858554195821,0.008616625276509294,first,different_skew,-0.015,200,5,5x5,0.01999999999999973,10513548477580604367,0.0001,0.0201
0.0,0.02000000000000002,0.02000000000000002,16,5,config_f835b2a13103e90f,loglinear,,,expanded_welch,normal_wald,20,20,176,0.05,0,8,pair_5c38765fa78c09fa,-0.012773291268651135,-0.06722670873134887,0.013891177924157585,first,uniform,-0.04,200,5,5x5,0.0,13746809352426467990,0.02,0.02
0.0,0.00010000000000000011,0.00010000000000000011,0,5,config_f943ad5bfb7a880f,additive,,,expanded_welch,normal_wald,50000,50000,199,0.05,0,1,pair_a1e0a47621ca83d1,0.0048,-0.0148,0.005,first,uniform,-0.005,200,5,5x5,0.0,14376208538800881555,0.0001,0.0001
0.0,0.019999999999999997,0.019999999999999997,5,5,config_f9fc80778a565302,additive,,,expanded_welch,normal_wald,20,20,190,0.05,0,5,pair_de5f543640a1976a,-0.00330788763874142,-0.046692112361258586,0.011067404265948256,first,uniform,-0.025,200,3,3x5,0.0,5460657953251439263,0.02,0.02
3.5778671692021646e-17,9.999999999999766e-05,0.00010000000000003344,3,3,config_faf01d01d7f4da99,additive,,,expanded_welch,normal_wald,20,20,194,0.05,0,3,pair_b1768989ebd518b8,0.001888585541958216,-0.03188858554195821,0.008616625276509294,first,different_skew,-0.015,200,3,3x3,3.5778671692021646e-17,399067472133167175,0.0001,0.0001
0.020000000000000046,0.01999999999999999,0.040000000000000036,8,3,config_fbacd15c950a8923,additive,,,expanded_welch,normal_wald,50,50,191,0.05,0,1,pair_39932089e73e894c,0.0048,-0.0148,0.005,first,uniform,-0.005,200,3,3x3,0.020000000000000046,4605056294404226087,0.02,0.04
0.00020000000000023295,9.99999999977034e-06,0.0002100000000000033,2,8,config_fc71b81b4fa9a1e2,additive,0.9,0.95,expanded_welch,normal_wald,10000,10000,197,0.05,0,1,pair_0d9d79f849253936,0.0048,-0.0148,0.005,first,custom_extreme,-0.005,200,8,8x8,0.00020000000000023295,1538780383001484584,1e-05,0.00021
0.0019999999999999866,9.999999999999083e-05,0.0020999999999999773,3,5,config_fccfdc4d92a20a4d,additive,,,expanded_welch,normal_wald,1000,1000,193,0.05,0,4,pair_7a7067c99513071b,-0.000548299734571267,-0.039451700265428734,0.009924336870116702,spread,different_skew,-0.02,200,5,5x5,0.0019999999999999866,935383805650544375,0.0001,0.0021
0.019999999999999404,0.02000000000000002,0.039999999999999425,8,5,config_fcd53e1525f84853,loglinear,,,expanded_welch,normal_wald,20,20,186,0.05,0,6,pair_3a8678995c8da6f3,-0.006298489329998373,-0.053701510670001625,0.012092607484694708,first,uniform,-0.03,200,5,5x5,0.019999999999999404,10170879391944188630,0.02,0.04
0.0020000000000018293,0.00010000000000001779,0.002100000000001847,3,8,config_fddce3948aad7a5e,additive,,,expanded_welch,normal_wald,1000,1000,195,0.05,0,2,pair_7d0e143b20604179,0.0038244267103322137,-0.023824426710332212,0.007053278933842966,rare,different_skew,-0.01,200,8,8x8,0.0020000000000018293,8946447793126816348,0.0001,0.0021
0.0,0.00010000000000048729,0.00010000000000048729,0,3,config_fe0e22d6d7d15829,loglinear,,,expanded_welch,normal_wald,1000,1000,200,0.05,0,0,pair_19304f20ad191ac5,0.0,0.0,0.0,first,uniform,0.0,200,3,3x3,0.0,9452425780004211319,0.0001,0.0001
0.0,0.01999999999999995,0.01999999999999995,3,2,config_fe2608b927842b4e,additive,,,expanded_welch,normal_wald,20,20,197,0.05,0,0,pair_cd3f51adc4b4ed85,0.0,0.0,0.0,first,same_skew,0.0,200,2,2x2,0.0,949750558596982475,0.02,0.02
0.019999999999999813,0.019999999999999993,0.03999999999999981,0,5,config_fe4bb44e9c909a3e,additive,,,expanded_welch,normal_wald,2,2,200,0.05,0,0,pair_45f2b342723736ae,0.0,0.0,0.0,first,uniform,0.0,200,5,5x5,0.019999999999999813,4040284500066090102,0.02,0.04
0.0,0.01999999999999985,0.01999999999999985,4,2,config_fec72b5a5a7078d7,additive,,,expanded_welch,normal_wald,20,20,194,0.05,0,2,pair_0a0e0f72610302eb,0.0038244267103322137,-0.023824426710332212,0.007053278933842966,first,uniform,-0.01,200,2,2x2,0.0,11645519456741531674,0.02,0.02
1.0018028073766061e-16,0.0001000000000000523,9.999999999995212e-05,2,3,config_feca9632eb16639d,additive,,,expanded_welch,normal_wald,20,20,196,0.05,0,2,pair_f7bc22e75aacc70b,0.0038244267103322137,-0.023824426710332212,0.007053278933842966,rare,different_skew,-0.01,200,3,3x3,-1.0018028073766061e-16,2308108777757368991,0.0001,0.0001
0.01999999999999979,0.0010000000000003517,0.02100000000000014,26,8,config_fedcfa58cc97421f,additive,,,expanded_welch,normal_wald,20,20,167,0.05,0,7,pair_028ce0ffa99b3aba,-0.009465508596091417,-0.06053449140390859,0.013027801736688055,first,different_skew,-0.035,200,8,8x8,0.01999999999999979,8025852465858538004,0.001,0.021
1.2247147740396258e-15,0.019999999999999907,0.019999999999998682,23,8,config_ffc722ee1230ef73,loglinear,,,expanded_welch,normal_wald,20,20,166,0.05,0,11,pair_4e935a4265313d0f,-0.023324259080266647,-0.08667574091973335,0.016161092305986405,first,different_skew,-0.055,200,8,8x8,-1.2247147740396258e-15,17387019122199296526,0.02,0.02
