configuration_id,shape,alphabet_size,cells,regime,regime_label,sample_size_p,sample_size_q,observations_per_cell,stage,true_mi_p,true_mi_q,true_mi_difference,method,method_label,replicates,valid_count,valid_rate,reject_count,rejection_rate,wilson_low,wilson_high,absolute_calibration_error
3x3_balanced_n25,3x3,3,9,balanced,Balanced margins,25,25,2.7777777777777777,alternative,0.05,0.1,0.05,constrained_lr,Constrained LR,1000,1000,1.0,63,0.063,0.049549663211729086,0.0797949237046461,
3x3_balanced_n25,3x3,3,9,balanced,Balanced margins,25,25,2.7777777777777777,alternative,0.05,0.1,0.05,expanded_welch,Expanded Welch,1000,1000,1.0,75,0.075,0.06025180497346736,0.0930009397392545,
3x3_balanced_n25,3x3,3,9,balanced,Balanced margins,25,25,2.7777777777777777,alternative,0.05,0.1,0.05,normal_wald,Normal Wald,1000,1000,1.0,105,0.105,0.08748778261441682,0.1255353565891717,
3x3_balanced_n25,3x3,3,9,balanced,Balanced margins,25,25,2.7777777777777777,equal_mi_null,0.05,0.05,0.0,constrained_lr,Constrained LR,1000,1000,1.0,44,0.044,0.0329382145884185,0.058551789150407776,0.006000000000000005
3x3_balanced_n25,3x3,3,9,balanced,Balanced margins,25,25,2.7777777777777777,equal_mi_null,0.05,0.05,0.0,expanded_welch,Expanded Welch,1000,1000,1.0,57,0.057,0.04425344035871594,0.07313706765948591,0.006999999999999999
3x3_balanced_n25,3x3,3,9,balanced,Balanced margins,25,25,2.7777777777777777,equal_mi_null,0.05,0.05,0.0,normal_wald,Normal Wald,1000,1000,1.0,83,0.083,0.06745502144289929,0.10173649513405368,0.033
3x3_balanced_n50,3x3,3,9,balanced,Balanced margins,50,50,5.555555555555555,alternative,0.05,0.1,0.05,constrained_lr,Constrained LR,1000,1000,1.0,87,0.087,0.071074421452375,0.10608648105669352,
3x3_balanced_n50,3x3,3,9,balanced,Balanced margins,50,50,5.555555555555555,alternative,0.05,0.1,0.05,expanded_welch,Expanded Welch,1000,1000,1.0,82,0.082,0.06655195342021952,0.10064721667370458,
3x3_balanced_n50,3x3,3,9,balanced,Balanced margins,50,50,5.555555555555555,alternative,0.05,0.1,0.05,normal_wald,Normal Wald,1000,1000,1.0,101,0.101,0.08382401065239914,0.12122974261907385,
3x3_balanced_n50,3x3,3,9,balanced,Balanced margins,50,50,5.555555555555555,equal_mi_null,0.05,0.05,0.0,constrained_lr,Constrained LR,1000,1000,1.0,45,0.045,0.03379951228563171,0.059682837936223455,0.0050000000000000044
3x3_balanced_n50,3x3,3,9,balanced,Balanced margins,50,50,5.555555555555555,equal_mi_null,0.05,0.05,0.0,expanded_welch,Expanded Welch,1000,1000,1.0,40,0.04,0.02951097368545276,0.05400964412125796,0.010000000000000002
3x3_balanced_n50,3x3,3,9,balanced,Balanced margins,50,50,5.555555555555555,equal_mi_null,0.05,0.05,0.0,normal_wald,Normal Wald,1000,1000,1.0,52,0.052,0.03987303628377742,0.06755573931927998,0.001999999999999995
3x3_balanced_n75,3x3,3,9,balanced,Balanced margins,75,75,8.333333333333334,alternative,0.05,0.1,0.05,constrained_lr,Constrained LR,1000,1000,1.0,124,0.124,0.10499997337198466,0.14587774900915282,
3x3_balanced_n75,3x3,3,9,balanced,Balanced margins,75,75,8.333333333333334,alternative,0.05,0.1,0.05,expanded_welch,Expanded Welch,1000,1000,1.0,98,0.098,0.08108201152335034,0.11799470229903597,
3x3_balanced_n75,3x3,3,9,balanced,Balanced margins,75,75,8.333333333333334,alternative,0.05,0.1,0.05,normal_wald,Normal Wald,1000,1000,1.0,124,0.124,0.10499997337198466,0.14587774900915282,
3x3_balanced_n75,3x3,3,9,balanced,Balanced margins,75,75,8.333333333333334,equal_mi_null,0.05,0.05,0.0,constrained_lr,Constrained LR,1000,1000,1.0,38,0.038,0.02780900450930263,0.05172692033135032,0.012000000000000004
3x3_balanced_n75,3x3,3,9,balanced,Balanced margins,75,75,8.333333333333334,equal_mi_null,0.05,0.05,0.0,expanded_welch,Expanded Welch,1000,1000,1.0,25,0.025,0.016990131293434067,0.0366452892678433,0.025
3x3_balanced_n75,3x3,3,9,balanced,Balanced margins,75,75,8.333333333333334,equal_mi_null,0.05,0.05,0.0,normal_wald,Normal Wald,1000,1000,1.0,33,0.033,0.023592927958426907,0.04598126446708159,0.017
3x3_balanced_n100,3x3,3,9,balanced,Balanced margins,100,100,11.11111111111111,alternative,0.05,0.1,0.05,constrained_lr,Constrained LR,1000,1000,1.0,143,0.143,0.12266731749770252,0.16606498806098383,
3x3_balanced_n100,3x3,3,9,balanced,Balanced margins,100,100,11.11111111111111,alternative,0.05,0.1,0.05,expanded_welch,Expanded Welch,1000,1000,1.0,122,0.122,0.10314874471332984,0.14374428470174982,
3x3_balanced_n100,3x3,3,9,balanced,Balanced margins,100,100,11.11111111111111,alternative,0.05,0.1,0.05,normal_wald,Normal Wald,1000,1000,1.0,140,0.14,0.11986857462597704,0.1628866914836227,
3x3_balanced_n100,3x3,3,9,balanced,Balanced margins,100,100,11.11111111111111,equal_mi_null,0.05,0.05,0.0,constrained_lr,Constrained LR,1000,1000,1.0,55,0.055,0.04249742737476844,0.07090838767737563,0.0049999999999999975
3x3_balanced_n100,3x3,3,9,balanced,Balanced margins,100,100,11.11111111111111,equal_mi_null,0.05,0.05,0.0,expanded_welch,Expanded Welch,1000,1000,1.0,38,0.038,0.02780900450930263,0.05172692033135032,0.012000000000000004
3x3_balanced_n100,3x3,3,9,balanced,Balanced margins,100,100,11.11111111111111,equal_mi_null,0.05,0.05,0.0,normal_wald,Normal Wald,1000,1000,1.0,48,0.048,0.036393301020807914,0.06306608865013393,0.0020000000000000018
3x3_balanced_n150,3x3,3,9,balanced,Balanced margins,150,150,16.666666666666668,alternative,0.05,0.1,0.05,constrained_lr,Constrained LR,1000,1000,1.0,202,0.202,0.17827757825342377,0.22800316980396712,
3x3_balanced_n150,3x3,3,9,balanced,Balanced margins,150,150,16.666666666666668,alternative,0.05,0.1,0.05,expanded_welch,Expanded Welch,1000,1000,1.0,181,0.181,0.15837194044398084,0.20606953146980334,
3x3_balanced_n150,3x3,3,9,balanced,Balanced margins,150,150,16.666666666666668,alternative,0.05,0.1,0.05,normal_wald,Normal Wald,1000,1000,1.0,200,0.2,0.17637709044319852,0.22591896464813463,
3x3_balanced_n150,3x3,3,9,balanced,Balanced margins,150,150,16.666666666666668,equal_mi_null,0.05,0.05,0.0,constrained_lr,Constrained LR,1000,1000,1.0,39,0.039,0.028658960904180485,0.052869310419501346,0.011000000000000003
3x3_balanced_n150,3x3,3,9,balanced,Balanced margins,150,150,16.666666666666668,equal_mi_null,0.05,0.05,0.0,expanded_welch,Expanded Welch,1000,1000,1.0,33,0.033,0.023592927958426907,0.04598126446708159,0.017
3x3_balanced_n150,3x3,3,9,balanced,Balanced margins,150,150,16.666666666666668,equal_mi_null,0.05,0.05,0.0,normal_wald,Normal Wald,1000,1000,1.0,38,0.038,0.02780900450930263,0.05172692033135032,0.012000000000000004
3x3_balanced_n250,3x3,3,9,balanced,Balanced margins,250,250,27.77777777777778,alternative,0.05,0.1,0.05,constrained_lr,Constrained LR,1000,1000,1.0,278,0.278,0.2511220562741525,0.30657702449343394,
3x3_balanced_n250,3x3,3,9,balanced,Balanced margins,250,250,27.77777777777778,alternative,0.05,0.1,0.05,expanded_welch,Expanded Welch,1000,1000,1.0,263,0.263,0.23665685979107837,0.2911570237310747,
3x3_balanced_n250,3x3,3,9,balanced,Balanced margins,250,250,27.77777777777778,alternative,0.05,0.1,0.05,normal_wald,Normal Wald,1000,1000,1.0,273,0.273,0.2462959489171712,0.3014413994352708,
3x3_balanced_n250,3x3,3,9,balanced,Balanced margins,250,250,27.77777777777778,equal_mi_null,0.05,0.05,0.0,constrained_lr,Constrained LR,1000,1000,1.0,45,0.045,0.03379951228563171,0.059682837936223455,0.0050000000000000044
3x3_balanced_n250,3x3,3,9,balanced,Balanced margins,250,250,27.77777777777778,equal_mi_null,0.05,0.05,0.0,expanded_welch,Expanded Welch,1000,1000,1.0,34,0.034,0.024431348663226313,0.04713519024531107,0.016
3x3_balanced_n250,3x3,3,9,balanced,Balanced margins,250,250,27.77777777777778,equal_mi_null,0.05,0.05,0.0,normal_wald,Normal Wald,1000,1000,1.0,42,0.042,0.031220885546165447,0.056284425226603055,0.008
3x3_balanced_n500,3x3,3,9,balanced,Balanced margins,500,500,55.55555555555556,alternative,0.05,0.1,0.05,constrained_lr,Constrained LR,1000,1000,1.0,587,0.587,0.5562066759628382,0.6171274680606752,
3x3_balanced_n500,3x3,3,9,balanced,Balanced margins,500,500,55.55555555555556,alternative,0.05,0.1,0.05,expanded_welch,Expanded Welch,1000,1000,1.0,583,0.583,0.5521794617220657,0.6131852963693321,
3x3_balanced_n500,3x3,3,9,balanced,Balanced margins,500,500,55.55555555555556,alternative,0.05,0.1,0.05,normal_wald,Normal Wald,1000,1000,1.0,586,0.586,0.5551996791811112,0.6161421183593733,
3x3_balanced_n500,3x3,3,9,balanced,Balanced margins,500,500,55.55555555555556,equal_mi_null,0.05,0.05,0.0,constrained_lr,Constrained LR,1000,1000,1.0,44,0.044,0.0329382145884185,0.058551789150407776,0.006000000000000005
3x3_balanced_n500,3x3,3,9,balanced,Balanced margins,500,500,55.55555555555556,equal_mi_null,0.05,0.05,0.0,expanded_welch,Expanded Welch,1000,1000,1.0,37,0.037,0.026961180875554734,0.05058239748206931,0.013000000000000005
3x3_balanced_n500,3x3,3,9,balanced,Balanced margins,500,500,55.55555555555556,equal_mi_null,0.05,0.05,0.0,normal_wald,Normal Wald,1000,1000,1.0,40,0.04,0.02951097368545276,0.05400964412125796,0.010000000000000002
3x3_balanced_n1000,3x3,3,9,balanced,Balanced margins,1000,1000,111.11111111111111,alternative,0.05,0.1,0.05,constrained_lr,Constrained LR,1000,1000,1.0,872,0.872,0.8498604138497563,0.8912924778369906,
3x3_balanced_n1000,3x3,3,9,balanced,Balanced margins,1000,1000,111.11111111111111,alternative,0.05,0.1,0.05,expanded_welch,Expanded Welch,1000,1000,1.0,870,0.87,0.8477319733455312,0.8894362253751581,
3x3_balanced_n1000,3x3,3,9,balanced,Balanced margins,1000,1000,111.11111111111111,alternative,0.05,0.1,0.05,normal_wald,Normal Wald,1000,1000,1.0,871,0.871,0.8487959904982232,0.890364554705495,
3x3_balanced_n1000,3x3,3,9,balanced,Balanced margins,1000,1000,111.11111111111111,equal_mi_null,0.05,0.05,0.0,constrained_lr,Constrained LR,1000,1000,1.0,41,0.041,0.030364971082098315,0.0551479932076413,0.009000000000000001
3x3_balanced_n1000,3x3,3,9,balanced,Balanced margins,1000,1000,111.11111111111111,equal_mi_null,0.05,0.05,0.0,expanded_welch,Expanded Welch,1000,1000,1.0,37,0.037,0.026961180875554734,0.05058239748206931,0.013000000000000005
3x3_balanced_n1000,3x3,3,9,balanced,Balanced margins,1000,1000,111.11111111111111,equal_mi_null,0.05,0.05,0.0,normal_wald,Normal Wald,1000,1000,1.0,41,0.041,0.030364971082098315,0.0551479932076413,0.009000000000000001
3x3_mild_n25,3x3,3,9,mild,Mildly skewed margins,25,25,2.7777777777777777,alternative,0.05,0.1,0.05,constrained_lr,Constrained LR,1000,1000,1.0,32,0.032,0.022757107858710962,0.04482473808376865,
3x3_mild_n25,3x3,3,9,mild,Mildly skewed margins,25,25,2.7777777777777777,alternative,0.05,0.1,0.05,expanded_welch,Expanded Welch,1000,999,0.999,34,0.03403403403403404,0.024455905277114855,0.04718199739314084,
3x3_mild_n25,3x3,3,9,mild,Mildly skewed margins,25,25,2.7777777777777777,alternative,0.05,0.1,0.05,normal_wald,Normal Wald,1000,1000,1.0,54,0.054,0.04162131372306273,0.06979215484605245,
3x3_mild_n25,3x3,3,9,mild,Mildly skewed margins,25,25,2.7777777777777777,equal_mi_null,0.05,0.05,0.0,constrained_lr,Constrained LR,1000,1000,1.0,38,0.038,0.02780900450930263,0.05172692033135032,0.012000000000000004
3x3_mild_n25,3x3,3,9,mild,Mildly skewed margins,25,25,2.7777777777777777,equal_mi_null,0.05,0.05,0.0,expanded_welch,Expanded Welch,1000,1000,1.0,39,0.039,0.028658960904180485,0.052869310419501346,0.011000000000000003
3x3_mild_n25,3x3,3,9,mild,Mildly skewed margins,25,25,2.7777777777777777,equal_mi_null,0.05,0.05,0.0,normal_wald,Normal Wald,1000,1000,1.0,50,0.05,0.03813026239274882,0.06531382024425081,0.0
3x3_mild_n50,3x3,3,9,mild,Mildly skewed margins,50,50,5.555555555555555,alternative,0.05,0.1,0.05,constrained_lr,Constrained LR,1000,1000,1.0,65,0.065,0.051323770569062045,0.0820055093133709,
3x3_mild_n50,3x3,3,9,mild,Mildly skewed margins,50,50,5.555555555555555,alternative,0.05,0.1,0.05,expanded_welch,Expanded Welch,1000,1000,1.0,59,0.059,0.04601429821280047,0.07536090277145915,
3x3_mild_n50,3x3,3,9,mild,Mildly skewed margins,50,50,5.555555555555555,alternative,0.05,0.1,0.05,normal_wald,Normal Wald,1000,1000,1.0,77,0.077,0.062047907060605895,0.09518953061817373,
3x3_mild_n50,3x3,3,9,mild,Mildly skewed margins,50,50,5.555555555555555,equal_mi_null,0.05,0.05,0.0,constrained_lr,Constrained LR,1000,1000,1.0,34,0.034,0.024431348663226313,0.04713519024531107,0.016
3x3_mild_n50,3x3,3,9,mild,Mildly skewed margins,50,50,5.555555555555555,equal_mi_null,0.05,0.05,0.0,expanded_welch,Expanded Welch,1000,1000,1.0,25,0.025,0.016990131293434067,0.0366452892678433,0.025
3x3_mild_n50,3x3,3,9,mild,Mildly skewed margins,50,50,5.555555555555555,equal_mi_null,0.05,0.05,0.0,normal_wald,Normal Wald,1000,1000,1.0,33,0.033,0.023592927958426907,0.04598126446708159,0.017
3x3_mild_n75,3x3,3,9,mild,Mildly skewed margins,75,75,8.333333333333334,alternative,0.05,0.1,0.05,constrained_lr,Constrained LR,1000,1000,1.0,85,0.085,0.06926331853965456,0.10391289100335621,
3x3_mild_n75,3x3,3,9,mild,Mildly skewed margins,75,75,8.333333333333334,alternative,0.05,0.1,0.05,expanded_welch,Expanded Welch,1000,1000,1.0,72,0.072,0.05756392168091441,0.08971178358272076,
3x3_mild_n75,3x3,3,9,mild,Mildly skewed margins,75,75,8.333333333333334,alternative,0.05,0.1,0.05,normal_wald,Normal Wald,1000,1000,1.0,96,0.096,0.07925690009839675,0.11583512075793179,
3x3_mild_n75,3x3,3,9,mild,Mildly skewed margins,75,75,8.333333333333334,equal_mi_null,0.05,0.05,0.0,constrained_lr,Constrained LR,1000,1000,1.0,42,0.042,0.031220885546165447,0.056284425226603055,0.008
3x3_mild_n75,3x3,3,9,mild,Mildly skewed margins,75,75,8.333333333333334,equal_mi_null,0.05,0.05,0.0,expanded_welch,Expanded Welch,1000,1000,1.0,27,0.027,0.018621382774294995,0.03899873075304015,0.023000000000000003
3x3_mild_n75,3x3,3,9,mild,Mildly skewed margins,75,75,8.333333333333334,equal_mi_null,0.05,0.05,0.0,normal_wald,Normal Wald,1000,1000,1.0,40,0.04,0.02951097368545276,0.05400964412125796,0.010000000000000002
3x3_mild_n100,3x3,3,9,mild,Mildly skewed margins,100,100,11.11111111111111,alternative,0.05,0.1,0.05,constrained_lr,Constrained LR,1000,1000,1.0,122,0.122,0.10314874471332984,0.14374428470174982,
3x3_mild_n100,3x3,3,9,mild,Mildly skewed margins,100,100,11.11111111111111,alternative,0.05,0.1,0.05,expanded_welch,Expanded Welch,1000,1000,1.0,100,0.1,0.08290944359309571,0.1201519631953484,
3x3_mild_n100,3x3,3,9,mild,Mildly skewed margins,100,100,11.11111111111111,alternative,0.05,0.1,0.05,normal_wald,Normal Wald,1000,1000,1.0,123,0.123,0.10407414325107295,0.1448112326470356,
3x3_mild_n100,3x3,3,9,mild,Mildly skewed margins,100,100,11.11111111111111,equal_mi_null,0.05,0.05,0.0,constrained_lr,Constrained LR,1000,1000,1.0,39,0.039,0.028658960904180485,0.052869310419501346,0.011000000000000003
3x3_mild_n100,3x3,3,9,mild,Mildly skewed margins,100,100,11.11111111111111,equal_mi_null,0.05,0.05,0.0,expanded_welch,Expanded Welch,1000,1000,1.0,22,0.022,0.014572707764791058,0.03308567334739963,0.028000000000000004
3x3_mild_n100,3x3,3,9,mild,Mildly skewed margins,100,100,11.11111111111111,equal_mi_null,0.05,0.05,0.0,normal_wald,Normal Wald,1000,1000,1.0,37,0.037,0.026961180875554734,0.05058239748206931,0.013000000000000005
3x3_mild_n150,3x3,3,9,mild,Mildly skewed margins,150,150,16.666666666666668,alternative,0.05,0.1,0.05,constrained_lr,Constrained LR,1000,1000,1.0,190,0.19,0.1668892700644027,0.2154833201966415,
3x3_mild_n150,3x3,3,9,mild,Mildly skewed margins,150,150,16.666666666666668,alternative,0.05,0.1,0.05,expanded_welch,Expanded Welch,1000,1000,1.0,173,0.173,0.1508192344529515,0.19768346559660158,
3x3_mild_n150,3x3,3,9,mild,Mildly skewed margins,150,150,16.666666666666668,alternative,0.05,0.1,0.05,normal_wald,Normal Wald,1000,1000,1.0,195,0.195,0.17163009389189862,0.22070422878429005,
3x3_mild_n150,3x3,3,9,mild,Mildly skewed margins,150,150,16.666666666666668,equal_mi_null,0.05,0.05,0.0,constrained_lr,Constrained LR,1000,1000,1.0,41,0.041,0.030364971082098315,0.0551479932076413,0.009000000000000001
3x3_mild_n150,3x3,3,9,mild,Mildly skewed margins,150,150,16.666666666666668,equal_mi_null,0.05,0.05,0.0,expanded_welch,Expanded Welch,1000,1000,1.0,24,0.024,0.016180168466636995,0.03546290561161149,0.026000000000000002
3x3_mild_n150,3x3,3,9,mild,Mildly skewed margins,150,150,16.666666666666668,equal_mi_null,0.05,0.05,0.0,normal_wald,Normal Wald,1000,1000,1.0,36,0.036,0.02611557140738732,0.049435660467207834,0.014000000000000005
3x3_mild_n250,3x3,3,9,mild,Mildly skewed margins,250,250,27.77777777777778,alternative,0.05,0.1,0.05,constrained_lr,Constrained LR,1000,1000,1.0,303,0.303,0.27531542432193984,0.3321923185213688,
3x3_mild_n250,3x3,3,9,mild,Mildly skewed margins,250,250,27.77777777777778,alternative,0.05,0.1,0.05,expanded_welch,Expanded Welch,1000,1000,1.0,275,0.275,0.24822587402252644,0.30349616729597334,
3x3_mild_n250,3x3,3,9,mild,Mildly skewed margins,250,250,27.77777777777778,alternative,0.05,0.1,0.05,normal_wald,Normal Wald,1000,1000,1.0,306,0.306,0.2782254333203639,0.3352593489720314,
3x3_mild_n250,3x3,3,9,mild,Mildly skewed margins,250,250,27.77777777777778,equal_mi_null,0.05,0.05,0.0,constrained_lr,Constrained LR,1000,1000,1.0,33,0.033,0.023592927958426907,0.04598126446708159,0.017
3x3_mild_n250,3x3,3,9,mild,Mildly skewed margins,250,250,27.77777777777778,equal_mi_null,0.05,0.05,0.0,expanded_welch,Expanded Welch,1000,1000,1.0,25,0.025,0.016990131293434067,0.0366452892678433,0.025
3x3_mild_n250,3x3,3,9,mild,Mildly skewed margins,250,250,27.77777777777778,equal_mi_null,0.05,0.05,0.0,normal_wald,Normal Wald,1000,1000,1.0,31,0.031,0.02192400344715857,0.04366549601229214,0.019000000000000003
3x3_mild_n500,3x3,3,9,mild,Mildly skewed margins,500,500,55.55555555555556,alternative,0.05,0.1,0.05,constrained_lr,Constrained LR,1000,1000,1.0,521,0.521,0.49001642660541767,0.5518228495381892,
3x3_mild_n500,3x3,3,9,mild,Mildly skewed margins,500,500,55.55555555555556,alternative,0.05,0.1,0.05,expanded_welch,Expanded Welch,1000,1000,1.0,505,0.505,0.4740520072158691,0.5359097251992754,
3x3_mild_n500,3x3,3,9,mild,Mildly skewed margins,500,500,55.55555555555556,alternative,0.05,0.1,0.05,normal_wald,Normal Wald,1000,1000,1.0,519,0.519,0.48801914625314236,0.5498354369244066,
3x3_mild_n500,3x3,3,9,mild,Mildly skewed margins,500,500,55.55555555555556,equal_mi_null,0.05,0.05,0.0,constrained_lr,Constrained LR,1000,1000,1.0,54,0.054,0.04162131372306273,0.06979215484605245,0.003999999999999997
3x3_mild_n500,3x3,3,9,mild,Mildly skewed margins,500,500,55.55555555555556,equal_mi_null,0.05,0.05,0.0,expanded_welch,Expanded Welch,1000,1000,1.0,42,0.042,0.031220885546165447,0.056284425226603055,0.008
3x3_mild_n500,3x3,3,9,mild,Mildly skewed margins,500,500,55.55555555555556,equal_mi_null,0.05,0.05,0.0,normal_wald,Normal Wald,1000,1000,1.0,52,0.052,0.03987303628377742,0.06755573931927998,0.001999999999999995
3x3_mild_n1000,3x3,3,9,mild,Mildly skewed margins,1000,1000,111.11111111111111,alternative,0.05,0.1,0.05,constrained_lr,Constrained LR,1000,1000,1.0,836,0.836,0.8117726060331938,0.857655812264513,
3x3_mild_n1000,3x3,3,9,mild,Mildly skewed margins,1000,1000,111.11111111111111,alternative,0.05,0.1,0.05,expanded_welch,Expanded Welch,1000,1000,1.0,833,0.833,0.8086179403533302,0.85483343849529,
3x3_mild_n1000,3x3,3,9,mild,Mildly skewed margins,1000,1000,111.11111111111111,alternative,0.05,0.1,0.05,normal_wald,Normal Wald,1000,1000,1.0,835,0.835,0.8107207516702334,0.8567153201444447,
3x3_mild_n1000,3x3,3,9,mild,Mildly skewed margins,1000,1000,111.11111111111111,equal_mi_null,0.05,0.05,0.0,constrained_lr,Constrained LR,1000,1000,1.0,51,0.051,0.03900094277526684,0.06643548634476165,0.000999999999999994
3x3_mild_n1000,3x3,3,9,mild,Mildly skewed margins,1000,1000,111.11111111111111,equal_mi_null,0.05,0.05,0.0,expanded_welch,Expanded Welch,1000,1000,1.0,43,0.043,0.03207865341171336,0.057419003844084014,0.007000000000000006
3x3_mild_n1000,3x3,3,9,mild,Mildly skewed margins,1000,1000,111.11111111111111,equal_mi_null,0.05,0.05,0.0,normal_wald,Normal Wald,1000,1000,1.0,49,0.049,0.037261034647360615,0.06419070150661013,0.0010000000000000009
3x3_strong_n25,3x3,3,9,strong,Strongly skewed margins,25,25,2.7777777777777777,alternative,0.05,0.1,0.05,constrained_lr,Constrained LR,1000,1000,1.0,33,0.033,0.023592927958426907,0.04598126446708159,
3x3_strong_n25,3x3,3,9,strong,Strongly skewed margins,25,25,2.7777777777777777,alternative,0.05,0.1,0.05,expanded_welch,Expanded Welch,1000,749,0.749,58,0.0774365821094793,0.060378686845396864,0.09880683278369283,
3x3_strong_n25,3x3,3,9,strong,Strongly skewed margins,25,25,2.7777777777777777,alternative,0.05,0.1,0.05,normal_wald,Normal Wald,1000,986,0.986,98,0.09939148073022312,0.08224309706200827,0.11964929392632936,
3x3_strong_n25,3x3,3,9,strong,Strongly skewed margins,25,25,2.7777777777777777,equal_mi_null,0.05,0.05,0.0,constrained_lr,Constrained LR,1000,1000,1.0,27,0.027,0.018621382774294995,0.03899873075304015,0.023000000000000003
3x3_strong_n25,3x3,3,9,strong,Strongly skewed margins,25,25,2.7777777777777777,equal_mi_null,0.05,0.05,0.0,expanded_welch,Expanded Welch,1000,783,0.783,50,0.06385696040868455,0.04877046631995464,0.08320206468563082,0.013856960408684546
3x3_strong_n25,3x3,3,9,strong,Strongly skewed margins,25,25,2.7777777777777777,equal_mi_null,0.05,0.05,0.0,normal_wald,Normal Wald,1000,977,0.977,73,0.07471852610030706,0.05984498358844965,0.09292329254136922,0.02471852610030706
3x3_strong_n50,3x3,3,9,strong,Strongly skewed margins,50,50,5.555555555555555,alternative,0.05,0.1,0.05,constrained_lr,Constrained LR,1000,1000,1.0,69,0.069,0.054883945585911253,0.08641472022863728,
3x3_strong_n50,3x3,3,9,strong,Strongly skewed margins,50,50,5.555555555555555,alternative,0.05,0.1,0.05,expanded_welch,Expanded Welch,1000,976,0.976,61,0.0625,0.04896207765273732,0.0794683512578263,
3x3_strong_n50,3x3,3,9,strong,Strongly skewed margins,50,50,5.555555555555555,alternative,0.05,0.1,0.05,normal_wald,Normal Wald,1000,1000,1.0,79,0.079,0.06384721576082919,0.09737491488400823,
3x3_strong_n50,3x3,3,9,strong,Strongly skewed margins,50,50,5.555555555555555,equal_mi_null,0.05,0.05,0.0,constrained_lr,Constrained LR,1000,1000,1.0,49,0.049,0.037261034647360615,0.06419070150661013,0.0010000000000000009
3x3_strong_n50,3x3,3,9,strong,Strongly skewed margins,50,50,5.555555555555555,equal_mi_null,0.05,0.05,0.0,expanded_welch,Expanded Welch,1000,977,0.977,32,0.032753326509723645,0.023295007818055134,0.04587158196115618,0.017246673490276358
3x3_strong_n50,3x3,3,9,strong,Strongly skewed margins,50,50,5.555555555555555,equal_mi_null,0.05,0.05,0.0,normal_wald,Normal Wald,1000,1000,1.0,45,0.045,0.03379951228563171,0.059682837936223455,0.0050000000000000044
3x3_strong_n75,3x3,3,9,strong,Strongly skewed margins,75,75,8.333333333333334,alternative,0.05,0.1,0.05,constrained_lr,Constrained LR,1000,1000,1.0,86,0.086,0.07016852477576035,0.10500003125027926,
3x3_strong_n75,3x3,3,9,strong,Strongly skewed margins,75,75,8.333333333333334,alternative,0.05,0.1,0.05,expanded_welch,Expanded Welch,1000,997,0.997,62,0.062186559679037114,0.04881152300822713,0.07892245293170999,
3x3_strong_n75,3x3,3,9,strong,Strongly skewed margins,75,75,8.333333333333334,alternative,0.05,0.1,0.05,normal_wald,Normal Wald,1000,1000,1.0,80,0.08,0.06474803809836388,0.09846643902950242,
3x3_strong_n75,3x3,3,9,strong,Strongly skewed margins,75,75,8.333333333333334,equal_mi_null,0.05,0.05,0.0,constrained_lr,Constrained LR,1000,1000,1.0,62,0.062,0.04866418011998064,0.07868806031336564,0.011999999999999997
3x3_strong_n75,3x3,3,9,strong,Strongly skewed margins,75,75,8.333333333333334,equal_mi_null,0.05,0.05,0.0,expanded_welch,Expanded Welch,1000,999,0.999,31,0.031031031031031032,0.021946034169152986,0.04370886894795721,0.01896896896896897
3x3_strong_n75,3x3,3,9,strong,Strongly skewed margins,75,75,8.333333333333334,equal_mi_null,0.05,0.05,0.0,normal_wald,Normal Wald,1000,1000,1.0,43,0.043,0.03207865341171336,0.057419003844084014,0.007000000000000006
3x3_strong_n100,3x3,3,9,strong,Strongly skewed margins,100,100,11.11111111111111,alternative,0.05,0.1,0.05,constrained_lr,Constrained LR,1000,1000,1.0,86,0.086,0.07016852477576035,0.10500003125027926,
3x3_strong_n100,3x3,3,9,strong,Strongly skewed margins,100,100,11.11111111111111,alternative,0.05,0.1,0.05,expanded_welch,Expanded Welch,1000,1000,1.0,72,0.072,0.05756392168091441,0.08971178358272076,
3x3_strong_n100,3x3,3,9,strong,Strongly skewed margins,100,100,11.11111111111111,alternative,0.05,0.1,0.05,normal_wald,Normal Wald,1000,1000,1.0,89,0.089,0.07288824391300744,0.10825735156211885,
3x3_strong_n100,3x3,3,9,strong,Strongly skewed margins,100,100,11.11111111111111,equal_mi_null,0.05,0.05,0.0,constrained_lr,Constrained LR,1000,1000,1.0,61,0.061,0.0477797751260337,0.07758011882428367,0.010999999999999996
3x3_strong_n100,3x3,3,9,strong,Strongly skewed margins,100,100,11.11111111111111,equal_mi_null,0.05,0.05,0.0,expanded_welch,Expanded Welch,1000,1000,1.0,23,0.023,0.015374276932992918,0.03427645066222667,0.027000000000000003
3x3_strong_n100,3x3,3,9,strong,Strongly skewed margins,100,100,11.11111111111111,equal_mi_null,0.05,0.05,0.0,normal_wald,Normal Wald,1000,1000,1.0,40,0.04,0.02951097368545276,0.05400964412125796,0.010000000000000002
3x3_strong_n150,3x3,3,9,strong,Strongly skewed margins,150,150,16.666666666666668,alternative,0.05,0.1,0.05,constrained_lr,Constrained LR,1000,1000,1.0,106,0.106,0.08840506686305154,0.12661041882356588,
3x3_strong_n150,3x3,3,9,strong,Strongly skewed margins,150,150,16.666666666666668,alternative,0.05,0.1,0.05,expanded_welch,Expanded Welch,1000,1000,1.0,88,0.088,0.07198099794232085,0.10717225104977657,
3x3_strong_n150,3x3,3,9,strong,Strongly skewed margins,150,150,16.666666666666668,alternative,0.05,0.1,0.05,normal_wald,Normal Wald,1000,1000,1.0,102,0.102,0.08473913518484719,0.12230696456965467,
3x3_strong_n150,3x3,3,9,strong,Strongly skewed margins,150,150,16.666666666666668,equal_mi_null,0.05,0.05,0.0,constrained_lr,Constrained LR,1000,1000,1.0,61,0.061,0.0477797751260337,0.07758011882428367,0.010999999999999996
3x3_strong_n150,3x3,3,9,strong,Strongly skewed margins,150,150,16.666666666666668,equal_mi_null,0.05,0.05,0.0,expanded_welch,Expanded Welch,1000,1000,1.0,36,0.036,0.02611557140738732,0.049435660467207834,0.014000000000000005
3x3_strong_n150,3x3,3,9,strong,Strongly skewed margins,150,150,16.666666666666668,equal_mi_null,0.05,0.05,0.0,normal_wald,Normal Wald,1000,1000,1.0,51,0.051,0.03900094277526684,0.06643548634476165,0.000999999999999994
3x3_strong_n250,3x3,3,9,strong,Strongly skewed margins,250,250,27.77777777777778,alternative,0.05,0.1,0.05,constrained_lr,Constrained LR,1000,1000,1.0,195,0.195,0.17163009389189862,0.22070422878429005,
3x3_strong_n250,3x3,3,9,strong,Strongly skewed margins,250,250,27.77777777777778,alternative,0.05,0.1,0.05,expanded_welch,Expanded Welch,1000,1000,1.0,173,0.173,0.1508192344529515,0.19768346559660158,
3x3_strong_n250,3x3,3,9,strong,Strongly skewed margins,250,250,27.77777777777778,alternative,0.05,0.1,0.05,normal_wald,Normal Wald,1000,1000,1.0,189,0.189,0.1659418620747839,0.21443838170323143,
3x3_strong_n250,3x3,3,9,strong,Strongly skewed margins,250,250,27.77777777777778,equal_mi_null,0.05,0.05,0.0,constrained_lr,Constrained LR,1000,1000,1.0,49,0.049,0.037261034647360615,0.06419070150661013,0.0010000000000000009
3x3_strong_n250,3x3,3,9,strong,Strongly skewed margins,250,250,27.77777777777778,equal_mi_null,0.05,0.05,0.0,expanded_welch,Expanded Welch,1000,1000,1.0,35,0.035,0.02527226301711295,0.04828662237445333,0.015
3x3_strong_n250,3x3,3,9,strong,Strongly skewed margins,250,250,27.77777777777778,equal_mi_null,0.05,0.05,0.0,normal_wald,Normal Wald,1000,1000,1.0,41,0.041,0.030364971082098315,0.0551479932076413,0.009000000000000001
3x3_strong_n500,3x3,3,9,strong,Strongly skewed margins,500,500,55.55555555555556,alternative,0.05,0.1,0.05,constrained_lr,Constrained LR,1000,1000,1.0,387,0.387,0.35729917409070144,0.417565673327034,
3x3_strong_n500,3x3,3,9,strong,Strongly skewed margins,500,500,55.55555555555556,alternative,0.05,0.1,0.05,expanded_welch,Expanded Welch,1000,1000,1.0,356,0.356,0.3269260364778622,0.38617606996597764,
3x3_strong_n500,3x3,3,9,strong,Strongly skewed margins,500,500,55.55555555555556,alternative,0.05,0.1,0.05,normal_wald,Normal Wald,1000,1000,1.0,376,0.376,0.34650662606266847,0.4064424100417492,
3x3_strong_n500,3x3,3,9,strong,Strongly skewed margins,500,500,55.55555555555556,equal_mi_null,0.05,0.05,0.0,constrained_lr,Constrained LR,1000,1000,1.0,49,0.049,0.037261034647360615,0.06419070150661013,0.0010000000000000009
3x3_strong_n500,3x3,3,9,strong,Strongly skewed margins,500,500,55.55555555555556,equal_mi_null,0.05,0.05,0.0,expanded_welch,Expanded Welch,1000,1000,1.0,43,0.043,0.03207865341171336,0.057419003844084014,0.007000000000000006
3x3_strong_n500,3x3,3,9,strong,Strongly skewed margins,500,500,55.55555555555556,equal_mi_null,0.05,0.05,0.0,normal_wald,Normal Wald,1000,1000,1.0,46,0.046,0.03466249276326498,0.06081220394161907,0.0040000000000000036
3x3_strong_n1000,3x3,3,9,strong,Strongly skewed margins,1000,1000,111.11111111111111,alternative,0.05,0.1,0.05,constrained_lr,Constrained LR,1000,1000,1.0,678,0.678,0.6484067877958661,0.7062308861832765,
3x3_strong_n1000,3x3,3,9,strong,Strongly skewed margins,1000,1000,111.11111111111111,alternative,0.05,0.1,0.05,expanded_welch,Expanded Welch,1000,1000,1.0,670,0.67,0.6402544426353417,0.6984444594795697,
3x3_strong_n1000,3x3,3,9,strong,Strongly skewed margins,1000,1000,111.11111111111111,alternative,0.05,0.1,0.05,normal_wald,Normal Wald,1000,1000,1.0,676,0.676,0.6463678032852955,0.7042851777277892,
3x3_strong_n1000,3x3,3,9,strong,Strongly skewed margins,1000,1000,111.11111111111111,equal_mi_null,0.05,0.05,0.0,constrained_lr,Constrained LR,1000,1000,1.0,52,0.052,0.03987303628377742,0.06755573931927998,0.001999999999999995
3x3_strong_n1000,3x3,3,9,strong,Strongly skewed margins,1000,1000,111.11111111111111,equal_mi_null,0.05,0.05,0.0,expanded_welch,Expanded Welch,1000,1000,1.0,46,0.046,0.03466249276326498,0.06081220394161907,0.0040000000000000036
3x3_strong_n1000,3x3,3,9,strong,Strongly skewed margins,1000,1000,111.11111111111111,equal_mi_null,0.05,0.05,0.0,normal_wald,Normal Wald,1000,1000,1.0,49,0.049,0.037261034647360615,0.06419070150661013,0.0010000000000000009
3x3_ultra_n25,3x3,3,9,ultra,Ultra-skewed margins,25,25,2.7777777777777777,alternative,0.05,0.1,0.05,constrained_lr,Constrained LR,1000,1000,1.0,7,0.007,0.0033948684009907646,0.014378315465766588,
3x3_ultra_n25,3x3,3,9,ultra,Ultra-skewed margins,25,25,2.7777777777777777,alternative,0.05,0.1,0.05,expanded_welch,Expanded Welch,1000,339,0.339,28,0.08259587020648967,0.05776175002728036,0.11678382280552911,
3x3_ultra_n25,3x3,3,9,ultra,Ultra-skewed margins,25,25,2.7777777777777777,alternative,0.05,0.1,0.05,normal_wald,Normal Wald,1000,826,0.826,104,0.12590799031476999,0.10500212652935138,0.15027730855906496,
3x3_ultra_n25,3x3,3,9,ultra,Ultra-skewed margins,25,25,2.7777777777777777,equal_mi_null,0.05,0.05,0.0,constrained_lr,Constrained LR,1000,1000,1.0,7,0.007,0.0033948684009907646,0.014378315465766588,0.043000000000000003
3x3_ultra_n25,3x3,3,9,ultra,Ultra-skewed margins,25,25,2.7777777777777777,equal_mi_null,0.05,0.05,0.0,expanded_welch,Expanded Welch,1000,343,0.343,13,0.037900874635568516,0.022281057494949554,0.06375669278484383,0.012099125364431487
3x3_ultra_n25,3x3,3,9,ultra,Ultra-skewed margins,25,25,2.7777777777777777,equal_mi_null,0.05,0.05,0.0,normal_wald,Normal Wald,1000,835,0.835,51,0.06107784431137724,0.04675811210589703,0.07941764817363653,0.01107784431137724
3x3_ultra_n50,3x3,3,9,ultra,Ultra-skewed margins,50,50,5.555555555555555,alternative,0.05,0.1,0.05,constrained_lr,Constrained LR,1000,1000,1.0,60,0.06,0.04689647267593196,0.07647107479135655,
3x3_ultra_n50,3x3,3,9,ultra,Ultra-skewed margins,50,50,5.555555555555555,alternative,0.05,0.1,0.05,expanded_welch,Expanded Welch,1000,762,0.762,43,0.05643044619422572,0.04216198425455255,0.07514879565417612,
3x3_ultra_n50,3x3,3,9,ultra,Ultra-skewed margins,50,50,5.555555555555555,alternative,0.05,0.1,0.05,normal_wald,Normal Wald,1000,986,0.986,75,0.07606490872210954,0.061113418275879364,0.09430688408646277,
3x3_ultra_n50,3x3,3,9,ultra,Ultra-skewed margins,50,50,5.555555555555555,equal_mi_null,0.05,0.05,0.0,constrained_lr,Constrained LR,1000,1000,1.0,44,0.044,0.0329382145884185,0.058551789150407776,0.006000000000000005
3x3_ultra_n50,3x3,3,9,ultra,Ultra-skewed margins,50,50,5.555555555555555,equal_mi_null,0.05,0.05,0.0,expanded_welch,Expanded Welch,1000,747,0.747,28,0.03748326639892905,0.026058898846747003,0.05364029479485592,0.012516733601070952
3x3_ultra_n50,3x3,3,9,ultra,Ultra-skewed margins,50,50,5.555555555555555,equal_mi_null,0.05,0.05,0.0,normal_wald,Normal Wald,1000,978,0.978,53,0.0541922290388548,0.04166832814752932,0.07020457947304162,0.0041922290388548
3x3_ultra_n75,3x3,3,9,ultra,Ultra-skewed margins,75,75,8.333333333333334,alternative,0.05,0.1,0.05,constrained_lr,Constrained LR,1000,1000,1.0,75,0.075,0.06025180497346736,0.0930009397392545,
3x3_ultra_n75,3x3,3,9,ultra,Ultra-skewed margins,75,75,8.333333333333334,alternative,0.05,0.1,0.05,expanded_welch,Expanded Welch,1000,919,0.919,69,0.0750816104461371,0.05975651674930915,0.09394427060148278,
3x3_ultra_n75,3x3,3,9,ultra,Ultra-skewed margins,75,75,8.333333333333334,alternative,0.05,0.1,0.05,normal_wald,Normal Wald,1000,998,0.998,92,0.09218436873747494,0.07576665448142886,0.11172953782210135,
3x3_ultra_n75,3x3,3,9,ultra,Ultra-skewed margins,75,75,8.333333333333334,equal_mi_null,0.05,0.05,0.0,constrained_lr,Constrained LR,1000,1000,1.0,59,0.059,0.04601429821280047,0.07536090277145915,0.008999999999999994
3x3_ultra_n75,3x3,3,9,ultra,Ultra-skewed margins,75,75,8.333333333333334,equal_mi_null,0.05,0.05,0.0,expanded_welch,Expanded Welch,1000,912,0.912,25,0.027412280701754384,0.01863548159064675,0.040153578788891434,0.02258771929824562
3x3_ultra_n75,3x3,3,9,ultra,Ultra-skewed margins,75,75,8.333333333333334,equal_mi_null,0.05,0.05,0.0,normal_wald,Normal Wald,1000,1000,1.0,60,0.06,0.04689647267593196,0.07647107479135655,0.009999999999999995
3x3_ultra_n100,3x3,3,9,ultra,Ultra-skewed margins,100,100,11.11111111111111,alternative,0.05,0.1,0.05,constrained_lr,Constrained LR,1000,1000,1.0,110,0.11,0.09207937267185709,0.1309054989468759,
3x3_ultra_n100,3x3,3,9,ultra,Ultra-skewed margins,100,100,11.11111111111111,alternative,0.05,0.1,0.05,expanded_welch,Expanded Welch,1000,982,0.982,96,0.09775967413441955,0.08072194883600162,0.11793216239905244,
3x3_ultra_n100,3x3,3,9,ultra,Ultra-skewed margins,100,100,11.11111111111111,alternative,0.05,0.1,0.05,normal_wald,Normal Wald,1000,1000,1.0,112,0.112,0.09391954090888108,0.1330500236759097,
3x3_ultra_n100,3x3,3,9,ultra,Ultra-skewed margins,100,100,11.11111111111111,equal_mi_null,0.05,0.05,0.0,constrained_lr,Constrained LR,1000,1000,1.0,72,0.072,0.05756392168091441,0.08971178358272076,0.021999999999999992
3x3_ultra_n100,3x3,3,9,ultra,Ultra-skewed margins,100,100,11.11111111111111,equal_mi_null,0.05,0.05,0.0,expanded_welch,Expanded Welch,1000,978,0.978,49,0.050102249488752554,0.03810375716019757,0.0656211954844153,0.00010224948875255102
3x3_ultra_n100,3x3,3,9,ultra,Ultra-skewed margins,100,100,11.11111111111111,equal_mi_null,0.05,0.05,0.0,normal_wald,Normal Wald,1000,1000,1.0,72,0.072,0.05756392168091441,0.08971178358272076,0.021999999999999992
3x3_ultra_n150,3x3,3,9,ultra,Ultra-skewed margins,150,150,16.666666666666668,alternative,0.05,0.1,0.05,constrained_lr,Constrained LR,1000,1000,1.0,137,0.137,0.11707313063299474,0.1597050960275183,
3x3_ultra_n150,3x3,3,9,ultra,Ultra-skewed margins,150,150,16.666666666666668,alternative,0.05,0.1,0.05,expanded_welch,Expanded Welch,1000,998,0.998,129,0.12925851703406813,0.10985737777762479,0.1515027970437663,
3x3_ultra_n150,3x3,3,9,ultra,Ultra-skewed margins,150,150,16.666666666666668,alternative,0.05,0.1,0.05,normal_wald,Normal Wald,1000,1000,1.0,142,0.142,0.12173404205455421,0.16500591702110326,
3x3_ultra_n150,3x3,3,9,ultra,Ultra-skewed margins,150,150,16.666666666666668,equal_mi_null,0.05,0.05,0.0,constrained_lr,Constrained LR,1000,1000,1.0,63,0.063,0.049549663211729086,0.0797949237046461,0.012999999999999998
3x3_ultra_n150,3x3,3,9,ultra,Ultra-skewed margins,150,150,16.666666666666668,equal_mi_null,0.05,0.05,0.0,expanded_welch,Expanded Welch,1000,1000,1.0,42,0.042,0.031220885546165447,0.056284425226603055,0.008
3x3_ultra_n150,3x3,3,9,ultra,Ultra-skewed margins,150,150,16.666666666666668,equal_mi_null,0.05,0.05,0.0,normal_wald,Normal Wald,1000,1000,1.0,54,0.054,0.04162131372306273,0.06979215484605245,0.003999999999999997
3x3_ultra_n250,3x3,3,9,ultra,Ultra-skewed margins,250,250,27.77777777777778,alternative,0.05,0.1,0.05,constrained_lr,Constrained LR,1000,1000,1.0,173,0.173,0.1508192344529515,0.19768346559660158,
3x3_ultra_n250,3x3,3,9,ultra,Ultra-skewed margins,250,250,27.77777777777778,alternative,0.05,0.1,0.05,expanded_welch,Expanded Welch,1000,1000,1.0,165,0.165,0.14328467985555532,0.18927924832976667,
3x3_ultra_n250,3x3,3,9,ultra,Ultra-skewed margins,250,250,27.77777777777778,alternative,0.05,0.1,0.05,normal_wald,Normal Wald,1000,1000,1.0,181,0.181,0.15837194044398084,0.20606953146980334,
3x3_ultra_n250,3x3,3,9,ultra,Ultra-skewed margins,250,250,27.77777777777778,equal_mi_null,0.05,0.05,0.0,constrained_lr,Constrained LR,1000,1000,1.0,58,0.058,0.04513327823499824,0.0742495762662325,0.008
3x3_ultra_n250,3x3,3,9,ultra,Ultra-skewed margins,250,250,27.77777777777778,equal_mi_null,0.05,0.05,0.0,expanded_welch,Expanded Welch,1000,1000,1.0,39,0.039,0.028658960904180485,0.052869310419501346,0.011000000000000003
3x3_ultra_n250,3x3,3,9,ultra,Ultra-skewed margins,250,250,27.77777777777778,equal_mi_null,0.05,0.05,0.0,normal_wald,Normal Wald,1000,1000,1.0,52,0.052,0.03987303628377742,0.06755573931927998,0.001999999999999995
3x3_ultra_n500,3x3,3,9,ultra,Ultra-skewed margins,500,500,55.55555555555556,alternative,0.05,0.1,0.05,constrained_lr,Constrained LR,1000,1000,1.0,342,0.342,0.3132528988050859,0.37195635687634954,
3x3_ultra_n500,3x3,3,9,ultra,Ultra-skewed margins,500,500,55.55555555555556,alternative,0.05,0.1,0.05,expanded_welch,Expanded Welch,1000,1000,1.0,336,0.336,0.30740158982270954,0.36585358696055253,
3x3_ultra_n500,3x3,3,9,ultra,Ultra-skewed margins,500,500,55.55555555555556,alternative,0.05,0.1,0.05,normal_wald,Normal Wald,1000,1000,1.0,348,0.348,0.3191094001531461,0.37805393442646257,
3x3_ultra_n500,3x3,3,9,ultra,Ultra-skewed margins,500,500,55.55555555555556,equal_mi_null,0.05,0.05,0.0,constrained_lr,Constrained LR,1000,1000,1.0,56,0.056,0.043374813385442,0.07202334814973096,0.005999999999999998
3x3_ultra_n500,3x3,3,9,ultra,Ultra-skewed margins,500,500,55.55555555555556,equal_mi_null,0.05,0.05,0.0,expanded_welch,Expanded Welch,1000,1000,1.0,43,0.043,0.03207865341171336,0.057419003844084014,0.007000000000000006
3x3_ultra_n500,3x3,3,9,ultra,Ultra-skewed margins,500,500,55.55555555555556,equal_mi_null,0.05,0.05,0.0,normal_wald,Normal Wald,1000,1000,1.0,53,0.053,0.04074650524859452,0.06867461683749176,0.0029999999999999957
3x3_ultra_n1000,3x3,3,9,ultra,Ultra-skewed margins,1000,1000,111.11111111111111,alternative,0.05,0.1,0.05,constrained_lr,Constrained LR,1000,1000,1.0,639,0.639,0.608752162967835,0.6681839981731807,
3x3_ultra_n1000,3x3,3,9,ultra,Ultra-skewed margins,1000,1000,111.11111111111111,alternative,0.05,0.1,0.05,expanded_welch,Expanded Welch,1000,1000,1.0,629,0.629,0.5986190226548378,0.6583936736558891,
3x3_ultra_n1000,3x3,3,9,ultra,Ultra-skewed margins,1000,1000,111.11111111111111,alternative,0.05,0.1,0.05,normal_wald,Normal Wald,1000,1000,1.0,636,0.636,0.605710772604704,0.665248349087225,
3x3_ultra_n1000,3x3,3,9,ultra,Ultra-skewed margins,1000,1000,111.11111111111111,equal_mi_null,0.05,0.05,0.0,constrained_lr,Constrained LR,1000,1000,1.0,45,0.045,0.03379951228563171,0.059682837936223455,0.0050000000000000044
3x3_ultra_n1000,3x3,3,9,ultra,Ultra-skewed margins,1000,1000,111.11111111111111,equal_mi_null,0.05,0.05,0.0,expanded_welch,Expanded Welch,1000,1000,1.0,41,0.041,0.030364971082098315,0.0551479932076413,0.009000000000000001
3x3_ultra_n1000,3x3,3,9,ultra,Ultra-skewed margins,1000,1000,111.11111111111111,equal_mi_null,0.05,0.05,0.0,normal_wald,Normal Wald,1000,1000,1.0,45,0.045,0.03379951228563171,0.059682837936223455,0.0050000000000000044
4x4_balanced_n25,4x4,4,16,balanced,Balanced margins,25,25,1.5625,alternative,0.05,0.1,0.05,constrained_lr,Constrained LR,750,750,1.0,45,0.06,0.045141500207031705,0.07934284291665275,
4x4_balanced_n25,4x4,4,16,balanced,Balanced margins,25,25,1.5625,alternative,0.05,0.1,0.05,expanded_welch,Expanded Welch,750,750,1.0,71,0.09466666666666666,0.07573205995644625,0.11773230461809944,
4x4_balanced_n25,4x4,4,16,balanced,Balanced margins,25,25,1.5625,alternative,0.05,0.1,0.05,normal_wald,Normal Wald,750,750,1.0,101,0.13466666666666666,0.1120887793448195,0.16096791767302757,
4x4_balanced_n25,4x4,4,16,balanced,Balanced margins,25,25,1.5625,equal_mi_null,0.05,0.05,0.0,constrained_lr,Constrained LR,750,750,1.0,26,0.034666666666666665,0.02376560187032787,0.05031026403926569,0.015333333333333338
4x4_balanced_n25,4x4,4,16,balanced,Balanced margins,25,25,1.5625,equal_mi_null,0.05,0.05,0.0,expanded_welch,Expanded Welch,750,750,1.0,42,0.056,0.04169433607579553,0.07483077380355879,0.005999999999999998
4x4_balanced_n25,4x4,4,16,balanced,Balanced margins,25,25,1.5625,equal_mi_null,0.05,0.05,0.0,normal_wald,Normal Wald,750,750,1.0,69,0.092,0.07334244284087031,0.11481576623745528,0.041999999999999996
4x4_balanced_n50,4x4,4,16,balanced,Balanced margins,50,50,3.125,alternative,0.05,0.1,0.05,constrained_lr,Constrained LR,750,750,1.0,69,0.092,0.07334244284087031,0.11481576623745528,
4x4_balanced_n50,4x4,4,16,balanced,Balanced margins,50,50,3.125,alternative,0.05,0.1,0.05,expanded_welch,Expanded Welch,750,750,1.0,74,0.09866666666666667,0.07932573006837584,0.1220978677505,
4x4_balanced_n50,4x4,4,16,balanced,Balanced margins,50,50,3.125,alternative,0.05,0.1,0.05,normal_wald,Normal Wald,750,750,1.0,86,0.11466666666666667,0.09380096864700341,0.139459562149193,
4x4_balanced_n50,4x4,4,16,balanced,Balanced margins,50,50,3.125,equal_mi_null,0.05,0.05,0.0,constrained_lr,Constrained LR,750,750,1.0,34,0.04533333333333334,0.03262003557583651,0.06268045231863743,0.004666666666666666
4x4_balanced_n50,4x4,4,16,balanced,Balanced margins,50,50,3.125,equal_mi_null,0.05,0.05,0.0,expanded_welch,Expanded Welch,750,750,1.0,38,0.050666666666666665,0.03713392397865151,0.06877887490826262,0.0006666666666666626
4x4_balanced_n50,4x4,4,16,balanced,Balanced margins,50,50,3.125,equal_mi_null,0.05,0.05,0.0,normal_wald,Normal Wald,750,750,1.0,49,0.06533333333333333,0.04976959333295865,0.08532706078316597,0.015333333333333324
4x4_balanced_n75,4x4,4,16,balanced,Balanced margins,75,75,4.6875,alternative,0.05,0.1,0.05,constrained_lr,Constrained LR,750,750,1.0,78,0.104,0.0841336378747305,0.12790227093658552,
4x4_balanced_n75,4x4,4,16,balanced,Balanced margins,75,75,4.6875,alternative,0.05,0.1,0.05,expanded_welch,Expanded Welch,750,750,1.0,77,0.10266666666666667,0.08292997010669809,0.1264528609565079,
4x4_balanced_n75,4x4,4,16,balanced,Balanced margins,75,75,4.6875,alternative,0.05,0.1,0.05,normal_wald,Normal Wald,750,750,1.0,87,0.116,0.09501388908825027,0.14089971945605617,
4x4_balanced_n75,4x4,4,16,balanced,Balanced margins,75,75,4.6875,equal_mi_null,0.05,0.05,0.0,constrained_lr,Constrained LR,750,750,1.0,33,0.044,0.03149969729595624,0.06114771285040764,0.006000000000000005
4x4_balanced_n75,4x4,4,16,balanced,Balanced margins,75,75,4.6875,equal_mi_null,0.05,0.05,0.0,expanded_welch,Expanded Welch,750,750,1.0,30,0.04,0.02816046487022794,0.0565277120318058,0.010000000000000002
4x4_balanced_n75,4x4,4,16,balanced,Balanced margins,75,75,4.6875,equal_mi_null,0.05,0.05,0.0,normal_wald,Normal Wald,750,750,1.0,38,0.050666666666666665,0.03713392397865151,0.06877887490826262,0.0006666666666666626
4x4_balanced_n100,4x4,4,16,balanced,Balanced margins,100,100,6.25,alternative,0.05,0.1,0.05,constrained_lr,Constrained LR,750,750,1.0,96,0.128,0.1059713719191284,0.15381993635816846,
4x4_balanced_n100,4x4,4,16,balanced,Balanced margins,100,100,6.25,alternative,0.05,0.1,0.05,expanded_welch,Expanded Welch,750,750,1.0,90,0.12,0.09865830025020086,0.14521454153843572,
4x4_balanced_n100,4x4,4,16,balanced,Balanced margins,100,100,6.25,alternative,0.05,0.1,0.05,normal_wald,Normal Wald,750,750,1.0,96,0.128,0.1059713719191284,0.15381993635816846,
4x4_balanced_n100,4x4,4,16,balanced,Balanced margins,100,100,6.25,equal_mi_null,0.05,0.05,0.0,constrained_lr,Constrained LR,750,750,1.0,30,0.04,0.02816046487022794,0.0565277120318058,0.010000000000000002
4x4_balanced_n100,4x4,4,16,balanced,Balanced margins,100,100,6.25,equal_mi_null,0.05,0.05,0.0,expanded_welch,Expanded Welch,750,750,1.0,26,0.034666666666666665,0.02376560187032787,0.05031026403926569,0.015333333333333338
4x4_balanced_n100,4x4,4,16,balanced,Balanced margins,100,100,6.25,equal_mi_null,0.05,0.05,0.0,normal_wald,Normal Wald,750,750,1.0,34,0.04533333333333334,0.03262003557583651,0.06268045231863743,0.004666666666666666
4x4_balanced_n150,4x4,4,16,balanced,Balanced margins,150,150,9.375,alternative,0.05,0.1,0.05,constrained_lr,Constrained LR,750,750,1.0,160,0.21333333333333335,0.18551394564180282,0.2440743385145371,
4x4_balanced_n150,4x4,4,16,balanced,Balanced margins,150,150,9.375,alternative,0.05,0.1,0.05,expanded_welch,Expanded Welch,750,750,1.0,149,0.19866666666666666,0.17167841237499826,0.2287260165521311,
4x4_balanced_n150,4x4,4,16,balanced,Balanced margins,150,150,9.375,alternative,0.05,0.1,0.05,normal_wald,Normal Wald,750,750,1.0,160,0.21333333333333335,0.18551394564180282,0.2440743385145371,
4x4_balanced_n150,4x4,4,16,balanced,Balanced margins,150,150,9.375,equal_mi_null,0.05,0.05,0.0,constrained_lr,Constrained LR,750,750,1.0,27,0.036,0.024857550894557396,0.0518713927631462,0.014000000000000005
4x4_balanced_n150,4x4,4,16,balanced,Balanced margins,150,150,9.375,equal_mi_null,0.05,0.05,0.0,expanded_welch,Expanded Welch,750,750,1.0,21,0.028,0.018385518311681247,0.04242495885736207,0.022000000000000002
4x4_balanced_n150,4x4,4,16,balanced,Balanced margins,150,150,9.375,equal_mi_null,0.05,0.05,0.0,normal_wald,Normal Wald,750,750,1.0,28,0.037333333333333336,0.025954161442393,0.05342785996342066,0.012666666666666666
4x4_balanced_n250,4x4,4,16,balanced,Balanced margins,250,250,15.625,alternative,0.05,0.1,0.05,constrained_lr,Constrained LR,750,750,1.0,191,0.25466666666666665,0.2247910842935582,0.28704261005419307,
4x4_balanced_n250,4x4,4,16,balanced,Balanced margins,250,250,15.625,alternative,0.05,0.1,0.05,expanded_welch,Expanded Welch,750,750,1.0,185,0.24666666666666667,0.2171584631903454,0.27875676466874566,
4x4_balanced_n250,4x4,4,16,balanced,Balanced margins,250,250,15.625,alternative,0.05,0.1,0.05,normal_wald,Normal Wald,750,750,1.0,191,0.25466666666666665,0.2247910842935582,0.28704261005419307,
4x4_balanced_n250,4x4,4,16,balanced,Balanced margins,250,250,15.625,equal_mi_null,0.05,0.05,0.0,constrained_lr,Constrained LR,750,750,1.0,36,0.048,0.03487072634594164,0.06573591704475239,0.0020000000000000018
4x4_balanced_n250,4x4,4,16,balanced,Balanced margins,250,250,15.625,equal_mi_null,0.05,0.05,0.0,expanded_welch,Expanded Welch,750,750,1.0,28,0.037333333333333336,0.025954161442393,0.05342785996342066,0.012666666666666666
4x4_balanced_n250,4x4,4,16,balanced,Balanced margins,250,250,15.625,equal_mi_null,0.05,0.05,0.0,normal_wald,Normal Wald,750,750,1.0,34,0.04533333333333334,0.03262003557583651,0.06268045231863743,0.004666666666666666
4x4_balanced_n500,4x4,4,16,balanced,Balanced margins,500,500,31.25,alternative,0.05,0.1,0.05,constrained_lr,Constrained LR,750,750,1.0,417,0.556,0.5202454632676737,0.5911838021529484,
4x4_balanced_n500,4x4,4,16,balanced,Balanced margins,500,500,31.25,alternative,0.05,0.1,0.05,expanded_welch,Expanded Welch,750,750,1.0,414,0.552,0.5162349855566069,0.5872350466196852,
4x4_balanced_n500,4x4,4,16,balanced,Balanced margins,500,500,31.25,alternative,0.05,0.1,0.05,normal_wald,Normal Wald,750,750,1.0,415,0.5533333333333333,0.517571554515516,0.588551555408886,
4x4_balanced_n500,4x4,4,16,balanced,Balanced margins,500,500,31.25,equal_mi_null,0.05,0.05,0.0,constrained_lr,Constrained LR,750,750,1.0,28,0.037333333333333336,0.025954161442393,0.05342785996342066,0.012666666666666666
4x4_balanced_n500,4x4,4,16,balanced,Balanced margins,500,500,31.25,equal_mi_null,0.05,0.05,0.0,expanded_welch,Expanded Welch,750,750,1.0,25,0.03333333333333333,0.022678566088417243,0.048744222073066265,0.01666666666666667
4x4_balanced_n500,4x4,4,16,balanced,Balanced margins,500,500,31.25,equal_mi_null,0.05,0.05,0.0,normal_wald,Normal Wald,750,750,1.0,27,0.036,0.024857550894557396,0.0518713927631462,0.014000000000000005
4x4_balanced_n1000,4x4,4,16,balanced,Balanced margins,1000,1000,62.5,alternative,0.05,0.1,0.05,constrained_lr,Constrained LR,750,750,1.0,662,0.8826666666666667,0.8576610740614775,0.9037722396461062,
4x4_balanced_n1000,4x4,4,16,balanced,Balanced margins,1000,1000,62.5,alternative,0.05,0.1,0.05,expanded_welch,Expanded Welch,750,750,1.0,659,0.8786666666666667,0.8533490227270708,0.9001250577361828,
4x4_balanced_n1000,4x4,4,16,balanced,Balanced margins,1000,1000,62.5,alternative,0.05,0.1,0.05,normal_wald,Normal Wald,750,750,1.0,661,0.8813333333333333,0.8562228045312155,0.9025574314282581,
4x4_balanced_n1000,4x4,4,16,balanced,Balanced margins,1000,1000,62.5,equal_mi_null,0.05,0.05,0.0,constrained_lr,Constrained LR,750,750,1.0,32,0.042666666666666665,0.030382884716889838,0.059611447681364005,0.0073333333333333375
4x4_balanced_n1000,4x4,4,16,balanced,Balanced margins,1000,1000,62.5,equal_mi_null,0.05,0.05,0.0,expanded_welch,Expanded Welch,750,750,1.0,30,0.04,0.02816046487022794,0.0565277120318058,0.010000000000000002
4x4_balanced_n1000,4x4,4,16,balanced,Balanced margins,1000,1000,62.5,equal_mi_null,0.05,0.05,0.0,normal_wald,Normal Wald,750,750,1.0,31,0.04133333333333333,0.02926975187681717,0.05807150277332662,0.00866666666666667
4x4_mild_n25,4x4,4,16,mild,Mildly skewed margins,25,25,1.5625,alternative,0.05,0.1,0.05,constrained_lr,Constrained LR,750,750,1.0,24,0.032,0.021596719599392245,0.04717299081398123,
4x4_mild_n25,4x4,4,16,mild,Mildly skewed margins,25,25,1.5625,alternative,0.05,0.1,0.05,expanded_welch,Expanded Welch,750,750,1.0,40,0.05333333333333334,0.039408725494952175,0.07181022888818206,
4x4_mild_n25,4x4,4,16,mild,Mildly skewed margins,25,25,1.5625,alternative,0.05,0.1,0.05,normal_wald,Normal Wald,750,750,1.0,54,0.072,0.05560036487843248,0.09276167797824239,
4x4_mild_n25,4x4,4,16,mild,Mildly skewed margins,25,25,1.5625,equal_mi_null,0.05,0.05,0.0,constrained_lr,Constrained LR,750,750,1.0,21,0.028,0.018385518311681247,0.04242495885736207,0.022000000000000002
4x4_mild_n25,4x4,4,16,mild,Mildly skewed margins,25,25,1.5625,equal_mi_null,0.05,0.05,0.0,expanded_welch,Expanded Welch,750,747,0.996,23,0.030789825970548863,0.02060312239144958,0.04577768042007524,0.01921017402945114
4x4_mild_n25,4x4,4,16,mild,Mildly skewed margins,25,25,1.5625,equal_mi_null,0.05,0.05,0.0,normal_wald,Normal Wald,750,750,1.0,35,0.04666666666666667,0.03374375637979117,0.06420980926279282,0.003333333333333334
4x4_mild_n50,4x4,4,16,mild,Mildly skewed margins,50,50,3.125,alternative,0.05,0.1,0.05,constrained_lr,Constrained LR,750,750,1.0,28,0.037333333333333336,0.025954161442393,0.05342785996342066,
4x4_mild_n50,4x4,4,16,mild,Mildly skewed margins,50,50,3.125,alternative,0.05,0.1,0.05,expanded_welch,Expanded Welch,750,750,1.0,28,0.037333333333333336,0.025954161442393,0.05342785996342066,
4x4_mild_n50,4x4,4,16,mild,Mildly skewed margins,50,50,3.125,alternative,0.05,0.1,0.05,normal_wald,Normal Wald,750,750,1.0,37,0.04933333333333333,0.036000821007074746,0.06725890013172933,
4x4_mild_n50,4x4,4,16,mild,Mildly skewed margins,50,50,3.125,equal_mi_null,0.05,0.05,0.0,constrained_lr,Constrained LR,750,750,1.0,15,0.02,0.01215710386746864,0.03273490681291439,0.030000000000000002
4x4_mild_n50,4x4,4,16,mild,Mildly skewed margins,50,50,3.125,equal_mi_null,0.05,0.05,0.0,expanded_welch,Expanded Welch,750,750,1.0,15,0.02,0.01215710386746864,0.03273490681291439,0.030000000000000002
4x4_mild_n50,4x4,4,16,mild,Mildly skewed margins,50,50,3.125,equal_mi_null,0.05,0.05,0.0,normal_wald,Normal Wald,750,750,1.0,24,0.032,0.021596719599392245,0.04717299081398123,0.018000000000000002
4x4_mild_n75,4x4,4,16,mild,Mildly skewed margins,75,75,4.6875,alternative,0.05,0.1,0.05,constrained_lr,Constrained LR,750,750,1.0,48,0.064,0.048609354814637365,0.08383422155337723,
4x4_mild_n75,4x4,4,16,mild,Mildly skewed margins,75,75,4.6875,alternative,0.05,0.1,0.05,expanded_welch,Expanded Welch,750,750,1.0,41,0.05466666666666667,0.040550225604286796,0.07332180652695748,
4x4_mild_n75,4x4,4,16,mild,Mildly skewed margins,75,75,4.6875,alternative,0.05,0.1,0.05,normal_wald,Normal Wald,750,750,1.0,54,0.072,0.05560036487843248,0.09276167797824239,
4x4_mild_n75,4x4,4,16,mild,Mildly skewed margins,75,75,4.6875,equal_mi_null,0.05,0.05,0.0,constrained_lr,Constrained LR,750,750,1.0,20,0.02666666666666667,0.017327811345943734,0.04082958807498954,0.023333333333333334
4x4_mild_n75,4x4,4,16,mild,Mildly skewed margins,75,75,4.6875,equal_mi_null,0.05,0.05,0.0,expanded_welch,Expanded Welch,750,750,1.0,15,0.02,0.01215710386746864,0.03273490681291439,0.030000000000000002
4x4_mild_n75,4x4,4,16,mild,Mildly skewed margins,75,75,4.6875,equal_mi_null,0.05,0.05,0.0,normal_wald,Normal Wald,750,750,1.0,18,0.024,0.015234165287481212,0.03761707863723196,0.026000000000000002
4x4_mild_n100,4x4,4,16,mild,Mildly skewed margins,100,100,6.25,alternative,0.05,0.1,0.05,constrained_lr,Constrained LR,750,750,1.0,83,0.11066666666666666,0.09016805702545727,0.135133240526409,
4x4_mild_n100,4x4,4,16,mild,Mildly skewed margins,100,100,6.25,alternative,0.05,0.1,0.05,expanded_welch,Expanded Welch,750,750,1.0,76,0.10133333333333333,0.08172741660079268,0.12500233671430325,
4x4_mild_n100,4x4,4,16,mild,Mildly skewed margins,100,100,6.25,alternative,0.05,0.1,0.05,normal_wald,Normal Wald,750,750,1.0,85,0.11333333333333333,0.09258901329814906,0.13801843974993727,
4x4_mild_n100,4x4,4,16,mild,Mildly skewed margins,100,100,6.25,equal_mi_null,0.05,0.05,0.0,constrained_lr,Constrained LR,750,750,1.0,24,0.032,0.021596719599392245,0.04717299081398123,0.018000000000000002
4x4_mild_n100,4x4,4,16,mild,Mildly skewed margins,100,100,6.25,equal_mi_null,0.05,0.05,0.0,expanded_welch,Expanded Welch,750,750,1.0,19,0.025333333333333333,0.016277185758229215,0.03922713591459401,0.02466666666666667
4x4_mild_n100,4x4,4,16,mild,Mildly skewed margins,100,100,6.25,equal_mi_null,0.05,0.05,0.0,normal_wald,Normal Wald,750,750,1.0,23,0.030666666666666665,0.020520366224465396,0.04559626644079801,0.019333333333333338
4x4_mild_n150,4x4,4,16,mild,Mildly skewed margins,150,150,9.375,alternative,0.05,0.1,0.05,constrained_lr,Constrained LR,750,750,1.0,118,0.15733333333333333,0.1330285223565666,0.1851304963791513,
4x4_mild_n150,4x4,4,16,mild,Mildly skewed margins,150,150,9.375,alternative,0.05,0.1,0.05,expanded_welch,Expanded Welch,750,750,1.0,105,0.14,0.11699693009430728,0.16667207791598004,
4x4_mild_n150,4x4,4,16,mild,Mildly skewed margins,150,150,9.375,alternative,0.05,0.1,0.05,normal_wald,Normal Wald,750,750,1.0,119,0.15866666666666668,0.13426646806300435,0.18654562842082362,
4x4_mild_n150,4x4,4,16,mild,Mildly skewed margins,150,150,9.375,equal_mi_null,0.05,0.05,0.0,constrained_lr,Constrained LR,750,750,1.0,30,0.04,0.02816046487022794,0.0565277120318058,0.010000000000000002
4x4_mild_n150,4x4,4,16,mild,Mildly skewed margins,150,150,9.375,equal_mi_null,0.05,0.05,0.0,expanded_welch,Expanded Welch,750,750,1.0,26,0.034666666666666665,0.02376560187032787,0.05031026403926569,0.015333333333333338
4x4_mild_n150,4x4,4,16,mild,Mildly skewed margins,150,150,9.375,equal_mi_null,0.05,0.05,0.0,normal_wald,Normal Wald,750,750,1.0,31,0.04133333333333333,0.02926975187681717,0.05807150277332662,0.00866666666666667
4x4_mild_n250,4x4,4,16,mild,Mildly skewed margins,250,250,15.625,alternative,0.05,0.1,0.05,constrained_lr,Constrained LR,750,750,1.0,208,0.2773333333333333,0.2464899785708037,0.31044603749481836,
4x4_mild_n250,4x4,4,16,mild,Mildly skewed margins,250,250,15.625,alternative,0.05,0.1,0.05,expanded_welch,Expanded Welch,750,750,1.0,195,0.26,0.22988714127470466,0.2925588640654868,
4x4_mild_n250,4x4,4,16,mild,Mildly skewed margins,250,250,15.625,alternative,0.05,0.1,0.05,normal_wald,Normal Wald,750,750,1.0,213,0.284,0.25289168283718466,0.31730972196898766,
4x4_mild_n250,4x4,4,16,mild,Mildly skewed margins,250,250,15.625,equal_mi_null,0.05,0.05,0.0,constrained_lr,Constrained LR,750,750,1.0,34,0.04533333333333334,0.03262003557583651,0.06268045231863743,0.004666666666666666
4x4_mild_n250,4x4,4,16,mild,Mildly skewed margins,250,250,15.625,equal_mi_null,0.05,0.05,0.0,expanded_welch,Expanded Welch,750,750,1.0,27,0.036,0.024857550894557396,0.0518713927631462,0.014000000000000005
4x4_mild_n250,4x4,4,16,mild,Mildly skewed margins,250,250,15.625,equal_mi_null,0.05,0.05,0.0,normal_wald,Normal Wald,750,750,1.0,30,0.04,0.02816046487022794,0.0565277120318058,0.010000000000000002
4x4_mild_n500,4x4,4,16,mild,Mildly skewed margins,500,500,31.25,alternative,0.05,0.1,0.05,constrained_lr,Constrained LR,750,750,1.0,376,0.5013333333333333,0.46563407326058526,0.5370190044875247,
4x4_mild_n500,4x4,4,16,mild,Mildly skewed margins,500,500,31.25,alternative,0.05,0.1,0.05,expanded_welch,Expanded Welch,750,750,1.0,368,0.49066666666666664,0.4550278232983649,0.5264006324648647,
4x4_mild_n500,4x4,4,16,mild,Mildly skewed margins,500,500,31.25,alternative,0.05,0.1,0.05,normal_wald,Normal Wald,750,750,1.0,374,0.49866666666666665,0.4629809955124753,0.5343659267394147,
4x4_mild_n500,4x4,4,16,mild,Mildly skewed margins,500,500,31.25,equal_mi_null,0.05,0.05,0.0,constrained_lr,Constrained LR,750,750,1.0,24,0.032,0.021596719599392245,0.04717299081398123,0.018000000000000002
4x4_mild_n500,4x4,4,16,mild,Mildly skewed margins,500,500,31.25,equal_mi_null,0.05,0.05,0.0,expanded_welch,Expanded Welch,750,750,1.0,21,0.028,0.018385518311681247,0.04242495885736207,0.022000000000000002
4x4_mild_n500,4x4,4,16,mild,Mildly skewed margins,500,500,31.25,equal_mi_null,0.05,0.05,0.0,normal_wald,Normal Wald,750,750,1.0,22,0.029333333333333333,0.019449841646561543,0.044013713270591816,0.02066666666666667
4x4_mild_n1000,4x4,4,16,mild,Mildly skewed margins,1000,1000,62.5,alternative,0.05,0.1,0.05,constrained_lr,Constrained LR,750,750,1.0,606,0.808,0.7782700054917945,0.8345909543216264,
4x4_mild_n1000,4x4,4,16,mild,Mildly skewed margins,1000,1000,62.5,alternative,0.05,0.1,0.05,expanded_welch,Expanded Welch,750,750,1.0,604,0.8053333333333333,0.7754700818247162,0.8320847224924846,
4x4_mild_n1000,4x4,4,16,mild,Mildly skewed margins,1000,1000,62.5,alternative,0.05,0.1,0.05,normal_wald,Normal Wald,750,750,1.0,606,0.808,0.7782700054917945,0.8345909543216264,
4x4_mild_n1000,4x4,4,16,mild,Mildly skewed margins,1000,1000,62.5,equal_mi_null,0.05,0.05,0.0,constrained_lr,Constrained LR,750,750,1.0,32,0.042666666666666665,0.030382884716889838,0.059611447681364005,0.0073333333333333375
4x4_mild_n1000,4x4,4,16,mild,Mildly skewed margins,1000,1000,62.5,equal_mi_null,0.05,0.05,0.0,expanded_welch,Expanded Welch,750,750,1.0,31,0.04133333333333333,0.02926975187681717,0.05807150277332662,0.00866666666666667
4x4_mild_n1000,4x4,4,16,mild,Mildly skewed margins,1000,1000,62.5,equal_mi_null,0.05,0.05,0.0,normal_wald,Normal Wald,750,750,1.0,31,0.04133333333333333,0.02926975187681717,0.05807150277332662,0.00866666666666667
4x4_strong_n25,4x4,4,16,strong,Strongly skewed margins,25,25,1.5625,alternative,0.05,0.1,0.05,constrained_lr,Constrained LR,750,750,1.0,17,0.02266666666666667,0.014199343378675632,0.0359988227979275,
4x4_strong_n25,4x4,4,16,strong,Strongly skewed margins,25,25,1.5625,alternative,0.05,0.1,0.05,expanded_welch,Expanded Welch,750,568,0.7573333333333333,51,0.0897887323943662,0.06895184095710911,0.11613697551130585,
4x4_strong_n25,4x4,4,16,strong,Strongly skewed margins,25,25,1.5625,alternative,0.05,0.1,0.05,normal_wald,Normal Wald,750,736,0.9813333333333333,92,0.125,0.10303693579778342,0.1508572689418551,
4x4_strong_n25,4x4,4,16,strong,Strongly skewed margins,25,25,1.5625,equal_mi_null,0.05,0.05,0.0,constrained_lr,Constrained LR,750,750,1.0,13,0.017333333333333333,0.010157235796558192,0.029428619387604747,0.03266666666666667
4x4_strong_n25,4x4,4,16,strong,Strongly skewed margins,25,25,1.5625,equal_mi_null,0.05,0.05,0.0,expanded_welch,Expanded Welch,750,572,0.7626666666666667,32,0.055944055944055944,0.03990369824336671,0.07790903958838194,0.005944055944055941
4x4_strong_n25,4x4,4,16,strong,Strongly skewed margins,25,25,1.5625,equal_mi_null,0.05,0.05,0.0,normal_wald,Normal Wald,750,743,0.9906666666666667,65,0.08748317631224764,0.0692306147010557,0.10997938661841784,0.03748317631224764
4x4_strong_n50,4x4,4,16,strong,Strongly skewed margins,50,50,3.125,alternative,0.05,0.1,0.05,constrained_lr,Constrained LR,750,750,1.0,40,0.05333333333333334,0.039408725494952175,0.07181022888818206,
4x4_strong_n50,4x4,4,16,strong,Strongly skewed margins,50,50,3.125,alternative,0.05,0.1,0.05,expanded_welch,Expanded Welch,750,743,0.9906666666666667,48,0.06460296096904442,0.049070567947484746,0.08461437634892535,
4x4_strong_n50,4x4,4,16,strong,Strongly skewed margins,50,50,3.125,alternative,0.05,0.1,0.05,normal_wald,Normal Wald,750,750,1.0,57,0.076,0.05912070795464086,0.09720056814636416,
4x4_strong_n50,4x4,4,16,strong,Strongly skewed margins,50,50,3.125,equal_mi_null,0.05,0.05,0.0,constrained_lr,Constrained LR,750,750,1.0,33,0.044,0.03149969729595624,0.06114771285040764,0.006000000000000005
4x4_strong_n50,4x4,4,16,strong,Strongly skewed margins,50,50,3.125,equal_mi_null,0.05,0.05,0.0,expanded_welch,Expanded Welch,750,738,0.984,31,0.04200542005420054,0.029748188192407293,0.05900589536253763,0.007994579945799461
4x4_strong_n50,4x4,4,16,strong,Strongly skewed margins,50,50,3.125,equal_mi_null,0.05,0.05,0.0,normal_wald,Normal Wald,750,750,1.0,41,0.05466666666666667,0.040550225604286796,0.07332180652695748,0.004666666666666666
4x4_strong_n75,4x4,4,16,strong,Strongly skewed margins,75,75,4.6875,alternative,0.05,0.1,0.05,constrained_lr,Constrained LR,750,750,1.0,64,0.08533333333333333,0.06739139382418796,0.10750142651358738,
4x4_strong_n75,4x4,4,16,strong,Strongly skewed margins,75,75,4.6875,alternative,0.05,0.1,0.05,expanded_welch,Expanded Welch,750,750,1.0,55,0.07333333333333333,0.05677208048118589,0.09424304012359902,
4x4_strong_n75,4x4,4,16,strong,Strongly skewed margins,75,75,4.6875,alternative,0.05,0.1,0.05,normal_wald,Normal Wald,750,750,1.0,72,0.096,0.07692874013136182,0.11918870219129392,
4x4_strong_n75,4x4,4,16,strong,Strongly skewed margins,75,75,4.6875,equal_mi_null,0.05,0.05,0.0,constrained_lr,Constrained LR,750,750,1.0,41,0.05466666666666667,0.040550225604286796,0.07332180652695748,0.004666666666666666
4x4_strong_n75,4x4,4,16,strong,Strongly skewed margins,75,75,4.6875,equal_mi_null,0.05,0.05,0.0,expanded_welch,Expanded Welch,750,749,0.9986666666666667,33,0.044058744993324434,0.03154198096956527,0.061228492816640515,0.005941255006675569
4x4_strong_n75,4x4,4,16,strong,Strongly skewed margins,75,75,4.6875,equal_mi_null,0.05,0.05,0.0,normal_wald,Normal Wald,750,750,1.0,43,0.05733333333333333,0.04284097160939368,0.07633721601807068,0.007333333333333331
4x4_strong_n100,4x4,4,16,strong,Strongly skewed margins,100,100,6.25,alternative,0.05,0.1,0.05,constrained_lr,Constrained LR,750,750,1.0,62,0.08266666666666667,0.0650207424573,0.10456592238425527,
4x4_strong_n100,4x4,4,16,strong,Strongly skewed margins,100,100,6.25,alternative,0.05,0.1,0.05,expanded_welch,Expanded Welch,750,750,1.0,55,0.07333333333333333,0.05677208048118589,0.09424304012359902,
4x4_strong_n100,4x4,4,16,strong,Strongly skewed margins,100,100,6.25,alternative,0.05,0.1,0.05,normal_wald,Normal Wald,750,750,1.0,64,0.08533333333333333,0.06739139382418796,0.10750142651358738,
4x4_strong_n100,4x4,4,16,strong,Strongly skewed margins,100,100,6.25,equal_mi_null,0.05,0.05,0.0,constrained_lr,Constrained LR,750,750,1.0,44,0.058666666666666666,0.04399005168763517,0.07784121368793924,0.008666666666666663
4x4_strong_n100,4x4,4,16,strong,Strongly skewed margins,100,100,6.25,equal_mi_null,0.05,0.05,0.0,expanded_welch,Expanded Welch,750,750,1.0,29,0.03866666666666667,0.027055203217622517,0.05497989593630119,0.011333333333333334
4x4_strong_n100,4x4,4,16,strong,Strongly skewed margins,100,100,6.25,equal_mi_null,0.05,0.05,0.0,normal_wald,Normal Wald,750,750,1.0,42,0.056,0.04169433607579553,0.07483077380355879,0.005999999999999998
4x4_strong_n150,4x4,4,16,strong,Strongly skewed margins,150,150,9.375,alternative,0.05,0.1,0.05,constrained_lr,Constrained LR,750,750,1.0,83,0.11066666666666666,0.09016805702545727,0.135133240526409,
4x4_strong_n150,4x4,4,16,strong,Strongly skewed margins,150,150,9.375,alternative,0.05,0.1,0.05,expanded_welch,Expanded Welch,750,750,1.0,74,0.09866666666666667,0.07932573006837584,0.1220978677505,
4x4_strong_n150,4x4,4,16,strong,Strongly skewed margins,150,150,9.375,alternative,0.05,0.1,0.05,normal_wald,Normal Wald,750,750,1.0,80,0.10666666666666667,0.08654424211478845,0.1307978221927477,
4x4_strong_n150,4x4,4,16,strong,Strongly skewed margins,150,150,9.375,equal_mi_null,0.05,0.05,0.0,constrained_lr,Constrained LR,750,750,1.0,26,0.034666666666666665,0.02376560187032787,0.05031026403926569,0.015333333333333338
4x4_strong_n150,4x4,4,16,strong,Strongly skewed margins,150,150,9.375,equal_mi_null,0.05,0.05,0.0,expanded_welch,Expanded Welch,750,750,1.0,17,0.02266666666666667,0.014199343378675632,0.0359988227979275,0.027333333333333334
4x4_strong_n150,4x4,4,16,strong,Strongly skewed margins,150,150,9.375,equal_mi_null,0.05,0.05,0.0,normal_wald,Normal Wald,750,750,1.0,24,0.032,0.021596719599392245,0.04717299081398123,0.018000000000000002
4x4_strong_n250,4x4,4,16,strong,Strongly skewed margins,250,250,15.625,alternative,0.05,0.1,0.05,constrained_lr,Constrained LR,750,750,1.0,139,0.18533333333333332,0.15915253704684845,0.2147211143991804,
4x4_strong_n250,4x4,4,16,strong,Strongly skewed margins,250,250,15.625,alternative,0.05,0.1,0.05,expanded_welch,Expanded Welch,750,750,1.0,127,0.16933333333333334,0.14419265273792353,0.19784406573078478,
4x4_strong_n250,4x4,4,16,strong,Strongly skewed margins,250,250,15.625,alternative,0.05,0.1,0.05,normal_wald,Normal Wald,750,750,1.0,137,0.18266666666666667,0.1566536508917158,0.21191384505809302,
4x4_strong_n250,4x4,4,16,strong,Strongly skewed margins,250,250,15.625,equal_mi_null,0.05,0.05,0.0,constrained_lr,Constrained LR,750,750,1.0,26,0.034666666666666665,0.02376560187032787,0.05031026403926569,0.015333333333333338
4x4_strong_n250,4x4,4,16,strong,Strongly skewed margins,250,250,15.625,equal_mi_null,0.05,0.05,0.0,expanded_welch,Expanded Welch,750,750,1.0,19,0.025333333333333333,0.016277185758229215,0.03922713591459401,0.02466666666666667
4x4_strong_n250,4x4,4,16,strong,Strongly skewed margins,250,250,15.625,equal_mi_null,0.05,0.05,0.0,normal_wald,Normal Wald,750,750,1.0,23,0.030666666666666665,0.020520366224465396,0.04559626644079801,0.019333333333333338
4x4_strong_n500,4x4,4,16,strong,Strongly skewed margins,500,500,31.25,alternative,0.05,0.1,0.05,constrained_lr,Constrained LR,750,750,1.0,274,0.36533333333333334,0.33163908019449206,0.4004000672463932,
4x4_strong_n500,4x4,4,16,strong,Strongly skewed margins,500,500,31.25,alternative,0.05,0.1,0.05,expanded_welch,Expanded Welch,750,750,1.0,260,0.3466666666666667,0.31346623027791093,0.3814298286894337,
4x4_strong_n500,4x4,4,16,strong,Strongly skewed margins,500,500,31.25,alternative,0.05,0.1,0.05,normal_wald,Normal Wald,750,750,1.0,272,0.3626666666666667,0.3290395242965687,0.39769346764809654,
4x4_strong_n500,4x4,4,16,strong,Strongly skewed margins,500,500,31.25,equal_mi_null,0.05,0.05,0.0,constrained_lr,Constrained LR,750,750,1.0,42,0.056,0.04169433607579553,0.07483077380355879,0.005999999999999998
4x4_strong_n500,4x4,4,16,strong,Strongly skewed margins,500,500,31.25,equal_mi_null,0.05,0.05,0.0,expanded_welch,Expanded Welch,750,750,1.0,38,0.050666666666666665,0.03713392397865151,0.06877887490826262,0.0006666666666666626
4x4_strong_n500,4x4,4,16,strong,Strongly skewed margins,500,500,31.25,equal_mi_null,0.05,0.05,0.0,normal_wald,Normal Wald,750,750,1.0,41,0.05466666666666667,0.040550225604286796,0.07332180652695748,0.004666666666666666
4x4_strong_n1000,4x4,4,16,strong,Strongly skewed margins,1000,1000,62.5,alternative,0.05,0.1,0.05,constrained_lr,Constrained LR,750,750,1.0,517,0.6893333333333334,0.6553197580102418,0.721417282221385,
4x4_strong_n1000,4x4,4,16,strong,Strongly skewed margins,1000,1000,62.5,alternative,0.05,0.1,0.05,expanded_welch,Expanded Welch,750,750,1.0,508,0.6773333333333333,0.6430451209075373,0.7098142195910989,
4x4_strong_n1000,4x4,4,16,strong,Strongly skewed margins,1000,1000,62.5,alternative,0.05,0.1,0.05,normal_wald,Normal Wald,750,750,1.0,513,0.684,0.6498612296270238,0.716263499612163,
4x4_strong_n1000,4x4,4,16,strong,Strongly skewed margins,1000,1000,62.5,equal_mi_null,0.05,0.05,0.0,constrained_lr,Constrained LR,750,750,1.0,39,0.052,0.03826992623985369,0.07029595039517048,0.001999999999999995
4x4_strong_n1000,4x4,4,16,strong,Strongly skewed margins,1000,1000,62.5,equal_mi_null,0.05,0.05,0.0,expanded_welch,Expanded Welch,750,750,1.0,32,0.042666666666666665,0.030382884716889838,0.059611447681364005,0.0073333333333333375
4x4_strong_n1000,4x4,4,16,strong,Strongly skewed margins,1000,1000,62.5,equal_mi_null,0.05,0.05,0.0,normal_wald,Normal Wald,750,750,1.0,38,0.050666666666666665,0.03713392397865151,0.06877887490826262,0.0006666666666666626
4x4_ultra_n25,4x4,4,16,ultra,Ultra-skewed margins,25,25,1.5625,alternative,0.05,0.1,0.05,constrained_lr,Constrained LR,750,750,1.0,9,0.012,0.00632586728331239,0.02264767690841036,
4x4_ultra_n25,4x4,4,16,ultra,Ultra-skewed margins,25,25,1.5625,alternative,0.05,0.1,0.05,expanded_welch,Expanded Welch,750,273,0.364,20,0.07326007326007326,0.0479221439914407,0.11044090974860463,
4x4_ultra_n25,4x4,4,16,ultra,Ultra-skewed margins,25,25,1.5625,alternative,0.05,0.1,0.05,normal_wald,Normal Wald,750,626,0.8346666666666667,65,0.10383386581469649,0.08230490848486675,0.13019532779887505,
4x4_ultra_n25,4x4,4,16,ultra,Ultra-skewed margins,25,25,1.5625,equal_mi_null,0.05,0.05,0.0,constrained_lr,Constrained LR,750,750,1.0,1,0.0013333333333333333,0.00023540485994490764,0.007513517346897464,0.04866666666666667
4x4_ultra_n25,4x4,4,16,ultra,Ultra-skewed margins,25,25,1.5625,equal_mi_null,0.05,0.05,0.0,expanded_welch,Expanded Welch,750,231,0.308,9,0.03896103896103896,0.02063064616577661,0.07237447707939318,0.011038961038961043
4x4_ultra_n25,4x4,4,16,ultra,Ultra-skewed margins,25,25,1.5625,equal_mi_null,0.05,0.05,0.0,normal_wald,Normal Wald,750,604,0.8053333333333333,46,0.076158940397351,0.05758123498967134,0.10009385845762543,0.02615894039735099
4x4_ultra_n50,4x4,4,16,ultra,Ultra-skewed margins,50,50,3.125,alternative,0.05,0.1,0.05,constrained_lr,Constrained LR,750,750,1.0,37,0.04933333333333333,0.036000821007074746,0.06725890013172933,
4x4_ultra_n50,4x4,4,16,ultra,Ultra-skewed margins,50,50,3.125,alternative,0.05,0.1,0.05,expanded_welch,Expanded Welch,750,570,0.76,42,0.07368421052631578,0.054972791858046835,0.098103388802057,
4x4_ultra_n50,4x4,4,16,ultra,Ultra-skewed margins,50,50,3.125,alternative,0.05,0.1,0.05,normal_wald,Normal Wald,750,741,0.988,65,0.08771929824561403,0.06941910941769774,0.1102720949798193,
4x4_ultra_n50,4x4,4,16,ultra,Ultra-skewed margins,50,50,3.125,equal_mi_null,0.05,0.05,0.0,constrained_lr,Constrained LR,750,750,1.0,23,0.030666666666666665,0.020520366224465396,0.04559626644079801,0.019333333333333338
4x4_ultra_n50,4x4,4,16,ultra,Ultra-skewed margins,50,50,3.125,equal_mi_null,0.05,0.05,0.0,expanded_welch,Expanded Welch,750,550,0.7333333333333333,28,0.05090909090909091,0.03545431544910488,0.07259367891396748,0.000909090909090908
4x4_ultra_n50,4x4,4,16,ultra,Ultra-skewed margins,50,50,3.125,equal_mi_null,0.05,0.05,0.0,normal_wald,Normal Wald,750,734,0.9786666666666667,49,0.0667574931880109,0.05086240011774437,0.08716380809163063,0.016757493188010897
4x4_ultra_n75,4x4,4,16,ultra,Ultra-skewed margins,75,75,4.6875,alternative,0.05,0.1,0.05,constrained_lr,Constrained LR,750,750,1.0,67,0.08933333333333333,0.07095797769119244,0.11189407589091305,
4x4_ultra_n75,4x4,4,16,ultra,Ultra-skewed margins,75,75,4.6875,alternative,0.05,0.1,0.05,expanded_welch,Expanded Welch,750,696,0.928,70,0.10057471264367816,0.08037649553888015,0.12515785371656693,
4x4_ultra_n75,4x4,4,16,ultra,Ultra-skewed margins,75,75,4.6875,alternative,0.05,0.1,0.05,normal_wald,Normal Wald,750,750,1.0,95,0.12666666666666668,0.10475036322357498,0.15238786730561185,
4x4_ultra_n75,4x4,4,16,ultra,Ultra-skewed margins,75,75,4.6875,equal_mi_null,0.05,0.05,0.0,constrained_lr,Constrained LR,750,750,1.0,32,0.042666666666666665,0.030382884716889838,0.059611447681364005,0.0073333333333333375
4x4_ultra_n75,4x4,4,16,ultra,Ultra-skewed margins,75,75,4.6875,equal_mi_null,0.05,0.05,0.0,expanded_welch,Expanded Welch,750,696,0.928,32,0.04597701149425287,0.03275364994137493,0.0641846751115793,0.00402298850574713
4x4_ultra_n75,4x4,4,16,ultra,Ultra-skewed margins,75,75,4.6875,equal_mi_null,0.05,0.05,0.0,normal_wald,Normal Wald,750,749,0.9986666666666667,47,0.06275033377837116,0.04751501070958152,0.08244788874863923,0.012750333778371162
4x4_ultra_n100,4x4,4,16,ultra,Ultra-skewed margins,100,100,6.25,alternative,0.05,0.1,0.05,constrained_lr,Constrained LR,750,750,1.0,82,0.10933333333333334,0.08895908676490234,0.13368913303885388,
4x4_ultra_n100,4x4,4,16,ultra,Ultra-skewed margins,100,100,6.25,alternative,0.05,0.1,0.05,expanded_welch,Expanded Welch,750,735,0.98,76,0.10340136054421768,0.08341171480843103,0.12751507734727896,
4x4_ultra_n100,4x4,4,16,ultra,Ultra-skewed margins,100,100,6.25,alternative,0.05,0.1,0.05,normal_wald,Normal Wald,750,750,1.0,96,0.128,0.1059713719191284,0.15381993635816846,
4x4_ultra_n100,4x4,4,16,ultra,Ultra-skewed margins,100,100,6.25,equal_mi_null,0.05,0.05,0.0,constrained_lr,Constrained LR,750,750,1.0,47,0.06266666666666666,0.04745121825964366,0.08233928036026089,0.01266666666666666
4x4_ultra_n100,4x4,4,16,ultra,Ultra-skewed margins,100,100,6.25,equal_mi_null,0.05,0.05,0.0,expanded_welch,Expanded Welch,750,739,0.9853333333333333,41,0.05548037889039242,0.041157678580358334,0.074400571166462,0.0054803788903924205
4x4_ultra_n100,4x4,4,16,ultra,Ultra-skewed margins,100,100,6.25,equal_mi_null,0.05,0.05,0.0,normal_wald,Normal Wald,750,750,1.0,62,0.08266666666666667,0.0650207424573,0.10456592238425527,0.03266666666666666
4x4_ultra_n150,4x4,4,16,ultra,Ultra-skewed margins,150,150,9.375,alternative,0.05,0.1,0.05,constrained_lr,Constrained LR,750,750,1.0,87,0.116,0.09501388908825027,0.14089971945605617,
4x4_ultra_n150,4x4,4,16,ultra,Ultra-skewed margins,150,150,9.375,alternative,0.05,0.1,0.05,expanded_welch,Expanded Welch,750,749,0.9986666666666667,76,0.10146862483311081,0.08183758353845963,0.12516676909750646,
4x4_ultra_n150,4x4,4,16,ultra,Ultra-skewed margins,150,150,9.375,alternative,0.05,0.1,0.05,normal_wald,Normal Wald,750,750,1.0,91,0.12133333333333333,0.09987494226381735,0.14665097727292928,
4x4_ultra_n150,4x4,4,16,ultra,Ultra-skewed margins,150,150,9.375,equal_mi_null,0.05,0.05,0.0,constrained_lr,Constrained LR,750,750,1.0,40,0.05333333333333334,0.039408725494952175,0.07181022888818206,0.003333333333333334
4x4_ultra_n150,4x4,4,16,ultra,Ultra-skewed margins,150,150,9.375,equal_mi_null,0.05,0.05,0.0,expanded_welch,Expanded Welch,750,748,0.9973333333333333,32,0.0427807486631016,0.030464553869279473,0.05976917562883477,0.007219251336898401
4x4_ultra_n150,4x4,4,16,ultra,Ultra-skewed margins,150,150,9.375,equal_mi_null,0.05,0.05,0.0,normal_wald,Normal Wald,750,750,1.0,42,0.056,0.04169433607579553,0.07483077380355879,0.005999999999999998
4x4_ultra_n250,4x4,4,16,ultra,Ultra-skewed margins,250,250,15.625,alternative,0.05,0.1,0.05,constrained_lr,Constrained LR,750,750,1.0,119,0.15866666666666668,0.13426646806300435,0.18654562842082362,
4x4_ultra_n250,4x4,4,16,ultra,Ultra-skewed margins,250,250,15.625,alternative,0.05,0.1,0.05,expanded_welch,Expanded Welch,750,750,1.0,106,0.14133333333333334,0.11822586398638212,0.16809622177201522,
4x4_ultra_n250,4x4,4,16,ultra,Ultra-skewed margins,250,250,15.625,alternative,0.05,0.1,0.05,normal_wald,Normal Wald,750,750,1.0,119,0.15866666666666668,0.13426646806300435,0.18654562842082362,
4x4_ultra_n250,4x4,4,16,ultra,Ultra-skewed margins,250,250,15.625,equal_mi_null,0.05,0.05,0.0,constrained_lr,Constrained LR,750,750,1.0,27,0.036,0.024857550894557396,0.0518713927631462,0.014000000000000005
4x4_ultra_n250,4x4,4,16,ultra,Ultra-skewed margins,250,250,15.625,equal_mi_null,0.05,0.05,0.0,expanded_welch,Expanded Welch,750,750,1.0,18,0.024,0.015234165287481212,0.03761707863723196,0.026000000000000002
4x4_ultra_n250,4x4,4,16,ultra,Ultra-skewed margins,250,250,15.625,equal_mi_null,0.05,0.05,0.0,normal_wald,Normal Wald,750,750,1.0,31,0.04133333333333333,0.02926975187681717,0.05807150277332662,0.00866666666666667
4x4_ultra_n500,4x4,4,16,ultra,Ultra-skewed margins,500,500,31.25,alternative,0.05,0.1,0.05,constrained_lr,Constrained LR,750,750,1.0,221,0.2946666666666667,0.26315220728601973,0.328273819505033,
4x4_ultra_n500,4x4,4,16,ultra,Ultra-skewed margins,500,500,31.25,alternative,0.05,0.1,0.05,expanded_welch,Expanded Welch,750,750,1.0,213,0.284,0.25289168283718466,0.31730972196898766,
4x4_ultra_n500,4x4,4,16,ultra,Ultra-skewed margins,500,500,31.25,alternative,0.05,0.1,0.05,normal_wald,Normal Wald,750,750,1.0,221,0.2946666666666667,0.26315220728601973,0.328273819505033,
4x4_ultra_n500,4x4,4,16,ultra,Ultra-skewed margins,500,500,31.25,equal_mi_null,0.05,0.05,0.0,constrained_lr,Constrained LR,750,750,1.0,36,0.048,0.03487072634594164,0.06573591704475239,0.0020000000000000018
4x4_ultra_n500,4x4,4,16,ultra,Ultra-skewed margins,500,500,31.25,equal_mi_null,0.05,0.05,0.0,expanded_welch,Expanded Welch,750,750,1.0,35,0.04666666666666667,0.03374375637979117,0.06420980926279282,0.003333333333333334
4x4_ultra_n500,4x4,4,16,ultra,Ultra-skewed margins,500,500,31.25,equal_mi_null,0.05,0.05,0.0,normal_wald,Normal Wald,750,750,1.0,36,0.048,0.03487072634594164,0.06573591704475239,0.0020000000000000018
4x4_ultra_n1000,4x4,4,16,ultra,Ultra-skewed margins,1000,1000,62.5,alternative,0.05,0.1,0.05,constrained_lr,Constrained LR,750,750,1.0,436,0.5813333333333334,0.5456992274215656,0.6161385152131472,
4x4_ultra_n1000,4x4,4,16,ultra,Ultra-skewed margins,1000,1000,62.5,alternative,0.05,0.1,0.05,expanded_welch,Expanded Welch,750,750,1.0,424,0.5653333333333334,0.5296122623639856,0.6003885472934067,
4x4_ultra_n1000,4x4,4,16,ultra,Ultra-skewed margins,1000,1000,62.5,alternative,0.05,0.1,0.05,normal_wald,Normal Wald,750,750,1.0,432,0.576,0.5403327284894401,0.6108927031528324,
4x4_ultra_n1000,4x4,4,16,ultra,Ultra-skewed margins,1000,1000,62.5,equal_mi_null,0.05,0.05,0.0,constrained_lr,Constrained LR,750,750,1.0,38,0.050666666666666665,0.03713392397865151,0.06877887490826262,0.0006666666666666626
4x4_ultra_n1000,4x4,4,16,ultra,Ultra-skewed margins,1000,1000,62.5,equal_mi_null,0.05,0.05,0.0,expanded_welch,Expanded Welch,750,750,1.0,36,0.048,0.03487072634594164,0.06573591704475239,0.0020000000000000018
4x4_ultra_n1000,4x4,4,16,ultra,Ultra-skewed margins,1000,1000,62.5,equal_mi_null,0.05,0.05,0.0,normal_wald,Normal Wald,750,750,1.0,38,0.050666666666666665,0.03713392397865151,0.06877887490826262,0.0006666666666666626
5x5_balanced_n25,5x5,5,25,balanced,Balanced margins,25,25,1.0,alternative,0.05,0.1,0.05,constrained_lr,Constrained LR,500,500,1.0,14,0.028,0.01675097472075645,0.04644640267494888,
5x5_balanced_n25,5x5,5,25,balanced,Balanced margins,25,25,1.0,alternative,0.05,0.1,0.05,expanded_welch,Expanded Welch,500,500,1.0,26,0.052,0.035730265115705276,0.07510114393784553,
5x5_balanced_n25,5x5,5,25,balanced,Balanced margins,25,25,1.0,alternative,0.05,0.1,0.05,normal_wald,Normal Wald,500,500,1.0,33,0.066,0.04737852635977387,0.09123940116085351,
5x5_balanced_n25,5x5,5,25,balanced,Balanced margins,25,25,1.0,equal_mi_null,0.05,0.05,0.0,constrained_lr,Constrained LR,500,500,1.0,13,0.026,0.015256383923327248,0.04397149083422428,0.024000000000000004
5x5_balanced_n25,5x5,5,25,balanced,Balanced margins,25,25,1.0,equal_mi_null,0.05,0.05,0.0,expanded_welch,Expanded Welch,500,500,1.0,29,0.058,0.0406837291117572,0.08205618785625499,0.008
5x5_balanced_n25,5x5,5,25,balanced,Balanced margins,25,25,1.0,equal_mi_null,0.05,0.05,0.0,normal_wald,Normal Wald,500,500,1.0,41,0.082,0.06101908946846894,0.10935485915738875,0.032
5x5_balanced_n50,5x5,5,25,balanced,Balanced margins,50,50,2.0,alternative,0.05,0.1,0.05,constrained_lr,Constrained LR,500,500,1.0,50,0.1,0.07667756273730172,0.1294219096319401,
5x5_balanced_n50,5x5,5,25,balanced,Balanced margins,50,50,2.0,alternative,0.05,0.1,0.05,expanded_welch,Expanded Welch,500,500,1.0,60,0.12,0.09437490012636912,0.1514195986244106,
5x5_balanced_n50,5x5,5,25,balanced,Balanced margins,50,50,2.0,alternative,0.05,0.1,0.05,normal_wald,Normal Wald,500,500,1.0,67,0.134,0.10691500187152081,0.16666601534633546,
5x5_balanced_n50,5x5,5,25,balanced,Balanced margins,50,50,2.0,equal_mi_null,0.05,0.05,0.0,constrained_lr,Constrained LR,500,500,1.0,33,0.066,0.04737852635977387,0.09123940116085351,0.016
5x5_balanced_n50,5x5,5,25,balanced,Balanced margins,50,50,2.0,equal_mi_null,0.05,0.05,0.0,expanded_welch,Expanded Welch,500,500,1.0,38,0.076,0.055869027037427826,0.10259641367396849,0.025999999999999995
5x5_balanced_n50,5x5,5,25,balanced,Balanced margins,50,50,2.0,equal_mi_null,0.05,0.05,0.0,normal_wald,Normal Wald,500,500,1.0,48,0.096,0.07317350466541904,0.12498696242751521,0.046
5x5_balanced_n75,5x5,5,25,balanced,Balanced margins,75,75,3.0,alternative,0.05,0.1,0.05,constrained_lr,Constrained LR,500,500,1.0,54,0.108,0.08372280963705037,0.13825467328480662,
5x5_balanced_n75,5x5,5,25,balanced,Balanced margins,75,75,3.0,alternative,0.05,0.1,0.05,expanded_welch,Expanded Welch,500,500,1.0,54,0.108,0.08372280963705037,0.13825467328480662,
5x5_balanced_n75,5x5,5,25,balanced,Balanced margins,75,75,3.0,alternative,0.05,0.1,0.05,normal_wald,Normal Wald,500,500,1.0,61,0.122,0.0961592783150937,0.15360472307383977,
5x5_balanced_n75,5x5,5,25,balanced,Balanced margins,75,75,3.0,equal_mi_null,0.05,0.05,0.0,constrained_lr,Constrained LR,500,500,1.0,17,0.034,0.02133451980853219,0.053771365501634506,0.016
5x5_balanced_n75,5x5,5,25,balanced,Balanced margins,75,75,3.0,equal_mi_null,0.05,0.05,0.0,expanded_welch,Expanded Welch,500,500,1.0,21,0.042,0.027632310108451703,0.06335158575433016,0.008
5x5_balanced_n75,5x5,5,25,balanced,Balanced margins,75,75,3.0,equal_mi_null,0.05,0.05,0.0,normal_wald,Normal Wald,500,500,1.0,26,0.052,0.035730265115705276,0.07510114393784553,0.001999999999999995
5x5_balanced_n100,5x5,5,25,balanced,Balanced margins,100,100,4.0,alternative,0.05,0.1,0.05,constrained_lr,Constrained LR,500,500,1.0,68,0.136,0.10871544340723721,0.16883507644877283,
5x5_balanced_n100,5x5,5,25,balanced,Balanced margins,100,100,4.0,alternative,0.05,0.1,0.05,expanded_welch,Expanded Welch,500,500,1.0,65,0.13,0.10332065036463456,0.16232136157691412,
5x5_balanced_n100,5x5,5,25,balanced,Balanced margins,100,100,4.0,alternative,0.05,0.1,0.05,normal_wald,Normal Wald,500,500,1.0,74,0.148,0.1195614053892054,0.18180613029572734,
5x5_balanced_n100,5x5,5,25,balanced,Balanced margins,100,100,4.0,equal_mi_null,0.05,0.05,0.0,constrained_lr,Constrained LR,500,500,1.0,26,0.052,0.035730265115705276,0.07510114393784553,0.001999999999999995
5x5_balanced_n100,5x5,5,25,balanced,Balanced margins,100,100,4.0,equal_mi_null,0.05,0.05,0.0,expanded_welch,Expanded Welch,500,500,1.0,24,0.048,0.03246520694135317,0.07042719683589006,0.0020000000000000018
5x5_balanced_n100,5x5,5,25,balanced,Balanced margins,100,100,4.0,equal_mi_null,0.05,0.05,0.0,normal_wald,Normal Wald,500,500,1.0,26,0.052,0.035730265115705276,0.07510114393784553,0.001999999999999995
5x5_balanced_n150,5x5,5,25,balanced,Balanced margins,150,150,6.0,alternative,0.05,0.1,0.05,constrained_lr,Constrained LR,500,500,1.0,89,0.178,0.14696488670733526,0.21394518854990435,
5x5_balanced_n150,5x5,5,25,balanced,Balanced margins,150,150,6.0,alternative,0.05,0.1,0.05,expanded_welch,Expanded Welch,500,500,1.0,86,0.172,0.1414541198436514,0.20754744749912687,
5x5_balanced_n150,5x5,5,25,balanced,Balanced margins,150,150,6.0,alternative,0.05,0.1,0.05,normal_wald,Normal Wald,500,500,1.0,92,0.184,0.1524894793781606,0.22032910379354043,
5x5_balanced_n150,5x5,5,25,balanced,Balanced margins,150,150,6.0,equal_mi_null,0.05,0.05,0.0,constrained_lr,Constrained LR,500,500,1.0,17,0.034,0.02133451980853219,0.053771365501634506,0.016
5x5_balanced_n150,5x5,5,25,balanced,Balanced margins,150,150,6.0,equal_mi_null,0.05,0.05,0.0,expanded_welch,Expanded Welch,500,500,1.0,15,0.03,0.018263213197913384,0.04890366683594573,0.020000000000000004
5x5_balanced_n150,5x5,5,25,balanced,Balanced margins,150,150,6.0,equal_mi_null,0.05,0.05,0.0,normal_wald,Normal Wald,500,500,1.0,19,0.038,0.024460118055830385,0.05858477253064388,0.012000000000000004
5x5_balanced_n250,5x5,5,25,balanced,Balanced margins,250,250,10.0,alternative,0.05,0.1,0.05,constrained_lr,Constrained LR,500,500,1.0,109,0.218,0.18403372643598842,0.25626640158432706,
5x5_balanced_n250,5x5,5,25,balanced,Balanced margins,250,250,10.0,alternative,0.05,0.1,0.05,expanded_welch,Expanded Welch,500,500,1.0,105,0.21,0.1765772705084025,0.24784484695929782,
5x5_balanced_n250,5x5,5,25,balanced,Balanced margins,250,250,10.0,alternative,0.05,0.1,0.05,normal_wald,Normal Wald,500,500,1.0,110,0.22,0.18590093257162363,0.25836869808684565,
5x5_balanced_n250,5x5,5,25,balanced,Balanced margins,250,250,10.0,equal_mi_null,0.05,0.05,0.0,constrained_lr,Constrained LR,500,500,1.0,13,0.026,0.015256383923327248,0.04397149083422428,0.024000000000000004
5x5_balanced_n250,5x5,5,25,balanced,Balanced margins,250,250,10.0,equal_mi_null,0.05,0.05,0.0,expanded_welch,Expanded Welch,500,500,1.0,13,0.026,0.015256383923327248,0.04397149083422428,0.024000000000000004
5x5_balanced_n250,5x5,5,25,balanced,Balanced margins,250,250,10.0,equal_mi_null,0.05,0.05,0.0,normal_wald,Normal Wald,500,500,1.0,14,0.028,0.01675097472075645,0.04644640267494888,0.022000000000000002
5x5_balanced_n500,5x5,5,25,balanced,Balanced margins,500,500,20.0,alternative,0.05,0.1,0.05,constrained_lr,Constrained LR,500,500,1.0,268,0.536,0.492179234494295,0.5792718129924732,
5x5_balanced_n500,5x5,5,25,balanced,Balanced margins,500,500,20.0,alternative,0.05,0.1,0.05,expanded_welch,Expanded Welch,500,500,1.0,265,0.53,0.4861905914242533,0.5733519481480536,
5x5_balanced_n500,5x5,5,25,balanced,Balanced margins,500,500,20.0,alternative,0.05,0.1,0.05,normal_wald,Normal Wald,500,500,1.0,268,0.536,0.492179234494295,0.5792718129924732,
5x5_balanced_n500,5x5,5,25,balanced,Balanced margins,500,500,20.0,equal_mi_null,0.05,0.05,0.0,constrained_lr,Constrained LR,500,500,1.0,24,0.048,0.03246520694135317,0.07042719683589006,0.0020000000000000018
5x5_balanced_n500,5x5,5,25,balanced,Balanced margins,500,500,20.0,equal_mi_null,0.05,0.05,0.0,expanded_welch,Expanded Welch,500,500,1.0,23,0.046,0.030845108370816204,0.06807779276827323,0.0040000000000000036
5x5_balanced_n500,5x5,5,25,balanced,Balanced margins,500,500,20.0,equal_mi_null,0.05,0.05,0.0,normal_wald,Normal Wald,500,500,1.0,24,0.048,0.03246520694135317,0.07042719683589006,0.0020000000000000018
5x5_balanced_n1000,5x5,5,25,balanced,Balanced margins,1000,1000,40.0,alternative,0.05,0.1,0.05,constrained_lr,Constrained LR,500,500,1.0,416,0.832,0.7967256709103735,0.8622117670231558,
5x5_balanced_n1000,5x5,5,25,balanced,Balanced margins,1000,1000,40.0,alternative,0.05,0.1,0.05,expanded_welch,Expanded Welch,500,500,1.0,415,0.83,0.7945883013993367,0.8603796338960388,
5x5_balanced_n1000,5x5,5,25,balanced,Balanced margins,1000,1000,40.0,alternative,0.05,0.1,0.05,normal_wald,Normal Wald,500,500,1.0,415,0.83,0.7945883013993367,0.8603796338960388,
5x5_balanced_n1000,5x5,5,25,balanced,Balanced margins,1000,1000,40.0,equal_mi_null,0.05,0.05,0.0,constrained_lr,Constrained LR,500,500,1.0,25,0.05,0.034093745243849435,0.0727681611715476,0.0
5x5_balanced_n1000,5x5,5,25,balanced,Balanced margins,1000,1000,40.0,equal_mi_null,0.05,0.05,0.0,expanded_welch,Expanded Welch,500,500,1.0,25,0.05,0.034093745243849435,0.0727681611715476,0.0
5x5_balanced_n1000,5x5,5,25,balanced,Balanced margins,1000,1000,40.0,equal_mi_null,0.05,0.05,0.0,normal_wald,Normal Wald,500,500,1.0,25,0.05,0.034093745243849435,0.0727681611715476,0.0
5x5_mild_n25,5x5,5,25,mild,Mildly skewed margins,25,25,1.0,alternative,0.05,0.1,0.05,constrained_lr,Constrained LR,500,500,1.0,22,0.044,0.02923395562860718,0.06571944287232845,
5x5_mild_n25,5x5,5,25,mild,Mildly skewed margins,25,25,1.0,alternative,0.05,0.1,0.05,expanded_welch,Expanded Welch,500,500,1.0,27,0.054,0.03737435018105752,0.07742656151064709,
5x5_mild_n25,5x5,5,25,mild,Mildly skewed margins,25,25,1.0,alternative,0.05,0.1,0.05,normal_wald,Normal Wald,500,500,1.0,38,0.076,0.055869027037427826,0.10259641367396849,
5x5_mild_n25,5x5,5,25,mild,Mildly skewed margins,25,25,1.0,equal_mi_null,0.05,0.05,0.0,constrained_lr,Constrained LR,500,499,0.998,18,0.036072144288577156,0.022937175817730554,0.05629546922735712,0.013927855711422847
5x5_mild_n25,5x5,5,25,mild,Mildly skewed margins,25,25,1.0,equal_mi_null,0.05,0.05,0.0,expanded_welch,Expanded Welch,500,498,0.996,27,0.05421686746987952,0.03752552023465888,0.07773291010032991,0.004216867469879516
5x5_mild_n25,5x5,5,25,mild,Mildly skewed margins,25,25,1.0,equal_mi_null,0.05,0.05,0.0,normal_wald,Normal Wald,500,500,1.0,36,0.072,0.0524580314181262,0.09806840401696253,0.021999999999999992
5x5_mild_n50,5x5,5,25,mild,Mildly skewed margins,50,50,2.0,alternative,0.05,0.1,0.05,constrained_lr,Constrained LR,500,500,1.0,23,0.046,0.030845108370816204,0.06807779276827323,
5x5_mild_n50,5x5,5,25,mild,Mildly skewed margins,50,50,2.0,alternative,0.05,0.1,0.05,expanded_welch,Expanded Welch,500,500,1.0,22,0.044,0.02923395562860718,0.06571944287232845,
5x5_mild_n50,5x5,5,25,mild,Mildly skewed margins,50,50,2.0,alternative,0.05,0.1,0.05,normal_wald,Normal Wald,500,500,1.0,26,0.052,0.035730265115705276,0.07510114393784553,
5x5_mild_n50,5x5,5,25,mild,Mildly skewed margins,50,50,2.0,equal_mi_null,0.05,0.05,0.0,constrained_lr,Constrained LR,500,500,1.0,10,0.02,0.010899183596210813,0.036420183246879345,0.030000000000000002
5x5_mild_n50,5x5,5,25,mild,Mildly skewed margins,50,50,2.0,equal_mi_null,0.05,0.05,0.0,expanded_welch,Expanded Welch,500,500,1.0,10,0.02,0.010899183596210813,0.036420183246879345,0.030000000000000002
5x5_mild_n50,5x5,5,25,mild,Mildly skewed margins,50,50,2.0,equal_mi_null,0.05,0.05,0.0,normal_wald,Normal Wald,500,500,1.0,15,0.03,0.018263213197913384,0.04890366683594573,0.020000000000000004
5x5_mild_n75,5x5,5,25,mild,Mildly skewed margins,75,75,3.0,alternative,0.05,0.1,0.05,constrained_lr,Constrained LR,500,500,1.0,21,0.042,0.027632310108451703,0.06335158575433016,
5x5_mild_n75,5x5,5,25,mild,Mildly skewed margins,75,75,3.0,alternative,0.05,0.1,0.05,expanded_welch,Expanded Welch,500,500,1.0,22,0.044,0.02923395562860718,0.06571944287232845,
5x5_mild_n75,5x5,5,25,mild,Mildly skewed margins,75,75,3.0,alternative,0.05,0.1,0.05,normal_wald,Normal Wald,500,500,1.0,25,0.05,0.034093745243849435,0.0727681611715476,
5x5_mild_n75,5x5,5,25,mild,Mildly skewed margins,75,75,3.0,equal_mi_null,0.05,0.05,0.0,constrained_lr,Constrained LR,500,500,1.0,12,0.024,0.013781314655496986,0.041477057463900756,0.026000000000000002
5x5_mild_n75,5x5,5,25,mild,Mildly skewed margins,75,75,3.0,equal_mi_null,0.05,0.05,0.0,expanded_welch,Expanded Welch,500,500,1.0,13,0.026,0.015256383923327248,0.04397149083422428,0.024000000000000004
5x5_mild_n75,5x5,5,25,mild,Mildly skewed margins,75,75,3.0,equal_mi_null,0.05,0.05,0.0,normal_wald,Normal Wald,500,500,1.0,15,0.03,0.018263213197913384,0.04890366683594573,0.020000000000000004
5x5_mild_n100,5x5,5,25,mild,Mildly skewed margins,100,100,4.0,alternative,0.05,0.1,0.05,constrained_lr,Constrained LR,500,500,1.0,27,0.054,0.03737435018105752,0.07742656151064709,
5x5_mild_n100,5x5,5,25,mild,Mildly skewed margins,100,100,4.0,alternative,0.05,0.1,0.05,expanded_welch,Expanded Welch,500,500,1.0,25,0.05,0.034093745243849435,0.0727681611715476,
5x5_mild_n100,5x5,5,25,mild,Mildly skewed margins,100,100,4.0,alternative,0.05,0.1,0.05,normal_wald,Normal Wald,500,500,1.0,28,0.056,0.03902562068315149,0.0797447936467069,
5x5_mild_n100,5x5,5,25,mild,Mildly skewed margins,100,100,4.0,equal_mi_null,0.05,0.05,0.0,constrained_lr,Constrained LR,500,500,1.0,12,0.024,0.013781314655496986,0.041477057463900756,0.026000000000000002
5x5_mild_n100,5x5,5,25,mild,Mildly skewed margins,100,100,4.0,equal_mi_null,0.05,0.05,0.0,expanded_welch,Expanded Welch,500,500,1.0,10,0.02,0.010899183596210813,0.036420183246879345,0.030000000000000002
5x5_mild_n100,5x5,5,25,mild,Mildly skewed margins,100,100,4.0,equal_mi_null,0.05,0.05,0.0,normal_wald,Normal Wald,500,500,1.0,13,0.026,0.015256383923327248,0.04397149083422428,0.024000000000000004
5x5_mild_n150,5x5,5,25,mild,Mildly skewed margins,150,150,6.0,alternative,0.05,0.1,0.05,constrained_lr,Constrained LR,500,500,1.0,63,0.126,0.09973528894537706,0.15796771771986404,
5x5_mild_n150,5x5,5,25,mild,Mildly skewed margins,150,150,6.0,alternative,0.05,0.1,0.05,expanded_welch,Expanded Welch,500,500,1.0,57,0.114,0.08903690099400285,0.1448490898423155,
5x5_mild_n150,5x5,5,25,mild,Mildly skewed margins,150,150,6.0,alternative,0.05,0.1,0.05,normal_wald,Normal Wald,500,500,1.0,63,0.126,0.09973528894537706,0.15796771771986404,
5x5_mild_n150,5x5,5,25,mild,Mildly skewed margins,150,150,6.0,equal_mi_null,0.05,0.05,0.0,constrained_lr,Constrained LR,500,500,1.0,8,0.016,0.008129253033388314,0.03125110853339426,0.034
5x5_mild_n150,5x5,5,25,mild,Mildly skewed margins,150,150,6.0,equal_mi_null,0.05,0.05,0.0,expanded_welch,Expanded Welch,500,500,1.0,5,0.01,0.004278753896590496,0.023193099755730702,0.04
5x5_mild_n150,5x5,5,25,mild,Mildly skewed margins,150,150,6.0,equal_mi_null,0.05,0.05,0.0,normal_wald,Normal Wald,500,500,1.0,7,0.014,0.00679778979084349,0.02861306913778529,0.036000000000000004
5x5_mild_n250,5x5,5,25,mild,Mildly skewed margins,250,250,10.0,alternative,0.05,0.1,0.05,constrained_lr,Constrained LR,500,500,1.0,114,0.228,0.19338176911500068,0.26676587209608377,
5x5_mild_n250,5x5,5,25,mild,Mildly skewed margins,250,250,10.0,alternative,0.05,0.1,0.05,expanded_welch,Expanded Welch,500,500,1.0,110,0.22,0.18590093257162363,0.25836869808684565,
5x5_mild_n250,5x5,5,25,mild,Mildly skewed margins,250,250,10.0,alternative,0.05,0.1,0.05,normal_wald,Normal Wald,500,500,1.0,113,0.226,0.191509780865554,0.2646683577073766,
5x5_mild_n250,5x5,5,25,mild,Mildly skewed margins,250,250,10.0,equal_mi_null,0.05,0.05,0.0,constrained_lr,Constrained LR,500,500,1.0,16,0.032,0.019791513626571118,0.051344869045441784,0.018000000000000002
5x5_mild_n250,5x5,5,25,mild,Mildly skewed margins,250,250,10.0,equal_mi_null,0.05,0.05,0.0,expanded_welch,Expanded Welch,500,500,1.0,13,0.026,0.015256383923327248,0.04397149083422428,0.024000000000000004
5x5_mild_n250,5x5,5,25,mild,Mildly skewed margins,250,250,10.0,equal_mi_null,0.05,0.05,0.0,normal_wald,Normal Wald,500,500,1.0,17,0.034,0.02133451980853219,0.053771365501634506,0.016
5x5_mild_n500,5x5,5,25,mild,Mildly skewed margins,500,500,20.0,alternative,0.05,0.1,0.05,constrained_lr,Constrained LR,500,500,1.0,233,0.466,0.42270077745690987,0.5098176776944758,
5x5_mild_n500,5x5,5,25,mild,Mildly skewed margins,500,500,20.0,alternative,0.05,0.1,0.05,expanded_welch,Expanded Welch,500,500,1.0,229,0.458,0.4148146097748511,0.5018258348239194,
5x5_mild_n500,5x5,5,25,mild,Mildly skewed margins,500,500,20.0,alternative,0.05,0.1,0.05,normal_wald,Normal Wald,500,500,1.0,232,0.464,0.42072818700752684,0.5078207655057051,
5x5_mild_n500,5x5,5,25,mild,Mildly skewed margins,500,500,20.0,equal_mi_null,0.05,0.05,0.0,constrained_lr,Constrained LR,500,500,1.0,26,0.052,0.035730265115705276,0.07510114393784553,0.001999999999999995
5x5_mild_n500,5x5,5,25,mild,Mildly skewed margins,500,500,20.0,equal_mi_null,0.05,0.05,0.0,expanded_welch,Expanded Welch,500,500,1.0,22,0.044,0.02923395562860718,0.06571944287232845,0.006000000000000005
5x5_mild_n500,5x5,5,25,mild,Mildly skewed margins,500,500,20.0,equal_mi_null,0.05,0.05,0.0,normal_wald,Normal Wald,500,500,1.0,25,0.05,0.034093745243849435,0.0727681611715476,0.0
5x5_mild_n1000,5x5,5,25,mild,Mildly skewed margins,1000,1000,40.0,alternative,0.05,0.1,0.05,constrained_lr,Constrained LR,500,500,1.0,387,0.774,0.7353316422926235,0.8084902191344461,
5x5_mild_n1000,5x5,5,25,mild,Mildly skewed margins,1000,1000,40.0,alternative,0.05,0.1,0.05,expanded_welch,Expanded Welch,500,500,1.0,381,0.762,0.7227638647789387,0.797240980819208,
5x5_mild_n1000,5x5,5,25,mild,Mildly skewed margins,1000,1000,40.0,alternative,0.05,0.1,0.05,normal_wald,Normal Wald,500,500,1.0,385,0.77,0.7311377813252322,0.8047450748255296,
5x5_mild_n1000,5x5,5,25,mild,Mildly skewed margins,1000,1000,40.0,equal_mi_null,0.05,0.05,0.0,constrained_lr,Constrained LR,500,500,1.0,23,0.046,0.030845108370816204,0.06807779276827323,0.0040000000000000036
5x5_mild_n1000,5x5,5,25,mild,Mildly skewed margins,1000,1000,40.0,equal_mi_null,0.05,0.05,0.0,expanded_welch,Expanded Welch,500,500,1.0,22,0.044,0.02923395562860718,0.06571944287232845,0.006000000000000005
5x5_mild_n1000,5x5,5,25,mild,Mildly skewed margins,1000,1000,40.0,equal_mi_null,0.05,0.05,0.0,normal_wald,Normal Wald,500,500,1.0,22,0.044,0.02923395562860718,0.06571944287232845,0.006000000000000005
5x5_strong_n25,5x5,5,25,strong,Strongly skewed margins,25,25,1.0,alternative,0.05,0.1,0.05,constrained_lr,Constrained LR,500,500,1.0,8,0.016,0.008129253033388314,0.03125110853339426,
5x5_strong_n25,5x5,5,25,strong,Strongly skewed margins,25,25,1.0,alternative,0.05,0.1,0.05,expanded_welch,Expanded Welch,500,388,0.776,32,0.08247422680412371,0.059024511053298104,0.11411045793358045,
5x5_strong_n25,5x5,5,25,strong,Strongly skewed margins,25,25,1.0,alternative,0.05,0.1,0.05,normal_wald,Normal Wald,500,490,0.98,58,0.11836734693877551,0.09269030542375241,0.1499816223380004,
5x5_strong_n25,5x5,5,25,strong,Strongly skewed margins,25,25,1.0,equal_mi_null,0.05,0.05,0.0,constrained_lr,Constrained LR,500,499,0.998,10,0.02004008016032064,0.010921096911199333,0.036492373880586834,0.029959919839679362
5x5_strong_n25,5x5,5,25,strong,Strongly skewed margins,25,25,1.0,equal_mi_null,0.05,0.05,0.0,expanded_welch,Expanded Welch,500,368,0.736,21,0.057065217391304345,0.03762379917457878,0.08565847001100808,0.007065217391304342
5x5_strong_n25,5x5,5,25,strong,Strongly skewed margins,25,25,1.0,equal_mi_null,0.05,0.05,0.0,normal_wald,Normal Wald,500,490,0.98,38,0.07755102040816327,0.057019823554740265,0.10465444942217329,0.027551020408163263
5x5_strong_n50,5x5,5,25,strong,Strongly skewed margins,50,50,2.0,alternative,0.05,0.1,0.05,constrained_lr,Constrained LR,500,500,1.0,23,0.046,0.030845108370816204,0.06807779276827323,
5x5_strong_n50,5x5,5,25,strong,Strongly skewed margins,50,50,2.0,alternative,0.05,0.1,0.05,expanded_welch,Expanded Welch,500,495,0.99,27,0.05454545454545454,0.03775458245991865,0.0781970045582023,
5x5_strong_n50,5x5,5,25,strong,Strongly skewed margins,50,50,2.0,alternative,0.05,0.1,0.05,normal_wald,Normal Wald,500,500,1.0,36,0.072,0.0524580314181262,0.09806840401696253,
5x5_strong_n50,5x5,5,25,strong,Strongly skewed margins,50,50,2.0,equal_mi_null,0.05,0.05,0.0,constrained_lr,Constrained LR,500,500,1.0,20,0.04,0.026040797389777257,0.060973595834850805,0.010000000000000002
5x5_strong_n50,5x5,5,25,strong,Strongly skewed margins,50,50,2.0,equal_mi_null,0.05,0.05,0.0,expanded_welch,Expanded Welch,500,492,0.984,24,0.04878048780487805,0.032996595541596487,0.0715558937641455,0.0012195121951219523
5x5_strong_n50,5x5,5,25,strong,Strongly skewed margins,50,50,2.0,equal_mi_null,0.05,0.05,0.0,normal_wald,Normal Wald,500,500,1.0,34,0.068,0.04906650742490687,0.0935209227338743,0.018000000000000002
5x5_strong_n75,5x5,5,25,strong,Strongly skewed margins,75,75,3.0,alternative,0.05,0.1,0.05,constrained_lr,Constrained LR,500,500,1.0,44,0.088,0.06620598447492893,0.11607647206539012,
5x5_strong_n75,5x5,5,25,strong,Strongly skewed margins,75,75,3.0,alternative,0.05,0.1,0.05,expanded_welch,Expanded Welch,500,499,0.998,49,0.09819639278557114,0.07507571095965382,0.1274562343169772,
5x5_strong_n75,5x5,5,25,strong,Strongly skewed margins,75,75,3.0,alternative,0.05,0.1,0.05,normal_wald,Normal Wald,500,500,1.0,53,0.106,0.08195705027297034,0.13605093001073285,
5x5_strong_n75,5x5,5,25,strong,Strongly skewed margins,75,75,3.0,equal_mi_null,0.05,0.05,0.0,constrained_lr,Constrained LR,500,500,1.0,21,0.042,0.027632310108451703,0.06335158575433016,0.008
5x5_strong_n75,5x5,5,25,strong,Strongly skewed margins,75,75,3.0,equal_mi_null,0.05,0.05,0.0,expanded_welch,Expanded Welch,500,500,1.0,21,0.042,0.027632310108451703,0.06335158575433016,0.008
5x5_strong_n75,5x5,5,25,strong,Strongly skewed margins,75,75,3.0,equal_mi_null,0.05,0.05,0.0,normal_wald,Normal Wald,500,500,1.0,28,0.056,0.03902562068315149,0.0797447936467069,0.005999999999999998
5x5_strong_n100,5x5,5,25,strong,Strongly skewed margins,100,100,4.0,alternative,0.05,0.1,0.05,constrained_lr,Constrained LR,500,500,1.0,32,0.064,0.04569601604478943,0.08895240883768415,
5x5_strong_n100,5x5,5,25,strong,Strongly skewed margins,100,100,4.0,alternative,0.05,0.1,0.05,expanded_welch,Expanded Welch,500,500,1.0,32,0.064,0.04569601604478943,0.08895240883768415,
5x5_strong_n100,5x5,5,25,strong,Strongly skewed margins,100,100,4.0,alternative,0.05,0.1,0.05,normal_wald,Normal Wald,500,500,1.0,34,0.068,0.04906650742490687,0.0935209227338743,
5x5_strong_n100,5x5,5,25,strong,Strongly skewed margins,100,100,4.0,equal_mi_null,0.05,0.05,0.0,constrained_lr,Constrained LR,500,500,1.0,22,0.044,0.02923395562860718,0.06571944287232845,0.006000000000000005
5x5_strong_n100,5x5,5,25,strong,Strongly skewed margins,100,100,4.0,equal_mi_null,0.05,0.05,0.0,expanded_welch,Expanded Welch,500,500,1.0,20,0.04,0.026040797389777257,0.060973595834850805,0.010000000000000002
5x5_strong_n100,5x5,5,25,strong,Strongly skewed margins,100,100,4.0,equal_mi_null,0.05,0.05,0.0,normal_wald,Normal Wald,500,500,1.0,29,0.058,0.0406837291117572,0.08205618785625499,0.008
5x5_strong_n150,5x5,5,25,strong,Strongly skewed margins,150,150,6.0,alternative,0.05,0.1,0.05,constrained_lr,Constrained LR,500,500,1.0,33,0.066,0.04737852635977387,0.09123940116085351,
5x5_strong_n150,5x5,5,25,strong,Strongly skewed margins,150,150,6.0,alternative,0.05,0.1,0.05,expanded_welch,Expanded Welch,500,500,1.0,31,0.062,0.044019209142681565,0.08665971310163822,
5x5_strong_n150,5x5,5,25,strong,Strongly skewed margins,150,150,6.0,alternative,0.05,0.1,0.05,normal_wald,Normal Wald,500,500,1.0,38,0.076,0.055869027037427826,0.10259641367396849,
5x5_strong_n150,5x5,5,25,strong,Strongly skewed margins,150,150,6.0,equal_mi_null,0.05,0.05,0.0,constrained_lr,Constrained LR,500,500,1.0,22,0.044,0.02923395562860718,0.06571944287232845,0.006000000000000005
5x5_strong_n150,5x5,5,25,strong,Strongly skewed margins,150,150,6.0,equal_mi_null,0.05,0.05,0.0,expanded_welch,Expanded Welch,500,500,1.0,18,0.036,0.02289106098029272,0.056184326968027755,0.014000000000000005
5x5_strong_n150,5x5,5,25,strong,Strongly skewed margins,150,150,6.0,equal_mi_null,0.05,0.05,0.0,normal_wald,Normal Wald,500,500,1.0,22,0.044,0.02923395562860718,0.06571944287232845,0.006000000000000005
5x5_strong_n250,5x5,5,25,strong,Strongly skewed margins,250,250,10.0,alternative,0.05,0.1,0.05,constrained_lr,Constrained LR,500,500,1.0,72,0.144,0.11593807411034973,0.17749045629827542,
5x5_strong_n250,5x5,5,25,strong,Strongly skewed margins,250,250,10.0,alternative,0.05,0.1,0.05,expanded_welch,Expanded Welch,500,500,1.0,70,0.14,0.11232266018786358,0.17316686494445405,
5x5_strong_n250,5x5,5,25,strong,Strongly skewed margins,250,250,10.0,alternative,0.05,0.1,0.05,normal_wald,Normal Wald,500,500,1.0,73,0.146,0.11774876682646929,0.1796492662203097,
5x5_strong_n250,5x5,5,25,strong,Strongly skewed margins,250,250,10.0,equal_mi_null,0.05,0.05,0.0,constrained_lr,Constrained LR,500,500,1.0,15,0.03,0.018263213197913384,0.04890366683594573,0.020000000000000004
5x5_strong_n250,5x5,5,25,strong,Strongly skewed margins,250,250,10.0,equal_mi_null,0.05,0.05,0.0,expanded_welch,Expanded Welch,500,500,1.0,14,0.028,0.01675097472075645,0.04644640267494888,0.022000000000000002
5x5_strong_n250,5x5,5,25,strong,Strongly skewed margins,250,250,10.0,equal_mi_null,0.05,0.05,0.0,normal_wald,Normal Wald,500,500,1.0,17,0.034,0.02133451980853219,0.053771365501634506,0.016
5x5_strong_n500,5x5,5,25,strong,Strongly skewed margins,500,500,20.0,alternative,0.05,0.1,0.05,constrained_lr,Constrained LR,500,500,1.0,166,0.332,0.2921404418575132,0.3744213365375685,
5x5_strong_n500,5x5,5,25,strong,Strongly skewed margins,500,500,20.0,alternative,0.05,0.1,0.05,expanded_welch,Expanded Welch,500,500,1.0,160,0.32,0.28061775068949024,0.3621270118766686,
5x5_strong_n500,5x5,5,25,strong,Strongly skewed margins,500,500,20.0,alternative,0.05,0.1,0.05,normal_wald,Normal Wald,500,500,1.0,166,0.332,0.2921404418575132,0.3744213365375685,
5x5_strong_n500,5x5,5,25,strong,Strongly skewed margins,500,500,20.0,equal_mi_null,0.05,0.05,0.0,constrained_lr,Constrained LR,500,500,1.0,20,0.04,0.026040797389777257,0.060973595834850805,0.010000000000000002
5x5_strong_n500,5x5,5,25,strong,Strongly skewed margins,500,500,20.0,equal_mi_null,0.05,0.05,0.0,expanded_welch,Expanded Welch,500,500,1.0,19,0.038,0.024460118055830385,0.05858477253064388,0.012000000000000004
5x5_strong_n500,5x5,5,25,strong,Strongly skewed margins,500,500,20.0,equal_mi_null,0.05,0.05,0.0,normal_wald,Normal Wald,500,500,1.0,20,0.04,0.026040797389777257,0.060973595834850805,0.010000000000000002
5x5_strong_n1000,5x5,5,25,strong,Strongly skewed margins,1000,1000,40.0,alternative,0.05,0.1,0.05,constrained_lr,Constrained LR,500,500,1.0,317,0.634,0.5909042816385175,0.6750523951177865,
5x5_strong_n1000,5x5,5,25,strong,Strongly skewed margins,1000,1000,40.0,alternative,0.05,0.1,0.05,expanded_welch,Expanded Welch,500,500,1.0,314,0.628,0.5848089173303663,0.6692392515114762,
5x5_strong_n1000,5x5,5,25,strong,Strongly skewed margins,1000,1000,40.0,alternative,0.05,0.1,0.05,normal_wald,Normal Wald,500,500,1.0,318,0.636,0.5929376153133843,0.6769885640810736,
5x5_strong_n1000,5x5,5,25,strong,Strongly skewed margins,1000,1000,40.0,equal_mi_null,0.05,0.05,0.0,constrained_lr,Constrained LR,500,500,1.0,17,0.034,0.02133451980853219,0.053771365501634506,0.016
5x5_strong_n1000,5x5,5,25,strong,Strongly skewed margins,1000,1000,40.0,equal_mi_null,0.05,0.05,0.0,expanded_welch,Expanded Welch,500,500,1.0,16,0.032,0.019791513626571118,0.051344869045441784,0.018000000000000002
5x5_strong_n1000,5x5,5,25,strong,Strongly skewed margins,1000,1000,40.0,equal_mi_null,0.05,0.05,0.0,normal_wald,Normal Wald,500,500,1.0,16,0.032,0.019791513626571118,0.051344869045441784,0.018000000000000002
5x5_ultra_n25,5x5,5,25,ultra,Ultra-skewed margins,25,25,1.0,alternative,0.05,0.1,0.05,constrained_lr,Constrained LR,500,500,1.0,4,0.008,0.00311531518006224,0.020387035834105168,
5x5_ultra_n25,5x5,5,25,ultra,Ultra-skewed margins,25,25,1.0,alternative,0.05,0.1,0.05,expanded_welch,Expanded Welch,500,156,0.312,9,0.057692307692307696,0.03064574216379553,0.10599877410776384,
5x5_ultra_n25,5x5,5,25,ultra,Ultra-skewed margins,25,25,1.0,alternative,0.05,0.1,0.05,normal_wald,Normal Wald,500,409,0.818,46,0.11246943765281174,0.08538627772355216,0.14676448323556002,
5x5_ultra_n25,5x5,5,25,ultra,Ultra-skewed margins,25,25,1.0,equal_mi_null,0.05,0.05,0.0,constrained_lr,Constrained LR,500,500,1.0,2,0.004,0.0010976305226827934,0.014465715215177033,0.046
5x5_ultra_n25,5x5,5,25,ultra,Ultra-skewed margins,25,25,1.0,equal_mi_null,0.05,0.05,0.0,expanded_welch,Expanded Welch,500,152,0.304,7,0.046052631578947366,0.0224843353940877,0.09200033996577209,0.003947368421052637
5x5_ultra_n25,5x5,5,25,ultra,Ultra-skewed margins,25,25,1.0,equal_mi_null,0.05,0.05,0.0,normal_wald,Normal Wald,500,414,0.828,35,0.08454106280193237,0.06141408291217382,0.11530715252746523,0.034541062801932365
5x5_ultra_n50,5x5,5,25,ultra,Ultra-skewed margins,50,50,2.0,alternative,0.05,0.1,0.05,constrained_lr,Constrained LR,500,500,1.0,19,0.038,0.024460118055830385,0.05858477253064388,
5x5_ultra_n50,5x5,5,25,ultra,Ultra-skewed margins,50,50,2.0,alternative,0.05,0.1,0.05,expanded_welch,Expanded Welch,500,362,0.724,18,0.049723756906077346,0.03168101382946281,0.07722260510187647,
5x5_ultra_n50,5x5,5,25,ultra,Ultra-skewed margins,50,50,2.0,alternative,0.05,0.1,0.05,normal_wald,Normal Wald,500,487,0.974,36,0.07392197125256673,0.05387096496844587,0.10064218272472658,
5x5_ultra_n50,5x5,5,25,ultra,Ultra-skewed margins,50,50,2.0,equal_mi_null,0.05,0.05,0.0,constrained_lr,Constrained LR,500,500,1.0,8,0.016,0.008129253033388314,0.03125110853339426,0.034
5x5_ultra_n50,5x5,5,25,ultra,Ultra-skewed margins,50,50,2.0,equal_mi_null,0.05,0.05,0.0,expanded_welch,Expanded Welch,500,381,0.762,12,0.031496062992125984,0.018107209212721617,0.054238059683231865,0.01850393700787402
5x5_ultra_n50,5x5,5,25,ultra,Ultra-skewed margins,50,50,2.0,equal_mi_null,0.05,0.05,0.0,normal_wald,Normal Wald,500,494,0.988,25,0.05060728744939271,0.03451065703335067,0.07363915224174633,0.0006072874493927086
5x5_ultra_n75,5x5,5,25,ultra,Ultra-skewed margins,75,75,3.0,alternative,0.05,0.1,0.05,constrained_lr,Constrained LR,500,500,1.0,39,0.078,0.05758139347616159,0.10485354987338852,
5x5_ultra_n75,5x5,5,25,ultra,Ultra-skewed margins,75,75,3.0,alternative,0.05,0.1,0.05,expanded_welch,Expanded Welch,500,480,0.96,47,0.09791666666666667,0.07443544330697291,0.12778257054237976,
5x5_ultra_n75,5x5,5,25,ultra,Ultra-skewed margins,75,75,3.0,alternative,0.05,0.1,0.05,normal_wald,Normal Wald,500,500,1.0,57,0.114,0.08903690099400285,0.1448490898423155,
5x5_ultra_n75,5x5,5,25,ultra,Ultra-skewed margins,75,75,3.0,equal_mi_null,0.05,0.05,0.0,constrained_lr,Constrained LR,500,499,0.998,18,0.036072144288577156,0.022937175817730554,0.05629546922735712,0.013927855711422847
5x5_ultra_n75,5x5,5,25,ultra,Ultra-skewed margins,75,75,3.0,equal_mi_null,0.05,0.05,0.0,expanded_welch,Expanded Welch,500,466,0.932,18,0.03862660944206009,0.02457062799018927,0.06022703741953534,0.011373390557939914
5x5_ultra_n75,5x5,5,25,ultra,Ultra-skewed margins,75,75,3.0,equal_mi_null,0.05,0.05,0.0,normal_wald,Normal Wald,500,499,0.998,29,0.05811623246492986,0.04076587215181572,0.08221813749156152,0.00811623246492986
5x5_ultra_n100,5x5,5,25,ultra,Ultra-skewed margins,100,100,4.0,alternative,0.05,0.1,0.05,constrained_lr,Constrained LR,500,500,1.0,40,0.08,0.059298129409852594,0.1071063165778513,
5x5_ultra_n100,5x5,5,25,ultra,Ultra-skewed margins,100,100,4.0,alternative,0.05,0.1,0.05,expanded_welch,Expanded Welch,500,490,0.98,45,0.09183673469387756,0.06934369261121412,0.12067975954039317,
5x5_ultra_n100,5x5,5,25,ultra,Ultra-skewed margins,100,100,4.0,alternative,0.05,0.1,0.05,normal_wald,Normal Wald,500,500,1.0,55,0.11,0.0854914151566031,0.14045557040340767,
5x5_ultra_n100,5x5,5,25,ultra,Ultra-skewed margins,100,100,4.0,equal_mi_null,0.05,0.05,0.0,constrained_lr,Constrained LR,500,500,1.0,29,0.058,0.0406837291117572,0.08205618785625499,0.008
5x5_ultra_n100,5x5,5,25,ultra,Ultra-skewed margins,100,100,4.0,equal_mi_null,0.05,0.05,0.0,expanded_welch,Expanded Welch,500,488,0.976,26,0.05327868852459016,0.036615110174516255,0.07692037533454836,0.003278688524590158
5x5_ultra_n100,5x5,5,25,ultra,Ultra-skewed margins,100,100,4.0,equal_mi_null,0.05,0.05,0.0,normal_wald,Normal Wald,500,500,1.0,39,0.078,0.05758139347616159,0.10485354987338852,0.027999999999999997
5x5_ultra_n150,5x5,5,25,ultra,Ultra-skewed margins,150,150,6.0,alternative,0.05,0.1,0.05,constrained_lr,Constrained LR,500,500,1.0,42,0.084,0.06274413680383038,0.1115993144601811,
5x5_ultra_n150,5x5,5,25,ultra,Ultra-skewed margins,150,150,6.0,alternative,0.05,0.1,0.05,expanded_welch,Expanded Welch,500,499,0.998,38,0.07615230460921844,0.05598201176024308,0.10279856891809838,
5x5_ultra_n150,5x5,5,25,ultra,Ultra-skewed margins,150,150,6.0,alternative,0.05,0.1,0.05,normal_wald,Normal Wald,500,500,1.0,47,0.094,0.0714264085922213,0.12276455586255913,
5x5_ultra_n150,5x5,5,25,ultra,Ultra-skewed margins,150,150,6.0,equal_mi_null,0.05,0.05,0.0,constrained_lr,Constrained LR,500,500,1.0,19,0.038,0.024460118055830385,0.05858477253064388,0.012000000000000004
5x5_ultra_n150,5x5,5,25,ultra,Ultra-skewed margins,150,150,6.0,equal_mi_null,0.05,0.05,0.0,expanded_welch,Expanded Welch,500,498,0.996,17,0.03413654618473896,0.021420632024715714,0.0539845744514888,0.015863453815261046
5x5_ultra_n150,5x5,5,25,ultra,Ultra-skewed margins,150,150,6.0,equal_mi_null,0.05,0.05,0.0,normal_wald,Normal Wald,500,500,1.0,20,0.04,0.026040797389777257,0.060973595834850805,0.010000000000000002
5x5_ultra_n250,5x5,5,25,ultra,Ultra-skewed margins,250,250,10.0,alternative,0.05,0.1,0.05,constrained_lr,Constrained LR,500,500,1.0,61,0.122,0.0961592783150937,0.15360472307383977,
5x5_ultra_n250,5x5,5,25,ultra,Ultra-skewed margins,250,250,10.0,alternative,0.05,0.1,0.05,expanded_welch,Expanded Welch,500,500,1.0,57,0.114,0.08903690099400285,0.1448490898423155,
5x5_ultra_n250,5x5,5,25,ultra,Ultra-skewed margins,250,250,10.0,alternative,0.05,0.1,0.05,normal_wald,Normal Wald,500,500,1.0,63,0.126,0.09973528894537706,0.15796771771986404,
5x5_ultra_n250,5x5,5,25,ultra,Ultra-skewed margins,250,250,10.0,equal_mi_null,0.05,0.05,0.0,constrained_lr,Constrained LR,500,500,1.0,25,0.05,0.034093745243849435,0.0727681611715476,0.0
5x5_ultra_n250,5x5,5,25,ultra,Ultra-skewed margins,250,250,10.0,equal_mi_null,0.05,0.05,0.0,expanded_welch,Expanded Welch,500,500,1.0,22,0.044,0.02923395562860718,0.06571944287232845,0.006000000000000005
5x5_ultra_n250,5x5,5,25,ultra,Ultra-skewed margins,250,250,10.0,equal_mi_null,0.05,0.05,0.0,normal_wald,Normal Wald,500,500,1.0,27,0.054,0.03737435018105752,0.07742656151064709,0.003999999999999997
5x5_ultra_n500,5x5,5,25,ultra,Ultra-skewed margins,500,500,20.0,alternative,0.05,0.1,0.05,constrained_lr,Constrained LR,500,500,1.0,143,0.286,0.24814005321609287,0.3271231645014515,
5x5_ultra_n500,5x5,5,25,ultra,Ultra-skewed margins,500,500,20.0,alternative,0.05,0.1,0.05,expanded_welch,Expanded Welch,500,500,1.0,140,0.28,0.2424360430412755,0.3209186667618076,
5x5_ultra_n500,5x5,5,25,ultra,Ultra-skewed margins,500,500,20.0,alternative,0.05,0.1,0.05,normal_wald,Normal Wald,500,500,1.0,145,0.29,0.2519474198773656,0.33125480311648636,
5x5_ultra_n500,5x5,5,25,ultra,Ultra-skewed margins,500,500,20.0,equal_mi_null,0.05,0.05,0.0,constrained_lr,Constrained LR,500,500,1.0,19,0.038,0.024460118055830385,0.05858477253064388,0.012000000000000004
5x5_ultra_n500,5x5,5,25,ultra,Ultra-skewed margins,500,500,20.0,equal_mi_null,0.05,0.05,0.0,expanded_welch,Expanded Welch,500,500,1.0,19,0.038,0.024460118055830385,0.05858477253064388,0.012000000000000004
5x5_ultra_n500,5x5,5,25,ultra,Ultra-skewed margins,500,500,20.0,equal_mi_null,0.05,0.05,0.0,normal_wald,Normal Wald,500,500,1.0,23,0.046,0.030845108370816204,0.06807779276827323,0.0040000000000000036
5x5_ultra_n1000,5x5,5,25,ultra,Ultra-skewed margins,1000,1000,40.0,alternative,0.05,0.1,0.05,constrained_lr,Constrained LR,500,500,1.0,275,0.55,0.5061772177351765,0.5930603482186684,
5x5_ultra_n1000,5x5,5,25,ultra,Ultra-skewed margins,1000,1000,40.0,alternative,0.05,0.1,0.05,expanded_welch,Expanded Welch,500,500,1.0,273,0.546,0.502174287351395,0.5891242733261424,
5x5_ultra_n1000,5x5,5,25,ultra,Ultra-skewed margins,1000,1000,40.0,alternative,0.05,0.1,0.05,normal_wald,Normal Wald,500,500,1.0,275,0.55,0.5061772177351765,0.5930603482186684,
5x5_ultra_n1000,5x5,5,25,ultra,Ultra-skewed margins,1000,1000,40.0,equal_mi_null,0.05,0.05,0.0,constrained_lr,Constrained LR,500,500,1.0,22,0.044,0.02923395562860718,0.06571944287232845,0.006000000000000005
5x5_ultra_n1000,5x5,5,25,ultra,Ultra-skewed margins,1000,1000,40.0,equal_mi_null,0.05,0.05,0.0,expanded_welch,Expanded Welch,500,500,1.0,21,0.042,0.027632310108451703,0.06335158575433016,0.008
5x5_ultra_n1000,5x5,5,25,ultra,Ultra-skewed margins,1000,1000,40.0,equal_mi_null,0.05,0.05,0.0,normal_wald,Normal Wald,500,500,1.0,23,0.046,0.030845108370816204,0.06807779276827323,0.0040000000000000036
8x8_balanced_n25,8x8,8,64,balanced,Balanced margins,25,25,0.390625,alternative,0.05,0.1,0.05,constrained_lr,Constrained LR,250,249,0.996,7,0.028112449799196786,0.013683053146553052,0.05688076539772545,
8x8_balanced_n25,8x8,8,64,balanced,Balanced margins,25,25,0.390625,alternative,0.05,0.1,0.05,expanded_welch,Expanded Welch,250,250,1.0,16,0.064,0.039774745277095874,0.10142149188293179,
8x8_balanced_n25,8x8,8,64,balanced,Balanced margins,25,25,0.390625,alternative,0.05,0.1,0.05,normal_wald,Normal Wald,250,250,1.0,21,0.084,0.05559603876664466,0.12499486641356522,
8x8_balanced_n25,8x8,8,64,balanced,Balanced margins,25,25,0.390625,equal_mi_null,0.05,0.05,0.0,constrained_lr,Constrained LR,250,250,1.0,6,0.024,0.01104477730613677,0.051362123813526464,0.026000000000000002
8x8_balanced_n25,8x8,8,64,balanced,Balanced margins,25,25,0.390625,equal_mi_null,0.05,0.05,0.0,expanded_welch,Expanded Welch,250,250,1.0,12,0.048,0.02766820153069461,0.08201230121318728,0.0020000000000000018
8x8_balanced_n25,8x8,8,64,balanced,Balanced margins,25,25,0.390625,equal_mi_null,0.05,0.05,0.0,normal_wald,Normal Wald,250,250,1.0,13,0.052,0.030637655164191247,0.08692178118372709,0.001999999999999995
8x8_balanced_n50,8x8,8,64,balanced,Balanced margins,50,50,0.78125,alternative,0.05,0.1,0.05,constrained_lr,Constrained LR,250,249,0.996,9,0.03614457831325301,0.0191302608583764,0.06725374800855266,
8x8_balanced_n50,8x8,8,64,balanced,Balanced margins,50,50,0.78125,alternative,0.05,0.1,0.05,expanded_welch,Expanded Welch,250,250,1.0,12,0.048,0.02766820153069461,0.08201230121318728,
8x8_balanced_n50,8x8,8,64,balanced,Balanced margins,50,50,0.78125,alternative,0.05,0.1,0.05,normal_wald,Normal Wald,250,250,1.0,15,0.06,0.036694410839108495,0.09662289271688271,
8x8_balanced_n50,8x8,8,64,balanced,Balanced margins,50,50,0.78125,equal_mi_null,0.05,0.05,0.0,constrained_lr,Constrained LR,250,248,0.992,7,0.028225806451612902,0.013738493353193399,0.05710551662133932,0.0217741935483871
8x8_balanced_n50,8x8,8,64,balanced,Balanced margins,50,50,0.78125,equal_mi_null,0.05,0.05,0.0,expanded_welch,Expanded Welch,250,250,1.0,10,0.04,0.021869911954542545,0.07205272358126646,0.010000000000000002
8x8_balanced_n50,8x8,8,64,balanced,Balanced margins,50,50,0.78125,equal_mi_null,0.05,0.05,0.0,normal_wald,Normal Wald,250,250,1.0,14,0.056,0.03364764921901088,0.0917907207329439,0.005999999999999998
8x8_balanced_n75,8x8,8,64,balanced,Balanced margins,75,75,1.171875,alternative,0.05,0.1,0.05,constrained_lr,Constrained LR,250,248,0.992,20,0.08064516129032258,0.052809735982889086,0.1212738284389178,
8x8_balanced_n75,8x8,8,64,balanced,Balanced margins,75,75,1.171875,alternative,0.05,0.1,0.05,expanded_welch,Expanded Welch,250,250,1.0,25,0.1,0.06865492898829106,0.14345171060806458,
8x8_balanced_n75,8x8,8,64,balanced,Balanced margins,75,75,1.171875,alternative,0.05,0.1,0.05,normal_wald,Normal Wald,250,250,1.0,28,0.112,0.07863430779240635,0.1571091326160586,
8x8_balanced_n75,8x8,8,64,balanced,Balanced margins,75,75,1.171875,equal_mi_null,0.05,0.05,0.0,constrained_lr,Constrained LR,250,249,0.996,21,0.08433734939759036,0.055822034157757335,0.1254831166450752,0.03433734939759035
8x8_balanced_n75,8x8,8,64,balanced,Balanced margins,75,75,1.171875,equal_mi_null,0.05,0.05,0.0,expanded_welch,Expanded Welch,250,250,1.0,26,0.104,0.07196523249243102,0.14802034070796105,0.05399999999999999
8x8_balanced_n75,8x8,8,64,balanced,Balanced margins,75,75,1.171875,equal_mi_null,0.05,0.05,0.0,normal_wald,Normal Wald,250,250,1.0,31,0.124,0.08874849146643424,0.17063174975414006,0.074
8x8_balanced_n100,8x8,8,64,balanced,Balanced margins,100,100,1.5625,alternative,0.05,0.1,0.05,constrained_lr,Constrained LR,250,250,1.0,29,0.116,0.08199160692455615,0.16163076708794527,
8x8_balanced_n100,8x8,8,64,balanced,Balanced margins,100,100,1.5625,alternative,0.05,0.1,0.05,expanded_welch,Expanded Welch,250,250,1.0,31,0.124,0.08874849146643424,0.17063174975414006,
8x8_balanced_n100,8x8,8,64,balanced,Balanced margins,100,100,1.5625,alternative,0.05,0.1,0.05,normal_wald,Normal Wald,250,250,1.0,36,0.144,0.10586256867804505,0.19291234056271145,
8x8_balanced_n100,8x8,8,64,balanced,Balanced margins,100,100,1.5625,equal_mi_null,0.05,0.05,0.0,constrained_lr,Constrained LR,250,250,1.0,24,0.096,0.06536188077872192,0.1388658252135973,0.046
8x8_balanced_n100,8x8,8,64,balanced,Balanced margins,100,100,1.5625,equal_mi_null,0.05,0.05,0.0,expanded_welch,Expanded Welch,250,250,1.0,26,0.104,0.07196523249243102,0.14802034070796105,0.05399999999999999
8x8_balanced_n100,8x8,8,64,balanced,Balanced margins,100,100,1.5625,equal_mi_null,0.05,0.05,0.0,normal_wald,Normal Wald,250,250,1.0,28,0.112,0.07863430779240635,0.1571091326160586,0.062
8x8_balanced_n150,8x8,8,64,balanced,Balanced margins,150,150,2.34375,alternative,0.05,0.1,0.05,constrained_lr,Constrained LR,250,250,1.0,32,0.128,0.09214693307442182,0.17511224175018894,
8x8_balanced_n150,8x8,8,64,balanced,Balanced margins,150,150,2.34375,alternative,0.05,0.1,0.05,expanded_welch,Expanded Welch,250,250,1.0,34,0.136,0.09898127060322204,0.18403577142946165,
8x8_balanced_n150,8x8,8,64,balanced,Balanced margins,150,150,2.34375,alternative,0.05,0.1,0.05,normal_wald,Normal Wald,250,250,1.0,35,0.14,0.1024162573102742,0.1884797183264459,
8x8_balanced_n150,8x8,8,64,balanced,Balanced margins,150,150,2.34375,equal_mi_null,0.05,0.05,0.0,constrained_lr,Constrained LR,250,250,1.0,18,0.072,0.04602556925826497,0.11092853510983557,0.021999999999999992
8x8_balanced_n150,8x8,8,64,balanced,Balanced margins,150,150,2.34375,equal_mi_null,0.05,0.05,0.0,expanded_welch,Expanded Welch,250,250,1.0,18,0.072,0.04602556925826497,0.11092853510983557,0.021999999999999992
8x8_balanced_n150,8x8,8,64,balanced,Balanced margins,150,150,2.34375,equal_mi_null,0.05,0.05,0.0,normal_wald,Normal Wald,250,250,1.0,20,0.08,0.052382328372331775,0.12032964320384165,0.03
8x8_balanced_n250,8x8,8,64,balanced,Balanced margins,250,250,3.90625,alternative,0.05,0.1,0.05,constrained_lr,Constrained LR,250,250,1.0,43,0.172,0.13027472439385213,0.22365272007515946,
8x8_balanced_n250,8x8,8,64,balanced,Balanced margins,250,250,3.90625,alternative,0.05,0.1,0.05,expanded_welch,Expanded Welch,250,250,1.0,42,0.168,0.1267585530934315,0.21928995777154373,
8x8_balanced_n250,8x8,8,64,balanced,Balanced margins,250,250,3.90625,alternative,0.05,0.1,0.05,normal_wald,Normal Wald,250,250,1.0,43,0.172,0.13027472439385213,0.22365272007515946,
8x8_balanced_n250,8x8,8,64,balanced,Balanced margins,250,250,3.90625,equal_mi_null,0.05,0.05,0.0,constrained_lr,Constrained LR,250,250,1.0,12,0.048,0.02766820153069461,0.08201230121318728,0.0020000000000000018
8x8_balanced_n250,8x8,8,64,balanced,Balanced margins,250,250,3.90625,equal_mi_null,0.05,0.05,0.0,expanded_welch,Expanded Welch,250,250,1.0,11,0.044,0.02474379816749356,0.07705777097235189,0.006000000000000005
8x8_balanced_n250,8x8,8,64,balanced,Balanced margins,250,250,3.90625,equal_mi_null,0.05,0.05,0.0,normal_wald,Normal Wald,250,250,1.0,12,0.048,0.02766820153069461,0.08201230121318728,0.0020000000000000018
8x8_balanced_n500,8x8,8,64,balanced,Balanced margins,500,500,7.8125,alternative,0.05,0.1,0.05,constrained_lr,Constrained LR,250,250,1.0,99,0.396,0.33738981084356817,0.4577579154514842,
8x8_balanced_n500,8x8,8,64,balanced,Balanced margins,500,500,7.8125,alternative,0.05,0.1,0.05,expanded_welch,Expanded Welch,250,250,1.0,98,0.392,0.3335554373002608,0.4537133553907552,
8x8_balanced_n500,8x8,8,64,balanced,Balanced margins,500,500,7.8125,alternative,0.05,0.1,0.05,normal_wald,Normal Wald,250,250,1.0,99,0.396,0.33738981084356817,0.4577579154514842,
8x8_balanced_n500,8x8,8,64,balanced,Balanced margins,500,500,7.8125,equal_mi_null,0.05,0.05,0.0,constrained_lr,Constrained LR,250,250,1.0,7,0.028,0.013628058600839217,0.05665777612286046,0.022000000000000002
8x8_balanced_n500,8x8,8,64,balanced,Balanced margins,500,500,7.8125,equal_mi_null,0.05,0.05,0.0,expanded_welch,Expanded Welch,250,250,1.0,7,0.028,0.013628058600839217,0.05665777612286046,0.022000000000000002
8x8_balanced_n500,8x8,8,64,balanced,Balanced margins,500,500,7.8125,equal_mi_null,0.05,0.05,0.0,normal_wald,Normal Wald,250,250,1.0,7,0.028,0.013628058600839217,0.05665777612286046,0.022000000000000002
8x8_balanced_n1000,8x8,8,64,balanced,Balanced margins,1000,1000,15.625,alternative,0.05,0.1,0.05,constrained_lr,Constrained LR,250,250,1.0,202,0.808,0.7546619985365359,0.8520158889742702,
8x8_balanced_n1000,8x8,8,64,balanced,Balanced margins,1000,1000,15.625,alternative,0.05,0.1,0.05,expanded_welch,Expanded Welch,250,250,1.0,202,0.808,0.7546619985365359,0.8520158889742702,
8x8_balanced_n1000,8x8,8,64,balanced,Balanced margins,1000,1000,15.625,alternative,0.05,0.1,0.05,normal_wald,Normal Wald,250,250,1.0,202,0.808,0.7546619985365359,0.8520158889742702,
8x8_balanced_n1000,8x8,8,64,balanced,Balanced margins,1000,1000,15.625,equal_mi_null,0.05,0.05,0.0,constrained_lr,Constrained LR,250,250,1.0,12,0.048,0.02766820153069461,0.08201230121318728,0.0020000000000000018
8x8_balanced_n1000,8x8,8,64,balanced,Balanced margins,1000,1000,15.625,equal_mi_null,0.05,0.05,0.0,expanded_welch,Expanded Welch,250,250,1.0,12,0.048,0.02766820153069461,0.08201230121318728,0.0020000000000000018
8x8_balanced_n1000,8x8,8,64,balanced,Balanced margins,1000,1000,15.625,equal_mi_null,0.05,0.05,0.0,normal_wald,Normal Wald,250,250,1.0,12,0.048,0.02766820153069461,0.08201230121318728,0.0020000000000000018
8x8_mild_n25,8x8,8,64,mild,Mildly skewed margins,25,25,0.390625,alternative,0.05,0.1,0.05,constrained_lr,Constrained LR,250,242,0.968,11,0.045454545454545456,0.025567827011840787,0.07954649725492882,
8x8_mild_n25,8x8,8,64,mild,Mildly skewed margins,25,25,0.390625,alternative,0.05,0.1,0.05,expanded_welch,Expanded Welch,250,250,1.0,28,0.112,0.07863430779240635,0.1571091326160586,
8x8_mild_n25,8x8,8,64,mild,Mildly skewed margins,25,25,0.390625,alternative,0.05,0.1,0.05,normal_wald,Normal Wald,250,250,1.0,29,0.116,0.08199160692455615,0.16163076708794527,
8x8_mild_n25,8x8,8,64,mild,Mildly skewed margins,25,25,0.390625,equal_mi_null,0.05,0.05,0.0,constrained_lr,Constrained LR,250,245,0.98,14,0.05714285714285714,0.03434047529915523,0.09361834222103094,0.007142857142857138
8x8_mild_n25,8x8,8,64,mild,Mildly skewed margins,25,25,0.390625,equal_mi_null,0.05,0.05,0.0,expanded_welch,Expanded Welch,250,250,1.0,27,0.108,0.07529194840055528,0.15257255840387324,0.057999999999999996
8x8_mild_n25,8x8,8,64,mild,Mildly skewed margins,25,25,0.390625,equal_mi_null,0.05,0.05,0.0,normal_wald,Normal Wald,250,250,1.0,30,0.12,0.08536319974216687,0.166138107874371,0.06999999999999999
8x8_mild_n50,8x8,8,64,mild,Mildly skewed margins,50,50,0.78125,alternative,0.05,0.1,0.05,constrained_lr,Constrained LR,250,247,0.988,6,0.024291497975708502,0.011179487352654078,0.051973784419768035,
8x8_mild_n50,8x8,8,64,mild,Mildly skewed margins,50,50,0.78125,alternative,0.05,0.1,0.05,expanded_welch,Expanded Welch,250,250,1.0,8,0.032,0.01630236549364963,0.06186240283408649,
8x8_mild_n50,8x8,8,64,mild,Mildly skewed margins,50,50,0.78125,alternative,0.05,0.1,0.05,normal_wald,Normal Wald,250,250,1.0,9,0.036,0.019053279530003277,0.06699042240176928,
8x8_mild_n50,8x8,8,64,mild,Mildly skewed margins,50,50,0.78125,equal_mi_null,0.05,0.05,0.0,constrained_lr,Constrained LR,250,245,0.98,8,0.0326530612244898,0.01663690566134272,0.06309843633000585,0.017346938775510204
8x8_mild_n50,8x8,8,64,mild,Mildly skewed margins,50,50,0.78125,equal_mi_null,0.05,0.05,0.0,expanded_welch,Expanded Welch,250,250,1.0,9,0.036,0.019053279530003277,0.06699042240176928,0.014000000000000005
8x8_mild_n50,8x8,8,64,mild,Mildly skewed margins,50,50,0.78125,equal_mi_null,0.05,0.05,0.0,normal_wald,Normal Wald,250,250,1.0,11,0.044,0.02474379816749356,0.07705777097235189,0.006000000000000005
8x8_mild_n75,8x8,8,64,mild,Mildly skewed margins,75,75,1.171875,alternative,0.05,0.1,0.05,constrained_lr,Constrained LR,250,248,0.992,11,0.04435483870967742,0.024944784976010187,0.07766524175152997,
8x8_mild_n75,8x8,8,64,mild,Mildly skewed margins,75,75,1.171875,alternative,0.05,0.1,0.05,expanded_welch,Expanded Welch,250,250,1.0,13,0.052,0.030637655164191247,0.08692178118372709,
8x8_mild_n75,8x8,8,64,mild,Mildly skewed margins,75,75,1.171875,alternative,0.05,0.1,0.05,normal_wald,Normal Wald,250,250,1.0,13,0.052,0.030637655164191247,0.08692178118372709,
8x8_mild_n75,8x8,8,64,mild,Mildly skewed margins,75,75,1.171875,equal_mi_null,0.05,0.05,0.0,constrained_lr,Constrained LR,250,250,1.0,6,0.024,0.01104477730613677,0.051362123813526464,0.026000000000000002
8x8_mild_n75,8x8,8,64,mild,Mildly skewed margins,75,75,1.171875,equal_mi_null,0.05,0.05,0.0,expanded_welch,Expanded Welch,250,250,1.0,6,0.024,0.01104477730613677,0.051362123813526464,0.026000000000000002
8x8_mild_n75,8x8,8,64,mild,Mildly skewed margins,75,75,1.171875,equal_mi_null,0.05,0.05,0.0,normal_wald,Normal Wald,250,250,1.0,6,0.024,0.01104477730613677,0.051362123813526464,0.026000000000000002
8x8_mild_n100,8x8,8,64,mild,Mildly skewed margins,100,100,1.5625,alternative,0.05,0.1,0.05,constrained_lr,Constrained LR,250,250,1.0,8,0.032,0.01630236549364963,0.06186240283408649,
8x8_mild_n100,8x8,8,64,mild,Mildly skewed margins,100,100,1.5625,alternative,0.05,0.1,0.05,expanded_welch,Expanded Welch,250,250,1.0,9,0.036,0.019053279530003277,0.06699042240176928,
8x8_mild_n100,8x8,8,64,mild,Mildly skewed margins,100,100,1.5625,alternative,0.05,0.1,0.05,normal_wald,Normal Wald,250,250,1.0,9,0.036,0.019053279530003277,0.06699042240176928,
8x8_mild_n100,8x8,8,64,mild,Mildly skewed margins,100,100,1.5625,equal_mi_null,0.05,0.05,0.0,constrained_lr,Constrained LR,250,249,0.996,8,0.0321285140562249,0.016368192811827286,0.062105720893776487,0.017871485943775106
8x8_mild_n100,8x8,8,64,mild,Mildly skewed margins,100,100,1.5625,equal_mi_null,0.05,0.05,0.0,expanded_welch,Expanded Welch,250,250,1.0,8,0.032,0.01630236549364963,0.06186240283408649,0.018000000000000002
8x8_mild_n100,8x8,8,64,mild,Mildly skewed margins,100,100,1.5625,equal_mi_null,0.05,0.05,0.0,normal_wald,Normal Wald,250,250,1.0,9,0.036,0.019053279530003277,0.06699042240176928,0.014000000000000005
8x8_mild_n150,8x8,8,64,mild,Mildly skewed margins,150,150,2.34375,alternative,0.05,0.1,0.05,constrained_lr,Constrained LR,250,250,1.0,12,0.048,0.02766820153069461,0.08201230121318728,
8x8_mild_n150,8x8,8,64,mild,Mildly skewed margins,150,150,2.34375,alternative,0.05,0.1,0.05,expanded_welch,Expanded Welch,250,250,1.0,14,0.056,0.03364764921901088,0.0917907207329439,
8x8_mild_n150,8x8,8,64,mild,Mildly skewed margins,150,150,2.34375,alternative,0.05,0.1,0.05,normal_wald,Normal Wald,250,250,1.0,14,0.056,0.03364764921901088,0.0917907207329439,
8x8_mild_n150,8x8,8,64,mild,Mildly skewed margins,150,150,2.34375,equal_mi_null,0.05,0.05,0.0,constrained_lr,Constrained LR,250,250,1.0,5,0.02,0.008572324384058198,0.045955643131568594,0.030000000000000002
8x8_mild_n150,8x8,8,64,mild,Mildly skewed margins,150,150,2.34375,equal_mi_null,0.05,0.05,0.0,expanded_welch,Expanded Welch,250,250,1.0,5,0.02,0.008572324384058198,0.045955643131568594,0.030000000000000002
8x8_mild_n150,8x8,8,64,mild,Mildly skewed margins,150,150,2.34375,equal_mi_null,0.05,0.05,0.0,normal_wald,Normal Wald,250,250,1.0,5,0.02,0.008572324384058198,0.045955643131568594,0.030000000000000002
8x8_mild_n250,8x8,8,64,mild,Mildly skewed margins,250,250,3.90625,alternative,0.05,0.1,0.05,constrained_lr,Constrained LR,250,250,1.0,28,0.112,0.07863430779240635,0.1571091326160586,
8x8_mild_n250,8x8,8,64,mild,Mildly skewed margins,250,250,3.90625,alternative,0.05,0.1,0.05,expanded_welch,Expanded Welch,250,250,1.0,27,0.108,0.07529194840055528,0.15257255840387324,
8x8_mild_n250,8x8,8,64,mild,Mildly skewed margins,250,250,3.90625,alternative,0.05,0.1,0.05,normal_wald,Normal Wald,250,250,1.0,29,0.116,0.08199160692455615,0.16163076708794527,
8x8_mild_n250,8x8,8,64,mild,Mildly skewed margins,250,250,3.90625,equal_mi_null,0.05,0.05,0.0,constrained_lr,Constrained LR,250,250,1.0,5,0.02,0.008572324384058198,0.045955643131568594,0.030000000000000002
8x8_mild_n250,8x8,8,64,mild,Mildly skewed margins,250,250,3.90625,equal_mi_null,0.05,0.05,0.0,expanded_welch,Expanded Welch,250,250,1.0,3,0.012,0.0040893198805342975,0.0346807804270196,0.038000000000000006
8x8_mild_n250,8x8,8,64,mild,Mildly skewed margins,250,250,3.90625,equal_mi_null,0.05,0.05,0.0,normal_wald,Normal Wald,250,250,1.0,5,0.02,0.008572324384058198,0.045955643131568594,0.030000000000000002
8x8_mild_n500,8x8,8,64,mild,Mildly skewed margins,500,500,7.8125,alternative,0.05,0.1,0.05,constrained_lr,Constrained LR,250,250,1.0,71,0.284,0.2316994606970238,0.3428381246850081,
8x8_mild_n500,8x8,8,64,mild,Mildly skewed margins,500,500,7.8125,alternative,0.05,0.1,0.05,expanded_welch,Expanded Welch,250,250,1.0,69,0.276,0.2242945999169993,0.3344851182569598,
8x8_mild_n500,8x8,8,64,mild,Mildly skewed margins,500,500,7.8125,alternative,0.05,0.1,0.05,normal_wald,Normal Wald,250,250,1.0,70,0.28,0.22799436777790152,0.338664284000094,
8x8_mild_n500,8x8,8,64,mild,Mildly skewed margins,500,500,7.8125,equal_mi_null,0.05,0.05,0.0,constrained_lr,Constrained LR,250,250,1.0,9,0.036,0.019053279530003277,0.06699042240176928,0.014000000000000005
8x8_mild_n500,8x8,8,64,mild,Mildly skewed margins,500,500,7.8125,equal_mi_null,0.05,0.05,0.0,expanded_welch,Expanded Welch,250,250,1.0,7,0.028,0.013628058600839217,0.05665777612286046,0.022000000000000002
8x8_mild_n500,8x8,8,64,mild,Mildly skewed margins,500,500,7.8125,equal_mi_null,0.05,0.05,0.0,normal_wald,Normal Wald,250,250,1.0,8,0.032,0.01630236549364963,0.06186240283408649,0.018000000000000002
8x8_mild_n1000,8x8,8,64,mild,Mildly skewed margins,1000,1000,15.625,alternative,0.05,0.1,0.05,constrained_lr,Constrained LR,250,250,1.0,170,0.68,0.6198266709073214,0.7347253412743188,
8x8_mild_n1000,8x8,8,64,mild,Mildly skewed margins,1000,1000,15.625,alternative,0.05,0.1,0.05,expanded_welch,Expanded Welch,250,250,1.0,170,0.68,0.6198266709073214,0.7347253412743188,
8x8_mild_n1000,8x8,8,64,mild,Mildly skewed margins,1000,1000,15.625,alternative,0.05,0.1,0.05,normal_wald,Normal Wald,250,250,1.0,170,0.68,0.6198266709073214,0.7347253412743188,
8x8_mild_n1000,8x8,8,64,mild,Mildly skewed margins,1000,1000,15.625,equal_mi_null,0.05,0.05,0.0,constrained_lr,Constrained LR,250,250,1.0,8,0.032,0.01630236549364963,0.06186240283408649,0.018000000000000002
8x8_mild_n1000,8x8,8,64,mild,Mildly skewed margins,1000,1000,15.625,equal_mi_null,0.05,0.05,0.0,expanded_welch,Expanded Welch,250,250,1.0,7,0.028,0.013628058600839217,0.05665777612286046,0.022000000000000002
8x8_mild_n1000,8x8,8,64,mild,Mildly skewed margins,1000,1000,15.625,equal_mi_null,0.05,0.05,0.0,normal_wald,Normal Wald,250,250,1.0,8,0.032,0.01630236549364963,0.06186240283408649,0.018000000000000002
8x8_strong_n25,8x8,8,64,strong,Strongly skewed margins,25,25,0.390625,alternative,0.05,0.1,0.05,constrained_lr,Constrained LR,250,250,1.0,10,0.04,0.021869911954542545,0.07205272358126646,
8x8_strong_n25,8x8,8,64,strong,Strongly skewed margins,25,25,0.390625,alternative,0.05,0.1,0.05,expanded_welch,Expanded Welch,250,188,0.752,16,0.0851063829787234,0.05306373212766576,0.13376480348200961,
8x8_strong_n25,8x8,8,64,strong,Strongly skewed margins,25,25,0.390625,alternative,0.05,0.1,0.05,normal_wald,Normal Wald,250,247,0.988,33,0.13360323886639677,0.09673887164808287,0.18168981852556992,
8x8_strong_n25,8x8,8,64,strong,Strongly skewed margins,25,25,0.390625,equal_mi_null,0.05,0.05,0.0,constrained_lr,Constrained LR,250,250,1.0,8,0.032,0.01630236549364963,0.06186240283408649,0.018000000000000002
8x8_strong_n25,8x8,8,64,strong,Strongly skewed margins,25,25,0.390625,equal_mi_null,0.05,0.05,0.0,expanded_welch,Expanded Welch,250,188,0.752,14,0.07446808510638298,0.0448744161663602,0.12110356907433248,0.024468085106382972
8x8_strong_n25,8x8,8,64,strong,Strongly skewed margins,25,25,0.390625,equal_mi_null,0.05,0.05,0.0,normal_wald,Normal Wald,250,246,0.984,24,0.0975609756097561,0.06643921934382647,0.1410582034834219,0.0475609756097561
8x8_strong_n50,8x8,8,64,strong,Strongly skewed margins,50,50,0.78125,alternative,0.05,0.1,0.05,constrained_lr,Constrained LR,250,250,1.0,16,0.064,0.039774745277095874,0.10142149188293179,
8x8_strong_n50,8x8,8,64,strong,Strongly skewed margins,50,50,0.78125,alternative,0.05,0.1,0.05,expanded_welch,Expanded Welch,250,248,0.992,22,0.08870967741935484,0.05931181778939796,0.13065475500891266,
8x8_strong_n50,8x8,8,64,strong,Strongly skewed margins,50,50,0.78125,alternative,0.05,0.1,0.05,normal_wald,Normal Wald,250,250,1.0,26,0.104,0.07196523249243102,0.14802034070796105,
8x8_strong_n50,8x8,8,64,strong,Strongly skewed margins,50,50,0.78125,equal_mi_null,0.05,0.05,0.0,constrained_lr,Constrained LR,250,250,1.0,13,0.052,0.030637655164191247,0.08692178118372709,0.001999999999999995
8x8_strong_n50,8x8,8,64,strong,Strongly skewed margins,50,50,0.78125,equal_mi_null,0.05,0.05,0.0,expanded_welch,Expanded Welch,250,245,0.98,17,0.06938775510204082,0.043770302719909,0.108300252564696,0.019387755102040813
8x8_strong_n50,8x8,8,64,strong,Strongly skewed margins,50,50,0.78125,equal_mi_null,0.05,0.05,0.0,normal_wald,Normal Wald,250,250,1.0,24,0.096,0.06536188077872192,0.1388658252135973,0.046
8x8_strong_n75,8x8,8,64,strong,Strongly skewed margins,75,75,1.171875,alternative,0.05,0.1,0.05,constrained_lr,Constrained LR,250,249,0.996,21,0.08433734939759036,0.055822034157757335,0.1254831166450752,
8x8_strong_n75,8x8,8,64,strong,Strongly skewed margins,75,75,1.171875,alternative,0.05,0.1,0.05,expanded_welch,Expanded Welch,250,250,1.0,23,0.092,0.06208701511330671,0.13426175727497602,
8x8_strong_n75,8x8,8,64,strong,Strongly skewed margins,75,75,1.171875,alternative,0.05,0.1,0.05,normal_wald,Normal Wald,250,250,1.0,27,0.108,0.07529194840055528,0.15257255840387324,
8x8_strong_n75,8x8,8,64,strong,Strongly skewed margins,75,75,1.171875,equal_mi_null,0.05,0.05,0.0,constrained_lr,Constrained LR,250,249,0.996,13,0.05220883534136546,0.03076171569549392,0.0872626738167363,0.002208835341365456
8x8_strong_n75,8x8,8,64,strong,Strongly skewed margins,75,75,1.171875,equal_mi_null,0.05,0.05,0.0,expanded_welch,Expanded Welch,250,250,1.0,13,0.052,0.030637655164191247,0.08692178118372709,0.001999999999999995
8x8_strong_n75,8x8,8,64,strong,Strongly skewed margins,75,75,1.171875,equal_mi_null,0.05,0.05,0.0,normal_wald,Normal Wald,250,250,1.0,19,0.076,0.04919164066173632,0.11564139731040066,0.025999999999999995
8x8_strong_n100,8x8,8,64,strong,Strongly skewed margins,100,100,1.5625,alternative,0.05,0.1,0.05,constrained_lr,Constrained LR,250,250,1.0,14,0.056,0.03364764921901088,0.0917907207329439,
8x8_strong_n100,8x8,8,64,strong,Strongly skewed margins,100,100,1.5625,alternative,0.05,0.1,0.05,expanded_welch,Expanded Welch,250,250,1.0,12,0.048,0.02766820153069461,0.08201230121318728,
8x8_strong_n100,8x8,8,64,strong,Strongly skewed margins,100,100,1.5625,alternative,0.05,0.1,0.05,normal_wald,Normal Wald,250,250,1.0,16,0.064,0.039774745277095874,0.10142149188293179,
8x8_strong_n100,8x8,8,64,strong,Strongly skewed margins,100,100,1.5625,equal_mi_null,0.05,0.05,0.0,constrained_lr,Constrained LR,250,249,0.996,15,0.060240963855421686,0.03684314909699182,0.09700143073788897,0.010240963855421684
8x8_strong_n100,8x8,8,64,strong,Strongly skewed margins,100,100,1.5625,equal_mi_null,0.05,0.05,0.0,expanded_welch,Expanded Welch,250,250,1.0,15,0.06,0.036694410839108495,0.09662289271688271,0.009999999999999995
8x8_strong_n100,8x8,8,64,strong,Strongly skewed margins,100,100,1.5625,equal_mi_null,0.05,0.05,0.0,normal_wald,Normal Wald,250,250,1.0,19,0.076,0.04919164066173632,0.11564139731040066,0.025999999999999995
8x8_strong_n150,8x8,8,64,strong,Strongly skewed margins,150,150,2.34375,alternative,0.05,0.1,0.05,constrained_lr,Constrained LR,250,250,1.0,13,0.052,0.030637655164191247,0.08692178118372709,
8x8_strong_n150,8x8,8,64,strong,Strongly skewed margins,150,150,2.34375,alternative,0.05,0.1,0.05,expanded_welch,Expanded Welch,250,250,1.0,13,0.052,0.030637655164191247,0.08692178118372709,
8x8_strong_n150,8x8,8,64,strong,Strongly skewed margins,150,150,2.34375,alternative,0.05,0.1,0.05,normal_wald,Normal Wald,250,250,1.0,15,0.06,0.036694410839108495,0.09662289271688271,
8x8_strong_n150,8x8,8,64,strong,Strongly skewed margins,150,150,2.34375,equal_mi_null,0.05,0.05,0.0,constrained_lr,Constrained LR,250,250,1.0,14,0.056,0.03364764921901088,0.0917907207329439,0.005999999999999998
8x8_strong_n150,8x8,8,64,strong,Strongly skewed margins,150,150,2.34375,equal_mi_null,0.05,0.05,0.0,expanded_welch,Expanded Welch,250,250,1.0,11,0.044,0.02474379816749356,0.07705777097235189,0.006000000000000005
8x8_strong_n150,8x8,8,64,strong,Strongly skewed margins,150,150,2.34375,equal_mi_null,0.05,0.05,0.0,normal_wald,Normal Wald,250,250,1.0,13,0.052,0.030637655164191247,0.08692178118372709,0.001999999999999995
8x8_strong_n250,8x8,8,64,strong,Strongly skewed margins,250,250,3.90625,alternative,0.05,0.1,0.05,constrained_lr,Constrained LR,250,250,1.0,31,0.124,0.08874849146643424,0.17063174975414006,
8x8_strong_n250,8x8,8,64,strong,Strongly skewed margins,250,250,3.90625,alternative,0.05,0.1,0.05,expanded_welch,Expanded Welch,250,250,1.0,30,0.12,0.08536319974216687,0.166138107874371,
8x8_strong_n250,8x8,8,64,strong,Strongly skewed margins,250,250,3.90625,alternative,0.05,0.1,0.05,normal_wald,Normal Wald,250,250,1.0,31,0.124,0.08874849146643424,0.17063174975414006,
8x8_strong_n250,8x8,8,64,strong,Strongly skewed margins,250,250,3.90625,equal_mi_null,0.05,0.05,0.0,constrained_lr,Constrained LR,250,250,1.0,9,0.036,0.019053279530003277,0.06699042240176928,0.014000000000000005
8x8_strong_n250,8x8,8,64,strong,Strongly skewed margins,250,250,3.90625,equal_mi_null,0.05,0.05,0.0,expanded_welch,Expanded Welch,250,250,1.0,8,0.032,0.01630236549364963,0.06186240283408649,0.018000000000000002
8x8_strong_n250,8x8,8,64,strong,Strongly skewed margins,250,250,3.90625,equal_mi_null,0.05,0.05,0.0,normal_wald,Normal Wald,250,250,1.0,9,0.036,0.019053279530003277,0.06699042240176928,0.014000000000000005
8x8_strong_n500,8x8,8,64,strong,Strongly skewed margins,500,500,7.8125,alternative,0.05,0.1,0.05,constrained_lr,Constrained LR,250,250,1.0,59,0.236,0.18760668102989272,0.29238370110370193,
8x8_strong_n500,8x8,8,64,strong,Strongly skewed margins,500,500,7.8125,alternative,0.05,0.1,0.05,expanded_welch,Expanded Welch,250,250,1.0,59,0.236,0.18760668102989272,0.29238370110370193,
8x8_strong_n500,8x8,8,64,strong,Strongly skewed margins,500,500,7.8125,alternative,0.05,0.1,0.05,normal_wald,Normal Wald,250,250,1.0,63,0.252,0.2022119351253892,0.3092941814243512,
8x8_strong_n500,8x8,8,64,strong,Strongly skewed margins,500,500,7.8125,equal_mi_null,0.05,0.05,0.0,constrained_lr,Constrained LR,250,250,1.0,7,0.028,0.013628058600839217,0.05665777612286046,0.022000000000000002
8x8_strong_n500,8x8,8,64,strong,Strongly skewed margins,500,500,7.8125,equal_mi_null,0.05,0.05,0.0,expanded_welch,Expanded Welch,250,250,1.0,6,0.024,0.01104477730613677,0.051362123813526464,0.026000000000000002
8x8_strong_n500,8x8,8,64,strong,Strongly skewed margins,500,500,7.8125,equal_mi_null,0.05,0.05,0.0,normal_wald,Normal Wald,250,250,1.0,7,0.028,0.013628058600839217,0.05665777612286046,0.022000000000000002
8x8_strong_n1000,8x8,8,64,strong,Strongly skewed margins,1000,1000,15.625,alternative,0.05,0.1,0.05,constrained_lr,Constrained LR,250,250,1.0,134,0.536,0.4741036818936376,0.5968067205426905,
8x8_strong_n1000,8x8,8,64,strong,Strongly skewed margins,1000,1000,15.625,alternative,0.05,0.1,0.05,expanded_welch,Expanded Welch,250,250,1.0,133,0.532,0.4701311851522348,0.5929002836800568,
8x8_strong_n1000,8x8,8,64,strong,Strongly skewed margins,1000,1000,15.625,alternative,0.05,0.1,0.05,normal_wald,Normal Wald,250,250,1.0,134,0.536,0.4741036818936376,0.5968067205426905,
8x8_strong_n1000,8x8,8,64,strong,Strongly skewed margins,1000,1000,15.625,equal_mi_null,0.05,0.05,0.0,constrained_lr,Constrained LR,250,250,1.0,6,0.024,0.01104477730613677,0.051362123813526464,0.026000000000000002
8x8_strong_n1000,8x8,8,64,strong,Strongly skewed margins,1000,1000,15.625,equal_mi_null,0.05,0.05,0.0,expanded_welch,Expanded Welch,250,250,1.0,6,0.024,0.01104477730613677,0.051362123813526464,0.026000000000000002
8x8_strong_n1000,8x8,8,64,strong,Strongly skewed margins,1000,1000,15.625,equal_mi_null,0.05,0.05,0.0,normal_wald,Normal Wald,250,250,1.0,6,0.024,0.01104477730613677,0.051362123813526464,0.026000000000000002
8x8_ultra_n25,8x8,8,64,ultra,Ultra-skewed margins,25,25,0.390625,alternative,0.05,0.1,0.05,constrained_lr,Constrained LR,250,250,1.0,6,0.024,0.01104477730613677,0.051362123813526464,
8x8_ultra_n25,8x8,8,64,ultra,Ultra-skewed margins,25,25,0.390625,alternative,0.05,0.1,0.05,expanded_welch,Expanded Welch,250,82,0.328,5,0.06097560975609756,0.02632395506781607,0.1349204950015403,
8x8_ultra_n25,8x8,8,64,ultra,Ultra-skewed margins,25,25,0.390625,alternative,0.05,0.1,0.05,normal_wald,Normal Wald,250,204,0.816,27,0.1323529411764706,0.09257938112132905,0.18571667756152613,
8x8_ultra_n25,8x8,8,64,ultra,Ultra-skewed margins,25,25,0.390625,equal_mi_null,0.05,0.05,0.0,constrained_lr,Constrained LR,250,250,1.0,2,0.008,0.0021966371203094217,0.02869452958320804,0.042
8x8_ultra_n25,8x8,8,64,ultra,Ultra-skewed margins,25,25,0.390625,equal_mi_null,0.05,0.05,0.0,expanded_welch,Expanded Welch,250,77,0.308,2,0.025974025974025976,0.007152159807893181,0.08984582779753134,0.024025974025974027
8x8_ultra_n25,8x8,8,64,ultra,Ultra-skewed margins,25,25,0.390625,equal_mi_null,0.05,0.05,0.0,normal_wald,Normal Wald,250,199,0.796,13,0.06532663316582915,0.0385712136210686,0.10854594375982507,0.015326633165829148
8x8_ultra_n50,8x8,8,64,ultra,Ultra-skewed margins,50,50,0.78125,alternative,0.05,0.1,0.05,constrained_lr,Constrained LR,250,250,1.0,13,0.052,0.030637655164191247,0.08692178118372709,
8x8_ultra_n50,8x8,8,64,ultra,Ultra-skewed margins,50,50,0.78125,alternative,0.05,0.1,0.05,expanded_welch,Expanded Welch,250,176,0.704,14,0.07954545454545454,0.04797264095437627,0.12908029794799752,
8x8_ultra_n50,8x8,8,64,ultra,Ultra-skewed margins,50,50,0.78125,alternative,0.05,0.1,0.05,normal_wald,Normal Wald,250,247,0.988,25,0.10121457489878542,0.06950052391214398,0.14514285710558858,
8x8_ultra_n50,8x8,8,64,ultra,Ultra-skewed margins,50,50,0.78125,equal_mi_null,0.05,0.05,0.0,constrained_lr,Constrained LR,250,249,0.996,8,0.0321285140562249,0.016368192811827286,0.062105720893776487,0.017871485943775106
8x8_ultra_n50,8x8,8,64,ultra,Ultra-skewed margins,50,50,0.78125,equal_mi_null,0.05,0.05,0.0,expanded_welch,Expanded Welch,250,196,0.784,8,0.04081632653061224,0.0208249653645253,0.07846103333555769,0.009183673469387761
8x8_ultra_n50,8x8,8,64,ultra,Ultra-skewed margins,50,50,0.78125,equal_mi_null,0.05,0.05,0.0,normal_wald,Normal Wald,250,248,0.992,15,0.06048387096774194,0.03699309823016291,0.09738294525038468,0.010483870967741934
8x8_ultra_n75,8x8,8,64,ultra,Ultra-skewed margins,75,75,1.171875,alternative,0.05,0.1,0.05,constrained_lr,Constrained LR,250,250,1.0,15,0.06,0.036694410839108495,0.09662289271688271,
8x8_ultra_n75,8x8,8,64,ultra,Ultra-skewed margins,75,75,1.171875,alternative,0.05,0.1,0.05,expanded_welch,Expanded Welch,250,229,0.916,19,0.08296943231441048,0.053757991454388365,0.12594135862104333,
8x8_ultra_n75,8x8,8,64,ultra,Ultra-skewed margins,75,75,1.171875,alternative,0.05,0.1,0.05,normal_wald,Normal Wald,250,247,0.988,25,0.10121457489878542,0.06950052391214398,0.14514285710558858,
8x8_ultra_n75,8x8,8,64,ultra,Ultra-skewed margins,75,75,1.171875,equal_mi_null,0.05,0.05,0.0,constrained_lr,Constrained LR,250,250,1.0,17,0.068,0.04288591857836033,0.10618925218570377,0.018000000000000002
8x8_ultra_n75,8x8,8,64,ultra,Ultra-skewed margins,75,75,1.171875,equal_mi_null,0.05,0.05,0.0,expanded_welch,Expanded Welch,250,243,0.972,21,0.08641975308641975,0.05721756567899235,0.12849458753751167,0.036419753086419746
8x8_ultra_n75,8x8,8,64,ultra,Ultra-skewed margins,75,75,1.171875,equal_mi_null,0.05,0.05,0.0,normal_wald,Normal Wald,250,249,0.996,25,0.10040160642570281,0.06893449756720388,0.1440110338809298,0.05040160642570281
8x8_ultra_n100,8x8,8,64,ultra,Ultra-skewed margins,100,100,1.5625,alternative,0.05,0.1,0.05,constrained_lr,Constrained LR,250,250,1.0,21,0.084,0.05559603876664466,0.12499486641356522,
8x8_ultra_n100,8x8,8,64,ultra,Ultra-skewed margins,100,100,1.5625,alternative,0.05,0.1,0.05,expanded_welch,Expanded Welch,250,244,0.976,20,0.08196721311475409,0.053685827895506286,0.12320733206774305,
8x8_ultra_n100,8x8,8,64,ultra,Ultra-skewed margins,100,100,1.5625,alternative,0.05,0.1,0.05,normal_wald,Normal Wald,250,249,0.996,28,0.11244979919678715,0.07895491715176695,0.15772089978034262,
8x8_ultra_n100,8x8,8,64,ultra,Ultra-skewed margins,100,100,1.5625,equal_mi_null,0.05,0.05,0.0,constrained_lr,Constrained LR,250,250,1.0,11,0.044,0.02474379816749356,0.07705777097235189,0.006000000000000005
8x8_ultra_n100,8x8,8,64,ultra,Ultra-skewed margins,100,100,1.5625,equal_mi_null,0.05,0.05,0.0,expanded_welch,Expanded Welch,250,242,0.968,11,0.045454545454545456,0.025567827011840787,0.07954649725492882,0.004545454545454547
8x8_ultra_n100,8x8,8,64,ultra,Ultra-skewed margins,100,100,1.5625,equal_mi_null,0.05,0.05,0.0,normal_wald,Normal Wald,250,250,1.0,25,0.1,0.06865492898829106,0.14345171060806458,0.05
8x8_ultra_n150,8x8,8,64,ultra,Ultra-skewed margins,150,150,2.34375,alternative,0.05,0.1,0.05,constrained_lr,Constrained LR,250,250,1.0,35,0.14,0.1024162573102742,0.1884797183264459,
8x8_ultra_n150,8x8,8,64,ultra,Ultra-skewed margins,150,150,2.34375,alternative,0.05,0.1,0.05,expanded_welch,Expanded Welch,250,249,0.996,29,0.11646586345381527,0.08232604241002012,0.16225986968341474,
8x8_ultra_n150,8x8,8,64,ultra,Ultra-skewed margins,150,150,2.34375,alternative,0.05,0.1,0.05,normal_wald,Normal Wald,250,250,1.0,39,0.156,0.11626576522540502,0.20614594482746082,
8x8_ultra_n150,8x8,8,64,ultra,Ultra-skewed margins,150,150,2.34375,equal_mi_null,0.05,0.05,0.0,constrained_lr,Constrained LR,250,249,0.996,17,0.06827309236947791,0.04305992425225368,0.10660484590527769,0.01827309236947791
8x8_ultra_n150,8x8,8,64,ultra,Ultra-skewed margins,150,150,2.34375,equal_mi_null,0.05,0.05,0.0,expanded_welch,Expanded Welch,250,249,0.996,16,0.0642570281124498,0.039936049328530225,0.10181862566767585,0.01425702811244979
8x8_ultra_n150,8x8,8,64,ultra,Ultra-skewed margins,150,150,2.34375,equal_mi_null,0.05,0.05,0.0,normal_wald,Normal Wald,250,250,1.0,19,0.076,0.04919164066173632,0.11564139731040066,0.025999999999999995
8x8_ultra_n250,8x8,8,64,ultra,Ultra-skewed margins,250,250,3.90625,alternative,0.05,0.1,0.05,constrained_lr,Constrained LR,250,250,1.0,36,0.144,0.10586256867804505,0.19291234056271145,
8x8_ultra_n250,8x8,8,64,ultra,Ultra-skewed margins,250,250,3.90625,alternative,0.05,0.1,0.05,expanded_welch,Expanded Welch,250,250,1.0,30,0.12,0.08536319974216687,0.166138107874371,
8x8_ultra_n250,8x8,8,64,ultra,Ultra-skewed margins,250,250,3.90625,alternative,0.05,0.1,0.05,normal_wald,Normal Wald,250,250,1.0,34,0.136,0.09898127060322204,0.18403577142946165,
8x8_ultra_n250,8x8,8,64,ultra,Ultra-skewed margins,250,250,3.90625,equal_mi_null,0.05,0.05,0.0,constrained_lr,Constrained LR,250,250,1.0,17,0.068,0.04288591857836033,0.10618925218570377,0.018000000000000002
8x8_ultra_n250,8x8,8,64,ultra,Ultra-skewed margins,250,250,3.90625,equal_mi_null,0.05,0.05,0.0,expanded_welch,Expanded Welch,250,250,1.0,13,0.052,0.030637655164191247,0.08692178118372709,0.001999999999999995
8x8_ultra_n250,8x8,8,64,ultra,Ultra-skewed margins,250,250,3.90625,equal_mi_null,0.05,0.05,0.0,normal_wald,Normal Wald,250,250,1.0,16,0.064,0.039774745277095874,0.10142149188293179,0.013999999999999999
8x8_ultra_n500,8x8,8,64,ultra,Ultra-skewed margins,500,500,7.8125,alternative,0.05,0.1,0.05,constrained_lr,Constrained LR,250,250,1.0,50,0.2,0.1551240063301722,0.2539559733670946,
8x8_ultra_n500,8x8,8,64,ultra,Ultra-skewed margins,500,500,7.8125,alternative,0.05,0.1,0.05,expanded_welch,Expanded Welch,250,250,1.0,49,0.196,0.1515502357896319,0.24965081030359842,
8x8_ultra_n500,8x8,8,64,ultra,Ultra-skewed margins,500,500,7.8125,alternative,0.05,0.1,0.05,normal_wald,Normal Wald,250,250,1.0,52,0.208,0.16229381886263317,0.26254402804270643,
8x8_ultra_n500,8x8,8,64,ultra,Ultra-skewed margins,500,500,7.8125,equal_mi_null,0.05,0.05,0.0,constrained_lr,Constrained LR,250,250,1.0,7,0.028,0.013628058600839217,0.05665777612286046,0.022000000000000002
8x8_ultra_n500,8x8,8,64,ultra,Ultra-skewed margins,500,500,7.8125,equal_mi_null,0.05,0.05,0.0,expanded_welch,Expanded Welch,250,250,1.0,7,0.028,0.013628058600839217,0.05665777612286046,0.022000000000000002
8x8_ultra_n500,8x8,8,64,ultra,Ultra-skewed margins,500,500,7.8125,equal_mi_null,0.05,0.05,0.0,normal_wald,Normal Wald,250,250,1.0,8,0.032,0.01630236549364963,0.06186240283408649,0.018000000000000002
8x8_ultra_n1000,8x8,8,64,ultra,Ultra-skewed margins,1000,1000,15.625,alternative,0.05,0.1,0.05,constrained_lr,Constrained LR,250,250,1.0,117,0.468,0.40709971631994324,0.5298688148477652,
8x8_ultra_n1000,8x8,8,64,ultra,Ultra-skewed margins,1000,1000,15.625,alternative,0.05,0.1,0.05,expanded_welch,Expanded Welch,250,250,1.0,117,0.468,0.40709971631994324,0.5298688148477652,
8x8_ultra_n1000,8x8,8,64,ultra,Ultra-skewed margins,1000,1000,15.625,alternative,0.05,0.1,0.05,normal_wald,Normal Wald,250,250,1.0,118,0.472,0.4110100538102362,0.5338374109615085,
8x8_ultra_n1000,8x8,8,64,ultra,Ultra-skewed margins,1000,1000,15.625,equal_mi_null,0.05,0.05,0.0,constrained_lr,Constrained LR,250,250,1.0,9,0.036,0.019053279530003277,0.06699042240176928,0.014000000000000005
8x8_ultra_n1000,8x8,8,64,ultra,Ultra-skewed margins,1000,1000,15.625,equal_mi_null,0.05,0.05,0.0,expanded_welch,Expanded Welch,250,250,1.0,9,0.036,0.019053279530003277,0.06699042240176928,0.014000000000000005
8x8_ultra_n1000,8x8,8,64,ultra,Ultra-skewed margins,1000,1000,15.625,equal_mi_null,0.05,0.05,0.0,normal_wald,Normal Wald,250,250,1.0,9,0.036,0.019053279530003277,0.06699042240176928,0.014000000000000005
