configuration_id,anchor_configuration_id,configuration_label,n_p,n_q,mi_p,mi_q,mi_difference,minimum_expected_count,method,method_label,replicates,valid_count,valid_rate,reject_count,rejection_rate,wilson_low,wilson_high
CURVE_CURVE_C1_N0_n10_di0_scale1,C1_N0_n10,"Balanced, very small sample",10,10,0.0999999999999998,0.0999999999999998,0.0,1.4010268691929522,constrained_lr,Constrained LR,5000,4995,0.999,287,0.0574574574574574,0.0513374310835718,0.0642576450117232
CURVE_CURVE_C1_N0_n10_di0_scale1,C1_N0_n10,"Balanced, very small sample",10,10,0.0999999999999998,0.0999999999999998,0.0,1.4010268691929522,expanded_welch,Expanded Welch,5000,4878,0.9756,258,0.052890528905289,0.0469541568510558,0.0595305504475445
CURVE_CURVE_C1_N0_n10_di0_scale1,C1_N0_n10,"Balanced, very small sample",10,10,0.0999999999999998,0.0999999999999998,0.0,1.4010268691929522,normal_wald,Normal Wald,5000,4982,0.9964,689,0.1382978723404255,0.1289903035081976,0.1481628049958868
CURVE_CURVE_C1_N0_n10_di0_scale1,C1_N0_n10,"Balanced, very small sample",10,10,0.0999999999999998,0.0999999999999998,0.0,1.4010268691929522,simple_welch,Simple Welch,5000,4982,0.9964,498,0.099959855479727,0.091936637098757,0.1085995145375582
CURVE_CURVE_C1_N0_n10_di1em05_scale1,C1_N0_n10,"Balanced, very small sample",10,10,0.0999999999999998,0.1000099999999994,1e-05,1.4009738733031696,constrained_lr,Constrained LR,5000,4998,0.9996,268,0.0536214485794317,0.0477119874850453,0.0602165550857491
CURVE_CURVE_C1_N0_n10_di1em05_scale1,C1_N0_n10,"Balanced, very small sample",10,10,0.0999999999999998,0.1000099999999994,1e-05,1.4009738733031696,expanded_welch,Expanded Welch,5000,4878,0.9756,223,0.0457154571545715,0.0402029893863743,0.0519428663558074
CURVE_CURVE_C1_N0_n10_di1em05_scale1,C1_N0_n10,"Balanced, very small sample",10,10,0.0999999999999998,0.1000099999999994,1e-05,1.4009738733031696,normal_wald,Normal Wald,5000,4990,0.998,633,0.1268537074148296,0.1179057719859211,0.1363757203865999
CURVE_CURVE_C1_N0_n10_di1em05_scale1,C1_N0_n10,"Balanced, very small sample",10,10,0.0999999999999998,0.1000099999999994,1e-05,1.4009738733031696,simple_welch,Simple Welch,5000,4990,0.998,477,0.0955911823647294,0.0877413745479569,0.1040631644465369
CURVE_CURVE_C1_N0_n10_di0p0001_scale1,C1_N0_n10,"Balanced, very small sample",10,10,0.0999999999999998,0.1000999999999998,0.0001,1.400497043071569,constrained_lr,Constrained LR,5000,4995,0.999,308,0.0616616616616616,0.0553219293512363,0.0686750935443296
CURVE_CURVE_C1_N0_n10_di0p0001_scale1,C1_N0_n10,"Balanced, very small sample",10,10,0.0999999999999998,0.1000999999999998,0.0001,1.400497043071569,expanded_welch,Expanded Welch,5000,4866,0.9732,254,0.0521989313604603,0.0462950664800733,0.0588092707244984
CURVE_CURVE_C1_N0_n10_di0p0001_scale1,C1_N0_n10,"Balanced, very small sample",10,10,0.0999999999999998,0.1000999999999998,0.0001,1.400497043071569,normal_wald,Normal Wald,5000,4986,0.9972,686,0.1375852386682711,0.1283025769382229,0.1474259146731843
CURVE_CURVE_C1_N0_n10_di0p0001_scale1,C1_N0_n10,"Balanced, very small sample",10,10,0.0999999999999998,0.1000999999999998,0.0001,1.400497043071569,simple_welch,Simple Welch,5000,4986,0.9972,509,0.1020858403529883,0.0939860981801186,0.1107982556422566
CURVE_CURVE_C1_N0_n10_di0p001_scale1,C1_N0_n10,"Balanced, very small sample",10,10,0.0999999999999998,0.1010000000000002,0.001,1.395741822924768,constrained_lr,Constrained LR,5000,4992,0.9984,280,0.0560897435897435,0.0500415131063949,0.0628206470458595
CURVE_CURVE_C1_N0_n10_di0p001_scale1,C1_N0_n10,"Balanced, very small sample",10,10,0.0999999999999998,0.1010000000000002,0.001,1.395741822924768,expanded_welch,Expanded Welch,5000,4856,0.9712,230,0.0473640856672158,0.0417390908015955,0.0537046521169752
CURVE_CURVE_C1_N0_n10_di0p001_scale1,C1_N0_n10,"Balanced, very small sample",10,10,0.0999999999999998,0.1010000000000002,0.001,1.395741822924768,normal_wald,Normal Wald,5000,4985,0.997,635,0.1273821464393179,0.1184130664754583,0.1369250655007411
CURVE_CURVE_C1_N0_n10_di0p001_scale1,C1_N0_n10,"Balanced, very small sample",10,10,0.0999999999999998,0.1010000000000002,0.001,1.395741822924768,simple_welch,Simple Welch,5000,4985,0.997,464,0.0930792377131394,0.085324177661954,0.1014609640412603
CURVE_CURVE_C1_N0_n10_di0p005_scale1,C1_N0_n10,"Balanced, very small sample",10,10,0.0999999999999998,0.1049999999999999,0.005,1.374888613899132,constrained_lr,Constrained LR,5000,4998,0.9996,266,0.0532212885154061,0.0473341077498519,0.0597947293458827
CURVE_CURVE_C1_N0_n10_di0p005_scale1,C1_N0_n10,"Balanced, very small sample",10,10,0.0999999999999998,0.1049999999999999,0.005,1.374888613899132,expanded_welch,Expanded Welch,5000,4867,0.9734,255,0.0523936716663242,0.046479253034174,0.0590141125710992
CURVE_CURVE_C1_N0_n10_di0p005_scale1,C1_N0_n10,"Balanced, very small sample",10,10,0.0999999999999998,0.1049999999999999,0.005,1.374888613899132,normal_wald,Normal Wald,5000,4993,0.9986,649,0.1299819747646705,0.120938017941669,0.1395948545837566
CURVE_CURVE_C1_N0_n10_di0p005_scale1,C1_N0_n10,"Balanced, very small sample",10,10,0.0999999999999998,0.1049999999999999,0.005,1.374888613899132,simple_welch,Simple Welch,5000,4993,0.9986,482,0.0965351492088924,0.0886510584101125,0.1050395893314139
CURVE_CURVE_C1_N0_n10_di0p01_scale1,C1_N0_n10,"Balanced, very small sample",10,10,0.0999999999999998,0.1100000000000001,0.01,1.3494388443628311,constrained_lr,Constrained LR,5000,4997,0.9994,285,0.0570342205323193,0.050937986929003,0.0638109935267817
CURVE_CURVE_C1_N0_n10_di0p01_scale1,C1_N0_n10,"Balanced, very small sample",10,10,0.0999999999999998,0.1100000000000001,0.01,1.3494388443628311,expanded_welch,Expanded Welch,5000,4856,0.9712,216,0.0444810543657331,0.0390337345325393,0.0506485035638567
CURVE_CURVE_C1_N0_n10_di0p01_scale1,C1_N0_n10,"Balanced, very small sample",10,10,0.0999999999999998,0.1100000000000001,0.01,1.3494388443628311,normal_wald,Normal Wald,5000,4984,0.9968,684,0.1372391653290529,0.127965066304777,0.1470720354448538
CURVE_CURVE_C1_N0_n10_di0p01_scale1,C1_N0_n10,"Balanced, very small sample",10,10,0.0999999999999998,0.1100000000000001,0.01,1.3494388443628311,simple_welch,Simple Welch,5000,4984,0.9968,512,0.102728731942215,0.0946035663943721,0.1114658260084315
CURVE_CURVE_C1_N0_n10_di0p02_scale1,C1_N0_n10,"Balanced, very small sample",10,10,0.0999999999999998,0.1199999999999998,0.02,1.3004315750608673,constrained_lr,Constrained LR,5000,4995,0.999,293,0.0586586586586586,0.0524749136941018,0.0655207186298421
CURVE_CURVE_C1_N0_n10_di0p02_scale1,C1_N0_n10,"Balanced, very small sample",10,10,0.0999999999999998,0.1199999999999998,0.02,1.3004315750608673,expanded_welch,Expanded Welch,5000,4851,0.9702,243,0.0500927643784786,0.0443023945489427,0.0565951245514405
CURVE_CURVE_C1_N0_n10_di0p02_scale1,C1_N0_n10,"Balanced, very small sample",10,10,0.0999999999999998,0.1199999999999998,0.02,1.3004315750608673,normal_wald,Normal Wald,5000,4985,0.997,722,0.1448345035105316,0.1353383219573907,0.1548776471752398
CURVE_CURVE_C1_N0_n10_di0p02_scale1,C1_N0_n10,"Balanced, very small sample",10,10,0.0999999999999998,0.1199999999999998,0.02,1.3004315750608673,simple_welch,Simple Welch,5000,4985,0.997,541,0.1085255767301905,0.1001906024133079,0.1174634296467476
CURVE_CURVE_C1_N0_n10_di0p05_scale1,C1_N0_n10,"Balanced, very small sample",10,10,0.0999999999999998,0.149999999999443,0.05,1.1661388787059048,constrained_lr,Constrained LR,5000,4997,0.9994,348,0.0696417850710426,0.0629097981930644,0.0770349420238612
CURVE_CURVE_C1_N0_n10_di0p05_scale1,C1_N0_n10,"Balanced, very small sample",10,10,0.0999999999999998,0.149999999999443,0.05,1.1661388787059048,expanded_welch,Expanded Welch,5000,4832,0.9664,251,0.0519453642384106,0.0460365302005054,0.0585660427184281
CURVE_CURVE_C1_N0_n10_di0p05_scale1,C1_N0_n10,"Balanced, very small sample",10,10,0.0999999999999998,0.149999999999443,0.05,1.1661388787059048,normal_wald,Normal Wald,5000,4986,0.9972,811,0.1626554352186121,0.1526720576222418,0.1731582262130581
CURVE_CURVE_C1_N0_n10_di0p05_scale1,C1_N0_n10,"Balanced, very small sample",10,10,0.0999999999999998,0.149999999999443,0.05,1.1661388787059048,simple_welch,Simple Welch,5000,4986,0.9972,610,0.1223425591656638,0.1135367248646244,0.1317298770746561
CURVE_CURVE_C1_N0_n10_di0p1_scale1,C1_N0_n10,"Balanced, very small sample",10,10,0.0999999999999998,0.1999999999999999,0.1,0.9741358138509236,constrained_lr,Constrained LR,5000,4999,0.9998,437,0.0874174834966993,0.0799012455774731,0.0955673288409584
CURVE_CURVE_C1_N0_n10_di0p1_scale1,C1_N0_n10,"Balanced, very small sample",10,10,0.0999999999999998,0.1999999999999999,0.1,0.9741358138509236,expanded_welch,Expanded Welch,5000,4776,0.9552,278,0.0582077051926298,0.051915704191793,0.0652098246869035
CURVE_CURVE_C1_N0_n10_di0p1_scale1,C1_N0_n10,"Balanced, very small sample",10,10,0.0999999999999998,0.1999999999999999,0.1,0.9741358138509236,normal_wald,Normal Wald,5000,4987,0.9974,946,0.1896932023260477,0.179052356333351,0.2008117356165202
CURVE_CURVE_C1_N0_n10_di0p1_scale1,C1_N0_n10,"Balanced, very small sample",10,10,0.0999999999999998,0.1999999999999999,0.1,0.9741358138509236,simple_welch,Simple Welch,5000,4987,0.9974,761,0.1525967515540405,0.1428840494129245,0.1628442473904047
CURVE_CURVE_C1_N0_n10_di0p2_scale1,C1_N0_n10,"Balanced, very small sample",10,10,0.0999999999999998,0.3000000000000111,0.2,0.6679301267662596,constrained_lr,Constrained LR,5000,5000,1.0,673,0.1346,0.1254199266947818,0.1443411098866659
CURVE_CURVE_C1_N0_n10_di0p2_scale1,C1_N0_n10,"Balanced, very small sample",10,10,0.0999999999999998,0.3000000000000111,0.2,0.6679301267662596,expanded_welch,Expanded Welch,5000,4657,0.9314,379,0.0813828645050461,0.0738706702296236,0.0895851060613508
CURVE_CURVE_C1_N0_n10_di0p2_scale1,C1_N0_n10,"Balanced, very small sample",10,10,0.0999999999999998,0.3000000000000111,0.2,0.6679301267662596,normal_wald,Normal Wald,5000,4983,0.9966,1374,0.275737507525587,0.2635059300301424,0.2883145923474547
CURVE_CURVE_C1_N0_n10_di0p2_scale1,C1_N0_n10,"Balanced, very small sample",10,10,0.0999999999999998,0.3000000000000111,0.2,0.6679301267662596,simple_welch,Simple Welch,5000,4983,0.9966,1187,0.2382099137066024,0.2265867144625101,0.2502364367156334
CURVE_CURVE_C1_N0_n10_di0p5_scale1,C1_N0_n10,"Balanced, very small sample",10,10,0.0999999999999998,0.5999999999981145,0.5,0.0937671094123496,constrained_lr,Constrained LR,5000,5000,1.0,1926,0.3852,0.371804227744888,0.3987720366216972
CURVE_CURVE_C1_N0_n10_di0p5_scale1,C1_N0_n10,"Balanced, very small sample",10,10,0.0999999999999998,0.5999999999981145,0.5,0.0937671094123496,expanded_welch,Expanded Welch,5000,3955,0.791,309,0.0781289506953223,0.0701683186251729,0.0869083072738433
CURVE_CURVE_C1_N0_n10_di0p5_scale1,C1_N0_n10,"Balanced, very small sample",10,10,0.0999999999999998,0.5999999999981145,0.5,0.0937671094123496,normal_wald,Normal Wald,5000,4941,0.9882,3204,0.6484517304189436,0.6350281977155297,0.6616446101422713
CURVE_CURVE_C1_N0_n10_di0p5_scale1,C1_N0_n10,"Balanced, very small sample",10,10,0.0999999999999998,0.5999999999981145,0.5,0.0937671094123496,simple_welch,Simple Welch,5000,4941,0.9882,3017,0.6106051406597854,0.5969280746954977,0.6241103567895578
CURVE_CURVE_C1_N0_n1000_di0_scale1,C1_N0_n1000,"Balanced, large sample",1000,1000,0.0999999999999998,0.0999999999999998,0.0,140.10268691929522,constrained_lr,Constrained LR,5000,5000,1.0,251,0.0502,0.0444853421500697,0.0566052825197036
CURVE_CURVE_C1_N0_n1000_di0_scale1,C1_N0_n1000,"Balanced, large sample",1000,1000,0.0999999999999998,0.0999999999999998,0.0,140.10268691929522,expanded_welch,Expanded Welch,5000,5000,1.0,245,0.049,0.0433550717009473,0.0553373954534941
CURVE_CURVE_C1_N0_n1000_di0_scale1,C1_N0_n1000,"Balanced, large sample",1000,1000,0.0999999999999998,0.0999999999999998,0.0,140.10268691929522,normal_wald,Normal Wald,5000,5000,1.0,249,0.0498,0.0441084778641927,0.0561827609671367
CURVE_CURVE_C1_N0_n1000_di0_scale1,C1_N0_n1000,"Balanced, large sample",1000,1000,0.0999999999999998,0.0999999999999998,0.0,140.10268691929522,simple_welch,Simple Welch,5000,5000,1.0,249,0.0498,0.0441084778641927,0.0561827609671367
CURVE_CURVE_C1_N0_n1000_di1em05_scale1,C1_N0_n1000,"Balanced, large sample",1000,1000,0.0999999999999998,0.1000099999999994,1e-05,140.09738733031696,constrained_lr,Constrained LR,5000,5000,1.0,246,0.0492,0.0435433825554971,0.0555487775181663
CURVE_CURVE_C1_N0_n1000_di1em05_scale1,C1_N0_n1000,"Balanced, large sample",1000,1000,0.0999999999999998,0.1000099999999994,1e-05,140.09738733031696,expanded_welch,Expanded Welch,5000,5000,1.0,241,0.0482,0.04260210373766,0.0544915917398935
CURVE_CURVE_C1_N0_n1000_di1em05_scale1,C1_N0_n1000,"Balanced, large sample",1000,1000,0.0999999999999998,0.1000099999999994,1e-05,140.09738733031696,normal_wald,Normal Wald,5000,5000,1.0,242,0.0484,0.0427903040886361,0.0547030843081394
CURVE_CURVE_C1_N0_n1000_di1em05_scale1,C1_N0_n1000,"Balanced, large sample",1000,1000,0.0999999999999998,0.1000099999999994,1e-05,140.09738733031696,simple_welch,Simple Welch,5000,5000,1.0,242,0.0484,0.0427903040886361,0.0547030843081394
CURVE_CURVE_C1_N0_n1000_di0p0001_scale1,C1_N0_n1000,"Balanced, large sample",1000,1000,0.0999999999999998,0.1000999999999998,0.0001,140.0497043071569,constrained_lr,Constrained LR,5000,5000,1.0,258,0.0516,0.0458051930526966,0.0580832820516306
CURVE_CURVE_C1_N0_n1000_di0p0001_scale1,C1_N0_n1000,"Balanced, large sample",1000,1000,0.0999999999999998,0.1000999999999998,0.0001,140.0497043071569,expanded_welch,Expanded Welch,5000,5000,1.0,255,0.051,0.0452393871026711,0.0574500092439901
CURVE_CURVE_C1_N0_n1000_di0p0001_scale1,C1_N0_n1000,"Balanced, large sample",1000,1000,0.0999999999999998,0.1000999999999998,0.0001,140.0497043071569,normal_wald,Normal Wald,5000,5000,1.0,258,0.0516,0.0458051930526966,0.0580832820516306
CURVE_CURVE_C1_N0_n1000_di0p0001_scale1,C1_N0_n1000,"Balanced, large sample",1000,1000,0.0999999999999998,0.1000999999999998,0.0001,140.0497043071569,simple_welch,Simple Welch,5000,5000,1.0,256,0.0512,0.0454279633979572,0.057661125867926
CURVE_CURVE_C1_N0_n1000_di0p001_scale1,C1_N0_n1000,"Balanced, large sample",1000,1000,0.0999999999999998,0.1010000000000002,0.001,139.57418229247682,constrained_lr,Constrained LR,5000,5000,1.0,259,0.0518,0.045993846130679,0.0582943218928701
CURVE_CURVE_C1_N0_n1000_di0p001_scale1,C1_N0_n1000,"Balanced, large sample",1000,1000,0.0999999999999998,0.1010000000000002,0.001,139.57418229247682,expanded_welch,Expanded Welch,5000,5000,1.0,248,0.0496,0.0439200857923503,0.0559714601197571
CURVE_CURVE_C1_N0_n1000_di0p001_scale1,C1_N0_n1000,"Balanced, large sample",1000,1000,0.0999999999999998,0.1010000000000002,0.001,139.57418229247682,normal_wald,Normal Wald,5000,5000,1.0,258,0.0516,0.0458051930526966,0.0580832820516306
CURVE_CURVE_C1_N0_n1000_di0p001_scale1,C1_N0_n1000,"Balanced, large sample",1000,1000,0.0999999999999998,0.1010000000000002,0.001,139.57418229247682,simple_welch,Simple Welch,5000,5000,1.0,256,0.0512,0.0454279633979572,0.057661125867926
CURVE_CURVE_C1_N0_n1000_di0p005_scale1,C1_N0_n1000,"Balanced, large sample",1000,1000,0.0999999999999998,0.1049999999999999,0.005,137.48886138991318,constrained_lr,Constrained LR,5000,5000,1.0,300,0.06,0.0537489732557084,0.0669266044559418
CURVE_CURVE_C1_N0_n1000_di0p005_scale1,C1_N0_n1000,"Balanced, large sample",1000,1000,0.0999999999999998,0.1049999999999999,0.005,137.48886138991318,expanded_welch,Expanded Welch,5000,5000,1.0,291,0.0582,0.0520434106219398,0.0650349308167126
CURVE_CURVE_C1_N0_n1000_di0p005_scale1,C1_N0_n1000,"Balanced, large sample",1000,1000,0.0999999999999998,0.1049999999999999,0.005,137.48886138991318,normal_wald,Normal Wald,5000,5000,1.0,298,0.0596,0.0533698127022566,0.0665063791709497
CURVE_CURVE_C1_N0_n1000_di0p005_scale1,C1_N0_n1000,"Balanced, large sample",1000,1000,0.0999999999999998,0.1049999999999999,0.005,137.48886138991318,simple_welch,Simple Welch,5000,5000,1.0,298,0.0596,0.0533698127022566,0.0665063791709497
CURVE_CURVE_C1_N0_n1000_di0p01_scale1,C1_N0_n1000,"Balanced, large sample",1000,1000,0.0999999999999998,0.1100000000000001,0.01,134.94388443628313,constrained_lr,Constrained LR,5000,5000,1.0,401,0.0802,0.0729899727594798,0.0880545897935901
CURVE_CURVE_C1_N0_n1000_di0p01_scale1,C1_N0_n1000,"Balanced, large sample",1000,1000,0.0999999999999998,0.1100000000000001,0.01,134.94388443628313,expanded_welch,Expanded Welch,5000,5000,1.0,392,0.0784,0.071268875131428,0.0861784511486441
CURVE_CURVE_C1_N0_n1000_di0p01_scale1,C1_N0_n1000,"Balanced, large sample",1000,1000,0.0999999999999998,0.1100000000000001,0.01,134.94388443628313,normal_wald,Normal Wald,5000,5000,1.0,401,0.0802,0.0729899727594798,0.0880545897935901
CURVE_CURVE_C1_N0_n1000_di0p01_scale1,C1_N0_n1000,"Balanced, large sample",1000,1000,0.0999999999999998,0.1100000000000001,0.01,134.94388443628313,simple_welch,Simple Welch,5000,5000,1.0,399,0.0798,0.0726074089336644,0.0876377677809615
CURVE_CURVE_C1_N0_n1000_di0p02_scale1,C1_N0_n1000,"Balanced, large sample",1000,1000,0.0999999999999998,0.1199999999999998,0.02,130.04315750608671,constrained_lr,Constrained LR,5000,5000,1.0,791,0.1582,0.1483477655380278,0.1685770355116133
CURVE_CURVE_C1_N0_n1000_di0p02_scale1,C1_N0_n1000,"Balanced, large sample",1000,1000,0.0999999999999998,0.1199999999999998,0.02,130.04315750608671,expanded_welch,Expanded Welch,5000,5000,1.0,774,0.1548,0.1450393426860832,0.1650906787367842
CURVE_CURVE_C1_N0_n1000_di0p02_scale1,C1_N0_n1000,"Balanced, large sample",1000,1000,0.0999999999999998,0.1199999999999998,0.02,130.04315750608671,normal_wald,Normal Wald,5000,5000,1.0,787,0.1574,0.1475691635166338,0.1677568658561194
CURVE_CURVE_C1_N0_n1000_di0p02_scale1,C1_N0_n1000,"Balanced, large sample",1000,1000,0.0999999999999998,0.1199999999999998,0.02,130.04315750608671,simple_welch,Simple Welch,5000,5000,1.0,785,0.157,0.1471798968290042,0.167346746705305
CURVE_CURVE_C1_N0_n1000_di0p05_scale1,C1_N0_n1000,"Balanced, large sample",1000,1000,0.0999999999999998,0.149999999999443,0.05,116.61388787059047,constrained_lr,Constrained LR,5000,5000,1.0,3355,0.671,0.6578497234917,0.6838877224430906
CURVE_CURVE_C1_N0_n1000_di0p05_scale1,C1_N0_n1000,"Balanced, large sample",1000,1000,0.0999999999999998,0.149999999999443,0.05,116.61388787059047,expanded_welch,Expanded Welch,5000,5000,1.0,3335,0.667,0.6538130234060072,0.6799305641443437
CURVE_CURVE_C1_N0_n1000_di0p05_scale1,C1_N0_n1000,"Balanced, large sample",1000,1000,0.0999999999999998,0.149999999999443,0.05,116.61388787059047,normal_wald,Normal Wald,5000,5000,1.0,3351,0.6702,0.6570422983864873,0.6830963758714154
CURVE_CURVE_C1_N0_n1000_di0p05_scale1,C1_N0_n1000,"Balanced, large sample",1000,1000,0.0999999999999998,0.149999999999443,0.05,116.61388787059047,simple_welch,Simple Welch,5000,5000,1.0,3348,0.6696,0.6564367575326471,0.6825028379675895
CURVE_CURVE_C1_N0_n1000_di0p1_scale1,C1_N0_n1000,"Balanced, large sample",1000,1000,0.0999999999999998,0.1999999999999999,0.1,97.41358138509234,constrained_lr,Constrained LR,5000,5000,1.0,4971,0.9942,0.9916826613677592,0.9959585420297464
CURVE_CURVE_C1_N0_n1000_di0p1_scale1,C1_N0_n1000,"Balanced, large sample",1000,1000,0.0999999999999998,0.1999999999999999,0.1,97.41358138509234,expanded_welch,Expanded Welch,5000,5000,1.0,4969,0.9938,0.991213205957586,0.9956286116014756
CURVE_CURVE_C1_N0_n1000_di0p1_scale1,C1_N0_n1000,"Balanced, large sample",1000,1000,0.0999999999999998,0.1999999999999999,0.1,97.41358138509234,normal_wald,Normal Wald,5000,5000,1.0,4971,0.9942,0.9916826613677592,0.9959585420297464
CURVE_CURVE_C1_N0_n1000_di0p1_scale1,C1_N0_n1000,"Balanced, large sample",1000,1000,0.0999999999999998,0.1999999999999999,0.1,97.41358138509234,simple_welch,Simple Welch,5000,5000,1.0,4970,0.994,0.9914476466387816,0.995793863839502
CURVE_CURVE_C1_N0_n1000_di0p2_scale1,C1_N0_n1000,"Balanced, large sample",1000,1000,0.0999999999999998,0.3000000000000111,0.2,66.79301267662596,constrained_lr,Constrained LR,5000,5000,1.0,5000,1.0,0.9992322980549432,1.0000000000000002
CURVE_CURVE_C1_N0_n1000_di0p2_scale1,C1_N0_n1000,"Balanced, large sample",1000,1000,0.0999999999999998,0.3000000000000111,0.2,66.79301267662596,expanded_welch,Expanded Welch,5000,5000,1.0,5000,1.0,0.9992322980549432,1.0000000000000002
CURVE_CURVE_C1_N0_n1000_di0p2_scale1,C1_N0_n1000,"Balanced, large sample",1000,1000,0.0999999999999998,0.3000000000000111,0.2,66.79301267662596,normal_wald,Normal Wald,5000,5000,1.0,5000,1.0,0.9992322980549432,1.0000000000000002
CURVE_CURVE_C1_N0_n1000_di0p2_scale1,C1_N0_n1000,"Balanced, large sample",1000,1000,0.0999999999999998,0.3000000000000111,0.2,66.79301267662596,simple_welch,Simple Welch,5000,5000,1.0,5000,1.0,0.9992322980549432,1.0000000000000002
CURVE_CURVE_C1_N0_n1000_di0p5_scale1,C1_N0_n1000,"Balanced, large sample",1000,1000,0.0999999999999998,0.5999999999981145,0.5,9.37671094123496,constrained_lr,Constrained LR,5000,5000,1.0,5000,1.0,0.9992322980549432,1.0000000000000002
CURVE_CURVE_C1_N0_n1000_di0p5_scale1,C1_N0_n1000,"Balanced, large sample",1000,1000,0.0999999999999998,0.5999999999981145,0.5,9.37671094123496,expanded_welch,Expanded Welch,5000,5000,1.0,5000,1.0,0.9992322980549432,1.0000000000000002
CURVE_CURVE_C1_N0_n1000_di0p5_scale1,C1_N0_n1000,"Balanced, large sample",1000,1000,0.0999999999999998,0.5999999999981145,0.5,9.37671094123496,normal_wald,Normal Wald,5000,5000,1.0,5000,1.0,0.9992322980549432,1.0000000000000002
CURVE_CURVE_C1_N0_n1000_di0p5_scale1,C1_N0_n1000,"Balanced, large sample",1000,1000,0.0999999999999998,0.5999999999981145,0.5,9.37671094123496,simple_welch,Simple Welch,5000,5000,1.0,5000,1.0,0.9992322980549432,1.0000000000000002
CURVE_CURVE_C1_N0_n50_di0_scale1,C1_N0_n50,"Balanced, moderate sample",50,50,0.0999999999999998,0.0999999999999998,0.0,7.005134345964762,constrained_lr,Constrained LR,5000,5000,1.0,291,0.0582,0.0520434106219398,0.0650349308167126
CURVE_CURVE_C1_N0_n50_di0_scale1,C1_N0_n50,"Balanced, moderate sample",50,50,0.0999999999999998,0.0999999999999998,0.0,7.005134345964762,expanded_welch,Expanded Welch,5000,5000,1.0,202,0.0404,0.0352859684033311,0.0462197032245654
CURVE_CURVE_C1_N0_n50_di0_scale1,C1_N0_n50,"Balanced, moderate sample",50,50,0.0999999999999998,0.0999999999999998,0.0,7.005134345964762,normal_wald,Normal Wald,5000,5000,1.0,239,0.0478,0.0422257872975776,0.054068522341532
CURVE_CURVE_C1_N0_n50_di0_scale1,C1_N0_n50,"Balanced, moderate sample",50,50,0.0999999999999998,0.0999999999999998,0.0,7.005134345964762,simple_welch,Simple Welch,5000,5000,1.0,221,0.0442,0.0388442147571189,0.0502556223359951
CURVE_CURVE_C1_N0_n50_di1em05_scale1,C1_N0_n50,"Balanced, moderate sample",50,50,0.0999999999999998,0.1000099999999994,1e-05,7.004869366515848,constrained_lr,Constrained LR,5000,5000,1.0,294,0.0588,0.0526117417753438,0.0656656784209746
CURVE_CURVE_C1_N0_n50_di1em05_scale1,C1_N0_n50,"Balanced, moderate sample",50,50,0.0999999999999998,0.1000099999999994,1e-05,7.004869366515848,expanded_welch,Expanded Welch,5000,5000,1.0,193,0.0386,0.0336049261306961,0.0443035092242025
CURVE_CURVE_C1_N0_n50_di1em05_scale1,C1_N0_n50,"Balanced, moderate sample",50,50,0.0999999999999998,0.1000099999999994,1e-05,7.004869366515848,normal_wald,Normal Wald,5000,5000,1.0,250,0.05,0.0442968967005705,0.0563940350499808
CURVE_CURVE_C1_N0_n50_di1em05_scale1,C1_N0_n50,"Balanced, moderate sample",50,50,0.0999999999999998,0.1000099999999994,1e-05,7.004869366515848,simple_welch,Simple Welch,5000,5000,1.0,232,0.0464,0.0409095822823138,0.0525868769222419
CURVE_CURVE_C1_N0_n50_di0p0001_scale1,C1_N0_n50,"Balanced, moderate sample",50,50,0.0999999999999998,0.1000999999999998,0.0001,7.002485215357845,constrained_lr,Constrained LR,5000,5000,1.0,312,0.0624,0.0560256398051145,0.0694462529371994
CURVE_CURVE_C1_N0_n50_di0p0001_scale1,C1_N0_n50,"Balanced, moderate sample",50,50,0.0999999999999998,0.1000999999999998,0.0001,7.002485215357845,expanded_welch,Expanded Welch,5000,5000,1.0,200,0.04,0.0349121444023271,0.0457941413871253
CURVE_CURVE_C1_N0_n50_di0p0001_scale1,C1_N0_n50,"Balanced, moderate sample",50,50,0.0999999999999998,0.1000999999999998,0.0001,7.002485215357845,normal_wald,Normal Wald,5000,5000,1.0,269,0.0538,0.0478817469838921,0.0604033502318768
CURVE_CURVE_C1_N0_n50_di0p0001_scale1,C1_N0_n50,"Balanced, moderate sample",50,50,0.0999999999999998,0.1000999999999998,0.0001,7.002485215357845,simple_welch,Simple Welch,5000,5000,1.0,237,0.0474,0.0418495843205746,0.053645339480091
CURVE_CURVE_C1_N0_n50_di0p001_scale1,C1_N0_n50,"Balanced, moderate sample",50,50,0.0999999999999998,0.1010000000000002,0.001,6.9787091146238405,constrained_lr,Constrained LR,5000,5000,1.0,276,0.0552,0.0492047133589802,0.0618782342913425
CURVE_CURVE_C1_N0_n50_di0p001_scale1,C1_N0_n50,"Balanced, moderate sample",50,50,0.0999999999999998,0.1010000000000002,0.001,6.9787091146238405,expanded_welch,Expanded Welch,5000,4999,0.9998,184,0.0368073614722944,0.0319334038718674,0.0423926490085584
CURVE_CURVE_C1_N0_n50_di0p001_scale1,C1_N0_n50,"Balanced, moderate sample",50,50,0.0999999999999998,0.1010000000000002,0.001,6.9787091146238405,normal_wald,Normal Wald,5000,5000,1.0,228,0.0456,0.0401581122081756,0.0517395753194922
CURVE_CURVE_C1_N0_n50_di0p001_scale1,C1_N0_n50,"Balanced, moderate sample",50,50,0.0999999999999998,0.1010000000000002,0.001,6.9787091146238405,simple_welch,Simple Welch,5000,5000,1.0,206,0.0412,0.0360340469325097,0.0470703963722746
CURVE_CURVE_C1_N0_n50_di0p005_scale1,C1_N0_n50,"Balanced, moderate sample",50,50,0.0999999999999998,0.1049999999999999,0.005,6.874443069495658,constrained_lr,Constrained LR,5000,5000,1.0,304,0.0608,0.0545075406684911,0.067766808720047
CURVE_CURVE_C1_N0_n50_di0p005_scale1,C1_N0_n50,"Balanced, moderate sample",50,50,0.0999999999999998,0.1049999999999999,0.005,6.874443069495658,expanded_welch,Expanded Welch,5000,5000,1.0,206,0.0412,0.0360340469325097,0.0470703963722746
CURVE_CURVE_C1_N0_n50_di0p005_scale1,C1_N0_n50,"Balanced, moderate sample",50,50,0.0999999999999998,0.1049999999999999,0.005,6.874443069495658,normal_wald,Normal Wald,5000,5000,1.0,262,0.0524,0.0465599567062765,0.0589272900749386
CURVE_CURVE_C1_N0_n50_di0p005_scale1,C1_N0_n50,"Balanced, moderate sample",50,50,0.0999999999999998,0.1049999999999999,0.005,6.874443069495658,simple_welch,Simple Welch,5000,5000,1.0,244,0.0488,0.0431667882318987,0.0551259860033208
CURVE_CURVE_C1_N0_n50_di0p01_scale1,C1_N0_n50,"Balanced, moderate sample",50,50,0.0999999999999998,0.1100000000000001,0.01,6.747194221814157,constrained_lr,Constrained LR,5000,5000,1.0,273,0.0546,0.0486375864994604,0.0612462823931964
CURVE_CURVE_C1_N0_n50_di0p01_scale1,C1_N0_n50,"Balanced, moderate sample",50,50,0.0999999999999998,0.1100000000000001,0.01,6.747194221814157,expanded_welch,Expanded Welch,5000,4999,0.9998,201,0.0402080416083216,0.0351060768120044,0.0460161138792756
CURVE_CURVE_C1_N0_n50_di0p01_scale1,C1_N0_n50,"Balanced, moderate sample",50,50,0.0999999999999998,0.1100000000000001,0.01,6.747194221814157,normal_wald,Normal Wald,5000,5000,1.0,245,0.049,0.0433550717009473,0.0553373954534941
CURVE_CURVE_C1_N0_n50_di0p01_scale1,C1_N0_n50,"Balanced, moderate sample",50,50,0.0999999999999998,0.1100000000000001,0.01,6.747194221814157,simple_welch,Simple Welch,5000,5000,1.0,234,0.0468,0.041285495583661,0.0530103494593387
CURVE_CURVE_C1_N0_n50_di0p02_scale1,C1_N0_n50,"Balanced, moderate sample",50,50,0.0999999999999998,0.1199999999999998,0.02,6.502157875304336,constrained_lr,Constrained LR,5000,5000,1.0,330,0.066,0.0594458588260475,0.073220506462262
CURVE_CURVE_C1_N0_n50_di0p02_scale1,C1_N0_n50,"Balanced, moderate sample",50,50,0.0999999999999998,0.1199999999999998,0.02,6.502157875304336,expanded_welch,Expanded Welch,5000,4999,0.9998,249,0.0498099619923984,0.0441173260747615,0.0561939596118713
CURVE_CURVE_C1_N0_n50_di0p02_scale1,C1_N0_n50,"Balanced, moderate sample",50,50,0.0999999999999998,0.1199999999999998,0.02,6.502157875304336,normal_wald,Normal Wald,5000,5000,1.0,304,0.0608,0.0545075406684911,0.067766808720047
CURVE_CURVE_C1_N0_n50_di0p02_scale1,C1_N0_n50,"Balanced, moderate sample",50,50,0.0999999999999998,0.1199999999999998,0.02,6.502157875304336,simple_welch,Simple Welch,5000,5000,1.0,282,0.0564,0.0503395888597819,0.0631415163058727
CURVE_CURVE_C1_N0_n50_di0p05_scale1,C1_N0_n50,"Balanced, moderate sample",50,50,0.0999999999999998,0.149999999999443,0.05,5.830694393529525,constrained_lr,Constrained LR,5000,5000,1.0,467,0.0934,0.0856434609879036,0.1017808342338168
CURVE_CURVE_C1_N0_n50_di0p05_scale1,C1_N0_n50,"Balanced, moderate sample",50,50,0.0999999999999998,0.149999999999443,0.05,5.830694393529525,expanded_welch,Expanded Welch,5000,5000,1.0,382,0.0764,0.0693578966531309,0.0840925004347214
CURVE_CURVE_C1_N0_n50_di0p05_scale1,C1_N0_n50,"Balanced, moderate sample",50,50,0.0999999999999998,0.149999999999443,0.05,5.830694393529525,normal_wald,Normal Wald,5000,5000,1.0,451,0.0902,0.0825710762279486,0.0984581322862201
CURVE_CURVE_C1_N0_n50_di0p05_scale1,C1_N0_n50,"Balanced, moderate sample",50,50,0.0999999999999998,0.149999999999443,0.05,5.830694393529525,simple_welch,Simple Welch,5000,5000,1.0,423,0.0846,0.077201733034174,0.0926360737417793
CURVE_CURVE_C1_N0_n50_di0p1_scale1,C1_N0_n50,"Balanced, moderate sample",50,50,0.0999999999999998,0.1999999999999999,0.1,4.870679069254617,constrained_lr,Constrained LR,5000,5000,1.0,914,0.1828,0.172331754707912,0.1937552754060322
CURVE_CURVE_C1_N0_n50_di0p1_scale1,C1_N0_n50,"Balanced, moderate sample",50,50,0.0999999999999998,0.1999999999999999,0.1,4.870679069254617,expanded_welch,Expanded Welch,5000,4999,0.9998,797,0.1594318863772754,0.1495459175071359,0.1698408693764421
CURVE_CURVE_C1_N0_n50_di0p1_scale1,C1_N0_n50,"Balanced, moderate sample",50,50,0.0999999999999998,0.1999999999999999,0.1,4.870679069254617,normal_wald,Normal Wald,5000,5000,1.0,903,0.1806,0.1701837100502675,0.191506697952235
CURVE_CURVE_C1_N0_n50_di0p1_scale1,C1_N0_n50,"Balanced, moderate sample",50,50,0.0999999999999998,0.1999999999999999,0.1,4.870679069254617,simple_welch,Simple Welch,5000,5000,1.0,850,0.17,0.1598424374335368,0.1806642458502009
CURVE_CURVE_C1_N0_n50_di0p2_scale1,C1_N0_n50,"Balanced, moderate sample",50,50,0.0999999999999998,0.3000000000000111,0.2,3.3396506338312983,constrained_lr,Constrained LR,5000,5000,1.0,2292,0.4584,0.4446262146914221,0.4722376581104067
CURVE_CURVE_C1_N0_n50_di0p2_scale1,C1_N0_n50,"Balanced, moderate sample",50,50,0.0999999999999998,0.3000000000000111,0.2,3.3396506338312983,expanded_welch,Expanded Welch,5000,5000,1.0,2247,0.4494,0.435656197137611,0.4632214942992289
CURVE_CURVE_C1_N0_n50_di0p2_scale1,C1_N0_n50,"Balanced, moderate sample",50,50,0.0999999999999998,0.3000000000000111,0.2,3.3396506338312983,normal_wald,Normal Wald,5000,5000,1.0,2342,0.4684,0.4545982159008576,0.48225030286207
CURVE_CURVE_C1_N0_n50_di0p2_scale1,C1_N0_n50,"Balanced, moderate sample",50,50,0.0999999999999998,0.3000000000000111,0.2,3.3396506338312983,simple_welch,Simple Welch,5000,5000,1.0,2287,0.4574,0.4436293218709276,0.4712360863347913
CURVE_CURVE_C1_N0_n50_di0p5_scale1,C1_N0_n50,"Balanced, moderate sample",50,50,0.0999999999999998,0.5999999999981145,0.5,0.468835547061748,constrained_lr,Constrained LR,5000,5000,1.0,4951,0.9902,0.9870684281708896,0.9925789168421766
CURVE_CURVE_C1_N0_n50_di0p5_scale1,C1_N0_n50,"Balanced, moderate sample",50,50,0.0999999999999998,0.5999999999981145,0.5,0.468835547061748,expanded_welch,Expanded Welch,5000,4787,0.9574,4719,0.9857948610820974,0.9820318949174602,0.9887787737254724
CURVE_CURVE_C1_N0_n50_di0p5_scale1,C1_N0_n50,"Balanced, moderate sample",50,50,0.0999999999999998,0.5999999999981145,0.5,0.468835547061748,normal_wald,Normal Wald,5000,5000,1.0,4958,0.9916,0.9886658498349266,0.9937793456126937
CURVE_CURVE_C1_N0_n50_di0p5_scale1,C1_N0_n50,"Balanced, moderate sample",50,50,0.0999999999999998,0.5999999999981145,0.5,0.468835547061748,simple_welch,Simple Welch,5000,5000,1.0,4957,0.9914,0.9884366781599928,0.993608824368405
CURVE_CURVE_C1_N3_n50_di0_scale1,C1_N3_n50,One skewed population,50,50,0.0300000000000003,0.0299999999993568,0.0,1.729791843220617,constrained_lr,Constrained LR,5000,5000,1.0,227,0.0454,0.0399703200435625,0.0515276745648834
CURVE_CURVE_C1_N3_n50_di0_scale1,C1_N3_n50,One skewed population,50,50,0.0300000000000003,0.0299999999993568,0.0,1.729791843220617,expanded_welch,Expanded Welch,5000,4967,0.9934,82,0.0165089591302597,0.013320707017521,0.0204444935448226
CURVE_CURVE_C1_N3_n50_di0_scale1,C1_N3_n50,One skewed population,50,50,0.0300000000000003,0.0299999999993568,0.0,1.729791843220617,normal_wald,Normal Wald,5000,5000,1.0,151,0.0302,0.025805195409526,0.0353161373380495
CURVE_CURVE_C1_N3_n50_di0_scale1,C1_N3_n50,One skewed population,50,50,0.0300000000000003,0.0299999999993568,0.0,1.729791843220617,simple_welch,Simple Welch,5000,5000,1.0,134,0.0268,0.022673845890277,0.031652707230525
CURVE_CURVE_C1_N3_n50_di1em05_scale1,C1_N3_n50,One skewed population,50,50,0.0300000000000003,0.0300099999993583,1e-05,1.7294941411931255,constrained_lr,Constrained LR,5000,5000,1.0,237,0.0474,0.0418495843205746,0.053645339480091
CURVE_CURVE_C1_N3_n50_di1em05_scale1,C1_N3_n50,One skewed population,50,50,0.0300000000000003,0.0300099999993583,1e-05,1.7294941411931255,expanded_welch,Expanded Welch,5000,4983,0.9966,93,0.0186634557495484,0.0152598545629767,0.0228086223253157
CURVE_CURVE_C1_N3_n50_di1em05_scale1,C1_N3_n50,One skewed population,50,50,0.0300000000000003,0.0300099999993583,1e-05,1.7294941411931255,normal_wald,Normal Wald,5000,5000,1.0,155,0.031,0.0265443864926137,0.0361757179318497
CURVE_CURVE_C1_N3_n50_di1em05_scale1,C1_N3_n50,One skewed population,50,50,0.0300000000000003,0.0300099999993583,1e-05,1.7294941411931255,simple_welch,Simple Welch,5000,5000,1.0,138,0.0276,0.0234090601912025,0.0325162646064874
CURVE_CURVE_C1_N3_n50_di0p0001_scale1,C1_N3_n50,One skewed population,50,50,0.0300000000000003,0.0300999999993741,0.0001,1.726817192298848,constrained_lr,Constrained LR,5000,5000,1.0,230,0.046,0.0405337873353778,0.052163286030734
CURVE_CURVE_C1_N3_n50_di0p0001_scale1,C1_N3_n50,One skewed population,50,50,0.0300000000000003,0.0300999999993741,0.0001,1.726817192298848,expanded_welch,Expanded Welch,5000,4967,0.9934,90,0.0181195892893094,0.0147653591621961,0.0222186123331066
CURVE_CURVE_C1_N3_n50_di0p0001_scale1,C1_N3_n50,One skewed population,50,50,0.0300000000000003,0.0300999999993741,0.0001,1.726817192298848,normal_wald,Normal Wald,5000,5000,1.0,169,0.0338,0.0291380055724029,0.0391777997211683
CURVE_CURVE_C1_N3_n50_di0p0001_scale1,C1_N3_n50,One skewed population,50,50,0.0300000000000003,0.0300999999993741,0.0001,1.726817192298848,simple_welch,Simple Welch,5000,5000,1.0,152,0.0304,0.0259899123257857,0.0355311133410118
CURVE_CURVE_C1_N3_n50_di0p001_scale1,C1_N3_n50,One skewed population,50,50,0.0300000000000003,0.0309999999994938,0.001,1.7002787643741166,constrained_lr,Constrained LR,5000,5000,1.0,218,0.0436,0.038281587437894,0.0496191708975541
CURVE_CURVE_C1_N3_n50_di0p001_scale1,C1_N3_n50,One skewed population,50,50,0.0300000000000003,0.0309999999994938,0.001,1.7002787643741166,expanded_welch,Expanded Welch,5000,4966,0.9932,78,0.0157068062827225,0.0126040640198798,0.0195582212652976
CURVE_CURVE_C1_N3_n50_di0p001_scale1,C1_N3_n50,One skewed population,50,50,0.0300000000000003,0.0309999999994938,0.001,1.7002787643741166,normal_wald,Normal Wald,5000,5000,1.0,150,0.03,0.0256205332549515,0.0351011065734021
CURVE_CURVE_C1_N3_n50_di0p001_scale1,C1_N3_n50,One skewed population,50,50,0.0300000000000003,0.0309999999994938,0.001,1.7002787643741166,simple_welch,Simple Welch,5000,5000,1.0,136,0.0272,0.0230413256257065,0.0320846133335394
CURVE_CURVE_C1_N3_n50_di0p005_scale1,C1_N3_n50,One skewed population,50,50,0.0300000000000003,0.0349999999996594,0.005,1.587063986477207,constrained_lr,Constrained LR,5000,5000,1.0,244,0.0488,0.0431667882318987,0.0551259860033208
CURVE_CURVE_C1_N3_n50_di0p005_scale1,C1_N3_n50,One skewed population,50,50,0.0300000000000003,0.0349999999996594,0.005,1.587063986477207,expanded_welch,Expanded Welch,5000,4968,0.9936,106,0.0213365539452496,0.0176727099220675,0.0257400699520298
CURVE_CURVE_C1_N3_n50_di0p005_scale1,C1_N3_n50,One skewed population,50,50,0.0300000000000003,0.0349999999996594,0.005,1.587063986477207,normal_wald,Normal Wald,5000,5000,1.0,175,0.035,0.0302524178660647,0.0404615449428384
CURVE_CURVE_C1_N3_n50_di0p005_scale1,C1_N3_n50,One skewed population,50,50,0.0300000000000003,0.0349999999996594,0.005,1.587063986477207,simple_welch,Simple Welch,5000,5000,1.0,164,0.0328,0.0282106057011778,0.0381067349962835
CURVE_CURVE_C1_N3_n50_di0p01_scale1,C1_N3_n50,One skewed population,50,50,0.0300000000000003,0.0399999999996772,0.01,1.4550891974529974,constrained_lr,Constrained LR,5000,5000,1.0,275,0.055,0.0490156477693742,0.0616676069617265
CURVE_CURVE_C1_N3_n50_di0p01_scale1,C1_N3_n50,One skewed population,50,50,0.0300000000000003,0.0399999999996772,0.01,1.4550891974529974,expanded_welch,Expanded Welch,5000,4973,0.9946,130,0.0261411622762919,0.0220590186721547,0.0309548177145911
CURVE_CURVE_C1_N3_n50_di0p01_scale1,C1_N3_n50,One skewed population,50,50,0.0300000000000003,0.0399999999996772,0.01,1.4550891974529974,normal_wald,Normal Wald,5000,5000,1.0,223,0.0446,0.0392194585074783,0.0506797644240797
CURVE_CURVE_C1_N3_n50_di0p01_scale1,C1_N3_n50,One skewed population,50,50,0.0300000000000003,0.0399999999996772,0.01,1.4550891974529974,simple_welch,Simple Welch,5000,5000,1.0,202,0.0404,0.0352859684033311,0.0462197032245654
CURVE_CURVE_C1_N3_n50_di0p02_scale1,C1_N3_n50,One skewed population,50,50,0.0300000000000003,0.0499999999996781,0.02,1.216827929185016,constrained_lr,Constrained LR,5000,5000,1.0,323,0.0646,0.0581150543481392,0.0717534605056165
CURVE_CURVE_C1_N3_n50_di0p02_scale1,C1_N3_n50,One skewed population,50,50,0.0300000000000003,0.0499999999996781,0.02,1.216827929185016,expanded_welch,Expanded Welch,5000,4966,0.9932,174,0.0350382601691502,0.0302728920236111,0.0405224163853182
CURVE_CURVE_C1_N3_n50_di0p02_scale1,C1_N3_n50,One skewed population,50,50,0.0300000000000003,0.0499999999996781,0.02,1.216827929185016,normal_wald,Normal Wald,5000,5000,1.0,279,0.0558,0.0497720485271196,0.0625099778808691
CURVE_CURVE_C1_N3_n50_di0p02_scale1,C1_N3_n50,One skewed population,50,50,0.0300000000000003,0.0499999999996781,0.02,1.216827929185016,simple_welch,Simple Welch,5000,5000,1.0,261,0.0522,0.0463712280942276,0.0587163257677655
CURVE_CURVE_C1_N3_n50_di0p05_scale1,C1_N3_n50,One skewed population,50,50,0.0300000000000003,0.0799999999996817,0.05,0.6457613112633702,constrained_lr,Constrained LR,5000,5000,1.0,689,0.1378,0.1285235403637324,0.147632582925267
CURVE_CURVE_C1_N3_n50_di0p05_scale1,C1_N3_n50,One skewed population,50,50,0.0300000000000003,0.0799999999996817,0.05,0.6457613112633702,expanded_welch,Expanded Welch,5000,4968,0.9936,461,0.0927938808373591,0.0850374131838785,0.1011795984583835
CURVE_CURVE_C1_N3_n50_di0p05_scale1,C1_N3_n50,One skewed population,50,50,0.0300000000000003,0.0799999999996817,0.05,0.6457613112633702,normal_wald,Normal Wald,5000,5000,1.0,672,0.1344,0.1252260094105824,0.1441353342516433
CURVE_CURVE_C1_N3_n50_di0p05_scale1,C1_N3_n50,One skewed population,50,50,0.0300000000000003,0.0799999999996817,0.05,0.6457613112633702,simple_welch,Simple Welch,5000,5000,1.0,632,0.1264,0.1174751770806245,0.1358984498127222
CURVE_CURVE_C1_N3_n50_di0p1_scale1,C1_N3_n50,One skewed population,50,50,0.0300000000000003,0.1299999999996715,0.1,0.0277369951092842,constrained_lr,Constrained LR,5000,5000,1.0,1400,0.28,0.2677271406346849,0.2926106482211403
CURVE_CURVE_C1_N3_n50_di0p1_scale1,C1_N3_n50,One skewed population,50,50,0.0300000000000003,0.1299999999996715,0.1,0.0277369951092842,expanded_welch,Expanded Welch,5000,4971,0.9942,1172,0.2357674512170589,0.2241743078403265,0.2477686632583463
CURVE_CURVE_C1_N3_n50_di0p1_scale1,C1_N3_n50,One skewed population,50,50,0.0300000000000003,0.1299999999996715,0.1,0.0277369951092842,normal_wald,Normal Wald,5000,5000,1.0,1540,0.308,0.2953549538093282,0.3209398437375738
CURVE_CURVE_C1_N3_n50_di0p1_scale1,C1_N3_n50,One skewed population,50,50,0.0300000000000003,0.1299999999996715,0.1,0.0277369951092842,simple_welch,Simple Welch,5000,5000,1.0,1488,0.2976,0.2850865180283601,0.310424247718999
CURVE_CURVE_C1_N6_n100_di0_scale1,C1_N6_n100,"Sparse, smaller sample",100,100,0.0049999999999995,0.0050000000005256,0.0,0.2426292361569769,constrained_lr,Constrained LR,5000,5000,1.0,63,0.0126,0.0098611129963593,0.0160872428596823
CURVE_CURVE_C1_N6_n100_di0_scale1,C1_N6_n100,"Sparse, smaller sample",100,100,0.0049999999999995,0.0050000000005256,0.0,0.2426292361569769,expanded_welch,Expanded Welch,5000,4969,0.9938,41,0.0082511571744817,0.0060882675135924,0.0111737866925457
CURVE_CURVE_C1_N6_n100_di0_scale1,C1_N6_n100,"Sparse, smaller sample",100,100,0.0049999999999995,0.0050000000005256,0.0,0.2426292361569769,normal_wald,Normal Wald,5000,5000,1.0,354,0.0708,0.0640151703735282,0.0782438249761088
CURVE_CURVE_C1_N6_n100_di0_scale1,C1_N6_n100,"Sparse, smaller sample",100,100,0.0049999999999995,0.0050000000005256,0.0,0.2426292361569769,simple_welch,Simple Welch,5000,5000,1.0,349,0.0698,0.0630624229620177,0.0771981077915093
CURVE_CURVE_C1_N6_n100_di1em05_scale1,C1_N6_n100,"Sparse, smaller sample",100,100,0.0049999999999995,0.00501000000053,1e-05,0.2420195044984824,constrained_lr,Constrained LR,5000,5000,1.0,63,0.0126,0.0098611129963593,0.0160872428596823
CURVE_CURVE_C1_N6_n100_di1em05_scale1,C1_N6_n100,"Sparse, smaller sample",100,100,0.0049999999999995,0.00501000000053,1e-05,0.2420195044984824,expanded_welch,Expanded Welch,5000,4969,0.9938,31,0.006238679814852,0.0043986809485139,0.0088415277663459
CURVE_CURVE_C1_N6_n100_di1em05_scale1,C1_N6_n100,"Sparse, smaller sample",100,100,0.0049999999999995,0.00501000000053,1e-05,0.2420195044984824,normal_wald,Normal Wald,5000,4998,0.9996,340,0.0680272108843537,0.0613731662079447,0.0753447734650025
CURVE_CURVE_C1_N6_n100_di1em05_scale1,C1_N6_n100,"Sparse, smaller sample",100,100,0.0049999999999995,0.00501000000053,1e-05,0.2420195044984824,simple_welch,Simple Welch,5000,4998,0.9996,333,0.0666266506602641,0.0600405717627772,0.0738783987474606
CURVE_CURVE_C1_N6_n100_di0p0001_scale1,C1_N6_n100,"Sparse, smaller sample",100,100,0.0049999999999995,0.0051000000005669,0.0001,0.2365764518655113,constrained_lr,Constrained LR,5000,5000,1.0,40,0.008,0.0058806817250996,0.0108747369888365
CURVE_CURVE_C1_N6_n100_di0p0001_scale1,C1_N6_n100,"Sparse, smaller sample",100,100,0.0049999999999995,0.0051000000005669,0.0001,0.2365764518655113,expanded_welch,Expanded Welch,5000,4965,0.993,25,0.0050352467270896,0.003413008121084,0.0074228092956931
CURVE_CURVE_C1_N6_n100_di0p0001_scale1,C1_N6_n100,"Sparse, smaller sample",100,100,0.0049999999999995,0.0051000000005669,0.0001,0.2365764518655113,normal_wald,Normal Wald,5000,5000,1.0,286,0.0572,0.0510966231678006,0.063983253674742
CURVE_CURVE_C1_N6_n100_di0p0001_scale1,C1_N6_n100,"Sparse, smaller sample",100,100,0.0049999999999995,0.0051000000005669,0.0001,0.2365764518655113,simple_welch,Simple Welch,5000,5000,1.0,281,0.0562,0.0501503861434922,0.0629310261029404
CURVE_CURVE_C1_N6_n100_di0p001_scale1,C1_N6_n100,"Sparse, smaller sample",100,100,0.0049999999999995,0.006000000000262,0.001,0.1862243132160513,constrained_lr,Constrained LR,5000,5000,1.0,53,0.0106,0.00811345161522,0.0138379750486018
CURVE_CURVE_C1_N6_n100_di0p001_scale1,C1_N6_n100,"Sparse, smaller sample",100,100,0.0049999999999995,0.006000000000262,0.001,0.1862243132160513,expanded_welch,Expanded Welch,5000,4977,0.9954,38,0.0076351215591721,0.0055678577050226,0.0104618552422347
CURVE_CURVE_C1_N6_n100_di0p001_scale1,C1_N6_n100,"Sparse, smaller sample",100,100,0.0049999999999995,0.006000000000262,0.001,0.1862243132160513,normal_wald,Normal Wald,5000,5000,1.0,312,0.0624,0.0560256398051145,0.0694462529371994
CURVE_CURVE_C1_N6_n100_di0p001_scale1,C1_N6_n100,"Sparse, smaller sample",100,100,0.0049999999999995,0.006000000000262,0.001,0.1862243132160513,simple_welch,Simple Welch,5000,5000,1.0,307,0.0614,0.0550766787752417,0.0683967493709623
CURVE_CURVE_C1_N6_n100_di0p005_scale1,C1_N6_n100,"Sparse, smaller sample",100,100,0.0049999999999995,0.0100000000001962,0.005,0.0311902378266299,constrained_lr,Constrained LR,5000,5000,1.0,59,0.0118,0.0091594219227062,0.0151901622564475
CURVE_CURVE_C1_N6_n100_di0p005_scale1,C1_N6_n100,"Sparse, smaller sample",100,100,0.0049999999999995,0.0100000000001962,0.005,0.0311902378266299,expanded_welch,Expanded Welch,5000,4978,0.9956,52,0.0104459622338288,0.007975092756799,0.0136718142578257
CURVE_CURVE_C1_N6_n100_di0p005_scale1,C1_N6_n100,"Sparse, smaller sample",100,100,0.0049999999999995,0.0100000000001962,0.005,0.0311902378266299,normal_wald,Normal Wald,5000,5000,1.0,447,0.0894,0.0818034445200788,0.097626992317202
CURVE_CURVE_C1_N6_n100_di0p005_scale1,C1_N6_n100,"Sparse, smaller sample",100,100,0.0049999999999995,0.0100000000001962,0.005,0.0311902378266299,simple_welch,Simple Welch,5000,5000,1.0,432,0.0864,0.0789265393232594,0.0945085037256918
CURVE_CURVE_C1_N6_n200_di0_scale1,C1_N6_n200,"Sparse, larger sample",200,200,0.0049999999999995,0.0050000000005256,0.0,0.4852584723139538,constrained_lr,Constrained LR,5000,5000,1.0,96,0.0192,0.0157490175491222,0.0233892046412446
CURVE_CURVE_C1_N6_n200_di0_scale1,C1_N6_n200,"Sparse, larger sample",200,200,0.0049999999999995,0.0050000000005256,0.0,0.4852584723139538,expanded_welch,Expanded Welch,5000,5000,1.0,210,0.042,0.036782686294686,0.0479205286869863
CURVE_CURVE_C1_N6_n200_di0_scale1,C1_N6_n200,"Sparse, larger sample",200,200,0.0049999999999995,0.0050000000005256,0.0,0.4852584723139538,normal_wald,Normal Wald,5000,5000,1.0,694,0.1388,0.1294937765223104,0.1486608113627989
CURVE_CURVE_C1_N6_n200_di0_scale1,C1_N6_n200,"Sparse, larger sample",200,200,0.0049999999999995,0.0050000000005256,0.0,0.4852584723139538,simple_welch,Simple Welch,5000,5000,1.0,689,0.1378,0.1285235403637324,0.147632582925267
CURVE_CURVE_C1_N6_n200_di1em05_scale1,C1_N6_n200,"Sparse, larger sample",200,200,0.0049999999999995,0.00501000000053,1e-05,0.4840390089969648,constrained_lr,Constrained LR,5000,5000,1.0,96,0.0192,0.0157490175491222,0.0233892046412446
CURVE_CURVE_C1_N6_n200_di1em05_scale1,C1_N6_n200,"Sparse, larger sample",200,200,0.0049999999999995,0.00501000000053,1e-05,0.4840390089969648,expanded_welch,Expanded Welch,5000,5000,1.0,166,0.0332,0.0285814227402997,0.0385353037956056
CURVE_CURVE_C1_N6_n200_di1em05_scale1,C1_N6_n200,"Sparse, larger sample",200,200,0.0049999999999995,0.00501000000053,1e-05,0.4840390089969648,normal_wald,Normal Wald,5000,5000,1.0,667,0.1334,0.1242565277745316,0.1431063512915842
CURVE_CURVE_C1_N6_n200_di1em05_scale1,C1_N6_n200,"Sparse, larger sample",200,200,0.0049999999999995,0.00501000000053,1e-05,0.4840390089969648,simple_welch,Simple Welch,5000,5000,1.0,666,0.1332,0.1240626524969834,0.1429005336499105
CURVE_CURVE_C1_N6_n200_di0p0001_scale1,C1_N6_n200,"Sparse, larger sample",200,200,0.0049999999999995,0.0051000000005669,0.0001,0.4731529037310227,constrained_lr,Constrained LR,5000,5000,1.0,100,0.02,0.0164719923316524,0.0242650015356024
CURVE_CURVE_C1_N6_n200_di0p0001_scale1,C1_N6_n200,"Sparse, larger sample",200,200,0.0049999999999995,0.0051000000005669,0.0001,0.4731529037310227,expanded_welch,Expanded Welch,5000,5000,1.0,181,0.0362,0.0313684246782737,0.0417436956459612
CURVE_CURVE_C1_N6_n200_di0p0001_scale1,C1_N6_n200,"Sparse, larger sample",200,200,0.0049999999999995,0.0051000000005669,0.0001,0.4731529037310227,normal_wald,Normal Wald,5000,5000,1.0,656,0.1312,0.1221242895772891,0.140841967377385
CURVE_CURVE_C1_N6_n200_di0p0001_scale1,C1_N6_n200,"Sparse, larger sample",200,200,0.0049999999999995,0.0051000000005669,0.0001,0.4731529037310227,simple_welch,Simple Welch,5000,5000,1.0,655,0.131,0.1219304925715274,0.1406360714639247
CURVE_CURVE_C1_N6_n200_di0p001_scale1,C1_N6_n200,"Sparse, larger sample",200,200,0.0049999999999995,0.006000000000262,0.001,0.3724486264321026,constrained_lr,Constrained LR,5000,5000,1.0,104,0.0208,0.0171965606217459,0.0251392049223968
CURVE_CURVE_C1_N6_n200_di0p001_scale1,C1_N6_n200,"Sparse, larger sample",200,200,0.0049999999999995,0.006000000000262,0.001,0.3724486264321026,expanded_welch,Expanded Welch,5000,4999,0.9998,215,0.043008601720344,0.0377268158497931,0.0489921942151315
CURVE_CURVE_C1_N6_n200_di0p001_scale1,C1_N6_n200,"Sparse, larger sample",200,200,0.0049999999999995,0.006000000000262,0.001,0.3724486264321026,normal_wald,Normal Wald,5000,5000,1.0,770,0.154,0.1442611340422191,0.1642701157037604
CURVE_CURVE_C1_N6_n200_di0p001_scale1,C1_N6_n200,"Sparse, larger sample",200,200,0.0049999999999995,0.006000000000262,0.001,0.3724486264321026,simple_welch,Simple Welch,5000,5000,1.0,765,0.153,0.1432885056360144,0.1632442795138552
CURVE_CURVE_C1_N6_n200_di0p005_scale1,C1_N6_n200,"Sparse, larger sample",200,200,0.0049999999999995,0.0100000000001962,0.005,0.0623804756532599,constrained_lr,Constrained LR,5000,5000,1.0,78,0.0156,0.012518237134049,0.0194255125103222
CURVE_CURVE_C1_N6_n200_di0p005_scale1,C1_N6_n200,"Sparse, larger sample",200,200,0.0049999999999995,0.0100000000001962,0.005,0.0623804756532599,expanded_welch,Expanded Welch,5000,5000,1.0,331,0.0662,0.0596360464711473,0.0734300117363842
CURVE_CURVE_C1_N6_n200_di0p005_scale1,C1_N6_n200,"Sparse, larger sample",200,200,0.0049999999999995,0.0100000000001962,0.005,0.0623804756532599,normal_wald,Normal Wald,5000,5000,1.0,1030,0.206,0.1950177008295207,0.2174337079141729
CURVE_CURVE_C1_N6_n200_di0p005_scale1,C1_N6_n200,"Sparse, larger sample",200,200,0.0049999999999995,0.0100000000001962,0.005,0.0623804756532599,simple_welch,Simple Welch,5000,5000,1.0,1024,0.2048,0.1938428443159306,0.2162104069124311
CURVE_CURVE_C1_N7_n1000_di0_scale1,C1_N7_n1000,Ultra-rare categories,1000,1000,0.0005000000000022,0.0005,0.0,0.2799080495525302,constrained_lr,Constrained LR,5000,5000,1.0,29,0.0058,0.0040414579702536,0.0083173386322407
CURVE_CURVE_C1_N7_n1000_di0_scale1,C1_N7_n1000,Ultra-rare categories,1000,1000,0.0005000000000022,0.0005,0.0,0.2799080495525302,expanded_welch,Expanded Welch,5000,4271,0.8542,0,0.0,0.0,0.0008986201845609
CURVE_CURVE_C1_N7_n1000_di0_scale1,C1_N7_n1000,Ultra-rare categories,1000,1000,0.0005000000000022,0.0005,0.0,0.2799080495525302,normal_wald,Normal Wald,5000,4997,0.9994,11,0.0022013207924754,0.0012296534563953,0.0039377686731572
CURVE_CURVE_C1_N7_n1000_di0_scale1,C1_N7_n1000,Ultra-rare categories,1000,1000,0.0005000000000022,0.0005,0.0,0.2799080495525302,simple_welch,Simple Welch,5000,4997,0.9994,10,0.0020012007204322,0.0010873995107237,0.0036800899242075
CURVE_CURVE_C1_N7_n1000_di1em05_scale1,C1_N7_n1000,Ultra-rare categories,1000,1000,0.0005000000000022,0.0005099999999999,1e-05,0.2834621651309127,constrained_lr,Constrained LR,5000,5000,1.0,27,0.0054,0.0037139414817381,0.0078454692823123
CURVE_CURVE_C1_N7_n1000_di1em05_scale1,C1_N7_n1000,Ultra-rare categories,1000,1000,0.0005000000000022,0.0005099999999999,1e-05,0.2834621651309127,expanded_welch,Expanded Welch,5000,4253,0.8506,0,0.0,0.0,0.0009024199885889
CURVE_CURVE_C1_N7_n1000_di1em05_scale1,C1_N7_n1000,Ultra-rare categories,1000,1000,0.0005000000000022,0.0005099999999999,1e-05,0.2834621651309127,normal_wald,Normal Wald,5000,4983,0.9966,17,0.0034115994380895,0.0021311863941103,0.005457075461249
CURVE_CURVE_C1_N7_n1000_di1em05_scale1,C1_N7_n1000,Ultra-rare categories,1000,1000,0.0005000000000022,0.0005099999999999,1e-05,0.2834621651309127,simple_welch,Simple Welch,5000,4983,0.9966,17,0.0034115994380895,0.0021311863941103,0.005457075461249
CURVE_CURVE_C1_N7_n1000_di0p0001_scale1,C1_N7_n1000,Ultra-rare categories,1000,1000,0.0005000000000022,0.0006,0.0001,0.3053664260238946,constrained_lr,Constrained LR,5000,5000,1.0,35,0.007,0.0050376350941031,0.0097193190237231
CURVE_CURVE_C1_N7_n1000_di0p0001_scale1,C1_N7_n1000,Ultra-rare categories,1000,1000,0.0005000000000022,0.0006,0.0001,0.3053664260238946,expanded_welch,Expanded Welch,5000,4273,0.8546,0,0.0,5.421010862427522e-20,0.0008981999584696
CURVE_CURVE_C1_N7_n1000_di0p0001_scale1,C1_N7_n1000,Ultra-rare categories,1000,1000,0.0005000000000022,0.0006,0.0001,0.3053664260238946,normal_wald,Normal Wald,5000,4989,0.9978,16,0.0032070555221487,0.0019750750277174,0.0052034943533259
CURVE_CURVE_C1_N7_n1000_di0p0001_scale1,C1_N7_n1000,Ultra-rare categories,1000,1000,0.0005000000000022,0.0006,0.0001,0.3053664260238946,simple_welch,Simple Welch,5000,4989,0.9978,16,0.0032070555221487,0.0019750750277174,0.0052034943533259
CURVE_CURVE_C1_N7_n1000_di0p001_scale1,C1_N7_n1000,Ultra-rare categories,1000,1000,0.0005000000000022,0.0014999999999269,0.001,0.3053664260238946,constrained_lr,Constrained LR,5000,5000,1.0,117,0.0234,0.0195613967959093,0.0279703766981191
CURVE_CURVE_C1_N7_n1000_di0p001_scale1,C1_N7_n1000,Ultra-rare categories,1000,1000,0.0005000000000022,0.0014999999999269,0.001,0.3053664260238946,expanded_welch,Expanded Welch,5000,4301,0.8602,1,0.0002325040688212,4.104385635770387e-05,0.0013159071200191
CURVE_CURVE_C1_N7_n1000_di0p001_scale1,C1_N7_n1000,Ultra-rare categories,1000,1000,0.0005000000000022,0.0014999999999269,0.001,0.3053664260238946,normal_wald,Normal Wald,5000,4990,0.998,11,0.0022044088176352,0.0012313790236655,0.0039432864185162
CURVE_CURVE_C1_N7_n1000_di0p001_scale1,C1_N7_n1000,Ultra-rare categories,1000,1000,0.0005000000000022,0.0014999999999269,0.001,0.3053664260238946,simple_welch,Simple Welch,5000,4990,0.998,11,0.0022044088176352,0.0012313790236655,0.0039432864185162
CURVE_CURVE_C1_N7_n1000_di0p005_scale1,C1_N7_n1000,Ultra-rare categories,1000,1000,0.0005000000000022,0.0054999999999981,0.005,0.3053664260238946,constrained_lr,Constrained LR,5000,5000,1.0,820,0.164,0.1539953193125533,0.1745205763945251
CURVE_CURVE_C1_N7_n1000_di0p005_scale1,C1_N7_n1000,Ultra-rare categories,1000,1000,0.0005000000000022,0.0054999999999981,0.005,0.3053664260238946,expanded_welch,Expanded Welch,5000,4265,0.853,40,0.0093786635404454,0.0068951914669092,0.0127451394353904
CURVE_CURVE_C1_N7_n1000_di0p005_scale1,C1_N7_n1000,Ultra-rare categories,1000,1000,0.0005000000000022,0.0054999999999981,0.005,0.3053664260238946,normal_wald,Normal Wald,5000,4991,0.9982,153,0.030655179322781,0.0262219821456735,0.0358103088439686
CURVE_CURVE_C1_N7_n1000_di0p005_scale1,C1_N7_n1000,Ultra-rare categories,1000,1000,0.0005000000000022,0.0054999999999981,0.005,0.3053664260238946,simple_welch,Simple Welch,5000,4991,0.9982,153,0.030655179322781,0.0262219821456735,0.0358103088439686
CURVE_CURVE_C2_N0_np20_nq200_di0_scale1,C2_N0_np20_nq200,"Balanced, unequal samples",20,200,0.0999999999999998,0.0999999999999998,0.0,2.8020537383859043,constrained_lr,Constrained LR,5000,5000,1.0,299,0.0598,0.0535593826363599,0.0667165021560683
CURVE_CURVE_C2_N0_np20_nq200_di0_scale1,C2_N0_np20_nq200,"Balanced, unequal samples",20,200,0.0999999999999998,0.0999999999999998,0.0,2.8020537383859043,expanded_welch,Expanded Welch,5000,4993,0.9986,276,0.0552773883436811,0.0492739024379247,0.0619646596420253
CURVE_CURVE_C2_N0_np20_nq200_di0_scale1,C2_N0_np20_nq200,"Balanced, unequal samples",20,200,0.0999999999999998,0.0999999999999998,0.0,2.8020537383859043,normal_wald,Normal Wald,5000,5000,1.0,859,0.1718,0.1615974980163304,0.1825064215404051
CURVE_CURVE_C2_N0_np20_nq200_di0_scale1,C2_N0_np20_nq200,"Balanced, unequal samples",20,200,0.0999999999999998,0.0999999999999998,0.0,2.8020537383859043,simple_welch,Simple Welch,5000,5000,1.0,807,0.1614,0.1514630786842545,0.1718568090729381
CURVE_CURVE_C2_N0_np20_nq200_di1em05_scale1,C2_N0_np20_nq200,"Balanced, unequal samples",20,200,0.0999999999999998,0.1000099999999994,1e-05,2.8020537383859043,constrained_lr,Constrained LR,5000,5000,1.0,316,0.0632,0.0567851600042878,0.070285504414914
CURVE_CURVE_C2_N0_np20_nq200_di1em05_scale1,C2_N0_np20_nq200,"Balanced, unequal samples",20,200,0.0999999999999998,0.1000099999999994,1e-05,2.8020537383859043,expanded_welch,Expanded Welch,5000,4995,0.999,292,0.0584584584584584,0.0522852793960939,0.0653102602230752
CURVE_CURVE_C2_N0_np20_nq200_di1em05_scale1,C2_N0_np20_nq200,"Balanced, unequal samples",20,200,0.0999999999999998,0.1000099999999994,1e-05,2.8020537383859043,normal_wald,Normal Wald,5000,5000,1.0,859,0.1718,0.1615974980163304,0.1825064215404051
CURVE_CURVE_C2_N0_np20_nq200_di1em05_scale1,C2_N0_np20_nq200,"Balanced, unequal samples",20,200,0.0999999999999998,0.1000099999999994,1e-05,2.8020537383859043,simple_welch,Simple Welch,5000,5000,1.0,810,0.162,0.1520473592465263,0.1724716072683323
CURVE_CURVE_C2_N0_np20_nq200_di0p0001_scale1,C2_N0_np20_nq200,"Balanced, unequal samples",20,200,0.0999999999999998,0.1000999999999998,0.0001,2.8020537383859043,constrained_lr,Constrained LR,5000,5000,1.0,292,0.0584,0.0522328329905502,0.0652452013673242
CURVE_CURVE_C2_N0_np20_nq200_di0p0001_scale1,C2_N0_np20_nq200,"Balanced, unequal samples",20,200,0.0999999999999998,0.1000999999999998,0.0001,2.8020537383859043,expanded_welch,Expanded Welch,5000,4992,0.9984,279,0.055889423076923,0.0498520510812357,0.0626097761107986
CURVE_CURVE_C2_N0_np20_nq200_di0p0001_scale1,C2_N0_np20_nq200,"Balanced, unequal samples",20,200,0.0999999999999998,0.1000999999999998,0.0001,2.8020537383859043,normal_wald,Normal Wald,5000,5000,1.0,847,0.1694,0.1592575109198049,0.1800500936062669
CURVE_CURVE_C2_N0_np20_nq200_di0p0001_scale1,C2_N0_np20_nq200,"Balanced, unequal samples",20,200,0.0999999999999998,0.1000999999999998,0.0001,2.8020537383859043,simple_welch,Simple Welch,5000,5000,1.0,785,0.157,0.1471798968290042,0.167346746705305
CURVE_CURVE_C2_N0_np20_nq200_di0p001_scale1,C2_N0_np20_nq200,"Balanced, unequal samples",20,200,0.0999999999999998,0.1010000000000002,0.001,2.8020537383859043,constrained_lr,Constrained LR,5000,5000,1.0,319,0.0638,0.0573550015033846,0.0709147416734832
CURVE_CURVE_C2_N0_np20_nq200_di0p001_scale1,C2_N0_np20_nq200,"Balanced, unequal samples",20,200,0.0999999999999998,0.1010000000000002,0.001,2.8020537383859043,expanded_welch,Expanded Welch,5000,4990,0.998,286,0.057314629258517,0.0511993335464634,0.0641109868890355
CURVE_CURVE_C2_N0_np20_nq200_di0p001_scale1,C2_N0_np20_nq200,"Balanced, unequal samples",20,200,0.0999999999999998,0.1010000000000002,0.001,2.8020537383859043,normal_wald,Normal Wald,5000,5000,1.0,870,0.174,0.1637431385021064,0.1847574031660708
CURVE_CURVE_C2_N0_np20_nq200_di0p001_scale1,C2_N0_np20_nq200,"Balanced, unequal samples",20,200,0.0999999999999998,0.1010000000000002,0.001,2.8020537383859043,simple_welch,Simple Welch,5000,5000,1.0,830,0.166,0.1559438242475621,0.176569000651736
CURVE_CURVE_C2_N0_np20_nq200_di0p005_scale1,C2_N0_np20_nq200,"Balanced, unequal samples",20,200,0.0999999999999998,0.1049999999999999,0.005,2.8020537383859043,constrained_lr,Constrained LR,5000,5000,1.0,295,0.059,0.0528012279879004,0.0658758851276399
CURVE_CURVE_C2_N0_np20_nq200_di0p005_scale1,C2_N0_np20_nq200,"Balanced, unequal samples",20,200,0.0999999999999998,0.1049999999999999,0.005,2.8020537383859043,expanded_welch,Expanded Welch,5000,4992,0.9984,245,0.0490785256410256,0.0434247442919798,0.0554257622525711
CURVE_CURVE_C2_N0_np20_nq200_di0p005_scale1,C2_N0_np20_nq200,"Balanced, unequal samples",20,200,0.0999999999999998,0.1049999999999999,0.005,2.8020537383859043,normal_wald,Normal Wald,5000,5000,1.0,837,0.1674,0.1573080976692819,0.1780025776645701
CURVE_CURVE_C2_N0_np20_nq200_di0p005_scale1,C2_N0_np20_nq200,"Balanced, unequal samples",20,200,0.0999999999999998,0.1049999999999999,0.005,2.8020537383859043,simple_welch,Simple Welch,5000,5000,1.0,781,0.1562,0.1464014324555173,0.1665264394019039
CURVE_CURVE_C2_N0_np20_nq200_di0p01_scale1,C2_N0_np20_nq200,"Balanced, unequal samples",20,200,0.0999999999999998,0.1100000000000001,0.01,2.8020537383859043,constrained_lr,Constrained LR,5000,5000,1.0,307,0.0614,0.0550766787752417,0.0683967493709623
CURVE_CURVE_C2_N0_np20_nq200_di0p01_scale1,C2_N0_np20_nq200,"Balanced, unequal samples",20,200,0.0999999999999998,0.1100000000000001,0.01,2.8020537383859043,expanded_welch,Expanded Welch,5000,4990,0.998,257,0.051503006012024,0.0457082431399314,0.0579877718599086
CURVE_CURVE_C2_N0_np20_nq200_di0p01_scale1,C2_N0_np20_nq200,"Balanced, unequal samples",20,200,0.0999999999999998,0.1100000000000001,0.01,2.8020537383859043,normal_wald,Normal Wald,5000,5000,1.0,861,0.1722,0.1619875683575926,0.1829157370375868
CURVE_CURVE_C2_N0_np20_nq200_di0p01_scale1,C2_N0_np20_nq200,"Balanced, unequal samples",20,200,0.0999999999999998,0.1100000000000001,0.01,2.8020537383859043,simple_welch,Simple Welch,5000,5000,1.0,811,0.1622,0.1522421305044278,0.1726765289296528
CURVE_CURVE_C2_N0_np20_nq200_di0p02_scale1,C2_N0_np20_nq200,"Balanced, unequal samples",20,200,0.0999999999999998,0.1199999999999998,0.02,2.8020537383859043,constrained_lr,Constrained LR,5000,5000,1.0,292,0.0584,0.0522328329905502,0.0652452013673242
CURVE_CURVE_C2_N0_np20_nq200_di0p02_scale1,C2_N0_np20_nq200,"Balanced, unequal samples",20,200,0.0999999999999998,0.1199999999999998,0.02,2.8020537383859043,expanded_welch,Expanded Welch,5000,4988,0.9976,240,0.0481154771451483,0.0425162504281139,0.0544101970185964
CURVE_CURVE_C2_N0_np20_nq200_di0p02_scale1,C2_N0_np20_nq200,"Balanced, unequal samples",20,200,0.0999999999999998,0.1199999999999998,0.02,2.8020537383859043,normal_wald,Normal Wald,5000,5000,1.0,928,0.1856,0.1750664672075968,0.1966162637754551
CURVE_CURVE_C2_N0_np20_nq200_di0p02_scale1,C2_N0_np20_nq200,"Balanced, unequal samples",20,200,0.0999999999999998,0.1199999999999998,0.02,2.8020537383859043,simple_welch,Simple Welch,5000,5000,1.0,875,0.175,0.1647186332663361,0.185780372997951
CURVE_CURVE_C2_N0_np20_nq200_di0p05_scale1,C2_N0_np20_nq200,"Balanced, unequal samples",20,200,0.0999999999999998,0.149999999999443,0.05,2.8020537383859043,constrained_lr,Constrained LR,5000,5000,1.0,387,0.0774,0.0703132050449702,0.085135656638992
CURVE_CURVE_C2_N0_np20_nq200_di0p05_scale1,C2_N0_np20_nq200,"Balanced, unequal samples",20,200,0.0999999999999998,0.149999999999443,0.05,2.8020537383859043,expanded_welch,Expanded Welch,5000,4997,0.9994,240,0.0480288172903742,0.0424394649717764,0.0543125442260504
CURVE_CURVE_C2_N0_np20_nq200_di0p05_scale1,C2_N0_np20_nq200,"Balanced, unequal samples",20,200,0.0999999999999998,0.149999999999443,0.05,2.8020537383859043,normal_wald,Normal Wald,5000,5000,1.0,1148,0.2296,0.2181526666055256,0.2414625066063613
CURVE_CURVE_C2_N0_np20_nq200_di0p05_scale1,C2_N0_np20_nq200,"Balanced, unequal samples",20,200,0.0999999999999998,0.149999999999443,0.05,2.8020537383859043,simple_welch,Simple Welch,5000,5000,1.0,1064,0.2128,0.2016780373906725,0.2243629306065682
CURVE_CURVE_C2_N0_np20_nq200_di0p1_scale1,C2_N0_np20_nq200,"Balanced, unequal samples",20,200,0.0999999999999998,0.1999999999999999,0.1,2.8020537383859043,constrained_lr,Constrained LR,5000,5000,1.0,770,0.154,0.1442611340422191,0.1642701157037604
CURVE_CURVE_C2_N0_np20_nq200_di0p1_scale1,C2_N0_np20_nq200,"Balanced, unequal samples",20,200,0.0999999999999998,0.1999999999999999,0.1,2.8020537383859043,expanded_welch,Expanded Welch,5000,4991,0.9982,322,0.064516129032258,0.0580298078125052,0.0716722986831136
CURVE_CURVE_C2_N0_np20_nq200_di0p1_scale1,C2_N0_np20_nq200,"Balanced, unequal samples",20,200,0.0999999999999998,0.1999999999999999,0.1,2.8020537383859043,normal_wald,Normal Wald,5000,5000,1.0,1578,0.3156,0.3028636342385686,0.3286194942387684
CURVE_CURVE_C2_N0_np20_nq200_di0p1_scale1,C2_N0_np20_nq200,"Balanced, unequal samples",20,200,0.0999999999999998,0.1999999999999999,0.1,2.8020537383859043,simple_welch,Simple Welch,5000,5000,1.0,1495,0.299,0.2864683563738419,0.3118402598080711
CURVE_CURVE_C2_N0_np20_nq200_di0p2_scale1,C2_N0_np20_nq200,"Balanced, unequal samples",20,200,0.0999999999999998,0.3000000000000111,0.2,2.8020537383859043,constrained_lr,Constrained LR,5000,5000,1.0,1855,0.371,0.3577139685215301,0.3844840985802946
CURVE_CURVE_C2_N0_np20_nq200_di0p2_scale1,C2_N0_np20_nq200,"Balanced, unequal samples",20,200,0.0999999999999998,0.3000000000000111,0.2,2.8020537383859043,expanded_welch,Expanded Welch,5000,4996,0.9992,1088,0.2177742193755004,0.2065486543065103,0.2294334616813935
CURVE_CURVE_C2_N0_np20_nq200_di0p2_scale1,C2_N0_np20_nq200,"Balanced, unequal samples",20,200,0.0999999999999998,0.3000000000000111,0.2,2.8020537383859043,normal_wald,Normal Wald,5000,5000,1.0,2607,0.5214,0.5075425387245556,0.5352246036321959
CURVE_CURVE_C2_N0_np20_nq200_di0p2_scale1,C2_N0_np20_nq200,"Balanced, unequal samples",20,200,0.0999999999999998,0.3000000000000111,0.2,2.8020537383859043,simple_welch,Simple Welch,5000,5000,1.0,2505,0.501,0.487145542567456,0.514852922028654
CURVE_CURVE_C2_N0_np20_nq200_di0p5_scale1,C2_N0_np20_nq200,"Balanced, unequal samples",20,200,0.0999999999999998,0.5999999999981145,0.5,1.8753421882469925,constrained_lr,Constrained LR,5000,5000,1.0,4763,0.9526,0.946354660519909,0.9581504156794252
CURVE_CURVE_C2_N0_np20_nq200_di0p5_scale1,C2_N0_np20_nq200,"Balanced, unequal samples",20,200,0.0999999999999998,0.5999999999981145,0.5,1.8753421882469925,expanded_welch,Expanded Welch,5000,4985,0.997,4492,0.9011033099297894,0.8925049615200518,0.9090839510579236
CURVE_CURVE_C2_N0_np20_nq200_di0p5_scale1,C2_N0_np20_nq200,"Balanced, unequal samples",20,200,0.0999999999999998,0.5999999999981145,0.5,1.8753421882469925,normal_wald,Normal Wald,5000,5000,1.0,4773,0.9546,0.9484723254351166,0.9600296799564376
CURVE_CURVE_C2_N0_np20_nq200_di0p5_scale1,C2_N0_np20_nq200,"Balanced, unequal samples",20,200,0.0999999999999998,0.5999999999981145,0.5,1.8753421882469925,simple_welch,Simple Welch,5000,5000,1.0,4721,0.9442,0.9374900221191308,0.9502279514728804
CURVE_CURVE_C2_N3_np500_nq50_di0_scale1,C2_N3_np500_nq50,"Skewed, unequal samples",500,50,0.0300000000000003,0.0299999999993568,0.0,1.729791843220617,constrained_lr,Constrained LR,5000,5000,1.0,241,0.0482,0.04260210373766,0.0544915917398935
CURVE_CURVE_C2_N3_np500_nq50_di0_scale1,C2_N3_np500_nq50,"Skewed, unequal samples",500,50,0.0300000000000003,0.0299999999993568,0.0,1.729791843220617,expanded_welch,Expanded Welch,5000,4972,0.9944,243,0.0488736926790024,0.0432212403692112,0.0552227038107927
CURVE_CURVE_C2_N3_np500_nq50_di0_scale1,C2_N3_np500_nq50,"Skewed, unequal samples",500,50,0.0300000000000003,0.0299999999993568,0.0,1.729791843220617,normal_wald,Normal Wald,5000,5000,1.0,898,0.1796,0.1692075200001072,0.1904844234062854
CURVE_CURVE_C2_N3_np500_nq50_di0_scale1,C2_N3_np500_nq50,"Skewed, unequal samples",500,50,0.0300000000000003,0.0299999999993568,0.0,1.729791843220617,simple_welch,Simple Welch,5000,5000,1.0,876,0.1752,0.1649137473744482,0.1859849518090609
CURVE_CURVE_C2_N3_np500_nq50_di1em05_scale1,C2_N3_np500_nq50,"Skewed, unequal samples",500,50,0.0300000000000003,0.0300099999993583,1e-05,1.7294941411931255,constrained_lr,Constrained LR,5000,5000,1.0,226,0.0452,0.0397825583978505,0.0513157432913733
CURVE_CURVE_C2_N3_np500_nq50_di1em05_scale1,C2_N3_np500_nq50,"Skewed, unequal samples",500,50,0.0300000000000003,0.0300099999993583,1e-05,1.7294941411931255,expanded_welch,Expanded Welch,5000,4972,0.9944,223,0.0448511665325824,0.0394409079034981,0.0509641949406164
CURVE_CURVE_C2_N3_np500_nq50_di1em05_scale1,C2_N3_np500_nq50,"Skewed, unequal samples",500,50,0.0300000000000003,0.0300099999993583,1e-05,1.7294941411931255,normal_wald,Normal Wald,5000,5000,1.0,831,0.1662,0.1561387044033781,0.176773813415142
CURVE_CURVE_C2_N3_np500_nq50_di1em05_scale1,C2_N3_np500_nq50,"Skewed, unequal samples",500,50,0.0300000000000003,0.0300099999993583,1e-05,1.7294941411931255,simple_welch,Simple Welch,5000,5000,1.0,815,0.163,0.1530212706689543,0.1734961604420142
CURVE_CURVE_C2_N3_np500_nq50_di0p0001_scale1,C2_N3_np500_nq50,"Skewed, unequal samples",500,50,0.0300000000000003,0.0300999999993741,0.0001,1.726817192298848,constrained_lr,Constrained LR,5000,5000,1.0,219,0.0438,0.0384690978287312,0.0498313534259388
CURVE_CURVE_C2_N3_np500_nq50_di0p0001_scale1,C2_N3_np500_nq50,"Skewed, unequal samples",500,50,0.0300000000000003,0.0300999999993741,0.0001,1.726817192298848,expanded_welch,Expanded Welch,5000,4969,0.9938,221,0.0444757496478164,0.0390871886670916,0.0505680843820566
CURVE_CURVE_C2_N3_np500_nq50_di0p0001_scale1,C2_N3_np500_nq50,"Skewed, unequal samples",500,50,0.0300000000000003,0.0300999999993741,0.0001,1.726817192298848,normal_wald,Normal Wald,5000,5000,1.0,848,0.1696,0.1594524811931695,0.1802548162521242
CURVE_CURVE_C2_N3_np500_nq50_di0p0001_scale1,C2_N3_np500_nq50,"Skewed, unequal samples",500,50,0.0300000000000003,0.0300999999993741,0.0001,1.726817192298848,simple_welch,Simple Welch,5000,5000,1.0,830,0.166,0.1559438242475621,0.176569000651736
CURVE_CURVE_C2_N3_np500_nq50_di0p001_scale1,C2_N3_np500_nq50,"Skewed, unequal samples",500,50,0.0300000000000003,0.0309999999994938,0.001,1.7002787643741166,constrained_lr,Constrained LR,5000,5000,1.0,226,0.0452,0.0397825583978505,0.0513157432913733
CURVE_CURVE_C2_N3_np500_nq50_di0p001_scale1,C2_N3_np500_nq50,"Skewed, unequal samples",500,50,0.0300000000000003,0.0309999999994938,0.001,1.7002787643741166,expanded_welch,Expanded Welch,5000,4980,0.996,207,0.0415662650602409,0.0363669884455712,0.0474722472671085
CURVE_CURVE_C2_N3_np500_nq50_di0p001_scale1,C2_N3_np500_nq50,"Skewed, unequal samples",500,50,0.0300000000000003,0.0309999999994938,0.001,1.7002787643741166,normal_wald,Normal Wald,5000,5000,1.0,822,0.1644,0.1543849769656748,0.1749303045798474
CURVE_CURVE_C2_N3_np500_nq50_di0p001_scale1,C2_N3_np500_nq50,"Skewed, unequal samples",500,50,0.0300000000000003,0.0309999999994938,0.001,1.7002787643741166,simple_welch,Simple Welch,5000,5000,1.0,802,0.1604,0.1504893889506839,0.1708320342103988
CURVE_CURVE_C2_N3_np500_nq50_di0p005_scale1,C2_N3_np500_nq50,"Skewed, unequal samples",500,50,0.0300000000000003,0.0349999999996594,0.005,1.587063986477207,constrained_lr,Constrained LR,5000,5000,1.0,275,0.055,0.0490156477693742,0.0616676069617265
CURVE_CURVE_C2_N3_np500_nq50_di0p005_scale1,C2_N3_np500_nq50,"Skewed, unequal samples",500,50,0.0300000000000003,0.0349999999996594,0.005,1.587063986477207,expanded_welch,Expanded Welch,5000,4975,0.995,218,0.0438190954773869,0.038474458418497,0.04986767146424
CURVE_CURVE_C2_N3_np500_nq50_di0p005_scale1,C2_N3_np500_nq50,"Skewed, unequal samples",500,50,0.0300000000000003,0.0349999999996594,0.005,1.587063986477207,normal_wald,Normal Wald,5000,5000,1.0,743,0.1486,0.1390107176948044,0.1587288232321818
CURVE_CURVE_C2_N3_np500_nq50_di0p005_scale1,C2_N3_np500_nq50,"Skewed, unequal samples",500,50,0.0300000000000003,0.0349999999996594,0.005,1.587063986477207,simple_welch,Simple Welch,5000,5000,1.0,720,0.144,0.1345416675754341,0.1540049362094465
CURVE_CURVE_C2_N3_np500_nq50_di0p01_scale1,C2_N3_np500_nq50,"Skewed, unequal samples",500,50,0.0300000000000003,0.0399999999996772,0.01,1.4550891974529974,constrained_lr,Constrained LR,5000,5000,1.0,305,0.061,0.0546972332830901,0.06797680902467
CURVE_CURVE_C2_N3_np500_nq50_di0p01_scale1,C2_N3_np500_nq50,"Skewed, unequal samples",500,50,0.0300000000000003,0.0399999999996772,0.01,1.4550891974529974,expanded_welch,Expanded Welch,5000,4968,0.9936,195,0.0392512077294686,0.0341976247274212,0.0450167794491174
CURVE_CURVE_C2_N3_np500_nq50_di0p01_scale1,C2_N3_np500_nq50,"Skewed, unequal samples",500,50,0.0300000000000003,0.0399999999996772,0.01,1.4550891974529974,normal_wald,Normal Wald,5000,5000,1.0,643,0.1286,0.1196054940109934,0.138164754993795
CURVE_CURVE_C2_N3_np500_nq50_di0p01_scale1,C2_N3_np500_nq50,"Skewed, unequal samples",500,50,0.0300000000000003,0.0399999999996772,0.01,1.4550891974529974,simple_welch,Simple Welch,5000,5000,1.0,617,0.1234,0.114571672778593,0.1328065603264239
CURVE_CURVE_C2_N3_np500_nq50_di0p02_scale1,C2_N3_np500_nq50,"Skewed, unequal samples",500,50,0.0300000000000003,0.0499999999996781,0.02,1.216827929185016,constrained_lr,Constrained LR,5000,5000,1.0,457,0.0914,0.0837228755792633,0.0997044904502373
CURVE_CURVE_C2_N3_np500_nq50_di0p02_scale1,C2_N3_np500_nq50,"Skewed, unequal samples",500,50,0.0300000000000003,0.0499999999996781,0.02,1.216827929185016,expanded_welch,Expanded Welch,5000,4981,0.9962,236,0.0473800441678377,0.0418208769228349,0.0536368147112071
CURVE_CURVE_C2_N3_np500_nq50_di0p02_scale1,C2_N3_np500_nq50,"Skewed, unequal samples",500,50,0.0300000000000003,0.0499999999996781,0.02,1.216827929185016,normal_wald,Normal Wald,5000,5000,1.0,588,0.1176,0.1089632389960658,0.1268238994515138
CURVE_CURVE_C2_N3_np500_nq50_di0p02_scale1,C2_N3_np500_nq50,"Skewed, unequal samples",500,50,0.0300000000000003,0.0499999999996781,0.02,1.216827929185016,simple_welch,Simple Welch,5000,5000,1.0,559,0.1118,0.1033617639062299,0.1208342798839124
CURVE_CURVE_C2_N3_np500_nq50_di0p05_scale1,C2_N3_np500_nq50,"Skewed, unequal samples",500,50,0.0300000000000003,0.0799999999996817,0.05,0.6457613112633702,constrained_lr,Constrained LR,5000,5000,1.0,1081,0.2162,0.2050099657033927,0.2278257819206217
CURVE_CURVE_C2_N3_np500_nq50_di0p05_scale1,C2_N3_np500_nq50,"Skewed, unequal samples",500,50,0.0300000000000003,0.0799999999996817,0.05,0.6457613112633702,expanded_welch,Expanded Welch,5000,4976,0.9952,501,0.1006832797427652,0.0926281587245187,0.1093544680595261
CURVE_CURVE_C2_N3_np500_nq50_di0p05_scale1,C2_N3_np500_nq50,"Skewed, unequal samples",500,50,0.0300000000000003,0.0799999999996817,0.05,0.6457613112633702,normal_wald,Normal Wald,5000,5000,1.0,750,0.15,0.1403715144980469,0.1601658768634931
CURVE_CURVE_C2_N3_np500_nq50_di0p05_scale1,C2_N3_np500_nq50,"Skewed, unequal samples",500,50,0.0300000000000003,0.0799999999996817,0.05,0.6457613112633702,simple_welch,Simple Welch,5000,5000,1.0,687,0.1374,0.1281354930776652,0.1472212443728902
CURVE_CURVE_C2_N3_np500_nq50_di0p1_scale1,C2_N3_np500_nq50,"Skewed, unequal samples",500,50,0.0300000000000003,0.1299999999996715,0.1,0.0277369951092842,constrained_lr,Constrained LR,5000,5000,1.0,2293,0.4586,0.4448255999706476,0.4724379657504032
CURVE_CURVE_C2_N3_np500_nq50_di0p1_scale1,C2_N3_np500_nq50,"Skewed, unequal samples",500,50,0.0300000000000003,0.1299999999996715,0.1,0.0277369951092842,expanded_welch,Expanded Welch,5000,4981,0.9962,1230,0.246938365790002,0.2351607516180142,0.2591060127664213
CURVE_CURVE_C2_N3_np500_nq50_di0p1_scale1,C2_N3_np500_nq50,"Skewed, unequal samples",500,50,0.0300000000000003,0.1299999999996715,0.1,0.0277369951092842,normal_wald,Normal Wald,5000,5000,1.0,1587,0.3174,0.304642592070889,0.3304377726794458
CURVE_CURVE_C2_N3_np500_nq50_di0p1_scale1,C2_N3_np500_nq50,"Skewed, unequal samples",500,50,0.0300000000000003,0.1299999999996715,0.1,0.0277369951092842,simple_welch,Simple Welch,5000,5000,1.0,1471,0.2942,0.2817312168975847,0.3069847692230009
CURVE_CURVE_C2_N5_np200_nq2000_di0_scale1,C2_N5_np200_nq2000,Rare and highly unequal,200,2000,0.0050000000002087,0.0050000000000001,0.0,0.6987991852268817,constrained_lr,Constrained LR,5000,5000,1.0,146,0.0292,0.024882442945122,0.0342404252063437
CURVE_CURVE_C2_N5_np200_nq2000_di0_scale1,C2_N5_np200_nq2000,Rare and highly unequal,200,2000,0.0050000000002087,0.0050000000000001,0.0,0.6987991852268817,expanded_welch,Expanded Welch,5000,4811,0.9622,1018,0.2115984202868426,0.2002893786184371,0.2233676568762093
CURVE_CURVE_C2_N5_np200_nq2000_di0_scale1,C2_N5_np200_nq2000,Rare and highly unequal,200,2000,0.0050000000002087,0.0050000000000001,0.0,0.6987991852268817,normal_wald,Normal Wald,5000,5000,1.0,2399,0.4798,0.4659730918346437,0.4936579233239366
CURVE_CURVE_C2_N5_np200_nq2000_di0_scale1,C2_N5_np200_nq2000,Rare and highly unequal,200,2000,0.0050000000002087,0.0050000000000001,0.0,0.6987991852268817,simple_welch,Simple Welch,5000,5000,1.0,2398,0.4796,0.4657734703720593,0.4934578518672992
CURVE_CURVE_C2_N5_np200_nq2000_di1em05_scale1,C2_N5_np200_nq2000,Rare and highly unequal,200,2000,0.0050000000002087,0.0050100000000002,1e-05,0.6987991852268817,constrained_lr,Constrained LR,5000,5000,1.0,131,0.0262,0.0221231162368592,0.0310043581262768
CURVE_CURVE_C2_N5_np200_nq2000_di1em05_scale1,C2_N5_np200_nq2000,Rare and highly unequal,200,2000,0.0050000000002087,0.0050100000000002,1e-05,0.6987991852268817,expanded_welch,Expanded Welch,5000,4813,0.9626,958,0.1990442551423228,0.1880059503697441,0.2105625877964939
CURVE_CURVE_C2_N5_np200_nq2000_di1em05_scale1,C2_N5_np200_nq2000,Rare and highly unequal,200,2000,0.0050000000002087,0.0050100000000002,1e-05,0.6987991852268817,normal_wald,Normal Wald,5000,5000,1.0,2448,0.4896,0.4757572615426232,0.5034587066578341
CURVE_CURVE_C2_N5_np200_nq2000_di1em05_scale1,C2_N5_np200_nq2000,Rare and highly unequal,200,2000,0.0050000000002087,0.0050100000000002,1e-05,0.6987991852268817,simple_welch,Simple Welch,5000,5000,1.0,2448,0.4896,0.4757572615426232,0.5034587066578341
CURVE_CURVE_C2_N5_np200_nq2000_di0p0001_scale1,C2_N5_np200_nq2000,Rare and highly unequal,200,2000,0.0050000000002087,0.0051000000000001,0.0001,0.6987991852268817,constrained_lr,Constrained LR,5000,5000,1.0,140,0.028,0.0237770442584761,0.0329476663776578
CURVE_CURVE_C2_N5_np200_nq2000_di0p0001_scale1,C2_N5_np200_nq2000,Rare and highly unequal,200,2000,0.0050000000002087,0.0051000000000001,0.0001,0.6987991852268817,expanded_welch,Expanded Welch,5000,4826,0.9652,1100,0.227932034811438,0.2163157024901008,0.2399811506490098
CURVE_CURVE_C2_N5_np200_nq2000_di0p0001_scale1,C2_N5_np200_nq2000,Rare and highly unequal,200,2000,0.0050000000002087,0.0051000000000001,0.0001,0.6987991852268817,normal_wald,Normal Wald,5000,5000,1.0,2457,0.4914,0.4775549326399622,0.5052582718334929
CURVE_CURVE_C2_N5_np200_nq2000_di0p0001_scale1,C2_N5_np200_nq2000,Rare and highly unequal,200,2000,0.0050000000002087,0.0051000000000001,0.0001,0.6987991852268817,simple_welch,Simple Welch,5000,5000,1.0,2456,0.4912,0.4773551825427803,0.5050583290114529
CURVE_CURVE_C2_N5_np200_nq2000_di0p001_scale1,C2_N5_np200_nq2000,Rare and highly unequal,200,2000,0.0050000000002087,0.0060000000000001,0.001,0.6987991852268817,constrained_lr,Constrained LR,5000,5000,1.0,122,0.0244,0.0204746435065703,0.029055594583568
CURVE_CURVE_C2_N5_np200_nq2000_di0p001_scale1,C2_N5_np200_nq2000,Rare and highly unequal,200,2000,0.0050000000002087,0.0060000000000001,0.001,0.6987991852268817,expanded_welch,Expanded Welch,5000,4812,0.9624,1290,0.2680798004987531,0.2557528930075289,0.2807767001932878
CURVE_CURVE_C2_N5_np200_nq2000_di0p001_scale1,C2_N5_np200_nq2000,Rare and highly unequal,200,2000,0.0050000000002087,0.0060000000000001,0.001,0.6987991852268817,normal_wald,Normal Wald,5000,5000,1.0,2441,0.4882,0.4743591970241168,0.5020589207417867
CURVE_CURVE_C2_N5_np200_nq2000_di0p001_scale1,C2_N5_np200_nq2000,Rare and highly unequal,200,2000,0.0050000000002087,0.0060000000000001,0.001,0.6987991852268817,simple_welch,Simple Welch,5000,5000,1.0,2441,0.4882,0.4743591970241168,0.5020589207417867
CURVE_CURVE_C2_N5_np200_nq2000_di0p005_scale1,C2_N5_np200_nq2000,Rare and highly unequal,200,2000,0.0050000000002087,0.0100000000000003,0.005,0.6987991852268817,constrained_lr,Constrained LR,5000,5000,1.0,102,0.0204,0.0168340830157831,0.0247022966899156
CURVE_CURVE_C2_N5_np200_nq2000_di0p005_scale1,C2_N5_np200_nq2000,Rare and highly unequal,200,2000,0.0050000000002087,0.0100000000000003,0.005,0.6987991852268817,expanded_welch,Expanded Welch,5000,4827,0.9654,2037,0.4220012430080795,0.4081361470295925,0.4359903873601695
CURVE_CURVE_C2_N5_np200_nq2000_di0p005_scale1,C2_N5_np200_nq2000,Rare and highly unequal,200,2000,0.0050000000002087,0.0100000000000003,0.005,0.6987991852268817,normal_wald,Normal Wald,5000,5000,1.0,2509,0.5018,0.4879449904231696,0.5156522458498283
CURVE_CURVE_C2_N5_np200_nq2000_di0p005_scale1,C2_N5_np200_nq2000,Rare and highly unequal,200,2000,0.0050000000002087,0.0100000000000003,0.005,0.6987991852268817,simple_welch,Simple Welch,5000,5000,1.0,2509,0.5018,0.4879449904231696,0.5156522458498283
CURVE_CURVE_C2_N5_np200_nq2000_di0p01_scale1,C2_N5_np200_nq2000,Rare and highly unequal,200,2000,0.0050000000002087,0.0149999999998419,0.01,0.6987991852268817,constrained_lr,Constrained LR,5000,5000,1.0,316,0.0632,0.0567851600042878,0.070285504414914
CURVE_CURVE_C2_N5_np200_nq2000_di0p01_scale1,C2_N5_np200_nq2000,Rare and highly unequal,200,2000,0.0050000000002087,0.0149999999998419,0.01,0.6987991852268817,expanded_welch,Expanded Welch,5000,4832,0.9664,2266,0.4689569536423841,0.4549164725643905,0.4830467541967365
CURVE_CURVE_C2_N5_np200_nq2000_di0p01_scale1,C2_N5_np200_nq2000,Rare and highly unequal,200,2000,0.0050000000002087,0.0149999999998419,0.01,0.6987991852268817,normal_wald,Normal Wald,5000,5000,1.0,2487,0.4974,0.4835484657679982,0.5112555262821161
CURVE_CURVE_C2_N5_np200_nq2000_di0p01_scale1,C2_N5_np200_nq2000,Rare and highly unequal,200,2000,0.0050000000002087,0.0149999999998419,0.01,0.6987991852268817,simple_welch,Simple Welch,5000,5000,1.0,2487,0.4974,0.4835484657679982,0.5112555262821161
CURVE_CURVE_C2_N5_np200_nq2000_di0p02_scale1,C2_N5_np200_nq2000,Rare and highly unequal,200,2000,0.0050000000002087,0.025,0.02,0.6987991852268817,constrained_lr,Constrained LR,5000,5000,1.0,1321,0.2642,0.2521633005655661,0.2765987476717229
CURVE_CURVE_C2_N5_np200_nq2000_di0p02_scale1,C2_N5_np200_nq2000,Rare and highly unequal,200,2000,0.0050000000002087,0.025,0.02,0.6987991852268817,expanded_welch,Expanded Welch,5000,4832,0.9664,2315,0.4790976821192053,0.4650342898795003,0.4931942828063251
CURVE_CURVE_C2_N5_np200_nq2000_di0p02_scale1,C2_N5_np200_nq2000,Rare and highly unequal,200,2000,0.0050000000002087,0.025,0.02,0.6987991852268817,normal_wald,Normal Wald,5000,5000,1.0,2747,0.5494,0.5355760878766134,0.5631480631712149
CURVE_CURVE_C2_N5_np200_nq2000_di0p02_scale1,C2_N5_np200_nq2000,Rare and highly unequal,200,2000,0.0050000000002087,0.025,0.02,0.6987991852268817,simple_welch,Simple Welch,5000,5000,1.0,2744,0.5488,0.5349749093121317,0.5625501629780307
CURVE_CURVE_C3_C3_same_balanced_i0p005_n1000_di0_scale1,C3_C3_same_balanced_i0p005_n1000,Near independence,1000,1000,0.0050000000000047,0.0050000000000047,0.0,225.0208559631285,constrained_lr,Constrained LR,5000,5000,1.0,270,0.054,0.0480706711782012,0.0606141189567896
CURVE_CURVE_C3_C3_same_balanced_i0p005_n1000_di0_scale1,C3_C3_same_balanced_i0p005_n1000,Near independence,1000,1000,0.0050000000000047,0.0050000000000047,0.0,225.0208559631285,expanded_welch,Expanded Welch,5000,5000,1.0,77,0.0154,0.0123399813257248,0.0192040753994245
CURVE_CURVE_C3_C3_same_balanced_i0p005_n1000_di0_scale1,C3_C3_same_balanced_i0p005_n1000,Near independence,1000,1000,0.0050000000000047,0.0050000000000047,0.0,225.0208559631285,normal_wald,Normal Wald,5000,5000,1.0,159,0.0318,0.0272844214711992,0.0370344546301522
CURVE_CURVE_C3_C3_same_balanced_i0p005_n1000_di0_scale1,C3_C3_same_balanced_i0p005_n1000,Near independence,1000,1000,0.0050000000000047,0.0050000000000047,0.0,225.0208559631285,simple_welch,Simple Welch,5000,5000,1.0,159,0.0318,0.0272844214711992,0.0370344546301522
CURVE_CURVE_C3_C3_same_balanced_i0p005_n1000_di1em05_scale1,C3_C3_same_balanced_i0p005_n1000,Near independence,1000,1000,0.0050000000000047,0.0050100000000046,1e-05,224.99593109532455,constrained_lr,Constrained LR,5000,5000,1.0,240,0.048,0.0424139314187079,0.0542800711396236
CURVE_CURVE_C3_C3_same_balanced_i0p005_n1000_di1em05_scale1,C3_C3_same_balanced_i0p005_n1000,Near independence,1000,1000,0.0050000000000047,0.0050100000000046,1e-05,224.99593109532455,expanded_welch,Expanded Welch,5000,5000,1.0,70,0.014,0.0110964335546005,0.0176497727359949
CURVE_CURVE_C3_C3_same_balanced_i0p005_n1000_di1em05_scale1,C3_C3_same_balanced_i0p005_n1000,Near independence,1000,1000,0.0050000000000047,0.0050100000000046,1e-05,224.99593109532455,normal_wald,Normal Wald,5000,5000,1.0,124,0.0248,0.020840470557508,0.0294891533710742
CURVE_CURVE_C3_C3_same_balanced_i0p005_n1000_di1em05_scale1,C3_C3_same_balanced_i0p005_n1000,Near independence,1000,1000,0.0050000000000047,0.0050100000000046,1e-05,224.99593109532455,simple_welch,Simple Welch,5000,5000,1.0,124,0.0248,0.020840470557508,0.0294891533710742
CURVE_CURVE_C3_C3_same_balanced_i0p005_n1000_di0p0001_scale1,C3_C3_same_balanced_i0p005_n1000,Near independence,1000,1000,0.0050000000000047,0.0051000000000038,0.0001,224.77272288167873,constrained_lr,Constrained LR,5000,5000,1.0,270,0.054,0.0480706711782012,0.0606141189567896
CURVE_CURVE_C3_C3_same_balanced_i0p005_n1000_di0p0001_scale1,C3_C3_same_balanced_i0p005_n1000,Near independence,1000,1000,0.0050000000000047,0.0051000000000038,0.0001,224.77272288167873,expanded_welch,Expanded Welch,5000,5000,1.0,73,0.0146,0.0116284434418367,0.0183168416064247
CURVE_CURVE_C3_C3_same_balanced_i0p005_n1000_di0p0001_scale1,C3_C3_same_balanced_i0p005_n1000,Near independence,1000,1000,0.0050000000000047,0.0051000000000038,0.0001,224.77272288167873,normal_wald,Normal Wald,5000,5000,1.0,144,0.0288,0.0245137405131535,0.0338097417998683
CURVE_CURVE_C3_C3_same_balanced_i0p005_n1000_di0p0001_scale1,C3_C3_same_balanced_i0p005_n1000,Near independence,1000,1000,0.0050000000000047,0.0051000000000038,0.0001,224.77272288167873,simple_welch,Simple Welch,5000,5000,1.0,144,0.0288,0.0245137405131535,0.0338097417998683
CURVE_CURVE_C3_C3_same_balanced_i0p005_n1000_di0p001_scale1,C3_C3_same_balanced_i0p005_n1000,Near independence,1000,1000,0.0050000000000047,0.0059999999999911,0.001,222.641293968949,constrained_lr,Constrained LR,5000,5000,1.0,277,0.0554,0.0493938020932844,0.0620888384762603
CURVE_CURVE_C3_C3_same_balanced_i0p005_n1000_di0p001_scale1,C3_C3_same_balanced_i0p005_n1000,Near independence,1000,1000,0.0050000000000047,0.0059999999999911,0.001,222.641293968949,expanded_welch,Expanded Welch,5000,5000,1.0,97,0.0194,0.0159296066842296,0.0236083084253592
CURVE_CURVE_C3_C3_same_balanced_i0p005_n1000_di0p001_scale1,C3_C3_same_balanced_i0p005_n1000,Near independence,1000,1000,0.0050000000000047,0.0059999999999911,0.001,222.641293968949,normal_wald,Normal Wald,5000,5000,1.0,166,0.0332,0.0285814227402997,0.0385353037956056
CURVE_CURVE_C3_C3_same_balanced_i0p005_n1000_di0p001_scale1,C3_C3_same_balanced_i0p005_n1000,Near independence,1000,1000,0.0050000000000047,0.0059999999999911,0.001,222.641293968949,simple_welch,Simple Welch,5000,5000,1.0,166,0.0332,0.0285814227402997,0.0385353037956056
CURVE_CURVE_C3_C3_same_balanced_i0p005_n1000_di0p005_scale1,C3_C3_same_balanced_i0p005_n1000,Near independence,1000,1000,0.0050000000000047,0.0100000000000022,0.005,214.703714863249,constrained_lr,Constrained LR,5000,5000,1.0,753,0.1506,0.1409548044482451,0.1607816656709609
CURVE_CURVE_C3_C3_same_balanced_i0p005_n1000_di0p005_scale1,C3_C3_same_balanced_i0p005_n1000,Near independence,1000,1000,0.0050000000000047,0.0100000000000022,0.005,214.703714863249,expanded_welch,Expanded Welch,5000,5000,1.0,401,0.0802,0.0729899727594798,0.0880545897935901
CURVE_CURVE_C3_C3_same_balanced_i0p005_n1000_di0p005_scale1,C3_C3_same_balanced_i0p005_n1000,Near independence,1000,1000,0.0050000000000047,0.0100000000000022,0.005,214.703714863249,normal_wald,Normal Wald,5000,5000,1.0,582,0.1164,0.1078037273889867,0.1255852535432611
CURVE_CURVE_C3_C3_same_balanced_i0p005_n1000_di0p005_scale1,C3_C3_same_balanced_i0p005_n1000,Near independence,1000,1000,0.0050000000000047,0.0100000000000022,0.005,214.703714863249,simple_welch,Simple Welch,5000,5000,1.0,580,0.116,0.1074172903603322,0.1251723047334716
CURVE_CURVE_C3_C3_same_balanced_i0p005_n1000_di0p01_scale1,C3_C3_same_balanced_i0p005_n1000,Near independence,1000,1000,0.0050000000000047,0.014999999999951,0.01,206.80733765276207,constrained_lr,Constrained LR,5000,5000,1.0,1889,0.3778,0.3644598890725199,0.3913277372828521
CURVE_CURVE_C3_C3_same_balanced_i0p005_n1000_di0p01_scale1,C3_C3_same_balanced_i0p005_n1000,Near independence,1000,1000,0.0050000000000047,0.014999999999951,0.01,206.80733765276207,expanded_welch,Expanded Welch,5000,5000,1.0,1436,0.2872,0.2748259157582587,0.2999008181895576
CURVE_CURVE_C3_C3_same_balanced_i0p005_n1000_di0p01_scale1,C3_C3_same_balanced_i0p005_n1000,Near independence,1000,1000,0.0050000000000047,0.014999999999951,0.01,206.80733765276207,normal_wald,Normal Wald,5000,5000,1.0,1684,0.3368,0.3238297162042462,0.3500208617106204
CURVE_CURVE_C3_C3_same_balanced_i0p005_n1000_di0p01_scale1,C3_C3_same_balanced_i0p005_n1000,Near independence,1000,1000,0.0050000000000047,0.014999999999951,0.01,206.80733765276207,simple_welch,Simple Welch,5000,5000,1.0,1682,0.3364,0.3234338525035358,0.3496173395728869
CURVE_CURVE_C3_C3_same_balanced_i0p005_n1000_di0p02_scale1,C3_C3_same_balanced_i0p005_n1000,Near independence,1000,1000,0.0050000000000047,0.0250000000000023,0.02,194.3325031023819,constrained_lr,Constrained LR,5000,5000,1.0,3934,0.7868,0.7752296149738349,0.7979300311904804
CURVE_CURVE_C3_C3_same_balanced_i0p005_n1000_di0p02_scale1,C3_C3_same_balanced_i0p005_n1000,Near independence,1000,1000,0.0050000000000047,0.0250000000000023,0.02,194.3325031023819,expanded_welch,Expanded Welch,5000,5000,1.0,3659,0.7318,0.7193457452841198,0.7438983480941518
CURVE_CURVE_C3_C3_same_balanced_i0p005_n1000_di0p02_scale1,C3_C3_same_balanced_i0p005_n1000,Near independence,1000,1000,0.0050000000000047,0.0250000000000023,0.02,194.3325031023819,normal_wald,Normal Wald,5000,5000,1.0,3808,0.7616,0.7495911856657239,0.7732071526766223
CURVE_CURVE_C3_C3_same_balanced_i0p005_n1000_di0p02_scale1,C3_C3_same_balanced_i0p005_n1000,Near independence,1000,1000,0.0050000000000047,0.0250000000000023,0.02,194.3325031023819,simple_welch,Simple Welch,5000,5000,1.0,3806,0.7612,0.7491847018974644,0.7728142506064377
CURVE_CURVE_C3_C3_same_balanced_i0p005_n1000_di0p05_scale1,C3_C3_same_balanced_i0p005_n1000,Near independence,1000,1000,0.0050000000000047,0.0550000000000023,0.05,167.85377407422826,constrained_lr,Constrained LR,5000,5000,1.0,4997,0.9994,0.9982372939514712,0.9997959253458056
CURVE_CURVE_C3_C3_same_balanced_i0p005_n1000_di0p05_scale1,C3_C3_same_balanced_i0p005_n1000,Near independence,1000,1000,0.0050000000000047,0.0550000000000023,0.05,167.85377407422826,expanded_welch,Expanded Welch,5000,5000,1.0,4993,0.9986,0.9971127802223416,0.9993216673980476
CURVE_CURVE_C3_C3_same_balanced_i0p005_n1000_di0p05_scale1,C3_C3_same_balanced_i0p005_n1000,Near independence,1000,1000,0.0050000000000047,0.0550000000000023,0.05,167.85377407422826,normal_wald,Normal Wald,5000,5000,1.0,4994,0.9988,0.9973842237073702,0.9994499168322408
CURVE_CURVE_C3_C3_same_balanced_i0p005_n1000_di0p05_scale1,C3_C3_same_balanced_i0p005_n1000,Near independence,1000,1000,0.0050000000000047,0.0550000000000023,0.05,167.85377407422826,simple_welch,Simple Welch,5000,5000,1.0,4994,0.9988,0.9973842237073702,0.9994499168322408
CURVE_CURVE_C3_C3_same_balanced_i0p005_n1000_di0p1_scale1,C3_C3_same_balanced_i0p005_n1000,Near independence,1000,1000,0.0050000000000047,0.1050000000000024,0.1,137.48886138991196,constrained_lr,Constrained LR,5000,5000,1.0,5000,1.0,0.9992322980549432,1.0000000000000002
CURVE_CURVE_C3_C3_same_balanced_i0p005_n1000_di0p1_scale1,C3_C3_same_balanced_i0p005_n1000,Near independence,1000,1000,0.0050000000000047,0.1050000000000024,0.1,137.48886138991196,expanded_welch,Expanded Welch,5000,5000,1.0,5000,1.0,0.9992322980549432,1.0000000000000002
CURVE_CURVE_C3_C3_same_balanced_i0p005_n1000_di0p1_scale1,C3_C3_same_balanced_i0p005_n1000,Near independence,1000,1000,0.0050000000000047,0.1050000000000024,0.1,137.48886138991196,normal_wald,Normal Wald,5000,5000,1.0,5000,1.0,0.9992322980549432,1.0000000000000002
CURVE_CURVE_C3_C3_same_balanced_i0p005_n1000_di0p1_scale1,C3_C3_same_balanced_i0p005_n1000,Near independence,1000,1000,0.0050000000000047,0.1050000000000024,0.1,137.48886138991196,simple_welch,Simple Welch,5000,5000,1.0,5000,1.0,0.9992322980549432,1.0000000000000002
CURVE_CURVE_C3_C3_same_balanced_i0p005_n1000_di0p2_scale1,C3_C3_same_balanced_i0p005_n1000,Near independence,1000,1000,0.0050000000000047,0.2050000000000023,0.2,95.66549918988174,constrained_lr,Constrained LR,5000,5000,1.0,5000,1.0,0.9992322980549432,1.0000000000000002
CURVE_CURVE_C3_C3_same_balanced_i0p005_n1000_di0p2_scale1,C3_C3_same_balanced_i0p005_n1000,Near independence,1000,1000,0.0050000000000047,0.2050000000000023,0.2,95.66549918988174,expanded_welch,Expanded Welch,5000,5000,1.0,5000,1.0,0.9992322980549432,1.0000000000000002
CURVE_CURVE_C3_C3_same_balanced_i0p005_n1000_di0p2_scale1,C3_C3_same_balanced_i0p005_n1000,Near independence,1000,1000,0.0050000000000047,0.2050000000000023,0.2,95.66549918988174,normal_wald,Normal Wald,5000,5000,1.0,5000,1.0,0.9992322980549432,1.0000000000000002
CURVE_CURVE_C3_C3_same_balanced_i0p005_n1000_di0p2_scale1,C3_C3_same_balanced_i0p005_n1000,Near independence,1000,1000,0.0050000000000047,0.2050000000000023,0.2,95.66549918988174,simple_welch,Simple Welch,5000,5000,1.0,5000,1.0,0.9992322980549432,1.0000000000000002
CURVE_CURVE_C3_C3_same_balanced_i0p005_n1000_di0p5_scale1,C3_C3_same_balanced_i0p005_n1000,Near independence,1000,1000,0.0050000000000047,0.5049999999997903,0.5,23.261484446357645,constrained_lr,Constrained LR,5000,5000,1.0,5000,1.0,0.9992322980549432,1.0000000000000002
CURVE_CURVE_C3_C3_same_balanced_i0p005_n1000_di0p5_scale1,C3_C3_same_balanced_i0p005_n1000,Near independence,1000,1000,0.0050000000000047,0.5049999999997903,0.5,23.261484446357645,expanded_welch,Expanded Welch,5000,5000,1.0,5000,1.0,0.9992322980549432,1.0000000000000002
CURVE_CURVE_C3_C3_same_balanced_i0p005_n1000_di0p5_scale1,C3_C3_same_balanced_i0p005_n1000,Near independence,1000,1000,0.0050000000000047,0.5049999999997903,0.5,23.261484446357645,normal_wald,Normal Wald,5000,5000,1.0,5000,1.0,0.9992322980549432,1.0000000000000002
CURVE_CURVE_C3_C3_same_balanced_i0p005_n1000_di0p5_scale1,C3_C3_same_balanced_i0p005_n1000,Near independence,1000,1000,0.0050000000000047,0.5049999999997903,0.5,23.261484446357645,simple_welch,Simple Welch,5000,5000,1.0,5000,1.0,0.9992322980549432,1.0000000000000002
CURVE_CURVE_C4_C4_s0p05_i0p0001_n500_di0_scale1,C4_C4_s0p05_i0p0001_n500,Rare-cell case B,500,500,9.999999999987796e-05,0.0001,0.0,1.5933916347609285,constrained_lr,Constrained LR,5000,5000,1.0,11,0.0022,0.0012289154071388,0.00393540864936
CURVE_CURVE_C4_C4_s0p05_i0p0001_n500_di0_scale1,C4_C4_s0p05_i0p0001_n500,Rare-cell case B,500,500,9.999999999987796e-05,0.0001,0.0,1.5933916347609285,expanded_welch,Expanded Welch,5000,5000,1.0,81,0.0162,0.0130538519314656,0.0200889764705716
CURVE_CURVE_C4_C4_s0p05_i0p0001_n500_di0_scale1,C4_C4_s0p05_i0p0001_n500,Rare-cell case B,500,500,9.999999999987796e-05,0.0001,0.0,1.5933916347609285,normal_wald,Normal Wald,5000,5000,1.0,618,0.1236,0.1147651859365398,0.1330127400876992
CURVE_CURVE_C4_C4_s0p05_i0p0001_n500_di0_scale1,C4_C4_s0p05_i0p0001_n500,Rare-cell case B,500,500,9.999999999987796e-05,0.0001,0.0,1.5933916347609285,simple_welch,Simple Welch,5000,5000,1.0,618,0.1236,0.1147651859365398,0.1330127400876992
CURVE_CURVE_C4_C4_s0p05_i0p0001_n500_di1em05_scale1,C4_C4_s0p05_i0p0001_n500,Rare-cell case B,500,500,9.999999999987796e-05,0.0001099999999998,1e-05,1.598933939525126,constrained_lr,Constrained LR,5000,5000,1.0,11,0.0022,0.0012289154071388,0.00393540864936
CURVE_CURVE_C4_C4_s0p05_i0p0001_n500_di1em05_scale1,C4_C4_s0p05_i0p0001_n500,Rare-cell case B,500,500,9.999999999987796e-05,0.0001099999999998,1e-05,1.598933939525126,expanded_welch,Expanded Welch,5000,5000,1.0,82,0.0164,0.0132326641504401,0.0203098571708191
CURVE_CURVE_C4_C4_s0p05_i0p0001_n500_di1em05_scale1,C4_C4_s0p05_i0p0001_n500,Rare-cell case B,500,500,9.999999999987796e-05,0.0001099999999998,1e-05,1.598933939525126,normal_wald,Normal Wald,5000,5000,1.0,610,0.122,0.1132172991525931,0.13136308351787
CURVE_CURVE_C4_C4_s0p05_i0p0001_n500_di1em05_scale1,C4_C4_s0p05_i0p0001_n500,Rare-cell case B,500,500,9.999999999987796e-05,0.0001099999999998,1e-05,1.598933939525126,simple_welch,Simple Welch,5000,5000,1.0,610,0.122,0.1132172991525931,0.13136308351787
CURVE_CURVE_C4_C4_s0p05_i0p0001_n500_di0p0001_scale1,C4_C4_s0p05_i0p0001_n500,Rare-cell case B,500,500,9.999999999987796e-05,0.0002,0.0001,1.598933939525126,constrained_lr,Constrained LR,5000,5000,1.0,15,0.003,0.0018189297776376,0.0049441659557491
CURVE_CURVE_C4_C4_s0p05_i0p0001_n500_di0p0001_scale1,C4_C4_s0p05_i0p0001_n500,Rare-cell case B,500,500,9.999999999987796e-05,0.0002,0.0001,1.598933939525126,expanded_welch,Expanded Welch,5000,5000,1.0,77,0.0154,0.0123399813257248,0.0192040753994245
CURVE_CURVE_C4_C4_s0p05_i0p0001_n500_di0p0001_scale1,C4_C4_s0p05_i0p0001_n500,Rare-cell case B,500,500,9.999999999987796e-05,0.0002,0.0001,1.598933939525126,normal_wald,Normal Wald,5000,5000,1.0,584,0.1168,0.1081901979370228,0.125998168833669
CURVE_CURVE_C4_C4_s0p05_i0p0001_n500_di0p0001_scale1,C4_C4_s0p05_i0p0001_n500,Rare-cell case B,500,500,9.999999999987796e-05,0.0002,0.0001,1.598933939525126,simple_welch,Simple Welch,5000,5000,1.0,581,0.1162,0.107610504675368,0.1253787833376577
CURVE_CURVE_C4_C4_s0p05_i0p0001_n500_di0p001_scale1,C4_C4_s0p05_i0p0001_n500,Rare-cell case B,500,500,9.999999999987796e-05,0.0011000000000327,0.001,1.598933939525126,constrained_lr,Constrained LR,5000,5000,1.0,55,0.011,0.0084611723357331,0.0142896401665326
CURVE_CURVE_C4_C4_s0p05_i0p0001_n500_di0p001_scale1,C4_C4_s0p05_i0p0001_n500,Rare-cell case B,500,500,9.999999999987796e-05,0.0011000000000327,0.001,1.598933939525126,expanded_welch,Expanded Welch,5000,4999,0.9998,55,0.011002200440088,0.0084628667954172,0.0142924932849978
CURVE_CURVE_C4_C4_s0p05_i0p0001_n500_di0p001_scale1,C4_C4_s0p05_i0p0001_n500,Rare-cell case B,500,500,9.999999999987796e-05,0.0011000000000327,0.001,1.598933939525126,normal_wald,Normal Wald,5000,5000,1.0,346,0.0692,0.0624909741527671,0.076570477843094
CURVE_CURVE_C4_C4_s0p05_i0p0001_n500_di0p001_scale1,C4_C4_s0p05_i0p0001_n500,Rare-cell case B,500,500,9.999999999987796e-05,0.0011000000000327,0.001,1.598933939525126,simple_welch,Simple Welch,5000,5000,1.0,346,0.0692,0.0624909741527671,0.076570477843094
CURVE_CURVE_C4_C4_s0p05_i0p0001_n500_di0p005_scale1,C4_C4_s0p05_i0p0001_n500,Rare-cell case B,500,500,9.999999999987796e-05,0.0050999999999959,0.005,1.598933939525126,constrained_lr,Constrained LR,5000,5000,1.0,553,0.1106,0.1022037493179392,0.1195941369568713
CURVE_CURVE_C4_C4_s0p05_i0p0001_n500_di0p005_scale1,C4_C4_s0p05_i0p0001_n500,Rare-cell case B,500,500,9.999999999987796e-05,0.0050999999999959,0.005,1.598933939525126,expanded_welch,Expanded Welch,5000,5000,1.0,21,0.0042,0.0027487744103146,0.0064124788384039
CURVE_CURVE_C4_C4_s0p05_i0p0001_n500_di0p005_scale1,C4_C4_s0p05_i0p0001_n500,Rare-cell case B,500,500,9.999999999987796e-05,0.0050999999999959,0.005,1.598933939525126,normal_wald,Normal Wald,5000,5000,1.0,124,0.0248,0.020840470557508,0.0294891533710742
CURVE_CURVE_C4_C4_s0p05_i0p0001_n500_di0p005_scale1,C4_C4_s0p05_i0p0001_n500,Rare-cell case B,500,500,9.999999999987796e-05,0.0050999999999959,0.005,1.598933939525126,simple_welch,Simple Welch,5000,5000,1.0,124,0.0248,0.020840470557508,0.0294891533710742
CURVE_CURVE_C4_C4_s0p05_i0p0001_n500_di0p01_scale1,C4_C4_s0p05_i0p0001_n500,Rare-cell case B,500,500,9.999999999987796e-05,0.0101000000003524,0.01,1.598933939525126,constrained_lr,Constrained LR,5000,5000,1.0,1561,0.3122,0.2995039908027131,0.3251843580478503
CURVE_CURVE_C4_C4_s0p05_i0p0001_n500_di0p01_scale1,C4_C4_s0p05_i0p0001_n500,Rare-cell case B,500,500,9.999999999987796e-05,0.0101000000003524,0.01,1.598933939525126,expanded_welch,Expanded Welch,5000,5000,1.0,134,0.0268,0.022673845890277,0.031652707230525
CURVE_CURVE_C4_C4_s0p05_i0p0001_n500_di0p01_scale1,C4_C4_s0p05_i0p0001_n500,Rare-cell case B,500,500,9.999999999987796e-05,0.0101000000003524,0.01,1.598933939525126,normal_wald,Normal Wald,5000,5000,1.0,359,0.0718,0.0649683266829092,0.0792891332628377
CURVE_CURVE_C4_C4_s0p05_i0p0001_n500_di0p01_scale1,C4_C4_s0p05_i0p0001_n500,Rare-cell case B,500,500,9.999999999987796e-05,0.0101000000003524,0.01,1.598933939525126,simple_welch,Simple Welch,5000,5000,1.0,355,0.071,0.0642057691784887,0.0784529190903702
CURVE_CURVE_C4_C4_s0p05_i0p0001_n500_di0p02_scale1,C4_C4_s0p05_i0p0001_n500,Rare-cell case B,500,500,9.999999999987796e-05,0.020099999999991,0.02,1.598933939525126,constrained_lr,Constrained LR,5000,5000,1.0,3375,0.675,0.661887491136607,0.687843813182623
CURVE_CURVE_C4_C4_s0p05_i0p0001_n500_di0p02_scale1,C4_C4_s0p05_i0p0001_n500,Rare-cell case B,500,500,9.999999999987796e-05,0.020099999999991,0.02,1.598933939525126,expanded_welch,Expanded Welch,5000,5000,1.0,1073,0.2146,0.2034418554274643,0.2261963488427743
CURVE_CURVE_C4_C4_s0p05_i0p0001_n500_di0p02_scale1,C4_C4_s0p05_i0p0001_n500,Rare-cell case B,500,500,9.999999999987796e-05,0.020099999999991,0.02,1.598933939525126,normal_wald,Normal Wald,5000,5000,1.0,1751,0.3502,0.3370971558863301,0.363532847616409
CURVE_CURVE_C4_C4_s0p05_i0p0001_n500_di0p02_scale1,C4_C4_s0p05_i0p0001_n500,Rare-cell case B,500,500,9.999999999987796e-05,0.020099999999991,0.02,1.598933939525126,simple_welch,Simple Welch,5000,5000,1.0,1733,0.3466,0.3335316314509189,0.3599038995058246
CURVE_CURVE_C4_C4_s0p05_i0p0001_n500_di0p05_scale1,C4_C4_s0p05_i0p0001_n500,Rare-cell case B,500,500,9.999999999987796e-05,0.0500999999999998,0.05,0.8656715428536095,constrained_lr,Constrained LR,5000,5000,1.0,4922,0.9844,0.9805744874896778,0.9874817628659512
CURVE_CURVE_C4_C4_s0p05_i0p0001_n500_di0p05_scale1,C4_C4_s0p05_i0p0001_n500,Rare-cell case B,500,500,9.999999999987796e-05,0.0500999999999998,0.05,0.8656715428536095,expanded_welch,Expanded Welch,5000,5000,1.0,4619,0.9238,0.9161161747785276,0.930833121052842
CURVE_CURVE_C4_C4_s0p05_i0p0001_n500_di0p05_scale1,C4_C4_s0p05_i0p0001_n500,Rare-cell case B,500,500,9.999999999987796e-05,0.0500999999999998,0.05,0.8656715428536095,normal_wald,Normal Wald,5000,5000,1.0,4783,0.9566,0.9505930439591348,0.9619058906246392
CURVE_CURVE_C4_C4_s0p05_i0p0001_n500_di0p05_scale1,C4_C4_s0p05_i0p0001_n500,Rare-cell case B,500,500,9.999999999987796e-05,0.0500999999999998,0.05,0.8656715428536095,simple_welch,Simple Welch,5000,5000,1.0,4781,0.9562,0.9501686465740612,0.9615309021712688
CURVE_CURVE_C4_C4_s0p1_i0p0001_n100_di0_scale1,C4_C4_s0p1_i0p0001_n100,Rare-cell case A,100,100,0.0001000000000001,0.0001000000000002,0.0,1.125034615441709,constrained_lr,Constrained LR,5000,5000,1.0,10,0.002,0.0010867468609438,0.003677884276333
CURVE_CURVE_C4_C4_s0p1_i0p0001_n100_di0_scale1,C4_C4_s0p1_i0p0001_n100,Rare-cell case A,100,100,0.0001000000000001,0.0001000000000002,0.0,1.125034615441709,expanded_welch,Expanded Welch,5000,4972,0.9944,18,0.0036202735317779,0.0022912785049281,0.0057157006463201
CURVE_CURVE_C4_C4_s0p1_i0p0001_n100_di0_scale1,C4_C4_s0p1_i0p0001_n100,Rare-cell case A,100,100,0.0001000000000001,0.0001000000000002,0.0,1.125034615441709,normal_wald,Normal Wald,5000,5000,1.0,288,0.0576,0.051475272851246,0.0644039898297405
CURVE_CURVE_C4_C4_s0p1_i0p0001_n100_di0_scale1,C4_C4_s0p1_i0p0001_n100,Rare-cell case A,100,100,0.0001000000000001,0.0001000000000002,0.0,1.125034615441709,simple_welch,Simple Welch,5000,5000,1.0,275,0.055,0.0490156477693742,0.0616676069617265
CURVE_CURVE_C4_C4_s0p1_i0p0001_n100_di1em05_scale1,C4_C4_s0p1_i0p0001_n100,Rare-cell case A,100,100,0.0001000000000001,0.00011,1e-05,1.129363707961393,constrained_lr,Constrained LR,5000,5000,1.0,14,0.0028,0.0016686770757911,0.0046947257383736
CURVE_CURVE_C4_C4_s0p1_i0p0001_n100_di1em05_scale1,C4_C4_s0p1_i0p0001_n100,Rare-cell case A,100,100,0.0001000000000001,0.00011,1e-05,1.129363707961393,expanded_welch,Expanded Welch,5000,4975,0.995,20,0.0040201005025125,0.0026039698024031,0.0062015844983916
CURVE_CURVE_C4_C4_s0p1_i0p0001_n100_di1em05_scale1,C4_C4_s0p1_i0p0001_n100,Rare-cell case A,100,100,0.0001000000000001,0.00011,1e-05,1.129363707961393,normal_wald,Normal Wald,5000,5000,1.0,300,0.06,0.0537489732557084,0.0669266044559418
CURVE_CURVE_C4_C4_s0p1_i0p0001_n100_di1em05_scale1,C4_C4_s0p1_i0p0001_n100,Rare-cell case A,100,100,0.0001000000000001,0.00011,1e-05,1.129363707961393,simple_welch,Simple Welch,5000,5000,1.0,287,0.0574,0.0512859370556652,0.0641936327060993
CURVE_CURVE_C4_C4_s0p1_i0p0001_n100_di0p0001_scale1,C4_C4_s0p1_i0p0001_n100,Rare-cell case A,100,100,0.0001000000000001,0.0001999999999986,0.0001,1.129363707961393,constrained_lr,Constrained LR,5000,5000,1.0,10,0.002,0.0010867468609438,0.003677884276333
CURVE_CURVE_C4_C4_s0p1_i0p0001_n100_di0p0001_scale1,C4_C4_s0p1_i0p0001_n100,Rare-cell case A,100,100,0.0001000000000001,0.0001999999999986,0.0001,1.129363707961393,expanded_welch,Expanded Welch,5000,4955,0.991,16,0.0032290615539858,0.001988633933197,0.0052391548796394
CURVE_CURVE_C4_C4_s0p1_i0p0001_n100_di0p0001_scale1,C4_C4_s0p1_i0p0001_n100,Rare-cell case A,100,100,0.0001000000000001,0.0001999999999986,0.0001,1.129363707961393,normal_wald,Normal Wald,5000,4999,0.9998,303,0.0606121224244848,0.054328768243431,0.0675702493129738
CURVE_CURVE_C4_C4_s0p1_i0p0001_n100_di0p0001_scale1,C4_C4_s0p1_i0p0001_n100,Rare-cell case A,100,100,0.0001000000000001,0.0001999999999986,0.0001,1.129363707961393,simple_welch,Simple Welch,5000,4999,0.9998,289,0.0578115623124624,0.051674997101976,0.0646272010807843
CURVE_CURVE_C4_C4_s0p1_i0p0001_n100_di0p001_scale1,C4_C4_s0p1_i0p0001_n100,Rare-cell case A,100,100,0.0001000000000001,0.001099999999965,0.001,1.129363707961393,constrained_lr,Constrained LR,5000,5000,1.0,17,0.0034,0.0021239367958294,0.0054385447760012
CURVE_CURVE_C4_C4_s0p1_i0p0001_n100_di0p001_scale1,C4_C4_s0p1_i0p0001_n100,Rare-cell case A,100,100,0.0001000000000001,0.001099999999965,0.001,1.129363707961393,expanded_welch,Expanded Welch,5000,4978,0.9956,10,0.0020088388911209,0.001091551232791,0.0036941206955038
CURVE_CURVE_C4_C4_s0p1_i0p0001_n100_di0p001_scale1,C4_C4_s0p1_i0p0001_n100,Rare-cell case A,100,100,0.0001000000000001,0.001099999999965,0.001,1.129363707961393,normal_wald,Normal Wald,5000,5000,1.0,241,0.0482,0.04260210373766,0.0544915917398935
CURVE_CURVE_C4_C4_s0p1_i0p0001_n100_di0p001_scale1,C4_C4_s0p1_i0p0001_n100,Rare-cell case A,100,100,0.0001000000000001,0.001099999999965,0.001,1.129363707961393,simple_welch,Simple Welch,5000,5000,1.0,232,0.0464,0.0409095822823138,0.0525868769222419
CURVE_CURVE_C4_C4_s0p1_i0p0001_n100_di0p005_scale1,C4_C4_s0p1_i0p0001_n100,Rare-cell case A,100,100,0.0001000000000001,0.0050999999999997,0.005,1.129363707961393,constrained_lr,Constrained LR,5000,5000,1.0,80,0.016,0.0128751750275618,0.0198679604552534
CURVE_CURVE_C4_C4_s0p1_i0p0001_n100_di0p005_scale1,C4_C4_s0p1_i0p0001_n100,Rare-cell case A,100,100,0.0001000000000001,0.0050999999999997,0.005,1.129363707961393,expanded_welch,Expanded Welch,5000,4975,0.995,23,0.0046231155778894,0.0030826748857471,0.006927979045077
CURVE_CURVE_C4_C4_s0p1_i0p0001_n100_di0p005_scale1,C4_C4_s0p1_i0p0001_n100,Rare-cell case A,100,100,0.0001000000000001,0.0050999999999997,0.005,1.129363707961393,normal_wald,Normal Wald,5000,4998,0.9996,148,0.0296118447378951,0.0252615007472326,0.0346847133199738
CURVE_CURVE_C4_C4_s0p1_i0p0001_n100_di0p005_scale1,C4_C4_s0p1_i0p0001_n100,Rare-cell case A,100,100,0.0001000000000001,0.0050999999999997,0.005,1.129363707961393,simple_welch,Simple Welch,5000,4998,0.9996,140,0.0280112044817927,0.023786577828078,0.0329608143388892
CURVE_CURVE_C4_C4_s0p1_i0p0001_n100_di0p01_scale1,C4_C4_s0p1_i0p0001_n100,Rare-cell case A,100,100,0.0001000000000001,0.010099999999998,0.01,1.129363707961393,constrained_lr,Constrained LR,5000,5000,1.0,164,0.0328,0.0282106057011778,0.0381067349962835
CURVE_CURVE_C4_C4_s0p1_i0p0001_n100_di0p01_scale1,C4_C4_s0p1_i0p0001_n100,Rare-cell case A,100,100,0.0001000000000001,0.010099999999998,0.01,1.129363707961393,expanded_welch,Expanded Welch,5000,4971,0.9942,31,0.0062361697847515,0.0043969098586968,0.0088379759895653
CURVE_CURVE_C4_C4_s0p1_i0p0001_n100_di0p01_scale1,C4_C4_s0p1_i0p0001_n100,Rare-cell case A,100,100,0.0001000000000001,0.010099999999998,0.01,1.129363707961393,normal_wald,Normal Wald,5000,5000,1.0,156,0.0312,0.0267293173446752,0.0363904799990103
CURVE_CURVE_C4_C4_s0p1_i0p0001_n100_di0p01_scale1,C4_C4_s0p1_i0p0001_n100,Rare-cell case A,100,100,0.0001000000000001,0.010099999999998,0.01,1.129363707961393,simple_welch,Simple Welch,5000,5000,1.0,144,0.0288,0.0245137405131535,0.0338097417998683
CURVE_CURVE_C4_C4_s0p1_i0p0001_n100_di0p02_scale1,C4_C4_s0p1_i0p0001_n100,Rare-cell case A,100,100,0.0001000000000001,0.0200999999998797,0.02,1.129363707961393,constrained_lr,Constrained LR,5000,5000,1.0,475,0.095,0.0871807381378733,0.1034411004376229
CURVE_CURVE_C4_C4_s0p1_i0p0001_n100_di0p02_scale1,C4_C4_s0p1_i0p0001_n100,Rare-cell case A,100,100,0.0001000000000001,0.0200999999998797,0.02,1.129363707961393,expanded_welch,Expanded Welch,5000,4967,0.9934,89,0.0179182605194282,0.0145843476655976,0.0219972774630852
CURVE_CURVE_C4_C4_s0p1_i0p0001_n100_di0p02_scale1,C4_C4_s0p1_i0p0001_n100,Rare-cell case A,100,100,0.0001000000000001,0.0200999999998797,0.02,1.129363707961393,normal_wald,Normal Wald,5000,5000,1.0,200,0.04,0.0349121444023271,0.0457941413871253
CURVE_CURVE_C4_C4_s0p1_i0p0001_n100_di0p02_scale1,C4_C4_s0p1_i0p0001_n100,Rare-cell case A,100,100,0.0001000000000001,0.0200999999998797,0.02,1.129363707961393,simple_welch,Simple Welch,5000,5000,1.0,193,0.0386,0.0336049261306961,0.0443035092242025
CURVE_CURVE_C4_C4_s0p1_i0p0001_n100_di0p05_scale1,C4_C4_s0p1_i0p0001_n100,Rare-cell case A,100,100,0.0001000000000001,0.0501000000000001,0.05,0.825308913506078,constrained_lr,Constrained LR,5000,5000,1.0,2012,0.4024,0.3888875013182859,0.4160623541013893
CURVE_CURVE_C4_C4_s0p1_i0p0001_n100_di0p05_scale1,C4_C4_s0p1_i0p0001_n100,Rare-cell case A,100,100,0.0001000000000001,0.0501000000000001,0.05,0.825308913506078,expanded_welch,Expanded Welch,5000,4967,0.9934,831,0.1673042077712905,0.1571821346863037,0.1779404944743346
CURVE_CURVE_C4_C4_s0p1_i0p0001_n100_di0p05_scale1,C4_C4_s0p1_i0p0001_n100,Rare-cell case A,100,100,0.0001000000000001,0.0501000000000001,0.05,0.825308913506078,normal_wald,Normal Wald,5000,5000,1.0,1248,0.2496,0.2377994261883534,0.2617850389457312
CURVE_CURVE_C4_C4_s0p1_i0p0001_n100_di0p05_scale1,C4_C4_s0p1_i0p0001_n100,Rare-cell case A,100,100,0.0001000000000001,0.0501000000000001,0.05,0.825308913506078,simple_welch,Simple Welch,5000,5000,1.0,1217,0.2434,0.2317051437177874,0.255488840920416
