configuration_id,anchor_configuration_id,configuration_label,sample_scale,n_p,n_q,mi_p,mi_q,mi_difference,minimum_expected_count,method,method_label,replicates,valid_count,valid_rate,reject_count,power,wilson_low,wilson_high
CURVE_CURVE_C1_N0_n10_di0p005_scale0p5,C1_N0_n10,"Balanced, very small sample",0.5,5,5,0.09999999999999987,0.10499999999999998,0.005,0.6874443069495659,bartlett_lr,Constrained LR (oracle Bartlett),5000,5000,1.0,70,0.014,0.011096433554600585,0.017649772735994947
CURVE_CURVE_C1_N0_n10_di0p005_scale0p5,C1_N0_n10,"Balanced, very small sample",0.5,5,5,0.09999999999999987,0.10499999999999998,0.005,0.6874443069495659,constrained_lr,Constrained LR (chi-squared),5000,5000,1.0,70,0.014,0.011096433554600585,0.017649772735994947
CURVE_CURVE_C1_N0_n10_di0p005_scale0p5,C1_N0_n10,"Balanced, very small sample",0.5,5,5,0.09999999999999987,0.10499999999999998,0.005,0.6874443069495659,empirical_lr,Constrained LR (split empirical),5000,5000,1.0,270,0.054,0.048070671178201296,0.06061411895678967
CURVE_CURVE_C1_N0_n10_di0p005_scale0p5,C1_N0_n10,"Balanced, very small sample",0.5,5,5,0.09999999999999987,0.10499999999999998,0.005,0.6874443069495659,expanded_welch,Expanded Welch,5000,3870,0.774,0,0.0,0.0,0.0009916406909082885
CURVE_CURVE_C1_N0_n10_di0p005_scale0p5,C1_N0_n10,"Balanced, very small sample",0.5,5,5,0.09999999999999987,0.10499999999999998,0.005,0.6874443069495659,normal_wald,Normal Wald,5000,4928,0.9856,855,0.1734983766233766,0.16318113857332145,0.18432424519270685
CURVE_CURVE_C1_N0_n10_di0p005_scale0p5,C1_N0_n10,"Balanced, very small sample",0.5,5,5,0.09999999999999987,0.10499999999999998,0.005,0.6874443069495659,simple_welch,Simple Welch,5000,4928,0.9856,559,0.11343344155844155,0.10487888174581053,0.12259020220340258
CURVE_CURVE_C1_N0_n1000_di0p005_scale0p5,C1_N0_n1000,"Balanced, large sample",0.5,500,500,0.09999999999999987,0.10499999999999998,0.005,68.74443069495659,bartlett_lr,Constrained LR (oracle Bartlett),5000,5000,1.0,247,0.0494,0.04373172063796704,0.055760132354918446
CURVE_CURVE_C1_N0_n1000_di0p005_scale0p5,C1_N0_n1000,"Balanced, large sample",0.5,500,500,0.09999999999999987,0.10499999999999998,0.005,68.74443069495659,constrained_lr,Constrained LR (chi-squared),5000,5000,1.0,257,0.0514,0.04561656542843631,0.057872216756668954
CURVE_CURVE_C1_N0_n1000_di0p005_scale0p5,C1_N0_n1000,"Balanced, large sample",0.5,500,500,0.09999999999999987,0.10499999999999998,0.005,68.74443069495659,empirical_lr,Constrained LR (split empirical),5000,5000,1.0,251,0.0502,0.04448534215006972,0.05660528251970369
CURVE_CURVE_C1_N0_n1000_di0p005_scale0p5,C1_N0_n1000,"Balanced, large sample",0.5,500,500,0.09999999999999987,0.10499999999999998,0.005,68.74443069495659,expanded_welch,Expanded Welch,5000,5000,1.0,244,0.0488,0.043166788231898734,0.05512598600332083
CURVE_CURVE_C1_N0_n1000_di0p005_scale0p5,C1_N0_n1000,"Balanced, large sample",0.5,500,500,0.09999999999999987,0.10499999999999998,0.005,68.74443069495659,normal_wald,Normal Wald,5000,5000,1.0,250,0.05,0.044296896700570555,0.05639403504998087
CURVE_CURVE_C1_N0_n1000_di0p005_scale0p5,C1_N0_n1000,"Balanced, large sample",0.5,500,500,0.09999999999999987,0.10499999999999998,0.005,68.74443069495659,simple_welch,Simple Welch,5000,5000,1.0,250,0.05,0.044296896700570555,0.05639403504998087
CURVE_CURVE_C1_N0_n50_di0p005_scale0p5,C1_N0_n50,"Balanced, moderate sample",0.5,25,25,0.09999999999999987,0.10499999999999998,0.005,3.437221534747829,bartlett_lr,Constrained LR (oracle Bartlett),5000,5000,1.0,232,0.0464,0.040909582282313894,0.052586876922241926
CURVE_CURVE_C1_N0_n50_di0p005_scale0p5,C1_N0_n50,"Balanced, moderate sample",0.5,25,25,0.09999999999999987,0.10499999999999998,0.005,3.437221534747829,constrained_lr,Constrained LR (chi-squared),5000,5000,1.0,317,0.0634,0.0569750881353032,0.07049526920312069
CURVE_CURVE_C1_N0_n50_di0p005_scale0p5,C1_N0_n50,"Balanced, moderate sample",0.5,25,25,0.09999999999999987,0.10499999999999998,0.005,3.437221534747829,empirical_lr,Constrained LR (split empirical),5000,5000,1.0,227,0.0454,0.039970320043562504,0.051527674564883455
CURVE_CURVE_C1_N0_n50_di0p005_scale0p5,C1_N0_n50,"Balanced, moderate sample",0.5,25,25,0.09999999999999987,0.10499999999999998,0.005,3.437221534747829,expanded_welch,Expanded Welch,5000,5000,1.0,264,0.0528,0.04693748851677059,0.05934914410288852
CURVE_CURVE_C1_N0_n50_di0p005_scale0p5,C1_N0_n50,"Balanced, moderate sample",0.5,25,25,0.09999999999999987,0.10499999999999998,0.005,3.437221534747829,normal_wald,Normal Wald,5000,5000,1.0,316,0.0632,0.05678516000428789,0.07028550441491403
CURVE_CURVE_C1_N0_n50_di0p005_scale0p5,C1_N0_n50,"Balanced, moderate sample",0.5,25,25,0.09999999999999987,0.10499999999999998,0.005,3.437221534747829,simple_welch,Simple Welch,5000,5000,1.0,279,0.0558,0.049772048527119625,0.06250997788086914
CURVE_CURVE_C1_N3_n50_di0p005_scale0p5,C1_N3_n50,One skewed population,0.5,25,25,0.03000000000000036,0.034999999999659415,0.005,0.7935319932386035,bartlett_lr,Constrained LR (oracle Bartlett),5000,5000,1.0,246,0.0492,0.04354338255549715,0.05554877751816637
CURVE_CURVE_C1_N3_n50_di0p005_scale0p5,C1_N3_n50,One skewed population,0.5,25,25,0.03000000000000036,0.034999999999659415,0.005,0.7935319932386035,constrained_lr,Constrained LR (chi-squared),5000,5000,1.0,177,0.0354,0.030624246822118124,0.04088910182522896
CURVE_CURVE_C1_N3_n50_di0p005_scale0p5,C1_N3_n50,One skewed population,0.5,25,25,0.03000000000000036,0.034999999999659415,0.005,0.7935319932386035,empirical_lr,Constrained LR (split empirical),5000,5000,1.0,266,0.0532,0.04731511889160377,0.05977089956649927
CURVE_CURVE_C1_N3_n50_di0p005_scale0p5,C1_N3_n50,One skewed population,0.5,25,25,0.03000000000000036,0.034999999999659415,0.005,0.7935319932386035,expanded_welch,Expanded Welch,5000,4629,0.9258,88,0.01901058543961979,0.015456869987658673,0.02336195436003946
CURVE_CURVE_C1_N3_n50_di0p005_scale0p5,C1_N3_n50,One skewed population,0.5,25,25,0.03000000000000036,0.034999999999659415,0.005,0.7935319932386035,normal_wald,Normal Wald,5000,4997,0.9994,172,0.03442065239143486,0.029712875305457246,0.0398437106581223
CURVE_CURVE_C1_N3_n50_di0p005_scale0p5,C1_N3_n50,One skewed population,0.5,25,25,0.03000000000000036,0.034999999999659415,0.005,0.7935319932386035,simple_welch,Simple Welch,5000,4997,0.9994,148,0.029617770662397437,0.025266566490899214,0.034691634801769476
CURVE_CURVE_C1_N6_n100_di0p005_scale0p5,C1_N6_n100,"Sparse, smaller sample",0.5,50,50,0.00499999999999956,0.010000000000196296,0.005,0.015595118913314977,bartlett_lr,Constrained LR (oracle Bartlett),5000,5000,1.0,260,0.052,0.04618252452365877,0.058505336419112416
CURVE_CURVE_C1_N6_n100_di0p005_scale0p5,C1_N6_n100,"Sparse, smaller sample",0.5,50,50,0.00499999999999956,0.010000000000196296,0.005,0.015595118913314977,constrained_lr,Constrained LR (chi-squared),5000,5000,1.0,73,0.0146,0.01162844344183671,0.018316841606424748
CURVE_CURVE_C1_N6_n100_di0p005_scale0p5,C1_N6_n100,"Sparse, smaller sample",0.5,50,50,0.00499999999999956,0.010000000000196296,0.005,0.015595118913314977,empirical_lr,Constrained LR (split empirical),5000,5000,1.0,239,0.0478,0.042225787297577644,0.05406852234153203
CURVE_CURVE_C1_N6_n100_di0p005_scale0p5,C1_N6_n100,"Sparse, smaller sample",0.5,50,50,0.00499999999999956,0.010000000000196296,0.005,0.015595118913314977,expanded_welch,Expanded Welch,5000,4585,0.917,3,0.0006543075245365322,0.00022254799444527062,0.0019221020025113307
CURVE_CURVE_C1_N6_n100_di0p005_scale0p5,C1_N6_n100,"Sparse, smaller sample",0.5,50,50,0.00499999999999956,0.010000000000196296,0.005,0.015595118913314977,normal_wald,Normal Wald,5000,4997,0.9994,30,0.006003602161296778,0.004208663234557702,0.008557480092799313
CURVE_CURVE_C1_N6_n100_di0p005_scale0p5,C1_N6_n100,"Sparse, smaller sample",0.5,50,50,0.00499999999999956,0.010000000000196296,0.005,0.015595118913314977,simple_welch,Simple Welch,5000,4997,0.9994,25,0.005003001801080648,0.003391137465094451,0.007375342389156136
CURVE_CURVE_C1_N6_n200_di0p005_scale0p5,C1_N6_n200,"Sparse, larger sample",0.5,100,100,0.00499999999999956,0.010000000000196296,0.005,0.031190237826629955,bartlett_lr,Constrained LR (oracle Bartlett),5000,5000,1.0,177,0.0354,0.030624246822118124,0.04088910182522896
CURVE_CURVE_C1_N6_n200_di0p005_scale0p5,C1_N6_n200,"Sparse, larger sample",0.5,100,100,0.00499999999999956,0.010000000000196296,0.005,0.031190237826629955,constrained_lr,Constrained LR (chi-squared),5000,5000,1.0,45,0.009,0.00673322861097761,0.01202065469906849
CURVE_CURVE_C1_N6_n200_di0p005_scale0p5,C1_N6_n200,"Sparse, larger sample",0.5,100,100,0.00499999999999956,0.010000000000196296,0.005,0.031190237826629955,empirical_lr,Constrained LR (split empirical),5000,5000,1.0,228,0.0456,0.04015811220817567,0.05173957531949226
CURVE_CURVE_C1_N6_n200_di0p005_scale0p5,C1_N6_n200,"Sparse, larger sample",0.5,100,100,0.00499999999999956,0.010000000000196296,0.005,0.031190237826629955,expanded_welch,Expanded Welch,5000,4968,0.9936,69,0.013888888888888888,0.010989852875874156,0.017539105659006096
CURVE_CURVE_C1_N6_n200_di0p005_scale0p5,C1_N6_n200,"Sparse, larger sample",0.5,100,100,0.00499999999999956,0.010000000000196296,0.005,0.031190237826629955,normal_wald,Normal Wald,5000,5000,1.0,418,0.0836,0.07624395392299979,0.09159538825684377
CURVE_CURVE_C1_N6_n200_di0p005_scale0p5,C1_N6_n200,"Sparse, larger sample",0.5,100,100,0.00499999999999956,0.010000000000196296,0.005,0.031190237826629955,simple_welch,Simple Welch,5000,5000,1.0,406,0.0812,0.07394662267077708,0.08909640447840277
CURVE_CURVE_C1_N7_n1000_di0p005_scale0p5,C1_N7_n1000,Ultra-rare categories,0.5,500,500,0.0005000000000022972,0.005499999999998187,0.005,0.15268321301194732,bartlett_lr,Constrained LR (oracle Bartlett),5000,5000,1.0,1853,0.3706,0.35731723776686947,0.38408144349651135
CURVE_CURVE_C1_N7_n1000_di0p005_scale0p5,C1_N7_n1000,Ultra-rare categories,0.5,500,500,0.0005000000000022972,0.005499999999998187,0.005,0.15268321301194732,constrained_lr,Constrained LR (chi-squared),5000,5000,1.0,231,0.0462,0.0407216699236964,0.05237509636163745
CURVE_CURVE_C1_N7_n1000_di0p005_scale0p5,C1_N7_n1000,Ultra-rare categories,0.5,500,500,0.0005000000000022972,0.005499999999998187,0.005,0.15268321301194732,empirical_lr,Constrained LR (split empirical),5000,5000,1.0,1270,0.254,0.24212639632842997,0.26625131302853816
CURVE_CURVE_C1_N7_n1000_di0p005_scale0p5,C1_N7_n1000,Ultra-rare categories,0.5,500,500,0.0005000000000022972,0.005499999999998187,0.005,0.15268321301194732,expanded_welch,Expanded Welch,5000,2653,0.5306,3,0.0011307953260459858,0.00038464531580343795,0.0033195496740859864
CURVE_CURVE_C1_N7_n1000_di0p005_scale0p5,C1_N7_n1000,Ultra-rare categories,0.5,500,500,0.0005000000000022972,0.005499999999998187,0.005,0.15268321301194732,normal_wald,Normal Wald,5000,4689,0.9378,14,0.002985711239070164,0.001779402785869822,0.005005710050372434
CURVE_CURVE_C1_N7_n1000_di0p005_scale0p5,C1_N7_n1000,Ultra-rare categories,0.5,500,500,0.0005000000000022972,0.005499999999998187,0.005,0.15268321301194732,simple_welch,Simple Welch,5000,4689,0.9378,14,0.002985711239070164,0.001779402785869822,0.005005710050372434
CURVE_CURVE_C2_N0_np20_nq200_di0p005_scale0p5,C2_N0_np20_nq200,"Balanced, unequal samples",0.5,10,100,0.09999999999999987,0.10499999999999998,0.005,1.4010268691929522,bartlett_lr,Constrained LR (oracle Bartlett),5000,5000,1.0,169,0.0338,0.02913800557240294,0.03917779972116832
CURVE_CURVE_C2_N0_np20_nq200_di0p005_scale0p5,C2_N0_np20_nq200,"Balanced, unequal samples",0.5,10,100,0.09999999999999987,0.10499999999999998,0.005,1.4010268691929522,constrained_lr,Constrained LR (chi-squared),5000,5000,1.0,204,0.0408,0.035659936585538905,0.046645120880801576
CURVE_CURVE_C2_N0_np20_nq200_di0p005_scale0p5,C2_N0_np20_nq200,"Balanced, unequal samples",0.5,10,100,0.09999999999999987,0.10499999999999998,0.005,1.4010268691929522,empirical_lr,Constrained LR (split empirical),5000,5000,1.0,220,0.044,0.038656640337733486,0.05004350383615862
CURVE_CURVE_C2_N0_np20_nq200_di0p005_scale0p5,C2_N0_np20_nq200,"Balanced, unequal samples",0.5,10,100,0.09999999999999987,0.10499999999999998,0.005,1.4010268691929522,expanded_welch,Expanded Welch,5000,4925,0.985,251,0.05096446700507614,0.045164722340517396,0.057464153643196
CURVE_CURVE_C2_N0_np20_nq200_di0p005_scale0p5,C2_N0_np20_nq200,"Balanced, unequal samples",0.5,10,100,0.09999999999999987,0.10499999999999998,0.005,1.4010268691929522,normal_wald,Normal Wald,5000,5000,1.0,1061,0.2122,0.20109017054144362,0.22375171869813132
CURVE_CURVE_C2_N0_np20_nq200_di0p005_scale0p5,C2_N0_np20_nq200,"Balanced, unequal samples",0.5,10,100,0.09999999999999987,0.10499999999999998,0.005,1.4010268691929522,simple_welch,Simple Welch,5000,5000,1.0,963,0.1926,0.18190725115463127,0.2037647320011899
CURVE_CURVE_C2_N3_np500_nq50_di0p005_scale0p5,C2_N3_np500_nq50,"Skewed, unequal samples",0.5,250,25,0.03000000000000036,0.034999999999659415,0.005,0.7935319932386035,bartlett_lr,Constrained LR (oracle Bartlett),5000,5000,1.0,220,0.044,0.038656640337733486,0.05004350383615862
CURVE_CURVE_C2_N3_np500_nq50_di0p005_scale0p5,C2_N3_np500_nq50,"Skewed, unequal samples",0.5,250,25,0.03000000000000036,0.034999999999659415,0.005,0.7935319932386035,constrained_lr,Constrained LR (chi-squared),5000,5000,1.0,166,0.0332,0.028581422740299713,0.03853530379560562
CURVE_CURVE_C2_N3_np500_nq50_di0p005_scale0p5,C2_N3_np500_nq50,"Skewed, unequal samples",0.5,250,25,0.03000000000000036,0.034999999999659415,0.005,0.7935319932386035,empirical_lr,Constrained LR (split empirical),5000,5000,1.0,334,0.0668,0.06020671680947418,0.0740584201557233
CURVE_CURVE_C2_N3_np500_nq50_di0p005_scale0p5,C2_N3_np500_nq50,"Skewed, unequal samples",0.5,250,25,0.03000000000000036,0.034999999999659415,0.005,0.7935319932386035,expanded_welch,Expanded Welch,5000,4628,0.9256,168,0.036300777873811585,0.03128522279210163,0.04208547908576891
CURVE_CURVE_C2_N3_np500_nq50_di0p005_scale0p5,C2_N3_np500_nq50,"Skewed, unequal samples",0.5,250,25,0.03000000000000036,0.034999999999659415,0.005,0.7935319932386035,normal_wald,Normal Wald,5000,5000,1.0,962,0.1924,0.18171172236960345,0.2035605678669957
CURVE_CURVE_C2_N3_np500_nq50_di0p005_scale0p5,C2_N3_np500_nq50,"Skewed, unequal samples",0.5,250,25,0.03000000000000036,0.034999999999659415,0.005,0.7935319932386035,simple_welch,Simple Welch,5000,5000,1.0,936,0.1872,0.17662957539558835,0.19825069894123945
CURVE_CURVE_C2_N5_np200_nq2000_di0p005_scale0p5,C2_N5_np200_nq2000,Rare and highly unequal,0.5,100,1000,0.005000000000208782,0.010000000000000314,0.005,0.34939959261344083,bartlett_lr,Constrained LR (oracle Bartlett),5000,5000,1.0,83,0.0166,0.013411609285621018,0.020530604954860213
CURVE_CURVE_C2_N5_np200_nq2000_di0p005_scale0p5,C2_N5_np200_nq2000,Rare and highly unequal,0.5,100,1000,0.005000000000208782,0.010000000000000314,0.005,0.34939959261344083,constrained_lr,Constrained LR (chi-squared),5000,5000,1.0,62,0.0124,0.009685385642423546,0.015863277294396162
CURVE_CURVE_C2_N5_np200_nq2000_di0p005_scale0p5,C2_N5_np200_nq2000,Rare and highly unequal,0.5,100,1000,0.005000000000208782,0.010000000000000314,0.005,0.34939959261344083,empirical_lr,Constrained LR (split empirical),5000,5000,1.0,131,0.0262,0.022123116236859242,0.031004358126276898
CURVE_CURVE_C2_N5_np200_nq2000_di0p005_scale0p5,C2_N5_np200_nq2000,Rare and highly unequal,0.5,100,1000,0.005000000000208782,0.010000000000000314,0.005,0.34939959261344083,expanded_welch,Expanded Welch,5000,3807,0.7614,1087,0.2855266614131862,0.27140106824196214,0.30008464753868086
CURVE_CURVE_C2_N5_np200_nq2000_di0p005_scale0p5,C2_N5_np200_nq2000,Rare and highly unequal,0.5,100,1000,0.005000000000208782,0.010000000000000314,0.005,0.34939959261344083,normal_wald,Normal Wald,5000,5000,1.0,3542,0.7084,0.6956459902149374,0.7208340316143629
CURVE_CURVE_C2_N5_np200_nq2000_di0p005_scale0p5,C2_N5_np200_nq2000,Rare and highly unequal,0.5,100,1000,0.005000000000208782,0.010000000000000314,0.005,0.34939959261344083,simple_welch,Simple Welch,5000,5000,1.0,3542,0.7084,0.6956459902149374,0.7208340316143629
CURVE_CURVE_C3_C3_same_balanced_i0p005_n1000_di0p005_scale0p5,C3_C3_same_balanced_i0p005_n1000,Near independence,0.5,500,500,0.005000000000004778,0.01000000000000223,0.005,107.3518574316245,bartlett_lr,Constrained LR (oracle Bartlett),5000,5000,1.0,514,0.1028,0.09468472980921208,0.1115251326159413
CURVE_CURVE_C3_C3_same_balanced_i0p005_n1000_di0p005_scale0p5,C3_C3_same_balanced_i0p005_n1000,Near independence,0.5,500,500,0.005000000000004778,0.01000000000000223,0.005,107.3518574316245,constrained_lr,Constrained LR (chi-squared),5000,5000,1.0,482,0.0964,0.08852643154627349,0.10489325746377662
CURVE_CURVE_C3_C3_same_balanced_i0p005_n1000_di0p005_scale0p5,C3_C3_same_balanced_i0p005_n1000,Near independence,0.5,500,500,0.005000000000004778,0.01000000000000223,0.005,107.3518574316245,empirical_lr,Constrained LR (split empirical),5000,5000,1.0,551,0.1102,0.1018178158948974,0.11918068454146917
CURVE_CURVE_C3_C3_same_balanced_i0p005_n1000_di0p005_scale0p5,C3_C3_same_balanced_i0p005_n1000,Near independence,0.5,500,500,0.005000000000004778,0.01000000000000223,0.005,107.3518574316245,expanded_welch,Expanded Welch,5000,5000,1.0,132,0.0264,0.022306626510353804,0.031220540772004313
CURVE_CURVE_C3_C3_same_balanced_i0p005_n1000_di0p005_scale0p5,C3_C3_same_balanced_i0p005_n1000,Near independence,0.5,500,500,0.005000000000004778,0.01000000000000223,0.005,107.3518574316245,normal_wald,Normal Wald,5000,5000,1.0,251,0.0502,0.04448534215006972,0.05660528251970369
CURVE_CURVE_C3_C3_same_balanced_i0p005_n1000_di0p005_scale0p5,C3_C3_same_balanced_i0p005_n1000,Near independence,0.5,500,500,0.005000000000004778,0.01000000000000223,0.005,107.3518574316245,simple_welch,Simple Welch,5000,5000,1.0,246,0.0492,0.04354338255549715,0.05554877751816637
CURVE_CURVE_C4_C4_s0p05_i0p0001_n500_di0p005_scale0p5,C4_C4_s0p05_i0p0001_n500,Rare-cell case B,0.5,250,250,9.999999999987796e-05,0.005099999999995941,0.005,0.7994669697625629,bartlett_lr,Constrained LR (oracle Bartlett),5000,5000,1.0,1118,0.2236,0.2122657467294152,0.2353586389058124
CURVE_CURVE_C4_C4_s0p05_i0p0001_n500_di0p005_scale0p5,C4_C4_s0p05_i0p0001_n500,Rare-cell case B,0.5,250,250,9.999999999987796e-05,0.005099999999995941,0.005,0.7994669697625629,constrained_lr,Constrained LR (chi-squared),5000,5000,1.0,229,0.0458,0.04034593470149568,0.05195144574539422
CURVE_CURVE_C4_C4_s0p05_i0p0001_n500_di0p005_scale0p5,C4_C4_s0p05_i0p0001_n500,Rare-cell case B,0.5,250,250,9.999999999987796e-05,0.005099999999995941,0.005,0.7994669697625629,empirical_lr,Constrained LR (split empirical),5000,5000,1.0,1182,0.2364,0.2248285520923372,0.24837618037309694
CURVE_CURVE_C4_C4_s0p05_i0p0001_n500_di0p005_scale0p5,C4_C4_s0p05_i0p0001_n500,Rare-cell case B,0.5,250,250,9.999999999987796e-05,0.005099999999995941,0.005,0.7994669697625629,expanded_welch,Expanded Welch,5000,4990,0.998,9,0.0018036072144288577,0.0009491924514442173,0.0034244864089679893
CURVE_CURVE_C4_C4_s0p05_i0p0001_n500_di0p005_scale0p5,C4_C4_s0p05_i0p0001_n500,Rare-cell case B,0.5,250,250,9.999999999987796e-05,0.005099999999995941,0.005,0.7994669697625629,normal_wald,Normal Wald,5000,5000,1.0,82,0.0164,0.01323266415044011,0.020309857170819144
CURVE_CURVE_C4_C4_s0p05_i0p0001_n500_di0p005_scale0p5,C4_C4_s0p05_i0p0001_n500,Rare-cell case B,0.5,250,250,9.999999999987796e-05,0.005099999999995941,0.005,0.7994669697625629,simple_welch,Simple Welch,5000,5000,1.0,77,0.0154,0.012339981325724817,0.019204075399424557
CURVE_CURVE_C4_C4_s0p1_i0p0001_n100_di0p005_scale0p5,C4_C4_s0p1_i0p0001_n100,Rare-cell case A,0.5,50,50,0.00010000000000010001,0.005099999999999771,0.005,0.5646818539806965,bartlett_lr,Constrained LR (oracle Bartlett),5000,5000,1.0,481,0.0962,0.08833415715201101,0.10468583893881711
CURVE_CURVE_C4_C4_s0p1_i0p0001_n100_di0p005_scale0p5,C4_C4_s0p1_i0p0001_n100,Rare-cell case A,0.5,50,50,0.00010000000000010001,0.005099999999999771,0.005,0.5646818539806965,constrained_lr,Constrained LR (chi-squared),5000,5000,1.0,69,0.0138,0.010919427213083529,0.01742708615829002
CURVE_CURVE_C4_C4_s0p1_i0p0001_n100_di0p005_scale0p5,C4_C4_s0p1_i0p0001_n100,Rare-cell case A,0.5,50,50,0.00010000000000010001,0.005099999999999771,0.005,0.5646818539806965,empirical_lr,Constrained LR (split empirical),5000,5000,1.0,463,0.0926,0.08487509046113609,0.10095043308369647
CURVE_CURVE_C4_C4_s0p1_i0p0001_n100_di0p005_scale0p5,C4_C4_s0p1_i0p0001_n100,Rare-cell case A,0.5,50,50,0.00010000000000010001,0.005099999999999771,0.005,0.5646818539806965,expanded_welch,Expanded Welch,5000,4505,0.901,2,0.0004439511653718091,0.0001217558660781328,0.001617373551602721
CURVE_CURVE_C4_C4_s0p1_i0p0001_n100_di0p005_scale0p5,C4_C4_s0p1_i0p0001_n100,Rare-cell case A,0.5,50,50,0.00010000000000010001,0.005099999999999771,0.005,0.5646818539806965,normal_wald,Normal Wald,5000,4999,0.9998,22,0.004400880176035207,0.00290814672893971,0.006654710542170307
CURVE_CURVE_C4_C4_s0p1_i0p0001_n100_di0p005_scale0p5,C4_C4_s0p1_i0p0001_n100,Rare-cell case A,0.5,50,50,0.00010000000000010001,0.005099999999999771,0.005,0.5646818539806965,simple_welch,Simple Welch,5000,4999,0.9998,16,0.003200640128025605,0.001971122231500192,0.005193098165190718
CURVE_CURVE_C1_N0_n10_di0p005_scale1,C1_N0_n10,"Balanced, very small sample",1.0,10,10,0.09999999999999987,0.10499999999999998,0.005,1.3748886138991319,bartlett_lr,Constrained LR (oracle Bartlett),5000,4998,0.9996,187,0.03741496598639456,0.03249898094943886,0.04304148988143379
CURVE_CURVE_C1_N0_n10_di0p005_scale1,C1_N0_n10,"Balanced, very small sample",1.0,10,10,0.09999999999999987,0.10499999999999998,0.005,1.3748886138991319,constrained_lr,Constrained LR (chi-squared),5000,4998,0.9996,261,0.05222088835534214,0.04638983753887156,0.05873973586921363
CURVE_CURVE_C1_N0_n10_di0p005_scale1,C1_N0_n10,"Balanced, very small sample",1.0,10,10,0.09999999999999987,0.10499999999999998,0.005,1.3748886138991319,empirical_lr,Constrained LR (split empirical),5000,4998,0.9996,221,0.04421768707482993,0.03885979929706186,0.05027566460982737
CURVE_CURVE_C1_N0_n10_di0p005_scale1,C1_N0_n10,"Balanced, very small sample",1.0,10,10,0.09999999999999987,0.10499999999999998,0.005,1.3748886138991319,expanded_welch,Expanded Welch,5000,4871,0.9742,207,0.04249640730856087,0.037182885452241764,0.048530970547041745
CURVE_CURVE_C1_N0_n10_di0p005_scale1,C1_N0_n10,"Balanced, very small sample",1.0,10,10,0.09999999999999987,0.10499999999999998,0.005,1.3748886138991319,normal_wald,Normal Wald,5000,4989,0.9978,665,0.1332932451393065,0.12414327916887456,0.1430074945582261
CURVE_CURVE_C1_N0_n10_di0p005_scale1,C1_N0_n10,"Balanced, very small sample",1.0,10,10,0.09999999999999987,0.10499999999999998,0.005,1.3748886138991319,simple_welch,Simple Welch,5000,4989,0.9978,473,0.09480857887352175,0.0869885129665802,0.10325214791854356
CURVE_CURVE_C1_N0_n1000_di0p005_scale1,C1_N0_n1000,"Balanced, large sample",1.0,1000,1000,0.09999999999999987,0.10499999999999998,0.005,137.48886138991318,bartlett_lr,Constrained LR (oracle Bartlett),5000,5000,1.0,291,0.0582,0.052043410621939824,0.06503493081671266
CURVE_CURVE_C1_N0_n1000_di0p005_scale1,C1_N0_n1000,"Balanced, large sample",1.0,1000,1000,0.09999999999999987,0.10499999999999998,0.005,137.48886138991318,constrained_lr,Constrained LR (chi-squared),5000,5000,1.0,271,0.0542,0.04825961924472352,0.06082486380948941
CURVE_CURVE_C1_N0_n1000_di0p005_scale1,C1_N0_n1000,"Balanced, large sample",1.0,1000,1000,0.09999999999999987,0.10499999999999998,0.005,137.48886138991318,empirical_lr,Constrained LR (split empirical),5000,5000,1.0,295,0.059,0.052801227987900407,0.06587588512763998
CURVE_CURVE_C1_N0_n1000_di0p005_scale1,C1_N0_n1000,"Balanced, large sample",1.0,1000,1000,0.09999999999999987,0.10499999999999998,0.005,137.48886138991318,expanded_welch,Expanded Welch,5000,5000,1.0,263,0.0526,0.046748710224978236,0.05913822947545889
CURVE_CURVE_C1_N0_n1000_di0p005_scale1,C1_N0_n1000,"Balanced, large sample",1.0,1000,1000,0.09999999999999987,0.10499999999999998,0.005,137.48886138991318,normal_wald,Normal Wald,5000,5000,1.0,267,0.0534,0.047503970713696914,0.05998174066362813
CURVE_CURVE_C1_N0_n1000_di0p005_scale1,C1_N0_n1000,"Balanced, large sample",1.0,1000,1000,0.09999999999999987,0.10499999999999998,0.005,137.48886138991318,simple_welch,Simple Welch,5000,5000,1.0,266,0.0532,0.04731511889160377,0.05977089956649927
CURVE_CURVE_C1_N0_n50_di0p005_scale1,C1_N0_n50,"Balanced, moderate sample",1.0,50,50,0.09999999999999987,0.10499999999999998,0.005,6.874443069495658,bartlett_lr,Constrained LR (oracle Bartlett),5000,5000,1.0,239,0.0478,0.042225787297577644,0.05406852234153203
CURVE_CURVE_C1_N0_n50_di0p005_scale1,C1_N0_n50,"Balanced, moderate sample",1.0,50,50,0.09999999999999987,0.10499999999999998,0.005,6.874443069495658,constrained_lr,Constrained LR (chi-squared),5000,5000,1.0,272,0.0544,0.04844859105944088,0.06103558491399404
CURVE_CURVE_C1_N0_n50_di0p005_scale1,C1_N0_n50,"Balanced, moderate sample",1.0,50,50,0.09999999999999987,0.10499999999999998,0.005,6.874443069495658,empirical_lr,Constrained LR (split empirical),5000,5000,1.0,230,0.046,0.04053378733537787,0.05216328603073401
CURVE_CURVE_C1_N0_n50_di0p005_scale1,C1_N0_n50,"Balanced, moderate sample",1.0,50,50,0.09999999999999987,0.10499999999999998,0.005,6.874443069495658,expanded_welch,Expanded Welch,5000,4998,0.9996,203,0.04061624649859944,0.035487164737039306,0.04645094989431173
CURVE_CURVE_C1_N0_n50_di0p005_scale1,C1_N0_n50,"Balanced, moderate sample",1.0,50,50,0.09999999999999987,0.10499999999999998,0.005,6.874443069495658,normal_wald,Normal Wald,5000,5000,1.0,242,0.0484,0.04279030408863613,0.05470308430813947
CURVE_CURVE_C1_N0_n50_di0p005_scale1,C1_N0_n50,"Balanced, moderate sample",1.0,50,50,0.09999999999999987,0.10499999999999998,0.005,6.874443069495658,simple_welch,Simple Welch,5000,5000,1.0,222,0.0444,0.03903182088142633,0.05046770913090974
CURVE_CURVE_C1_N3_n50_di0p005_scale1,C1_N3_n50,One skewed population,1.0,50,50,0.03000000000000036,0.034999999999659415,0.005,1.587063986477207,bartlett_lr,Constrained LR (oracle Bartlett),5000,5000,1.0,226,0.0452,0.03978255839785057,0.051315743291373395
CURVE_CURVE_C1_N3_n50_di0p005_scale1,C1_N3_n50,One skewed population,1.0,50,50,0.03000000000000036,0.034999999999659415,0.005,1.587063986477207,constrained_lr,Constrained LR (chi-squared),5000,5000,1.0,235,0.047,0.04147349616779377,0.053222041794428
CURVE_CURVE_C1_N3_n50_di0p005_scale1,C1_N3_n50,One skewed population,1.0,50,50,0.03000000000000036,0.034999999999659415,0.005,1.587063986477207,empirical_lr,Constrained LR (split empirical),5000,5000,1.0,242,0.0484,0.04279030408863613,0.05470308430813947
CURVE_CURVE_C1_N3_n50_di0p005_scale1,C1_N3_n50,One skewed population,1.0,50,50,0.03000000000000036,0.034999999999659415,0.005,1.587063986477207,expanded_welch,Expanded Welch,5000,4975,0.995,78,0.015678391959798994,0.012581230812830838,0.0195229163351996
CURVE_CURVE_C1_N3_n50_di0p005_scale1,C1_N3_n50,One skewed population,1.0,50,50,0.03000000000000036,0.034999999999659415,0.005,1.587063986477207,normal_wald,Normal Wald,5000,5000,1.0,161,0.0322,0.02765474583007988,0.037463516109715565
CURVE_CURVE_C1_N3_n50_di0p005_scale1,C1_N3_n50,One skewed population,1.0,50,50,0.03000000000000036,0.034999999999659415,0.005,1.587063986477207,simple_welch,Simple Welch,5000,5000,1.0,154,0.0308,0.026359508374236958,0.035960903131004654
CURVE_CURVE_C1_N6_n100_di0p005_scale1,C1_N6_n100,"Sparse, smaller sample",1.0,100,100,0.00499999999999956,0.010000000000196296,0.005,0.031190237826629955,bartlett_lr,Constrained LR (oracle Bartlett),5000,5000,1.0,176,0.0352,0.03043831038606381,0.040675345342061305
CURVE_CURVE_C1_N6_n100_di0p005_scale1,C1_N6_n100,"Sparse, smaller sample",1.0,100,100,0.00499999999999956,0.010000000000196296,0.005,0.031190237826629955,constrained_lr,Constrained LR (chi-squared),5000,5000,1.0,43,0.0086,0.0063911756315949385,0.011563321840007208
CURVE_CURVE_C1_N6_n100_di0p005_scale1,C1_N6_n100,"Sparse, smaller sample",1.0,100,100,0.00499999999999956,0.010000000000196296,0.005,0.031190237826629955,empirical_lr,Constrained LR (split empirical),5000,5000,1.0,259,0.0518,0.04599384613067904,0.05829432189287018
CURVE_CURVE_C1_N6_n100_di0p005_scale1,C1_N6_n100,"Sparse, smaller sample",1.0,100,100,0.00499999999999956,0.010000000000196296,0.005,0.031190237826629955,expanded_welch,Expanded Welch,5000,4964,0.9928,52,0.010475423045930701,0.007997609309133024,0.01371030140311712
CURVE_CURVE_C1_N6_n100_di0p005_scale1,C1_N6_n100,"Sparse, smaller sample",1.0,100,100,0.00499999999999956,0.010000000000196296,0.005,0.031190237826629955,normal_wald,Normal Wald,5000,5000,1.0,423,0.0846,0.07720173303417406,0.09263607374177939
CURVE_CURVE_C1_N6_n100_di0p005_scale1,C1_N6_n100,"Sparse, smaller sample",1.0,100,100,0.00499999999999956,0.010000000000196296,0.005,0.031190237826629955,simple_welch,Simple Welch,5000,5000,1.0,412,0.0824,0.07509504921994331,0.0903461354445684
CURVE_CURVE_C1_N6_n200_di0p005_scale1,C1_N6_n200,"Sparse, larger sample",1.0,200,200,0.00499999999999956,0.010000000000196296,0.005,0.06238047565325991,bartlett_lr,Constrained LR (oracle Bartlett),5000,5000,1.0,149,0.0298,0.025435926390005026,0.034886020519126704
CURVE_CURVE_C1_N6_n200_di0p005_scale1,C1_N6_n200,"Sparse, larger sample",1.0,200,200,0.00499999999999956,0.010000000000196296,0.005,0.06238047565325991,constrained_lr,Constrained LR (chi-squared),5000,5000,1.0,66,0.0132,0.010389448801641138,0.016757985812066483
CURVE_CURVE_C1_N6_n200_di0p005_scale1,C1_N6_n200,"Sparse, larger sample",1.0,200,200,0.00499999999999956,0.010000000000196296,0.005,0.06238047565325991,empirical_lr,Constrained LR (split empirical),5000,5000,1.0,252,0.0504,0.0446738140627647,0.056816503526230674
CURVE_CURVE_C1_N6_n200_di0p005_scale1,C1_N6_n200,"Sparse, larger sample",1.0,200,200,0.00499999999999956,0.010000000000196296,0.005,0.06238047565325991,expanded_welch,Expanded Welch,5000,5000,1.0,343,0.0686,0.06191967726930518,0.0759426959688901
CURVE_CURVE_C1_N6_n200_di0p005_scale1,C1_N6_n200,"Sparse, larger sample",1.0,200,200,0.00499999999999956,0.010000000000196296,0.005,0.06238047565325991,normal_wald,Normal Wald,5000,5000,1.0,1105,0.221,0.20971581173894827,0.23271256594639367
CURVE_CURVE_C1_N6_n200_di0p005_scale1,C1_N6_n200,"Sparse, larger sample",1.0,200,200,0.00499999999999956,0.010000000000196296,0.005,0.06238047565325991,simple_welch,Simple Welch,5000,5000,1.0,1097,0.2194,0.2081469458595942,0.23108388847197192
CURVE_CURVE_C1_N7_n1000_di0p005_scale1,C1_N7_n1000,Ultra-rare categories,1.0,1000,1000,0.0005000000000022972,0.005499999999998187,0.005,0.30536642602389463,bartlett_lr,Constrained LR (oracle Bartlett),5000,5000,1.0,1652,0.3304,0.31749716203241063,0.3435632424673529
CURVE_CURVE_C1_N7_n1000_di0p005_scale1,C1_N7_n1000,Ultra-rare categories,1.0,1000,1000,0.0005000000000022972,0.005499999999998187,0.005,0.30536642602389463,constrained_lr,Constrained LR (chi-squared),5000,5000,1.0,852,0.1704,0.16023241454988948,0.18107365457229221
CURVE_CURVE_C1_N7_n1000_di0p005_scale1,C1_N7_n1000,Ultra-rare categories,1.0,1000,1000,0.0005000000000022972,0.005499999999998187,0.005,0.30536642602389463,empirical_lr,Constrained LR (split empirical),5000,5000,1.0,1811,0.3622,0.34898817286546974,0.3756234057905881
CURVE_CURVE_C1_N7_n1000_di0p005_scale1,C1_N7_n1000,Ultra-rare categories,1.0,1000,1000,0.0005000000000022972,0.005499999999998187,0.005,0.30536642602389463,expanded_welch,Expanded Welch,5000,4265,0.853,33,0.007737397420867527,0.00551483490468092,0.0108459176541617
CURVE_CURVE_C1_N7_n1000_di0p005_scale1,C1_N7_n1000,Ultra-rare categories,1.0,1000,1000,0.0005000000000022972,0.005499999999998187,0.005,0.30536642602389463,normal_wald,Normal Wald,5000,4992,0.9984,138,0.027644230769230768,0.023446648857576507,0.03256823094342358
CURVE_CURVE_C1_N7_n1000_di0p005_scale1,C1_N7_n1000,Ultra-rare categories,1.0,1000,1000,0.0005000000000022972,0.005499999999998187,0.005,0.30536642602389463,simple_welch,Simple Welch,5000,4992,0.9984,138,0.027644230769230768,0.023446648857576507,0.03256823094342358
CURVE_CURVE_C2_N0_np20_nq200_di0p005_scale1,C2_N0_np20_nq200,"Balanced, unequal samples",1.0,20,200,0.09999999999999987,0.10499999999999998,0.005,2.8020537383859043,bartlett_lr,Constrained LR (oracle Bartlett),5000,5000,1.0,219,0.0438,0.03846909782873126,0.04983135342593886
CURVE_CURVE_C2_N0_np20_nq200_di0p005_scale1,C2_N0_np20_nq200,"Balanced, unequal samples",1.0,20,200,0.09999999999999987,0.10499999999999998,0.005,2.8020537383859043,constrained_lr,Constrained LR (chi-squared),5000,5000,1.0,291,0.0582,0.052043410621939824,0.06503493081671266
CURVE_CURVE_C2_N0_np20_nq200_di0p005_scale1,C2_N0_np20_nq200,"Balanced, unequal samples",1.0,20,200,0.09999999999999987,0.10499999999999998,0.005,2.8020537383859043,empirical_lr,Constrained LR (split empirical),5000,5000,1.0,208,0.0416,0.03640829747606612,0.04749553166716225
CURVE_CURVE_C2_N0_np20_nq200_di0p005_scale1,C2_N0_np20_nq200,"Balanced, unequal samples",1.0,20,200,0.09999999999999987,0.10499999999999998,0.005,2.8020537383859043,expanded_welch,Expanded Welch,5000,4994,0.9988,258,0.051661994393271925,0.04586038312927714,0.05815281198783196
CURVE_CURVE_C2_N0_np20_nq200_di0p005_scale1,C2_N0_np20_nq200,"Balanced, unequal samples",1.0,20,200,0.09999999999999987,0.10499999999999998,0.005,2.8020537383859043,normal_wald,Normal Wald,5000,5000,1.0,850,0.17,0.15984243743353688,0.1806642458502009
CURVE_CURVE_C2_N0_np20_nq200_di0p005_scale1,C2_N0_np20_nq200,"Balanced, unequal samples",1.0,20,200,0.09999999999999987,0.10499999999999998,0.005,2.8020537383859043,simple_welch,Simple Welch,5000,5000,1.0,794,0.1588,0.14893177684223954,0.16919210296506745
CURVE_CURVE_C2_N3_np500_nq50_di0p005_scale1,C2_N3_np500_nq50,"Skewed, unequal samples",1.0,500,50,0.03000000000000036,0.034999999999659415,0.005,1.587063986477207,bartlett_lr,Constrained LR (oracle Bartlett),5000,5000,1.0,237,0.0474,0.04184958432057469,0.05364533948009102
CURVE_CURVE_C2_N3_np500_nq50_di0p005_scale1,C2_N3_np500_nq50,"Skewed, unequal samples",1.0,500,50,0.03000000000000036,0.034999999999659415,0.005,1.587063986477207,constrained_lr,Constrained LR (chi-squared),5000,5000,1.0,244,0.0488,0.043166788231898734,0.05512598600332083
CURVE_CURVE_C2_N3_np500_nq50_di0p005_scale1,C2_N3_np500_nq50,"Skewed, unequal samples",1.0,500,50,0.03000000000000036,0.034999999999659415,0.005,1.587063986477207,empirical_lr,Constrained LR (split empirical),5000,5000,1.0,295,0.059,0.052801227987900407,0.06587588512763998
CURVE_CURVE_C2_N3_np500_nq50_di0p005_scale1,C2_N3_np500_nq50,"Skewed, unequal samples",1.0,500,50,0.03000000000000036,0.034999999999659415,0.005,1.587063986477207,expanded_welch,Expanded Welch,5000,4976,0.9952,195,0.03918810289389067,0.03414251056944523,0.04494463750091965
CURVE_CURVE_C2_N3_np500_nq50_di0p005_scale1,C2_N3_np500_nq50,"Skewed, unequal samples",1.0,500,50,0.03000000000000036,0.034999999999659415,0.005,1.587063986477207,normal_wald,Normal Wald,5000,5000,1.0,754,0.1508,0.14114924653441285,0.1609869165040151
CURVE_CURVE_C2_N3_np500_nq50_di0p005_scale1,C2_N3_np500_nq50,"Skewed, unequal samples",1.0,500,50,0.03000000000000036,0.034999999999659415,0.005,1.587063986477207,simple_welch,Simple Welch,5000,5000,1.0,731,0.1462,0.13667862572267922,0.15626460017364321
CURVE_CURVE_C2_N5_np200_nq2000_di0p005_scale1,C2_N5_np200_nq2000,Rare and highly unequal,1.0,200,2000,0.005000000000208782,0.010000000000000314,0.005,0.6987991852268817,bartlett_lr,Constrained LR (oracle Bartlett),5000,5000,1.0,56,0.0112,0.008635392875722448,0.014515112545765398
CURVE_CURVE_C2_N5_np200_nq2000_di0p005_scale1,C2_N5_np200_nq2000,Rare and highly unequal,1.0,200,2000,0.005000000000208782,0.010000000000000314,0.005,0.6987991852268817,constrained_lr,Constrained LR (chi-squared),5000,5000,1.0,106,0.0212,0.01755941437195323,0.025575737010633478
CURVE_CURVE_C2_N5_np200_nq2000_di0p005_scale1,C2_N5_np200_nq2000,Rare and highly unequal,1.0,200,2000,0.005000000000208782,0.010000000000000314,0.005,0.6987991852268817,empirical_lr,Constrained LR (split empirical),5000,5000,1.0,412,0.0824,0.07509504921994331,0.0903461354445684
CURVE_CURVE_C2_N5_np200_nq2000_di0p005_scale1,C2_N5_np200_nq2000,Rare and highly unequal,1.0,200,2000,0.005000000000208782,0.010000000000000314,0.005,0.6987991852268817,expanded_welch,Expanded Welch,5000,4841,0.9682,2038,0.42098739929766577,0.4071476003703419,0.4349524958862212
CURVE_CURVE_C2_N5_np200_nq2000_di0p005_scale1,C2_N5_np200_nq2000,Rare and highly unequal,1.0,200,2000,0.005000000000208782,0.010000000000000314,0.005,0.6987991852268817,normal_wald,Normal Wald,5000,5000,1.0,2484,0.4968,0.4829490227386519,0.5106558905537966
CURVE_CURVE_C2_N5_np200_nq2000_di0p005_scale1,C2_N5_np200_nq2000,Rare and highly unequal,1.0,200,2000,0.005000000000208782,0.010000000000000314,0.005,0.6987991852268817,simple_welch,Simple Welch,5000,5000,1.0,2484,0.4968,0.4829490227386519,0.5106558905537966
CURVE_CURVE_C3_C3_same_balanced_i0p005_n1000_di0p005_scale1,C3_C3_same_balanced_i0p005_n1000,Near independence,1.0,1000,1000,0.005000000000004778,0.01000000000000223,0.005,214.703714863249,bartlett_lr,Constrained LR (oracle Bartlett),5000,5000,1.0,717,0.1434,0.13395899438329417,0.1533885306439206
CURVE_CURVE_C3_C3_same_balanced_i0p005_n1000_di0p005_scale1,C3_C3_same_balanced_i0p005_n1000,Near independence,1.0,1000,1000,0.005000000000004778,0.01000000000000223,0.005,214.703714863249,constrained_lr,Constrained LR (chi-squared),5000,5000,1.0,741,0.1482,0.13862197376386604,0.15831818132467618
CURVE_CURVE_C3_C3_same_balanced_i0p005_n1000_di0p005_scale1,C3_C3_same_balanced_i0p005_n1000,Near independence,1.0,1000,1000,0.005000000000004778,0.01000000000000223,0.005,214.703714863249,empirical_lr,Constrained LR (split empirical),5000,5000,1.0,721,0.1442,0.13473590476740951,0.15421039193669314
CURVE_CURVE_C3_C3_same_balanced_i0p005_n1000_di0p005_scale1,C3_C3_same_balanced_i0p005_n1000,Near independence,1.0,1000,1000,0.005000000000004778,0.01000000000000223,0.005,214.703714863249,expanded_welch,Expanded Welch,5000,5000,1.0,395,0.079,0.07184244816595686,0.08680395687178125
CURVE_CURVE_C3_C3_same_balanced_i0p005_n1000_di0p005_scale1,C3_C3_same_balanced_i0p005_n1000,Near independence,1.0,1000,1000,0.005000000000004778,0.01000000000000223,0.005,214.703714863249,normal_wald,Normal Wald,5000,5000,1.0,556,0.1112,0.10278271658527349,0.12021424844720291
CURVE_CURVE_C3_C3_same_balanced_i0p005_n1000_di0p005_scale1,C3_C3_same_balanced_i0p005_n1000,Near independence,1.0,1000,1000,0.005000000000004778,0.01000000000000223,0.005,214.703714863249,simple_welch,Simple Welch,5000,5000,1.0,555,0.111,0.1025897185733455,0.12000755353990894
CURVE_CURVE_C4_C4_s0p05_i0p0001_n500_di0p005_scale1,C4_C4_s0p05_i0p0001_n500,Rare-cell case B,1.0,500,500,9.999999999987796e-05,0.005099999999995941,0.005,1.5989339395251259,bartlett_lr,Constrained LR (oracle Bartlett),5000,5000,1.0,1554,0.3108,0.29812084148514306,0.3237696569308667
CURVE_CURVE_C4_C4_s0p05_i0p0001_n500_di0p005_scale1,C4_C4_s0p05_i0p0001_n500,Rare-cell case B,1.0,500,500,9.999999999987796e-05,0.005099999999995941,0.005,1.5989339395251259,constrained_lr,Constrained LR (chi-squared),5000,5000,1.0,551,0.1102,0.1018178158948974,0.11918068454146917
CURVE_CURVE_C4_C4_s0p05_i0p0001_n500_di0p005_scale1,C4_C4_s0p05_i0p0001_n500,Rare-cell case B,1.0,500,500,9.999999999987796e-05,0.005099999999995941,0.005,1.5989339395251259,empirical_lr,Constrained LR (split empirical),5000,5000,1.0,1735,0.347,0.33392775984502615,0.3603071569501614
CURVE_CURVE_C4_C4_s0p05_i0p0001_n500_di0p005_scale1,C4_C4_s0p05_i0p0001_n500,Rare-cell case B,1.0,500,500,9.999999999987796e-05,0.005099999999995941,0.005,1.5989339395251259,expanded_welch,Expanded Welch,5000,5000,1.0,20,0.004,0.002590942718784777,0.006170617610711892
CURVE_CURVE_C4_C4_s0p05_i0p0001_n500_di0p005_scale1,C4_C4_s0p05_i0p0001_n500,Rare-cell case B,1.0,500,500,9.999999999987796e-05,0.005099999999995941,0.005,1.5989339395251259,normal_wald,Normal Wald,5000,5000,1.0,124,0.0248,0.020840470557508064,0.029489153371074234
CURVE_CURVE_C4_C4_s0p05_i0p0001_n500_di0p005_scale1,C4_C4_s0p05_i0p0001_n500,Rare-cell case B,1.0,500,500,9.999999999987796e-05,0.005099999999995941,0.005,1.5989339395251259,simple_welch,Simple Welch,5000,5000,1.0,124,0.0248,0.020840470557508064,0.029489153371074234
CURVE_CURVE_C4_C4_s0p1_i0p0001_n100_di0p005_scale1,C4_C4_s0p1_i0p0001_n100,Rare-cell case A,1.0,100,100,0.00010000000000010001,0.005099999999999771,0.005,1.129363707961393,bartlett_lr,Constrained LR (oracle Bartlett),5000,5000,1.0,461,0.0922,0.0844909731146427,0.1005351645917459
CURVE_CURVE_C4_C4_s0p1_i0p0001_n100_di0p005_scale1,C4_C4_s0p1_i0p0001_n100,Rare-cell case A,1.0,100,100,0.00010000000000010001,0.005099999999999771,0.005,1.129363707961393,constrained_lr,Constrained LR (chi-squared),5000,5000,1.0,76,0.0152,0.012161871202107252,0.01898249260382014
CURVE_CURVE_C4_C4_s0p1_i0p0001_n100_di0p005_scale1,C4_C4_s0p1_i0p0001_n100,Rare-cell case A,1.0,100,100,0.00010000000000010001,0.005099999999999771,0.005,1.129363707961393,empirical_lr,Constrained LR (split empirical),5000,5000,1.0,529,0.1058,0.09757496310641672,0.11463029310706632
CURVE_CURVE_C4_C4_s0p1_i0p0001_n100_di0p005_scale1,C4_C4_s0p1_i0p0001_n100,Rare-cell case A,1.0,100,100,0.00010000000000010001,0.005099999999999771,0.005,1.129363707961393,expanded_welch,Expanded Welch,5000,4963,0.9926,14,0.0028208744710860366,0.0016811226499027204,0.004729683711582075
CURVE_CURVE_C4_C4_s0p1_i0p0001_n100_di0p005_scale1,C4_C4_s0p1_i0p0001_n100,Rare-cell case A,1.0,100,100,0.00010000000000010001,0.005099999999999771,0.005,1.129363707961393,normal_wald,Normal Wald,5000,4999,0.9998,210,0.042008401680336066,0.0367900629623316,0.04793008304057712
CURVE_CURVE_C4_C4_s0p1_i0p0001_n100_di0p005_scale1,C4_C4_s0p1_i0p0001_n100,Rare-cell case A,1.0,100,100,0.00010000000000010001,0.005099999999999771,0.005,1.129363707961393,simple_welch,Simple Welch,5000,4999,0.9998,197,0.039407881576315265,0.03435857176291724,0.0451645276787501
CURVE_CURVE_C1_N0_n10_di0p005_scale2,C1_N0_n10,"Balanced, very small sample",2.0,20,20,0.09999999999999987,0.10499999999999998,0.005,2.7497772277982637,bartlett_lr,Constrained LR (oracle Bartlett),5000,5000,1.0,247,0.0494,0.04373172063796704,0.055760132354918446
CURVE_CURVE_C1_N0_n10_di0p005_scale2,C1_N0_n10,"Balanced, very small sample",2.0,20,20,0.09999999999999987,0.10499999999999998,0.005,2.7497772277982637,constrained_lr,Constrained LR (chi-squared),5000,5000,1.0,320,0.064,0.05754498657409183,0.07112444952199798
CURVE_CURVE_C1_N0_n10_di0p005_scale2,C1_N0_n10,"Balanced, very small sample",2.0,20,20,0.09999999999999987,0.10499999999999998,0.005,2.7497772277982637,empirical_lr,Constrained LR (split empirical),5000,5000,1.0,264,0.0528,0.04693748851677059,0.05934914410288852
CURVE_CURVE_C1_N0_n10_di0p005_scale2,C1_N0_n10,"Balanced, very small sample",2.0,20,20,0.09999999999999987,0.10499999999999998,0.005,2.7497772277982637,expanded_welch,Expanded Welch,5000,4977,0.9954,288,0.05786618444846293,0.05171388387950039,0.06470047373749194
CURVE_CURVE_C1_N0_n10_di0p005_scale2,C1_N0_n10,"Balanced, very small sample",2.0,20,20,0.09999999999999987,0.10499999999999998,0.005,2.7497772277982637,normal_wald,Normal Wald,5000,5000,1.0,374,0.0748,0.06783017187566602,0.08242268185841058
CURVE_CURVE_C1_N0_n10_di0p005_scale2,C1_N0_n10,"Balanced, very small sample",2.0,20,20,0.09999999999999987,0.10499999999999998,0.005,2.7497772277982637,simple_welch,Simple Welch,5000,5000,1.0,332,0.0664,0.05982625206670292,0.07363949906005063
CURVE_CURVE_C1_N0_n1000_di0p005_scale2,C1_N0_n1000,"Balanced, large sample",2.0,2000,2000,0.09999999999999987,0.10499999999999998,0.005,274.97772277982637,bartlett_lr,Constrained LR (oracle Bartlett),5000,5000,1.0,317,0.0634,0.0569750881353032,0.07049526920312069
CURVE_CURVE_C1_N0_n1000_di0p005_scale2,C1_N0_n1000,"Balanced, large sample",2.0,2000,2000,0.09999999999999987,0.10499999999999998,0.005,274.97772277982637,constrained_lr,Constrained LR (chi-squared),5000,5000,1.0,319,0.0638,0.0573550015033846,0.07091474167348322
CURVE_CURVE_C1_N0_n1000_di0p005_scale2,C1_N0_n1000,"Balanced, large sample",2.0,2000,2000,0.09999999999999987,0.10499999999999998,0.005,274.97772277982637,empirical_lr,Constrained LR (split empirical),5000,5000,1.0,313,0.0626,0.05621549083520565,0.06965609482633033
CURVE_CURVE_C1_N0_n1000_di0p005_scale2,C1_N0_n1000,"Balanced, large sample",2.0,2000,2000,0.09999999999999987,0.10499999999999998,0.005,274.97772277982637,expanded_welch,Expanded Welch,5000,5000,1.0,317,0.0634,0.0569750881353032,0.07049526920312069
CURVE_CURVE_C1_N0_n1000_di0p005_scale2,C1_N0_n1000,"Balanced, large sample",2.0,2000,2000,0.09999999999999987,0.10499999999999998,0.005,274.97772277982637,normal_wald,Normal Wald,5000,5000,1.0,317,0.0634,0.0569750881353032,0.07049526920312069
CURVE_CURVE_C1_N0_n1000_di0p005_scale2,C1_N0_n1000,"Balanced, large sample",2.0,2000,2000,0.09999999999999987,0.10499999999999998,0.005,274.97772277982637,simple_welch,Simple Welch,5000,5000,1.0,317,0.0634,0.0569750881353032,0.07049526920312069
CURVE_CURVE_C1_N0_n50_di0p005_scale2,C1_N0_n50,"Balanced, moderate sample",2.0,100,100,0.09999999999999987,0.10499999999999998,0.005,13.748886138991317,bartlett_lr,Constrained LR (oracle Bartlett),5000,5000,1.0,245,0.049,0.04335507170094735,0.055337395453494184
CURVE_CURVE_C1_N0_n50_di0p005_scale2,C1_N0_n50,"Balanced, moderate sample",2.0,100,100,0.09999999999999987,0.10499999999999998,0.005,13.748886138991317,constrained_lr,Constrained LR (chi-squared),5000,5000,1.0,255,0.051,0.04523938710267117,0.05745000924399013
CURVE_CURVE_C1_N0_n50_di0p005_scale2,C1_N0_n50,"Balanced, moderate sample",2.0,100,100,0.09999999999999987,0.10499999999999998,0.005,13.748886138991317,empirical_lr,Constrained LR (split empirical),5000,5000,1.0,244,0.0488,0.043166788231898734,0.05512598600332083
CURVE_CURVE_C1_N0_n50_di0p005_scale2,C1_N0_n50,"Balanced, moderate sample",2.0,100,100,0.09999999999999987,0.10499999999999998,0.005,13.748886138991317,expanded_welch,Expanded Welch,5000,5000,1.0,196,0.0392,0.03416493726116427,0.044942576851400386
CURVE_CURVE_C1_N0_n50_di0p005_scale2,C1_N0_n50,"Balanced, moderate sample",2.0,100,100,0.09999999999999987,0.10499999999999998,0.005,13.748886138991317,normal_wald,Normal Wald,5000,5000,1.0,229,0.0458,0.04034593470149568,0.05195144574539422
CURVE_CURVE_C1_N0_n50_di0p005_scale2,C1_N0_n50,"Balanced, moderate sample",2.0,100,100,0.09999999999999987,0.10499999999999998,0.005,13.748886138991317,simple_welch,Simple Welch,5000,5000,1.0,223,0.0446,0.039219458507478336,0.050679764424079704
CURVE_CURVE_C1_N3_n50_di0p005_scale2,C1_N3_n50,One skewed population,2.0,100,100,0.03000000000000036,0.034999999999659415,0.005,3.174127972954414,bartlett_lr,Constrained LR (oracle Bartlett),5000,5000,1.0,250,0.05,0.044296896700570555,0.05639403504998087
CURVE_CURVE_C1_N3_n50_di0p005_scale2,C1_N3_n50,One skewed population,2.0,100,100,0.03000000000000036,0.034999999999659415,0.005,3.174127972954414,constrained_lr,Constrained LR (chi-squared),5000,5000,1.0,279,0.0558,0.049772048527119625,0.06250997788086914
CURVE_CURVE_C1_N3_n50_di0p005_scale2,C1_N3_n50,One skewed population,2.0,100,100,0.03000000000000036,0.034999999999659415,0.005,3.174127972954414,empirical_lr,Constrained LR (split empirical),5000,5000,1.0,272,0.0544,0.04844859105944088,0.06103558491399404
CURVE_CURVE_C1_N3_n50_di0p005_scale2,C1_N3_n50,One skewed population,2.0,100,100,0.03000000000000036,0.034999999999659415,0.005,3.174127972954414,expanded_welch,Expanded Welch,5000,5000,1.0,98,0.0196,0.016110299881331586,0.023827308147479305
CURVE_CURVE_C1_N3_n50_di0p005_scale2,C1_N3_n50,One skewed population,2.0,100,100,0.03000000000000036,0.034999999999659415,0.005,3.174127972954414,normal_wald,Normal Wald,5000,5000,1.0,152,0.0304,0.025989912325785784,0.035531113341011875
CURVE_CURVE_C1_N3_n50_di0p005_scale2,C1_N3_n50,One skewed population,2.0,100,100,0.03000000000000036,0.034999999999659415,0.005,3.174127972954414,simple_welch,Simple Welch,5000,5000,1.0,140,0.028,0.023777044258476123,0.03294766637765781
CURVE_CURVE_C1_N6_n100_di0p005_scale2,C1_N6_n100,"Sparse, smaller sample",2.0,200,200,0.00499999999999956,0.010000000000196296,0.005,0.06238047565325991,bartlett_lr,Constrained LR (oracle Bartlett),5000,5000,1.0,144,0.0288,0.024513740513153512,0.03380974179986833
CURVE_CURVE_C1_N6_n100_di0p005_scale2,C1_N6_n100,"Sparse, smaller sample",2.0,200,200,0.00499999999999956,0.010000000000196296,0.005,0.06238047565325991,constrained_lr,Constrained LR (chi-squared),5000,5000,1.0,63,0.0126,0.009861112996359368,0.01608724285968232
CURVE_CURVE_C1_N6_n100_di0p005_scale2,C1_N6_n100,"Sparse, smaller sample",2.0,200,200,0.00499999999999956,0.010000000000196296,0.005,0.06238047565325991,empirical_lr,Constrained LR (split empirical),5000,5000,1.0,248,0.0496,0.04392008579235035,0.05597146011975712
CURVE_CURVE_C1_N6_n100_di0p005_scale2,C1_N6_n100,"Sparse, smaller sample",2.0,200,200,0.00499999999999956,0.010000000000196296,0.005,0.06238047565325991,expanded_welch,Expanded Welch,5000,5000,1.0,340,0.068,0.061348534154977034,0.07531476032555232
CURVE_CURVE_C1_N6_n100_di0p005_scale2,C1_N6_n100,"Sparse, smaller sample",2.0,200,200,0.00499999999999956,0.010000000000196296,0.005,0.06238047565325991,normal_wald,Normal Wald,5000,5000,1.0,1094,0.2188,0.20755868546977124,0.23047307010412893
CURVE_CURVE_C1_N6_n100_di0p005_scale2,C1_N6_n100,"Sparse, smaller sample",2.0,200,200,0.00499999999999956,0.010000000000196296,0.005,0.06238047565325991,simple_welch,Simple Welch,5000,5000,1.0,1085,0.217,0.2057941161714295,0.22864040312947287
CURVE_CURVE_C1_N6_n200_di0p005_scale2,C1_N6_n200,"Sparse, larger sample",2.0,400,400,0.00499999999999956,0.010000000000196296,0.005,0.12476095130651982,bartlett_lr,Constrained LR (oracle Bartlett),5000,5000,1.0,371,0.0742,0.06725752374600619,0.08179625123040446
CURVE_CURVE_C1_N6_n200_di0p005_scale2,C1_N6_n200,"Sparse, larger sample",2.0,400,400,0.00499999999999956,0.010000000000196296,0.005,0.12476095130651982,constrained_lr,Constrained LR (chi-squared),5000,5000,1.0,400,0.08,0.07279868393273271,0.08784618570111528
CURVE_CURVE_C1_N6_n200_di0p005_scale2,C1_N6_n200,"Sparse, larger sample",2.0,400,400,0.00499999999999956,0.010000000000196296,0.005,0.12476095130651982,empirical_lr,Constrained LR (split empirical),5000,5000,1.0,384,0.0768,0.0697399761946566,0.08450980673163974
CURVE_CURVE_C1_N6_n200_di0p005_scale2,C1_N6_n200,"Sparse, larger sample",2.0,400,400,0.00499999999999956,0.010000000000196296,0.005,0.12476095130651982,expanded_welch,Expanded Welch,5000,5000,1.0,472,0.0944,0.08660417615817814,0.10281858365965219
CURVE_CURVE_C1_N6_n200_di0p005_scale2,C1_N6_n200,"Sparse, larger sample",2.0,400,400,0.00499999999999956,0.010000000000196296,0.005,0.12476095130651982,normal_wald,Normal Wald,5000,5000,1.0,1335,0.267,0.2549200119846377,0.27943773712175896
CURVE_CURVE_C1_N6_n200_di0p005_scale2,C1_N6_n200,"Sparse, larger sample",2.0,400,400,0.00499999999999956,0.010000000000196296,0.005,0.12476095130651982,simple_welch,Simple Welch,5000,5000,1.0,1332,0.2664,0.25432923514876143,0.27882943519996933
CURVE_CURVE_C1_N7_n1000_di0p005_scale2,C1_N7_n1000,Ultra-rare categories,2.0,2000,2000,0.0005000000000022972,0.005499999999998187,0.005,0.6107328520477893,bartlett_lr,Constrained LR (oracle Bartlett),5000,5000,1.0,2030,0.406,0.3924652804484557,0.41967904751721524
CURVE_CURVE_C1_N7_n1000_di0p005_scale2,C1_N7_n1000,Ultra-rare categories,2.0,2000,2000,0.0005000000000022972,0.005499999999998187,0.005,0.6107328520477893,constrained_lr,Constrained LR (chi-squared),5000,5000,1.0,1872,0.3744,0.3610865758941194,0.38790627083447904
CURVE_CURVE_C1_N7_n1000_di0p005_scale2,C1_N7_n1000,Ultra-rare categories,2.0,2000,2000,0.0005000000000022972,0.005499999999998187,0.005,0.6107328520477893,empirical_lr,Constrained LR (split empirical),5000,5000,1.0,2356,0.4712,0.457391375475176,0.4850528441568594
CURVE_CURVE_C1_N7_n1000_di0p005_scale2,C1_N7_n1000,Ultra-rare categories,2.0,2000,2000,0.0005000000000022972,0.005499999999998187,0.005,0.6107328520477893,expanded_welch,Expanded Welch,5000,4902,0.9804,285,0.05813953488372093,0.051928217035373155,0.06504283953819963
CURVE_CURVE_C1_N7_n1000_di0p005_scale2,C1_N7_n1000,Ultra-rare categories,2.0,2000,2000,0.0005000000000022972,0.005499999999998187,0.005,0.6107328520477893,normal_wald,Normal Wald,5000,5000,1.0,681,0.1362,0.12697151425858694,0.14598706567663666
CURVE_CURVE_C1_N7_n1000_di0p005_scale2,C1_N7_n1000,Ultra-rare categories,2.0,2000,2000,0.0005000000000022972,0.005499999999998187,0.005,0.6107328520477893,simple_welch,Simple Welch,5000,5000,1.0,680,0.136,0.12677754169698657,0.1457813453190151
CURVE_CURVE_C2_N0_np20_nq200_di0p005_scale2,C2_N0_np20_nq200,"Balanced, unequal samples",2.0,40,400,0.09999999999999987,0.10499999999999998,0.005,5.604107476771809,bartlett_lr,Constrained LR (oracle Bartlett),5000,5000,1.0,200,0.04,0.034912144402327185,0.04579414138712538
CURVE_CURVE_C2_N0_np20_nq200_di0p005_scale2,C2_N0_np20_nq200,"Balanced, unequal samples",2.0,40,400,0.09999999999999987,0.10499999999999998,0.005,5.604107476771809,constrained_lr,Constrained LR (chi-squared),5000,5000,1.0,255,0.051,0.04523938710267117,0.05745000924399013
CURVE_CURVE_C2_N0_np20_nq200_di0p005_scale2,C2_N0_np20_nq200,"Balanced, unequal samples",2.0,40,400,0.09999999999999987,0.10499999999999998,0.005,5.604107476771809,empirical_lr,Constrained LR (split empirical),5000,5000,1.0,208,0.0416,0.03640829747606612,0.04749553166716225
CURVE_CURVE_C2_N0_np20_nq200_di0p005_scale2,C2_N0_np20_nq200,"Balanced, unequal samples",2.0,40,400,0.09999999999999987,0.10499999999999998,0.005,5.604107476771809,expanded_welch,Expanded Welch,5000,5000,1.0,95,0.019,0.01556853405777507,0.023169995213369883
CURVE_CURVE_C2_N0_np20_nq200_di0p005_scale2,C2_N0_np20_nq200,"Balanced, unequal samples",2.0,40,400,0.09999999999999987,0.10499999999999998,0.005,5.604107476771809,normal_wald,Normal Wald,5000,5000,1.0,548,0.1096,0.10123898331972775,0.11856043835897287
CURVE_CURVE_C2_N0_np20_nq200_di0p005_scale2,C2_N0_np20_nq200,"Balanced, unequal samples",2.0,40,400,0.09999999999999987,0.10499999999999998,0.005,5.604107476771809,simple_welch,Simple Welch,5000,5000,1.0,517,0.1034,0.0952626016009405,0.11214633958187883
CURVE_CURVE_C2_N3_np500_nq50_di0p005_scale2,C2_N3_np500_nq50,"Skewed, unequal samples",2.0,1000,100,0.03000000000000036,0.034999999999659415,0.005,3.174127972954414,bartlett_lr,Constrained LR (oracle Bartlett),5000,5000,1.0,286,0.0572,0.0510966231678006,0.063983253674742
CURVE_CURVE_C2_N3_np500_nq50_di0p005_scale2,C2_N3_np500_nq50,"Skewed, unequal samples",2.0,1000,100,0.03000000000000036,0.034999999999659415,0.005,3.174127972954414,constrained_lr,Constrained LR (chi-squared),5000,5000,1.0,320,0.064,0.05754498657409183,0.07112444952199798
CURVE_CURVE_C2_N3_np500_nq50_di0p005_scale2,C2_N3_np500_nq50,"Skewed, unequal samples",2.0,1000,100,0.03000000000000036,0.034999999999659415,0.005,3.174127972954414,empirical_lr,Constrained LR (split empirical),5000,5000,1.0,280,0.056,0.0499612059948101,0.06272051333240064
CURVE_CURVE_C2_N3_np500_nq50_di0p005_scale2,C2_N3_np500_nq50,"Skewed, unequal samples",2.0,1000,100,0.03000000000000036,0.034999999999659415,0.005,3.174127972954414,expanded_welch,Expanded Welch,5000,5000,1.0,141,0.0282,0.023961128241689122,0.03316327531366678
CURVE_CURVE_C2_N3_np500_nq50_di0p005_scale2,C2_N3_np500_nq50,"Skewed, unequal samples",2.0,1000,100,0.03000000000000036,0.034999999999659415,0.005,3.174127972954414,normal_wald,Normal Wald,5000,5000,1.0,511,0.1022,0.09410694680069476,0.1109038368667927
CURVE_CURVE_C2_N3_np500_nq50_di0p005_scale2,C2_N3_np500_nq50,"Skewed, unequal samples",2.0,1000,100,0.03000000000000036,0.034999999999659415,0.005,3.174127972954414,simple_welch,Simple Welch,5000,5000,1.0,502,0.1004,0.09237413744293914,0.10903940995155052
CURVE_CURVE_C2_N5_np200_nq2000_di0p005_scale2,C2_N5_np200_nq2000,Rare and highly unequal,2.0,400,4000,0.005000000000208782,0.010000000000000314,0.005,1.3975983704537633,bartlett_lr,Constrained LR (oracle Bartlett),5000,5000,1.0,478,0.0956,0.08775739874514431,0.10406351858801792
CURVE_CURVE_C2_N5_np200_nq2000_di0p005_scale2,C2_N5_np200_nq2000,Rare and highly unequal,2.0,400,4000,0.005000000000208782,0.010000000000000314,0.005,1.3975983704537633,constrained_lr,Constrained LR (chi-squared),5000,5000,1.0,729,0.1458,0.13629003102342796,0.15585380903445056
CURVE_CURVE_C2_N5_np200_nq2000_di0p005_scale2,C2_N5_np200_nq2000,Rare and highly unequal,2.0,400,4000,0.005000000000208782,0.010000000000000314,0.005,1.3975983704537633,empirical_lr,Constrained LR (split empirical),5000,5000,1.0,771,0.1542,0.14445567740468332,0.16447526526051823
CURVE_CURVE_C2_N5_np200_nq2000_di0p005_scale2,C2_N5_np200_nq2000,Rare and highly unequal,2.0,400,4000,0.005000000000208782,0.010000000000000314,0.005,1.3975983704537633,expanded_welch,Expanded Welch,5000,4996,0.9992,1236,0.24739791833466773,0.23562988443202057,0.2595541087429685
CURVE_CURVE_C2_N5_np200_nq2000_di0p005_scale2,C2_N5_np200_nq2000,Rare and highly unequal,2.0,400,4000,0.005000000000208782,0.010000000000000314,0.005,1.3975983704537633,normal_wald,Normal Wald,5000,5000,1.0,1543,0.3086,0.29594759774983614,0.3215462785547317
CURVE_CURVE_C2_N5_np200_nq2000_di0p005_scale2,C2_N5_np200_nq2000,Rare and highly unequal,2.0,400,4000,0.005000000000208782,0.010000000000000314,0.005,1.3975983704537633,simple_welch,Simple Welch,5000,5000,1.0,1543,0.3086,0.29594759774983614,0.3215462785547317
CURVE_CURVE_C3_C3_same_balanced_i0p005_n1000_di0p005_scale2,C3_C3_same_balanced_i0p005_n1000,Near independence,2.0,2000,2000,0.005000000000004778,0.01000000000000223,0.005,429.407429726498,bartlett_lr,Constrained LR (oracle Bartlett),5000,5000,1.0,1259,0.2518,0.23996270649522297,0.2640183807503035
CURVE_CURVE_C3_C3_same_balanced_i0p005_n1000_di0p005_scale2,C3_C3_same_balanced_i0p005_n1000,Near independence,2.0,2000,2000,0.005000000000004778,0.01000000000000223,0.005,429.407429726498,constrained_lr,Constrained LR (chi-squared),5000,5000,1.0,1326,0.2652,0.25314776803538386,0.277612744798015
CURVE_CURVE_C3_C3_same_balanced_i0p005_n1000_di0p005_scale2,C3_C3_same_balanced_i0p005_n1000,Near independence,2.0,2000,2000,0.005000000000004778,0.01000000000000223,0.005,429.407429726498,empirical_lr,Constrained LR (split empirical),5000,5000,1.0,1275,0.255,0.24311002613371455,0.2672661478193636
CURVE_CURVE_C3_C3_same_balanced_i0p005_n1000_di0p005_scale2,C3_C3_same_balanced_i0p005_n1000,Near independence,2.0,2000,2000,0.005000000000004778,0.01000000000000223,0.005,429.407429726498,expanded_welch,Expanded Welch,5000,5000,1.0,1081,0.2162,0.20500996570339272,0.22782578192062178
CURVE_CURVE_C3_C3_same_balanced_i0p005_n1000_di0p005_scale2,C3_C3_same_balanced_i0p005_n1000,Near independence,2.0,2000,2000,0.005000000000004778,0.01000000000000223,0.005,429.407429726498,normal_wald,Normal Wald,5000,5000,1.0,1219,0.2438,0.2320982225944045,0.2558951478822428
CURVE_CURVE_C3_C3_same_balanced_i0p005_n1000_di0p005_scale2,C3_C3_same_balanced_i0p005_n1000,Near independence,2.0,2000,2000,0.005000000000004778,0.01000000000000223,0.005,429.407429726498,simple_welch,Simple Welch,5000,5000,1.0,1219,0.2438,0.2320982225944045,0.2558951478822428
CURVE_CURVE_C4_C4_s0p05_i0p0001_n500_di0p005_scale2,C4_C4_s0p05_i0p0001_n500,Rare-cell case B,2.0,1000,1000,9.999999999987796e-05,0.005099999999995941,0.005,3.1978678790502517,bartlett_lr,Constrained LR (oracle Bartlett),5000,5000,1.0,2863,0.5726,0.5588372513067117,0.586251278370866
CURVE_CURVE_C4_C4_s0p05_i0p0001_n500_di0p005_scale2,C4_C4_s0p05_i0p0001_n500,Rare-cell case B,2.0,1000,1000,9.999999999987796e-05,0.005099999999995941,0.005,3.1978678790502517,constrained_lr,Constrained LR (chi-squared),5000,5000,1.0,1520,0.304,0.2914046432275638,0.3168962959348986
CURVE_CURVE_C4_C4_s0p05_i0p0001_n500_di0p005_scale2,C4_C4_s0p05_i0p0001_n500,Rare-cell case B,2.0,1000,1000,9.999999999987796e-05,0.005099999999995941,0.005,3.1978678790502517,empirical_lr,Constrained LR (split empirical),5000,5000,1.0,2687,0.5374,0.5235563511079644,0.5511862247865453
CURVE_CURVE_C4_C4_s0p05_i0p0001_n500_di0p005_scale2,C4_C4_s0p05_i0p0001_n500,Rare-cell case B,2.0,1000,1000,9.999999999987796e-05,0.005099999999995941,0.005,3.1978678790502517,expanded_welch,Expanded Welch,5000,5000,1.0,112,0.0224,0.018650132017796132,0.026883176880122435
CURVE_CURVE_C4_C4_s0p05_i0p0001_n500_di0p005_scale2,C4_C4_s0p05_i0p0001_n500,Rare-cell case B,2.0,1000,1000,9.999999999987796e-05,0.005099999999995941,0.005,3.1978678790502517,normal_wald,Normal Wald,5000,5000,1.0,357,0.0714,0.06458701559947405,0.07887105850782894
CURVE_CURVE_C4_C4_s0p05_i0p0001_n500_di0p005_scale2,C4_C4_s0p05_i0p0001_n500,Rare-cell case B,2.0,1000,1000,9.999999999987796e-05,0.005099999999995941,0.005,3.1978678790502517,simple_welch,Simple Welch,5000,5000,1.0,351,0.0702,0.0634434723454752,0.07761644424649589
CURVE_CURVE_C4_C4_s0p1_i0p0001_n100_di0p005_scale2,C4_C4_s0p1_i0p0001_n100,Rare-cell case A,2.0,200,200,0.00010000000000010001,0.005099999999999771,0.005,2.258727415922786,bartlett_lr,Constrained LR (oracle Bartlett),5000,5000,1.0,672,0.1344,0.12522600941058246,0.14413533425164335
CURVE_CURVE_C4_C4_s0p1_i0p0001_n100_di0p005_scale2,C4_C4_s0p1_i0p0001_n100,Rare-cell case A,2.0,200,200,0.00010000000000010001,0.005099999999999771,0.005,2.258727415922786,constrained_lr,Constrained LR (chi-squared),5000,5000,1.0,144,0.0288,0.024513740513153512,0.03380974179986833
CURVE_CURVE_C4_C4_s0p1_i0p0001_n100_di0p005_scale2,C4_C4_s0p1_i0p0001_n100,Rare-cell case A,2.0,200,200,0.00010000000000010001,0.005099999999999771,0.005,2.258727415922786,empirical_lr,Constrained LR (split empirical),5000,5000,1.0,635,0.127,0.1180560830411986,0.13651662260981404
CURVE_CURVE_C4_C4_s0p1_i0p0001_n100_di0p005_scale2,C4_C4_s0p1_i0p0001_n100,Rare-cell case A,2.0,200,200,0.00010000000000010001,0.005099999999999771,0.005,2.258727415922786,expanded_welch,Expanded Welch,5000,5000,1.0,32,0.0064,0.004537188108410646,0.009020687251749749
CURVE_CURVE_C4_C4_s0p1_i0p0001_n100_di0p005_scale2,C4_C4_s0p1_i0p0001_n100,Rare-cell case A,2.0,200,200,0.00010000000000010001,0.005099999999999771,0.005,2.258727415922786,normal_wald,Normal Wald,5000,5000,1.0,139,0.0278,0.023593021362704494,0.03273199635420746
CURVE_CURVE_C4_C4_s0p1_i0p0001_n100_di0p005_scale2,C4_C4_s0p1_i0p0001_n100,Rare-cell case A,2.0,200,200,0.00010000000000010001,0.005099999999999771,0.005,2.258727415922786,simple_welch,Simple Welch,5000,5000,1.0,138,0.0276,0.02340906019120257,0.032516264606487405
CURVE_CURVE_C1_N0_n10_di0p05_scale0p5,C1_N0_n10,"Balanced, very small sample",0.5,5,5,0.09999999999999987,0.14999999999944302,0.05,0.5830694393529524,bartlett_lr,Constrained LR (oracle Bartlett),5000,5000,1.0,54,0.0108,0.008287189765234891,0.014063929817809002
CURVE_CURVE_C1_N0_n10_di0p05_scale0p5,C1_N0_n10,"Balanced, very small sample",0.5,5,5,0.09999999999999987,0.14999999999944302,0.05,0.5830694393529524,constrained_lr,Constrained LR (chi-squared),5000,5000,1.0,54,0.0108,0.008287189765234891,0.014063929817809002
CURVE_CURVE_C1_N0_n10_di0p05_scale0p5,C1_N0_n10,"Balanced, very small sample",0.5,5,5,0.09999999999999987,0.14999999999944302,0.05,0.5830694393529524,empirical_lr,Constrained LR (split empirical),5000,5000,1.0,251,0.0502,0.04448534215006972,0.05660528251970369
CURVE_CURVE_C1_N0_n10_di0p05_scale0p5,C1_N0_n10,"Balanced, very small sample",0.5,5,5,0.09999999999999987,0.14999999999944302,0.05,0.5830694393529524,expanded_welch,Expanded Welch,5000,3998,0.7996,0,0.0,5.421010862427522e-20,0.0009599227906010469
CURVE_CURVE_C1_N0_n10_di0p05_scale0p5,C1_N0_n10,"Balanced, very small sample",0.5,5,5,0.09999999999999987,0.14999999999944302,0.05,0.5830694393529524,normal_wald,Normal Wald,5000,4936,0.9872,997,0.20198541329011346,0.19101891720141098,0.21341541039290943
CURVE_CURVE_C1_N0_n10_di0p05_scale0p5,C1_N0_n10,"Balanced, very small sample",0.5,5,5,0.09999999999999987,0.14999999999944302,0.05,0.5830694393529524,simple_welch,Simple Welch,5000,4936,0.9872,613,0.12418962722852513,0.11528037932854114,0.133683371648661
CURVE_CURVE_C1_N0_n1000_di0p05_scale0p5,C1_N0_n1000,"Balanced, large sample",0.5,500,500,0.09999999999999987,0.14999999999944302,0.05,58.306943935295244,bartlett_lr,Constrained LR (oracle Bartlett),5000,5000,1.0,2008,0.4016,0.38809254247164837,0.41525854127113904
CURVE_CURVE_C1_N0_n1000_di0p05_scale0p5,C1_N0_n1000,"Balanced, large sample",0.5,500,500,0.09999999999999987,0.14999999999944302,0.05,58.306943935295244,constrained_lr,Constrained LR (chi-squared),5000,5000,1.0,2034,0.4068,0.39326044544661626,0.4204826541959425
CURVE_CURVE_C1_N0_n1000_di0p05_scale0p5,C1_N0_n1000,"Balanced, large sample",0.5,500,500,0.09999999999999987,0.14999999999944302,0.05,58.306943935295244,empirical_lr,Constrained LR (split empirical),5000,5000,1.0,2019,0.4038,0.39027876966401126,0.4174689361902178
CURVE_CURVE_C1_N0_n1000_di0p05_scale0p5,C1_N0_n1000,"Balanced, large sample",0.5,500,500,0.09999999999999987,0.14999999999944302,0.05,58.306943935295244,expanded_welch,Expanded Welch,5000,5000,1.0,2008,0.4016,0.38809254247164837,0.41525854127113904
CURVE_CURVE_C1_N0_n1000_di0p05_scale0p5,C1_N0_n1000,"Balanced, large sample",0.5,500,500,0.09999999999999987,0.14999999999944302,0.05,58.306943935295244,normal_wald,Normal Wald,5000,5000,1.0,2031,0.4062,0.3926640681929131,0.41987995269197975
CURVE_CURVE_C1_N0_n1000_di0p05_scale0p5,C1_N0_n1000,"Balanced, large sample",0.5,500,500,0.09999999999999987,0.14999999999944302,0.05,58.306943935295244,simple_welch,Simple Welch,5000,5000,1.0,2025,0.405,0.3914713768015774,0.41867448656798356
CURVE_CURVE_C1_N0_n50_di0p05_scale0p5,C1_N0_n50,"Balanced, moderate sample",0.5,25,25,0.09999999999999987,0.14999999999944302,0.05,2.9153471967647624,bartlett_lr,Constrained LR (oracle Bartlett),5000,5000,1.0,323,0.0646,0.058115054348139225,0.07175346050561653
CURVE_CURVE_C1_N0_n50_di0p05_scale0p5,C1_N0_n50,"Balanced, moderate sample",0.5,25,25,0.09999999999999987,0.14999999999944302,0.05,2.9153471967647624,constrained_lr,Constrained LR (chi-squared),5000,5000,1.0,424,0.0848,0.07739332746358839,0.09284417223158704
CURVE_CURVE_C1_N0_n50_di0p05_scale0p5,C1_N0_n50,"Balanced, moderate sample",0.5,25,25,0.09999999999999987,0.14999999999944302,0.05,2.9153471967647624,empirical_lr,Constrained LR (split empirical),5000,5000,1.0,313,0.0626,0.05621549083520565,0.06965609482633033
CURVE_CURVE_C1_N0_n50_di0p05_scale0p5,C1_N0_n50,"Balanced, moderate sample",0.5,25,25,0.09999999999999987,0.14999999999944302,0.05,2.9153471967647624,expanded_welch,Expanded Welch,5000,5000,1.0,367,0.0734,0.06649420780762573,0.08096079549189701
CURVE_CURVE_C1_N0_n50_di0p05_scale0p5,C1_N0_n50,"Balanced, moderate sample",0.5,25,25,0.09999999999999987,0.14999999999944302,0.05,2.9153471967647624,normal_wald,Normal Wald,5000,5000,1.0,445,0.089,0.08141969987165351,0.09721135112718343
CURVE_CURVE_C1_N0_n50_di0p05_scale0p5,C1_N0_n50,"Balanced, moderate sample",0.5,25,25,0.09999999999999987,0.14999999999944302,0.05,2.9153471967647624,simple_welch,Simple Welch,5000,5000,1.0,397,0.0794,0.07222490060832917,0.08722089026785287
CURVE_CURVE_C1_N3_n50_di0p05_scale0p5,C1_N3_n50,One skewed population,0.5,25,25,0.03000000000000036,0.07999999999968177,0.05,0.3228806556316851,bartlett_lr,Constrained LR (oracle Bartlett),5000,5000,1.0,445,0.089,0.08141969987165351,0.09721135112718343
CURVE_CURVE_C1_N3_n50_di0p05_scale0p5,C1_N3_n50,One skewed population,0.5,25,25,0.03000000000000036,0.07999999999968177,0.05,0.3228806556316851,constrained_lr,Constrained LR (chi-squared),5000,5000,1.0,332,0.0664,0.05982625206670292,0.07363949906005063
CURVE_CURVE_C1_N3_n50_di0p05_scale0p5,C1_N3_n50,One skewed population,0.5,25,25,0.03000000000000036,0.07999999999968177,0.05,0.3228806556316851,empirical_lr,Constrained LR (split empirical),5000,5000,1.0,464,0.0928,0.08506716616278634,0.10115805030126818
CURVE_CURVE_C1_N3_n50_di0p05_scale0p5,C1_N3_n50,One skewed population,0.5,25,25,0.03000000000000036,0.07999999999968177,0.05,0.3228806556316851,expanded_welch,Expanded Welch,5000,4646,0.9292,191,0.041110632802410674,0.03577039511083458,0.04720909187549211
CURVE_CURVE_C1_N3_n50_di0p05_scale0p5,C1_N3_n50,One skewed population,0.5,25,25,0.03000000000000036,0.07999999999968177,0.05,0.3228806556316851,normal_wald,Normal Wald,5000,5000,1.0,356,0.0712,0.06439638427486137,0.07866199691321961
CURVE_CURVE_C1_N3_n50_di0p05_scale0p5,C1_N3_n50,One skewed population,0.5,25,25,0.03000000000000036,0.07999999999968177,0.05,0.3228806556316851,simple_welch,Simple Welch,5000,5000,1.0,302,0.0604,0.054128216165158255,0.06734674738493598
CURVE_CURVE_C2_N0_np20_nq200_di0p05_scale0p5,C2_N0_np20_nq200,"Balanced, unequal samples",0.5,10,100,0.09999999999999987,0.14999999999944302,0.05,1.4010268691929522,bartlett_lr,Constrained LR (oracle Bartlett),5000,5000,1.0,171,0.0342,0.029509294247072167,0.03960589688494306
CURVE_CURVE_C2_N0_np20_nq200_di0p05_scale0p5,C2_N0_np20_nq200,"Balanced, unequal samples",0.5,10,100,0.09999999999999987,0.14999999999944302,0.05,1.4010268691929522,constrained_lr,Constrained LR (chi-squared),5000,5000,1.0,228,0.0456,0.04015811220817567,0.05173957531949226
CURVE_CURVE_C2_N0_np20_nq200_di0p05_scale0p5,C2_N0_np20_nq200,"Balanced, unequal samples",0.5,10,100,0.09999999999999987,0.14999999999944302,0.05,1.4010268691929522,empirical_lr,Constrained LR (split empirical),5000,5000,1.0,252,0.0504,0.0446738140627647,0.056816503526230674
CURVE_CURVE_C2_N0_np20_nq200_di0p05_scale0p5,C2_N0_np20_nq200,"Balanced, unequal samples",0.5,10,100,0.09999999999999987,0.14999999999944302,0.05,1.4010268691929522,expanded_welch,Expanded Welch,5000,4944,0.9888,269,0.05440938511326861,0.048425707358356294,0.061084967817933745
CURVE_CURVE_C2_N0_np20_nq200_di0p05_scale0p5,C2_N0_np20_nq200,"Balanced, unequal samples",0.5,10,100,0.09999999999999987,0.14999999999944302,0.05,1.4010268691929522,normal_wald,Normal Wald,5000,5000,1.0,1303,0.2606,0.2486198882246915,0.2729476874666019
CURVE_CURVE_C2_N0_np20_nq200_di0p05_scale0p5,C2_N0_np20_nq200,"Balanced, unequal samples",0.5,10,100,0.09999999999999987,0.14999999999944302,0.05,1.4010268691929522,simple_welch,Simple Welch,5000,5000,1.0,1225,0.245,0.2332775430369258,0.2571139849550534
CURVE_CURVE_C2_N3_np500_nq50_di0p05_scale0p5,C2_N3_np500_nq50,"Skewed, unequal samples",0.5,250,25,0.03000000000000036,0.07999999999968177,0.05,0.3228806556316851,bartlett_lr,Constrained LR (oracle Bartlett),5000,5000,1.0,645,0.129,0.11999292074718372,0.13857671409604871
CURVE_CURVE_C2_N3_np500_nq50_di0p05_scale0p5,C2_N3_np500_nq50,"Skewed, unequal samples",0.5,250,25,0.03000000000000036,0.07999999999968177,0.05,0.3228806556316851,constrained_lr,Constrained LR (chi-squared),5000,5000,1.0,534,0.1068,0.09853885305910906,0.11566486775048387
CURVE_CURVE_C2_N3_np500_nq50_di0p05_scale0p5,C2_N3_np500_nq50,"Skewed, unequal samples",0.5,250,25,0.03000000000000036,0.07999999999968177,0.05,0.3228806556316851,empirical_lr,Constrained LR (split empirical),5000,5000,1.0,837,0.1674,0.15730809766928197,0.1780025776645701
CURVE_CURVE_C2_N3_np500_nq50_di0p05_scale0p5,C2_N3_np500_nq50,"Skewed, unequal samples",0.5,250,25,0.03000000000000036,0.07999999999968177,0.05,0.3228806556316851,expanded_welch,Expanded Welch,5000,4619,0.9238,195,0.04221693007144404,0.03678830471387999,0.04840636664332565
CURVE_CURVE_C2_N3_np500_nq50_di0p05_scale0p5,C2_N3_np500_nq50,"Skewed, unequal samples",0.5,250,25,0.03000000000000036,0.07999999999968177,0.05,0.3228806556316851,normal_wald,Normal Wald,5000,5000,1.0,762,0.1524,0.1427049996573499,0.16262870673485386
CURVE_CURVE_C2_N3_np500_nq50_di0p05_scale0p5,C2_N3_np500_nq50,"Skewed, unequal samples",0.5,250,25,0.03000000000000036,0.07999999999968177,0.05,0.3228806556316851,simple_welch,Simple Welch,5000,5000,1.0,706,0.1412,0.13182302291993514,0.15112787999583788
CURVE_CURVE_C3_C3_same_balanced_i0p005_n1000_di0p05_scale0p5,C3_C3_same_balanced_i0p005_n1000,Near independence,0.5,500,500,0.005000000000004778,0.05500000000000238,0.05,83.92688703711413,bartlett_lr,Constrained LR (oracle Bartlett),5000,5000,1.0,4814,0.9628,0.9571890088775437,0.9677004062021115
CURVE_CURVE_C3_C3_same_balanced_i0p005_n1000_di0p05_scale0p5,C3_C3_same_balanced_i0p005_n1000,Near independence,0.5,500,500,0.005000000000004778,0.05500000000000238,0.05,83.92688703711413,constrained_lr,Constrained LR (chi-squared),5000,5000,1.0,4796,0.9592,0.9533548791191986,0.9643400634144612
CURVE_CURVE_C3_C3_same_balanced_i0p005_n1000_di0p05_scale0p5,C3_C3_same_balanced_i0p005_n1000,Near independence,0.5,500,500,0.005000000000004778,0.05500000000000238,0.05,83.92688703711413,empirical_lr,Constrained LR (split empirical),5000,5000,1.0,4826,0.9652,0.9597522997335795,0.9699334303767393
CURVE_CURVE_C3_C3_same_balanced_i0p005_n1000_di0p05_scale0p5,C3_C3_same_balanced_i0p005_n1000,Near independence,0.5,500,500,0.005000000000004778,0.05500000000000238,0.05,83.92688703711413,expanded_welch,Expanded Welch,5000,5000,1.0,4705,0.941,0.93412411487236,0.9471987720120996
CURVE_CURVE_C3_C3_same_balanced_i0p005_n1000_di0p05_scale0p5,C3_C3_same_balanced_i0p005_n1000,Near independence,0.5,500,500,0.005000000000004778,0.05500000000000238,0.05,83.92688703711413,normal_wald,Normal Wald,5000,5000,1.0,4761,0.9522,0.945931477658468,0.9577742127024225
CURVE_CURVE_C3_C3_same_balanced_i0p005_n1000_di0p05_scale0p5,C3_C3_same_balanced_i0p005_n1000,Near independence,0.5,500,500,0.005000000000004778,0.05500000000000238,0.05,83.92688703711413,simple_welch,Simple Welch,5000,5000,1.0,4758,0.9516,0.9452969156918606,0.957209695911364
CURVE_CURVE_C4_C4_s0p05_i0p0001_n500_di0p05_scale0p5,C4_C4_s0p05_i0p0001_n500,Rare-cell case B,0.5,250,250,9.999999999987796e-05,0.05009999999999987,0.05,0.43283577142680474,bartlett_lr,Constrained LR (oracle Bartlett),5000,5000,1.0,4793,0.9586,0.9527170185768786,0.963778845199115
CURVE_CURVE_C4_C4_s0p05_i0p0001_n500_di0p05_scale0p5,C4_C4_s0p05_i0p0001_n500,Rare-cell case B,0.5,250,250,9.999999999987796e-05,0.05009999999999987,0.05,0.43283577142680474,constrained_lr,Constrained LR (chi-squared),5000,5000,1.0,4120,0.824,0.8131967832374858,0.8343057459021173
CURVE_CURVE_C4_C4_s0p05_i0p0001_n500_di0p05_scale0p5,C4_C4_s0p05_i0p0001_n500,Rare-cell case B,0.5,250,250,9.999999999987796e-05,0.05009999999999987,0.05,0.43283577142680474,empirical_lr,Constrained LR (split empirical),5000,5000,1.0,4803,0.9606,0.954844476243093,0.9656483167251204
CURVE_CURVE_C4_C4_s0p05_i0p0001_n500_di0p05_scale0p5,C4_C4_s0p05_i0p0001_n500,Rare-cell case B,0.5,250,250,9.999999999987796e-05,0.05009999999999987,0.05,0.43283577142680474,expanded_welch,Expanded Welch,5000,4989,0.9978,2570,0.5151332932451393,0.5012590288451059,0.5289842707359841
CURVE_CURVE_C4_C4_s0p05_i0p0001_n500_di0p05_scale0p5,C4_C4_s0p05_i0p0001_n500,Rare-cell case B,0.5,250,250,9.999999999987796e-05,0.05009999999999987,0.05,0.43283577142680474,normal_wald,Normal Wald,5000,5000,1.0,3110,0.622,0.6084710218833477,0.6353416588420585
CURVE_CURVE_C4_C4_s0p05_i0p0001_n500_di0p05_scale0p5,C4_C4_s0p05_i0p0001_n500,Rare-cell case B,0.5,250,250,9.999999999987796e-05,0.05009999999999987,0.05,0.43283577142680474,simple_welch,Simple Welch,5000,5000,1.0,3084,0.6168,0.6032396103699001,0.6301810544557346
CURVE_CURVE_C4_C4_s0p1_i0p0001_n100_di0p05_scale0p5,C4_C4_s0p1_i0p0001_n100,Rare-cell case A,0.5,50,50,0.00010000000000010001,0.050100000000000144,0.05,0.412654456753039,bartlett_lr,Constrained LR (oracle Bartlett),5000,5000,1.0,2295,0.459,0.44522437724242425,0.47283857431707055
CURVE_CURVE_C4_C4_s0p1_i0p0001_n100_di0p05_scale0p5,C4_C4_s0p1_i0p0001_n100,Rare-cell case A,0.5,50,50,0.00010000000000010001,0.050100000000000144,0.05,0.412654456753039,constrained_lr,Constrained LR (chi-squared),5000,5000,1.0,935,0.187,0.17643417049691756,0.19804641092068825
CURVE_CURVE_C4_C4_s0p1_i0p0001_n100_di0p05_scale0p5,C4_C4_s0p1_i0p0001_n100,Rare-cell case A,0.5,50,50,0.00010000000000010001,0.050100000000000144,0.05,0.412654456753039,empirical_lr,Constrained LR (split empirical),5000,5000,1.0,2268,0.4536,0.4398416399447641,0.4674296027957373
CURVE_CURVE_C4_C4_s0p1_i0p0001_n100_di0p05_scale0p5,C4_C4_s0p1_i0p0001_n100,Rare-cell case A,0.5,50,50,0.00010000000000010001,0.050100000000000144,0.05,0.412654456753039,expanded_welch,Expanded Welch,5000,4535,0.907,209,0.046085997794928335,0.0403582958316637,0.05258204206026594
CURVE_CURVE_C4_C4_s0p1_i0p0001_n100_di0p05_scale0p5,C4_C4_s0p1_i0p0001_n100,Rare-cell case A,0.5,50,50,0.00010000000000010001,0.050100000000000144,0.05,0.412654456753039,normal_wald,Normal Wald,5000,4999,0.9998,429,0.08581716343268654,0.07836722453012426,0.09390316738908189
CURVE_CURVE_C4_C4_s0p1_i0p0001_n100_di0p05_scale0p5,C4_C4_s0p1_i0p0001_n100,Rare-cell case A,0.5,50,50,0.00010000000000010001,0.050100000000000144,0.05,0.412654456753039,simple_welch,Simple Welch,5000,4999,0.9998,373,0.07461492298459692,0.06765285270702329,0.08223026171760453
CURVE_CURVE_C1_N0_n10_di0p05_scale1,C1_N0_n10,"Balanced, very small sample",1.0,10,10,0.09999999999999987,0.14999999999944302,0.05,1.1661388787059048,bartlett_lr,Constrained LR (oracle Bartlett),5000,4997,0.9994,249,0.04982989793876326,0.044135033150328185,0.05621637029909034
CURVE_CURVE_C1_N0_n10_di0p05_scale1,C1_N0_n10,"Balanced, very small sample",1.0,10,10,0.09999999999999987,0.14999999999944302,0.05,1.1661388787059048,constrained_lr,Constrained LR (chi-squared),5000,4997,0.9994,353,0.07064238543125875,0.06386303787237294,0.07808136581765926
CURVE_CURVE_C1_N0_n10_di0p05_scale1,C1_N0_n10,"Balanced, very small sample",1.0,10,10,0.09999999999999987,0.14999999999944302,0.05,1.1661388787059048,empirical_lr,Constrained LR (split empirical),5000,4997,0.9994,310,0.06203722233340004,0.05567951067153211,0.06906778714978482
CURVE_CURVE_C1_N0_n10_di0p05_scale1,C1_N0_n10,"Balanced, very small sample",1.0,10,10,0.09999999999999987,0.14999999999944302,0.05,1.1661388787059048,expanded_welch,Expanded Welch,5000,4823,0.9646,232,0.048102840555670746,0.04241511754759305,0.054509851464129656
CURVE_CURVE_C1_N0_n10_di0p05_scale1,C1_N0_n10,"Balanced, very small sample",1.0,10,10,0.09999999999999987,0.14999999999944302,0.05,1.1661388787059048,normal_wald,Normal Wald,5000,4986,0.9972,767,0.1538307260328921,0.14408320003762512,0.16411125293486464
CURVE_CURVE_C1_N0_n10_di0p05_scale1,C1_N0_n10,"Balanced, very small sample",1.0,10,10,0.09999999999999987,0.14999999999944302,0.05,1.1661388787059048,simple_welch,Simple Welch,5000,4986,0.9972,589,0.11813076614520658,0.10946445759481242,0.1273850432508542
CURVE_CURVE_C1_N0_n1000_di0p05_scale1,C1_N0_n1000,"Balanced, large sample",1.0,1000,1000,0.09999999999999987,0.14999999999944302,0.05,116.61388787059049,bartlett_lr,Constrained LR (oracle Bartlett),5000,5000,1.0,3387,0.6774,0.6643106683414907,0.6902169510084032
CURVE_CURVE_C1_N0_n1000_di0p05_scale1,C1_N0_n1000,"Balanced, large sample",1.0,1000,1000,0.09999999999999987,0.14999999999944302,0.05,116.61388787059049,constrained_lr,Constrained LR (chi-squared),5000,5000,1.0,3326,0.6652,0.6519968540537555,0.6781494972235977
CURVE_CURVE_C1_N0_n1000_di0p05_scale1,C1_N0_n1000,"Balanced, large sample",1.0,1000,1000,0.09999999999999987,0.14999999999944302,0.05,116.61388787059049,empirical_lr,Constrained LR (split empirical),5000,5000,1.0,3403,0.6806,0.6675421786652332,0.6933805273922121
CURVE_CURVE_C1_N0_n1000_di0p05_scale1,C1_N0_n1000,"Balanced, large sample",1.0,1000,1000,0.09999999999999987,0.14999999999944302,0.05,116.61388787059049,expanded_welch,Expanded Welch,5000,5000,1.0,3313,0.6626,0.6493738747469808,0.6755764685804866
CURVE_CURVE_C1_N0_n1000_di0p05_scale1,C1_N0_n1000,"Balanced, large sample",1.0,1000,1000,0.09999999999999987,0.14999999999944302,0.05,116.61388787059049,normal_wald,Normal Wald,5000,5000,1.0,3321,0.6642,0.6509879633209317,0.6771599233603116
CURVE_CURVE_C1_N0_n1000_di0p05_scale1,C1_N0_n1000,"Balanced, large sample",1.0,1000,1000,0.09999999999999987,0.14999999999944302,0.05,116.61388787059049,simple_welch,Simple Welch,5000,5000,1.0,3320,0.664,0.6507861930631568,0.6769620006988647
CURVE_CURVE_C1_N0_n50_di0p05_scale1,C1_N0_n50,"Balanced, moderate sample",1.0,50,50,0.09999999999999987,0.14999999999944302,0.05,5.830694393529525,bartlett_lr,Constrained LR (oracle Bartlett),5000,5000,1.0,425,0.085,0.07758493466579117,0.09305225794860628
CURVE_CURVE_C1_N0_n50_di0p05_scale1,C1_N0_n50,"Balanced, moderate sample",1.0,50,50,0.09999999999999987,0.14999999999944302,0.05,5.830694393529525,constrained_lr,Constrained LR (chi-squared),5000,5000,1.0,475,0.095,0.0871807381378733,0.10344110043762297
CURVE_CURVE_C1_N0_n50_di0p05_scale1,C1_N0_n50,"Balanced, moderate sample",1.0,50,50,0.09999999999999987,0.14999999999944302,0.05,5.830694393529525,empirical_lr,Constrained LR (split empirical),5000,5000,1.0,412,0.0824,0.07509504921994331,0.0903461354445684
CURVE_CURVE_C1_N0_n50_di0p05_scale1,C1_N0_n50,"Balanced, moderate sample",1.0,50,50,0.09999999999999987,0.14999999999944302,0.05,5.830694393529525,expanded_welch,Expanded Welch,5000,5000,1.0,381,0.0762,0.06916687894715805,0.08388382522147238
CURVE_CURVE_C1_N0_n50_di0p05_scale1,C1_N0_n50,"Balanced, moderate sample",1.0,50,50,0.09999999999999987,0.14999999999944302,0.05,5.830694393529525,normal_wald,Normal Wald,5000,5000,1.0,450,0.09,0.08237915058874334,0.09825036500620349
CURVE_CURVE_C1_N0_n50_di0p05_scale1,C1_N0_n50,"Balanced, moderate sample",1.0,50,50,0.09999999999999987,0.14999999999944302,0.05,5.830694393529525,simple_welch,Simple Welch,5000,5000,1.0,419,0.0838,0.07643548386837289,0.09180355123069266
CURVE_CURVE_C1_N3_n50_di0p05_scale1,C1_N3_n50,One skewed population,1.0,50,50,0.03000000000000036,0.07999999999968177,0.05,0.6457613112633702,bartlett_lr,Constrained LR (oracle Bartlett),5000,5000,1.0,626,0.1252,0.11631356900075207,0.13466190037726278
CURVE_CURVE_C1_N3_n50_di0p05_scale1,C1_N3_n50,One skewed population,1.0,50,50,0.03000000000000036,0.07999999999968177,0.05,0.6457613112633702,constrained_lr,Constrained LR (chi-squared),5000,5000,1.0,642,0.1284,0.11941179169040594,0.13795876439516053
CURVE_CURVE_C1_N3_n50_di0p05_scale1,C1_N3_n50,One skewed population,1.0,50,50,0.03000000000000036,0.07999999999968177,0.05,0.6457613112633702,empirical_lr,Constrained LR (split empirical),5000,5000,1.0,653,0.1306,0.1215429201688366,0.14022425802817165
CURVE_CURVE_C1_N3_n50_di0p05_scale1,C1_N3_n50,One skewed population,1.0,50,50,0.03000000000000036,0.07999999999968177,0.05,0.6457613112633702,expanded_welch,Expanded Welch,5000,4969,0.9938,437,0.08794526061581807,0.08038554484763896,0.0961415908131214
CURVE_CURVE_C1_N3_n50_di0p05_scale1,C1_N3_n50,One skewed population,1.0,50,50,0.03000000000000036,0.07999999999968177,0.05,0.6457613112633702,normal_wald,Normal Wald,5000,5000,1.0,639,0.1278,0.11883072909474562,0.13734074823315495
CURVE_CURVE_C1_N3_n50_di0p05_scale1,C1_N3_n50,One skewed population,1.0,50,50,0.03000000000000036,0.07999999999968177,0.05,0.6457613112633702,simple_welch,Simple Welch,5000,5000,1.0,606,0.1212,0.11244354447932577,0.13053806651424954
CURVE_CURVE_C2_N0_np20_nq200_di0p05_scale1,C2_N0_np20_nq200,"Balanced, unequal samples",1.0,20,200,0.09999999999999987,0.14999999999944302,0.05,2.8020537383859043,bartlett_lr,Constrained LR (oracle Bartlett),5000,5000,1.0,338,0.0676,0.06096785843452043,0.07489605020756496
CURVE_CURVE_C2_N0_np20_nq200_di0p05_scale1,C2_N0_np20_nq200,"Balanced, unequal samples",1.0,20,200,0.09999999999999987,0.14999999999944302,0.05,2.8020537383859043,constrained_lr,Constrained LR (chi-squared),5000,5000,1.0,414,0.0828,0.07547796479300165,0.09076260570995401
CURVE_CURVE_C2_N0_np20_nq200_di0p05_scale1,C2_N0_np20_nq200,"Balanced, unequal samples",1.0,20,200,0.09999999999999987,0.14999999999944302,0.05,2.8020537383859043,empirical_lr,Constrained LR (split empirical),5000,5000,1.0,310,0.062,0.05564599630435988,0.06902651059951018
CURVE_CURVE_C2_N0_np20_nq200_di0p05_scale1,C2_N0_np20_nq200,"Balanced, unequal samples",1.0,20,200,0.09999999999999987,0.14999999999944302,0.05,2.8020537383859043,expanded_welch,Expanded Welch,5000,4990,0.998,257,0.051503006012024045,0.04570824313993146,0.057987771859908645
CURVE_CURVE_C2_N0_np20_nq200_di0p05_scale1,C2_N0_np20_nq200,"Balanced, unequal samples",1.0,20,200,0.09999999999999987,0.14999999999944302,0.05,2.8020537383859043,normal_wald,Normal Wald,5000,5000,1.0,1106,0.2212,0.20991193744586015,0.23291613315870377
CURVE_CURVE_C2_N0_np20_nq200_di0p05_scale1,C2_N0_np20_nq200,"Balanced, unequal samples",1.0,20,200,0.09999999999999987,0.14999999999944302,0.05,2.8020537383859043,simple_welch,Simple Welch,5000,5000,1.0,1039,0.2078,0.19678026763861922,0.21926837737807225
CURVE_CURVE_C2_N3_np500_nq50_di0p05_scale1,C2_N3_np500_nq50,"Skewed, unequal samples",1.0,500,50,0.03000000000000036,0.07999999999968177,0.05,0.6457613112633702,bartlett_lr,Constrained LR (oracle Bartlett),5000,5000,1.0,1019,0.2038,0.1928639129561306,0.21519087367612133
CURVE_CURVE_C2_N3_np500_nq50_di0p05_scale1,C2_N3_np500_nq50,"Skewed, unequal samples",1.0,500,50,0.03000000000000036,0.07999999999968177,0.05,0.6457613112633702,constrained_lr,Constrained LR (chi-squared),5000,5000,1.0,1041,0.2082,0.19717199483516637,0.21967603601996902
CURVE_CURVE_C2_N3_np500_nq50_di0p05_scale1,C2_N3_np500_nq50,"Skewed, unequal samples",1.0,500,50,0.03000000000000036,0.07999999999968177,0.05,0.6457613112633702,empirical_lr,Constrained LR (split empirical),5000,5000,1.0,1150,0.23,0.21854524800097683,0.24186931104935408
CURVE_CURVE_C2_N3_np500_nq50_di0p05_scale1,C2_N3_np500_nq50,"Skewed, unequal samples",1.0,500,50,0.03000000000000036,0.07999999999968177,0.05,0.6457613112633702,expanded_welch,Expanded Welch,5000,4978,0.9956,452,0.09079951787866614,0.08313024825532918,0.09909985005767478
CURVE_CURVE_C2_N3_np500_nq50_di0p05_scale1,C2_N3_np500_nq50,"Skewed, unequal samples",1.0,500,50,0.03000000000000036,0.07999999999968177,0.05,0.6457613112633702,normal_wald,Normal Wald,5000,5000,1.0,690,0.138,0.12871757414077317,0.14783824206744828
CURVE_CURVE_C2_N3_np500_nq50_di0p05_scale1,C2_N3_np500_nq50,"Skewed, unequal samples",1.0,500,50,0.03000000000000036,0.07999999999968177,0.05,0.6457613112633702,simple_welch,Simple Welch,5000,5000,1.0,641,0.1282,0.11921809675434933,0.13775276641199521
CURVE_CURVE_C3_C3_same_balanced_i0p005_n1000_di0p05_scale1,C3_C3_same_balanced_i0p005_n1000,Near independence,1.0,1000,1000,0.005000000000004778,0.05500000000000238,0.05,167.85377407422826,bartlett_lr,Constrained LR (oracle Bartlett),5000,5000,1.0,4995,0.999,0.9976610469499418,0.9995727865088913
CURVE_CURVE_C3_C3_same_balanced_i0p005_n1000_di0p05_scale1,C3_C3_same_balanced_i0p005_n1000,Near independence,1.0,1000,1000,0.005000000000004778,0.05500000000000238,0.05,167.85377407422826,constrained_lr,Constrained LR (chi-squared),5000,5000,1.0,4995,0.999,0.9976610469499418,0.9995727865088913
CURVE_CURVE_C3_C3_same_balanced_i0p005_n1000_di0p05_scale1,C3_C3_same_balanced_i0p005_n1000,Near independence,1.0,1000,1000,0.005000000000004778,0.05500000000000238,0.05,167.85377407422826,empirical_lr,Constrained LR (split empirical),5000,5000,1.0,4995,0.999,0.9976610469499418,0.9995727865088913
CURVE_CURVE_C3_C3_same_balanced_i0p005_n1000_di0p05_scale1,C3_C3_same_balanced_i0p005_n1000,Near independence,1.0,1000,1000,0.005000000000004778,0.05500000000000238,0.05,167.85377407422826,expanded_welch,Expanded Welch,5000,5000,1.0,4995,0.999,0.9976610469499418,0.9995727865088913
CURVE_CURVE_C3_C3_same_balanced_i0p005_n1000_di0p05_scale1,C3_C3_same_balanced_i0p005_n1000,Near independence,1.0,1000,1000,0.005000000000004778,0.05500000000000238,0.05,167.85377407422826,normal_wald,Normal Wald,5000,5000,1.0,4995,0.999,0.9976610469499418,0.9995727865088913
CURVE_CURVE_C3_C3_same_balanced_i0p005_n1000_di0p05_scale1,C3_C3_same_balanced_i0p005_n1000,Near independence,1.0,1000,1000,0.005000000000004778,0.05500000000000238,0.05,167.85377407422826,simple_welch,Simple Welch,5000,5000,1.0,4995,0.999,0.9976610469499418,0.9995727865088913
CURVE_CURVE_C4_C4_s0p05_i0p0001_n500_di0p05_scale1,C4_C4_s0p05_i0p0001_n500,Rare-cell case B,1.0,500,500,9.999999999987796e-05,0.05009999999999987,0.05,0.8656715428536095,bartlett_lr,Constrained LR (oracle Bartlett),5000,5000,1.0,4988,0.9976,0.9958094485806921,0.9986265344435872
CURVE_CURVE_C4_C4_s0p05_i0p0001_n500_di0p05_scale1,C4_C4_s0p05_i0p0001_n500,Rare-cell case B,1.0,500,500,9.999999999987796e-05,0.05009999999999987,0.05,0.8656715428536095,constrained_lr,Constrained LR (chi-squared),5000,5000,1.0,4922,0.9844,0.9805744874896778,0.9874817628659511
CURVE_CURVE_C4_C4_s0p05_i0p0001_n500_di0p05_scale1,C4_C4_s0p05_i0p0001_n500,Rare-cell case B,1.0,500,500,9.999999999987796e-05,0.05009999999999987,0.05,0.8656715428536095,empirical_lr,Constrained LR (split empirical),5000,5000,1.0,4993,0.9986,0.9971127802223416,0.9993216673980476
CURVE_CURVE_C4_C4_s0p05_i0p0001_n500_di0p05_scale1,C4_C4_s0p05_i0p0001_n500,Rare-cell case B,1.0,500,500,9.999999999987796e-05,0.05009999999999987,0.05,0.8656715428536095,expanded_welch,Expanded Welch,5000,5000,1.0,4639,0.9278,0.9202928561478793,0.9346502980679298
CURVE_CURVE_C4_C4_s0p05_i0p0001_n500_di0p05_scale1,C4_C4_s0p05_i0p0001_n500,Rare-cell case B,1.0,500,500,9.999999999987796e-05,0.05009999999999987,0.05,0.8656715428536095,normal_wald,Normal Wald,5000,5000,1.0,4791,0.9582,0.9522919526568581,0.9634045252806918
CURVE_CURVE_C4_C4_s0p05_i0p0001_n500_di0p05_scale1,C4_C4_s0p05_i0p0001_n500,Rare-cell case B,1.0,500,500,9.999999999987796e-05,0.05009999999999987,0.05,0.8656715428536095,simple_welch,Simple Welch,5000,5000,1.0,4789,0.9578,0.951867024068152,0.9630300680309537
CURVE_CURVE_C4_C4_s0p1_i0p0001_n100_di0p05_scale1,C4_C4_s0p1_i0p0001_n100,Rare-cell case A,1.0,100,100,0.00010000000000010001,0.050100000000000144,0.05,0.825308913506078,bartlett_lr,Constrained LR (oracle Bartlett),5000,5000,1.0,3368,0.6736,0.6604741504017874,0.6864593034828889
CURVE_CURVE_C4_C4_s0p1_i0p0001_n100_di0p05_scale1,C4_C4_s0p1_i0p0001_n100,Rare-cell case A,1.0,100,100,0.00010000000000010001,0.050100000000000144,0.05,0.825308913506078,constrained_lr,Constrained LR (chi-squared),5000,5000,1.0,1962,0.3924,0.37895322776897783,0.40601198168959857
CURVE_CURVE_C4_C4_s0p1_i0p0001_n100_di0p05_scale1,C4_C4_s0p1_i0p0001_n100,Rare-cell case A,1.0,100,100,0.00010000000000010001,0.050100000000000144,0.05,0.825308913506078,empirical_lr,Constrained LR (split empirical),5000,5000,1.0,3493,0.6986,0.6857326194267716,0.7111624493606518
CURVE_CURVE_C4_C4_s0p1_i0p0001_n100_di0p05_scale1,C4_C4_s0p1_i0p0001_n100,Rare-cell case A,1.0,100,100,0.00010000000000010001,0.050100000000000144,0.05,0.825308913506078,expanded_welch,Expanded Welch,5000,4975,0.995,857,0.1722613065326633,0.16202236079509302,0.1830059902839124
CURVE_CURVE_C4_C4_s0p1_i0p0001_n100_di0p05_scale1,C4_C4_s0p1_i0p0001_n100,Rare-cell case A,1.0,100,100,0.00010000000000010001,0.050100000000000144,0.05,0.825308913506078,normal_wald,Normal Wald,5000,4999,0.9998,1274,0.2548509701940388,0.2429622611660739,0.2671161572338233
CURVE_CURVE_C4_C4_s0p1_i0p0001_n100_di0p05_scale1,C4_C4_s0p1_i0p0001_n100,Rare-cell case A,1.0,100,100,0.00010000000000010001,0.050100000000000144,0.05,0.825308913506078,simple_welch,Simple Welch,5000,4999,0.9998,1234,0.2468493698739748,0.23509413221806302,0.25899337368570674
CURVE_CURVE_C1_N0_n10_di0p05_scale2,C1_N0_n10,"Balanced, very small sample",2.0,20,20,0.09999999999999987,0.14999999999944302,0.05,2.3322777574118096,bartlett_lr,Constrained LR (oracle Bartlett),5000,4999,0.9998,363,0.07261452290458091,0.06574433582130623,0.08014105047928974
CURVE_CURVE_C1_N0_n10_di0p05_scale2,C1_N0_n10,"Balanced, very small sample",2.0,20,20,0.09999999999999987,0.14999999999944302,0.05,2.3322777574118096,constrained_lr,Constrained LR (chi-squared),5000,4999,0.9998,466,0.09321864372874575,0.08546851471754768,0.1015934712605763
CURVE_CURVE_C1_N0_n10_di0p05_scale2,C1_N0_n10,"Balanced, very small sample",2.0,20,20,0.09999999999999987,0.14999999999944302,0.05,2.3322777574118096,empirical_lr,Constrained LR (split empirical),5000,4999,0.9998,386,0.07721544308861772,0.07013619246951801,0.0849439685163512
CURVE_CURVE_C1_N0_n10_di0p05_scale2,C1_N0_n10,"Balanced, very small sample",2.0,20,20,0.09999999999999987,0.14999999999944302,0.05,2.3322777574118096,expanded_welch,Expanded Welch,5000,4983,0.9966,442,0.08870158539032712,0.08112107175021523,0.09691576101299319
CURVE_CURVE_C1_N0_n10_di0p05_scale2,C1_N0_n10,"Balanced, very small sample",2.0,20,20,0.09999999999999987,0.14999999999944302,0.05,2.3322777574118096,normal_wald,Normal Wald,5000,4999,0.9998,544,0.10882176435287057,0.10048752085413971,0.11775674449143265
CURVE_CURVE_C1_N0_n10_di0p05_scale2,C1_N0_n10,"Balanced, very small sample",2.0,20,20,0.09999999999999987,0.14999999999944302,0.05,2.3322777574118096,simple_welch,Simple Welch,5000,4999,0.9998,486,0.09721944388877776,0.08931357354540535,0.10574386868078235
CURVE_CURVE_C1_N0_n1000_di0p05_scale2,C1_N0_n1000,"Balanced, large sample",2.0,2000,2000,0.09999999999999987,0.14999999999944302,0.05,233.22777574118098,bartlett_lr,Constrained LR (oracle Bartlett),5000,5000,1.0,4659,0.9318,0.9244759105924472,0.9384611020078015
CURVE_CURVE_C1_N0_n1000_di0p05_scale2,C1_N0_n1000,"Balanced, large sample",2.0,2000,2000,0.09999999999999987,0.14999999999944302,0.05,233.22777574118098,constrained_lr,Constrained LR (chi-squared),5000,5000,1.0,4660,0.932,0.9246852396744477,0.938651465845023
CURVE_CURVE_C1_N0_n1000_di0p05_scale2,C1_N0_n1000,"Balanced, large sample",2.0,2000,2000,0.09999999999999987,0.14999999999944302,0.05,233.22777574118098,empirical_lr,Constrained LR (split empirical),5000,5000,1.0,4653,0.9306,0.9232202953833516,0.9373185597015653
CURVE_CURVE_C1_N0_n1000_di0p05_scale2,C1_N0_n1000,"Balanced, large sample",2.0,2000,2000,0.09999999999999987,0.14999999999944302,0.05,233.22777574118098,expanded_welch,Expanded Welch,5000,5000,1.0,4658,0.9316,0.9242665987345867,0.9382707209464399
CURVE_CURVE_C1_N0_n1000_di0p05_scale2,C1_N0_n1000,"Balanced, large sample",2.0,2000,2000,0.09999999999999987,0.14999999999944302,0.05,233.22777574118098,normal_wald,Normal Wald,5000,5000,1.0,4660,0.932,0.9246852396744477,0.938651465845023
CURVE_CURVE_C1_N0_n1000_di0p05_scale2,C1_N0_n1000,"Balanced, large sample",2.0,2000,2000,0.09999999999999987,0.14999999999944302,0.05,233.22777574118098,simple_welch,Simple Welch,5000,5000,1.0,4660,0.932,0.9246852396744477,0.938651465845023
CURVE_CURVE_C1_N0_n50_di0p05_scale2,C1_N0_n50,"Balanced, moderate sample",2.0,100,100,0.09999999999999987,0.14999999999944302,0.05,11.66138878705905,bartlett_lr,Constrained LR (oracle Bartlett),5000,5000,1.0,568,0.1136,0.10509938060752587,0.1226938994556143
CURVE_CURVE_C1_N0_n50_di0p05_scale2,C1_N0_n50,"Balanced, moderate sample",2.0,100,100,0.09999999999999987,0.14999999999944302,0.05,11.66138878705905,constrained_lr,Constrained LR (chi-squared),5000,5000,1.0,580,0.116,0.10741729036033222,0.12517230473347168
CURVE_CURVE_C1_N0_n50_di0p05_scale2,C1_N0_n50,"Balanced, moderate sample",2.0,100,100,0.09999999999999987,0.14999999999944302,0.05,11.66138878705905,empirical_lr,Constrained LR (split empirical),5000,5000,1.0,565,0.113,0.10452009646834268,0.12207410483713155
CURVE_CURVE_C1_N0_n50_di0p05_scale2,C1_N0_n50,"Balanced, moderate sample",2.0,100,100,0.09999999999999987,0.14999999999944302,0.05,11.66138878705905,expanded_welch,Expanded Welch,5000,5000,1.0,528,0.1056,0.09738221351103543,0.11442334978322563
CURVE_CURVE_C1_N0_n50_di0p05_scale2,C1_N0_n50,"Balanced, moderate sample",2.0,100,100,0.09999999999999987,0.14999999999944302,0.05,11.66138878705905,normal_wald,Normal Wald,5000,5000,1.0,566,0.1132,0.10471318249826778,0.1222807117264284
CURVE_CURVE_C1_N0_n50_di0p05_scale2,C1_N0_n50,"Balanced, moderate sample",2.0,100,100,0.09999999999999987,0.14999999999944302,0.05,11.66138878705905,simple_welch,Simple Welch,5000,5000,1.0,558,0.1116,0.1031687392725768,0.12062761159834359
CURVE_CURVE_C1_N3_n50_di0p05_scale2,C1_N3_n50,One skewed population,2.0,100,100,0.03000000000000036,0.07999999999968177,0.05,1.2915226225267404,bartlett_lr,Constrained LR (oracle Bartlett),5000,5000,1.0,1015,0.203,0.192080844035684,0.21437517091967997
CURVE_CURVE_C1_N3_n50_di0p05_scale2,C1_N3_n50,One skewed population,2.0,100,100,0.03000000000000036,0.07999999999968177,0.05,1.2915226225267404,constrained_lr,Constrained LR (chi-squared),5000,5000,1.0,1082,0.2164,0.2052059973802213,0.22802944316301518
CURVE_CURVE_C1_N3_n50_di0p05_scale2,C1_N3_n50,One skewed population,2.0,100,100,0.03000000000000036,0.07999999999968177,0.05,1.2915226225267404,empirical_lr,Constrained LR (split empirical),5000,5000,1.0,1055,0.211,0.19991454626055635,0.2225291854636867
CURVE_CURVE_C1_N3_n50_di0p05_scale2,C1_N3_n50,One skewed population,2.0,100,100,0.03000000000000036,0.07999999999968177,0.05,1.2915226225267404,expanded_welch,Expanded Welch,5000,5000,1.0,818,0.1636,0.15360568345341213,0.17411082641522235
CURVE_CURVE_C1_N3_n50_di0p05_scale2,C1_N3_n50,One skewed population,2.0,100,100,0.03000000000000036,0.07999999999968177,0.05,1.2915226225267404,normal_wald,Normal Wald,5000,5000,1.0,997,0.1994,0.18855788009688718,0.21070366231248122
CURVE_CURVE_C1_N3_n50_di0p05_scale2,C1_N3_n50,One skewed population,2.0,100,100,0.03000000000000036,0.07999999999968177,0.05,1.2915226225267404,simple_welch,Simple Welch,5000,5000,1.0,979,0.1958,0.1850363217115291,0.20703074815184372
CURVE_CURVE_C2_N0_np20_nq200_di0p05_scale2,C2_N0_np20_nq200,"Balanced, unequal samples",2.0,40,400,0.09999999999999987,0.14999999999944302,0.05,5.604107476771809,bartlett_lr,Constrained LR (oracle Bartlett),5000,5000,1.0,447,0.0894,0.08180344452007887,0.09762699231720204
CURVE_CURVE_C2_N0_np20_nq200_di0p05_scale2,C2_N0_np20_nq200,"Balanced, unequal samples",2.0,40,400,0.09999999999999987,0.14999999999944302,0.05,5.604107476771809,constrained_lr,Constrained LR (chi-squared),5000,5000,1.0,512,0.1024,0.09429953122956898,0.11111094535714046
CURVE_CURVE_C2_N0_np20_nq200_di0p05_scale2,C2_N0_np20_nq200,"Balanced, unequal samples",2.0,40,400,0.09999999999999987,0.14999999999944302,0.05,5.604107476771809,empirical_lr,Constrained LR (split empirical),5000,5000,1.0,460,0.092,0.08429893153598811,0.1003275132511785
CURVE_CURVE_C2_N0_np20_nq200_di0p05_scale2,C2_N0_np20_nq200,"Balanced, unequal samples",2.0,40,400,0.09999999999999987,0.14999999999944302,0.05,5.604107476771809,expanded_welch,Expanded Welch,5000,5000,1.0,317,0.0634,0.0569750881353032,0.07049526920312069
CURVE_CURVE_C2_N0_np20_nq200_di0p05_scale2,C2_N0_np20_nq200,"Balanced, unequal samples",2.0,40,400,0.09999999999999987,0.14999999999944302,0.05,5.604107476771809,normal_wald,Normal Wald,5000,5000,1.0,1078,0.2156,0.2044218944893043,0.22721477437704424
CURVE_CURVE_C2_N0_np20_nq200_di0p05_scale2,C2_N0_np20_nq200,"Balanced, unequal samples",2.0,40,400,0.09999999999999987,0.14999999999944302,0.05,5.604107476771809,simple_welch,Simple Welch,5000,5000,1.0,1026,0.2052,0.1942344463622384,0.21661819070456734
CURVE_CURVE_C2_N3_np500_nq50_di0p05_scale2,C2_N3_np500_nq50,"Skewed, unequal samples",2.0,1000,100,0.03000000000000036,0.07999999999968177,0.05,1.2915226225267404,bartlett_lr,Constrained LR (oracle Bartlett),5000,5000,1.0,1706,0.3412,0.32818490719296667,0.35445891494478354
CURVE_CURVE_C2_N3_np500_nq50_di0p05_scale2,C2_N3_np500_nq50,"Skewed, unequal samples",2.0,1000,100,0.03000000000000036,0.07999999999968177,0.05,1.2915226225267404,constrained_lr,Constrained LR (chi-squared),5000,5000,1.0,1794,0.3588,0.34561813144918924,0.37219866758009496
CURVE_CURVE_C2_N3_np500_nq50_di0p05_scale2,C2_N3_np500_nq50,"Skewed, unequal samples",2.0,1000,100,0.03000000000000036,0.07999999999968177,0.05,1.2915226225267404,empirical_lr,Constrained LR (split empirical),5000,5000,1.0,1693,0.3386,0.3256112325280191,0.3518365816598455
CURVE_CURVE_C2_N3_np500_nq50_di0p05_scale2,C2_N3_np500_nq50,"Skewed, unequal samples",2.0,1000,100,0.03000000000000036,0.07999999999968177,0.05,1.2915226225267404,expanded_welch,Expanded Welch,5000,4999,0.9998,987,0.1974394878975795,0.18663885355903592,0.20870476768114726
CURVE_CURVE_C2_N3_np500_nq50_di0p05_scale2,C2_N3_np500_nq50,"Skewed, unequal samples",2.0,1000,100,0.03000000000000036,0.07999999999968177,0.05,1.2915226225267404,normal_wald,Normal Wald,5000,5000,1.0,1138,0.2276,0.21618998336703324,0.23942826065263392
CURVE_CURVE_C2_N3_np500_nq50_di0p05_scale2,C2_N3_np500_nq50,"Skewed, unequal samples",2.0,1000,100,0.03000000000000036,0.07999999999968177,0.05,1.2915226225267404,simple_welch,Simple Welch,5000,5000,1.0,1106,0.2212,0.20991193744586015,0.23291613315870377
CURVE_CURVE_C3_C3_same_balanced_i0p005_n1000_di0p05_scale2,C3_C3_same_balanced_i0p005_n1000,Near independence,2.0,2000,2000,0.005000000000004778,0.05500000000000238,0.05,335.7075481484565,bartlett_lr,Constrained LR (oracle Bartlett),5000,5000,1.0,5000,1.0,0.9992322980549431,1.0000000000000002
CURVE_CURVE_C3_C3_same_balanced_i0p005_n1000_di0p05_scale2,C3_C3_same_balanced_i0p005_n1000,Near independence,2.0,2000,2000,0.005000000000004778,0.05500000000000238,0.05,335.7075481484565,constrained_lr,Constrained LR (chi-squared),5000,5000,1.0,5000,1.0,0.9992322980549431,1.0000000000000002
CURVE_CURVE_C3_C3_same_balanced_i0p005_n1000_di0p05_scale2,C3_C3_same_balanced_i0p005_n1000,Near independence,2.0,2000,2000,0.005000000000004778,0.05500000000000238,0.05,335.7075481484565,empirical_lr,Constrained LR (split empirical),5000,5000,1.0,5000,1.0,0.9992322980549431,1.0000000000000002
CURVE_CURVE_C3_C3_same_balanced_i0p005_n1000_di0p05_scale2,C3_C3_same_balanced_i0p005_n1000,Near independence,2.0,2000,2000,0.005000000000004778,0.05500000000000238,0.05,335.7075481484565,expanded_welch,Expanded Welch,5000,5000,1.0,5000,1.0,0.9992322980549431,1.0000000000000002
CURVE_CURVE_C3_C3_same_balanced_i0p005_n1000_di0p05_scale2,C3_C3_same_balanced_i0p005_n1000,Near independence,2.0,2000,2000,0.005000000000004778,0.05500000000000238,0.05,335.7075481484565,normal_wald,Normal Wald,5000,5000,1.0,5000,1.0,0.9992322980549431,1.0000000000000002
CURVE_CURVE_C3_C3_same_balanced_i0p005_n1000_di0p05_scale2,C3_C3_same_balanced_i0p005_n1000,Near independence,2.0,2000,2000,0.005000000000004778,0.05500000000000238,0.05,335.7075481484565,simple_welch,Simple Welch,5000,5000,1.0,5000,1.0,0.9992322980549431,1.0000000000000002
CURVE_CURVE_C4_C4_s0p05_i0p0001_n500_di0p05_scale2,C4_C4_s0p05_i0p0001_n500,Rare-cell case B,2.0,1000,1000,9.999999999987796e-05,0.05009999999999987,0.05,1.731343085707219,bartlett_lr,Constrained LR (oracle Bartlett),5000,5000,1.0,5000,1.0,0.9992322980549431,1.0000000000000002
CURVE_CURVE_C4_C4_s0p05_i0p0001_n500_di0p05_scale2,C4_C4_s0p05_i0p0001_n500,Rare-cell case B,2.0,1000,1000,9.999999999987796e-05,0.05009999999999987,0.05,1.731343085707219,constrained_lr,Constrained LR (chi-squared),5000,5000,1.0,5000,1.0,0.9992322980549431,1.0000000000000002
CURVE_CURVE_C4_C4_s0p05_i0p0001_n500_di0p05_scale2,C4_C4_s0p05_i0p0001_n500,Rare-cell case B,2.0,1000,1000,9.999999999987796e-05,0.05009999999999987,0.05,1.731343085707219,empirical_lr,Constrained LR (split empirical),5000,5000,1.0,5000,1.0,0.9992322980549431,1.0000000000000002
CURVE_CURVE_C4_C4_s0p05_i0p0001_n500_di0p05_scale2,C4_C4_s0p05_i0p0001_n500,Rare-cell case B,2.0,1000,1000,9.999999999987796e-05,0.05009999999999987,0.05,1.731343085707219,expanded_welch,Expanded Welch,5000,5000,1.0,4997,0.9994,0.9982372939514713,0.9997959253458056
CURVE_CURVE_C4_C4_s0p05_i0p0001_n500_di0p05_scale2,C4_C4_s0p05_i0p0001_n500,Rare-cell case B,2.0,1000,1000,9.999999999987796e-05,0.05009999999999987,0.05,1.731343085707219,normal_wald,Normal Wald,5000,5000,1.0,4998,0.9996,0.9985426134985768,0.9998902987179225
CURVE_CURVE_C4_C4_s0p05_i0p0001_n500_di0p05_scale2,C4_C4_s0p05_i0p0001_n500,Rare-cell case B,2.0,1000,1000,9.999999999987796e-05,0.05009999999999987,0.05,1.731343085707219,simple_welch,Simple Welch,5000,5000,1.0,4998,0.9996,0.9985426134985768,0.9998902987179225
CURVE_CURVE_C4_C4_s0p1_i0p0001_n100_di0p05_scale2,C4_C4_s0p1_i0p0001_n100,Rare-cell case A,2.0,200,200,0.00010000000000010001,0.050100000000000144,0.05,1.650617827012156,bartlett_lr,Constrained LR (oracle Bartlett),5000,5000,1.0,4542,0.9084,0.9000878237859453,0.9160851172653321
CURVE_CURVE_C4_C4_s0p1_i0p0001_n100_di0p05_scale2,C4_C4_s0p1_i0p0001_n100,Rare-cell case A,2.0,200,200,0.00010000000000010001,0.050100000000000144,0.05,1.650617827012156,constrained_lr,Constrained LR (chi-squared),5000,5000,1.0,3739,0.7478,0.7355756012062308,0.759643925709799
CURVE_CURVE_C4_C4_s0p1_i0p0001_n100_di0p05_scale2,C4_C4_s0p1_i0p0001_n100,Rare-cell case A,2.0,200,200,0.00010000000000010001,0.050100000000000144,0.05,1.650617827012156,empirical_lr,Constrained LR (split empirical),5000,5000,1.0,4524,0.9048,0.896351415928112,0.9126270525771699
CURVE_CURVE_C4_C4_s0p1_i0p0001_n100_di0p05_scale2,C4_C4_s0p1_i0p0001_n100,Rare-cell case A,2.0,200,200,0.00010000000000010001,0.050100000000000144,0.05,1.650617827012156,expanded_welch,Expanded Welch,5000,5000,1.0,2231,0.4462,0.4324679540087883,0.4600146507204999
CURVE_CURVE_C4_C4_s0p1_i0p0001_n100_di0p05_scale2,C4_C4_s0p1_i0p0001_n100,Rare-cell case A,2.0,200,200,0.00010000000000010001,0.050100000000000144,0.05,1.650617827012156,normal_wald,Normal Wald,5000,5000,1.0,2786,0.5572,0.5433932528335728,0.5709189220639128
CURVE_CURVE_C4_C4_s0p1_i0p0001_n100_di0p05_scale2,C4_C4_s0p1_i0p0001_n100,Rare-cell case A,2.0,200,200,0.00010000000000010001,0.050100000000000144,0.05,1.650617827012156,simple_welch,Simple Welch,5000,5000,1.0,2750,0.55,0.5361772866703911,0.5637459431351033
