scenario_id,shape_index,design_index,rows,columns,n_p,n_q,target_mi,association_p,association_q,generation_attempts,configuration_id,population_replication,population_seed,margin_profile,dominant_margin_mass,planned_density,true_mi_p,true_mi_q,true_delta,distribution_l1,population_variance_p,population_variance_q,pooled_mixture_mi,pooled_mixture_variance,min_probability_p,min_probability_q,min_joint_expected_p,min_joint_expected_q,independence_expected_below_1_p,independence_expected_below_1_q,independence_expected_below_5_p,independence_expected_below_5_q,is_permutation_anchor,regime,regime_label,variant,cells,observations_per_cell_p,observations_per_cell_q,sample_size_ratio_q_to_p,minimum_joint_expected_pair,joint_expected_below_1_p,joint_expected_below_1_q,joint_expected_below_5_p,joint_expected_below_5_q,minimum_row_expected_p,minimum_row_expected_q,minimum_column_expected_p,minimum_column_expected_q,maximum_row_margin_p,maximum_column_margin_p,maximum_row_margin_q,maximum_column_margin_q,probability_p_json,probability_q_json
config_2x2_d0_p00,0,0,2,2,100,100,0.1,0.47172155878892175,0.47172155878892175,2,2x2_balanced_control,0,893535722,uniform,0.5,15,0.09999999999999987,0.09999999999999987,0.0,0.8791785046456385,0.17952151361299082,0.17952151361299082,0.0,0.0,0.1401026869192952,0.1401026869192952,14.01026869192952,14.01026869192952,0.0,0.0,0.0,0.0,True,balanced_control,Balanced control,population_00,4,25.0,25.0,1.0,14.01026869192952,0.0,0.0,0.0,0.0,50.0,50.0,50.0,50.0,0.5,0.5,0.5,0.5,"[[0.1401026869192952, 0.35989731308070483], [0.35989731308070483, 0.1401026869192952]]","[[0.35989731308070483, 0.1401026869192952], [0.1401026869192952, 0.35989731308070483]]"
config_2x2_d0_p01,0,0,2,2,100,100,0.1,0.47172155878892175,0.47172155878892175,2,2x2_balanced_control,1,3477733802,uniform,0.5,15,0.09999999999999987,0.09999999999999987,0.0,0.8791785046456385,0.17952151361299082,0.17952151361299082,0.0,0.0,0.1401026869192952,0.1401026869192952,14.01026869192952,14.01026869192952,0.0,0.0,0.0,0.0,True,balanced_control,Balanced control,population_01,4,25.0,25.0,1.0,14.01026869192952,0.0,0.0,0.0,0.0,50.0,50.0,50.0,50.0,0.5,0.5,0.5,0.5,"[[0.35989731308070483, 0.1401026869192952], [0.1401026869192952, 0.35989731308070483]]","[[0.1401026869192952, 0.35989731308070483], [0.35989731308070483, 0.1401026869192952]]"
config_2x2_d0_p02,0,0,2,2,100,100,0.1,0.47172155878892175,0.47172155878892175,1,2x2_balanced_control,2,559238336,uniform,0.5,15,0.09999999999999987,0.09999999999999987,0.0,0.8791785046456385,0.17952151361299082,0.17952151361299082,0.0,0.0,0.1401026869192952,0.1401026869192952,14.01026869192952,14.01026869192952,0.0,0.0,0.0,0.0,True,balanced_control,Balanced control,population_02,4,25.0,25.0,1.0,14.01026869192952,0.0,0.0,0.0,0.0,50.0,50.0,50.0,50.0,0.5,0.5,0.5,0.5,"[[0.1401026869192952, 0.35989731308070483], [0.35989731308070483, 0.1401026869192952]]","[[0.35989731308070483, 0.1401026869192952], [0.1401026869192952, 0.35989731308070483]]"
config_2x2_d0_p03,0,0,2,2,100,100,0.1,0.47172155878892175,0.47172155878892175,1,2x2_balanced_control,3,4239057338,uniform,0.5,15,0.09999999999999987,0.09999999999999987,0.0,0.8791785046456385,0.17952151361299082,0.17952151361299082,0.0,0.0,0.1401026869192952,0.1401026869192952,14.01026869192952,14.01026869192952,0.0,0.0,0.0,0.0,True,balanced_control,Balanced control,population_03,4,25.0,25.0,1.0,14.01026869192952,0.0,0.0,0.0,0.0,50.0,50.0,50.0,50.0,0.5,0.5,0.5,0.5,"[[0.35989731308070483, 0.1401026869192952], [0.1401026869192952, 0.35989731308070483]]","[[0.1401026869192952, 0.35989731308070483], [0.35989731308070483, 0.1401026869192952]]"
config_2x2_d0_p04,0,0,2,2,100,100,0.1,0.47172155878892175,0.47172155878892175,4,2x2_balanced_control,4,3643953625,uniform,0.5,15,0.09999999999999987,0.09999999999999987,0.0,0.8791785046456385,0.17952151361299082,0.17952151361299082,0.0,0.0,0.1401026869192952,0.1401026869192952,14.01026869192952,14.01026869192952,0.0,0.0,0.0,0.0,True,balanced_control,Balanced control,population_04,4,25.0,25.0,1.0,14.01026869192952,0.0,0.0,0.0,0.0,50.0,50.0,50.0,50.0,0.5,0.5,0.5,0.5,"[[0.1401026869192952, 0.35989731308070483], [0.35989731308070483, 0.1401026869192952]]","[[0.35989731308070483, 0.1401026869192952], [0.1401026869192952, 0.35989731308070483]]"
config_2x2_d0_p05,0,0,2,2,100,100,0.1,0.47172155878892175,0.47172155878892175,1,2x2_balanced_control,5,4155136299,uniform,0.5,15,0.09999999999999987,0.09999999999999987,0.0,0.8791785046456385,0.17952151361299082,0.17952151361299082,0.0,0.0,0.1401026869192952,0.1401026869192952,14.01026869192952,14.01026869192952,0.0,0.0,0.0,0.0,True,balanced_control,Balanced control,population_05,4,25.0,25.0,1.0,14.01026869192952,0.0,0.0,0.0,0.0,50.0,50.0,50.0,50.0,0.5,0.5,0.5,0.5,"[[0.1401026869192952, 0.35989731308070483], [0.35989731308070483, 0.1401026869192952]]","[[0.35989731308070483, 0.1401026869192952], [0.1401026869192952, 0.35989731308070483]]"
config_2x2_d0_p06,0,0,2,2,100,100,0.1,0.47172155878892175,0.47172155878892175,1,2x2_balanced_control,6,3985929634,uniform,0.5,15,0.09999999999999987,0.09999999999999987,0.0,0.8791785046456385,0.17952151361299082,0.17952151361299082,0.0,0.0,0.1401026869192952,0.1401026869192952,14.01026869192952,14.01026869192952,0.0,0.0,0.0,0.0,True,balanced_control,Balanced control,population_06,4,25.0,25.0,1.0,14.01026869192952,0.0,0.0,0.0,0.0,50.0,50.0,50.0,50.0,0.5,0.5,0.5,0.5,"[[0.35989731308070483, 0.1401026869192952], [0.1401026869192952, 0.35989731308070483]]","[[0.1401026869192952, 0.35989731308070483], [0.35989731308070483, 0.1401026869192952]]"
config_2x2_d0_p07,0,0,2,2,100,100,0.1,0.47172155878892175,0.47172155878892175,1,2x2_balanced_control,7,1591441934,uniform,0.5,15,0.09999999999999987,0.09999999999999987,0.0,0.8791785046456385,0.17952151361299082,0.17952151361299082,0.0,0.0,0.1401026869192952,0.1401026869192952,14.01026869192952,14.01026869192952,0.0,0.0,0.0,0.0,True,balanced_control,Balanced control,population_07,4,25.0,25.0,1.0,14.01026869192952,0.0,0.0,0.0,0.0,50.0,50.0,50.0,50.0,0.5,0.5,0.5,0.5,"[[0.1401026869192952, 0.35989731308070483], [0.35989731308070483, 0.1401026869192952]]","[[0.35989731308070483, 0.1401026869192952], [0.1401026869192952, 0.35989731308070483]]"
config_2x2_d0_p08,0,0,2,2,100,100,0.1,0.47172155878892175,0.47172155878892175,1,2x2_balanced_control,8,1590768644,uniform,0.5,15,0.09999999999999987,0.09999999999999987,0.0,0.8791785046456385,0.17952151361299082,0.17952151361299082,0.0,0.0,0.1401026869192952,0.1401026869192952,14.01026869192952,14.01026869192952,0.0,0.0,0.0,0.0,True,balanced_control,Balanced control,population_08,4,25.0,25.0,1.0,14.01026869192952,0.0,0.0,0.0,0.0,50.0,50.0,50.0,50.0,0.5,0.5,0.5,0.5,"[[0.35989731308070483, 0.1401026869192952], [0.1401026869192952, 0.35989731308070483]]","[[0.1401026869192952, 0.35989731308070483], [0.35989731308070483, 0.1401026869192952]]"
config_2x2_d0_p09,0,0,2,2,100,100,0.1,0.47172155878892175,0.47172155878892175,1,2x2_balanced_control,9,3798152808,uniform,0.5,15,0.09999999999999987,0.09999999999999987,0.0,0.8791785046456385,0.17952151361299082,0.17952151361299082,0.0,0.0,0.1401026869192952,0.1401026869192952,14.01026869192952,14.01026869192952,0.0,0.0,0.0,0.0,True,balanced_control,Balanced control,population_09,4,25.0,25.0,1.0,14.01026869192952,0.0,0.0,0.0,0.0,50.0,50.0,50.0,50.0,0.5,0.5,0.5,0.5,"[[0.35989731308070483, 0.1401026869192952], [0.1401026869192952, 0.35989731308070483]]","[[0.1401026869192952, 0.35989731308070483], [0.35989731308070483, 0.1401026869192952]]"
config_2x2_d1_p00,0,1,2,2,50,50,0.1,0.5299843155770898,0.5299843155770898,1,2x2_moderate_sparse,0,2293179149,dominant_0.70,0.7,8,0.09999999999999964,0.09999999999999964,0.0,0.8000000000000921,0.19075814159978516,0.19075814159978516,0.15563234009592075,0.2609354501882979,0.11427355938297122,0.11427355938297122,5.713677969148561,5.713677969148561,0.0,0.0,0.25,0.25,False,moderate_sparse,Moderate sparsity,population_00,4,12.5,12.5,1.0,5.713677969148561,0.0,0.0,0.0,0.0,14.99999999999885,14.99999999999885,15.000000000000002,15.000000000000002,0.700000000000023,0.7,0.700000000000023,0.7,"[[0.5857264406170287, 0.1142735593829943], [0.11427355938297122, 0.18572644061700577]]","[[0.18572644061700577, 0.11427355938297122], [0.1142735593829943, 0.5857264406170287]]"
config_2x2_d1_p01,0,1,2,2,50,50,0.1,0.5299843155770898,0.5299843155770898,2,2x2_moderate_sparse,1,209158365,dominant_0.70,0.7,8,0.09999999999999964,0.09999999999999964,0.0,1.0858115249361378,0.19075814159978516,0.19075814159978516,0.0,2.5884498452564452e-33,0.11427355938297122,0.11427355938297122,5.713677969148561,5.713677969148561,0.0,0.0,0.25,0.25,False,moderate_sparse,Moderate sparsity,population_01,4,12.5,12.5,1.0,5.713677969148561,0.0,0.0,0.0,0.0,14.99999999999885,14.99999999999885,15.000000000000002,15.000000000000002,0.700000000000023,0.7,0.700000000000023,0.7,"[[0.5857264406170287, 0.1142735593829943], [0.11427355938297122, 0.18572644061700577]]","[[0.11427355938297122, 0.18572644061700577], [0.5857264406170287, 0.1142735593829943]]"
config_2x2_d1_p02,0,1,2,2,50,50,0.1,0.5299843155770898,0.5299843155770898,3,2x2_moderate_sparse,2,67779011,dominant_0.70,0.7,8,0.09999999999999964,0.09999999999999964,0.0,1.0858115249361378,0.19075814159978516,0.19075814159978516,0.0,2.5884498452564452e-33,0.11427355938297122,0.11427355938297122,5.713677969148561,5.713677969148561,0.0,0.0,0.25,0.25,False,moderate_sparse,Moderate sparsity,population_02,4,12.5,12.5,1.0,5.713677969148561,0.0,0.0,0.0,0.0,14.99999999999885,14.99999999999885,15.000000000000002,15.000000000000002,0.700000000000023,0.7,0.700000000000023,0.7,"[[0.5857264406170287, 0.1142735593829943], [0.11427355938297122, 0.18572644061700577]]","[[0.11427355938297122, 0.18572644061700577], [0.5857264406170287, 0.1142735593829943]]"
config_2x2_d1_p03,0,1,2,2,50,50,0.1,0.5299843155770898,0.5299843155770898,1,2x2_moderate_sparse,3,1296912172,dominant_0.70,0.7,8,0.09999999999999964,0.09999999999999942,2.220446049250313e-16,1.085811524936138,0.19075814159978516,0.19075814159978519,-2.220446049250313e-16,2.5884498452564452e-33,0.11427355938297122,0.11427355938297122,5.713677969148561,5.713677969148561,0.0,0.0,0.25,0.25,False,moderate_sparse,Moderate sparsity,population_03,4,12.5,12.5,1.0,5.713677969148561,0.0,0.0,0.0,0.0,14.99999999999885,14.99999999999885,15.000000000000002,15.000000000000002,0.700000000000023,0.7,0.700000000000023,0.7,"[[0.18572644061700577, 0.11427355938297122], [0.1142735593829943, 0.5857264406170287]]","[[0.1142735593829943, 0.5857264406170287], [0.18572644061700577, 0.11427355938297122]]"
config_2x2_d1_p04,0,1,2,2,50,50,0.1,0.5299843155770898,0.5299843155770898,1,2x2_moderate_sparse,4,1859171400,dominant_0.70,0.7,8,0.09999999999999964,0.09999999999999964,0.0,0.8000000000000921,0.19075814159978516,0.19075814159978516,0.15563234009592075,0.2609354501882979,0.11427355938297122,0.11427355938297122,5.713677969148561,5.713677969148561,0.0,0.0,0.25,0.25,False,moderate_sparse,Moderate sparsity,population_04,4,12.5,12.5,1.0,5.713677969148561,0.0,0.0,0.0,0.0,14.99999999999885,14.99999999999885,15.000000000000002,15.000000000000002,0.700000000000023,0.7,0.700000000000023,0.7,"[[0.18572644061700577, 0.11427355938297122], [0.1142735593829943, 0.5857264406170287]]","[[0.5857264406170287, 0.1142735593829943], [0.11427355938297122, 0.18572644061700577]]"
config_2x2_d1_p05,0,1,2,2,50,50,0.1,0.5299843155770898,0.5299843155770898,1,2x2_moderate_sparse,5,4163443367,dominant_0.70,0.7,8,0.09999999999999942,0.09999999999999964,-2.220446049250313e-16,0.8000000000000921,0.19075814159978519,0.19075814159978516,0.15563234009592075,0.2609354501882979,0.11427355938297122,0.11427355938297122,5.713677969148561,5.713677969148561,0.0,0.0,0.25,0.25,False,moderate_sparse,Moderate sparsity,population_05,4,12.5,12.5,1.0,5.713677969148561,0.0,0.0,0.0,0.0,14.99999999999885,14.99999999999885,15.000000000000002,15.000000000000002,0.700000000000023,0.7,0.700000000000023,0.7,"[[0.1142735593829943, 0.5857264406170287], [0.18572644061700577, 0.11427355938297122]]","[[0.11427355938297122, 0.18572644061700577], [0.5857264406170287, 0.1142735593829943]]"
config_2x2_d1_p06,0,1,2,2,50,50,0.1,0.5299843155770898,0.5299843155770898,2,2x2_moderate_sparse,6,1730893497,dominant_0.70,0.7,8,0.09999999999999964,0.09999999999999964,0.0,1.085811524936138,0.19075814159978516,0.19075814159978516,0.0,2.5884498452563317e-33,0.11427355938297122,0.11427355938297122,5.713677969148561,5.713677969148561,0.0,0.0,0.25,0.25,False,moderate_sparse,Moderate sparsity,population_06,4,12.5,12.5,1.0,5.713677969148561,0.0,0.0,0.0,0.0,14.99999999999885,14.99999999999885,15.000000000000002,15.000000000000002,0.700000000000023,0.7,0.700000000000023,0.7,"[[0.11427355938297122, 0.18572644061700577], [0.5857264406170287, 0.1142735593829943]]","[[0.18572644061700577, 0.11427355938297122], [0.1142735593829943, 0.5857264406170287]]"
config_2x2_d1_p07,0,1,2,2,50,50,0.1,0.5299843155770898,0.5299843155770898,4,2x2_moderate_sparse,7,2434537019,dominant_0.70,0.7,8,0.09999999999999964,0.09999999999999964,0.0,1.0858115249361378,0.19075814159978516,0.19075814159978516,0.0,2.5884498452564452e-33,0.11427355938297122,0.11427355938297122,5.713677969148561,5.713677969148561,0.0,0.0,0.25,0.25,False,moderate_sparse,Moderate sparsity,population_07,4,12.5,12.5,1.0,5.713677969148561,0.0,0.0,0.0,0.0,14.99999999999885,14.99999999999885,15.000000000000002,15.000000000000002,0.700000000000023,0.7,0.700000000000023,0.7,"[[0.11427355938297122, 0.18572644061700577], [0.5857264406170287, 0.1142735593829943]]","[[0.5857264406170287, 0.1142735593829943], [0.11427355938297122, 0.18572644061700577]]"
config_2x2_d1_p08,0,1,2,2,50,50,0.1,0.5299843155770898,0.5299843155770898,1,2x2_moderate_sparse,8,2247311658,dominant_0.70,0.7,8,0.09999999999999964,0.09999999999999964,0.0,0.8000000000000921,0.19075814159978516,0.19075814159978516,0.15563234009592075,0.2609354501882979,0.11427355938297122,0.11427355938297122,5.713677969148561,5.713677969148561,0.0,0.0,0.25,0.25,False,moderate_sparse,Moderate sparsity,population_08,4,12.5,12.5,1.0,5.713677969148561,0.0,0.0,0.0,0.0,14.99999999999885,14.99999999999885,15.000000000000002,15.000000000000002,0.700000000000023,0.7,0.700000000000023,0.7,"[[0.18572644061700577, 0.11427355938297122], [0.1142735593829943, 0.5857264406170287]]","[[0.5857264406170287, 0.1142735593829943], [0.11427355938297122, 0.18572644061700577]]"
config_2x2_d1_p09,0,1,2,2,50,50,0.1,0.5299843155770898,0.5299843155770898,1,2x2_moderate_sparse,9,2216407629,dominant_0.70,0.7,8,0.09999999999999942,0.09999999999999964,-2.220446049250313e-16,1.0858115249361378,0.19075814159978519,0.19075814159978516,0.0,2.5884498452563317e-33,0.11427355938297122,0.11427355938297122,5.713677969148561,5.713677969148561,0.0,0.0,0.25,0.25,False,moderate_sparse,Moderate sparsity,population_09,4,12.5,12.5,1.0,5.713677969148561,0.0,0.0,0.0,0.0,14.99999999999885,14.99999999999885,15.000000000000002,15.000000000000002,0.700000000000023,0.7,0.700000000000023,0.7,"[[0.1142735593829943, 0.5857264406170287], [0.18572644061700577, 0.11427355938297122]]","[[0.5857264406170287, 0.1142735593829943], [0.11427355938297122, 0.18572644061700577]]"
config_2x2_d2_p00,0,2,2,2,50,50,0.1,0.8968587065579073,0.8968587065579073,1,2x2_ultra_sparse,0,2944737546,dominant_0.90,0.9,3,0.10000000000000003,0.09999999999999987,1.6653345369377348e-16,1.6932715007949857,0.25314800380847835,0.2531480038084783,2.220446049250313e-16,1.2636026365124646e-32,0.03834106240060664,0.03834106240060664,1.917053120030332,1.917053120030332,0.25,0.25,0.75,0.75,True,ultra_sparse,Ultra-sparsity,population_00,4,12.5,12.5,1.0,1.917053120030332,0.0,0.0,0.75,0.75,4.999999999997982,4.999999999997982,4.999999999999999,4.999999999999999,0.9000000000000404,0.9000000000000001,0.9000000000000404,0.9000000000000001,"[[0.03834106240060664, 0.06165893759935301], [0.8616589375993935, 0.03834106240064697]]","[[0.8616589375993935, 0.03834106240064697], [0.03834106240060664, 0.06165893759935301]]"
config_2x2_d2_p01,0,2,2,2,50,50,0.1,0.8968587065579073,0.8968587065579073,1,2x2_ultra_sparse,1,405258705,dominant_0.90,0.9,3,0.09999999999999987,0.10000000000000003,-1.6653345369377348e-16,1.6932715007949857,0.2531480038084783,0.25314800380847835,2.220446049250313e-16,1.2636026365124646e-32,0.03834106240060664,0.03834106240060664,1.917053120030332,1.917053120030332,0.25,0.25,0.75,0.75,True,ultra_sparse,Ultra-sparsity,population_01,4,12.5,12.5,1.0,1.917053120030332,0.0,0.0,0.75,0.75,4.999999999997982,4.999999999997982,4.999999999999999,4.999999999999999,0.9000000000000404,0.9000000000000001,0.9000000000000404,0.9000000000000001,"[[0.8616589375993935, 0.03834106240064697], [0.03834106240060664, 0.06165893759935301]]","[[0.03834106240060664, 0.06165893759935301], [0.8616589375993935, 0.03834106240064697]]"
config_2x2_d2_p02,0,2,2,2,50,50,0.1,0.8968587065579073,0.8968587065579073,1,2x2_ultra_sparse,2,2357939940,dominant_0.90,0.9,3,0.10000000000000003,0.09999999999999987,1.6653345369377348e-16,1.693271500794986,0.25314800380847835,0.25314800380847835,0.0,1.10933564796665e-33,0.03834106240060664,0.03834106240060664,1.917053120030332,1.917053120030332,0.25,0.25,0.75,0.75,True,ultra_sparse,Ultra-sparsity,population_02,4,12.5,12.5,1.0,1.917053120030332,0.0,0.0,0.75,0.75,4.999999999997982,4.999999999997982,4.999999999999999,4.999999999999999,0.9000000000000404,0.9000000000000001,0.9000000000000404,0.9000000000000001,"[[0.03834106240060664, 0.06165893759935301], [0.8616589375993935, 0.03834106240064697]]","[[0.06165893759935301, 0.03834106240060664], [0.03834106240064697, 0.8616589375993935]]"
config_2x2_d2_p03,0,2,2,2,50,50,0.1,0.8968587065579073,0.8968587065579073,1,2x2_ultra_sparse,3,1700170971,dominant_0.90,0.9,3,0.10000000000000003,0.09999999999999976,2.7755575615628914e-16,1.6000000000001617,0.25314800380847835,0.2531480038084783,0.4225569602643666,0.43838187076930374,0.03834106240060664,0.03834106240060664,1.917053120030332,1.917053120030332,0.25,0.25,0.75,0.75,True,ultra_sparse,Ultra-sparsity,population_03,4,12.5,12.5,1.0,1.917053120030332,0.0,0.0,0.75,0.75,4.999999999997982,4.999999999997982,4.999999999999999,4.999999999999999,0.9000000000000404,0.9000000000000001,0.9000000000000404,0.9000000000000001,"[[0.03834106240060664, 0.06165893759935301], [0.8616589375993935, 0.03834106240064697]]","[[0.03834106240064697, 0.8616589375993935], [0.06165893759935301, 0.03834106240060664]]"
config_2x2_d2_p04,0,2,2,2,50,50,0.1,0.8968587065579073,0.8968587065579073,2,2x2_ultra_sparse,4,2102412664,dominant_0.90,0.9,3,0.09999999999999976,0.09999999999999987,-1.1102230246251565e-16,1.693271500794986,0.2531480038084783,0.2531480038084783,0.0,1.10933564796665e-33,0.03834106240060664,0.03834106240060664,1.917053120030332,1.917053120030332,0.25,0.25,0.75,0.75,True,ultra_sparse,Ultra-sparsity,population_04,4,12.5,12.5,1.0,1.917053120030332,0.0,0.0,0.75,0.75,4.999999999997982,4.999999999997982,4.999999999999999,4.999999999999999,0.9000000000000404,0.9000000000000001,0.9000000000000404,0.9000000000000001,"[[0.03834106240064697, 0.8616589375993935], [0.06165893759935301, 0.03834106240060664]]","[[0.8616589375993935, 0.03834106240064697], [0.03834106240060664, 0.06165893759935301]]"
config_2x2_d2_p05,0,2,2,2,50,50,0.1,0.8968587065579073,0.8968587065579073,1,2x2_ultra_sparse,5,917010488,dominant_0.90,0.9,3,0.10000000000000003,0.09999999999999976,2.7755575615628914e-16,1.6000000000001617,0.25314800380847835,0.2531480038084783,0.4225569602643666,0.43838187076930374,0.03834106240060664,0.03834106240060664,1.917053120030332,1.917053120030332,0.25,0.25,0.75,0.75,True,ultra_sparse,Ultra-sparsity,population_05,4,12.5,12.5,1.0,1.917053120030332,0.0,0.0,0.75,0.75,4.999999999997982,4.999999999997982,4.999999999999999,4.999999999999999,0.9000000000000404,0.9000000000000001,0.9000000000000404,0.9000000000000001,"[[0.03834106240060664, 0.06165893759935301], [0.8616589375993935, 0.03834106240064697]]","[[0.03834106240064697, 0.8616589375993935], [0.06165893759935301, 0.03834106240060664]]"
config_2x2_d2_p06,0,2,2,2,50,50,0.1,0.8968587065579073,0.8968587065579073,1,2x2_ultra_sparse,6,1254560916,dominant_0.90,0.9,3,0.10000000000000003,0.09999999999999976,2.7755575615628914e-16,1.6000000000001617,0.25314800380847835,0.2531480038084783,0.4225569602643666,0.43838187076930374,0.03834106240060664,0.03834106240060664,1.917053120030332,1.917053120030332,0.25,0.25,0.75,0.75,True,ultra_sparse,Ultra-sparsity,population_06,4,12.5,12.5,1.0,1.917053120030332,0.0,0.0,0.75,0.75,4.999999999997982,4.999999999997982,4.999999999999999,4.999999999999999,0.9000000000000404,0.9000000000000001,0.9000000000000404,0.9000000000000001,"[[0.03834106240060664, 0.06165893759935301], [0.8616589375993935, 0.03834106240064697]]","[[0.03834106240064697, 0.8616589375993935], [0.06165893759935301, 0.03834106240060664]]"
config_2x2_d2_p07,0,2,2,2,50,50,0.1,0.8968587065579073,0.8968587065579073,1,2x2_ultra_sparse,7,3179708651,dominant_0.90,0.9,3,0.09999999999999987,0.09999999999999976,1.1102230246251565e-16,1.693271500794986,0.2531480038084783,0.2531480038084783,0.0,1.10933564796665e-33,0.03834106240060664,0.03834106240060664,1.917053120030332,1.917053120030332,0.25,0.25,0.75,0.75,True,ultra_sparse,Ultra-sparsity,population_07,4,12.5,12.5,1.0,1.917053120030332,0.0,0.0,0.75,0.75,4.999999999997982,4.999999999997982,4.999999999999999,4.999999999999999,0.9000000000000404,0.9000000000000001,0.9000000000000404,0.9000000000000001,"[[0.8616589375993935, 0.03834106240064697], [0.03834106240060664, 0.06165893759935301]]","[[0.03834106240064697, 0.8616589375993935], [0.06165893759935301, 0.03834106240060664]]"
config_2x2_d2_p08,0,2,2,2,50,50,0.1,0.8968587065579073,0.8968587065579073,1,2x2_ultra_sparse,8,3522743685,dominant_0.90,0.9,3,0.10000000000000003,0.09999999999999976,2.7755575615628914e-16,1.6000000000001617,0.25314800380847835,0.2531480038084783,0.4225569602643666,0.43838187076930374,0.03834106240060664,0.03834106240060664,1.917053120030332,1.917053120030332,0.25,0.25,0.75,0.75,True,ultra_sparse,Ultra-sparsity,population_08,4,12.5,12.5,1.0,1.917053120030332,0.0,0.0,0.75,0.75,4.999999999997982,4.999999999997982,4.999999999999999,4.999999999999999,0.9000000000000404,0.9000000000000001,0.9000000000000404,0.9000000000000001,"[[0.03834106240060664, 0.06165893759935301], [0.8616589375993935, 0.03834106240064697]]","[[0.03834106240064697, 0.8616589375993935], [0.06165893759935301, 0.03834106240060664]]"
config_2x2_d2_p09,0,2,2,2,50,50,0.1,0.8968587065579073,0.8968587065579073,2,2x2_ultra_sparse,9,2729033886,dominant_0.90,0.9,3,0.09999999999999987,0.10000000000000003,-1.6653345369377348e-16,1.693271500794986,0.25314800380847835,0.25314800380847835,0.0,1.10933564796665e-33,0.03834106240060664,0.03834106240060664,1.917053120030332,1.917053120030332,0.25,0.25,0.75,0.75,True,ultra_sparse,Ultra-sparsity,population_09,4,12.5,12.5,1.0,1.917053120030332,0.0,0.0,0.75,0.75,4.999999999997982,4.999999999997982,4.999999999999999,4.999999999999999,0.9000000000000404,0.9000000000000001,0.9000000000000404,0.9000000000000001,"[[0.06165893759935301, 0.03834106240060664], [0.03834106240064697, 0.8616589375993935]]","[[0.03834106240060664, 0.06165893759935301], [0.8616589375993935, 0.03834106240064697]]"
config_2x2_d3_p00,0,3,2,2,50,250,0.1,0.8968587065579073,0.8968587065579073,1,2x2_ultra_imbalanced,0,574888472,dominant_0.90,0.9,3,0.10000000000000003,0.09999999999999987,1.6653345369377348e-16,1.693271500794986,0.25314800380847835,0.25314800380847835,0.031032091069221335,0.06889639373630108,0.03834106240060664,0.03834106240060664,1.917053120030332,9.58526560015166,0.25,0.0,0.75,0.25,False,ultra_imbalanced,Ultra-sparsity with imbalance,population_00,4,12.5,62.5,5.0,1.917053120030332,0.0,0.0,0.75,0.0,4.999999999997982,24.999999999989914,4.999999999999999,24.999999999999993,0.9000000000000404,0.9000000000000001,0.9000000000000404,0.9000000000000001,"[[0.03834106240060664, 0.06165893759935301], [0.8616589375993935, 0.03834106240064697]]","[[0.06165893759935301, 0.03834106240060664], [0.03834106240064697, 0.8616589375993935]]"
config_2x2_d3_p01,0,3,2,2,50,250,0.1,0.8968587065579073,0.8968587065579073,1,2x2_ultra_imbalanced,1,615621520,dominant_0.90,0.9,3,0.10000000000000003,0.09999999999999987,1.6653345369377348e-16,1.693271500794986,0.25314800380847835,0.25314800380847835,0.031032091069221335,0.06889639373630108,0.03834106240060664,0.03834106240060664,1.917053120030332,9.58526560015166,0.25,0.0,0.75,0.25,False,ultra_imbalanced,Ultra-sparsity with imbalance,population_01,4,12.5,62.5,5.0,1.917053120030332,0.0,0.0,0.75,0.0,4.999999999997982,24.999999999989914,4.999999999999999,24.999999999999993,0.9000000000000404,0.9000000000000001,0.9000000000000404,0.9000000000000001,"[[0.03834106240060664, 0.06165893759935301], [0.8616589375993935, 0.03834106240064697]]","[[0.06165893759935301, 0.03834106240060664], [0.03834106240064697, 0.8616589375993935]]"
config_2x2_d3_p02,0,3,2,2,50,250,0.1,0.8968587065579073,0.8968587065579073,1,2x2_ultra_imbalanced,2,363089977,dominant_0.90,0.9,3,0.09999999999999987,0.10000000000000003,-1.6653345369377348e-16,1.693271500794986,0.25314800380847835,0.25314800380847835,0.031032091069221557,0.06889639373630102,0.03834106240060664,0.03834106240060664,1.917053120030332,9.58526560015166,0.25,0.0,0.75,0.25,False,ultra_imbalanced,Ultra-sparsity with imbalance,population_02,4,12.5,62.5,5.0,1.917053120030332,0.0,0.0,0.75,0.0,4.999999999997982,24.999999999989914,4.999999999999999,24.999999999999993,0.9000000000000404,0.9000000000000001,0.9000000000000404,0.9000000000000001,"[[0.06165893759935301, 0.03834106240060664], [0.03834106240064697, 0.8616589375993935]]","[[0.03834106240060664, 0.06165893759935301], [0.8616589375993935, 0.03834106240064697]]"
config_2x2_d3_p03,0,3,2,2,50,250,0.1,0.8968587065579073,0.8968587065579073,1,2x2_ultra_imbalanced,3,454483345,dominant_0.90,0.9,3,0.09999999999999987,0.10000000000000003,-1.6653345369377348e-16,1.6932715007949857,0.2531480038084783,0.25314800380847835,0.031032091069213175,0.06889639373628395,0.03834106240060664,0.03834106240060664,1.917053120030332,9.58526560015166,0.25,0.0,0.75,0.25,False,ultra_imbalanced,Ultra-sparsity with imbalance,population_03,4,12.5,62.5,5.0,1.917053120030332,0.0,0.0,0.75,0.0,4.999999999997982,24.999999999989914,4.999999999999999,24.999999999999993,0.9000000000000404,0.9000000000000001,0.9000000000000404,0.9000000000000001,"[[0.8616589375993935, 0.03834106240064697], [0.03834106240060664, 0.06165893759935301]]","[[0.03834106240060664, 0.06165893759935301], [0.8616589375993935, 0.03834106240064697]]"
config_2x2_d3_p04,0,3,2,2,50,250,0.1,0.8968587065579073,0.8968587065579073,1,2x2_ultra_imbalanced,4,1565794021,dominant_0.90,0.9,3,0.09999999999999976,0.10000000000000003,-2.7755575615628914e-16,1.6000000000001617,0.2531480038084783,0.25314800380847835,0.2868103963275149,0.450507421320188,0.03834106240060664,0.03834106240060664,1.917053120030332,9.58526560015166,0.25,0.0,0.75,0.25,False,ultra_imbalanced,Ultra-sparsity with imbalance,population_04,4,12.5,62.5,5.0,1.917053120030332,0.0,0.0,0.75,0.0,4.999999999997982,24.999999999989914,4.999999999999999,24.999999999999993,0.9000000000000404,0.9000000000000001,0.9000000000000404,0.9000000000000001,"[[0.03834106240064697, 0.8616589375993935], [0.06165893759935301, 0.03834106240060664]]","[[0.03834106240060664, 0.06165893759935301], [0.8616589375993935, 0.03834106240064697]]"
config_2x2_d3_p05,0,3,2,2,50,250,0.1,0.8968587065579073,0.8968587065579073,2,2x2_ultra_imbalanced,5,3895171495,dominant_0.90,0.9,3,0.09999999999999987,0.09999999999999987,0.0,1.6000000000001615,0.2531480038084783,0.25314800380847835,0.2868103963275147,0.45050742132018834,0.03834106240060664,0.03834106240060664,1.917053120030332,9.58526560015166,0.25,0.0,0.75,0.25,False,ultra_imbalanced,Ultra-sparsity with imbalance,population_05,4,12.5,62.5,5.0,1.917053120030332,0.0,0.0,0.75,0.0,4.999999999997982,24.999999999989914,4.999999999999999,24.999999999999993,0.9000000000000404,0.9000000000000001,0.9000000000000404,0.9000000000000001,"[[0.8616589375993935, 0.03834106240064697], [0.03834106240060664, 0.06165893759935301]]","[[0.06165893759935301, 0.03834106240060664], [0.03834106240064697, 0.8616589375993935]]"
config_2x2_d3_p06,0,3,2,2,50,250,0.1,0.8968587065579073,0.8968587065579073,1,2x2_ultra_imbalanced,6,618179335,dominant_0.90,0.9,3,0.09999999999999987,0.09999999999999976,1.1102230246251565e-16,1.6932715007949857,0.25314800380847835,0.2531480038084783,0.031032091069213175,0.06889639373628394,0.03834106240060664,0.03834106240060664,1.917053120030332,9.58526560015166,0.25,0.0,0.75,0.25,False,ultra_imbalanced,Ultra-sparsity with imbalance,population_06,4,12.5,62.5,5.0,1.917053120030332,0.0,0.0,0.75,0.0,4.999999999997982,24.999999999989914,4.999999999999999,24.999999999999993,0.9000000000000404,0.9000000000000001,0.9000000000000404,0.9000000000000001,"[[0.06165893759935301, 0.03834106240060664], [0.03834106240064697, 0.8616589375993935]]","[[0.03834106240064697, 0.8616589375993935], [0.06165893759935301, 0.03834106240060664]]"
config_2x2_d3_p07,0,3,2,2,50,250,0.1,0.8968587065579073,0.8968587065579073,1,2x2_ultra_imbalanced,7,2693788057,dominant_0.90,0.9,3,0.09999999999999987,0.10000000000000003,-1.6653345369377348e-16,1.693271500794986,0.25314800380847835,0.25314800380847835,0.031032091069221557,0.06889639373630102,0.03834106240060664,0.03834106240060664,1.917053120030332,9.58526560015166,0.25,0.0,0.75,0.25,False,ultra_imbalanced,Ultra-sparsity with imbalance,population_07,4,12.5,62.5,5.0,1.917053120030332,0.0,0.0,0.75,0.0,4.999999999997982,24.999999999989914,4.999999999999999,24.999999999999993,0.9000000000000404,0.9000000000000001,0.9000000000000404,0.9000000000000001,"[[0.06165893759935301, 0.03834106240060664], [0.03834106240064697, 0.8616589375993935]]","[[0.03834106240060664, 0.06165893759935301], [0.8616589375993935, 0.03834106240064697]]"
config_2x2_d3_p08,0,3,2,2,50,250,0.1,0.8968587065579073,0.8968587065579073,1,2x2_ultra_imbalanced,8,4117003516,dominant_0.90,0.9,3,0.09999999999999987,0.09999999999999976,1.1102230246251565e-16,1.6932715007949857,0.25314800380847835,0.2531480038084783,0.031032091069213175,0.06889639373628394,0.03834106240060664,0.03834106240060664,1.917053120030332,9.58526560015166,0.25,0.0,0.75,0.25,False,ultra_imbalanced,Ultra-sparsity with imbalance,population_08,4,12.5,62.5,5.0,1.917053120030332,0.0,0.0,0.75,0.0,4.999999999997982,24.999999999989914,4.999999999999999,24.999999999999993,0.9000000000000404,0.9000000000000001,0.9000000000000404,0.9000000000000001,"[[0.06165893759935301, 0.03834106240060664], [0.03834106240064697, 0.8616589375993935]]","[[0.03834106240064697, 0.8616589375993935], [0.06165893759935301, 0.03834106240060664]]"
config_2x2_d3_p09,0,3,2,2,50,250,0.1,0.8968587065579073,0.8968587065579073,1,2x2_ultra_imbalanced,9,2714856664,dominant_0.90,0.9,3,0.09999999999999987,0.09999999999999976,1.1102230246251565e-16,1.6932715007949857,0.25314800380847835,0.2531480038084783,0.031032091069213175,0.06889639373628394,0.03834106240060664,0.03834106240060664,1.917053120030332,9.58526560015166,0.25,0.0,0.75,0.25,False,ultra_imbalanced,Ultra-sparsity with imbalance,population_09,4,12.5,62.5,5.0,1.917053120030332,0.0,0.0,0.75,0.0,4.999999999997982,24.999999999989914,4.999999999999999,24.999999999999993,0.9000000000000404,0.9000000000000001,0.9000000000000404,0.9000000000000001,"[[0.06165893759935301, 0.03834106240060664], [0.03834106240064697, 0.8616589375993935]]","[[0.03834106240064697, 0.8616589375993935], [0.06165893759935301, 0.03834106240060664]]"
config_3x3_d0_p00,1,0,3,3,135,135,0.1,0.5105257918470621,0.5105257918470621,1,3x3_balanced_control,0,1751967096,uniform,0.3333333333333333,15,0.0999999999999992,0.0999999999999992,0.0,0.600427469876915,0.18703458735842396,0.187034587358424,0.02691988921638666,0.0492279806840621,0.061075488621363444,0.061075488621363444,8.245190963884065,8.245190963884065,0.0,0.0,0.0,0.0,False,balanced_control,Balanced control,population_00,9,15.0,15.0,1.0,8.245190963884065,0.0,0.0,0.0,0.0,44.999999999998074,44.999999999998074,45.00000000000001,45.00000000000001,0.33333333333336185,0.33333333333333337,0.33333333333336185,0.33333333333333337,"[[0.061075488621363444, 0.13612892235597782, 0.13612892235597782], [0.21118235609060645, 0.061075488621377697, 0.061075488621377697], [0.061075488621363444, 0.13612892235597782, 0.13612892235597782]]","[[0.13612892235597782, 0.061075488621363444, 0.13612892235597782], [0.061075488621377697, 0.21118235609060645, 0.061075488621377697], [0.13612892235597782, 0.061075488621363444, 0.13612892235597782]]"
config_3x3_d0_p01,1,0,3,3,135,135,0.1,0.6002121355340421,0.7435335234626973,1,3x3_balanced_control,1,1783768930,uniform,0.3333333333333333,15,0.10000000000001785,0.0999999999999508,6.705747068735946e-14,0.2504750800341181,0.20048432332672092,0.17199837647108585,0.08738972940158884,0.16984257752303925,0.07473194956437583,0.04214046013549632,10.088813191190736,5.688962118292003,0.0,0.0,0.0,0.0,False,balanced_control,Balanced control,population_01,9,15.0,15.0,1.0,5.688962118292003,0.0,0.0,0.0,0.0,45.0,44.99999999999994,45.0,45.0,0.3333333333333333,0.33333333333333337,0.33333333333333404,0.33333333333333337,"[[0.07473194956437586, 0.18386943420458163, 0.07473194956437583], [0.07473194956437586, 0.07473194956437583, 0.18386943420458163], [0.18386943420458163, 0.07473194956437586, 0.07473194956437586]]","[[0.04214046013549633, 0.18643364305381083, 0.10475923014402584], [0.1047592301440262, 0.1047592301440262, 0.12381487304528166], [0.1864336430538108, 0.04214046013549632, 0.10475923014402583]]"
config_3x3_d0_p02,1,0,3,3,135,135,0.1,0.5105257918470621,0.7435335234626973,1,3x3_balanced_control,2,3743017819,uniform,0.3333333333333333,15,0.0999999999999992,0.09999999999995035,4.884981308350689e-14,0.27534440748628775,0.18703458735842396,0.17199837647108593,0.08788237276474997,0.16163269638695496,0.061075488621363444,0.04214046013549632,8.245190963884065,5.688962118292003,0.0,0.0,0.0,0.0,False,balanced_control,Balanced control,population_02,9,15.0,15.0,1.0,5.688962118292003,0.0,0.0,0.0,0.0,44.999999999998074,44.99999999999994,45.00000000000001,45.0,0.33333333333336185,0.33333333333333337,0.3333333333333341,0.33333333333333337,"[[0.13612892235597782, 0.13612892235597782, 0.061075488621363444], [0.061075488621377697, 0.061075488621377697, 0.21118235609060645], [0.13612892235597782, 0.13612892235597782, 0.061075488621363444]]","[[0.1047592301440262, 0.12381487304528166, 0.1047592301440262], [0.04214046013549632, 0.10475923014402583, 0.1864336430538108], [0.18643364305381083, 0.10475923014402584, 0.04214046013549633]]"
config_3x3_d0_p03,1,0,3,3,135,135,0.1,0.7435335234626973,0.7435335234626973,1,3x3_balanced_control,3,713207095,uniform,0.3333333333333333,15,0.09999999999995035,0.0999999999999508,-4.440892098500626e-16,0.6152840174757697,0.17199837647108585,0.17199837647108585,0.02462272517533015,0.046565491797453236,0.04214046013549632,0.04214046013549632,5.688962118292003,5.688962118292003,0.0,0.0,0.0,0.0,False,balanced_control,Balanced control,population_03,9,15.0,15.0,1.0,5.688962118292003,0.0,0.0,0.0,0.0,44.99999999999994,44.99999999999994,45.0,45.0,0.33333333333333404,0.33333333333333337,0.33333333333333404,0.33333333333333337,"[[0.1864336430538108, 0.04214046013549632, 0.10475923014402583], [0.04214046013549633, 0.18643364305381083, 0.10475923014402584], [0.1047592301440262, 0.1047592301440262, 0.12381487304528166]]","[[0.04214046013549633, 0.18643364305381083, 0.10475923014402584], [0.1047592301440262, 0.1047592301440262, 0.12381487304528166], [0.1864336430538108, 0.04214046013549632, 0.10475923014402583]]"
config_3x3_d0_p04,1,0,3,3,135,135,0.1,0.5105257918470621,0.6002121355340421,1,3x3_balanced_control,4,3666145578,uniform,0.3333333333333333,15,0.09999999999999964,0.10000000000001785,-1.8207657603852567e-14,0.6412826498020731,0.187034587358424,0.20048432332672092,0.03473999186623389,0.0652717444381168,0.061075488621363444,0.07473194956437583,8.245190963884065,10.088813191190736,0.0,0.0,0.0,0.0,False,balanced_control,Balanced control,population_04,9,15.0,15.0,1.0,8.245190963884065,0.0,0.0,0.0,0.0,44.999999999998074,45.0,45.0,45.0,0.33333333333336185,0.33333333333333337,0.3333333333333333,0.3333333333333333,"[[0.13612892235597782, 0.13612892235597782, 0.061075488621363444], [0.13612892235597782, 0.13612892235597782, 0.061075488621363444], [0.061075488621377697, 0.061075488621377697, 0.21118235609060645]]","[[0.07473194956437583, 0.07473194956437586, 0.18386943420458163], [0.07473194956437586, 0.18386943420458163, 0.07473194956437586], [0.18386943420458163, 0.07473194956437586, 0.07473194956437583]]"
config_3x3_d0_p05,1,0,3,3,135,135,0.1,0.6002121355340421,0.6002121355340421,1,3x3_balanced_control,5,1293115243,uniform,0.3333333333333333,15,0.10000000000001785,0.10000000000001785,0.0,0.43654993856082314,0.20048432332672092,0.2004843233267209,0.05246559190651645,0.10280914066174224,0.07473194956437583,0.07473194956437583,10.088813191190736,10.088813191190736,0.0,0.0,0.0,0.0,False,balanced_control,Balanced control,population_05,9,15.0,15.0,1.0,10.088813191190736,0.0,0.0,0.0,0.0,45.0,45.0,45.0,45.0,0.33333333333333337,0.3333333333333333,0.33333333333333337,0.33333333333333337,"[[0.07473194956437586, 0.07473194956437586, 0.18386943420458163], [0.18386943420458163, 0.07473194956437583, 0.07473194956437586], [0.07473194956437583, 0.18386943420458163, 0.07473194956437586]]","[[0.07473194956437583, 0.18386943420458163, 0.07473194956437586], [0.18386943420458163, 0.07473194956437583, 0.07473194956437586], [0.07473194956437586, 0.07473194956437586, 0.18386943420458163]]"
config_3x3_d0_p06,1,0,3,3,135,135,0.1,0.7435335234626973,0.7435335234626973,1,3x3_balanced_control,6,1309272715,uniform,0.3333333333333333,15,0.09999999999995035,0.09999999999995035,0.0,0.5771727316732587,0.17199837647108582,0.17199837647108585,0.03633146701075818,0.0702890483128279,0.04214046013549632,0.04214046013549632,5.688962118292003,5.688962118292003,0.0,0.0,0.0,0.0,False,balanced_control,Balanced control,population_06,9,15.0,15.0,1.0,5.688962118292003,0.0,0.0,0.0,0.0,44.99999999999994,44.99999999999994,45.0,45.0,0.33333333333333404,0.33333333333333337,0.3333333333333341,0.33333333333333337,"[[0.04214046013549632, 0.1864336430538108, 0.10475923014402583], [0.18643364305381083, 0.04214046013549633, 0.10475923014402584], [0.1047592301440262, 0.1047592301440262, 0.12381487304528166]]","[[0.10475923014402583, 0.04214046013549632, 0.1864336430538108], [0.12381487304528166, 0.1047592301440262, 0.1047592301440262], [0.10475923014402584, 0.18643364305381083, 0.04214046013549633]]"
config_3x3_d0_p07,1,0,3,3,135,135,0.1,0.5105257918470621,0.6002121355340421,1,3x3_balanced_control,7,220633505,uniform,0.3333333333333333,15,0.0999999999999992,0.10000000000001785,-1.865174681370263e-14,0.641282649802073,0.187034587358424,0.2004843233267209,0.034739991866233666,0.06527174443811684,0.061075488621363444,0.07473194956437583,8.245190963884065,10.088813191190736,0.0,0.0,0.0,0.0,False,balanced_control,Balanced control,population_07,9,15.0,15.0,1.0,8.245190963884065,0.0,0.0,0.0,0.0,44.999999999998074,45.0,45.00000000000001,45.0,0.33333333333336185,0.33333333333333337,0.3333333333333333,0.3333333333333333,"[[0.13612892235597782, 0.061075488621363444, 0.13612892235597782], [0.061075488621377697, 0.21118235609060645, 0.061075488621377697], [0.13612892235597782, 0.061075488621363444, 0.13612892235597782]]","[[0.07473194956437586, 0.18386943420458163, 0.07473194956437586], [0.18386943420458163, 0.07473194956437586, 0.07473194956437583], [0.07473194956437583, 0.07473194956437586, 0.18386943420458163]]"
config_3x3_d0_p08,1,0,3,3,135,135,0.1,0.6002121355340421,0.6002121355340421,1,3x3_balanced_control,8,4057440780,uniform,0.3333333333333333,15,0.10000000000001785,0.10000000000001785,0.0,0.43654993856082314,0.20048432332672092,0.20048432332672092,0.05246559190651645,0.10280914066174224,0.07473194956437583,0.07473194956437583,10.088813191190736,10.088813191190736,0.0,0.0,0.0,0.0,False,balanced_control,Balanced control,population_08,9,15.0,15.0,1.0,10.088813191190736,0.0,0.0,0.0,0.0,45.0,45.0,45.0,45.0,0.33333333333333337,0.3333333333333333,0.33333333333333337,0.3333333333333333,"[[0.07473194956437586, 0.07473194956437586, 0.18386943420458163], [0.07473194956437583, 0.18386943420458163, 0.07473194956437586], [0.18386943420458163, 0.07473194956437583, 0.07473194956437586]]","[[0.07473194956437583, 0.18386943420458163, 0.07473194956437586], [0.07473194956437586, 0.07473194956437586, 0.18386943420458163], [0.18386943420458163, 0.07473194956437583, 0.07473194956437586]]"
config_3x3_d0_p09,1,0,3,3,135,135,0.1,0.5105257918470621,0.7435335234626973,1,3x3_balanced_control,9,40534664,uniform,0.3333333333333333,15,0.0999999999999992,0.09999999999995035,4.884981308350689e-14,0.5641720021536935,0.18703458735842396,0.17199837647108585,0.04795864973740138,0.08756530861170048,0.061075488621363444,0.04214046013549632,8.245190963884065,5.688962118292003,0.0,0.0,0.0,0.0,False,balanced_control,Balanced control,population_09,9,15.0,15.0,1.0,5.688962118292003,0.0,0.0,0.0,0.0,44.999999999998074,44.99999999999994,45.00000000000001,45.0,0.33333333333336185,0.33333333333333337,0.3333333333333341,0.33333333333333337,"[[0.061075488621363444, 0.13612892235597782, 0.13612892235597782], [0.21118235609060645, 0.061075488621377697, 0.061075488621377697], [0.061075488621363444, 0.13612892235597782, 0.13612892235597782]]","[[0.12381487304528166, 0.1047592301440262, 0.1047592301440262], [0.10475923014402584, 0.18643364305381083, 0.04214046013549633], [0.10475923014402583, 0.04214046013549632, 0.1864336430538108]]"
config_3x3_d1_p00,1,1,3,3,72,72,0.1,0.7270257524492217,0.7484854595904468,1,3x3_moderate_sparse,0,209399943,dominant_0.70,0.7,8,0.09999999999999998,0.10000000000000009,-1.1102230246251565e-16,1.3369467892424387,0.22636199500105,0.21979772517065913,0.16499690335596107,0.26963102105638626,0.010880191224842954,0.021332154985125806,0.7833737681886928,1.535915158929058,0.0,0.0,0.4444444444444444,0.4444444444444444,True,moderate_sparse,Moderate sparsity,population_00,9,8.0,8.0,1.0,0.7833737681886928,0.2222222222222222,0.0,0.5555555555555556,0.8888888888888888,10.799999999995226,10.799999999997079,10.799999999999999,10.800000000000004,0.7000000000000546,0.7,0.7000000000000812,0.7,"[[0.050774225715988386, 0.11456925428542346, 0.5346565199986427], [0.08834558305915696, 0.010880191224842954, 0.05077422571593378], [0.010880191224854657, 0.024550554489733607, 0.11456925428542347]]","[[0.021332154985125806, 0.06310928773828973, 0.06555855727654387], [0.06310928773833038, 0.5737814245234205, 0.06310928773833037], [0.06555855727654386, 0.06310928773828976, 0.02133215498512581]]"
config_3x3_d1_p01,1,1,3,3,72,72,0.1,0.7912818095063671,0.7484854595904468,1,3x3_moderate_sparse,1,1889794673,dominant_0.70,0.7,8,0.09999999999999032,0.10000000000000009,-9.769962616701378e-15,0.16195647057022095,0.1984882682265161,0.21979772517065913,0.09129047198829676,0.1919727594199198,0.029994279284928472,0.021332154985125806,2.15958810851485,1.535915158929058,0.0,0.0,0.4444444444444444,0.4444444444444444,True,moderate_sparse,Moderate sparsity,population_01,9,8.0,8.0,1.0,1.535915158929058,0.0,0.0,0.5555555555555556,0.8888888888888888,10.799999999998187,10.799999999997079,10.8,10.800000000000004,0.7000000000000308,0.7000000000000001,0.7000000000000812,0.7,"[[0.5694399529000083, 0.08798700219674521, 0.04257304490327725], [0.08798700219673167, 0.029994279284928472, 0.032018718518334356], [0.042573044903260054, 0.032018718518326356, 0.0754082365783884]]","[[0.5737814245234205, 0.06310928773833037, 0.06310928773833038], [0.06310928773828973, 0.06555855727654387, 0.021332154985125806], [0.06310928773828976, 0.02133215498512581, 0.06555855727654386]]"
config_3x3_d1_p02,1,1,3,3,72,72,0.1,0.7912818095063671,0.7484854595904468,1,3x3_moderate_sparse,2,3171044185,dominant_0.70,0.7,8,0.09999999999999043,0.10000000000000031,-9.880984919163893e-15,1.191677575196748,0.1984882682265161,0.21979772517065913,0.030498664812731224,0.06094806792951723,0.029994279284928472,0.021332154985125806,2.15958810851485,1.535915158929058,0.0,0.0,0.4444444444444444,0.4444444444444444,True,moderate_sparse,Moderate sparsity,population_02,9,8.0,8.0,1.0,1.535915158929058,0.0,0.0,0.5555555555555556,0.8888888888888888,10.799999999998187,10.799999999997079,10.8,10.800000000000004,0.7000000000000308,0.7,0.7000000000000812,0.7,"[[0.042573044903260054, 0.032018718518326356, 0.0754082365783884], [0.08798700219673167, 0.029994279284928472, 0.032018718518334356], [0.5694399529000083, 0.08798700219674521, 0.04257304490327725]]","[[0.5737814245234205, 0.06310928773833038, 0.06310928773833037], [0.06310928773828973, 0.021332154985125806, 0.06555855727654387], [0.06310928773828976, 0.06555855727654386, 0.02133215498512581]]"
config_3x3_d1_p03,1,1,3,3,72,72,0.1,0.7270257524492217,0.7484854595904468,1,3x3_moderate_sparse,3,782260530,dominant_0.70,0.7,8,0.10000000000000031,0.10000000000000009,2.220446049250313e-16,1.336946789242439,0.22636199500105003,0.21979772517065913,0.1649969033559613,0.2696310210563862,0.010880191224842954,0.021332154985125806,0.7833737681886928,1.535915158929058,0.0,0.0,0.4444444444444444,0.4444444444444444,True,moderate_sparse,Moderate sparsity,population_03,9,8.0,8.0,1.0,0.7833737681886928,0.2222222222222222,0.0,0.5555555555555556,0.8888888888888888,10.799999999995226,10.799999999997079,10.799999999999999,10.800000000000004,0.7000000000000546,0.7,0.7000000000000812,0.7,"[[0.5346565199986427, 0.11456925428542346, 0.050774225715988386], [0.05077422571593378, 0.010880191224842954, 0.08834558305915696], [0.11456925428542347, 0.024550554489733607, 0.010880191224854657]]","[[0.06555855727654387, 0.06310928773828973, 0.021332154985125806], [0.06310928773833037, 0.5737814245234205, 0.06310928773833038], [0.02133215498512581, 0.06310928773828976, 0.06555855727654386]]"
config_3x3_d1_p04,1,1,3,3,72,72,0.1,0.7270257524492217,0.7912818095063671,1,3x3_moderate_sparse,4,2756817263,dominant_0.70,0.7,8,0.09999999999999987,0.09999999999999065,9.2148511043888e-15,1.2619217508066045,0.22636199500104998,0.1984882682265161,0.046737421010398905,0.09759126470816734,0.010880191224842954,0.029994279284928472,0.7833737681886928,2.15958810851485,0.0,0.0,0.4444444444444444,0.4444444444444444,True,moderate_sparse,Moderate sparsity,population_04,9,8.0,8.0,1.0,0.7833737681886928,0.2222222222222222,0.0,0.5555555555555556,0.5555555555555556,10.799999999995226,10.799999999998187,10.799999999999999,10.8,0.7000000000000545,0.7,0.7000000000000308,0.7,"[[0.08834558305915696, 0.05077422571593378, 0.010880191224842954], [0.050774225715988386, 0.5346565199986427, 0.11456925428542346], [0.010880191224854657, 0.11456925428542347, 0.024550554489733607]]","[[0.032018718518334356, 0.08798700219673167, 0.029994279284928472], [0.0754082365783884, 0.042573044903260054, 0.032018718518326356], [0.04257304490327725, 0.5694399529000083, 0.08798700219674521]]"
config_3x3_d1_p05,1,1,3,3,72,72,0.1,0.7484854595904468,0.7484854595904468,1,3x3_moderate_sparse,5,4083144496,dominant_0.70,0.7,8,0.10000000000000031,0.10000000000000009,2.220446049250313e-16,0.1769056091656723,0.2197977251706591,0.21979772517065913,0.07639983242043491,0.14912244178546527,0.021332154985125806,0.021332154985125806,1.535915158929058,1.535915158929058,0.0,0.0,0.4444444444444444,0.4444444444444444,True,moderate_sparse,Moderate sparsity,population_05,9,8.0,8.0,1.0,1.535915158929058,0.0,0.0,0.8888888888888888,0.8888888888888888,10.799999999997079,10.799999999997079,10.800000000000004,10.800000000000004,0.7000000000000812,0.7,0.7000000000000812,0.7,"[[0.06310928773833037, 0.5737814245234205, 0.06310928773833038], [0.02133215498512581, 0.06310928773828976, 0.06555855727654386], [0.06555855727654387, 0.06310928773828973, 0.021332154985125806]]","[[0.06310928773833037, 0.5737814245234205, 0.06310928773833038], [0.06555855727654387, 0.06310928773828973, 0.021332154985125806], [0.02133215498512581, 0.06310928773828976, 0.06555855727654386]]"
config_3x3_d1_p06,1,1,3,3,72,72,0.1,0.7484854595904468,0.7912818095063671,1,3x3_moderate_sparse,6,1586624560,dominant_0.70,0.7,8,0.10000000000000009,0.09999999999999032,9.769962616701378e-15,1.2367989393335845,0.21979772517065915,0.19848826822651613,0.172088665748507,0.27000407825753087,0.021332154985125806,0.029994279284928472,1.535915158929058,2.15958810851485,0.0,0.0,0.4444444444444444,0.4444444444444444,True,moderate_sparse,Moderate sparsity,population_06,9,8.0,8.0,1.0,1.535915158929058,0.0,0.0,0.8888888888888888,0.5555555555555556,10.799999999997079,10.799999999998187,10.800000000000004,10.8,0.7000000000000812,0.7,0.7000000000000308,0.7000000000000001,"[[0.06310928773828976, 0.02133215498512581, 0.06555855727654386], [0.06310928773828973, 0.06555855727654387, 0.021332154985125806], [0.5737814245234205, 0.06310928773833037, 0.06310928773833038]]","[[0.08798700219674521, 0.5694399529000083, 0.04257304490327725], [0.029994279284928472, 0.08798700219673167, 0.032018718518334356], [0.032018718518326356, 0.042573044903260054, 0.0754082365783884]]"
config_3x3_d1_p07,1,1,3,3,72,72,0.1,0.7912818095063671,0.7912818095063671,1,3x3_moderate_sparse,7,1881758530,dominant_0.70,0.7,8,0.09999999999999032,0.09999999999999032,0.0,1.2313407667005134,0.19848826822651616,0.1984882682265161,0.005196047286048611,0.010823986392714285,0.029994279284928472,0.029994279284928472,2.15958810851485,2.15958810851485,0.0,0.0,0.4444444444444444,0.4444444444444444,True,moderate_sparse,Moderate sparsity,population_07,9,8.0,8.0,1.0,2.15958810851485,0.0,0.0,0.5555555555555556,0.5555555555555556,10.799999999998187,10.799999999998187,10.8,10.8,0.7000000000000307,0.7000000000000001,0.7000000000000308,0.7000000000000001,"[[0.029994279284928472, 0.032018718518334356, 0.08798700219673167], [0.08798700219674521, 0.04257304490327725, 0.5694399529000083], [0.032018718518326356, 0.0754082365783884, 0.042573044903260054]]","[[0.029994279284928472, 0.08798700219673167, 0.032018718518334356], [0.08798700219674521, 0.5694399529000083, 0.04257304490327725], [0.032018718518326356, 0.042573044903260054, 0.0754082365783884]]"
config_3x3_d1_p08,1,1,3,3,72,72,0.1,0.7270257524492217,0.7912818095063671,1,3x3_moderate_sparse,8,1728441386,dominant_0.70,0.7,8,0.09999999999999998,0.09999999999999032,9.658940314238862e-15,1.2167026075486163,0.22636199500105,0.19848826822651627,0.05226637420536051,0.11129534702699928,0.010880191224842954,0.029994279284928472,0.7833737681886928,2.15958810851485,0.0,0.0,0.4444444444444444,0.4444444444444444,True,moderate_sparse,Moderate sparsity,population_08,9,8.0,8.0,1.0,0.7833737681886928,0.2222222222222222,0.0,0.5555555555555556,0.5555555555555556,10.799999999995226,10.799999999998187,10.8,10.8,0.7000000000000546,0.7,0.7000000000000308,0.7000000000000001,"[[0.024550554489733607, 0.11456925428542347, 0.010880191224854657], [0.010880191224842954, 0.05077422571593378, 0.08834558305915696], [0.11456925428542346, 0.5346565199986427, 0.050774225715988386]]","[[0.04257304490327725, 0.5694399529000083, 0.08798700219674521], [0.032018718518334356, 0.08798700219673167, 0.029994279284928472], [0.0754082365783884, 0.042573044903260054, 0.032018718518326356]]"
config_3x3_d1_p09,1,1,3,3,72,72,0.1,0.7912818095063671,0.7270257524492217,1,3x3_moderate_sparse,9,3562972589,dominant_0.70,0.7,8,0.09999999999999076,0.1000000000000002,-9.43689570931383e-15,1.3566461478460738,0.1984882682265161,0.22636199500104995,0.1392955799291531,0.2408199822783242,0.029994279284928472,0.010880191224842954,2.15958810851485,0.7833737681886928,0.0,0.0,0.4444444444444444,0.4444444444444444,True,moderate_sparse,Moderate sparsity,population_09,9,8.0,8.0,1.0,0.7833737681886928,0.0,0.2222222222222222,0.5555555555555556,0.5555555555555556,10.799999999998187,10.799999999995226,10.8,10.8,0.7000000000000307,0.7,0.7000000000000545,0.7,"[[0.0754082365783884, 0.032018718518326356, 0.042573044903260054], [0.032018718518334356, 0.029994279284928472, 0.08798700219673167], [0.04257304490327725, 0.08798700219674521, 0.5694399529000083]]","[[0.010880191224854657, 0.11456925428542347, 0.024550554489733607], [0.050774225715988386, 0.5346565199986427, 0.11456925428542346], [0.08834558305915696, 0.05077422571593378, 0.010880191224842954]]"
config_3x3_d2_p00,1,2,3,3,50,50,0.1,1.3627334629580388,1.3210255346403301,1,3x3_ultra_sparse,0,1261209618,dominant_0.90,0.9,3,0.10000000000000014,0.10000000000000026,-1.1102230246251565e-16,0.15447751656134168,0.26844836200136124,0.30044587503891174,0.07356368122987772,0.19636739950935503,0.00617519664374432,0.0006957422420871894,0.308759832187216,0.034787112104359474,0.4444444444444444,0.4444444444444444,0.8888888888888888,0.8888888888888888,False,ultra_sparse,Ultra-sparsity,population_00,9,5.555555555555555,5.555555555555555,1.0,0.034787112104359474,0.5555555555555556,0.5555555555555556,0.8888888888888888,0.8888888888888888,2.499999999997995,2.4999999999964655,2.4999999999999982,2.4999999999999996,0.9000000000000471,0.8999999999999999,0.900000000000067,0.9,"[[0.03670704567290481, 0.010829644883783627, 0.8524633094433587], [0.00617519664374432, 0.007117757683364322, 0.0367070456728842], [0.007117757683350845, 0.03205259743285202, 0.010829644883757041]]","[[0.04670929682328581, 0.012523360357636376, 0.8407673428191448], [0.0006957422420871894, 0.036780897400272704, 0.012523360357569412], [0.002594960934626989, 0.0006957422420909097, 0.04670929682328581]]"
config_3x3_d2_p01,1,2,3,3,50,50,0.1,1.2668359711165245,1.3627334629580388,1,3x3_ultra_sparse,1,3861081814,dominant_0.90,0.9,3,0.10000000000000014,0.10000000000000009,5.551115123125783e-17,1.7556683707774041,0.2973150135982606,0.26844836200136124,0.03133021856158924,0.07741835693056848,0.0036799070767097107,0.00617519664374432,0.18399535383548554,0.308759832187216,0.4444444444444444,0.4444444444444444,0.8888888888888888,0.8888888888888888,False,ultra_sparse,Ultra-sparsity,population_01,9,5.555555555555555,5.555555555555555,1.0,0.18399535383548554,0.2222222222222222,0.5555555555555556,0.8888888888888888,0.8888888888888888,2.4999999999985687,2.4999999999979954,2.4999999999999987,2.4999999999999982,0.9000000000000571,0.8999999999999999,0.9000000000000471,0.8999999999999999,"[[0.021710373642058915, 0.02171037364205892, 0.8565792527159393], [0.024609719281231353, 0.0036799070767097107, 0.021710373642030305], [0.0036799070767097107, 0.024609719281231342, 0.021710373642030316]]","[[0.8524633094433587, 0.03670704567290481, 0.010829644883783627], [0.0367070456728842, 0.00617519664374432, 0.007117757683364322], [0.010829644883757041, 0.007117757683350845, 0.03205259743285202]]"
config_3x3_d2_p02,1,2,3,3,50,50,0.1,1.2668359711165245,1.3627334629580388,1,3x3_ultra_sparse,2,2942350081,dominant_0.90,0.9,3,0.09999999999999987,0.10000000000000003,-1.6653345369377348e-16,1.7556683707775147,0.2973150135982607,0.26844836200136124,0.03133021856159651,0.07741835693060115,0.0036799070767097107,0.00617519664374432,0.18399535383548554,0.308759832187216,0.4444444444444444,0.4444444444444444,0.8888888888888888,0.8888888888888888,False,ultra_sparse,Ultra-sparsity,population_02,9,5.555555555555555,5.555555555555555,1.0,0.18399535383548554,0.2222222222222222,0.5555555555555556,0.8888888888888888,0.8888888888888888,2.4999999999985687,2.499999999997995,2.4999999999999987,2.4999999999999982,0.9000000000000571,0.8999999999999999,0.9000000000000471,0.8999999999999999,"[[0.0036799070767097107, 0.024609719281231342, 0.021710373642030316], [0.024609719281231353, 0.0036799070767097107, 0.021710373642030305], [0.021710373642058915, 0.02171037364205892, 0.8565792527159393]]","[[0.00617519664374432, 0.007117757683364322, 0.0367070456728842], [0.03670704567290481, 0.010829644883783627, 0.8524633094433587], [0.007117757683350845, 0.03205259743285202, 0.010829644883757041]]"
config_3x3_d2_p03,1,2,3,3,50,50,0.1,1.3210255346403301,1.2668359711165245,1,3x3_ultra_sparse,3,3259716923,dominant_0.90,0.9,3,0.10000000000000009,0.10000000000000014,-5.551115123125783e-17,1.7985129204479173,0.3004458750389118,0.2973150135982606,0.43856499868242016,0.3993343797515296,0.0006957422420871894,0.0036799070767097107,0.034787112104359474,0.18399535383548554,0.4444444444444444,0.4444444444444444,0.8888888888888888,0.8888888888888888,False,ultra_sparse,Ultra-sparsity,population_03,9,5.555555555555555,5.555555555555555,1.0,0.034787112104359474,0.5555555555555556,0.2222222222222222,0.8888888888888888,0.8888888888888888,2.499999999996465,2.4999999999985687,2.4999999999999996,2.4999999999999987,0.900000000000067,0.9,0.9000000000000571,0.8999999999999999,"[[0.012523360357636376, 0.8407673428191448, 0.04670929682328581], [0.036780897400272704, 0.012523360357569412, 0.0006957422420871894], [0.0006957422420909097, 0.04670929682328581, 0.002594960934626989]]","[[0.024609719281231353, 0.0036799070767097107, 0.021710373642030305], [0.021710373642058915, 0.02171037364205892, 0.8565792527159393], [0.0036799070767097107, 0.024609719281231342, 0.021710373642030316]]"
config_3x3_d2_p04,1,2,3,3,50,50,0.1,1.3627334629580388,1.3627334629580388,1,3x3_ultra_sparse,4,3624097485,dominant_0.90,0.9,3,0.10000000000000014,0.10000000000000014,0.0,1.7093088964802,0.26844836200136124,0.2684483620013612,0.4698053922269618,0.39229509676027474,0.00617519664374432,0.00617519664374432,0.308759832187216,0.308759832187216,0.4444444444444444,0.4444444444444444,0.8888888888888888,0.8888888888888888,False,ultra_sparse,Ultra-sparsity,population_04,9,5.555555555555555,5.555555555555555,1.0,0.308759832187216,0.5555555555555556,0.5555555555555556,0.8888888888888888,0.8888888888888888,2.499999999997995,2.499999999997995,2.4999999999999982,2.4999999999999987,0.9000000000000471,0.8999999999999999,0.9000000000000471,0.8999999999999999,"[[0.8524633094433587, 0.010829644883783627, 0.03670704567290481], [0.0367070456728842, 0.007117757683364322, 0.00617519664374432], [0.010829644883757041, 0.03205259743285202, 0.007117757683350845]]","[[0.007117757683364322, 0.00617519664374432, 0.0367070456728842], [0.03205259743285202, 0.007117757683350845, 0.010829644883757041], [0.010829644883783627, 0.03670704567290481, 0.8524633094433587]]"
config_3x3_d2_p05,1,2,3,3,50,50,0.1,1.3627334629580388,1.3210255346403301,1,3x3_ultra_sparse,5,2240062516,dominant_0.90,0.9,3,0.10000000000000014,0.1000000000000002,-5.551115123125783e-17,1.7201522057555392,0.2684483620013612,0.3004458750389116,0.023588625968488652,0.038522229026317925,0.00617519664374432,0.0006957422420871894,0.308759832187216,0.034787112104359474,0.4444444444444444,0.4444444444444444,0.8888888888888888,0.8888888888888888,False,ultra_sparse,Ultra-sparsity,population_05,9,5.555555555555555,5.555555555555555,1.0,0.034787112104359474,0.5555555555555556,0.5555555555555556,0.8888888888888888,0.8888888888888888,2.4999999999979954,2.4999999999964655,2.4999999999999987,2.4999999999999996,0.9000000000000471,0.8999999999999999,0.900000000000067,0.9,"[[0.010829644883757041, 0.007117757683350845, 0.03205259743285202], [0.8524633094433587, 0.03670704567290481, 0.010829644883783627], [0.0367070456728842, 0.00617519664374432, 0.007117757683364322]]","[[0.0006957422420909097, 0.002594960934626989, 0.04670929682328581], [0.012523360357636376, 0.04670929682328581, 0.8407673428191448], [0.036780897400272704, 0.0006957422420871894, 0.012523360357569412]]"
config_3x3_d2_p06,1,2,3,3,50,50,0.1,1.2668359711165245,1.2668359711165245,1,3x3_ultra_sparse,6,1886452831,dominant_0.90,0.9,3,0.09999999999999992,0.10000000000000003,-1.1102230246251565e-16,1.7115973825568038,0.2973150135982606,0.2973150135982606,0.04841261783622253,0.14906611322892718,0.0036799070767097107,0.0036799070767097107,0.18399535383548554,0.18399535383548554,0.4444444444444444,0.4444444444444444,0.8888888888888888,0.8888888888888888,False,ultra_sparse,Ultra-sparsity,population_06,9,5.555555555555555,5.555555555555555,1.0,0.18399535383548554,0.2222222222222222,0.2222222222222222,0.8888888888888888,0.8888888888888888,2.4999999999985683,2.4999999999985683,2.4999999999999987,2.4999999999999987,0.9000000000000572,0.8999999999999999,0.9000000000000572,0.8999999999999999,"[[0.021710373642058915, 0.8565792527159393, 0.02171037364205892], [0.024609719281231353, 0.021710373642030305, 0.0036799070767097107], [0.0036799070767097107, 0.021710373642030316, 0.024609719281231342]]","[[0.8565792527159393, 0.021710373642058915, 0.02171037364205892], [0.021710373642030305, 0.024609719281231353, 0.0036799070767097107], [0.021710373642030316, 0.0036799070767097107, 0.024609719281231342]]"
config_3x3_d2_p07,1,2,3,3,50,50,0.1,1.3210255346403301,1.2668359711165245,1,3x3_ultra_sparse,7,200865734,dominant_0.90,0.9,3,0.10000000000000026,0.10000000000000009,1.6653345369377348e-16,0.16619767337209063,0.3004458750389117,0.2973150135982607,0.07178181086014146,0.18896821970657315,0.0006957422420871894,0.0036799070767097107,0.034787112104359474,0.18399535383548554,0.4444444444444444,0.4444444444444444,0.8888888888888888,0.8888888888888888,False,ultra_sparse,Ultra-sparsity,population_07,9,5.555555555555555,5.555555555555555,1.0,0.034787112104359474,0.5555555555555556,0.2222222222222222,0.8888888888888888,0.8888888888888888,2.4999999999964655,2.4999999999985687,2.4999999999999996,2.4999999999999987,0.900000000000067,0.9,0.9000000000000571,0.8999999999999999,"[[0.0006957422420909097, 0.002594960934626989, 0.04670929682328581], [0.036780897400272704, 0.0006957422420871894, 0.012523360357569412], [0.012523360357636376, 0.04670929682328581, 0.8407673428191448]]","[[0.024609719281231353, 0.0036799070767097107, 0.021710373642030305], [0.0036799070767097107, 0.024609719281231342, 0.021710373642030316], [0.021710373642058915, 0.02171037364205892, 0.8565792527159393]]"
config_3x3_d2_p08,1,2,3,3,50,50,0.1,1.3627334629580388,1.3627334629580388,1,3x3_ultra_sparse,8,3855046211,dominant_0.90,0.9,3,0.10000000000000031,0.10000000000000031,0.0,1.7000000000001085,0.26844836200136113,0.26844836200136113,0.08678150395745932,0.24964785316823232,0.00617519664374432,0.00617519664374432,0.308759832187216,0.308759832187216,0.4444444444444444,0.4444444444444444,0.8888888888888888,0.8888888888888888,False,ultra_sparse,Ultra-sparsity,population_08,9,5.555555555555555,5.555555555555555,1.0,0.308759832187216,0.5555555555555556,0.5555555555555556,0.8888888888888888,0.8888888888888888,2.4999999999979954,2.4999999999979954,2.4999999999999982,2.4999999999999982,0.9000000000000471,0.8999999999999999,0.9000000000000471,0.8999999999999999,"[[0.03670704567290481, 0.8524633094433587, 0.010829644883783627], [0.00617519664374432, 0.0367070456728842, 0.007117757683364322], [0.007117757683350845, 0.010829644883757041, 0.03205259743285202]]","[[0.00617519664374432, 0.0367070456728842, 0.007117757683364322], [0.03670704567290481, 0.8524633094433587, 0.010829644883783627], [0.007117757683350845, 0.010829644883757041, 0.03205259743285202]]"
config_3x3_d2_p09,1,2,3,3,50,50,0.1,1.3627334629580388,1.3210255346403301,1,3x3_ultra_sparse,9,3905280108,dominant_0.90,0.9,3,0.10000000000000003,0.10000000000000026,-2.220446049250313e-16,1.7328485331834032,0.26844836200136124,0.3004458750389117,0.45459676846925545,0.39299440624288506,0.00617519664374432,0.0006957422420871894,0.308759832187216,0.034787112104359474,0.4444444444444444,0.4444444444444444,0.8888888888888888,0.8888888888888888,False,ultra_sparse,Ultra-sparsity,population_09,9,5.555555555555555,5.555555555555555,1.0,0.034787112104359474,0.5555555555555556,0.5555555555555556,0.8888888888888888,0.8888888888888888,2.4999999999979954,2.499999999996465,2.4999999999999987,2.4999999999999996,0.9000000000000471,0.8999999999999999,0.900000000000067,0.9,"[[0.03670704567290481, 0.8524633094433587, 0.010829644883783627], [0.007117757683350845, 0.010829644883757041, 0.03205259743285202], [0.00617519664374432, 0.0367070456728842, 0.007117757683364322]]","[[0.04670929682328581, 0.0006957422420909097, 0.002594960934626989], [0.8407673428191448, 0.012523360357636376, 0.04670929682328581], [0.012523360357569412, 0.036780897400272704, 0.0006957422420871894]]"
config_3x3_d3_p00,1,3,3,3,50,250,0.1,1.3627334629580388,1.3210255346403301,1,3x3_ultra_imbalanced,0,3136116996,dominant_0.90,0.9,3,0.10000000000000003,0.10000000000000014,-1.1102230246251565e-16,1.7827182126824057,0.26844836200136124,0.3004458750389117,0.29226645272981266,0.43105605306992834,0.00617519664374432,0.0006957422420871894,0.308759832187216,0.17393556052179737,0.4444444444444444,0.4444444444444444,0.8888888888888888,0.4444444444444444,False,ultra_imbalanced,Ultra-sparsity with imbalance,population_00,9,5.555555555555555,27.77777777777778,5.0,0.17393556052179737,0.5555555555555556,0.3333333333333333,0.8888888888888888,0.5555555555555556,2.499999999997995,12.499999999982327,2.4999999999999982,12.499999999999996,0.9000000000000471,0.8999999999999999,0.900000000000067,0.9,"[[0.00617519664374432, 0.007117757683364322, 0.0367070456728842], [0.03670704567290481, 0.010829644883783627, 0.8524633094433587], [0.007117757683350845, 0.03205259743285202, 0.010829644883757041]]","[[0.0006957422420871894, 0.012523360357569412, 0.036780897400272704], [0.002594960934626989, 0.04670929682328581, 0.0006957422420909097], [0.04670929682328581, 0.8407673428191448, 0.012523360357636376]]"
config_3x3_d3_p01,1,3,3,3,50,250,0.1,1.2668359711165245,1.3210255346403301,1,3x3_ultra_imbalanced,1,499896329,dominant_0.90,0.9,3,0.10000000000000009,0.10000000000000026,-1.6653345369377348e-16,1.7920271091624471,0.2973150135982606,0.3004458750389117,0.29495760667153104,0.6236179751006956,0.0036799070767097107,0.0006957422420871894,0.18399535383548554,0.17393556052179737,0.4444444444444444,0.4444444444444444,0.8888888888888888,0.4444444444444444,False,ultra_imbalanced,Ultra-sparsity with imbalance,population_01,9,5.555555555555555,27.77777777777778,5.0,0.17393556052179737,0.2222222222222222,0.3333333333333333,0.8888888888888888,0.5555555555555556,2.4999999999985683,12.499999999982327,2.4999999999999987,12.499999999999996,0.9000000000000572,0.8999999999999999,0.900000000000067,0.9,"[[0.024609719281231353, 0.021710373642030305, 0.0036799070767097107], [0.0036799070767097107, 0.021710373642030316, 0.024609719281231342], [0.021710373642058915, 0.8565792527159393, 0.02171037364205892]]","[[0.036780897400272704, 0.0006957422420871894, 0.012523360357569412], [0.012523360357636376, 0.04670929682328581, 0.8407673428191448], [0.0006957422420909097, 0.002594960934626989, 0.04670929682328581]]"
config_3x3_d3_p02,1,3,3,3,50,250,0.1,1.2668359711165245,1.2668359711165245,1,3x3_ultra_imbalanced,2,3228884029,dominant_0.90,0.9,3,0.10000000000000014,0.10000000000000009,5.551115123125783e-17,1.7115973825568611,0.2973150135982606,0.2973150135982606,0.061212831115017574,0.17675043501879167,0.0036799070767097107,0.0036799070767097107,0.18399535383548554,0.9199767691774277,0.4444444444444444,0.4444444444444444,0.8888888888888888,0.4444444444444444,False,ultra_imbalanced,Ultra-sparsity with imbalance,population_02,9,5.555555555555555,27.77777777777778,5.0,0.18399535383548554,0.2222222222222222,0.2222222222222222,0.8888888888888888,0.2222222222222222,2.4999999999985687,12.499999999992843,2.4999999999999987,12.499999999999993,0.9000000000000571,0.8999999999999999,0.9000000000000571,0.8999999999999999,"[[0.021710373642058915, 0.02171037364205892, 0.8565792527159393], [0.024609719281231353, 0.0036799070767097107, 0.021710373642030305], [0.0036799070767097107, 0.024609719281231342, 0.021710373642030316]]","[[0.0036799070767097107, 0.024609719281231353, 0.021710373642030305], [0.024609719281231342, 0.0036799070767097107, 0.021710373642030316], [0.02171037364205892, 0.021710373642058915, 0.8565792527159393]]"
config_3x3_d3_p03,1,3,3,3,50,250,0.1,1.3210255346403301,1.3210255346403301,1,3x3_ultra_imbalanced,3,2995043086,dominant_0.90,0.9,3,0.10000000000000026,0.10000000000000026,0.0,1.7683718729315667,0.3004458750389117,0.3004458750389117,0.04871393524281192,0.11032702272583533,0.0006957422420871894,0.0006957422420871894,0.034787112104359474,0.17393556052179737,0.4444444444444444,0.4444444444444444,0.8888888888888888,0.4444444444444444,False,ultra_imbalanced,Ultra-sparsity with imbalance,population_03,9,5.555555555555555,27.77777777777778,5.0,0.034787112104359474,0.5555555555555556,0.3333333333333333,0.8888888888888888,0.5555555555555556,2.4999999999964655,12.499999999982327,2.4999999999999996,12.499999999999996,0.900000000000067,0.9,0.900000000000067,0.9,"[[0.012523360357636376, 0.04670929682328581, 0.8407673428191448], [0.036780897400272704, 0.0006957422420871894, 0.012523360357569412], [0.0006957422420909097, 0.002594960934626989, 0.04670929682328581]]","[[0.0006957422420871894, 0.036780897400272704, 0.012523360357569412], [0.002594960934626989, 0.0006957422420909097, 0.04670929682328581], [0.04670929682328581, 0.012523360357636376, 0.8407673428191448]]"
config_3x3_d3_p04,1,3,3,3,50,250,0.1,1.2668359711165245,1.3627334629580388,1,3x3_ultra_imbalanced,4,3288082254,dominant_0.90,0.9,3,0.10000000000000003,0.10000000000000014,-1.1102230246251565e-16,1.7843055295073316,0.2973150135982606,0.26844836200136124,0.07548865150868528,0.20780458883456746,0.0036799070767097107,0.00617519664374432,0.18399535383548554,1.54379916093608,0.4444444444444444,0.4444444444444444,0.8888888888888888,0.4444444444444444,False,ultra_imbalanced,Ultra-sparsity with imbalance,population_04,9,5.555555555555555,27.77777777777778,5.0,0.18399535383548554,0.2222222222222222,0.0,0.8888888888888888,0.5555555555555556,2.4999999999985683,12.499999999989976,2.4999999999999987,12.499999999999993,0.9000000000000572,0.8999999999999999,0.9000000000000471,0.8999999999999999,"[[0.021710373642030316, 0.0036799070767097107, 0.024609719281231342], [0.8565792527159393, 0.021710373642058915, 0.02171037364205892], [0.021710373642030305, 0.024609719281231353, 0.0036799070767097107]]","[[0.010829644883757041, 0.03205259743285202, 0.007117757683350845], [0.0367070456728842, 0.007117757683364322, 0.00617519664374432], [0.8524633094433587, 0.010829644883783627, 0.03670704567290481]]"
config_3x3_d3_p05,1,3,3,3,50,250,0.1,1.3210255346403301,1.2668359711165245,1,3x3_ultra_imbalanced,5,579328396,dominant_0.90,0.9,3,0.10000000000000026,0.10000000000000009,1.6653345369377348e-16,0.16619767337209063,0.3004458750389117,0.2973150135982607,0.08430723533065393,0.2367489139804385,0.0006957422420871894,0.0036799070767097107,0.034787112104359474,0.9199767691774277,0.4444444444444444,0.4444444444444444,0.8888888888888888,0.4444444444444444,False,ultra_imbalanced,Ultra-sparsity with imbalance,population_05,9,5.555555555555555,27.77777777777778,5.0,0.034787112104359474,0.5555555555555556,0.2222222222222222,0.8888888888888888,0.2222222222222222,2.4999999999964655,12.499999999992843,2.4999999999999996,12.499999999999993,0.900000000000067,0.9,0.9000000000000571,0.8999999999999999,"[[0.0006957422420909097, 0.002594960934626989, 0.04670929682328581], [0.036780897400272704, 0.0006957422420871894, 0.012523360357569412], [0.012523360357636376, 0.04670929682328581, 0.8407673428191448]]","[[0.024609719281231342, 0.0036799070767097107, 0.021710373642030316], [0.0036799070767097107, 0.024609719281231353, 0.021710373642030305], [0.02171037364205892, 0.021710373642058915, 0.8565792527159393]]"
config_3x3_d3_p06,1,3,3,3,50,250,0.1,1.2668359711165245,1.2668359711165245,1,3x3_ultra_imbalanced,6,3168478805,dominant_0.90,0.9,3,0.10000000000000009,0.10000000000000003,5.551115123125783e-17,1.7476583156875598,0.2973150135982606,0.2973150135982606,0.3034436424292821,0.4451818776603544,0.0036799070767097107,0.0036799070767097107,0.18399535383548554,0.9199767691774277,0.4444444444444444,0.4444444444444444,0.8888888888888888,0.4444444444444444,False,ultra_imbalanced,Ultra-sparsity with imbalance,population_06,9,5.555555555555555,27.77777777777778,5.0,0.18399535383548554,0.2222222222222222,0.2222222222222222,0.8888888888888888,0.2222222222222222,2.4999999999985683,12.499999999992843,2.4999999999999987,12.499999999999993,0.9000000000000572,0.8999999999999999,0.9000000000000571,0.8999999999999999,"[[0.021710373642030316, 0.0036799070767097107, 0.024609719281231342], [0.021710373642030305, 0.024609719281231353, 0.0036799070767097107], [0.8565792527159393, 0.021710373642058915, 0.02171037364205892]]","[[0.02171037364205892, 0.021710373642058915, 0.8565792527159393], [0.024609719281231342, 0.0036799070767097107, 0.021710373642030316], [0.0036799070767097107, 0.024609719281231353, 0.021710373642030305]]"
config_3x3_d3_p07,1,3,3,3,50,250,0.1,1.3210255346403301,1.2668359711165245,1,3x3_ultra_imbalanced,7,944308488,dominant_0.90,0.9,3,0.1000000000000002,0.10000000000000009,1.1102230246251565e-16,1.7920271091624471,0.3004458750389118,0.2973150135982606,0.332411915237103,0.5995447153590587,0.0006957422420871894,0.0036799070767097107,0.034787112104359474,0.9199767691774277,0.4444444444444444,0.4444444444444444,0.8888888888888888,0.4444444444444444,False,ultra_imbalanced,Ultra-sparsity with imbalance,population_07,9,5.555555555555555,27.77777777777778,5.0,0.034787112104359474,0.5555555555555556,0.2222222222222222,0.8888888888888888,0.2222222222222222,2.4999999999964655,12.499999999992841,2.4999999999999996,12.499999999999993,0.900000000000067,0.9,0.9000000000000572,0.8999999999999999,"[[0.012523360357569412, 0.0006957422420871894, 0.036780897400272704], [0.8407673428191448, 0.04670929682328581, 0.012523360357636376], [0.04670929682328581, 0.002594960934626989, 0.0006957422420909097]]","[[0.0036799070767097107, 0.021710373642030316, 0.024609719281231342], [0.024609719281231353, 0.021710373642030305, 0.0036799070767097107], [0.021710373642058915, 0.8565792527159393, 0.02171037364205892]]"
config_3x3_d3_p08,1,3,3,3,50,250,0.1,1.3627334629580388,1.2668359711165245,1,3x3_ultra_imbalanced,8,1760773074,dominant_0.90,0.9,3,0.10000000000000003,0.09999999999999987,1.6653345369377348e-16,0.12172264796975336,0.26844836200136124,0.29731501359826074,0.09065268063858206,0.25543945131641715,0.00617519664374432,0.0036799070767097107,0.308759832187216,0.9199767691774277,0.4444444444444444,0.4444444444444444,0.8888888888888888,0.4444444444444444,False,ultra_imbalanced,Ultra-sparsity with imbalance,population_08,9,5.555555555555555,27.77777777777778,5.0,0.308759832187216,0.5555555555555556,0.2222222222222222,0.8888888888888888,0.2222222222222222,2.499999999997995,12.499999999992841,2.4999999999999987,12.499999999999993,0.9000000000000471,0.8999999999999999,0.9000000000000572,0.8999999999999999,"[[0.8524633094433587, 0.010829644883783627, 0.03670704567290481], [0.010829644883757041, 0.03205259743285202, 0.007117757683350845], [0.0367070456728842, 0.007117757683364322, 0.00617519664374432]]","[[0.8565792527159393, 0.021710373642058915, 0.02171037364205892], [0.021710373642030316, 0.0036799070767097107, 0.024609719281231342], [0.021710373642030305, 0.024609719281231353, 0.0036799070767097107]]"
config_3x3_d3_p09,1,3,3,3,50,250,0.1,1.3210255346403301,1.3210255346403301,1,3x3_ultra_imbalanced,9,2902450377,dominant_0.90,0.9,3,0.10000000000000026,0.10000000000000026,0.0,1.7000000000000002,0.3004458750389117,0.3004458750389117,0.09999999999999998,0.3004458750389118,0.0006957422420871894,0.0006957422420871894,0.034787112104359474,0.17393556052179737,0.4444444444444444,0.4444444444444444,0.8888888888888888,0.4444444444444444,False,ultra_imbalanced,Ultra-sparsity with imbalance,population_09,9,5.555555555555555,27.77777777777778,5.0,0.034787112104359474,0.5555555555555556,0.3333333333333333,0.8888888888888888,0.5555555555555556,2.499999999996465,12.499999999982327,2.4999999999999996,12.499999999999996,0.900000000000067,0.9,0.900000000000067,0.9,"[[0.0006957422420909097, 0.04670929682328581, 0.002594960934626989], [0.036780897400272704, 0.012523360357569412, 0.0006957422420871894], [0.012523360357636376, 0.8407673428191448, 0.04670929682328581]]","[[0.0006957422420909097, 0.002594960934626989, 0.04670929682328581], [0.036780897400272704, 0.0006957422420871894, 0.012523360357569412], [0.012523360357636376, 0.04670929682328581, 0.8407673428191448]]"
config_5x5_d0_p00,2,0,5,5,375,375,0.1,0.4849131139437569,0.4849131139437569,1,5x5_balanced_control,0,241105782,uniform,0.2,15,0.09999999999999942,0.09999999999999964,-2.220446049250313e-16,0.3545565059525378,0.1820880001363052,0.1820880001363052,0.05869923569431523,0.10871464160511848,0.022272174702369616,0.022272174702369616,8.352065513388606,8.352065513388606,0.0,0.0,0.0,0.0,False,balanced_control,Balanced control,population_00,25,15.0,15.0,1.0,8.352065513388606,0.0,0.0,0.0,0.0,74.99999999999345,74.99999999999343,74.99999999999999,74.99999999999999,0.20000000000002613,0.19999999999999998,0.20000000000002613,0.19999999999999998,"[[0.05181855019841443, 0.05181855019841443, 0.05181855019841443, 0.022272174702369616, 0.022272174702369616], [0.05181855019841443, 0.05181855019841443, 0.05181855019841443, 0.022272174702369616, 0.022272174702369616], [0.022272174702378328, 0.022272174702378328, 0.022272174702378328, 0.06659173794644557, 0.06659173794644557], [0.022272174702378328, 0.022272174702378328, 0.022272174702378328, 0.06659173794644557, 0.06659173794644557], [0.05181855019841443, 0.05181855019841443, 0.05181855019841443, 0.022272174702369616, 0.022272174702369616]]","[[0.022272174702369616, 0.05181855019841443, 0.05181855019841443, 0.05181855019841443, 0.022272174702369616], [0.022272174702369616, 0.05181855019841443, 0.05181855019841443, 0.05181855019841443, 0.022272174702369616], [0.06659173794644557, 0.022272174702378328, 0.022272174702378328, 0.022272174702378328, 0.06659173794644557], [0.06659173794644557, 0.022272174702378328, 0.022272174702378328, 0.022272174702378328, 0.06659173794644557], [0.022272174702369616, 0.05181855019841443, 0.05181855019841443, 0.05181855019841443, 0.022272174702369616]]"
config_5x5_d0_p01,2,0,5,5,375,375,0.1,0.6568233767144918,0.6568233767144918,1,5x5_balanced_control,1,431404744,uniform,0.2,15,0.10000000000000009,0.09999999999999942,6.661338147750939e-16,0.1931275903666514,0.1856582784845519,0.1856582784845519,0.08605860471702842,0.1604081498755097,0.021165270102610878,0.021165270102610878,7.936976288479079,7.936976288479079,0.0,0.0,0.0,0.0,False,balanced_control,Balanced control,population_01,25,15.0,15.0,1.0,7.936976288479079,0.0,0.0,0.0,0.0,75.0,75.0,74.99999999999999,75.0,0.20000000000000004,0.20000000000000007,0.20000000000000007,0.20000000000000004,"[[0.04411114605025228, 0.04411114605025227, 0.0694471676942737, 0.02116527010261088, 0.02116527010261089], [0.02116527010261089, 0.04411114605025226, 0.02116527010261088, 0.0694471676942737, 0.04411114605025228], [0.02116527010261089, 0.06944716769427368, 0.04411114605025228, 0.044111146050252265, 0.02116527010261088], [0.0694471676942737, 0.021165270102610885, 0.04411114605025228, 0.02116527010261089, 0.04411114605025228], [0.04411114605025228, 0.021165270102610878, 0.02116527010261089, 0.04411114605025228, 0.0694471676942737]]","[[0.044111146050252265, 0.02116527010261089, 0.06944716769427368, 0.04411114605025228, 0.02116527010261088], [0.02116527010261089, 0.0694471676942737, 0.021165270102610885, 0.04411114605025228, 0.04411114605025228], [0.02116527010261088, 0.04411114605025228, 0.04411114605025227, 0.0694471676942737, 0.02116527010261089], [0.0694471676942737, 0.02116527010261089, 0.04411114605025226, 0.02116527010261088, 0.04411114605025228], [0.04411114605025228, 0.04411114605025228, 0.021165270102610878, 0.02116527010261089, 0.0694471676942737]]"
config_5x5_d0_p02,2,0,5,5,375,375,0.1,0.6568233767144918,0.6568233767144918,1,5x5_balanced_control,2,3037591977,uniform,0.2,15,0.09999999999999964,0.09999999999999987,-2.220446049250313e-16,0.33080284605249954,0.1856582784845519,0.18565827848455188,0.0671141911693991,0.13003506512638896,0.021165270102610878,0.021165270102610878,7.936976288479079,7.936976288479079,0.0,0.0,0.0,0.0,False,balanced_control,Balanced control,population_02,25,15.0,15.0,1.0,7.936976288479079,0.0,0.0,0.0,0.0,75.0,75.0,75.0,75.0,0.2,0.2,0.20000000000000004,0.2,"[[0.02116527010261088, 0.044111146050252265, 0.02116527010261089, 0.06944716769427368, 0.04411114605025228], [0.04411114605025228, 0.02116527010261089, 0.0694471676942737, 0.021165270102610885, 0.04411114605025228], [0.0694471676942737, 0.04411114605025228, 0.04411114605025228, 0.021165270102610878, 0.02116527010261089], [0.02116527010261089, 0.02116527010261088, 0.04411114605025228, 0.04411114605025227, 0.0694471676942737], [0.04411114605025228, 0.0694471676942737, 0.02116527010261089, 0.04411114605025226, 0.02116527010261088]]","[[0.04411114605025228, 0.02116527010261089, 0.04411114605025228, 0.021165270102610885, 0.0694471676942737], [0.02116527010261089, 0.02116527010261088, 0.0694471676942737, 0.04411114605025227, 0.04411114605025228], [0.0694471676942737, 0.04411114605025228, 0.02116527010261089, 0.021165270102610878, 0.04411114605025228], [0.02116527010261088, 0.044111146050252265, 0.04411114605025228, 0.06944716769427368, 0.02116527010261089], [0.04411114605025228, 0.0694471676942737, 0.02116527010261088, 0.04411114605025226, 0.02116527010261089]]"
config_5x5_d0_p03,2,0,5,5,375,375,0.1,0.4849131139437569,0.6568233767144918,1,5x5_balanced_control,3,917772110,uniform,0.2,15,0.10000000000000009,0.09999999999999964,4.440892098500626e-16,0.5873689497099425,0.1820880001363052,0.18565827848455188,0.03799306068935482,0.06948647277001056,0.022272174702369616,0.021165270102610878,8.352065513388606,7.936976288479079,0.0,0.0,0.0,0.0,False,balanced_control,Balanced control,population_03,25,15.0,15.0,1.0,7.936976288479079,0.0,0.0,0.0,0.0,74.99999999999345,75.0,74.99999999999999,74.99999999999999,0.20000000000002613,0.19999999999999998,0.20000000000000004,0.2,"[[0.05181855019841443, 0.022272174702369616, 0.05181855019841443, 0.022272174702369616, 0.05181855019841443], [0.022272174702378328, 0.06659173794644557, 0.022272174702378328, 0.06659173794644557, 0.022272174702378328], [0.05181855019841443, 0.022272174702369616, 0.05181855019841443, 0.022272174702369616, 0.05181855019841443], [0.022272174702378328, 0.06659173794644557, 0.022272174702378328, 0.06659173794644557, 0.022272174702378328], [0.05181855019841443, 0.022272174702369616, 0.05181855019841443, 0.022272174702369616, 0.05181855019841443]]","[[0.0694471676942737, 0.02116527010261089, 0.04411114605025228, 0.021165270102610885, 0.04411114605025228], [0.04411114605025228, 0.04411114605025228, 0.02116527010261089, 0.021165270102610878, 0.0694471676942737], [0.02116527010261089, 0.0694471676942737, 0.02116527010261088, 0.04411114605025226, 0.04411114605025228], [0.04411114605025228, 0.02116527010261088, 0.0694471676942737, 0.04411114605025227, 0.02116527010261089], [0.02116527010261089, 0.044111146050252265, 0.04411114605025228, 0.06944716769427368, 0.02116527010261088]]"
config_5x5_d0_p04,2,0,5,5,375,375,0.1,1.0044949946979411,0.6568233767144918,1,5x5_balanced_control,4,1611322718,uniform,0.2,15,0.09999999999999765,0.10000000000000009,-2.4424906541753444e-15,0.5507683270343141,0.17120770340500785,0.18565827848455185,0.04177951494008636,0.0820278664865271,0.010448825077135012,0.021165270102610878,3.9183094039256297,7.936976288479079,0.0,0.0,0.0,0.0,False,balanced_control,Balanced control,population_04,25,15.0,15.0,1.0,3.9183094039256297,0.0,0.0,0.08,0.0,74.99999999999696,75.0,74.99999999999999,74.99999999999999,0.20000000000000837,0.2,0.2,0.2,"[[0.03565511419764186, 0.02037027659133151, 0.0556216104673456, 0.010448825077135012, 0.07790417366653792], [0.03565511419764187, 0.055621610467345615, 0.020370276591331515, 0.07790417366653793, 0.010448825077135014], [0.04206568664133796, 0.030893330805530316, 0.05104909549445354, 0.02037027659133282, 0.055621610467349175], [0.04455839832204031, 0.042065686641338994, 0.042065686641338994, 0.035655114197645034, 0.035655114197645034], [0.04206568664133797, 0.05104909549445355, 0.03089333080553032, 0.05562161046734919, 0.020370276591332823]]","[[0.02116527010261089, 0.021165270102610878, 0.0694471676942737, 0.04411114605025228, 0.04411114605025228], [0.02116527010261088, 0.04411114605025226, 0.04411114605025228, 0.02116527010261089, 0.0694471676942737], [0.0694471676942737, 0.04411114605025227, 0.02116527010261089, 0.04411114605025228, 0.02116527010261088], [0.04411114605025228, 0.021165270102610885, 0.04411114605025228, 0.0694471676942737, 0.02116527010261089], [0.04411114605025228, 0.06944716769427368, 0.02116527010261088, 0.02116527010261089, 0.044111146050252265]]"
config_5x5_d0_p05,2,0,5,5,375,375,0.1,0.6568233767144918,0.4849131139437569,1,5x5_balanced_control,5,3950737540,uniform,0.2,15,0.09999999999999964,0.09999999999999964,0.0,0.5000130643184293,0.18565827848455188,0.18208800013630516,0.0498295919113203,0.08907494366098088,0.021165270102610878,0.022272174702369616,7.936976288479079,8.352065513388606,0.0,0.0,0.0,0.0,False,balanced_control,Balanced control,population_05,25,15.0,15.0,1.0,7.936976288479079,0.0,0.0,0.0,0.0,75.0,74.99999999999345,74.99999999999999,74.99999999999999,0.2,0.20000000000000004,0.20000000000002613,0.19999999999999998,"[[0.04411114605025227, 0.04411114605025228, 0.02116527010261088, 0.0694471676942737, 0.02116527010261089], [0.04411114605025226, 0.02116527010261089, 0.0694471676942737, 0.02116527010261088, 0.04411114605025228], [0.06944716769427368, 0.02116527010261089, 0.044111146050252265, 0.04411114605025228, 0.02116527010261088], [0.021165270102610878, 0.04411114605025228, 0.04411114605025228, 0.02116527010261089, 0.0694471676942737], [0.021165270102610885, 0.0694471676942737, 0.02116527010261089, 0.04411114605025228, 0.04411114605025228]]","[[0.05181855019841443, 0.022272174702369616, 0.022272174702369616, 0.05181855019841443, 0.05181855019841443], [0.05181855019841443, 0.022272174702369616, 0.022272174702369616, 0.05181855019841443, 0.05181855019841443], [0.022272174702378328, 0.06659173794644557, 0.06659173794644557, 0.022272174702378328, 0.022272174702378328], [0.022272174702378328, 0.06659173794644557, 0.06659173794644557, 0.022272174702378328, 0.022272174702378328], [0.05181855019841443, 0.022272174702369616, 0.022272174702369616, 0.05181855019841443, 0.05181855019841443]]"
config_5x5_d0_p06,2,0,5,5,375,375,0.1,1.0044949946979411,1.0044949946979411,1,5x5_balanced_control,6,1711014952,uniform,0.2,15,0.09999999999999787,0.09999999999999809,-2.220446049250313e-16,0.4271357496267403,0.17120770340500785,0.17120770340500788,0.053522577179195396,0.09388321148506523,0.010448825077135012,0.010448825077135012,3.9183094039256297,3.9183094039256297,0.0,0.0,0.0,0.0,False,balanced_control,Balanced control,population_06,25,15.0,15.0,1.0,3.9183094039256297,0.0,0.0,0.08,0.08,74.99999999999696,74.99999999999696,74.99999999999999,74.99999999999999,0.20000000000000837,0.19999999999999998,0.20000000000000837,0.19999999999999998,"[[0.05562161046734919, 0.03089333080553032, 0.020370276591332823, 0.04206568664133797, 0.05104909549445355], [0.010448825077135012, 0.0556216104673456, 0.07790417366653792, 0.03565511419764186, 0.02037027659133151], [0.07790417366653793, 0.020370276591331515, 0.010448825077135014, 0.03565511419764187, 0.055621610467345615], [0.035655114197645034, 0.042065686641338994, 0.035655114197645034, 0.04455839832204031, 0.042065686641338994], [0.02037027659133282, 0.05104909549445354, 0.055621610467349175, 0.04206568664133796, 0.030893330805530316]]","[[0.0556216104673456, 0.03565511419764186, 0.07790417366653792, 0.02037027659133151, 0.010448825077135012], [0.05104909549445354, 0.04206568664133796, 0.055621610467349175, 0.030893330805530316, 0.02037027659133282], [0.020370276591331515, 0.03565511419764187, 0.010448825077135014, 0.055621610467345615, 0.07790417366653793], [0.042065686641338994, 0.04455839832204031, 0.035655114197645034, 0.042065686641338994, 0.035655114197645034], [0.03089333080553032, 0.04206568664133797, 0.020370276591332823, 0.05104909549445355, 0.05562161046734919]]"
config_5x5_d0_p07,2,0,5,5,375,375,0.1,0.4849131139437569,0.6568233767144918,1,5x5_balanced_control,7,987096688,uniform,0.2,15,0.09999999999999964,0.10000000000000053,-8.881784197001252e-16,0.6747248351014558,0.1820880001363052,0.18565827848455188,0.026156529467389333,0.04961779493630313,0.022272174702369616,0.021165270102610878,8.352065513388606,7.936976288479079,0.0,0.0,0.0,0.0,False,balanced_control,Balanced control,population_07,25,15.0,15.0,1.0,7.936976288479079,0.0,0.0,0.0,0.0,74.99999999999345,75.0,74.99999999999999,75.0,0.20000000000002613,0.19999999999999998,0.20000000000000004,0.20000000000000007,"[[0.022272174702378328, 0.06659173794644557, 0.06659173794644557, 0.022272174702378328, 0.022272174702378328], [0.05181855019841443, 0.022272174702369616, 0.022272174702369616, 0.05181855019841443, 0.05181855019841443], [0.05181855019841443, 0.022272174702369616, 0.022272174702369616, 0.05181855019841443, 0.05181855019841443], [0.022272174702378328, 0.06659173794644557, 0.06659173794644557, 0.022272174702378328, 0.022272174702378328], [0.05181855019841443, 0.022272174702369616, 0.022272174702369616, 0.05181855019841443, 0.05181855019841443]]","[[0.02116527010261089, 0.02116527010261088, 0.04411114605025227, 0.04411114605025228, 0.0694471676942737], [0.02116527010261088, 0.044111146050252265, 0.06944716769427368, 0.02116527010261089, 0.04411114605025228], [0.04411114605025228, 0.0694471676942737, 0.04411114605025226, 0.02116527010261089, 0.02116527010261088], [0.04411114605025228, 0.02116527010261089, 0.021165270102610885, 0.0694471676942737, 0.04411114605025228], [0.0694471676942737, 0.04411114605025228, 0.021165270102610878, 0.04411114605025228, 0.02116527010261089]]"
config_5x5_d0_p08,2,0,5,5,375,375,0.1,0.4849131139437569,0.4849131139437569,1,5x5_balanced_control,8,1405826916,uniform,0.2,15,0.10000000000000009,0.09999999999999898,1.1102230246251565e-15,0.4431956324406898,0.1820880001363052,0.18208800013630516,0.05171688755967874,0.09624780403171976,0.022272174702369616,0.022272174702369616,8.352065513388606,8.352065513388606,0.0,0.0,0.0,0.0,False,balanced_control,Balanced control,population_08,25,15.0,15.0,1.0,8.352065513388606,0.0,0.0,0.0,0.0,74.99999999999345,74.99999999999343,74.99999999999999,74.99999999999999,0.20000000000002613,0.19999999999999998,0.20000000000002613,0.2,"[[0.05181855019841443, 0.022272174702369616, 0.05181855019841443, 0.022272174702369616, 0.05181855019841443], [0.022272174702378328, 0.06659173794644557, 0.022272174702378328, 0.06659173794644557, 0.022272174702378328], [0.05181855019841443, 0.022272174702369616, 0.05181855019841443, 0.022272174702369616, 0.05181855019841443], [0.022272174702378328, 0.06659173794644557, 0.022272174702378328, 0.06659173794644557, 0.022272174702378328], [0.05181855019841443, 0.022272174702369616, 0.05181855019841443, 0.022272174702369616, 0.05181855019841443]]","[[0.05181855019841443, 0.022272174702369616, 0.05181855019841443, 0.05181855019841443, 0.022272174702369616], [0.05181855019841443, 0.022272174702369616, 0.05181855019841443, 0.05181855019841443, 0.022272174702369616], [0.05181855019841443, 0.022272174702369616, 0.05181855019841443, 0.05181855019841443, 0.022272174702369616], [0.022272174702378328, 0.06659173794644557, 0.022272174702378328, 0.022272174702378328, 0.06659173794644557], [0.022272174702378328, 0.06659173794644557, 0.022272174702378328, 0.022272174702378328, 0.06659173794644557]]"
config_5x5_d0_p09,2,0,5,5,375,375,0.1,0.6568233767144918,0.6568233767144918,1,5x5_balanced_control,9,3070384227,uniform,0.2,15,0.09999999999999964,0.09999999999999987,-2.220446049250313e-16,0.5287107278119111,0.18565827848455188,0.18565827848455188,0.04785971743041251,0.08869259832092757,0.021165270102610878,0.021165270102610878,7.936976288479079,7.936976288479079,0.0,0.0,0.0,0.0,False,balanced_control,Balanced control,population_09,25,15.0,15.0,1.0,7.936976288479079,0.0,0.0,0.0,0.0,75.0,75.0,74.99999999999999,74.99999999999999,0.20000000000000004,0.2,0.20000000000000004,0.20000000000000004,"[[0.04411114605025228, 0.02116527010261089, 0.021165270102610878, 0.0694471676942737, 0.04411114605025228], [0.02116527010261088, 0.0694471676942737, 0.04411114605025227, 0.02116527010261089, 0.04411114605025228], [0.02116527010261089, 0.04411114605025228, 0.021165270102610885, 0.04411114605025228, 0.0694471676942737], [0.0694471676942737, 0.02116527010261088, 0.04411114605025226, 0.04411114605025228, 0.02116527010261089], [0.044111146050252265, 0.04411114605025228, 0.06944716769427368, 0.02116527010261088, 0.02116527010261089]]","[[0.04411114605025228, 0.021165270102610878, 0.0694471676942737, 0.04411114605025228, 0.02116527010261089], [0.04411114605025228, 0.04411114605025227, 0.02116527010261089, 0.02116527010261088, 0.0694471676942737], [0.02116527010261089, 0.04411114605025226, 0.04411114605025228, 0.0694471676942737, 0.02116527010261088], [0.02116527010261089, 0.06944716769427368, 0.02116527010261088, 0.044111146050252265, 0.04411114605025228], [0.0694471676942737, 0.021165270102610885, 0.04411114605025228, 0.02116527010261089, 0.04411114605025228]]"
config_5x5_d1_p00,2,1,5,5,200,200,0.1,0.8666909994683085,0.999479546084054,1,5x5_moderate_sparse,0,2042495316,dominant_0.70,0.7,8,0.09999999999999987,0.09999999999999987,0.0,1.4925048854594294,0.2168098977839714,0.20503047027819898,0.2579255115700885,0.4072002606605465,0.0026526326970480294,0.004268374171104369,0.5305265394096059,0.8536748342208738,0.0,0.0,0.64,0.64,False,moderate_sparse,Moderate sparsity,population_00,25,8.0,8.0,1.0,0.5305265394096059,0.24,0.08,0.8,0.68,14.999999999993975,14.999999999989033,15.0,15.0,0.7000000000000678,0.7000000000000001,0.7000000000000992,0.7000000000000001,"[[0.024237425090353218, 0.0036570236625798704, 0.013286342089160233, 0.009637286684928515, 0.02418192247294803], [0.04633005714415926, 0.012722999811272243, 0.009637286684934632, 0.0026526326970480294, 0.0036570236625821906], [0.04633005714415927, 0.00265263269704803, 0.0036570236625821906, 0.01272299981127224, 0.009637286684934632], [0.024237425090353218, 0.009637286684928517, 0.02418192247294803, 0.0036570236625798696, 0.013286342089160233], [0.5588650355309751, 0.04633005714417134, 0.02423742509037492, 0.04633005714417135, 0.02423742509037492]]","[[0.00919517171069483, 0.027476311975410925, 0.01724626434260765, 0.004268374171104369, 0.016813877800127386], [0.04153423299269965, 0.016813877800156116, 0.02867298701198395, 0.05238142223642898, 0.5605974799588306], [0.006396855868849423, 0.00426837417111067, 0.0056695739143585114, 0.006283773809266327, 0.05238142223641679], [0.009513288538178701, 0.017246264342617425, 0.013897886192866185, 0.005669573914353355, 0.0286729870119512], [0.008360450889577415, 0.009195171710704879, 0.00951328853818371, 0.006396855868846972, 0.04153423299267407]]"
config_5x5_d1_p01,2,1,5,5,200,200,0.1,0.999479546084054,0.8666909994683085,1,5x5_moderate_sparse,1,3542775196,dominant_0.70,0.7,8,0.10000000000000009,0.10000000000000031,-2.220446049250313e-16,1.4841304770179944,0.20503047027819904,0.21680989778397136,0.28032736506660116,0.38062524306637746,0.004268374171104369,0.0026526326970480294,0.8536748342208738,0.5305265394096059,0.0,0.0,0.64,0.64,False,moderate_sparse,Moderate sparsity,population_01,25,8.0,8.0,1.0,0.5305265394096059,0.08,0.24,0.68,0.8,14.999999999989031,14.999999999993971,15.0,15.0,0.7000000000000992,0.7000000000000001,0.7000000000000678,0.7000000000000001,"[[0.01724626434260765, 0.00919517171069483, 0.004268374171104369, 0.016813877800127386, 0.027476311975410925], [0.013897886192866185, 0.009513288538178701, 0.005669573914353355, 0.0286729870119512, 0.017246264342617425], [0.00951328853818371, 0.008360450889577415, 0.006396855868846972, 0.04153423299267407, 0.009195171710704879], [0.0056695739143585114, 0.006396855868849423, 0.006283773809266327, 0.05238142223641679, 0.00426837417111067], [0.02867298701198395, 0.04153423299269965, 0.05238142223642898, 0.5605974799588306, 0.016813877800156116]]","[[0.5588650355309751, 0.02423742509037492, 0.04633005714417134, 0.02423742509037492, 0.04633005714417135], [0.04633005714415926, 0.009637286684934632, 0.012722999811272243, 0.0036570236625821906, 0.0026526326970480294], [0.024237425090353218, 0.013286342089160233, 0.0036570236625798704, 0.02418192247294803, 0.009637286684928515], [0.024237425090353218, 0.02418192247294803, 0.009637286684928517, 0.013286342089160233, 0.0036570236625798696], [0.04633005714415927, 0.0036570236625821906, 0.00265263269704803, 0.009637286684934632, 0.01272299981127224]]"
config_5x5_d1_p02,2,1,5,5,200,200,0.1,0.8666909994683085,0.999479546084054,1,5x5_moderate_sparse,2,2329352893,dominant_0.70,0.7,8,0.09999999999999987,0.09999999999999987,0.0,1.3752657862286908,0.21680989778397147,0.205030470278199,0.06145983404816402,0.12648390786200553,0.0026526326970480294,0.004268374171104369,0.5305265394096059,0.8536748342208738,0.0,0.0,0.64,0.64,False,moderate_sparse,Moderate sparsity,population_02,25,8.0,8.0,1.0,0.5305265394096059,0.24,0.08,0.8,0.68,14.999999999993971,14.999999999989033,15.0,15.0,0.7000000000000677,0.7000000000000001,0.7000000000000992,0.7000000000000001,"[[0.04633005714417134, 0.02423742509037492, 0.5588650355309751, 0.02423742509037492, 0.04633005714417135], [0.012722999811272243, 0.009637286684934632, 0.04633005714415926, 0.0036570236625821906, 0.0026526326970480294], [0.009637286684928517, 0.02418192247294803, 0.024237425090353218, 0.013286342089160233, 0.0036570236625798696], [0.00265263269704803, 0.0036570236625821906, 0.04633005714415927, 0.009637286684934632, 0.01272299981127224], [0.0036570236625798704, 0.013286342089160233, 0.024237425090353218, 0.02418192247294803, 0.009637286684928515]]","[[0.04153423299269965, 0.5605974799588306, 0.05238142223642898, 0.02867298701198395, 0.016813877800156116], [0.00919517171069483, 0.016813877800127386, 0.004268374171104369, 0.01724626434260765, 0.027476311975410925], [0.006396855868849423, 0.05238142223641679, 0.006283773809266327, 0.0056695739143585114, 0.00426837417111067], [0.008360450889577415, 0.04153423299267407, 0.006396855868846972, 0.00951328853818371, 0.009195171710704879], [0.009513288538178701, 0.0286729870119512, 0.005669573914353355, 0.013897886192866185, 0.017246264342617425]]"
config_5x5_d1_p03,2,1,5,5,200,200,0.1,0.7270257524492797,0.8666909994683085,1,5x5_moderate_sparse,3,1330260326,dominant_0.70,0.7,8,0.09999999999999987,0.10000000000000031,-4.440892098500626e-16,1.553604384309166,0.22636199500105944,0.2168098977839714,0.2289313855706101,0.36303415805294925,0.002720047806209208,0.0026526326970480294,0.5440095612418416,0.5305265394096059,0.0,0.0,0.64,0.64,False,moderate_sparse,Moderate sparsity,population_03,25,8.0,8.0,1.0,0.5305265394096059,0.32,0.24,0.64,0.8,14.999999999988542,14.999999999993975,15.000000000000002,15.0,0.7000000000000943,0.7,0.7000000000000677,0.7000000000000001,"[[0.0027200478062142657, 0.006137638622433671, 0.05728462714271425, 0.006137638622433671, 0.0027200478062142657], [0.022086395764785844, 0.002720047806209208, 0.0253871128579526, 0.002720047806209208, 0.022086395764785844], [0.022086395764785844, 0.002720047806209208, 0.0253871128579526, 0.002720047806209208, 0.022086395764785844], [0.0027200478062142657, 0.006137638622433671, 0.05728462714271425, 0.006137638622433671, 0.0027200478062142657], [0.025387112857999806, 0.057284627142714255, 0.5346565199986663, 0.057284627142714255, 0.025387112857999806]]","[[0.04633005714417135, 0.02423742509037492, 0.04633005714417134, 0.02423742509037492, 0.5588650355309751], [0.0036570236625798696, 0.02418192247294803, 0.009637286684928517, 0.013286342089160233, 0.024237425090353218], [0.0026526326970480294, 0.009637286684934632, 0.012722999811272243, 0.0036570236625821906, 0.04633005714415926], [0.009637286684928515, 0.013286342089160233, 0.0036570236625798704, 0.02418192247294803, 0.024237425090353218], [0.01272299981127224, 0.0036570236625821906, 0.00265263269704803, 0.009637286684934632, 0.04633005714415927]]"
config_5x5_d1_p04,2,1,5,5,200,200,0.1,0.999479546084054,0.8666909994683085,1,5x5_moderate_sparse,4,3589651105,dominant_0.70,0.7,8,0.09999999999999964,0.10000000000000009,-4.440892098500626e-16,1.39923257250204,0.20503047027819904,0.21680989778397142,0.052665939651597604,0.10594323316101421,0.004268374171104369,0.0026526326970480294,0.8536748342208738,0.5305265394096059,0.0,0.0,0.64,0.64,False,moderate_sparse,Moderate sparsity,population_04,25,8.0,8.0,1.0,0.5305265394096059,0.08,0.24,0.68,0.8,14.999999999989033,14.999999999993971,15.000000000000002,15.0,0.7000000000000992,0.7000000000000002,0.7000000000000678,0.7000000000000001,"[[0.05238142223641679, 0.00426837417111067, 0.006283773809266327, 0.006396855868849423, 0.0056695739143585114], [0.5605974799588306, 0.016813877800156116, 0.05238142223642898, 0.04153423299269965, 0.02867298701198395], [0.0286729870119512, 0.017246264342617425, 0.005669573914353355, 0.009513288538178701, 0.013897886192866185], [0.04153423299267407, 0.009195171710704879, 0.006396855868846972, 0.008360450889577415, 0.00951328853818371], [0.016813877800127386, 0.027476311975410925, 0.004268374171104369, 0.00919517171069483, 0.01724626434260765]]","[[0.0036570236625798704, 0.024237425090353218, 0.02418192247294803, 0.013286342089160233, 0.009637286684928515], [0.04633005714417134, 0.5588650355309751, 0.02423742509037492, 0.02423742509037492, 0.04633005714417135], [0.012722999811272243, 0.04633005714415926, 0.0036570236625821906, 0.009637286684934632, 0.0026526326970480294], [0.009637286684928517, 0.024237425090353218, 0.013286342089160233, 0.02418192247294803, 0.0036570236625798696], [0.00265263269704803, 0.04633005714415927, 0.009637286684934632, 0.0036570236625821906, 0.01272299981127224]]"
config_5x5_d1_p05,2,1,5,5,200,200,0.1,0.7270257524492797,0.7270257524492797,1,5x5_moderate_sparse,5,3151337105,dominant_0.70,0.7,8,0.10000000000000031,0.09999999999999964,6.661338147750939e-16,1.3661980877517428,0.22636199500105936,0.2263619950010594,0.057604667831455236,0.12291844795852255,0.002720047806209208,0.002720047806209208,0.5440095612418416,0.5440095612418416,0.0,0.0,0.64,0.64,False,moderate_sparse,Moderate sparsity,population_05,25,8.0,8.0,1.0,0.5440095612418416,0.32,0.32,0.64,0.64,14.999999999988539,14.999999999988542,15.000000000000005,15.000000000000002,0.7000000000000942,0.6999999999999998,0.7000000000000942,0.7,"[[0.025387112857999806, 0.5346565199986663, 0.057284627142714255, 0.057284627142714255, 0.025387112857999806], [0.022086395764785844, 0.0253871128579526, 0.002720047806209208, 0.002720047806209208, 0.022086395764785844], [0.022086395764785844, 0.0253871128579526, 0.002720047806209208, 0.002720047806209208, 0.022086395764785844], [0.0027200478062142657, 0.05728462714271425, 0.006137638622433671, 0.006137638622433671, 0.0027200478062142657], [0.0027200478062142657, 0.05728462714271425, 0.006137638622433671, 0.006137638622433671, 0.0027200478062142657]]","[[0.022086395764785844, 0.0253871128579526, 0.022086395764785844, 0.002720047806209208, 0.002720047806209208], [0.0027200478062142657, 0.05728462714271425, 0.0027200478062142657, 0.006137638622433671, 0.006137638622433671], [0.022086395764785844, 0.0253871128579526, 0.022086395764785844, 0.002720047806209208, 0.002720047806209208], [0.0027200478062142657, 0.05728462714271425, 0.0027200478062142657, 0.006137638622433671, 0.006137638622433671], [0.025387112857999806, 0.5346565199986663, 0.025387112857999806, 0.057284627142714255, 0.057284627142714255]]"
config_5x5_d1_p06,2,1,5,5,200,200,0.1,0.999479546084054,0.999479546084054,1,5x5_moderate_sparse,6,3720788573,dominant_0.70,0.7,8,0.10000000000000031,0.09999999999999987,4.440892098500626e-16,1.4499940079033933,0.205030470278199,0.20503047027819907,0.27295658099485487,0.36329928748890183,0.004268374171104369,0.004268374171104369,0.8536748342208738,0.8536748342208738,0.0,0.0,0.64,0.64,False,moderate_sparse,Moderate sparsity,population_06,25,8.0,8.0,1.0,0.8536748342208738,0.08,0.08,0.68,0.68,14.999999999989033,14.999999999989033,15.000000000000002,15.0,0.7000000000000992,0.7000000000000001,0.7000000000000993,0.7,"[[0.04153423299269965, 0.5605974799588306, 0.02867298701198395, 0.016813877800156116, 0.05238142223642898], [0.009513288538178701, 0.0286729870119512, 0.013897886192866185, 0.017246264342617425, 0.005669573914353355], [0.006396855868849423, 0.05238142223641679, 0.0056695739143585114, 0.00426837417111067, 0.006283773809266327], [0.00919517171069483, 0.016813877800127386, 0.01724626434260765, 0.027476311975410925, 0.004268374171104369], [0.008360450889577415, 0.04153423299267407, 0.00951328853818371, 0.009195171710704879, 0.006396855868846972]]","[[0.027476311975410925, 0.004268374171104369, 0.00919517171069483, 0.016813877800127386, 0.01724626434260765], [0.00426837417111067, 0.006283773809266327, 0.006396855868849423, 0.05238142223641679, 0.0056695739143585114], [0.009195171710704879, 0.006396855868846972, 0.008360450889577415, 0.04153423299267407, 0.00951328853818371], [0.017246264342617425, 0.005669573914353355, 0.009513288538178701, 0.0286729870119512, 0.013897886192866185], [0.016813877800156116, 0.05238142223642898, 0.04153423299269965, 0.5605974799588306, 0.02867298701198395]]"
config_5x5_d1_p07,2,1,5,5,200,200,0.1,0.8666909994683085,0.7270257524492797,1,5x5_moderate_sparse,7,2548506548,dominant_0.70,0.7,8,0.10000000000000009,0.10000000000000009,0.0,0.24939872793714427,0.21680989778397142,0.22636199500105947,0.07831618565451004,0.17478889770994155,0.0026526326970480294,0.002720047806209208,0.5305265394096059,0.5440095612418416,0.0,0.0,0.64,0.64,False,moderate_sparse,Moderate sparsity,population_07,25,8.0,8.0,1.0,0.5305265394096059,0.24,0.32,0.8,0.64,14.999999999993975,14.999999999988539,15.0,15.000000000000005,0.7000000000000677,0.7000000000000001,0.7000000000000943,0.7,"[[0.00265263269704803, 0.01272299981127224, 0.009637286684934632, 0.0036570236625821906, 0.04633005714415927], [0.009637286684928517, 0.0036570236625798696, 0.013286342089160233, 0.02418192247294803, 0.024237425090353218], [0.012722999811272243, 0.0026526326970480294, 0.0036570236625821906, 0.009637286684934632, 0.04633005714415926], [0.04633005714417134, 0.04633005714417135, 0.02423742509037492, 0.02423742509037492, 0.5588650355309751], [0.0036570236625798704, 0.009637286684928515, 0.02418192247294803, 0.013286342089160233, 0.024237425090353218]]","[[0.002720047806209208, 0.022086395764785844, 0.022086395764785844, 0.002720047806209208, 0.0253871128579526], [0.006137638622433671, 0.0027200478062142657, 0.0027200478062142657, 0.006137638622433671, 0.05728462714271425], [0.006137638622433671, 0.0027200478062142657, 0.0027200478062142657, 0.006137638622433671, 0.05728462714271425], [0.057284627142714255, 0.025387112857999806, 0.025387112857999806, 0.057284627142714255, 0.5346565199986663], [0.002720047806209208, 0.022086395764785844, 0.022086395764785844, 0.002720047806209208, 0.0253871128579526]]"
config_5x5_d1_p08,2,1,5,5,200,200,0.1,0.7270257524492797,0.8666909994683085,1,5x5_moderate_sparse,8,1893589288,dominant_0.70,0.7,8,0.09999999999999964,0.10000000000000031,-6.661338147750939e-16,1.4355805147296405,0.2263619950010594,0.2168098977839714,0.054887009422271094,0.1171390060097522,0.002720047806209208,0.0026526326970480294,0.5440095612418416,0.5305265394096059,0.0,0.0,0.64,0.64,False,moderate_sparse,Moderate sparsity,population_08,25,8.0,8.0,1.0,0.5305265394096059,0.32,0.24,0.64,0.8,14.999999999988539,14.999999999993971,15.000000000000002,15.0,0.7000000000000942,0.7,0.7000000000000677,0.7000000000000001,"[[0.0253871128579526, 0.022086395764785844, 0.002720047806209208, 0.002720047806209208, 0.022086395764785844], [0.0253871128579526, 0.022086395764785844, 0.002720047806209208, 0.002720047806209208, 0.022086395764785844], [0.05728462714271425, 0.0027200478062142657, 0.006137638622433671, 0.006137638622433671, 0.0027200478062142657], [0.05728462714271425, 0.0027200478062142657, 0.006137638622433671, 0.006137638622433671, 0.0027200478062142657], [0.5346565199986663, 0.025387112857999806, 0.057284627142714255, 0.057284627142714255, 0.025387112857999806]]","[[0.009637286684934632, 0.0026526326970480294, 0.0036570236625821906, 0.04633005714415926, 0.012722999811272243], [0.013286342089160233, 0.009637286684928515, 0.02418192247294803, 0.024237425090353218, 0.0036570236625798704], [0.0036570236625821906, 0.01272299981127224, 0.009637286684934632, 0.04633005714415927, 0.00265263269704803], [0.02418192247294803, 0.0036570236625798696, 0.013286342089160233, 0.024237425090353218, 0.009637286684928517], [0.02423742509037492, 0.04633005714417135, 0.02423742509037492, 0.5588650355309751, 0.04633005714417134]]"
config_5x5_d1_p09,2,1,5,5,200,200,0.1,0.7270257524492797,0.999479546084054,1,5x5_moderate_sparse,9,3854732435,dominant_0.70,0.7,8,0.10000000000000009,0.10000000000000009,0.0,1.5022330761222518,0.22636199500105947,0.20503047027819898,0.2520918361383526,0.40106676990264617,0.002720047806209208,0.004268374171104369,0.5440095612418416,0.8536748342208738,0.0,0.0,0.64,0.64,False,moderate_sparse,Moderate sparsity,population_09,25,8.0,8.0,1.0,0.5440095612418416,0.32,0.08,0.64,0.68,14.999999999988542,14.999999999989033,15.000000000000005,15.0,0.7000000000000943,0.6999999999999998,0.7000000000000992,0.7000000000000001,"[[0.025387112857999806, 0.057284627142714255, 0.5346565199986663, 0.057284627142714255, 0.025387112857999806], [0.022086395764785844, 0.002720047806209208, 0.0253871128579526, 0.002720047806209208, 0.022086395764785844], [0.0027200478062142657, 0.006137638622433671, 0.05728462714271425, 0.006137638622433671, 0.0027200478062142657], [0.022086395764785844, 0.002720047806209208, 0.0253871128579526, 0.002720047806209208, 0.022086395764785844], [0.0027200478062142657, 0.006137638622433671, 0.05728462714271425, 0.006137638622433671, 0.0027200478062142657]]","[[0.009195171710704879, 0.006396855868846972, 0.00951328853818371, 0.008360450889577415, 0.04153423299267407], [0.027476311975410925, 0.004268374171104369, 0.01724626434260765, 0.00919517171069483, 0.016813877800127386], [0.016813877800156116, 0.05238142223642898, 0.02867298701198395, 0.04153423299269965, 0.5605974799588306], [0.017246264342617425, 0.005669573914353355, 0.013897886192866185, 0.009513288538178701, 0.0286729870119512], [0.00426837417111067, 0.006283773809266327, 0.0056695739143585114, 0.006396855868849423, 0.05238142223641679]]"
config_5x5_d2_p00,2,2,5,5,75,75,0.1,1.7800704472315931,1.5069325074040119,1,5x5_ultra_sparse,0,2868527624,dominant_0.90,0.9,3,0.09999999999999998,0.09999999999999987,1.1102230246251565e-16,1.7859971860477943,0.2729270937458108,0.29875387590708025,0.048172754746449165,0.1227432301884795,0.00044941342053453603,0.00021903272227582273,0.033706006540090205,0.016427454170686705,0.64,0.64,0.96,0.96,False,ultra_sparse,Ultra-sparsity,population_00,25,3.0,3.0,1.0,0.016427454170686705,0.8,0.8,0.96,0.96,1.8749999999974571,1.8749999999969271,1.8749999999999996,1.874999999999999,0.9000000000000606,0.9000000000000001,0.9000000000000916,0.8999999999999999,"[[0.0010658903223948611, 0.0020443833358219934, 0.0026827900709598443, 0.0020991005228566118, 0.017107835747960255], [0.021721141516452974, 0.017107835747977584, 0.009218962400285458, 0.0029620419426036088, 0.848990018392741], [0.00044941342053453603, 0.0020991005228494187, 0.006708029767942575, 0.012781414346049106, 0.002962041942590458], [0.0008963305192594809, 0.0026827900709553176, 0.00549388724155043, 0.0067080297679542435, 0.009218962400260565], [0.0008672242213581469, 0.0010658903223956888, 0.0008963305192616892, 0.000449413420536425, 0.021721141516447835]]","[[0.0022098018241070894, 0.003345219700616681, 0.00040987668907649225, 0.00021903272227582278, 0.018816069063919034], [0.011714212088572252, 0.002209801824098462, 0.004135209779459737, 0.00040987668907489213, 0.006530899618753685], [0.006530899618784419, 0.018816069063934127, 0.006530899618784419, 0.01881606906393413, 0.8493060626346545], [0.004135209779459737, 0.00040987668907489213, 0.011714212088572252, 0.002209801824098462, 0.006530899618753685], [0.00040987668907649215, 0.00021903272227582273, 0.002209801824107089, 0.00334521970061668, 0.018816069063919038]]"
config_5x5_d2_p01,2,2,5,5,75,75,0.1,1.5069325074040119,1.321025534640482,1,5x5_ultra_sparse,1,3838636845,dominant_0.90,0.9,3,0.0999999999999997,0.09999999999999953,1.6653345369377348e-16,1.8779518183880977,0.2987538759070803,0.30044587503892284,0.541528198513188,0.37326340922808143,0.00021903272227582273,0.0001739355605216066,0.016427454170686705,0.013045167039120495,0.64,0.64,0.96,0.96,False,ultra_sparse,Ultra-sparsity,population_01,25,3.0,3.0,1.0,0.013045167039120495,0.8,0.8,0.96,0.96,1.8749999999969271,1.874999999996621,1.8749999999999984,1.8749999999999993,0.9000000000000916,0.8999999999999999,0.9000000000000855,0.9000000000000001,"[[0.00021903272227582278, 0.018816069063919034, 0.0022098018241070894, 0.00040987668907649225, 0.003345219700616681], [0.01881606906393413, 0.8493060626346545, 0.006530899618784419, 0.006530899618784419, 0.018816069063934127], [0.002209801824098462, 0.006530899618753685, 0.004135209779459737, 0.011714212088572252, 0.00040987668907489213], [0.00040987668907489213, 0.006530899618753685, 0.011714212088572252, 0.004135209779459737, 0.002209801824098462], [0.00334521970061668, 0.018816069063919038, 0.00040987668907649215, 0.002209801824107089, 0.00021903272227582273]]","[[0.02335464841164327, 0.00017393556052279198, 0.00017393556052279198, 0.0006487402336567573, 0.0006487402336567573], [0.006261680178777839, 0.009195224350066948, 0.009195224350066948, 0.0001739355605216066, 0.0001739355605216066], [0.006261680178777839, 0.009195224350066948, 0.009195224350066948, 0.0001739355605216066, 0.0001739355605216066], [0.8407673428191579, 0.006261680178820513, 0.006261680178820513, 0.02335464841164327, 0.02335464841164327], [0.02335464841164327, 0.00017393556052279198, 0.00017393556052279198, 0.0006487402336567573, 0.0006487402336567573]]"
config_5x5_d2_p02,2,2,5,5,75,75,0.1,1.7800704472315931,1.5069325074040119,1,5x5_ultra_sparse,2,3109754100,dominant_0.90,0.9,3,0.10000000000000037,0.09999999999999976,6.106226635438361e-16,1.814666587391619,0.2729270937458108,0.2987538759070803,0.06668024188035537,0.17525491076174463,0.00044941342053453603,0.00021903272227582273,0.033706006540090205,0.016427454170686705,0.64,0.64,0.96,0.96,False,ultra_sparse,Ultra-sparsity,population_02,25,3.0,3.0,1.0,0.016427454170686705,0.8,0.8,0.96,0.96,1.874999999997457,1.8749999999969271,1.8749999999999996,1.8749999999999984,0.9000000000000606,0.9000000000000001,0.9000000000000915,0.8999999999999999,"[[0.0010658903223956888, 0.000449413420536425, 0.0008672242213581469, 0.021721141516447835, 0.0008963305192616892], [0.017107835747977584, 0.0029620419426036088, 0.021721141516452974, 0.848990018392741, 0.009218962400285458], [0.0026827900709553176, 0.0067080297679542435, 0.0008963305192594809, 0.009218962400260565, 0.00549388724155043], [0.0020991005228494187, 0.012781414346049106, 0.00044941342053453603, 0.002962041942590458, 0.006708029767942575], [0.0020443833358219934, 0.0020991005228566118, 0.0010658903223948611, 0.017107835747960255, 0.0026827900709598443]]","[[0.002209801824098462, 0.00040987668907489213, 0.006530899618753685, 0.011714212088572252, 0.004135209779459737], [0.018816069063934127, 0.01881606906393413, 0.8493060626346545, 0.006530899618784419, 0.006530899618784419], [0.00021903272227582273, 0.00334521970061668, 0.018816069063919038, 0.00040987668907649215, 0.002209801824107089], [0.003345219700616681, 0.00021903272227582278, 0.018816069063919034, 0.0022098018241070894, 0.00040987668907649225], [0.00040987668907489213, 0.002209801824098462, 0.006530899618753685, 0.004135209779459737, 0.011714212088572252]]"
config_5x5_d2_p03,2,2,5,5,75,75,0.1,1.321025534640482,1.321025534640482,1,5x5_ultra_sparse,3,80600985,dominant_0.90,0.9,3,0.09999999999999964,0.09999999999999976,-1.1102230246251565e-16,1.9036672818306832,0.30044587503892284,0.3004458750389228,0.5078520554036503,0.4892195526187452,0.0001739355605216066,0.0001739355605216066,0.013045167039120495,0.013045167039120495,0.64,0.64,0.96,0.96,False,ultra_sparse,Ultra-sparsity,population_03,25,3.0,3.0,1.0,0.013045167039120495,0.8,0.8,0.96,0.96,1.8749999999966207,1.874999999996621,1.8749999999999993,1.8749999999999993,0.9000000000000855,0.9000000000000001,0.9000000000000855,0.9000000000000001,"[[0.009195224350066948, 0.006261680178777839, 0.0001739355605216066, 0.009195224350066948, 0.0001739355605216066], [0.00017393556052279198, 0.02335464841164327, 0.0006487402336567573, 0.00017393556052279198, 0.0006487402336567573], [0.009195224350066948, 0.006261680178777839, 0.0001739355605216066, 0.009195224350066948, 0.0001739355605216066], [0.006261680178820513, 0.8407673428191579, 0.02335464841164327, 0.006261680178820513, 0.02335464841164327], [0.00017393556052279198, 0.02335464841164327, 0.0006487402336567573, 0.00017393556052279198, 0.0006487402336567573]]","[[0.006261680178777839, 0.0001739355605216066, 0.009195224350066948, 0.0001739355605216066, 0.009195224350066948], [0.02335464841164327, 0.0006487402336567573, 0.00017393556052279198, 0.0006487402336567573, 0.00017393556052279198], [0.006261680178777839, 0.0001739355605216066, 0.009195224350066948, 0.0001739355605216066, 0.009195224350066948], [0.02335464841164327, 0.0006487402336567573, 0.00017393556052279198, 0.0006487402336567573, 0.00017393556052279198], [0.8407673428191579, 0.02335464841164327, 0.006261680178820513, 0.02335464841164327, 0.006261680178820513]]"
config_5x5_d2_p04,2,2,5,5,75,75,0.1,1.321025534640482,1.7800704472315931,1,5x5_ultra_sparse,4,1291323496,dominant_0.90,0.9,3,0.10000000000000009,0.1000000000000002,-1.1102230246251565e-16,1.8690898203680861,0.30044587503892267,0.2729270937458108,0.5299424695693608,0.44030738697822636,0.0001739355605216066,0.00044941342053453603,0.013045167039120495,0.033706006540090205,0.64,0.64,0.96,0.96,False,ultra_sparse,Ultra-sparsity,population_04,25,3.0,3.0,1.0,0.013045167039120495,0.8,0.8,0.96,0.96,1.8749999999966207,1.874999999997457,1.8749999999999993,1.8749999999999996,0.9000000000000854,0.9,0.9000000000000606,0.9000000000000001,"[[0.0001739355605216066, 0.009195224350066948, 0.009195224350066948, 0.0001739355605216066, 0.006261680178777839], [0.02335464841164327, 0.006261680178820513, 0.006261680178820513, 0.02335464841164327, 0.8407673428191579], [0.0006487402336567573, 0.00017393556052279198, 0.00017393556052279198, 0.0006487402336567573, 0.02335464841164327], [0.0001739355605216066, 0.009195224350066948, 0.009195224350066948, 0.0001739355605216066, 0.006261680178777839], [0.0006487402336567573, 0.00017393556052279198, 0.00017393556052279198, 0.0006487402336567573, 0.02335464841164327]]","[[0.017107835747977584, 0.0029620419426036088, 0.021721141516452974, 0.848990018392741, 0.009218962400285458], [0.0010658903223956888, 0.000449413420536425, 0.0008672242213581469, 0.021721141516447835, 0.0008963305192616892], [0.0026827900709553176, 0.0067080297679542435, 0.0008963305192594809, 0.009218962400260565, 0.00549388724155043], [0.0020443833358219934, 0.0020991005228566118, 0.0010658903223948611, 0.017107835747960255, 0.0026827900709598443], [0.0020991005228494187, 0.012781414346049106, 0.00044941342053453603, 0.002962041942590458, 0.006708029767942575]]"
config_5x5_d2_p05,2,2,5,5,75,75,0.1,1.7800704472315931,1.321025534640482,1,5x5_ultra_sparse,5,3236149274,dominant_0.90,0.9,3,0.09999999999999998,0.09999999999999987,1.1102230246251565e-16,1.853322537470888,0.2729270937458108,0.3004458750389227,0.07292294048028203,0.19520772049536572,0.00044941342053453603,0.0001739355605216066,0.033706006540090205,0.013045167039120495,0.64,0.64,0.96,0.96,False,ultra_sparse,Ultra-sparsity,population_05,25,3.0,3.0,1.0,0.013045167039120495,0.8,0.8,0.96,0.96,1.8749999999974571,1.874999999996621,1.8749999999999996,1.8749999999999993,0.9000000000000606,0.9000000000000001,0.9000000000000855,0.9000000000000001,"[[0.000449413420536425, 0.0008963305192616892, 0.021721141516447835, 0.0008672242213581469, 0.0010658903223956888], [0.0029620419426036088, 0.009218962400285458, 0.848990018392741, 0.021721141516452974, 0.017107835747977584], [0.012781414346049106, 0.006708029767942575, 0.002962041942590458, 0.00044941342053453603, 0.0020991005228494187], [0.0067080297679542435, 0.00549388724155043, 0.009218962400260565, 0.0008963305192594809, 0.0026827900709553176], [0.0020991005228566118, 0.0026827900709598443, 0.017107835747960255, 0.0010658903223948611, 0.0020443833358219934]]","[[0.0001739355605216066, 0.0001739355605216066, 0.006261680178777839, 0.009195224350066948, 0.009195224350066948], [0.0006487402336567573, 0.0006487402336567573, 0.02335464841164327, 0.00017393556052279198, 0.00017393556052279198], [0.0006487402336567573, 0.0006487402336567573, 0.02335464841164327, 0.00017393556052279198, 0.00017393556052279198], [0.0001739355605216066, 0.0001739355605216066, 0.006261680178777839, 0.009195224350066948, 0.009195224350066948], [0.02335464841164327, 0.02335464841164327, 0.8407673428191579, 0.006261680178820513, 0.006261680178820513]]"
config_5x5_d2_p06,2,2,5,5,75,75,0.1,1.321025534640482,1.5069325074040119,1,5x5_ultra_sparse,6,651909045,dominant_0.90,0.9,3,0.09999999999999953,0.09999999999999981,-2.7755575615628914e-16,1.8063962857274478,0.3004458750389228,0.29875387590708025,0.06884265723315941,0.19647448570072534,0.0001739355605216066,0.00021903272227582273,0.013045167039120495,0.016427454170686705,0.64,0.64,0.96,0.96,False,ultra_sparse,Ultra-sparsity,population_06,25,3.0,3.0,1.0,0.013045167039120495,0.8,0.8,0.96,0.96,1.874999999996621,1.8749999999969271,1.8749999999999993,1.874999999999999,0.9000000000000855,0.9000000000000001,0.9000000000000915,0.8999999999999999,"[[0.0001739355605216066, 0.006261680178777839, 0.009195224350066948, 0.0001739355605216066, 0.009195224350066948], [0.0001739355605216066, 0.006261680178777839, 0.009195224350066948, 0.0001739355605216066, 0.009195224350066948], [0.0006487402336567573, 0.02335464841164327, 0.00017393556052279198, 0.0006487402336567573, 0.00017393556052279198], [0.0006487402336567573, 0.02335464841164327, 0.00017393556052279198, 0.0006487402336567573, 0.00017393556052279198], [0.02335464841164327, 0.8407673428191579, 0.006261680178820513, 0.02335464841164327, 0.006261680178820513]]","[[0.018816069063919038, 0.002209801824107089, 0.00040987668907649215, 0.00021903272227582273, 0.00334521970061668], [0.006530899618753685, 0.004135209779459737, 0.011714212088572252, 0.002209801824098462, 0.00040987668907489213], [0.018816069063919034, 0.00040987668907649225, 0.0022098018241070894, 0.003345219700616681, 0.00021903272227582278], [0.006530899618753685, 0.011714212088572252, 0.004135209779459737, 0.00040987668907489213, 0.002209801824098462], [0.8493060626346545, 0.006530899618784419, 0.006530899618784419, 0.018816069063934127, 0.01881606906393413]]"
config_5x5_d2_p07,2,2,5,5,75,75,0.1,1.7800704472315931,1.7800704472315931,1,5x5_ultra_sparse,7,4279710258,dominant_0.90,0.9,3,0.10000000000000037,0.1000000000000002,1.6653345369377348e-16,1.8420536107375716,0.2729270937458108,0.27292709374581087,0.039077130539627025,0.11134618258524813,0.00044941342053453603,0.00044941342053453603,0.033706006540090205,0.033706006540090205,0.64,0.64,0.96,0.96,False,ultra_sparse,Ultra-sparsity,population_07,25,3.0,3.0,1.0,0.033706006540090205,0.8,0.8,0.96,0.96,1.8749999999974571,1.874999999997457,1.8749999999999996,1.8749999999999996,0.9000000000000606,0.9000000000000001,0.9000000000000606,0.9000000000000001,"[[0.012781414346049106, 0.00044941342053453603, 0.002962041942590458, 0.006708029767942575, 0.0020991005228494187], [0.0020991005228566118, 0.0010658903223948611, 0.017107835747960255, 0.0026827900709598443, 0.0020443833358219934], [0.0067080297679542435, 0.0008963305192594809, 0.009218962400260565, 0.00549388724155043, 0.0026827900709553176], [0.0029620419426036088, 0.021721141516452974, 0.848990018392741, 0.009218962400285458, 0.017107835747977584], [0.000449413420536425, 0.0008672242213581469, 0.021721141516447835, 0.0008963305192616892, 0.0010658903223956888]]","[[0.002962041942590458, 0.0020991005228494187, 0.006708029767942575, 0.00044941342053453603, 0.012781414346049106], [0.009218962400260565, 0.0026827900709553176, 0.00549388724155043, 0.0008963305192594809, 0.0067080297679542435], [0.017107835747960255, 0.0020443833358219934, 0.0026827900709598443, 0.0010658903223948611, 0.0020991005228566118], [0.848990018392741, 0.017107835747977584, 0.009218962400285458, 0.021721141516452974, 0.0029620419426036088], [0.021721141516447835, 0.0010658903223956888, 0.0008963305192616892, 0.0008672242213581469, 0.000449413420536425]]"
config_5x5_d2_p08,2,2,5,5,75,75,0.1,1.7800704472315931,1.5069325074040119,1,5x5_ultra_sparse,8,2716372320,dominant_0.90,0.9,3,0.1000000000000002,0.09999999999999976,4.440892098500626e-16,1.8023969778140891,0.2729270937458108,0.2987538759070803,0.08704687610277106,0.23480196080554253,0.00044941342053453603,0.00021903272227582273,0.033706006540090205,0.016427454170686705,0.64,0.64,0.96,0.96,False,ultra_sparse,Ultra-sparsity,population_08,25,3.0,3.0,1.0,0.016427454170686705,0.8,0.8,0.96,0.96,1.874999999997457,1.8749999999969271,1.8749999999999996,1.874999999999999,0.9000000000000606,0.9000000000000001,0.9000000000000915,0.8999999999999999,"[[0.021721141516447835, 0.0010658903223956888, 0.0008963305192616892, 0.0008672242213581469, 0.000449413420536425], [0.002962041942590458, 0.0020991005228494187, 0.006708029767942575, 0.00044941342053453603, 0.012781414346049106], [0.017107835747960255, 0.0020443833358219934, 0.0026827900709598443, 0.0010658903223948611, 0.0020991005228566118], [0.009218962400260565, 0.0026827900709553176, 0.00549388724155043, 0.0008963305192594809, 0.0067080297679542435], [0.848990018392741, 0.017107835747977584, 0.009218962400285458, 0.021721141516452974, 0.0029620419426036088]]","[[0.002209801824098462, 0.00040987668907489213, 0.004135209779459737, 0.006530899618753685, 0.011714212088572252], [0.00040987668907489213, 0.002209801824098462, 0.011714212088572252, 0.006530899618753685, 0.004135209779459737], [0.00021903272227582278, 0.003345219700616681, 0.0022098018241070894, 0.018816069063919034, 0.00040987668907649225], [0.00334521970061668, 0.00021903272227582273, 0.00040987668907649215, 0.018816069063919038, 0.002209801824107089], [0.01881606906393413, 0.018816069063934127, 0.006530899618784419, 0.8493060626346545, 0.006530899618784419]]"
config_5x5_d2_p09,2,2,5,5,75,75,0.1,1.7800704472315931,1.5069325074040119,1,5x5_ultra_sparse,9,4263458883,dominant_0.90,0.9,3,0.10000000000000003,0.09999999999999981,2.220446049250313e-16,1.8480248325158357,0.2729270937458108,0.2987538759070803,0.5411975197005452,0.4500789048653523,0.00044941342053453603,0.00021903272227582273,0.033706006540090205,0.016427454170686705,0.64,0.64,0.96,0.96,False,ultra_sparse,Ultra-sparsity,population_09,25,3.0,3.0,1.0,0.016427454170686705,0.8,0.8,0.96,0.96,1.8749999999974571,1.8749999999969271,1.8749999999999996,1.8749999999999984,0.9000000000000606,0.9000000000000001,0.9000000000000916,0.8999999999999998,"[[0.00044941342053453603, 0.0020991005228494187, 0.012781414346049106, 0.002962041942590458, 0.006708029767942575], [0.0008963305192594809, 0.0026827900709553176, 0.0067080297679542435, 0.009218962400260565, 0.00549388724155043], [0.0008672242213581469, 0.0010658903223956888, 0.000449413420536425, 0.021721141516447835, 0.0008963305192616892], [0.0010658903223948611, 0.0020443833358219934, 0.0020991005228566118, 0.017107835747960255, 0.0026827900709598443], [0.021721141516452974, 0.017107835747977584, 0.0029620419426036088, 0.848990018392741, 0.009218962400285458]]","[[0.0022098018241070894, 0.00021903272227582278, 0.00040987668907649225, 0.003345219700616681, 0.018816069063919034], [0.00040987668907649215, 0.00334521970061668, 0.002209801824107089, 0.00021903272227582273, 0.018816069063919038], [0.006530899618784419, 0.01881606906393413, 0.006530899618784419, 0.018816069063934127, 0.8493060626346545], [0.004135209779459737, 0.002209801824098462, 0.011714212088572252, 0.00040987668907489213, 0.006530899618753685], [0.011714212088572252, 0.00040987668907489213, 0.004135209779459737, 0.002209801824098462, 0.006530899618753685]]"
config_5x5_d3_p00,2,3,5,5,75,375,0.1,1.5069325074040119,1.321025534640482,1,5x5_ultra_imbalanced,0,1197440882,dominant_0.90,0.9,3,0.09999999999999976,0.10000000000000003,-2.7755575615628914e-16,1.8677709173841093,0.2987538759070803,0.30044587503892267,0.35157619273346874,0.5566139796985548,0.00021903272227582273,0.0001739355605216066,0.016427454170686705,0.06522583519560247,0.64,0.64,0.96,0.64,False,ultra_imbalanced,Ultra-sparsity with imbalance,population_00,25,3.0,15.0,5.0,0.016427454170686705,0.8,0.48,0.96,0.8,1.8749999999969267,9.374999999983103,1.874999999999999,9.374999999999996,0.9000000000000915,0.8999999999999999,0.9000000000000854,0.9000000000000001,"[[0.018816069063919038, 0.00040987668907649215, 0.00334521970061668, 0.00021903272227582273, 0.002209801824107089], [0.006530899618753685, 0.011714212088572252, 0.00040987668907489213, 0.002209801824098462, 0.004135209779459737], [0.018816069063919034, 0.0022098018241070894, 0.00021903272227582278, 0.003345219700616681, 0.00040987668907649225], [0.8493060626346545, 0.006530899618784419, 0.01881606906393413, 0.018816069063934127, 0.006530899618784419], [0.006530899618753685, 0.004135209779459737, 0.002209801824098462, 0.00040987668907489213, 0.011714212088572252]]","[[0.0006487402336567573, 0.00017393556052279198, 0.00017393556052279198, 0.02335464841164327, 0.0006487402336567573], [0.0001739355605216066, 0.009195224350066948, 0.009195224350066948, 0.006261680178777839, 0.0001739355605216066], [0.0006487402336567573, 0.00017393556052279198, 0.00017393556052279198, 0.02335464841164327, 0.0006487402336567573], [0.0001739355605216066, 0.009195224350066948, 0.009195224350066948, 0.006261680178777839, 0.0001739355605216066], [0.02335464841164327, 0.006261680178820513, 0.006261680178820513, 0.8407673428191579, 0.02335464841164327]]"
config_5x5_d3_p01,2,3,5,5,75,375,0.1,1.7800704472315931,1.321025534640482,1,5x5_ultra_imbalanced,1,1990238438,dominant_0.90,0.9,3,0.10000000000000026,0.10000000000000009,1.6653345369377348e-16,1.818329574660692,0.27292709374581076,0.3004458750389227,0.08277720635531921,0.2456151080762037,0.00044941342053453603,0.0001739355605216066,0.033706006540090205,0.06522583519560247,0.64,0.64,0.96,0.64,False,ultra_imbalanced,Ultra-sparsity with imbalance,population_01,25,3.0,15.0,5.0,0.033706006540090205,0.8,0.48,0.96,0.8,1.8749999999974571,9.374999999983105,1.8749999999999996,9.374999999999998,0.9000000000000606,0.9000000000000001,0.9000000000000855,0.9,"[[0.017107835747960255, 0.0020991005228566118, 0.0010658903223948611, 0.0020443833358219934, 0.0026827900709598443], [0.002962041942590458, 0.012781414346049106, 0.00044941342053453603, 0.0020991005228494187, 0.006708029767942575], [0.848990018392741, 0.0029620419426036088, 0.021721141516452974, 0.017107835747977584, 0.009218962400285458], [0.021721141516447835, 0.000449413420536425, 0.0008672242213581469, 0.0010658903223956888, 0.0008963305192616892], [0.009218962400260565, 0.0067080297679542435, 0.0008963305192594809, 0.0026827900709553176, 0.00549388724155043]]","[[0.006261680178777839, 0.009195224350066948, 0.009195224350066948, 0.0001739355605216066, 0.0001739355605216066], [0.8407673428191579, 0.006261680178820513, 0.006261680178820513, 0.02335464841164327, 0.02335464841164327], [0.02335464841164327, 0.00017393556052279198, 0.00017393556052279198, 0.0006487402336567573, 0.0006487402336567573], [0.02335464841164327, 0.00017393556052279198, 0.00017393556052279198, 0.0006487402336567573, 0.0006487402336567573], [0.006261680178777839, 0.009195224350066948, 0.009195224350066948, 0.0001739355605216066, 0.0001739355605216066]]"
config_5x5_d3_p02,2,3,5,5,75,375,0.1,1.5069325074040119,1.5069325074040119,1,5x5_ultra_imbalanced,2,2162712668,dominant_0.90,0.9,3,0.09999999999999976,0.09999999999999998,-2.220446049250313e-16,1.8581732825802786,0.29875387590708025,0.2987538759070802,0.3564363840162472,0.639330128654899,0.00021903272227582273,0.00021903272227582273,0.016427454170686705,0.08213727085343352,0.64,0.64,0.96,0.64,False,ultra_imbalanced,Ultra-sparsity with imbalance,population_02,25,3.0,15.0,5.0,0.016427454170686705,0.8,0.4,0.96,0.8,1.8749999999969267,9.374999999984635,1.8749999999999984,9.374999999999995,0.9000000000000915,0.8999999999999999,0.9000000000000915,0.8999999999999999,"[[0.018816069063919034, 0.0022098018241070894, 0.00021903272227582278, 0.003345219700616681, 0.00040987668907649225], [0.8493060626346545, 0.006530899618784419, 0.01881606906393413, 0.018816069063934127, 0.006530899618784419], [0.006530899618753685, 0.004135209779459737, 0.002209801824098462, 0.00040987668907489213, 0.011714212088572252], [0.006530899618753685, 0.011714212088572252, 0.00040987668907489213, 0.002209801824098462, 0.004135209779459737], [0.018816069063919038, 0.00040987668907649215, 0.00334521970061668, 0.00021903272227582273, 0.002209801824107089]]","[[0.002209801824098462, 0.004135209779459737, 0.00040987668907489213, 0.006530899618753685, 0.011714212088572252], [0.00021903272227582278, 0.0022098018241070894, 0.003345219700616681, 0.018816069063919034, 0.00040987668907649225], [0.00040987668907489213, 0.011714212088572252, 0.002209801824098462, 0.006530899618753685, 0.004135209779459737], [0.01881606906393413, 0.006530899618784419, 0.018816069063934127, 0.8493060626346545, 0.006530899618784419], [0.00334521970061668, 0.00040987668907649215, 0.00021903272227582273, 0.018816069063919038, 0.002209801824107089]]"
config_5x5_d3_p03,2,3,5,5,75,375,0.1,1.5069325074040119,1.5069325074040119,1,5x5_ultra_imbalanced,3,2729760916,dominant_0.90,0.9,3,0.0999999999999997,0.09999999999999981,-1.1102230246251565e-16,1.8404810071369182,0.2987538759070803,0.2987538759070803,0.3665241596110256,0.5745404735250779,0.00021903272227582273,0.00021903272227582273,0.016427454170686705,0.08213727085343352,0.64,0.64,0.96,0.64,False,ultra_imbalanced,Ultra-sparsity with imbalance,population_03,25,3.0,15.0,5.0,0.016427454170686705,0.8,0.4,0.96,0.8,1.8749999999969271,9.374999999984635,1.8749999999999984,9.374999999999993,0.9000000000000916,0.8999999999999999,0.9000000000000916,0.8999999999999999,"[[0.018816069063934127, 0.006530899618784419, 0.006530899618784419, 0.01881606906393413, 0.8493060626346545], [0.002209801824098462, 0.004135209779459737, 0.011714212088572252, 0.00040987668907489213, 0.006530899618753685], [0.003345219700616681, 0.00040987668907649225, 0.0022098018241070894, 0.00021903272227582278, 0.018816069063919034], [0.00021903272227582273, 0.002209801824107089, 0.00040987668907649215, 0.00334521970061668, 0.018816069063919038], [0.00040987668907489213, 0.011714212088572252, 0.004135209779459737, 0.002209801824098462, 0.006530899618753685]]","[[0.006530899618753685, 0.004135209779459737, 0.00040987668907489213, 0.011714212088572252, 0.002209801824098462], [0.8493060626346545, 0.006530899618784419, 0.01881606906393413, 0.006530899618784419, 0.018816069063934127], [0.018816069063919038, 0.002209801824107089, 0.00334521970061668, 0.00040987668907649215, 0.00021903272227582273], [0.018816069063919034, 0.00040987668907649225, 0.00021903272227582278, 0.0022098018241070894, 0.003345219700616681], [0.006530899618753685, 0.011714212088572252, 0.002209801824098462, 0.004135209779459737, 0.00040987668907489213]]"
config_5x5_d3_p04,2,3,5,5,75,375,0.1,1.321025534640482,1.7800704472315931,1,5x5_ultra_imbalanced,4,3299715662,dominant_0.90,0.9,3,0.1000000000000002,0.10000000000000031,-1.1102230246251565e-16,1.8591387196146472,0.3004458750389228,0.27292709374581087,0.07744005888908023,0.2197841320136808,0.0001739355605216066,0.00044941342053453603,0.013045167039120495,0.168530032700451,0.64,0.64,0.96,0.64,False,ultra_imbalanced,Ultra-sparsity with imbalance,population_04,25,3.0,15.0,5.0,0.013045167039120495,0.8,0.4,0.96,0.8,1.8749999999966207,9.374999999987285,1.8749999999999993,9.374999999999998,0.9000000000000854,0.9000000000000001,0.9000000000000606,0.9000000000000001,"[[0.00017393556052279198, 0.0006487402336567573, 0.00017393556052279198, 0.0006487402336567573, 0.02335464841164327], [0.009195224350066948, 0.0001739355605216066, 0.009195224350066948, 0.0001739355605216066, 0.006261680178777839], [0.009195224350066948, 0.0001739355605216066, 0.009195224350066948, 0.0001739355605216066, 0.006261680178777839], [0.006261680178820513, 0.02335464841164327, 0.006261680178820513, 0.02335464841164327, 0.8407673428191579], [0.00017393556052279198, 0.0006487402336567573, 0.00017393556052279198, 0.0006487402336567573, 0.02335464841164327]]","[[0.0020443833358219934, 0.0020991005228566118, 0.017107835747960255, 0.0026827900709598443, 0.0010658903223948611], [0.0026827900709553176, 0.0067080297679542435, 0.009218962400260565, 0.00549388724155043, 0.0008963305192594809], [0.0020991005228494187, 0.012781414346049106, 0.002962041942590458, 0.006708029767942575, 0.00044941342053453603], [0.017107835747977584, 0.0029620419426036088, 0.848990018392741, 0.009218962400285458, 0.021721141516452974], [0.0010658903223956888, 0.000449413420536425, 0.021721141516447835, 0.0008963305192616892, 0.0008672242213581469]]"
config_5x5_d3_p05,2,3,5,5,75,375,0.1,1.321025534640482,1.321025534640482,1,5x5_ultra_imbalanced,5,3215020849,dominant_0.90,0.9,3,0.09999999999999998,0.09999999999999976,2.220446049250313e-16,1.868531736018948,0.3004458750389227,0.3004458750389228,0.3761054758776985,0.47781961980113274,0.0001739355605216066,0.0001739355605216066,0.013045167039120495,0.06522583519560247,0.64,0.64,0.96,0.64,False,ultra_imbalanced,Ultra-sparsity with imbalance,population_05,25,3.0,15.0,5.0,0.013045167039120495,0.8,0.48,0.96,0.8,1.874999999996621,9.374999999983105,1.8749999999999996,9.374999999999996,0.9000000000000855,0.9,0.9000000000000855,0.9000000000000001,"[[0.8407673428191579, 0.006261680178820513, 0.006261680178820513, 0.02335464841164327, 0.02335464841164327], [0.02335464841164327, 0.00017393556052279198, 0.00017393556052279198, 0.0006487402336567573, 0.0006487402336567573], [0.006261680178777839, 0.009195224350066948, 0.009195224350066948, 0.0001739355605216066, 0.0001739355605216066], [0.02335464841164327, 0.00017393556052279198, 0.00017393556052279198, 0.0006487402336567573, 0.0006487402336567573], [0.006261680178777839, 0.009195224350066948, 0.009195224350066948, 0.0001739355605216066, 0.0001739355605216066]]","[[0.009195224350066948, 0.0001739355605216066, 0.006261680178777839, 0.0001739355605216066, 0.009195224350066948], [0.00017393556052279198, 0.0006487402336567573, 0.02335464841164327, 0.0006487402336567573, 0.00017393556052279198], [0.009195224350066948, 0.0001739355605216066, 0.006261680178777839, 0.0001739355605216066, 0.009195224350066948], [0.00017393556052279198, 0.0006487402336567573, 0.02335464841164327, 0.0006487402336567573, 0.00017393556052279198], [0.006261680178820513, 0.02335464841164327, 0.8407673428191579, 0.02335464841164327, 0.006261680178820513]]"
config_5x5_d3_p06,2,3,5,5,75,375,0.1,1.7800704472315931,1.5069325074040119,1,5x5_ultra_imbalanced,6,613852025,dominant_0.90,0.9,3,0.10000000000000037,0.09999999999999981,5.551115123125783e-16,1.8257586056157848,0.2729270937458108,0.2987538759070803,0.08640837607516827,0.2519094516916911,0.00044941342053453603,0.00021903272227582273,0.033706006540090205,0.08213727085343352,0.64,0.64,0.96,0.64,False,ultra_imbalanced,Ultra-sparsity with imbalance,population_06,25,3.0,15.0,5.0,0.033706006540090205,0.8,0.4,0.96,0.8,1.8749999999974571,9.374999999984635,1.8749999999999996,9.374999999999993,0.9000000000000606,0.9000000000000001,0.9000000000000916,0.8999999999999999,"[[0.021721141516452974, 0.0029620419426036088, 0.009218962400285458, 0.017107835747977584, 0.848990018392741], [0.00044941342053453603, 0.012781414346049106, 0.006708029767942575, 0.0020991005228494187, 0.002962041942590458], [0.0010658903223948611, 0.0020991005228566118, 0.0026827900709598443, 0.0020443833358219934, 0.017107835747960255], [0.0008672242213581469, 0.000449413420536425, 0.0008963305192616892, 0.0010658903223956888, 0.021721141516447835], [0.0008963305192594809, 0.0067080297679542435, 0.00549388724155043, 0.0026827900709553176, 0.009218962400260565]]","[[0.8493060626346545, 0.006530899618784419, 0.018816069063934127, 0.006530899618784419, 0.01881606906393413], [0.018816069063919038, 0.002209801824107089, 0.00021903272227582273, 0.00040987668907649215, 0.00334521970061668], [0.006530899618753685, 0.011714212088572252, 0.00040987668907489213, 0.004135209779459737, 0.002209801824098462], [0.018816069063919034, 0.00040987668907649225, 0.003345219700616681, 0.0022098018241070894, 0.00021903272227582278], [0.006530899618753685, 0.004135209779459737, 0.002209801824098462, 0.011714212088572252, 0.00040987668907489213]]"
config_5x5_d3_p07,2,3,5,5,75,375,0.1,1.321025534640482,1.321025534640482,1,5x5_ultra_imbalanced,7,2898500013,dominant_0.90,0.9,3,0.09999999999999987,0.09999999999999998,-1.1102230246251565e-16,1.8788080065627462,0.30044587503892284,0.30044587503892284,0.34465519742944073,0.650757510845962,0.0001739355605216066,0.0001739355605216066,0.013045167039120495,0.06522583519560247,0.64,0.64,0.96,0.64,False,ultra_imbalanced,Ultra-sparsity with imbalance,population_07,25,3.0,15.0,5.0,0.013045167039120495,0.8,0.48,0.96,0.8,1.874999999996621,9.374999999983103,1.8749999999999996,9.374999999999996,0.9000000000000854,0.9,0.9000000000000855,0.9000000000000001,"[[0.006261680178820513, 0.02335464841164327, 0.02335464841164327, 0.006261680178820513, 0.8407673428191579], [0.00017393556052279198, 0.0006487402336567573, 0.0006487402336567573, 0.00017393556052279198, 0.02335464841164327], [0.009195224350066948, 0.0001739355605216066, 0.0001739355605216066, 0.009195224350066948, 0.006261680178777839], [0.00017393556052279198, 0.0006487402336567573, 0.0006487402336567573, 0.00017393556052279198, 0.02335464841164327], [0.009195224350066948, 0.0001739355605216066, 0.0001739355605216066, 0.009195224350066948, 0.006261680178777839]]","[[0.02335464841164327, 0.0006487402336567573, 0.00017393556052279198, 0.00017393556052279198, 0.0006487402336567573], [0.006261680178777839, 0.0001739355605216066, 0.009195224350066948, 0.009195224350066948, 0.0001739355605216066], [0.006261680178777839, 0.0001739355605216066, 0.009195224350066948, 0.009195224350066948, 0.0001739355605216066], [0.8407673428191579, 0.02335464841164327, 0.006261680178820513, 0.006261680178820513, 0.02335464841164327], [0.02335464841164327, 0.0006487402336567573, 0.00017393556052279198, 0.00017393556052279198, 0.0006487402336567573]]"
config_5x5_d3_p08,2,3,5,5,75,375,0.1,1.321025534640482,1.321025534640482,1,5x5_ultra_imbalanced,8,1450863654,dominant_0.90,0.9,3,0.09999999999999998,0.10000000000000009,-1.1102230246251565e-16,0.14434062063289618,0.30044587503892267,0.30044587503892267,0.0795149114972381,0.23188871154490467,0.0001739355605216066,0.0001739355605216066,0.013045167039120495,0.06522583519560247,0.64,0.64,0.96,0.64,False,ultra_imbalanced,Ultra-sparsity with imbalance,population_08,25,3.0,15.0,5.0,0.013045167039120495,0.8,0.48,0.96,0.8,1.874999999996621,9.374999999983105,1.8749999999999996,9.374999999999996,0.9000000000000854,0.9,0.9000000000000854,0.9,"[[0.0006487402336567573, 0.00017393556052279198, 0.0006487402336567573, 0.00017393556052279198, 0.02335464841164327], [0.02335464841164327, 0.006261680178820513, 0.02335464841164327, 0.006261680178820513, 0.8407673428191579], [0.0006487402336567573, 0.00017393556052279198, 0.0006487402336567573, 0.00017393556052279198, 0.02335464841164327], [0.0001739355605216066, 0.009195224350066948, 0.0001739355605216066, 0.009195224350066948, 0.006261680178777839], [0.0001739355605216066, 0.009195224350066948, 0.0001739355605216066, 0.009195224350066948, 0.006261680178777839]]","[[0.0001739355605216066, 0.009195224350066948, 0.0001739355605216066, 0.009195224350066948, 0.006261680178777839], [0.02335464841164327, 0.006261680178820513, 0.02335464841164327, 0.006261680178820513, 0.8407673428191579], [0.0001739355605216066, 0.009195224350066948, 0.0001739355605216066, 0.009195224350066948, 0.006261680178777839], [0.0006487402336567573, 0.00017393556052279198, 0.0006487402336567573, 0.00017393556052279198, 0.02335464841164327], [0.0006487402336567573, 0.00017393556052279198, 0.0006487402336567573, 0.00017393556052279198, 0.02335464841164327]]"
config_5x5_d3_p09,2,3,5,5,75,375,0.1,1.7800704472315931,1.7800704472315931,1,5x5_ultra_imbalanced,9,2336608705,dominant_0.90,0.9,3,0.10000000000000003,0.10000000000000003,0.0,0.11344704070546448,0.2729270937458108,0.2729270937458108,0.08777099579444708,0.24727906101170677,0.00044941342053453603,0.00044941342053453603,0.033706006540090205,0.168530032700451,0.64,0.64,0.96,0.64,False,ultra_imbalanced,Ultra-sparsity with imbalance,population_09,25,3.0,15.0,5.0,0.033706006540090205,0.8,0.4,0.96,0.8,1.8749999999974571,9.374999999987285,1.8749999999999996,9.374999999999998,0.9000000000000606,0.9000000000000001,0.9000000000000606,0.9000000000000001,"[[0.0029620419426036088, 0.021721141516452974, 0.009218962400285458, 0.017107835747977584, 0.848990018392741], [0.0067080297679542435, 0.0008963305192594809, 0.00549388724155043, 0.0026827900709553176, 0.009218962400260565], [0.000449413420536425, 0.0008672242213581469, 0.0008963305192616892, 0.0010658903223956888, 0.021721141516447835], [0.012781414346049106, 0.00044941342053453603, 0.006708029767942575, 0.0020991005228494187, 0.002962041942590458], [0.0020991005228566118, 0.0010658903223948611, 0.0026827900709598443, 0.0020443833358219934, 0.017107835747960255]]","[[0.017107835747977584, 0.0029620419426036088, 0.009218962400285458, 0.021721141516452974, 0.848990018392741], [0.0026827900709553176, 0.0067080297679542435, 0.00549388724155043, 0.0008963305192594809, 0.009218962400260565], [0.0010658903223956888, 0.000449413420536425, 0.0008963305192616892, 0.0008672242213581469, 0.021721141516447835], [0.0020443833358219934, 0.0020991005228566118, 0.0026827900709598443, 0.0010658903223948611, 0.017107835747960255], [0.0020991005228494187, 0.012781414346049106, 0.006708029767942575, 0.00044941342053453603, 0.002962041942590458]]"
config_8x8_d0_p00,3,0,8,8,960,960,0.1,1.1760607100664664,0.47172155878892286,1,8x8_balanced_control,0,558153043,uniform,0.125,15,0.09999999999999876,0.10000000000000053,-1.7763568394002505e-15,0.501700612007175,0.17111561122255037,0.17952151361299157,0.051019028756702944,0.09637213333942488,0.003197236599856109,0.008756417932455934,3.0693471358618645,8.406161215157697,0.0,0.0,0.0,0.0,False,balanced_control,Balanced control,population_00,64,15.0,15.0,1.0,3.0693471358618645,0.0,0.0,0.09375,0.0,119.99999999998677,120.0,119.99999999999999,120.0,0.12500000000001044,0.125,0.125,0.125,"[[0.007721231420654884, 0.012700495718511218, 0.019563455827794292, 0.021158165337700367, 0.015326651110221957, 0.020736298353563755, 0.010093064843432474, 0.017700637388126952], [0.00506407483760298, 0.010093064843431731, 0.020736298353562235, 0.027173933639937788, 0.013407385137062963, 0.024194202664083706, 0.007286702385998867, 0.017044338138317208], [0.03359604307162248, 0.02115816533769675, 0.007721231420653562, 0.0031972365998561092, 0.01579910526074101, 0.005064074837602484, 0.02717393363993512, 0.011290209831878699], [0.027173933639937777, 0.020736298353562235, 0.010093064843431731, 0.005064074837602979, 0.017044338138317204, 0.007286702385998866, 0.024194202664083706, 0.013407385137062959], [0.015799105260744333, 0.017700637388127646, 0.015326651110222559, 0.011290209831881073, 0.017628958649939495, 0.01340738513706447, 0.017044338138319126, 0.01680271448371173], [0.003197236599856109, 0.007721231420653559, 0.021158165337696745, 0.033596043071622485, 0.011290209831878697, 0.02717393363993512, 0.005064074837602484, 0.015799105260741006], [0.021158165337700364, 0.019563455827794292, 0.012700495718511217, 0.00772123142065488, 0.01770063738812695, 0.01009306484343247, 0.02073629835356376, 0.015326651110221955], [0.011290209831881073, 0.015326651110222559, 0.017700637388127646, 0.015799105260744333, 0.01680271448371173, 0.017044338138319126, 0.01340738513706447, 0.017628958649939495]]","[[0.022493582067544066, 0.022493582067544066, 0.022493582067544066, 0.022493582067544066, 0.008756417932455934, 0.008756417932455934, 0.008756417932455934, 0.008756417932455934], [0.022493582067544066, 0.022493582067544066, 0.022493582067544066, 0.022493582067544066, 0.008756417932455934, 0.008756417932455934, 0.008756417932455934, 0.008756417932455934], [0.022493582067544066, 0.022493582067544066, 0.022493582067544066, 0.022493582067544066, 0.008756417932455934, 0.008756417932455934, 0.008756417932455934, 0.008756417932455934], [0.008756417932455934, 0.008756417932455934, 0.008756417932455934, 0.008756417932455934, 0.022493582067544066, 0.022493582067544066, 0.022493582067544066, 0.022493582067544066], [0.008756417932455934, 0.008756417932455934, 0.008756417932455934, 0.008756417932455934, 0.022493582067544066, 0.022493582067544066, 0.022493582067544066, 0.022493582067544066], [0.022493582067544066, 0.022493582067544066, 0.022493582067544066, 0.022493582067544066, 0.008756417932455934, 0.008756417932455934, 0.008756417932455934, 0.008756417932455934], [0.008756417932455934, 0.008756417932455934, 0.008756417932455934, 0.008756417932455934, 0.022493582067544066, 0.022493582067544066, 0.022493582067544066, 0.022493582067544066], [0.008756417932455934, 0.008756417932455934, 0.008756417932455934, 0.008756417932455934, 0.022493582067544066, 0.022493582067544066, 0.022493582067544066, 0.022493582067544066]]"
config_8x8_d0_p01,3,0,8,8,960,960,0.1,1.1760607100664664,0.47172155878892286,1,8x8_balanced_control,1,2790427491,uniform,0.125,15,0.09999999999999964,0.09999999999999964,0.0,0.45450307530738354,0.17111561122255037,0.17952151361299157,0.0541654414042001,0.09960525828409032,0.003197236599856109,0.008756417932455934,3.0693471358618645,8.406161215157697,0.0,0.0,0.0,0.0,False,balanced_control,Balanced control,population_01,64,15.0,15.0,1.0,3.0693471358618645,0.0,0.0,0.09375,0.0,119.99999999998677,120.0,119.99999999999997,120.0,0.12500000000001044,0.12500000000000003,0.125,0.125,"[[0.005064074837602979, 0.010093064843431731, 0.017044338138317204, 0.013407385137062959, 0.027173933639937777, 0.024194202664083706, 0.007286702385998866, 0.020736298353562235], [0.0031972365998561092, 0.007721231420653562, 0.01579910526074101, 0.011290209831878699, 0.03359604307162248, 0.02717393363993512, 0.005064074837602484, 0.02115816533769675], [0.00772123142065488, 0.012700495718511217, 0.01770063738812695, 0.015326651110221955, 0.021158165337700364, 0.02073629835356376, 0.01009306484343247, 0.019563455827794292], [0.015799105260744333, 0.017700637388127646, 0.01680271448371173, 0.017628958649939495, 0.011290209831881073, 0.01340738513706447, 0.017044338138319126, 0.015326651110222559], [0.033596043071622485, 0.021158165337696745, 0.011290209831878697, 0.015799105260741006, 0.003197236599856109, 0.005064074837602484, 0.02717393363993512, 0.007721231420653559], [0.011290209831881073, 0.015326651110222559, 0.017628958649939495, 0.01680271448371173, 0.015799105260744333, 0.017044338138319126, 0.01340738513706447, 0.017700637388127646], [0.027173933639937788, 0.020736298353562235, 0.013407385137062963, 0.017044338138317208, 0.00506407483760298, 0.007286702385998867, 0.024194202664083706, 0.010093064843431731], [0.021158165337700367, 0.019563455827794292, 0.015326651110221957, 0.017700637388126952, 0.007721231420654884, 0.010093064843432474, 0.020736298353563755, 0.012700495718511218]]","[[0.022493582067544066, 0.008756417932455934, 0.022493582067544066, 0.008756417932455934, 0.008756417932455934, 0.022493582067544066, 0.008756417932455934, 0.022493582067544066], [0.022493582067544066, 0.008756417932455934, 0.022493582067544066, 0.008756417932455934, 0.008756417932455934, 0.022493582067544066, 0.008756417932455934, 0.022493582067544066], [0.008756417932455934, 0.022493582067544066, 0.008756417932455934, 0.022493582067544066, 0.022493582067544066, 0.008756417932455934, 0.022493582067544066, 0.008756417932455934], [0.022493582067544066, 0.008756417932455934, 0.022493582067544066, 0.008756417932455934, 0.008756417932455934, 0.022493582067544066, 0.008756417932455934, 0.022493582067544066], [0.008756417932455934, 0.022493582067544066, 0.008756417932455934, 0.022493582067544066, 0.022493582067544066, 0.008756417932455934, 0.022493582067544066, 0.008756417932455934], [0.022493582067544066, 0.008756417932455934, 0.022493582067544066, 0.008756417932455934, 0.008756417932455934, 0.022493582067544066, 0.008756417932455934, 0.022493582067544066], [0.008756417932455934, 0.022493582067544066, 0.008756417932455934, 0.022493582067544066, 0.022493582067544066, 0.008756417932455934, 0.022493582067544066, 0.008756417932455934], [0.008756417932455934, 0.022493582067544066, 0.008756417932455934, 0.022493582067544066, 0.022493582067544066, 0.008756417932455934, 0.022493582067544066, 0.008756417932455934]]"
config_8x8_d0_p02,3,0,8,8,960,960,0.1,0.47172155878892286,0.6576183387594814,1,8x8_balanced_control,2,2824621697,uniform,0.125,15,0.10000000000000053,0.09999999999999964,8.881784197001252e-16,0.6519496711538204,0.17952151361299157,0.18497713124016618,0.029256426966609794,0.055192765121913075,0.008756417932455934,0.007285802486364128,8.406161215157697,6.994370386909563,0.0,0.0,0.0,0.0,False,balanced_control,Balanced control,population_02,64,15.0,15.0,1.0,6.994370386909563,0.0,0.0,0.0,0.0,120.0,119.99999999999997,120.0,120.0,0.125,0.125,0.12500000000000003,0.12500000000000003,"[[0.008756417932455934, 0.022493582067544066, 0.008756417932455934, 0.008756417932455934, 0.008756417932455934, 0.022493582067544066, 0.022493582067544066, 0.022493582067544066], [0.022493582067544066, 0.008756417932455934, 0.022493582067544066, 0.022493582067544066, 0.022493582067544066, 0.008756417932455934, 0.008756417932455934, 0.008756417932455934], [0.008756417932455934, 0.022493582067544066, 0.008756417932455934, 0.008756417932455934, 0.008756417932455934, 0.022493582067544066, 0.022493582067544066, 0.022493582067544066], [0.022493582067544066, 0.008756417932455934, 0.022493582067544066, 0.022493582067544066, 0.022493582067544066, 0.008756417932455934, 0.008756417932455934, 0.008756417932455934], [0.008756417932455934, 0.022493582067544066, 0.008756417932455934, 0.008756417932455934, 0.008756417932455934, 0.022493582067544066, 0.022493582067544066, 0.022493582067544066], [0.022493582067544066, 0.008756417932455934, 0.022493582067544066, 0.022493582067544066, 0.022493582067544066, 0.008756417932455934, 0.008756417932455934, 0.008756417932455934], [0.022493582067544066, 0.008756417932455934, 0.022493582067544066, 0.022493582067544066, 0.022493582067544066, 0.008756417932455934, 0.008756417932455934, 0.008756417932455934], [0.008756417932455934, 0.022493582067544066, 0.008756417932455934, 0.008756417932455934, 0.008756417932455934, 0.022493582067544066, 0.022493582067544066, 0.022493582067544066]]","[[0.008833396025782725, 0.0072858024863641305, 0.022388609276824935, 0.014062981625839795, 0.022388609276824935, 0.014062981625839792, 0.027144223656741, 0.008833396025782723], [0.022388609276824935, 0.027144223656740997, 0.008833396025782723, 0.014062981625839792, 0.008833396025782725, 0.014062981625839792, 0.00728580248636413, 0.022388609276824935], [0.02714422365674099, 0.022388609276824928, 0.007285802486364128, 0.022388609276824928, 0.014062981625839788, 0.008833396025782722, 0.008833396025782722, 0.014062981625839788], [0.014062981625839795, 0.022388609276824935, 0.014062981625839792, 0.008833396025782725, 0.0072858024863641305, 0.022388609276824935, 0.008833396025782723, 0.027144223656741], [0.022388609276824928, 0.014062981625839788, 0.008833396025782722, 0.02714422365674099, 0.022388609276824928, 0.007285802486364128, 0.014062981625839788, 0.008833396025782722], [0.0072858024863641305, 0.008833396025782723, 0.027144223656741, 0.008833396025782725, 0.014062981625839795, 0.02238860927682493, 0.022388609276824935, 0.014062981625839792], [0.008833396025782725, 0.014062981625839792, 0.02238860927682493, 0.00728580248636413, 0.008833396025782723, 0.027144223656740997, 0.01406298162583979, 0.022388609276824935], [0.014062981625839792, 0.008833396025782725, 0.014062981625839792, 0.022388609276824935, 0.027144223656740997, 0.008833396025782723, 0.022388609276824935, 0.00728580248636413]]"
config_8x8_d0_p03,3,0,8,8,960,960,0.1,0.6576183387594814,0.47172155878892286,1,8x8_balanced_control,3,3024097480,uniform,0.125,15,0.10000000000000053,0.10000000000000053,0.0,0.454836906838313,0.18497713124016618,0.17952151361299157,0.05539793654658354,0.1046573248723674,0.007285802486364128,0.008756417932455934,6.994370386909563,8.406161215157697,0.0,0.0,0.0,0.0,False,balanced_control,Balanced control,population_03,64,15.0,15.0,1.0,6.994370386909563,0.0,0.0,0.0,0.0,119.99999999999999,120.0,120.0,120.0,0.12500000000000006,0.12500000000000003,0.125,0.125,"[[0.007285802486364128, 0.008833396025782722, 0.014062981625839788, 0.022388609276824928, 0.022388609276824928, 0.02714422365674099, 0.014062981625839788, 0.008833396025782722], [0.027144223656740997, 0.022388609276824935, 0.014062981625839792, 0.008833396025782723, 0.008833396025782725, 0.00728580248636413, 0.01406298162583979, 0.02238860927682493], [0.022388609276824935, 0.027144223656741, 0.022388609276824935, 0.0072858024863641305, 0.014062981625839795, 0.008833396025782725, 0.008833396025782723, 0.014062981625839792], [0.008833396025782722, 0.014062981625839788, 0.022388609276824928, 0.014062981625839788, 0.02714422365674099, 0.022388609276824928, 0.008833396025782722, 0.007285802486364128], [0.014062981625839792, 0.008833396025782723, 0.0072858024863641305, 0.022388609276824935, 0.008833396025782725, 0.014062981625839795, 0.027144223656741, 0.022388609276824935], [0.014062981625839792, 0.022388609276824935, 0.027144223656740997, 0.008833396025782725, 0.022388609276824935, 0.014062981625839792, 0.00728580248636413, 0.008833396025782723], [0.008833396025782723, 0.00728580248636413, 0.008833396025782725, 0.027144223656740997, 0.014062981625839792, 0.022388609276824935, 0.022388609276824935, 0.014062981625839792], [0.02238860927682493, 0.014062981625839792, 0.008833396025782723, 0.014062981625839795, 0.0072858024863641305, 0.008833396025782725, 0.022388609276824935, 0.027144223656741]]","[[0.008756417932455934, 0.008756417932455934, 0.008756417932455934, 0.022493582067544066, 0.022493582067544066, 0.022493582067544066, 0.008756417932455934, 0.022493582067544066], [0.022493582067544066, 0.022493582067544066, 0.022493582067544066, 0.008756417932455934, 0.008756417932455934, 0.008756417932455934, 0.022493582067544066, 0.008756417932455934], [0.022493582067544066, 0.022493582067544066, 0.022493582067544066, 0.008756417932455934, 0.008756417932455934, 0.008756417932455934, 0.022493582067544066, 0.008756417932455934], [0.008756417932455934, 0.008756417932455934, 0.008756417932455934, 0.022493582067544066, 0.022493582067544066, 0.022493582067544066, 0.008756417932455934, 0.022493582067544066], [0.022493582067544066, 0.022493582067544066, 0.022493582067544066, 0.008756417932455934, 0.008756417932455934, 0.008756417932455934, 0.022493582067544066, 0.008756417932455934], [0.008756417932455934, 0.008756417932455934, 0.008756417932455934, 0.022493582067544066, 0.022493582067544066, 0.022493582067544066, 0.008756417932455934, 0.022493582067544066], [0.022493582067544066, 0.022493582067544066, 0.022493582067544066, 0.008756417932455934, 0.008756417932455934, 0.008756417932455934, 0.022493582067544066, 0.008756417932455934], [0.008756417932455934, 0.008756417932455934, 0.008756417932455934, 0.022493582067544066, 0.022493582067544066, 0.022493582067544066, 0.008756417932455934, 0.022493582067544066]]"
config_8x8_d0_p04,3,0,8,8,960,960,0.1,0.47172155878892286,0.47172155878892286,1,8x8_balanced_control,4,3437054287,uniform,0.125,15,0.09999999999999964,0.09999999999999964,0.0,0.4395892523228202,0.17952151361299157,0.17952151361299157,0.04999999999999982,0.0922607568064958,0.008756417932455934,0.008756417932455934,8.406161215157697,8.406161215157697,0.0,0.0,0.0,0.0,False,balanced_control,Balanced control,population_04,64,15.0,15.0,1.0,8.406161215157697,0.0,0.0,0.0,0.0,120.0,120.0,120.0,120.0,0.125,0.125,0.125,0.125,"[[0.022493582067544066, 0.008756417932455934, 0.008756417932455934, 0.022493582067544066, 0.008756417932455934, 0.022493582067544066, 0.022493582067544066, 0.008756417932455934], [0.022493582067544066, 0.008756417932455934, 0.008756417932455934, 0.022493582067544066, 0.008756417932455934, 0.022493582067544066, 0.022493582067544066, 0.008756417932455934], [0.022493582067544066, 0.008756417932455934, 0.008756417932455934, 0.022493582067544066, 0.008756417932455934, 0.022493582067544066, 0.022493582067544066, 0.008756417932455934], [0.008756417932455934, 0.022493582067544066, 0.022493582067544066, 0.008756417932455934, 0.022493582067544066, 0.008756417932455934, 0.008756417932455934, 0.022493582067544066], [0.008756417932455934, 0.022493582067544066, 0.022493582067544066, 0.008756417932455934, 0.022493582067544066, 0.008756417932455934, 0.008756417932455934, 0.022493582067544066], [0.008756417932455934, 0.022493582067544066, 0.022493582067544066, 0.008756417932455934, 0.022493582067544066, 0.008756417932455934, 0.008756417932455934, 0.022493582067544066], [0.008756417932455934, 0.022493582067544066, 0.022493582067544066, 0.008756417932455934, 0.022493582067544066, 0.008756417932455934, 0.008756417932455934, 0.022493582067544066], [0.022493582067544066, 0.008756417932455934, 0.008756417932455934, 0.022493582067544066, 0.008756417932455934, 0.022493582067544066, 0.022493582067544066, 0.008756417932455934]]","[[0.022493582067544066, 0.008756417932455934, 0.022493582067544066, 0.008756417932455934, 0.022493582067544066, 0.008756417932455934, 0.008756417932455934, 0.022493582067544066], [0.008756417932455934, 0.022493582067544066, 0.008756417932455934, 0.022493582067544066, 0.008756417932455934, 0.022493582067544066, 0.022493582067544066, 0.008756417932455934], [0.022493582067544066, 0.008756417932455934, 0.022493582067544066, 0.008756417932455934, 0.022493582067544066, 0.008756417932455934, 0.008756417932455934, 0.022493582067544066], [0.008756417932455934, 0.022493582067544066, 0.008756417932455934, 0.022493582067544066, 0.008756417932455934, 0.022493582067544066, 0.022493582067544066, 0.008756417932455934], [0.022493582067544066, 0.008756417932455934, 0.022493582067544066, 0.008756417932455934, 0.022493582067544066, 0.008756417932455934, 0.008756417932455934, 0.022493582067544066], [0.022493582067544066, 0.008756417932455934, 0.022493582067544066, 0.008756417932455934, 0.022493582067544066, 0.008756417932455934, 0.008756417932455934, 0.022493582067544066], [0.008756417932455934, 0.022493582067544066, 0.008756417932455934, 0.022493582067544066, 0.008756417932455934, 0.022493582067544066, 0.022493582067544066, 0.008756417932455934], [0.008756417932455934, 0.022493582067544066, 0.008756417932455934, 0.022493582067544066, 0.008756417932455934, 0.022493582067544066, 0.022493582067544066, 0.008756417932455934]]"
config_8x8_d0_p05,3,0,8,8,960,960,0.1,0.6576183387594814,0.6576183387594814,1,8x8_balanced_control,5,690513273,uniform,0.125,15,0.10000000000000053,0.10000000000000053,0.0,0.4687388243401491,0.18497713124016618,0.18497713124016618,0.052943471800231734,0.10135167565189797,0.007285802486364128,0.007285802486364128,6.994370386909563,6.994370386909563,0.0,0.0,0.0,0.0,False,balanced_control,Balanced control,population_05,64,15.0,15.0,1.0,6.994370386909563,0.0,0.0,0.0,0.0,119.99999999999999,119.99999999999997,120.0,120.0,0.12500000000000006,0.12500000000000003,0.12500000000000006,0.12500000000000003,"[[0.008833396025782722, 0.008833396025782722, 0.02714422365674099, 0.014062981625839788, 0.014062981625839788, 0.022388609276824928, 0.022388609276824928, 0.007285802486364128], [0.027144223656741, 0.014062981625839792, 0.008833396025782725, 0.022388609276824935, 0.008833396025782723, 0.014062981625839795, 0.0072858024863641305, 0.022388609276824935], [0.00728580248636413, 0.014062981625839792, 0.022388609276824935, 0.008833396025782725, 0.022388609276824935, 0.014062981625839792, 0.027144223656740997, 0.008833396025782723], [0.022388609276824935, 0.008833396025782723, 0.014062981625839792, 0.027144223656740997, 0.00728580248636413, 0.022388609276824935, 0.008833396025782725, 0.014062981625839792], [0.008833396025782723, 0.022388609276824935, 0.014062981625839795, 0.0072858024863641305, 0.027144223656741, 0.008833396025782725, 0.022388609276824935, 0.014062981625839792], [0.014062981625839792, 0.027144223656741, 0.008833396025782725, 0.008833396025782723, 0.022388609276824935, 0.0072858024863641305, 0.014062981625839795, 0.02238860927682493], [0.022388609276824935, 0.02238860927682493, 0.00728580248636413, 0.014062981625839792, 0.01406298162583979, 0.008833396025782725, 0.008833396025782723, 0.027144223656740997], [0.014062981625839788, 0.007285802486364128, 0.022388609276824928, 0.022388609276824928, 0.008833396025782722, 0.02714422365674099, 0.014062981625839788, 0.008833396025782722]]","[[0.008833396025782722, 0.014062981625839788, 0.022388609276824928, 0.02714422365674099, 0.014062981625839788, 0.022388609276824928, 0.007285802486364128, 0.008833396025782722], [0.02238860927682493, 0.014062981625839792, 0.008833396025782723, 0.00728580248636413, 0.01406298162583979, 0.008833396025782725, 0.027144223656740997, 0.022388609276824935], [0.008833396025782723, 0.027144223656740997, 0.008833396025782725, 0.014062981625839792, 0.00728580248636413, 0.022388609276824935, 0.014062981625839792, 0.022388609276824935], [0.007285802486364128, 0.022388609276824928, 0.014062981625839788, 0.022388609276824928, 0.008833396025782722, 0.02714422365674099, 0.008833396025782722, 0.014062981625839788], [0.022388609276824935, 0.0072858024863641305, 0.022388609276824935, 0.014062981625839795, 0.027144223656741, 0.008833396025782725, 0.014062981625839792, 0.008833396025782723], [0.014062981625839792, 0.008833396025782725, 0.027144223656740997, 0.022388609276824935, 0.022388609276824935, 0.014062981625839792, 0.008833396025782723, 0.00728580248636413], [0.014062981625839792, 0.022388609276824935, 0.0072858024863641305, 0.008833396025782725, 0.008833396025782723, 0.014062981625839795, 0.022388609276824935, 0.027144223656741], [0.027144223656741, 0.008833396025782723, 0.014062981625839795, 0.008833396025782725, 0.022388609276824935, 0.0072858024863641305, 0.02238860927682493, 0.014062981625839792]]"
config_8x8_d0_p06,3,0,8,8,960,960,0.1,1.1760607100664664,1.1760607100664664,1,8x8_balanced_control,6,3104275740,uniform,0.125,15,0.10000000000000009,0.10000000000000009,0.0,0.46699373144237966,0.17111561122255034,0.17111561122255037,0.049100204951106896,0.09087328116592605,0.003197236599856109,0.003197236599856109,3.0693471358618645,3.0693471358618645,0.0,0.0,0.0,0.0,False,balanced_control,Balanced control,population_06,64,15.0,15.0,1.0,3.0693471358618645,0.0,0.0,0.09375,0.09375,119.99999999998676,119.99999999998676,119.99999999999999,119.99999999999999,0.12500000000001044,0.125,0.12500000000001044,0.125,"[[0.015326651110221955, 0.012700495718511217, 0.019563455827794292, 0.02073629835356376, 0.01009306484343247, 0.021158165337700364, 0.00772123142065488, 0.01770063738812695], [0.01680271448371173, 0.015326651110222559, 0.017700637388127646, 0.017044338138319126, 0.01340738513706447, 0.015799105260744333, 0.011290209831881073, 0.017628958649939495], [0.017700637388126952, 0.019563455827794292, 0.012700495718511218, 0.010093064843432474, 0.020736298353563755, 0.007721231420654884, 0.021158165337700367, 0.015326651110221957], [0.013407385137062959, 0.010093064843431731, 0.020736298353562235, 0.024194202664083706, 0.007286702385998866, 0.027173933639937777, 0.005064074837602979, 0.017044338138317204], [0.017044338138317208, 0.020736298353562235, 0.010093064843431731, 0.007286702385998867, 0.024194202664083706, 0.00506407483760298, 0.027173933639937788, 0.013407385137062963], [0.011290209831878699, 0.007721231420653562, 0.02115816533769675, 0.02717393363993512, 0.005064074837602484, 0.03359604307162248, 0.0031972365998561092, 0.01579910526074101], [0.015799105260741006, 0.021158165337696745, 0.007721231420653559, 0.005064074837602484, 0.02717393363993512, 0.003197236599856109, 0.033596043071622485, 0.011290209831878697], [0.017628958649939495, 0.017700637388127646, 0.015326651110222559, 0.01340738513706447, 0.017044338138319126, 0.011290209831881073, 0.015799105260744333, 0.01680271448371173]]","[[0.015326651110221955, 0.012700495718511217, 0.00772123142065488, 0.021158165337700364, 0.01009306484343247, 0.01770063738812695, 0.02073629835356376, 0.019563455827794292], [0.013407385137062959, 0.010093064843431731, 0.005064074837602979, 0.027173933639937777, 0.007286702385998866, 0.017044338138317204, 0.024194202664083706, 0.020736298353562235], [0.017628958649939495, 0.017700637388127646, 0.015799105260744333, 0.011290209831881073, 0.017044338138319126, 0.01680271448371173, 0.01340738513706447, 0.015326651110222559], [0.017700637388126952, 0.019563455827794292, 0.021158165337700367, 0.007721231420654884, 0.020736298353563755, 0.015326651110221957, 0.010093064843432474, 0.012700495718511218], [0.011290209831878699, 0.007721231420653562, 0.0031972365998561092, 0.03359604307162248, 0.005064074837602484, 0.01579910526074101, 0.02717393363993512, 0.02115816533769675], [0.01680271448371173, 0.015326651110222559, 0.011290209831881073, 0.015799105260744333, 0.01340738513706447, 0.017628958649939495, 0.017044338138319126, 0.017700637388127646], [0.017044338138317208, 0.020736298353562235, 0.027173933639937788, 0.00506407483760298, 0.024194202664083706, 0.013407385137062963, 0.007286702385998867, 0.010093064843431731], [0.015799105260741006, 0.021158165337696745, 0.033596043071622485, 0.003197236599856109, 0.02717393363993512, 0.011290209831878697, 0.005064074837602484, 0.007721231420653559]]"
config_8x8_d0_p07,3,0,8,8,960,960,0.1,0.47172155878892286,1.1760607100664664,1,8x8_balanced_control,7,2352182476,uniform,0.125,15,0.10000000000000053,0.0999999999999992,1.3322676295501878e-15,0.5417590876610079,0.17952151361299157,0.17111561122255037,0.04722159732644249,0.08758935590359031,0.008756417932455934,0.003197236599856109,8.406161215157697,3.0693471358618645,0.0,0.0,0.0,0.0,False,balanced_control,Balanced control,population_07,64,15.0,15.0,1.0,3.0693471358618645,0.0,0.0,0.0,0.09375,120.0,119.99999999998676,120.0,119.99999999999997,0.125,0.125,0.12500000000001044,0.125,"[[0.008756417932455934, 0.008756417932455934, 0.022493582067544066, 0.022493582067544066, 0.008756417932455934, 0.022493582067544066, 0.008756417932455934, 0.022493582067544066], [0.022493582067544066, 0.022493582067544066, 0.008756417932455934, 0.008756417932455934, 0.022493582067544066, 0.008756417932455934, 0.022493582067544066, 0.008756417932455934], [0.008756417932455934, 0.008756417932455934, 0.022493582067544066, 0.022493582067544066, 0.008756417932455934, 0.022493582067544066, 0.008756417932455934, 0.022493582067544066], [0.022493582067544066, 0.022493582067544066, 0.008756417932455934, 0.008756417932455934, 0.022493582067544066, 0.008756417932455934, 0.022493582067544066, 0.008756417932455934], [0.008756417932455934, 0.008756417932455934, 0.022493582067544066, 0.022493582067544066, 0.008756417932455934, 0.022493582067544066, 0.008756417932455934, 0.022493582067544066], [0.022493582067544066, 0.022493582067544066, 0.008756417932455934, 0.008756417932455934, 0.022493582067544066, 0.008756417932455934, 0.022493582067544066, 0.008756417932455934], [0.022493582067544066, 0.022493582067544066, 0.008756417932455934, 0.008756417932455934, 0.022493582067544066, 0.008756417932455934, 0.022493582067544066, 0.008756417932455934], [0.008756417932455934, 0.008756417932455934, 0.022493582067544066, 0.022493582067544066, 0.008756417932455934, 0.022493582067544066, 0.008756417932455934, 0.022493582067544066]]","[[0.017700637388127646, 0.015799105260744333, 0.015326651110222559, 0.01680271448371173, 0.01340738513706447, 0.017044338138319126, 0.017628958649939495, 0.011290209831881073], [0.02115816533769675, 0.03359604307162248, 0.007721231420653562, 0.011290209831878699, 0.005064074837602484, 0.02717393363993512, 0.01579910526074101, 0.0031972365998561092], [0.019563455827794292, 0.021158165337700364, 0.012700495718511217, 0.015326651110221955, 0.01009306484343247, 0.02073629835356376, 0.01770063738812695, 0.00772123142065488], [0.010093064843431731, 0.00506407483760298, 0.020736298353562235, 0.017044338138317208, 0.024194202664083706, 0.007286702385998867, 0.013407385137062963, 0.027173933639937788], [0.007721231420653559, 0.003197236599856109, 0.021158165337696745, 0.015799105260741006, 0.02717393363993512, 0.005064074837602484, 0.011290209831878697, 0.033596043071622485], [0.012700495718511218, 0.007721231420654884, 0.019563455827794292, 0.017700637388126952, 0.020736298353563755, 0.010093064843432474, 0.015326651110221957, 0.021158165337700367], [0.015326651110222559, 0.011290209831881073, 0.017700637388127646, 0.017628958649939495, 0.017044338138319126, 0.01340738513706447, 0.01680271448371173, 0.015799105260744333], [0.020736298353562235, 0.027173933639937777, 0.010093064843431731, 0.013407385137062959, 0.007286702385998866, 0.024194202664083706, 0.017044338138317204, 0.005064074837602979]]"
config_8x8_d0_p08,3,0,8,8,960,960,0.1,0.47172155878892286,0.47172155878892286,1,8x8_balanced_control,8,3845906373,uniform,0.125,15,0.10000000000000053,0.09999999999999964,8.881784197001252e-16,0.4395892523228202,0.17952151361299157,0.17952151361299157,0.04999999999999982,0.0922607568064958,0.008756417932455934,0.008756417932455934,8.406161215157697,8.406161215157697,0.0,0.0,0.0,0.0,False,balanced_control,Balanced control,population_08,64,15.0,15.0,1.0,8.406161215157697,0.0,0.0,0.0,0.0,120.0,120.0,120.0,120.0,0.125,0.125,0.125,0.125,"[[0.022493582067544066, 0.022493582067544066, 0.022493582067544066, 0.022493582067544066, 0.008756417932455934, 0.008756417932455934, 0.008756417932455934, 0.008756417932455934], [0.008756417932455934, 0.008756417932455934, 0.008756417932455934, 0.008756417932455934, 0.022493582067544066, 0.022493582067544066, 0.022493582067544066, 0.022493582067544066], [0.008756417932455934, 0.008756417932455934, 0.008756417932455934, 0.008756417932455934, 0.022493582067544066, 0.022493582067544066, 0.022493582067544066, 0.022493582067544066], [0.008756417932455934, 0.008756417932455934, 0.008756417932455934, 0.008756417932455934, 0.022493582067544066, 0.022493582067544066, 0.022493582067544066, 0.022493582067544066], [0.008756417932455934, 0.008756417932455934, 0.008756417932455934, 0.008756417932455934, 0.022493582067544066, 0.022493582067544066, 0.022493582067544066, 0.022493582067544066], [0.022493582067544066, 0.022493582067544066, 0.022493582067544066, 0.022493582067544066, 0.008756417932455934, 0.008756417932455934, 0.008756417932455934, 0.008756417932455934], [0.022493582067544066, 0.022493582067544066, 0.022493582067544066, 0.022493582067544066, 0.008756417932455934, 0.008756417932455934, 0.008756417932455934, 0.008756417932455934], [0.022493582067544066, 0.022493582067544066, 0.022493582067544066, 0.022493582067544066, 0.008756417932455934, 0.008756417932455934, 0.008756417932455934, 0.008756417932455934]]","[[0.022493582067544066, 0.008756417932455934, 0.008756417932455934, 0.008756417932455934, 0.022493582067544066, 0.022493582067544066, 0.008756417932455934, 0.022493582067544066], [0.008756417932455934, 0.022493582067544066, 0.022493582067544066, 0.022493582067544066, 0.008756417932455934, 0.008756417932455934, 0.022493582067544066, 0.008756417932455934], [0.022493582067544066, 0.008756417932455934, 0.008756417932455934, 0.008756417932455934, 0.022493582067544066, 0.022493582067544066, 0.008756417932455934, 0.022493582067544066], [0.008756417932455934, 0.022493582067544066, 0.022493582067544066, 0.022493582067544066, 0.008756417932455934, 0.008756417932455934, 0.022493582067544066, 0.008756417932455934], [0.022493582067544066, 0.008756417932455934, 0.008756417932455934, 0.008756417932455934, 0.022493582067544066, 0.022493582067544066, 0.008756417932455934, 0.022493582067544066], [0.008756417932455934, 0.022493582067544066, 0.022493582067544066, 0.022493582067544066, 0.008756417932455934, 0.008756417932455934, 0.022493582067544066, 0.008756417932455934], [0.008756417932455934, 0.022493582067544066, 0.022493582067544066, 0.022493582067544066, 0.008756417932455934, 0.008756417932455934, 0.022493582067544066, 0.008756417932455934], [0.022493582067544066, 0.008756417932455934, 0.008756417932455934, 0.008756417932455934, 0.022493582067544066, 0.022493582067544066, 0.008756417932455934, 0.022493582067544066]]"
config_8x8_d0_p09,3,0,8,8,960,960,0.1,0.6576183387594814,1.1760607100664664,1,8x8_balanced_control,9,207702072,uniform,0.125,15,0.10000000000000098,0.0999999999999992,1.7763568394002505e-15,0.47548592206231655,0.18497713124016618,0.17111561122255037,0.054968997318372015,0.10180060732019248,0.007285802486364128,0.003197236599856109,6.994370386909563,3.0693471358618645,0.0,0.0,0.0,0.0,False,balanced_control,Balanced control,population_09,64,15.0,15.0,1.0,3.0693471358618645,0.0,0.0,0.0,0.09375,119.99999999999999,119.99999999998676,120.0,119.99999999999997,0.12500000000000006,0.12500000000000003,0.12500000000001044,0.12500000000000003,"[[0.027144223656740997, 0.008833396025782723, 0.022388609276824935, 0.008833396025782725, 0.014062981625839792, 0.022388609276824935, 0.00728580248636413, 0.014062981625839792], [0.022388609276824928, 0.007285802486364128, 0.014062981625839788, 0.014062981625839788, 0.022388609276824928, 0.02714422365674099, 0.008833396025782722, 0.008833396025782722], [0.0072858024863641305, 0.022388609276824935, 0.008833396025782723, 0.022388609276824935, 0.014062981625839795, 0.008833396025782725, 0.027144223656741, 0.014062981625839792], [0.008833396025782725, 0.014062981625839792, 0.00728580248636413, 0.027144223656740997, 0.022388609276824935, 0.014062981625839792, 0.022388609276824935, 0.008833396025782723], [0.014062981625839788, 0.008833396025782722, 0.008833396025782722, 0.022388609276824928, 0.02714422365674099, 0.022388609276824928, 0.014062981625839788, 0.007285802486364128], [0.008833396025782723, 0.027144223656741, 0.014062981625839792, 0.014062981625839795, 0.008833396025782725, 0.0072858024863641305, 0.022388609276824935, 0.02238860927682493], [0.022388609276824935, 0.014062981625839792, 0.027144223656741, 0.0072858024863641305, 0.008833396025782725, 0.014062981625839795, 0.008833396025782723, 0.022388609276824935], [0.014062981625839792, 0.02238860927682493, 0.022388609276824935, 0.008833396025782723, 0.00728580248636413, 0.008833396025782725, 0.01406298162583979, 0.027144223656740997]]","[[0.00772123142065488, 0.012700495718511217, 0.019563455827794292, 0.02073629835356376, 0.01770063738812695, 0.021158165337700364, 0.015326651110221955, 0.01009306484343247], [0.021158165337700367, 0.019563455827794292, 0.012700495718511218, 0.010093064843432474, 0.015326651110221957, 0.007721231420654884, 0.017700637388126952, 0.020736298353563755], [0.027173933639937788, 0.020736298353562235, 0.010093064843431731, 0.007286702385998867, 0.013407385137062963, 0.00506407483760298, 0.017044338138317208, 0.024194202664083706], [0.0031972365998561092, 0.007721231420653562, 0.02115816533769675, 0.02717393363993512, 0.01579910526074101, 0.03359604307162248, 0.011290209831878699, 0.005064074837602484], [0.011290209831881073, 0.015326651110222559, 0.017700637388127646, 0.017044338138319126, 0.017628958649939495, 0.015799105260744333, 0.01680271448371173, 0.01340738513706447], [0.015799105260744333, 0.017700637388127646, 0.015326651110222559, 0.01340738513706447, 0.01680271448371173, 0.011290209831881073, 0.017628958649939495, 0.017044338138319126], [0.005064074837602979, 0.010093064843431731, 0.020736298353562235, 0.024194202664083706, 0.017044338138317204, 0.027173933639937777, 0.013407385137062959, 0.007286702385998866], [0.033596043071622485, 0.021158165337696745, 0.007721231420653559, 0.005064074837602484, 0.011290209831878697, 0.003197236599856109, 0.015799105260741006, 0.02717393363993512]]"
config_8x8_d1_p00,3,1,8,8,512,512,0.1,1.1177189921842419,0.9034960587580525,1,8x8_moderate_sparse,0,2357621552,dominant_0.70,0.7,8,0.09999999999999964,0.09999999999999543,4.218847493575595e-15,1.6138103709759424,0.2080966298938086,0.22153641701889143,0.3297197543520083,0.470129392011541,0.0009047907052741193,0.0008149276638278816,0.4632528411003491,0.41724296387987536,0.765625,0.765625,0.765625,0.765625,False,moderate_sparse,Moderate sparsity,population_00,64,8.0,8.0,1.0,0.41724296387987536,0.21875,0.3125,0.78125,0.765625,21.942857142849395,21.942857142852517,21.942857142857143,21.942857142857143,0.7000000000000417,0.7,0.7000000000000272,0.7000000000000001,"[[0.0019829581343846704, 0.0009047907052748115, 0.001190555691237537, 0.0014732126166619216, 0.0019677086225379013, 0.0018805798261741897, 0.0017128484716423145, 0.031744488789230925], [0.0018805798261738588, 0.002564714545189766, 0.002811826418097227, 0.0028990259862294453, 0.0022397065970951578, 0.0025690598753322436, 0.0028083647324801055, 0.025083864876542666], [0.0011905556912368076, 0.008390077879460127, 0.00699579855043758, 0.005485582201252173, 0.0018643491147753268, 0.002811826418095999, 0.004041531428794523, 0.01207742157307849], [0.0009047907052741193, 0.011023531449836074, 0.008390077879458849, 0.0060051708517842, 0.0015522144151296428, 0.002564714545188255, 0.004038522851645613, 0.008378120158810976], [0.0014732126166612527, 0.006005170851786068, 0.005485582201253044, 0.00471231393937524, 0.0021057989197860796, 0.0028990259862286395, 0.0038035007424992787, 0.016372537599544854], [0.0019677086225377543, 0.0015522144151307144, 0.0018643491147763297, 0.0021057989197868785, 0.002139114780933018, 0.002239706597095385, 0.002234829302956344, 0.028753421103926233], [0.001712848471641793, 0.004038522851647473, 0.004041531428795767, 0.003803500742499848, 0.0022348293029558304, 0.0028083647324797447, 0.003363247679464077, 0.020854297647653158], [0.031744488789232604, 0.00837812015881783, 0.012077421573086528, 0.016372537599553157, 0.028753421103929904, 0.025083864876548404, 0.020854297647660607, 0.5567358482512127]]","[[0.0008149276638281516, 0.0020114183762552753, 0.0031147635135018686, 0.001183677699779149, 0.0011169993966245676, 0.0029215735120772936, 0.03082579969450506, 0.0008679830005722], [0.014597196045255703, 0.014597196045255703, 0.022604354309342302, 0.030825799694506325, 0.01178556675602911, 0.030825799694506332, 0.5521597331457894, 0.022604354309342302], [0.003417994514124017, 0.008436352428328587, 0.005292904115633816, 0.0008149276638278816, 0.006811389969224266, 0.0020114183762546096, 0.014597196045250267, 0.0014749597444923422], [0.006811389969223697, 0.006811389969223697, 0.0029393043105040407, 0.001116999396624104, 0.009336188748406402, 0.0011169993966241045, 0.011785566756023736, 0.0029393043105040407], [0.00147495974449262, 0.005292904115634812, 0.005637495203498756, 0.0008679830005720757, 0.00293930431050484, 0.0031147635135014232, 0.022604354309338142, 0.0009253786595975437], [0.008436352428328587, 0.003417994514124017, 0.0014749597444923422, 0.002011418376254609, 0.006811389969224266, 0.0008149276638278817, 0.014597196045250267, 0.005292904115633816], [0.0020114183762552753, 0.0008149276638281516, 0.0008679830005722, 0.0029215735120772927, 0.0011169993966245676, 0.0011836776997791495, 0.03082579969450506, 0.0031147635135018686], [0.005292904115634812, 0.00147495974449262, 0.0009253786595975437, 0.0031147635135014224, 0.00293930431050484, 0.0008679830005720759, 0.02260435430933814, 0.005637495203498756]]"
config_8x8_d1_p01,3,1,8,8,512,512,0.1,0.6802157070506542,0.9034960587580525,1,8x8_moderate_sparse,1,420951776,dominant_0.70,0.7,8,0.10000000000000031,0.09999999999999498,5.329070518200751e-15,1.6523161684655525,0.21829587039789375,0.22153641701889146,0.32967405344410405,0.4080565265565156,0.0009159222472555071,0.0008149276638278816,0.46895219059481963,0.41724296387987536,0.765625,0.765625,0.765625,0.765625,False,moderate_sparse,Moderate sparsity,population_01,64,8.0,8.0,1.0,0.41724296387987536,0.375,0.3125,0.765625,0.765625,21.942857142849984,21.942857142852517,21.94285714285714,21.942857142857143,0.7000000000000471,0.7,0.7000000000000272,0.7000000000000001,"[[0.0020272476138683197, 0.0020272476138683197, 0.0009159222472562301, 0.0009159222472562301, 0.0020272476138683197, 0.0009159222472562301, 0.03311171102651588, 0.0009159222472562301], [0.0020272476138683197, 0.0020272476138683197, 0.0009159222472562301, 0.0009159222472562301, 0.0020272476138683197, 0.0009159222472562301, 0.03311171102651588, 0.0009159222472562301], [0.0020272476138683197, 0.0020272476138683197, 0.0009159222472562301, 0.0009159222472562301, 0.0020272476138683197, 0.0009159222472562301, 0.03311171102651588, 0.0009159222472562301], [0.0009159222472555071, 0.0009159222472555071, 0.006287328185880603, 0.006287328185880603, 0.0009159222472555071, 0.006287328185880603, 0.014960063371839945, 0.006287328185880603], [0.0009159222472555071, 0.0009159222472555071, 0.006287328185880603, 0.006287328185880603, 0.0009159222472555071, 0.006287328185880603, 0.014960063371839945, 0.006287328185880603], [0.0009159222472555071, 0.0009159222472555071, 0.006287328185880603, 0.006287328185880603, 0.0009159222472555071, 0.006287328185880603, 0.014960063371839945, 0.006287328185880603], [0.033111711026515875, 0.033111711026515875, 0.014960063371851755, 0.014960063371851755, 0.033111711026515875, 0.014960063371851755, 0.5408246134330925, 0.014960063371851755], [0.0009159222472555071, 0.0009159222472555071, 0.006287328185880603, 0.006287328185880603, 0.0009159222472555071, 0.006287328185880603, 0.014960063371839945, 0.006287328185880603]]","[[0.0029393043105040407, 0.006811389969223697, 0.009336188748406402, 0.0029393043105040407, 0.001116999396624104, 0.0011169993966241045, 0.006811389969223697, 0.011785566756023736], [0.005292904115633816, 0.003417994514124017, 0.006811389969224266, 0.0014749597444923422, 0.0008149276638278816, 0.0020114183762546096, 0.008436352428328587, 0.014597196045250267], [0.0014749597444923422, 0.008436352428328587, 0.006811389969224266, 0.005292904115633816, 0.002011418376254609, 0.0008149276638278817, 0.003417994514124017, 0.014597196045250267], [0.0031147635135018686, 0.0008149276638281516, 0.0011169993966245676, 0.0008679830005722, 0.001183677699779149, 0.0029215735120772936, 0.0020114183762552753, 0.03082579969450506], [0.0009253786595975437, 0.005292904115634812, 0.00293930431050484, 0.005637495203498756, 0.0031147635135014224, 0.0008679830005720759, 0.00147495974449262, 0.02260435430933814], [0.022604354309342302, 0.014597196045255703, 0.01178556675602911, 0.022604354309342302, 0.030825799694506325, 0.030825799694506332, 0.014597196045255703, 0.5521597331457894], [0.005637495203498756, 0.00147495974449262, 0.00293930431050484, 0.0009253786595975437, 0.0008679830005720757, 0.0031147635135014232, 0.005292904115634812, 0.022604354309338142], [0.0008679830005722, 0.0020114183762552753, 0.0011169993966245676, 0.0031147635135018686, 0.0029215735120772927, 0.0011836776997791495, 0.0008149276638281516, 0.03082579969450506]]"
config_8x8_d1_p02,3,1,8,8,512,512,0.1,0.6802157070506542,0.9034960587580525,1,8x8_moderate_sparse,2,3393406824,dominant_0.70,0.7,8,0.10000000000000075,0.09999999999999543,5.329070518200751e-15,1.6103435143316025,0.21829587039789372,0.22153641701889148,0.3159858339560815,0.43922713196512114,0.0009159222472555071,0.0008149276638278816,0.46895219059481963,0.41724296387987536,0.765625,0.765625,0.765625,0.765625,False,moderate_sparse,Moderate sparsity,population_02,64,8.0,8.0,1.0,0.41724296387987536,0.375,0.3125,0.765625,0.765625,21.942857142849984,21.942857142852517,21.942857142857143,21.942857142857143,0.7000000000000471,0.7,0.7000000000000272,0.7000000000000001,"[[0.0009159222472562301, 0.0009159222472562301, 0.0020272476138683197, 0.0009159222472562301, 0.0009159222472562301, 0.03311171102651588, 0.0020272476138683197, 0.0020272476138683197], [0.006287328185880603, 0.006287328185880603, 0.0009159222472555071, 0.006287328185880603, 0.006287328185880603, 0.014960063371839945, 0.0009159222472555071, 0.0009159222472555071], [0.0009159222472562301, 0.0009159222472562301, 0.0020272476138683197, 0.0009159222472562301, 0.0009159222472562301, 0.03311171102651588, 0.0020272476138683197, 0.0020272476138683197], [0.006287328185880603, 0.006287328185880603, 0.0009159222472555071, 0.006287328185880603, 0.006287328185880603, 0.014960063371839945, 0.0009159222472555071, 0.0009159222472555071], [0.006287328185880603, 0.006287328185880603, 0.0009159222472555071, 0.006287328185880603, 0.006287328185880603, 0.014960063371839945, 0.0009159222472555071, 0.0009159222472555071], [0.006287328185880603, 0.006287328185880603, 0.0009159222472555071, 0.006287328185880603, 0.006287328185880603, 0.014960063371839945, 0.0009159222472555071, 0.0009159222472555071], [0.0009159222472562301, 0.0009159222472562301, 0.0020272476138683197, 0.0009159222472562301, 0.0009159222472562301, 0.03311171102651588, 0.0020272476138683197, 0.0020272476138683197], [0.014960063371851755, 0.014960063371851755, 0.033111711026515875, 0.014960063371851755, 0.014960063371851755, 0.5408246134330925, 0.033111711026515875, 0.033111711026515875]]","[[0.0029393043105040407, 0.0011169993966241045, 0.001116999396624104, 0.009336188748406402, 0.006811389969223697, 0.006811389969223697, 0.0029393043105040407, 0.011785566756023736], [0.005292904115633816, 0.0020114183762546096, 0.0008149276638278816, 0.006811389969224266, 0.008436352428328587, 0.003417994514124017, 0.0014749597444923422, 0.014597196045250267], [0.0009253786595975437, 0.0008679830005720759, 0.0031147635135014224, 0.00293930431050484, 0.00147495974449262, 0.005292904115634812, 0.005637495203498756, 0.02260435430933814], [0.0014749597444923422, 0.0008149276638278817, 0.002011418376254609, 0.006811389969224266, 0.003417994514124017, 0.008436352428328587, 0.005292904115633816, 0.014597196045250267], [0.005637495203498756, 0.0031147635135014232, 0.0008679830005720757, 0.00293930431050484, 0.005292904115634812, 0.00147495974449262, 0.0009253786595975437, 0.022604354309338142], [0.022604354309342302, 0.030825799694506332, 0.030825799694506325, 0.01178556675602911, 0.014597196045255703, 0.014597196045255703, 0.022604354309342302, 0.5521597331457894], [0.0031147635135018686, 0.0029215735120772936, 0.001183677699779149, 0.0011169993966245676, 0.0020114183762552753, 0.0008149276638281516, 0.0008679830005722, 0.03082579969450506], [0.0008679830005722, 0.0011836776997791495, 0.0029215735120772927, 0.0011169993966245676, 0.0008149276638281516, 0.0020114183762552753, 0.0031147635135018686, 0.03082579969450506]]"
config_8x8_d1_p03,3,1,8,8,512,512,0.1,0.9034960587580525,0.6802157070506542,1,8x8_moderate_sparse,3,1848212617,dominant_0.70,0.7,8,0.09999999999999565,0.10000000000000075,-5.10702591327572e-15,1.4879691257784122,0.22153641701889148,0.2182958703978937,0.056122027254335904,0.12270914898605774,0.0008149276638278816,0.0009159222472555071,0.41724296387987536,0.46895219059481963,0.765625,0.765625,0.765625,0.765625,False,moderate_sparse,Moderate sparsity,population_03,64,8.0,8.0,1.0,0.41724296387987536,0.3125,0.375,0.765625,0.765625,21.942857142852517,21.942857142849984,21.942857142857143,21.942857142857143,0.700000000000027,0.7000000000000001,0.7000000000000471,0.7,"[[0.006811389969223697, 0.006811389969223697, 0.009336188748406402, 0.0029393043105040407, 0.0011169993966241045, 0.011785566756023736, 0.001116999396624104, 0.0029393043105040407], [0.0020114183762552753, 0.0008149276638281516, 0.0011169993966245676, 0.0008679830005722, 0.0029215735120772936, 0.03082579969450506, 0.001183677699779149, 0.0031147635135018686], [0.0008149276638281516, 0.0020114183762552753, 0.0011169993966245676, 0.0031147635135018686, 0.0011836776997791495, 0.03082579969450506, 0.0029215735120772927, 0.0008679830005722], [0.005292904115634812, 0.00147495974449262, 0.00293930431050484, 0.0009253786595975437, 0.0031147635135014232, 0.022604354309338142, 0.0008679830005720757, 0.005637495203498756], [0.003417994514124017, 0.008436352428328587, 0.006811389969224266, 0.005292904115633816, 0.0008149276638278817, 0.014597196045250267, 0.002011418376254609, 0.0014749597444923422], [0.008436352428328587, 0.003417994514124017, 0.006811389969224266, 0.0014749597444923422, 0.0020114183762546096, 0.014597196045250267, 0.0008149276638278816, 0.005292904115633816], [0.00147495974449262, 0.005292904115634812, 0.00293930431050484, 0.005637495203498756, 0.0008679830005720759, 0.02260435430933814, 0.0031147635135014224, 0.0009253786595975437], [0.014597196045255703, 0.014597196045255703, 0.01178556675602911, 0.022604354309342302, 0.030825799694506332, 0.5521597331457894, 0.030825799694506325, 0.022604354309342302]]","[[0.006287328185880603, 0.006287328185880603, 0.006287328185880603, 0.0009159222472555071, 0.006287328185880603, 0.014960063371839945, 0.0009159222472555071, 0.0009159222472555071], [0.0009159222472562301, 0.0009159222472562301, 0.0009159222472562301, 0.0020272476138683197, 0.0009159222472562301, 0.03311171102651588, 0.0020272476138683197, 0.0020272476138683197], [0.006287328185880603, 0.006287328185880603, 0.006287328185880603, 0.0009159222472555071, 0.006287328185880603, 0.014960063371839945, 0.0009159222472555071, 0.0009159222472555071], [0.014960063371851755, 0.014960063371851755, 0.014960063371851755, 0.033111711026515875, 0.014960063371851755, 0.5408246134330925, 0.033111711026515875, 0.033111711026515875], [0.0009159222472562301, 0.0009159222472562301, 0.0009159222472562301, 0.0020272476138683197, 0.0009159222472562301, 0.03311171102651588, 0.0020272476138683197, 0.0020272476138683197], [0.0009159222472562301, 0.0009159222472562301, 0.0009159222472562301, 0.0020272476138683197, 0.0009159222472562301, 0.03311171102651588, 0.0020272476138683197, 0.0020272476138683197], [0.006287328185880603, 0.006287328185880603, 0.006287328185880603, 0.0009159222472555071, 0.006287328185880603, 0.014960063371839945, 0.0009159222472555071, 0.0009159222472555071], [0.006287328185880603, 0.006287328185880603, 0.006287328185880603, 0.0009159222472555071, 0.006287328185880603, 0.014960063371839945, 0.0009159222472555071, 0.0009159222472555071]]"
config_8x8_d1_p04,3,1,8,8,512,512,0.1,1.1177189921842419,0.9034960587580525,1,8x8_moderate_sparse,4,3947626695,dominant_0.70,0.7,8,0.09999999999999964,0.0999999999999952,4.440892098500626e-15,1.6336363702658563,0.20809662989380856,0.22153641701889143,0.3273205771392269,0.43283976376070254,0.0009047907052741193,0.0008149276638278816,0.4632528411003491,0.41724296387987536,0.765625,0.765625,0.765625,0.765625,False,moderate_sparse,Moderate sparsity,population_04,64,8.0,8.0,1.0,0.41724296387987536,0.21875,0.3125,0.78125,0.765625,21.942857142849398,21.942857142852514,21.942857142857143,21.942857142857143,0.7000000000000417,0.7,0.7000000000000272,0.7000000000000001,"[[0.002564714545188255, 0.008378120158810976, 0.0060051708517842, 0.008390077879458849, 0.004038522851645613, 0.011023531449836074, 0.0015522144151296428, 0.0009047907052741193], [0.002239706597095385, 0.028753421103926233, 0.0021057989197868785, 0.0018643491147763297, 0.002234829302956344, 0.0015522144151307144, 0.002139114780933018, 0.0019677086225377543], [0.0025690598753322436, 0.025083864876542666, 0.0028990259862294453, 0.002811826418097227, 0.0028083647324801055, 0.002564714545189766, 0.0022397065970951578, 0.0018805798261738588], [0.002811826418095999, 0.01207742157307849, 0.005485582201252173, 0.00699579855043758, 0.004041531428794523, 0.008390077879460127, 0.0018643491147753268, 0.0011905556912368076], [0.0028990259862286395, 0.016372537599544854, 0.00471231393937524, 0.005485582201253044, 0.0038035007424992787, 0.006005170851786068, 0.0021057989197860796, 0.0014732126166612527], [0.0018805798261741897, 0.031744488789230925, 0.0014732126166619216, 0.001190555691237537, 0.0017128484716423145, 0.0009047907052748115, 0.0019677086225379013, 0.0019829581343846704], [0.025083864876548404, 0.5567358482512127, 0.016372537599553157, 0.012077421573086528, 0.020854297647660607, 0.00837812015881783, 0.028753421103929904, 0.031744488789232604], [0.0028083647324797447, 0.020854297647653158, 0.003803500742499848, 0.004041531428795767, 0.003363247679464077, 0.004038522851647473, 0.0022348293029558304, 0.001712848471641793]]","[[0.0009253786595975437, 0.005637495203498756, 0.00293930431050484, 0.005292904115634812, 0.00147495974449262, 0.02260435430933814, 0.0008679830005720759, 0.0031147635135014224], [0.0008679830005722, 0.0031147635135018686, 0.0011169993966245676, 0.0020114183762552753, 0.0008149276638281516, 0.03082579969450506, 0.0011836776997791495, 0.0029215735120772927], [0.005637495203498756, 0.0009253786595975437, 0.00293930431050484, 0.00147495974449262, 0.005292904115634812, 0.022604354309338142, 0.0031147635135014232, 0.0008679830005720757], [0.022604354309342302, 0.022604354309342302, 0.01178556675602911, 0.014597196045255703, 0.014597196045255703, 0.5521597331457894, 0.030825799694506332, 0.030825799694506325], [0.005292904115633816, 0.0014749597444923422, 0.006811389969224266, 0.003417994514124017, 0.008436352428328587, 0.014597196045250267, 0.0020114183762546096, 0.0008149276638278816], [0.0029393043105040407, 0.0029393043105040407, 0.009336188748406402, 0.006811389969223697, 0.006811389969223697, 0.011785566756023736, 0.0011169993966241045, 0.001116999396624104], [0.0031147635135018686, 0.0008679830005722, 0.0011169993966245676, 0.0008149276638281516, 0.0020114183762552753, 0.03082579969450506, 0.0029215735120772936, 0.001183677699779149], [0.0014749597444923422, 0.005292904115633816, 0.006811389969224266, 0.008436352428328587, 0.003417994514124017, 0.014597196045250267, 0.0008149276638278817, 0.002011418376254609]]"
config_8x8_d1_p05,3,1,8,8,512,512,0.1,0.9034960587580525,1.1177189921842419,1,8x8_moderate_sparse,5,2557801400,dominant_0.70,0.7,8,0.0999999999999952,0.09999999999999964,-4.440892098500626e-15,1.6439876778611087,0.22153641701889143,0.20809662989380853,0.32588164655999474,0.4131876240754392,0.0008149276638278816,0.0009047907052741193,0.41724296387987536,0.4632528411003491,0.765625,0.765625,0.765625,0.765625,False,moderate_sparse,Moderate sparsity,population_05,64,8.0,8.0,1.0,0.41724296387987536,0.3125,0.21875,0.765625,0.78125,21.942857142852514,21.942857142849395,21.942857142857143,21.942857142857143,0.700000000000027,0.7,0.7000000000000417,0.7,"[[0.0029215735120772936, 0.001183677699779149, 0.03082579969450506, 0.0011169993966245676, 0.0031147635135018686, 0.0008679830005722, 0.0008149276638281516, 0.0020114183762552753], [0.0011169993966241045, 0.001116999396624104, 0.011785566756023736, 0.009336188748406402, 0.0029393043105040407, 0.0029393043105040407, 0.006811389969223697, 0.006811389969223697], [0.0031147635135014232, 0.0008679830005720757, 0.022604354309338142, 0.00293930431050484, 0.005637495203498756, 0.0009253786595975437, 0.00147495974449262, 0.005292904115634812], [0.0020114183762546096, 0.0008149276638278816, 0.014597196045250267, 0.006811389969224266, 0.005292904115633816, 0.0014749597444923422, 0.003417994514124017, 0.008436352428328587], [0.030825799694506332, 0.030825799694506325, 0.5521597331457894, 0.01178556675602911, 0.022604354309342302, 0.022604354309342302, 0.014597196045255703, 0.014597196045255703], [0.0008679830005720759, 0.0031147635135014224, 0.02260435430933814, 0.00293930431050484, 0.0009253786595975437, 0.005637495203498756, 0.005292904115634812, 0.00147495974449262], [0.0011836776997791495, 0.0029215735120772927, 0.03082579969450506, 0.0011169993966245676, 0.0008679830005722, 0.0031147635135018686, 0.0020114183762552753, 0.0008149276638281516], [0.0008149276638278817, 0.002011418376254609, 0.014597196045250267, 0.006811389969224266, 0.0014749597444923422, 0.005292904115633816, 0.008436352428328587, 0.003417994514124017]]","[[0.020854297647653158, 0.004041531428795767, 0.003803500742499848, 0.003363247679464077, 0.0028083647324797447, 0.001712848471641793, 0.004038522851647473, 0.0022348293029558304], [0.5567358482512127, 0.012077421573086528, 0.016372537599553157, 0.020854297647660607, 0.025083864876548404, 0.031744488789232604, 0.00837812015881783, 0.028753421103929904], [0.016372537599544854, 0.005485582201253044, 0.00471231393937524, 0.0038035007424992787, 0.0028990259862286395, 0.0014732126166612527, 0.006005170851786068, 0.0021057989197860796], [0.025083864876542666, 0.002811826418097227, 0.0028990259862294453, 0.0028083647324801055, 0.0025690598753322436, 0.0018805798261738588, 0.002564714545189766, 0.0022397065970951578], [0.01207742157307849, 0.00699579855043758, 0.005485582201252173, 0.004041531428794523, 0.002811826418095999, 0.0011905556912368076, 0.008390077879460127, 0.0018643491147753268], [0.028753421103926233, 0.0018643491147763297, 0.0021057989197868785, 0.002234829302956344, 0.002239706597095385, 0.0019677086225377543, 0.0015522144151307144, 0.002139114780933018], [0.008378120158810976, 0.008390077879458849, 0.0060051708517842, 0.004038522851645613, 0.002564714545188255, 0.0009047907052741193, 0.011023531449836074, 0.0015522144151296428], [0.031744488789230925, 0.001190555691237537, 0.0014732126166619216, 0.0017128484716423145, 0.0018805798261741897, 0.0019829581343846704, 0.0009047907052748115, 0.0019677086225379013]]"
config_8x8_d1_p06,3,1,8,8,512,512,0.1,0.6802157070506542,1.1177189921842419,1,8x8_moderate_sparse,6,2801378825,dominant_0.70,0.7,8,0.10000000000000053,0.09999999999999964,8.881784197001252e-16,1.4552664395144093,0.21829587039789372,0.20809662989380862,0.07619457418432973,0.16188912836220348,0.0009159222472555071,0.0009047907052741193,0.46895219059481963,0.4632528411003491,0.765625,0.765625,0.765625,0.765625,False,moderate_sparse,Moderate sparsity,population_06,64,8.0,8.0,1.0,0.4632528411003491,0.375,0.21875,0.765625,0.78125,21.942857142849988,21.942857142849398,21.942857142857143,21.942857142857143,0.7000000000000471,0.7,0.7000000000000417,0.7000000000000001,"[[0.014960063371839945, 0.0009159222472555071, 0.006287328185880603, 0.0009159222472555071, 0.006287328185880603, 0.006287328185880603, 0.0009159222472555071, 0.006287328185880603], [0.014960063371839945, 0.0009159222472555071, 0.006287328185880603, 0.0009159222472555071, 0.006287328185880603, 0.006287328185880603, 0.0009159222472555071, 0.006287328185880603], [0.03311171102651588, 0.0020272476138683197, 0.0009159222472562301, 0.0020272476138683197, 0.0009159222472562301, 0.0009159222472562301, 0.0020272476138683197, 0.0009159222472562301], [0.03311171102651588, 0.0020272476138683197, 0.0009159222472562301, 0.0020272476138683197, 0.0009159222472562301, 0.0009159222472562301, 0.0020272476138683197, 0.0009159222472562301], [0.014960063371839945, 0.0009159222472555071, 0.006287328185880603, 0.0009159222472555071, 0.006287328185880603, 0.006287328185880603, 0.0009159222472555071, 0.006287328185880603], [0.014960063371839945, 0.0009159222472555071, 0.006287328185880603, 0.0009159222472555071, 0.006287328185880603, 0.006287328185880603, 0.0009159222472555071, 0.006287328185880603], [0.03311171102651588, 0.0020272476138683197, 0.0009159222472562301, 0.0020272476138683197, 0.0009159222472562301, 0.0009159222472562301, 0.0020272476138683197, 0.0009159222472562301], [0.5408246134330925, 0.033111711026515875, 0.014960063371851755, 0.033111711026515875, 0.014960063371851755, 0.014960063371851755, 0.033111711026515875, 0.014960063371851755]]","[[0.016372537599544854, 0.0028990259862286395, 0.0038035007424992787, 0.0021057989197860796, 0.00471231393937524, 0.006005170851786068, 0.0014732126166612527, 0.005485582201253044], [0.028753421103926233, 0.002239706597095385, 0.002234829302956344, 0.002139114780933018, 0.0021057989197868785, 0.0015522144151307144, 0.0019677086225377543, 0.0018643491147763297], [0.5567358482512127, 0.025083864876548404, 0.020854297647660607, 0.028753421103929904, 0.016372537599553157, 0.00837812015881783, 0.031744488789232604, 0.012077421573086528], [0.008378120158810976, 0.002564714545188255, 0.004038522851645613, 0.0015522144151296428, 0.0060051708517842, 0.011023531449836074, 0.0009047907052741193, 0.008390077879458849], [0.01207742157307849, 0.002811826418095999, 0.004041531428794523, 0.0018643491147753268, 0.005485582201252173, 0.008390077879460127, 0.0011905556912368076, 0.00699579855043758], [0.025083864876542666, 0.0025690598753322436, 0.0028083647324801055, 0.0022397065970951578, 0.0028990259862294453, 0.002564714545189766, 0.0018805798261738588, 0.002811826418097227], [0.031744488789230925, 0.0018805798261741897, 0.0017128484716423145, 0.0019677086225379013, 0.0014732126166619216, 0.0009047907052748115, 0.0019829581343846704, 0.001190555691237537], [0.020854297647653158, 0.0028083647324797447, 0.003363247679464077, 0.0022348293029558304, 0.003803500742499848, 0.004038522851647473, 0.001712848471641793, 0.004041531428795767]]"
config_8x8_d1_p07,3,1,8,8,512,512,0.1,0.9034960587580525,1.1177189921842419,1,8x8_moderate_sparse,7,3809903536,dominant_0.70,0.7,8,0.0999999999999952,0.09999999999999964,-4.440892098500626e-15,1.638940419245258,0.22153641701889146,0.20809662989380853,0.321655083987225,0.44137348757993744,0.0008149276638278816,0.0009047907052741193,0.41724296387987536,0.4632528411003491,0.765625,0.765625,0.765625,0.765625,False,moderate_sparse,Moderate sparsity,population_07,64,8.0,8.0,1.0,0.41724296387987536,0.3125,0.21875,0.765625,0.78125,21.942857142852517,21.942857142849398,21.942857142857143,21.942857142857143,0.7000000000000272,0.7000000000000001,0.7000000000000417,0.7,"[[0.005292904115634812, 0.0009253786595975437, 0.0031147635135014224, 0.02260435430933814, 0.00147495974449262, 0.0008679830005720759, 0.00293930431050484, 0.005637495203498756], [0.00147495974449262, 0.005637495203498756, 0.0008679830005720757, 0.022604354309338142, 0.005292904115634812, 0.0031147635135014232, 0.00293930431050484, 0.0009253786595975437], [0.008436352428328587, 0.0014749597444923422, 0.002011418376254609, 0.014597196045250267, 0.003417994514124017, 0.0008149276638278817, 0.006811389969224266, 0.005292904115633816], [0.014597196045255703, 0.022604354309342302, 0.030825799694506325, 0.5521597331457894, 0.014597196045255703, 0.030825799694506332, 0.01178556675602911, 0.022604354309342302], [0.006811389969223697, 0.0029393043105040407, 0.001116999396624104, 0.011785566756023736, 0.006811389969223697, 0.0011169993966241045, 0.009336188748406402, 0.0029393043105040407], [0.0020114183762552753, 0.0008679830005722, 0.0029215735120772927, 0.03082579969450506, 0.0008149276638281516, 0.0011836776997791495, 0.0011169993966245676, 0.0031147635135018686], [0.0008149276638281516, 0.0031147635135018686, 0.001183677699779149, 0.03082579969450506, 0.0020114183762552753, 0.0029215735120772936, 0.0011169993966245676, 0.0008679830005722], [0.003417994514124017, 0.005292904115633816, 0.0008149276638278816, 0.014597196045250267, 0.008436352428328587, 0.0020114183762546096, 0.006811389969224266, 0.0014749597444923422]]","[[0.0018643491147763297, 0.0015522144151307144, 0.028753421103926233, 0.002234829302956344, 0.002139114780933018, 0.0019677086225377543, 0.002239706597095385, 0.0021057989197868785], [0.002811826418097227, 0.002564714545189766, 0.025083864876542666, 0.0028083647324801055, 0.0022397065970951578, 0.0018805798261738588, 0.0025690598753322436, 0.0028990259862294453], [0.005485582201253044, 0.006005170851786068, 0.016372537599544854, 0.0038035007424992787, 0.0021057989197860796, 0.0014732126166612527, 0.0028990259862286395, 0.00471231393937524], [0.004041531428795767, 0.004038522851647473, 0.020854297647653158, 0.003363247679464077, 0.0022348293029558304, 0.001712848471641793, 0.0028083647324797447, 0.003803500742499848], [0.001190555691237537, 0.0009047907052748115, 0.031744488789230925, 0.0017128484716423145, 0.0019677086225379013, 0.0019829581343846704, 0.0018805798261741897, 0.0014732126166619216], [0.008390077879458849, 0.011023531449836074, 0.008378120158810976, 0.004038522851645613, 0.0015522144151296428, 0.0009047907052741193, 0.002564714545188255, 0.0060051708517842], [0.00699579855043758, 0.008390077879460127, 0.01207742157307849, 0.004041531428794523, 0.0018643491147753268, 0.0011905556912368076, 0.002811826418095999, 0.005485582201252173], [0.012077421573086528, 0.00837812015881783, 0.5567358482512127, 0.020854297647660607, 0.028753421103929904, 0.031744488789232604, 0.025083864876548404, 0.016372537599553157]]"
config_8x8_d1_p08,3,1,8,8,512,512,0.1,1.1177189921842419,0.6802157070506542,1,8x8_moderate_sparse,8,1228818891,dominant_0.70,0.7,8,0.09999999999999964,0.10000000000000009,-4.440892098500626e-16,1.6431725739325773,0.20809662989380853,0.21829587039789372,0.3306137172702752,0.3992894952911396,0.0009047907052741193,0.0009159222472555071,0.4632528411003491,0.46895219059481963,0.765625,0.765625,0.765625,0.765625,False,moderate_sparse,Moderate sparsity,population_08,64,8.0,8.0,1.0,0.4632528411003491,0.21875,0.375,0.78125,0.765625,21.942857142849398,21.942857142849988,21.942857142857143,21.942857142857143,0.7000000000000417,0.7,0.7000000000000471,0.7,"[[0.004041531428795767, 0.0022348293029558304, 0.0028083647324797447, 0.001712848471641793, 0.003363247679464077, 0.004038522851647473, 0.020854297647653158, 0.003803500742499848], [0.008390077879458849, 0.0015522144151296428, 0.002564714545188255, 0.0009047907052741193, 0.004038522851645613, 0.011023531449836074, 0.008378120158810976, 0.0060051708517842], [0.00699579855043758, 0.0018643491147753268, 0.002811826418095999, 0.0011905556912368076, 0.004041531428794523, 0.008390077879460127, 0.01207742157307849, 0.005485582201252173], [0.002811826418097227, 0.0022397065970951578, 0.0025690598753322436, 0.0018805798261738588, 0.0028083647324801055, 0.002564714545189766, 0.025083864876542666, 0.0028990259862294453], [0.005485582201253044, 0.0021057989197860796, 0.0028990259862286395, 0.0014732126166612527, 0.0038035007424992787, 0.006005170851786068, 0.016372537599544854, 0.00471231393937524], [0.012077421573086528, 0.028753421103929904, 0.025083864876548404, 0.031744488789232604, 0.020854297647660607, 0.00837812015881783, 0.5567358482512127, 0.016372537599553157], [0.0018643491147763297, 0.002139114780933018, 0.002239706597095385, 0.0019677086225377543, 0.002234829302956344, 0.0015522144151307144, 0.028753421103926233, 0.0021057989197868785], [0.001190555691237537, 0.0019677086225379013, 0.0018805798261741897, 0.0019829581343846704, 0.0017128484716423145, 0.0009047907052748115, 0.031744488789230925, 0.0014732126166619216]]","[[0.0009159222472555071, 0.006287328185880603, 0.0009159222472555071, 0.0009159222472555071, 0.014960063371839945, 0.006287328185880603, 0.006287328185880603, 0.006287328185880603], [0.0020272476138683197, 0.0009159222472562301, 0.0020272476138683197, 0.0020272476138683197, 0.03311171102651588, 0.0009159222472562301, 0.0009159222472562301, 0.0009159222472562301], [0.033111711026515875, 0.014960063371851755, 0.033111711026515875, 0.033111711026515875, 0.5408246134330925, 0.014960063371851755, 0.014960063371851755, 0.014960063371851755], [0.0020272476138683197, 0.0009159222472562301, 0.0020272476138683197, 0.0020272476138683197, 0.03311171102651588, 0.0009159222472562301, 0.0009159222472562301, 0.0009159222472562301], [0.0020272476138683197, 0.0009159222472562301, 0.0020272476138683197, 0.0020272476138683197, 0.03311171102651588, 0.0009159222472562301, 0.0009159222472562301, 0.0009159222472562301], [0.0009159222472555071, 0.006287328185880603, 0.0009159222472555071, 0.0009159222472555071, 0.014960063371839945, 0.006287328185880603, 0.006287328185880603, 0.006287328185880603], [0.0009159222472555071, 0.006287328185880603, 0.0009159222472555071, 0.0009159222472555071, 0.014960063371839945, 0.006287328185880603, 0.006287328185880603, 0.006287328185880603], [0.0009159222472555071, 0.006287328185880603, 0.0009159222472555071, 0.0009159222472555071, 0.014960063371839945, 0.006287328185880603, 0.006287328185880603, 0.006287328185880603]]"
config_8x8_d1_p09,3,1,8,8,512,512,0.1,0.9034960587580525,1.1177189921842419,1,8x8_moderate_sparse,9,843479962,dominant_0.70,0.7,8,0.09999999999999498,0.09999999999999964,-4.6629367034256575e-15,1.6368117703537863,0.22153641701889148,0.20809662989380856,0.31432228449088084,0.47096634841035573,0.0008149276638278816,0.0009047907052741193,0.41724296387987536,0.4632528411003491,0.765625,0.765625,0.765625,0.765625,False,moderate_sparse,Moderate sparsity,population_09,64,8.0,8.0,1.0,0.41724296387987536,0.3125,0.21875,0.765625,0.78125,21.942857142852514,21.942857142849398,21.942857142857143,21.942857142857143,0.7000000000000272,0.7000000000000001,0.7000000000000417,0.7,"[[0.0008149276638278816, 0.0014749597444923422, 0.0020114183762546096, 0.003417994514124017, 0.005292904115633816, 0.014597196045250267, 0.006811389969224266, 0.008436352428328587], [0.002011418376254609, 0.005292904115633816, 0.0008149276638278817, 0.008436352428328587, 0.0014749597444923422, 0.014597196045250267, 0.006811389969224266, 0.003417994514124017], [0.030825799694506325, 0.022604354309342302, 0.030825799694506332, 0.014597196045255703, 0.022604354309342302, 0.5521597331457894, 0.01178556675602911, 0.014597196045255703], [0.0029215735120772927, 0.0031147635135018686, 0.0011836776997791495, 0.0020114183762552753, 0.0008679830005722, 0.03082579969450506, 0.0011169993966245676, 0.0008149276638281516], [0.0031147635135014224, 0.005637495203498756, 0.0008679830005720759, 0.005292904115634812, 0.0009253786595975437, 0.02260435430933814, 0.00293930431050484, 0.00147495974449262], [0.001183677699779149, 0.0008679830005722, 0.0029215735120772936, 0.0008149276638281516, 0.0031147635135018686, 0.03082579969450506, 0.0011169993966245676, 0.0020114183762552753], [0.001116999396624104, 0.0029393043105040407, 0.0011169993966241045, 0.006811389969223697, 0.0029393043105040407, 0.011785566756023736, 0.009336188748406402, 0.006811389969223697], [0.0008679830005720757, 0.0009253786595975437, 0.0031147635135014232, 0.00147495974449262, 0.005637495203498756, 0.022604354309338142, 0.00293930431050484, 0.005292904115634812]]","[[0.0014732126166619216, 0.031744488789230925, 0.0018805798261741897, 0.0019829581343846704, 0.001190555691237537, 0.0019677086225379013, 0.0017128484716423145, 0.0009047907052748115], [0.00471231393937524, 0.016372537599544854, 0.0028990259862286395, 0.0014732126166612527, 0.005485582201253044, 0.0021057989197860796, 0.0038035007424992787, 0.006005170851786068], [0.0021057989197868785, 0.028753421103926233, 0.002239706597095385, 0.0019677086225377543, 0.0018643491147763297, 0.002139114780933018, 0.002234829302956344, 0.0015522144151307144], [0.016372537599553157, 0.5567358482512127, 0.025083864876548404, 0.031744488789232604, 0.012077421573086528, 0.028753421103929904, 0.020854297647660607, 0.00837812015881783], [0.005485582201252173, 0.01207742157307849, 0.002811826418095999, 0.0011905556912368076, 0.00699579855043758, 0.0018643491147753268, 0.004041531428794523, 0.008390077879460127], [0.0028990259862294453, 0.025083864876542666, 0.0025690598753322436, 0.0018805798261738588, 0.002811826418097227, 0.0022397065970951578, 0.0028083647324801055, 0.002564714545189766], [0.003803500742499848, 0.020854297647653158, 0.0028083647324797447, 0.001712848471641793, 0.004041531428795767, 0.0022348293029558304, 0.003363247679464077, 0.004038522851647473], [0.0060051708517842, 0.008378120158810976, 0.002564714545188255, 0.0009047907052741193, 0.008390077879458849, 0.0015522144151296428, 0.004038522851645613, 0.011023531449836074]]"
config_8x8_d2_p00,3,2,8,8,192,192,0.1,1.2205871981357819,1.5873994648592764,1,8x8_ultra_sparse,0,1481003671,dominant_0.90,0.9,3,0.09999999999999987,0.10000000000000053,-6.661338147750939e-16,1.8647010541587614,0.29186276185460963,0.3033721818565919,0.0695836072284799,0.1874485504984775,6.372119273208377e-05,5.913016863558025e-05,0.012234469004560085,0.011352992378031408,0.765625,0.765625,0.984375,0.984375,False,ultra_sparse,Ultra-sparsity,population_00,64,3.0,3.0,1.0,0.011352992378031408,0.890625,0.859375,0.984375,0.984375,2.742857142854425,2.742857142851617,2.742857142857142,2.742857142857141,0.9000000000000541,0.9000000000000001,0.9000000000000878,0.8999999999999998,"[[0.0025200288913456506, 6.372119273208377e-05, 0.0025200288913456506, 0.0025200288913456506, 0.004014435142121279, 6.372119273208377e-05, 6.372119273208377e-05, 0.0025200288913456506], [6.37211927322982e-05, 0.00021258832598160517, 6.37211927322982e-05, 6.37211927322982e-05, 0.01339306453684113, 0.00021258832598160517, 0.00021258832598160517, 6.37211927322982e-05], [6.37211927322982e-05, 0.00021258832598160517, 6.37211927322982e-05, 6.37211927322982e-05, 0.01339306453684113, 0.00021258832598160517, 0.00021258832598160517, 6.37211927322982e-05], [0.0025200288913456506, 6.372119273208377e-05, 0.0025200288913456506, 0.0025200288913456506, 0.004014435142121279, 6.372119273208377e-05, 6.372119273208377e-05, 0.0025200288913456506], [0.004014435142134788, 0.01339306453684113, 0.004014435142134788, 0.004014435142134788, 0.8437630658209916, 0.01339306453684113, 0.01339306453684113, 0.004014435142134788], [0.0025200288913456506, 6.372119273208377e-05, 0.0025200288913456506, 0.0025200288913456506, 0.004014435142121279, 6.372119273208377e-05, 6.372119273208377e-05, 0.0025200288913456506], [0.0025200288913456506, 6.372119273208377e-05, 0.0025200288913456506, 0.0025200288913456506, 0.004014435142121279, 6.372119273208377e-05, 6.372119273208377e-05, 0.0025200288913456506], [6.37211927322982e-05, 0.00021258832598160517, 6.37211927322982e-05, 6.37211927322982e-05, 0.01339306453684113, 0.00021258832598160517, 0.00021258832598160517, 6.37211927322982e-05]]","[[0.0006289508848315708, 5.9130168635838446e-05, 9.671687853768783e-05, 0.00028920643082505523, 0.01257355236168966, 0.00047304352224478407, 9.848561203622859e-05, 6.662842691365068e-05], [0.002119204408865151, 0.00019923481640949698, 6.662842691355006e-05, 0.0018807124807615064, 0.008661942230156696, 0.0006289508848306206, 0.0006404529774927954, 8.858806027688926e-05], [0.0018807124807561353, 0.0008647958959677337, 5.913016863558028e-05, 0.004229728076801004, 0.003982965056262112, 0.00028920643082379235, 0.0027799413600367276, 0.00019923481640892797], [6.66284269136507e-05, 0.00028920643082505534, 0.00047304352224478445, 5.913016863583847e-05, 0.012573552361689657, 9.671687853768782e-05, 9.848561203622863e-05, 0.000628950884831571], [0.00019923481640892797, 0.004229728076801004, 0.00028920643082379246, 0.0008647958959677337, 0.003982965056262112, 5.913016863558025e-05, 0.0027799413600367276, 0.0018807124807561353], [0.0006404529774901562, 0.0027799413600332113, 9.8485612035674e-05, 0.0027799413600332113, 0.002617759131183736, 9.848561203567396e-05, 0.004630195255383687, 0.0006404529774901562], [8.858806027688927e-05, 0.0018807124807615067, 0.0006289508848306211, 0.000199234816409497, 0.008661942230156695, 6.662842691355003e-05, 0.0006404529774927955, 0.002119204408865151], [0.008661942230171799, 0.0039829650562804315, 0.012573552361692587, 0.0039829650562804315, 0.8469453215725992, 0.012573552361692587, 0.0026177591311990875, 0.008661942230171795]]"
config_8x8_d2_p01,3,2,8,8,192,192,0.1,1.2205871981357819,2.019934490836755,1,8x8_ultra_sparse,1,4070174433,dominant_0.90,0.9,3,0.09999999999999998,0.10000000000000187,-1.887379141862766e-15,1.9124052993466623,0.2918627618546096,0.2756847229446191,0.5791557199795134,0.472903898663833,6.372119273208377e-05,5.685146062248636e-05,0.012234469004560085,0.010915480439517383,0.765625,0.765625,0.984375,0.984375,False,ultra_sparse,Ultra-sparsity,population_01,64,3.0,3.0,1.0,0.010915480439517383,0.890625,0.84375,0.984375,0.984375,2.742857142854425,2.74285714285355,2.742857142857142,2.742857142857142,0.9000000000000541,0.9000000000000001,0.9000000000000523,0.9,"[[0.004014435142134788, 0.01339306453684113, 0.004014435142134788, 0.004014435142134788, 0.01339306453684113, 0.004014435142134788, 0.8437630658209916, 0.01339306453684113], [0.0025200288913456506, 6.372119273208377e-05, 0.0025200288913456506, 0.0025200288913456506, 6.372119273208377e-05, 0.0025200288913456506, 0.004014435142121279, 6.372119273208377e-05], [6.37211927322982e-05, 0.00021258832598160517, 6.37211927322982e-05, 6.37211927322982e-05, 0.00021258832598160517, 6.37211927322982e-05, 0.01339306453684113, 0.00021258832598160517], [0.0025200288913456506, 6.372119273208377e-05, 0.0025200288913456506, 0.0025200288913456506, 6.372119273208377e-05, 0.0025200288913456506, 0.004014435142121279, 6.372119273208377e-05], [6.37211927322982e-05, 0.00021258832598160517, 6.37211927322982e-05, 6.37211927322982e-05, 0.00021258832598160517, 6.37211927322982e-05, 0.01339306453684113, 0.00021258832598160517], [0.0025200288913456506, 6.372119273208377e-05, 0.0025200288913456506, 0.0025200288913456506, 6.372119273208377e-05, 0.0025200288913456506, 0.004014435142121279, 6.372119273208377e-05], [6.37211927322982e-05, 0.00021258832598160517, 6.37211927322982e-05, 6.37211927322982e-05, 0.00021258832598160517, 6.37211927322982e-05, 0.01339306453684113, 0.00021258832598160517], [0.0025200288913456506, 6.372119273208377e-05, 0.0025200288913456506, 0.0025200288913456506, 6.372119273208377e-05, 0.0025200288913456506, 0.004014435142121279, 6.372119273208377e-05]]","[[0.00010994908691612278, 0.00023335144974914114, 0.00023790250209528786, 5.685146062273405e-05, 0.00025599334869932927, 0.012949866890385693, 0.00026243214360049954, 0.00017936740364589621], [0.0002750866797983902, 0.0002559933486992774, 0.000428009138300801, 0.00016773802021319897, 0.0003311759653038609, 0.012046795310338613, 0.00040036776947887645, 0.00038054805358079613], [0.0022864603312321525, 0.00017936740364545668, 0.0013227429131415465, 0.00228644877548469, 0.00038054805357994075, 0.005146956735317181, 0.0007544763945323501, 0.0019287136787706264], [0.001329717555550402, 0.00023790250209495848, 0.0010697814857587337, 0.0011275745274383485, 0.0004280091383002952, 0.00805040921581145, 0.0007195769476114802, 0.0013227429131429564], [0.0026753873648647348, 0.012949866890386894, 0.008050409215823342, 0.0011730721393732764, 0.01204679531034217, 0.8474850712471059, 0.010472441096825635, 0.005146956735330268], [0.0037694786608252176, 5.685146062248636e-05, 0.0011275745274349973, 0.005242072181443045, 0.00016773802021250218, 0.0011730721393680573, 0.0004624785203089349, 0.0022864487754803314], [0.0031964766238451662, 0.00010994908691573451, 0.0013297175555475474, 0.0037694786608283284, 0.0002750866797974745, 0.0026753873648550394, 0.000643157982680226, 0.0022864603312296814], [0.0006431579826820957, 0.00026243214360033567, 0.0007195769476120272, 0.00046247852031066104, 0.00040036776947870764, 0.010472441096818127, 0.000570783430676279, 0.000754476394533728]]"
config_8x8_d2_p02,3,2,8,8,192,192,0.1,2.019934490836755,2.019934490836755,1,8x8_ultra_sparse,2,829396889,dominant_0.90,0.9,3,0.10000000000000164,0.10000000000000164,0.0,1.8504565444750867,0.2756847229446192,0.2756847229446192,0.07986958897312291,0.21900937220949138,5.685146062248636e-05,5.685146062248636e-05,0.010915480439517383,0.010915480439517383,0.765625,0.765625,0.984375,0.984375,False,ultra_sparse,Ultra-sparsity,population_02,64,3.0,3.0,1.0,0.010915480439517383,0.84375,0.84375,0.984375,0.984375,2.74285714285355,2.74285714285355,2.742857142857142,2.742857142857142,0.9000000000000522,0.9000000000000001,0.9000000000000522,0.9000000000000001,"[[0.00023790250209495848, 0.0011275745274383485, 0.0010697814857587337, 0.0013227429131429564, 0.001329717555550402, 0.00805040921581145, 0.0007195769476114802, 0.0004280091383002952], [0.0002559933486992774, 0.00016773802021319897, 0.000428009138300801, 0.00038054805358079613, 0.0002750866797983902, 0.012046795310338613, 0.00040036776947887645, 0.0003311759653038609], [0.00017936740364545668, 0.00228644877548469, 0.0013227429131415465, 0.0019287136787706264, 0.0022864603312321525, 0.005146956735317181, 0.0007544763945323501, 0.00038054805357994075], [0.00023335144974914114, 5.685146062273405e-05, 0.00023790250209528786, 0.00017936740364589621, 0.00010994908691612278, 0.012949866890385693, 0.00026243214360049954, 0.00025599334869932927], [0.00010994908691573451, 0.0037694786608283284, 0.0013297175555475474, 0.0022864603312296814, 0.0031964766238451662, 0.0026753873648550394, 0.000643157982680226, 0.0002750866797974745], [0.012949866890386894, 0.0011730721393732764, 0.008050409215823342, 0.005146956735330268, 0.0026753873648647348, 0.8474850712471059, 0.010472441096825635, 0.01204679531034217], [0.00026243214360033567, 0.00046247852031066104, 0.0007195769476120272, 0.000754476394533728, 0.0006431579826820957, 0.010472441096818127, 0.000570783430676279, 0.00040036776947870764], [5.685146062248636e-05, 0.005242072181443045, 0.0011275745274349973, 0.0022864487754803314, 0.0037694786608252176, 0.0011730721393680573, 0.0004624785203089349, 0.00016773802021250218]]","[[0.012949866890386894, 0.010472441096825635, 0.01204679531034217, 0.0026753873648647348, 0.005146956735330268, 0.8474850712471059, 0.0011730721393732764, 0.008050409215823342], [0.00010994908691573451, 0.000643157982680226, 0.0002750866797974745, 0.0031964766238451662, 0.0022864603312296814, 0.0026753873648550394, 0.0037694786608283284, 0.0013297175555475474], [0.00023790250209495848, 0.0007195769476114802, 0.0004280091383002952, 0.001329717555550402, 0.0013227429131429564, 0.00805040921581145, 0.0011275745274383485, 0.0010697814857587337], [0.00023335144974914114, 0.00026243214360049954, 0.00025599334869932927, 0.00010994908691612278, 0.00017936740364589621, 0.012949866890385693, 5.685146062273405e-05, 0.00023790250209528786], [0.00026243214360033567, 0.000570783430676279, 0.00040036776947870764, 0.0006431579826820957, 0.000754476394533728, 0.010472441096818127, 0.00046247852031066104, 0.0007195769476120272], [0.0002559933486992774, 0.00040036776947887645, 0.0003311759653038609, 0.0002750866797983902, 0.00038054805358079613, 0.012046795310338613, 0.00016773802021319897, 0.000428009138300801], [5.685146062248636e-05, 0.0004624785203089349, 0.00016773802021250218, 0.0037694786608252176, 0.0022864487754803314, 0.0011730721393680573, 0.005242072181443045, 0.0011275745274349973], [0.00017936740364545668, 0.0007544763945323501, 0.00038054805357994075, 0.0022864603312321525, 0.0019287136787706264, 0.005146956735317181, 0.00228644877548469, 0.0013227429131415465]]"
config_8x8_d2_p03,3,2,8,8,192,192,0.1,2.019934490836755,2.019934490836755,1,8x8_ultra_sparse,3,1233095876,dominant_0.90,0.9,3,0.10000000000000175,0.10000000000000164,1.1102230246251565e-16,1.893992321442872,0.2756847229446192,0.2756847229446192,0.586079816668281,0.4314246439920421,5.685146062248636e-05,5.685146062248636e-05,0.010915480439517383,0.010915480439517383,0.765625,0.765625,0.984375,0.984375,False,ultra_sparse,Ultra-sparsity,population_03,64,3.0,3.0,1.0,0.010915480439517383,0.84375,0.84375,0.984375,0.984375,2.74285714285355,2.74285714285355,2.742857142857142,2.742857142857142,0.9000000000000522,0.9000000000000001,0.9000000000000522,0.9,"[[0.012949866890386894, 0.010472441096825635, 0.0026753873648647348, 0.0011730721393732764, 0.005146956735330268, 0.01204679531034217, 0.8474850712471059, 0.008050409215823342], [0.00010994908691573451, 0.000643157982680226, 0.0031964766238451662, 0.0037694786608283284, 0.0022864603312296814, 0.0002750866797974745, 0.0026753873648550394, 0.0013297175555475474], [0.0002559933486992774, 0.00040036776947887645, 0.0002750866797983902, 0.00016773802021319897, 0.00038054805358079613, 0.0003311759653038609, 0.012046795310338613, 0.000428009138300801], [0.00023790250209495848, 0.0007195769476114802, 0.001329717555550402, 0.0011275745274383485, 0.0013227429131429564, 0.0004280091383002952, 0.00805040921581145, 0.0010697814857587337], [0.00023335144974914114, 0.00026243214360049954, 0.00010994908691612278, 5.685146062273405e-05, 0.00017936740364589621, 0.00025599334869932927, 0.012949866890385693, 0.00023790250209528786], [5.685146062248636e-05, 0.0004624785203089349, 0.0037694786608252176, 0.005242072181443045, 0.0022864487754803314, 0.00016773802021250218, 0.0011730721393680573, 0.0011275745274349973], [0.00026243214360033567, 0.000570783430676279, 0.0006431579826820957, 0.00046247852031066104, 0.000754476394533728, 0.00040036776947870764, 0.010472441096818127, 0.0007195769476120272], [0.00017936740364545668, 0.0007544763945323501, 0.0022864603312321525, 0.00228644877548469, 0.0019287136787706264, 0.00038054805357994075, 0.005146956735317181, 0.0013227429131415465]]","[[0.012046795310338613, 0.000428009138300801, 0.00040036776947887645, 0.0002750866797983902, 0.00038054805358079613, 0.0003311759653038609, 0.00016773802021319897, 0.0002559933486992774], [0.010472441096818127, 0.0007195769476120272, 0.000570783430676279, 0.0006431579826820957, 0.000754476394533728, 0.00040036776947870764, 0.00046247852031066104, 0.00026243214360033567], [0.012949866890385693, 0.00023790250209528786, 0.00026243214360049954, 0.00010994908691612278, 0.00017936740364589621, 0.00025599334869932927, 5.685146062273405e-05, 0.00023335144974914114], [0.8474850712471059, 0.008050409215823342, 0.010472441096825635, 0.0026753873648647348, 0.005146956735330268, 0.01204679531034217, 0.0011730721393732764, 0.012949866890386894], [0.0011730721393680573, 0.0011275745274349973, 0.0004624785203089349, 0.0037694786608252176, 0.0022864487754803314, 0.00016773802021250218, 0.005242072181443045, 5.685146062248636e-05], [0.0026753873648550394, 0.0013297175555475474, 0.000643157982680226, 0.0031964766238451662, 0.0022864603312296814, 0.0002750866797974745, 0.0037694786608283284, 0.00010994908691573451], [0.005146956735317181, 0.0013227429131415465, 0.0007544763945323501, 0.0022864603312321525, 0.0019287136787706264, 0.00038054805357994075, 0.00228644877548469, 0.00017936740364545668], [0.00805040921581145, 0.0010697814857587337, 0.0007195769476114802, 0.001329717555550402, 0.0013227429131429564, 0.0004280091383002952, 0.0011275745274383485, 0.00023790250209495848]]"
config_8x8_d2_p04,3,2,8,8,192,192,0.1,2.019934490836755,2.019934490836755,1,8x8_ultra_sparse,4,1636779521,dominant_0.90,0.9,3,0.10000000000000175,0.10000000000000175,0.0,1.902507767800743,0.2756847229446192,0.2756847229446192,0.5829705255730746,0.4689703554176457,5.685146062248636e-05,5.685146062248636e-05,0.010915480439517383,0.010915480439517383,0.765625,0.765625,0.984375,0.984375,False,ultra_sparse,Ultra-sparsity,population_04,64,3.0,3.0,1.0,0.010915480439517383,0.84375,0.84375,0.984375,0.984375,2.74285714285355,2.74285714285355,2.742857142857142,2.742857142857142,0.9000000000000522,0.9,0.9000000000000522,0.9,"[[0.0022864487754803314, 0.0004624785203089349, 5.685146062248636e-05, 0.005242072181443045, 0.0037694786608252176, 0.0011275745274349973, 0.0011730721393680573, 0.00016773802021250218], [0.005146956735330268, 0.010472441096825635, 0.012949866890386894, 0.0011730721393732764, 0.0026753873648647348, 0.008050409215823342, 0.8474850712471059, 0.01204679531034217], [0.00017936740364589621, 0.00026243214360049954, 0.00023335144974914114, 5.685146062273405e-05, 0.00010994908691612278, 0.00023790250209528786, 0.012949866890385693, 0.00025599334869932927], [0.0019287136787706264, 0.0007544763945323501, 0.00017936740364545668, 0.00228644877548469, 0.0022864603312321525, 0.0013227429131415465, 0.005146956735317181, 0.00038054805357994075], [0.000754476394533728, 0.000570783430676279, 0.00026243214360033567, 0.00046247852031066104, 0.0006431579826820957, 0.0007195769476120272, 0.010472441096818127, 0.00040036776947870764], [0.0013227429131429564, 0.0007195769476114802, 0.00023790250209495848, 0.0011275745274383485, 0.001329717555550402, 0.0010697814857587337, 0.00805040921581145, 0.0004280091383002952], [0.0022864603312296814, 0.000643157982680226, 0.00010994908691573451, 0.0037694786608283284, 0.0031964766238451662, 0.0013297175555475474, 0.0026753873648550394, 0.0002750866797974745], [0.00038054805358079613, 0.00040036776947887645, 0.0002559933486992774, 0.00016773802021319897, 0.0002750866797983902, 0.000428009138300801, 0.012046795310338613, 0.0003311759653038609]]","[[0.00805040921581145, 0.0011275745274383485, 0.0004280091383002952, 0.001329717555550402, 0.0007195769476114802, 0.0010697814857587337, 0.00023790250209495848, 0.0013227429131429564], [0.010472441096818127, 0.00046247852031066104, 0.00040036776947870764, 0.0006431579826820957, 0.000570783430676279, 0.0007195769476120272, 0.00026243214360033567, 0.000754476394533728], [0.8474850712471059, 0.0011730721393732764, 0.01204679531034217, 0.0026753873648647348, 0.010472441096825635, 0.008050409215823342, 0.012949866890386894, 0.005146956735330268], [0.012949866890385693, 5.685146062273405e-05, 0.00025599334869932927, 0.00010994908691612278, 0.00026243214360049954, 0.00023790250209528786, 0.00023335144974914114, 0.00017936740364589621], [0.0011730721393680573, 0.005242072181443045, 0.00016773802021250218, 0.0037694786608252176, 0.0004624785203089349, 0.0011275745274349973, 5.685146062248636e-05, 0.0022864487754803314], [0.005146956735317181, 0.00228644877548469, 0.00038054805357994075, 0.0022864603312321525, 0.0007544763945323501, 0.0013227429131415465, 0.00017936740364545668, 0.0019287136787706264], [0.012046795310338613, 0.00016773802021319897, 0.0003311759653038609, 0.0002750866797983902, 0.00040036776947887645, 0.000428009138300801, 0.0002559933486992774, 0.00038054805358079613], [0.0026753873648550394, 0.0037694786608283284, 0.0002750866797974745, 0.0031964766238451662, 0.000643157982680226, 0.0013297175555475474, 0.00010994908691573451, 0.0022864603312296814]]"
config_8x8_d2_p05,3,2,8,8,192,192,0.1,1.2205871981357819,1.2205871981357819,1,8x8_ultra_sparse,5,39298151,dominant_0.90,0.9,3,0.1000000000000002,0.1000000000000002,0.0,1.9051800761060274,0.29186276185460946,0.29186276185460935,0.5736483389987646,0.4838041376966563,6.372119273208377e-05,6.372119273208377e-05,0.012234469004560085,0.012234469004560085,0.765625,0.765625,0.984375,0.984375,False,ultra_sparse,Ultra-sparsity,population_05,64,3.0,3.0,1.0,0.012234469004560085,0.890625,0.890625,0.984375,0.984375,2.742857142854425,2.7428571428544255,2.742857142857142,2.742857142857142,0.9000000000000542,0.9000000000000001,0.9000000000000542,0.9000000000000001,"[[6.372119273208377e-05, 0.0025200288913456506, 6.372119273208377e-05, 0.004014435142121279, 0.0025200288913456506, 0.0025200288913456506, 6.372119273208377e-05, 0.0025200288913456506], [6.372119273208377e-05, 0.0025200288913456506, 6.372119273208377e-05, 0.004014435142121279, 0.0025200288913456506, 0.0025200288913456506, 6.372119273208377e-05, 0.0025200288913456506], [0.00021258832598160517, 6.37211927322982e-05, 0.00021258832598160517, 0.01339306453684113, 6.37211927322982e-05, 6.37211927322982e-05, 0.00021258832598160517, 6.37211927322982e-05], [0.00021258832598160517, 6.37211927322982e-05, 0.00021258832598160517, 0.01339306453684113, 6.37211927322982e-05, 6.37211927322982e-05, 0.00021258832598160517, 6.37211927322982e-05], [6.372119273208377e-05, 0.0025200288913456506, 6.372119273208377e-05, 0.004014435142121279, 0.0025200288913456506, 0.0025200288913456506, 6.372119273208377e-05, 0.0025200288913456506], [6.372119273208377e-05, 0.0025200288913456506, 6.372119273208377e-05, 0.004014435142121279, 0.0025200288913456506, 0.0025200288913456506, 6.372119273208377e-05, 0.0025200288913456506], [0.00021258832598160517, 6.37211927322982e-05, 0.00021258832598160517, 0.01339306453684113, 6.37211927322982e-05, 6.37211927322982e-05, 0.00021258832598160517, 6.37211927322982e-05], [0.01339306453684113, 0.004014435142134788, 0.01339306453684113, 0.8437630658209916, 0.004014435142134788, 0.004014435142134788, 0.01339306453684113, 0.004014435142134788]]","[[0.8437630658209916, 0.01339306453684113, 0.004014435142134788, 0.01339306453684113, 0.01339306453684113, 0.004014435142134788, 0.004014435142134788, 0.004014435142134788], [0.004014435142121279, 6.372119273208377e-05, 0.0025200288913456506, 6.372119273208377e-05, 6.372119273208377e-05, 0.0025200288913456506, 0.0025200288913456506, 0.0025200288913456506], [0.01339306453684113, 0.00021258832598160517, 6.37211927322982e-05, 0.00021258832598160517, 0.00021258832598160517, 6.37211927322982e-05, 6.37211927322982e-05, 6.37211927322982e-05], [0.01339306453684113, 0.00021258832598160517, 6.37211927322982e-05, 0.00021258832598160517, 0.00021258832598160517, 6.37211927322982e-05, 6.37211927322982e-05, 6.37211927322982e-05], [0.004014435142121279, 6.372119273208377e-05, 0.0025200288913456506, 6.372119273208377e-05, 6.372119273208377e-05, 0.0025200288913456506, 0.0025200288913456506, 0.0025200288913456506], [0.004014435142121279, 6.372119273208377e-05, 0.0025200288913456506, 6.372119273208377e-05, 6.372119273208377e-05, 0.0025200288913456506, 0.0025200288913456506, 0.0025200288913456506], [0.004014435142121279, 6.372119273208377e-05, 0.0025200288913456506, 6.372119273208377e-05, 6.372119273208377e-05, 0.0025200288913456506, 0.0025200288913456506, 0.0025200288913456506], [0.01339306453684113, 0.00021258832598160517, 6.37211927322982e-05, 0.00021258832598160517, 0.00021258832598160517, 6.37211927322982e-05, 6.37211927322982e-05, 6.37211927322982e-05]]"
config_8x8_d2_p06,3,2,8,8,192,192,0.1,1.2205871981357819,1.2205871981357819,1,8x8_ultra_sparse,6,3809643487,dominant_0.90,0.9,3,0.09999999999999987,0.10000000000000042,-5.551115123125783e-16,1.9091994887037593,0.2918627618546096,0.29186276185460935,0.5836608436450146,0.37100615430246514,6.372119273208377e-05,6.372119273208377e-05,0.012234469004560085,0.012234469004560085,0.765625,0.765625,0.984375,0.984375,False,ultra_sparse,Ultra-sparsity,population_06,64,3.0,3.0,1.0,0.012234469004560085,0.890625,0.890625,0.984375,0.984375,2.742857142854425,2.742857142854425,2.742857142857142,2.742857142857142,0.9000000000000541,0.9000000000000001,0.9000000000000542,0.9000000000000001,"[[6.37211927322982e-05, 6.37211927322982e-05, 6.37211927322982e-05, 0.00021258832598160517, 0.01339306453684113, 0.00021258832598160517, 6.37211927322982e-05, 0.00021258832598160517], [6.37211927322982e-05, 6.37211927322982e-05, 6.37211927322982e-05, 0.00021258832598160517, 0.01339306453684113, 0.00021258832598160517, 6.37211927322982e-05, 0.00021258832598160517], [0.0025200288913456506, 0.0025200288913456506, 0.0025200288913456506, 6.372119273208377e-05, 0.004014435142121279, 6.372119273208377e-05, 0.0025200288913456506, 6.372119273208377e-05], [6.37211927322982e-05, 6.37211927322982e-05, 6.37211927322982e-05, 0.00021258832598160517, 0.01339306453684113, 0.00021258832598160517, 6.37211927322982e-05, 0.00021258832598160517], [0.0025200288913456506, 0.0025200288913456506, 0.0025200288913456506, 6.372119273208377e-05, 0.004014435142121279, 6.372119273208377e-05, 0.0025200288913456506, 6.372119273208377e-05], [0.0025200288913456506, 0.0025200288913456506, 0.0025200288913456506, 6.372119273208377e-05, 0.004014435142121279, 6.372119273208377e-05, 0.0025200288913456506, 6.372119273208377e-05], [0.004014435142134788, 0.004014435142134788, 0.004014435142134788, 0.01339306453684113, 0.8437630658209916, 0.01339306453684113, 0.004014435142134788, 0.01339306453684113], [0.0025200288913456506, 0.0025200288913456506, 0.0025200288913456506, 6.372119273208377e-05, 0.004014435142121279, 6.372119273208377e-05, 0.0025200288913456506, 6.372119273208377e-05]]","[[0.004014435142134788, 0.8437630658209916, 0.01339306453684113, 0.004014435142134788, 0.004014435142134788, 0.01339306453684113, 0.01339306453684113, 0.004014435142134788], [0.0025200288913456506, 0.004014435142121279, 6.372119273208377e-05, 0.0025200288913456506, 0.0025200288913456506, 6.372119273208377e-05, 6.372119273208377e-05, 0.0025200288913456506], [6.37211927322982e-05, 0.01339306453684113, 0.00021258832598160517, 6.37211927322982e-05, 6.37211927322982e-05, 0.00021258832598160517, 0.00021258832598160517, 6.37211927322982e-05], [6.37211927322982e-05, 0.01339306453684113, 0.00021258832598160517, 6.37211927322982e-05, 6.37211927322982e-05, 0.00021258832598160517, 0.00021258832598160517, 6.37211927322982e-05], [6.37211927322982e-05, 0.01339306453684113, 0.00021258832598160517, 6.37211927322982e-05, 6.37211927322982e-05, 0.00021258832598160517, 0.00021258832598160517, 6.37211927322982e-05], [0.0025200288913456506, 0.004014435142121279, 6.372119273208377e-05, 0.0025200288913456506, 0.0025200288913456506, 6.372119273208377e-05, 6.372119273208377e-05, 0.0025200288913456506], [0.0025200288913456506, 0.004014435142121279, 6.372119273208377e-05, 0.0025200288913456506, 0.0025200288913456506, 6.372119273208377e-05, 6.372119273208377e-05, 0.0025200288913456506], [0.0025200288913456506, 0.004014435142121279, 6.372119273208377e-05, 0.0025200288913456506, 0.0025200288913456506, 6.372119273208377e-05, 6.372119273208377e-05, 0.0025200288913456506]]"
config_8x8_d2_p07,3,2,8,8,192,192,0.1,1.5873994648592764,1.5873994648592764,1,8x8_ultra_sparse,7,3170977054,dominant_0.90,0.9,3,0.10000000000000042,0.10000000000000042,0.0,1.8968331052383194,0.303372181856592,0.303372181856592,0.5881854396339505,0.4161423194966307,5.913016863558025e-05,5.913016863558025e-05,0.011352992378031408,0.011352992378031408,0.765625,0.765625,0.984375,0.984375,False,ultra_sparse,Ultra-sparsity,population_07,64,3.0,3.0,1.0,0.011352992378031408,0.859375,0.859375,0.984375,0.984375,2.7428571428516166,2.742857142851617,2.742857142857141,2.742857142857141,0.900000000000088,0.8999999999999998,0.900000000000088,0.8999999999999999,"[[0.00047304352224478407, 0.00028920643082505523, 5.9130168635838446e-05, 9.671687853768783e-05, 6.662842691365068e-05, 0.01257355236168966, 0.0006289508848315708, 9.848561203622859e-05], [0.00028920643082379235, 0.004229728076801004, 0.0008647958959677337, 5.913016863558028e-05, 0.00019923481640892797, 0.003982965056262112, 0.0018807124807561353, 0.0027799413600367276], [9.671687853768782e-05, 5.913016863583847e-05, 0.00028920643082505534, 0.00047304352224478445, 0.000628950884831571, 0.012573552361689657, 6.66284269136507e-05, 9.848561203622863e-05], [6.662842691355003e-05, 0.000199234816409497, 0.0018807124807615067, 0.0006289508848306211, 0.002119204408865151, 0.008661942230156695, 8.858806027688927e-05, 0.0006404529774927955], [0.012573552361692587, 0.0039829650562804315, 0.0039829650562804315, 0.012573552361692587, 0.008661942230171795, 0.8469453215725992, 0.008661942230171799, 0.0026177591311990875], [0.0006289508848306206, 0.0018807124807615064, 0.00019923481640949698, 6.662842691355006e-05, 8.858806027688926e-05, 0.008661942230156696, 0.002119204408865151, 0.0006404529774927954], [9.848561203567396e-05, 0.0027799413600332113, 0.0027799413600332113, 9.8485612035674e-05, 0.0006404529774901562, 0.002617759131183736, 0.0006404529774901562, 0.004630195255383687], [5.913016863558025e-05, 0.0008647958959677337, 0.004229728076801004, 0.00028920643082379246, 0.0018807124807561353, 0.003982965056262112, 0.00019923481640892797, 0.0027799413600367276]]","[[0.0018807124807615064, 0.0006404529774927954, 0.0006289508848306206, 8.858806027688926e-05, 0.008661942230156696, 0.00019923481640949698, 6.662842691355006e-05, 0.002119204408865151], [0.004229728076801004, 0.0027799413600367276, 0.00028920643082379235, 0.00019923481640892797, 0.003982965056262112, 0.0008647958959677337, 5.913016863558028e-05, 0.0018807124807561353], [0.0008647958959677337, 0.0027799413600367276, 5.913016863558025e-05, 0.0018807124807561353, 0.003982965056262112, 0.004229728076801004, 0.00028920643082379246, 0.00019923481640892797], [0.000199234816409497, 0.0006404529774927955, 6.662842691355003e-05, 0.002119204408865151, 0.008661942230156695, 0.0018807124807615067, 0.0006289508848306211, 8.858806027688927e-05], [0.00028920643082505523, 9.848561203622859e-05, 0.00047304352224478407, 6.662842691365068e-05, 0.01257355236168966, 5.9130168635838446e-05, 9.671687853768783e-05, 0.0006289508848315708], [5.913016863583847e-05, 9.848561203622863e-05, 9.671687853768782e-05, 0.000628950884831571, 0.012573552361689657, 0.00028920643082505534, 0.00047304352224478445, 6.66284269136507e-05], [0.0027799413600332113, 0.004630195255383687, 9.848561203567396e-05, 0.0006404529774901562, 0.002617759131183736, 0.0027799413600332113, 9.8485612035674e-05, 0.0006404529774901562], [0.0039829650562804315, 0.0026177591311990875, 0.012573552361692587, 0.008661942230171795, 0.8469453215725992, 0.0039829650562804315, 0.012573552361692587, 0.008661942230171799]]"
config_8x8_d2_p08,3,2,8,8,192,192,0.1,1.5873994648592764,2.019934490836755,1,8x8_ultra_sparse,8,1581683362,dominant_0.90,0.9,3,0.10000000000000031,0.10000000000000164,-1.3322676295501878e-15,1.8960964992171354,0.303372181856592,0.2756847229446192,0.5790231016662228,0.5321164001326665,5.913016863558025e-05,5.685146062248636e-05,0.011352992378031408,0.010915480439517383,0.765625,0.765625,0.984375,0.984375,False,ultra_sparse,Ultra-sparsity,population_08,64,3.0,3.0,1.0,0.010915480439517383,0.859375,0.84375,0.984375,0.984375,2.7428571428516175,2.74285714285355,2.742857142857141,2.742857142857142,0.900000000000088,0.8999999999999999,0.9000000000000522,0.9,"[[9.671687853768782e-05, 0.012573552361689657, 5.913016863583847e-05, 0.000628950884831571, 0.00028920643082505534, 0.00047304352224478445, 6.66284269136507e-05, 9.848561203622863e-05], [6.662842691355003e-05, 0.008661942230156695, 0.000199234816409497, 0.002119204408865151, 0.0018807124807615067, 0.0006289508848306211, 8.858806027688927e-05, 0.0006404529774927955], [9.848561203567396e-05, 0.002617759131183736, 0.0027799413600332113, 0.0006404529774901562, 0.0027799413600332113, 9.8485612035674e-05, 0.0006404529774901562, 0.004630195255383687], [0.00028920643082379235, 0.003982965056262112, 0.004229728076801004, 0.00019923481640892797, 0.0008647958959677337, 5.913016863558028e-05, 0.0018807124807561353, 0.0027799413600367276], [5.913016863558025e-05, 0.003982965056262112, 0.0008647958959677337, 0.0018807124807561353, 0.004229728076801004, 0.00028920643082379246, 0.00019923481640892797, 0.0027799413600367276], [0.012573552361692587, 0.8469453215725992, 0.0039829650562804315, 0.008661942230171795, 0.0039829650562804315, 0.012573552361692587, 0.008661942230171799, 0.0026177591311990875], [0.00047304352224478407, 0.01257355236168966, 0.00028920643082505523, 6.662842691365068e-05, 5.9130168635838446e-05, 9.671687853768783e-05, 0.0006289508848315708, 9.848561203622859e-05], [0.0006289508848306206, 0.008661942230156696, 0.0018807124807615064, 8.858806027688926e-05, 0.00019923481640949698, 6.662842691355006e-05, 0.002119204408865151, 0.0006404529774927954]]","[[0.00038054805358079613, 0.0002559933486992774, 0.000428009138300801, 0.00016773802021319897, 0.0002750866797983902, 0.012046795310338613, 0.0003311759653038609, 0.00040036776947887645], [0.0022864603312296814, 0.00010994908691573451, 0.0013297175555475474, 0.0037694786608283284, 0.0031964766238451662, 0.0026753873648550394, 0.0002750866797974745, 0.000643157982680226], [0.0019287136787706264, 0.00017936740364545668, 0.0013227429131415465, 0.00228644877548469, 0.0022864603312321525, 0.005146956735317181, 0.00038054805357994075, 0.0007544763945323501], [0.000754476394533728, 0.00026243214360033567, 0.0007195769476120272, 0.00046247852031066104, 0.0006431579826820957, 0.010472441096818127, 0.00040036776947870764, 0.000570783430676279], [0.0013227429131429564, 0.00023790250209495848, 0.0010697814857587337, 0.0011275745274383485, 0.001329717555550402, 0.00805040921581145, 0.0004280091383002952, 0.0007195769476114802], [0.00017936740364589621, 0.00023335144974914114, 0.00023790250209528786, 5.685146062273405e-05, 0.00010994908691612278, 0.012949866890385693, 0.00025599334869932927, 0.00026243214360049954], [0.005146956735330268, 0.012949866890386894, 0.008050409215823342, 0.0011730721393732764, 0.0026753873648647348, 0.8474850712471059, 0.01204679531034217, 0.010472441096825635], [0.0022864487754803314, 5.685146062248636e-05, 0.0011275745274349973, 0.005242072181443045, 0.0037694786608252176, 0.0011730721393680573, 0.00016773802021250218, 0.0004624785203089349]]"
config_8x8_d2_p09,3,2,8,8,192,192,0.1,1.5873994648592764,1.5873994648592764,1,8x8_ultra_sparse,9,2252532457,dominant_0.90,0.9,3,0.10000000000000031,0.10000000000000053,-2.220446049250313e-16,1.9095480379883258,0.3033721818565919,0.303372181856592,0.5892659592849065,0.3818989784083987,5.913016863558025e-05,5.913016863558025e-05,0.011352992378031408,0.011352992378031408,0.765625,0.765625,0.984375,0.984375,False,ultra_sparse,Ultra-sparsity,population_09,64,3.0,3.0,1.0,0.011352992378031408,0.859375,0.859375,0.984375,0.984375,2.742857142851617,2.742857142851617,2.7428571428571407,2.742857142857141,0.900000000000088,0.8999999999999999,0.9000000000000878,0.8999999999999998,"[[0.000628950884831571, 0.00047304352224478445, 6.66284269136507e-05, 0.012573552361689657, 9.848561203622863e-05, 0.00028920643082505534, 9.671687853768782e-05, 5.913016863583847e-05], [0.0018807124807561353, 0.00028920643082379246, 0.00019923481640892797, 0.003982965056262112, 0.0027799413600367276, 0.004229728076801004, 5.913016863558025e-05, 0.0008647958959677337], [0.002119204408865151, 0.0006289508848306211, 8.858806027688927e-05, 0.008661942230156695, 0.0006404529774927955, 0.0018807124807615067, 6.662842691355003e-05, 0.000199234816409497], [8.858806027688926e-05, 6.662842691355006e-05, 0.002119204408865151, 0.008661942230156696, 0.0006404529774927954, 0.00019923481640949698, 0.0006289508848306206, 0.0018807124807615064], [6.662842691365068e-05, 9.671687853768783e-05, 0.0006289508848315708, 0.01257355236168966, 9.848561203622859e-05, 5.9130168635838446e-05, 0.00047304352224478407, 0.00028920643082505523], [0.0006404529774901562, 9.8485612035674e-05, 0.0006404529774901562, 0.002617759131183736, 0.004630195255383687, 0.0027799413600332113, 9.848561203567396e-05, 0.0027799413600332113], [0.00019923481640892797, 5.913016863558028e-05, 0.0018807124807561353, 0.003982965056262112, 0.0027799413600367276, 0.0008647958959677337, 0.00028920643082379235, 0.004229728076801004], [0.008661942230171795, 0.012573552361692587, 0.008661942230171799, 0.8469453215725992, 0.0026177591311990875, 0.0039829650562804315, 0.012573552361692587, 0.0039829650562804315]]","[[0.004630195255383687, 0.0027799413600332113, 9.8485612035674e-05, 0.0006404529774901562, 0.0027799413600332113, 0.002617759131183736, 0.0006404529774901562, 9.848561203567396e-05], [9.848561203622859e-05, 0.00028920643082505523, 9.671687853768783e-05, 0.0006289508848315708, 5.9130168635838446e-05, 0.01257355236168966, 6.662842691365068e-05, 0.00047304352224478407], [9.848561203622863e-05, 5.913016863583847e-05, 0.00047304352224478445, 6.66284269136507e-05, 0.00028920643082505534, 0.012573552361689657, 0.000628950884831571, 9.671687853768782e-05], [0.0027799413600367276, 0.004229728076801004, 5.913016863558028e-05, 0.0018807124807561353, 0.0008647958959677337, 0.003982965056262112, 0.00019923481640892797, 0.00028920643082379235], [0.0006404529774927954, 0.0018807124807615064, 6.662842691355006e-05, 0.002119204408865151, 0.00019923481640949698, 0.008661942230156696, 8.858806027688926e-05, 0.0006289508848306206], [0.0026177591311990875, 0.0039829650562804315, 0.012573552361692587, 0.008661942230171799, 0.0039829650562804315, 0.8469453215725992, 0.008661942230171795, 0.012573552361692587], [0.0027799413600367276, 0.0008647958959677337, 0.00028920643082379246, 0.00019923481640892797, 0.004229728076801004, 0.003982965056262112, 0.0018807124807561353, 5.913016863558025e-05], [0.0006404529774927955, 0.000199234816409497, 0.0006289508848306211, 8.858806027688927e-05, 0.0018807124807615067, 0.008661942230156695, 0.002119204408865151, 6.662842691355003e-05]]"
config_8x8_d3_p00,3,3,8,8,192,960,0.1,1.2205871981357819,1.5873994648592764,1,8x8_ultra_imbalanced,0,3818351588,dominant_0.90,0.9,3,0.10000000000000009,0.10000000000000042,-3.3306690738754696e-16,1.9184794054198149,0.2918627618546096,0.30337218185659204,0.3886490503574148,0.6032133009415265,6.372119273208377e-05,5.913016863558025e-05,0.012234469004560085,0.05676496189015704,0.765625,0.765625,0.984375,0.765625,True,ultra_imbalanced,Ultra-sparsity with imbalance,population_00,64,3.0,15.0,5.0,0.012234469004560085,0.890625,0.5625,0.984375,0.859375,2.742857142854425,13.714285714258088,2.742857142857142,13.714285714285705,0.9000000000000541,0.9000000000000001,0.9000000000000878,0.8999999999999998,"[[6.37211927322982e-05, 0.00021258832598160517, 0.00021258832598160517, 6.37211927322982e-05, 6.37211927322982e-05, 0.01339306453684113, 0.00021258832598160517, 6.37211927322982e-05], [0.0025200288913456506, 6.372119273208377e-05, 6.372119273208377e-05, 0.0025200288913456506, 0.0025200288913456506, 0.004014435142121279, 6.372119273208377e-05, 0.0025200288913456506], [0.0025200288913456506, 6.372119273208377e-05, 6.372119273208377e-05, 0.0025200288913456506, 0.0025200288913456506, 0.004014435142121279, 6.372119273208377e-05, 0.0025200288913456506], [6.37211927322982e-05, 0.00021258832598160517, 0.00021258832598160517, 6.37211927322982e-05, 6.37211927322982e-05, 0.01339306453684113, 0.00021258832598160517, 6.37211927322982e-05], [6.37211927322982e-05, 0.00021258832598160517, 0.00021258832598160517, 6.37211927322982e-05, 6.37211927322982e-05, 0.01339306453684113, 0.00021258832598160517, 6.37211927322982e-05], [0.0025200288913456506, 6.372119273208377e-05, 6.372119273208377e-05, 0.0025200288913456506, 0.0025200288913456506, 0.004014435142121279, 6.372119273208377e-05, 0.0025200288913456506], [0.0025200288913456506, 6.372119273208377e-05, 6.372119273208377e-05, 0.0025200288913456506, 0.0025200288913456506, 0.004014435142121279, 6.372119273208377e-05, 0.0025200288913456506], [0.004014435142134788, 0.01339306453684113, 0.01339306453684113, 0.004014435142134788, 0.004014435142134788, 0.8437630658209916, 0.01339306453684113, 0.004014435142134788]]","[[0.0027799413600332113, 0.004630195255383687, 0.0006404529774901562, 0.0027799413600332113, 0.0006404529774901562, 9.8485612035674e-05, 0.002617759131183736, 9.848561203567396e-05], [0.000199234816409497, 0.0006404529774927955, 0.002119204408865151, 0.0018807124807615067, 8.858806027688927e-05, 0.0006289508848306211, 0.008661942230156695, 6.662842691355003e-05], [0.0018807124807615064, 0.0006404529774927954, 8.858806027688926e-05, 0.00019923481640949698, 0.002119204408865151, 6.662842691355006e-05, 0.008661942230156696, 0.0006289508848306206], [0.0039829650562804315, 0.0026177591311990875, 0.008661942230171795, 0.0039829650562804315, 0.008661942230171799, 0.012573552361692587, 0.8469453215725992, 0.012573552361692587], [0.0008647958959677337, 0.0027799413600367276, 0.0018807124807561353, 0.004229728076801004, 0.00019923481640892797, 0.00028920643082379246, 0.003982965056262112, 5.913016863558025e-05], [5.913016863583847e-05, 9.848561203622863e-05, 0.000628950884831571, 0.00028920643082505534, 6.66284269136507e-05, 0.00047304352224478445, 0.012573552361689657, 9.671687853768782e-05], [0.00028920643082505523, 9.848561203622859e-05, 6.662842691365068e-05, 5.9130168635838446e-05, 0.0006289508848315708, 9.671687853768783e-05, 0.01257355236168966, 0.00047304352224478407], [0.004229728076801004, 0.0027799413600367276, 0.00019923481640892797, 0.0008647958959677337, 0.0018807124807561353, 5.913016863558028e-05, 0.003982965056262112, 0.00028920643082379235]]"
config_8x8_d3_p01,3,3,8,8,192,960,0.1,2.019934490836755,2.019934490836755,1,8x8_ultra_imbalanced,1,1723160898,dominant_0.90,0.9,3,0.10000000000000164,0.10000000000000175,-1.1102230246251565e-16,1.9069823904448935,0.27568472294461915,0.2756847229446191,0.39157578462083564,0.656526842969752,5.685146062248636e-05,5.685146062248636e-05,0.010915480439517383,0.05457740219758691,0.765625,0.765625,0.984375,0.765625,True,ultra_imbalanced,Ultra-sparsity with imbalance,population_01,64,3.0,15.0,5.0,0.010915480439517383,0.84375,0.515625,0.984375,0.84375,2.74285714285355,13.714285714267747,2.7428571428571416,13.714285714285708,0.9000000000000522,0.9000000000000001,0.9000000000000522,0.9000000000000001,"[[0.000643157982680226, 0.0037694786608283284, 0.0022864603312296814, 0.0013297175555475474, 0.0031964766238451662, 0.0026753873648550394, 0.0002750866797974745, 0.00010994908691573451], [0.00026243214360049954, 5.685146062273405e-05, 0.00017936740364589621, 0.00023790250209528786, 0.00010994908691612278, 0.012949866890385693, 0.00025599334869932927, 0.00023335144974914114], [0.000570783430676279, 0.00046247852031066104, 0.000754476394533728, 0.0007195769476120272, 0.0006431579826820957, 0.010472441096818127, 0.00040036776947870764, 0.00026243214360033567], [0.010472441096825635, 0.0011730721393732764, 0.005146956735330268, 0.008050409215823342, 0.0026753873648647348, 0.8474850712471059, 0.01204679531034217, 0.012949866890386894], [0.0004624785203089349, 0.005242072181443045, 0.0022864487754803314, 0.0011275745274349973, 0.0037694786608252176, 0.0011730721393680573, 0.00016773802021250218, 5.685146062248636e-05], [0.0007195769476114802, 0.0011275745274383485, 0.0013227429131429564, 0.0010697814857587337, 0.001329717555550402, 0.00805040921581145, 0.0004280091383002952, 0.00023790250209495848], [0.0007544763945323501, 0.00228644877548469, 0.0019287136787706264, 0.0013227429131415465, 0.0022864603312321525, 0.005146956735317181, 0.00038054805357994075, 0.00017936740364545668], [0.00040036776947887645, 0.00016773802021319897, 0.00038054805358079613, 0.000428009138300801, 0.0002750866797983902, 0.012046795310338613, 0.0003311759653038609, 0.0002559933486992774]]","[[0.0011730721393680573, 0.005242072181443045, 0.0004624785203089349, 0.0011275745274349973, 0.00016773802021250218, 5.685146062248636e-05, 0.0037694786608252176, 0.0022864487754803314], [0.010472441096818127, 0.00046247852031066104, 0.000570783430676279, 0.0007195769476120272, 0.00040036776947870764, 0.00026243214360033567, 0.0006431579826820957, 0.000754476394533728], [0.00805040921581145, 0.0011275745274383485, 0.0007195769476114802, 0.0010697814857587337, 0.0004280091383002952, 0.00023790250209495848, 0.001329717555550402, 0.0013227429131429564], [0.012949866890385693, 5.685146062273405e-05, 0.00026243214360049954, 0.00023790250209528786, 0.00025599334869932927, 0.00023335144974914114, 0.00010994908691612278, 0.00017936740364589621], [0.012046795310338613, 0.00016773802021319897, 0.00040036776947887645, 0.000428009138300801, 0.0003311759653038609, 0.0002559933486992774, 0.0002750866797983902, 0.00038054805358079613], [0.005146956735317181, 0.00228644877548469, 0.0007544763945323501, 0.0013227429131415465, 0.00038054805357994075, 0.00017936740364545668, 0.0022864603312321525, 0.0019287136787706264], [0.8474850712471059, 0.0011730721393732764, 0.010472441096825635, 0.008050409215823342, 0.01204679531034217, 0.012949866890386894, 0.0026753873648647348, 0.005146956735330268], [0.0026753873648550394, 0.0037694786608283284, 0.000643157982680226, 0.0013297175555475474, 0.0002750866797974745, 0.00010994908691573451, 0.0031964766238451662, 0.0022864603312296814]]"
config_8x8_d3_p02,3,3,8,8,192,960,0.1,2.019934490836755,2.019934490836755,1,8x8_ultra_imbalanced,2,2331682096,dominant_0.90,0.9,3,0.10000000000000164,0.10000000000000164,0.0,1.9019836381785395,0.27568472294461915,0.2756847229446192,0.402981793435371,0.5201627001267961,5.685146062248636e-05,5.685146062248636e-05,0.010915480439517383,0.05457740219758691,0.765625,0.765625,0.984375,0.765625,True,ultra_imbalanced,Ultra-sparsity with imbalance,population_02,64,3.0,15.0,5.0,0.010915480439517383,0.84375,0.515625,0.984375,0.84375,2.74285714285355,13.714285714267747,2.7428571428571416,13.714285714285708,0.9000000000000522,0.9000000000000001,0.9000000000000522,0.9000000000000001,"[[0.0019287136787706264, 0.00017936740364545668, 0.0007544763945323501, 0.0013227429131415465, 0.0022864603312321525, 0.00228644877548469, 0.00038054805357994075, 0.005146956735317181], [0.0013227429131429564, 0.00023790250209495848, 0.0007195769476114802, 0.0010697814857587337, 0.001329717555550402, 0.0011275745274383485, 0.0004280091383002952, 0.00805040921581145], [0.00038054805358079613, 0.0002559933486992774, 0.00040036776947887645, 0.000428009138300801, 0.0002750866797983902, 0.00016773802021319897, 0.0003311759653038609, 0.012046795310338613], [0.0022864487754803314, 5.685146062248636e-05, 0.0004624785203089349, 0.0011275745274349973, 0.0037694786608252176, 0.005242072181443045, 0.00016773802021250218, 0.0011730721393680573], [0.005146956735330268, 0.012949866890386894, 0.010472441096825635, 0.008050409215823342, 0.0026753873648647348, 0.0011730721393732764, 0.01204679531034217, 0.8474850712471059], [0.000754476394533728, 0.00026243214360033567, 0.000570783430676279, 0.0007195769476120272, 0.0006431579826820957, 0.00046247852031066104, 0.00040036776947870764, 0.010472441096818127], [0.00017936740364589621, 0.00023335144974914114, 0.00026243214360049954, 0.00023790250209528786, 0.00010994908691612278, 5.685146062273405e-05, 0.00025599334869932927, 0.012949866890385693], [0.0022864603312296814, 0.00010994908691573451, 0.000643157982680226, 0.0013297175555475474, 0.0031964766238451662, 0.0037694786608283284, 0.0002750866797974745, 0.0026753873648550394]]","[[0.00026243214360049954, 5.685146062273405e-05, 0.012949866890385693, 0.00025599334869932927, 0.00017936740364589621, 0.00023335144974914114, 0.00010994908691612278, 0.00023790250209528786], [0.0007195769476114802, 0.0011275745274383485, 0.00805040921581145, 0.0004280091383002952, 0.0013227429131429564, 0.00023790250209495848, 0.001329717555550402, 0.0010697814857587337], [0.0007544763945323501, 0.00228644877548469, 0.005146956735317181, 0.00038054805357994075, 0.0019287136787706264, 0.00017936740364545668, 0.0022864603312321525, 0.0013227429131415465], [0.010472441096825635, 0.0011730721393732764, 0.8474850712471059, 0.01204679531034217, 0.005146956735330268, 0.012949866890386894, 0.0026753873648647348, 0.008050409215823342], [0.0004624785203089349, 0.005242072181443045, 0.0011730721393680573, 0.00016773802021250218, 0.0022864487754803314, 5.685146062248636e-05, 0.0037694786608252176, 0.0011275745274349973], [0.000643157982680226, 0.0037694786608283284, 0.0026753873648550394, 0.0002750866797974745, 0.0022864603312296814, 0.00010994908691573451, 0.0031964766238451662, 0.0013297175555475474], [0.00040036776947887645, 0.00016773802021319897, 0.012046795310338613, 0.0003311759653038609, 0.00038054805358079613, 0.0002559933486992774, 0.0002750866797983902, 0.000428009138300801], [0.000570783430676279, 0.00046247852031066104, 0.010472441096818127, 0.00040036776947870764, 0.000754476394533728, 0.00026243214360033567, 0.0006431579826820957, 0.0007195769476120272]]"
config_8x8_d3_p03,3,3,8,8,192,960,0.1,1.5873994648592764,2.019934490836755,1,8x8_ultra_imbalanced,3,3656521810,dominant_0.90,0.9,3,0.10000000000000031,0.10000000000000164,-1.3322676295501878e-15,1.8856675615141336,0.3033721818565919,0.27568472294461915,0.40536891205386194,0.5120903463612623,5.913016863558025e-05,5.685146062248636e-05,0.011352992378031408,0.05457740219758691,0.765625,0.765625,0.984375,0.765625,True,ultra_imbalanced,Ultra-sparsity with imbalance,population_03,64,3.0,15.0,5.0,0.011352992378031408,0.859375,0.515625,0.984375,0.84375,2.742857142851617,13.71428571426775,2.742857142857141,13.714285714285706,0.900000000000088,0.8999999999999999,0.9000000000000522,0.9000000000000001,"[[9.848561203567396e-05, 9.8485612035674e-05, 0.004630195255383687, 0.0006404529774901562, 0.002617759131183736, 0.0027799413600332113, 0.0027799413600332113, 0.0006404529774901562], [0.012573552361692587, 0.012573552361692587, 0.0026177591311990875, 0.008661942230171799, 0.8469453215725992, 0.0039829650562804315, 0.0039829650562804315, 0.008661942230171795], [9.671687853768782e-05, 0.00047304352224478445, 9.848561203622863e-05, 6.66284269136507e-05, 0.012573552361689657, 5.913016863583847e-05, 0.00028920643082505534, 0.000628950884831571], [0.0006289508848306206, 6.662842691355006e-05, 0.0006404529774927954, 0.002119204408865151, 0.008661942230156696, 0.0018807124807615064, 0.00019923481640949698, 8.858806027688926e-05], [5.913016863558025e-05, 0.00028920643082379246, 0.0027799413600367276, 0.00019923481640892797, 0.003982965056262112, 0.0008647958959677337, 0.004229728076801004, 0.0018807124807561353], [0.00047304352224478407, 9.671687853768783e-05, 9.848561203622859e-05, 0.0006289508848315708, 0.01257355236168966, 0.00028920643082505523, 5.9130168635838446e-05, 6.662842691365068e-05], [6.662842691355003e-05, 0.0006289508848306211, 0.0006404529774927955, 8.858806027688927e-05, 0.008661942230156695, 0.000199234816409497, 0.0018807124807615067, 0.002119204408865151], [0.00028920643082379235, 5.913016863558028e-05, 0.0027799413600367276, 0.0018807124807561353, 0.003982965056262112, 0.004229728076801004, 0.0008647958959677337, 0.00019923481640892797]]","[[0.0013227429131415465, 0.00017936740364545668, 0.0022864603312321525, 0.005146956735317181, 0.0019287136787706264, 0.00228644877548469, 0.00038054805357994075, 0.0007544763945323501], [0.0011275745274349973, 5.685146062248636e-05, 0.0037694786608252176, 0.0011730721393680573, 0.0022864487754803314, 0.005242072181443045, 0.00016773802021250218, 0.0004624785203089349], [0.00023790250209528786, 0.00023335144974914114, 0.00010994908691612278, 0.012949866890385693, 0.00017936740364589621, 5.685146062273405e-05, 0.00025599334869932927, 0.00026243214360049954], [0.0007195769476120272, 0.00026243214360033567, 0.0006431579826820957, 0.010472441096818127, 0.000754476394533728, 0.00046247852031066104, 0.00040036776947870764, 0.000570783430676279], [0.008050409215823342, 0.012949866890386894, 0.0026753873648647348, 0.8474850712471059, 0.005146956735330268, 0.0011730721393732764, 0.01204679531034217, 0.010472441096825635], [0.0010697814857587337, 0.00023790250209495848, 0.001329717555550402, 0.00805040921581145, 0.0013227429131429564, 0.0011275745274383485, 0.0004280091383002952, 0.0007195769476114802], [0.000428009138300801, 0.0002559933486992774, 0.0002750866797983902, 0.012046795310338613, 0.00038054805358079613, 0.00016773802021319897, 0.0003311759653038609, 0.00040036776947887645], [0.0013297175555475474, 0.00010994908691573451, 0.0031964766238451662, 0.0026753873648550394, 0.0022864603312296814, 0.0037694786608283284, 0.0002750866797974745, 0.000643157982680226]]"
config_8x8_d3_p04,3,3,8,8,192,960,0.1,1.2205871981357819,1.5873994648592764,1,8x8_ultra_imbalanced,4,1592826619,dominant_0.90,0.9,3,0.09999999999999998,0.1000000000000002,-2.220446049250313e-16,1.9184348638048148,0.2918627618546094,0.303372181856592,0.39193444118236853,0.6308823499917813,6.372119273208377e-05,5.913016863558025e-05,0.012234469004560085,0.05676496189015704,0.765625,0.765625,0.984375,0.765625,True,ultra_imbalanced,Ultra-sparsity with imbalance,population_04,64,3.0,15.0,5.0,0.012234469004560085,0.890625,0.5625,0.984375,0.859375,2.7428571428544255,13.714285714258088,2.742857142857142,13.714285714285705,0.9000000000000542,0.9000000000000001,0.9000000000000878,0.8999999999999999,"[[6.372119273208377e-05, 0.0025200288913456506, 6.372119273208377e-05, 0.0025200288913456506, 6.372119273208377e-05, 0.0025200288913456506, 0.004014435142121279, 0.0025200288913456506], [0.00021258832598160517, 6.37211927322982e-05, 0.00021258832598160517, 6.37211927322982e-05, 0.00021258832598160517, 6.37211927322982e-05, 0.01339306453684113, 6.37211927322982e-05], [6.372119273208377e-05, 0.0025200288913456506, 6.372119273208377e-05, 0.0025200288913456506, 6.372119273208377e-05, 0.0025200288913456506, 0.004014435142121279, 0.0025200288913456506], [6.372119273208377e-05, 0.0025200288913456506, 6.372119273208377e-05, 0.0025200288913456506, 6.372119273208377e-05, 0.0025200288913456506, 0.004014435142121279, 0.0025200288913456506], [6.372119273208377e-05, 0.0025200288913456506, 6.372119273208377e-05, 0.0025200288913456506, 6.372119273208377e-05, 0.0025200288913456506, 0.004014435142121279, 0.0025200288913456506], [0.01339306453684113, 0.004014435142134788, 0.01339306453684113, 0.004014435142134788, 0.01339306453684113, 0.004014435142134788, 0.8437630658209916, 0.004014435142134788], [0.00021258832598160517, 6.37211927322982e-05, 0.00021258832598160517, 6.37211927322982e-05, 0.00021258832598160517, 6.37211927322982e-05, 0.01339306453684113, 6.37211927322982e-05], [0.00021258832598160517, 6.37211927322982e-05, 0.00021258832598160517, 6.37211927322982e-05, 0.00021258832598160517, 6.37211927322982e-05, 0.01339306453684113, 6.37211927322982e-05]]","[[0.0039829650562804315, 0.0026177591311990875, 0.012573552361692587, 0.0039829650562804315, 0.008661942230171795, 0.012573552361692587, 0.008661942230171799, 0.8469453215725992], [0.0027799413600332113, 0.004630195255383687, 9.8485612035674e-05, 0.0027799413600332113, 0.0006404529774901562, 9.848561203567396e-05, 0.0006404529774901562, 0.002617759131183736], [0.000199234816409497, 0.0006404529774927955, 0.0006289508848306211, 0.0018807124807615067, 0.002119204408865151, 6.662842691355003e-05, 8.858806027688927e-05, 0.008661942230156695], [0.0018807124807615064, 0.0006404529774927954, 6.662842691355006e-05, 0.00019923481640949698, 8.858806027688926e-05, 0.0006289508848306206, 0.002119204408865151, 0.008661942230156696], [0.00028920643082505523, 9.848561203622859e-05, 9.671687853768783e-05, 5.9130168635838446e-05, 6.662842691365068e-05, 0.00047304352224478407, 0.0006289508848315708, 0.01257355236168966], [5.913016863583847e-05, 9.848561203622863e-05, 0.00047304352224478445, 0.00028920643082505534, 0.000628950884831571, 9.671687853768782e-05, 6.66284269136507e-05, 0.012573552361689657], [0.004229728076801004, 0.0027799413600367276, 5.913016863558028e-05, 0.0008647958959677337, 0.00019923481640892797, 0.00028920643082379235, 0.0018807124807561353, 0.003982965056262112], [0.0008647958959677337, 0.0027799413600367276, 0.00028920643082379246, 0.004229728076801004, 0.0018807124807561353, 5.913016863558025e-05, 0.00019923481640892797, 0.003982965056262112]]"
config_8x8_d3_p05,3,3,8,8,192,960,0.1,2.019934490836755,2.019934490836755,1,8x8_ultra_imbalanced,5,759158634,dominant_0.90,0.9,3,0.10000000000000164,0.10000000000000153,1.1102230246251565e-16,1.9078074122810724,0.2756847229446192,0.27568472294461915,0.3958784642763531,0.5381951387464985,5.685146062248636e-05,5.685146062248636e-05,0.010915480439517383,0.05457740219758691,0.765625,0.765625,0.984375,0.765625,True,ultra_imbalanced,Ultra-sparsity with imbalance,population_05,64,3.0,15.0,5.0,0.010915480439517383,0.84375,0.515625,0.984375,0.84375,2.74285714285355,13.71428571426775,2.742857142857142,13.714285714285708,0.9000000000000522,0.9000000000000001,0.9000000000000522,0.9000000000000001,"[[0.010472441096825635, 0.005146956735330268, 0.01204679531034217, 0.0011730721393732764, 0.012949866890386894, 0.0026753873648647348, 0.008050409215823342, 0.8474850712471059], [0.00040036776947887645, 0.00038054805358079613, 0.0003311759653038609, 0.00016773802021319897, 0.0002559933486992774, 0.0002750866797983902, 0.000428009138300801, 0.012046795310338613], [0.0004624785203089349, 0.0022864487754803314, 0.00016773802021250218, 0.005242072181443045, 5.685146062248636e-05, 0.0037694786608252176, 0.0011275745274349973, 0.0011730721393680573], [0.000570783430676279, 0.000754476394533728, 0.00040036776947870764, 0.00046247852031066104, 0.00026243214360033567, 0.0006431579826820957, 0.0007195769476120272, 0.010472441096818127], [0.0007195769476114802, 0.0013227429131429564, 0.0004280091383002952, 0.0011275745274383485, 0.00023790250209495848, 0.001329717555550402, 0.0010697814857587337, 0.00805040921581145], [0.000643157982680226, 0.0022864603312296814, 0.0002750866797974745, 0.0037694786608283284, 0.00010994908691573451, 0.0031964766238451662, 0.0013297175555475474, 0.0026753873648550394], [0.00026243214360049954, 0.00017936740364589621, 0.00025599334869932927, 5.685146062273405e-05, 0.00023335144974914114, 0.00010994908691612278, 0.00023790250209528786, 0.012949866890385693], [0.0007544763945323501, 0.0019287136787706264, 0.00038054805357994075, 0.00228644877548469, 0.00017936740364545668, 0.0022864603312321525, 0.0013227429131415465, 0.005146956735317181]]","[[0.00040036776947887645, 0.000428009138300801, 0.0002750866797983902, 0.0003311759653038609, 0.00038054805358079613, 0.012046795310338613, 0.0002559933486992774, 0.00016773802021319897], [0.0004624785203089349, 0.0011275745274349973, 0.0037694786608252176, 0.00016773802021250218, 0.0022864487754803314, 0.0011730721393680573, 5.685146062248636e-05, 0.005242072181443045], [0.000570783430676279, 0.0007195769476120272, 0.0006431579826820957, 0.00040036776947870764, 0.000754476394533728, 0.010472441096818127, 0.00026243214360033567, 0.00046247852031066104], [0.010472441096825635, 0.008050409215823342, 0.0026753873648647348, 0.01204679531034217, 0.005146956735330268, 0.8474850712471059, 0.012949866890386894, 0.0011730721393732764], [0.0007544763945323501, 0.0013227429131415465, 0.0022864603312321525, 0.00038054805357994075, 0.0019287136787706264, 0.005146956735317181, 0.00017936740364545668, 0.00228644877548469], [0.00026243214360049954, 0.00023790250209528786, 0.00010994908691612278, 0.00025599334869932927, 0.00017936740364589621, 0.012949866890385693, 0.00023335144974914114, 5.685146062273405e-05], [0.0007195769476114802, 0.0010697814857587337, 0.001329717555550402, 0.0004280091383002952, 0.0013227429131429564, 0.00805040921581145, 0.00023790250209495848, 0.0011275745274383485], [0.000643157982680226, 0.0013297175555475474, 0.0031964766238451662, 0.0002750866797974745, 0.0022864603312296814, 0.0026753873648550394, 0.00010994908691573451, 0.0037694786608283284]]"
config_8x8_d3_p06,3,3,8,8,192,960,0.1,1.2205871981357819,1.2205871981357819,1,8x8_ultra_imbalanced,6,3529923466,dominant_0.90,0.9,3,0.10000000000000009,0.10000000000000009,0.0,1.9008629292417978,0.2918627618546096,0.29186276185460935,0.3910454413424219,0.5869445285988955,6.372119273208377e-05,6.372119273208377e-05,0.012234469004560085,0.061172345022800424,0.765625,0.765625,0.984375,0.765625,True,ultra_imbalanced,Ultra-sparsity with imbalance,population_06,64,3.0,15.0,5.0,0.012234469004560085,0.890625,0.515625,0.984375,0.890625,2.742857142854425,13.714285714272128,2.742857142857142,13.71428571428571,0.9000000000000541,0.9000000000000001,0.9000000000000542,0.9,"[[6.37211927322982e-05, 0.00021258832598160517, 6.37211927322982e-05, 6.37211927322982e-05, 0.00021258832598160517, 0.01339306453684113, 6.37211927322982e-05, 0.00021258832598160517], [0.0025200288913456506, 6.372119273208377e-05, 0.0025200288913456506, 0.0025200288913456506, 6.372119273208377e-05, 0.004014435142121279, 0.0025200288913456506, 6.372119273208377e-05], [6.37211927322982e-05, 0.00021258832598160517, 6.37211927322982e-05, 6.37211927322982e-05, 0.00021258832598160517, 0.01339306453684113, 6.37211927322982e-05, 0.00021258832598160517], [6.37211927322982e-05, 0.00021258832598160517, 6.37211927322982e-05, 6.37211927322982e-05, 0.00021258832598160517, 0.01339306453684113, 6.37211927322982e-05, 0.00021258832598160517], [0.0025200288913456506, 6.372119273208377e-05, 0.0025200288913456506, 0.0025200288913456506, 6.372119273208377e-05, 0.004014435142121279, 0.0025200288913456506, 6.372119273208377e-05], [0.004014435142134788, 0.01339306453684113, 0.004014435142134788, 0.004014435142134788, 0.01339306453684113, 0.8437630658209916, 0.004014435142134788, 0.01339306453684113], [0.0025200288913456506, 6.372119273208377e-05, 0.0025200288913456506, 0.0025200288913456506, 6.372119273208377e-05, 0.004014435142121279, 0.0025200288913456506, 6.372119273208377e-05], [0.0025200288913456506, 6.372119273208377e-05, 0.0025200288913456506, 0.0025200288913456506, 6.372119273208377e-05, 0.004014435142121279, 0.0025200288913456506, 6.372119273208377e-05]]","[[0.00021258832598160517, 6.37211927322982e-05, 6.37211927322982e-05, 0.00021258832598160517, 6.37211927322982e-05, 0.00021258832598160517, 0.01339306453684113, 6.37211927322982e-05], [6.372119273208377e-05, 0.0025200288913456506, 0.0025200288913456506, 6.372119273208377e-05, 0.0025200288913456506, 6.372119273208377e-05, 0.004014435142121279, 0.0025200288913456506], [0.01339306453684113, 0.004014435142134788, 0.004014435142134788, 0.01339306453684113, 0.004014435142134788, 0.01339306453684113, 0.8437630658209916, 0.004014435142134788], [0.00021258832598160517, 6.37211927322982e-05, 6.37211927322982e-05, 0.00021258832598160517, 6.37211927322982e-05, 0.00021258832598160517, 0.01339306453684113, 6.37211927322982e-05], [0.00021258832598160517, 6.37211927322982e-05, 6.37211927322982e-05, 0.00021258832598160517, 6.37211927322982e-05, 0.00021258832598160517, 0.01339306453684113, 6.37211927322982e-05], [6.372119273208377e-05, 0.0025200288913456506, 0.0025200288913456506, 6.372119273208377e-05, 0.0025200288913456506, 6.372119273208377e-05, 0.004014435142121279, 0.0025200288913456506], [6.372119273208377e-05, 0.0025200288913456506, 0.0025200288913456506, 6.372119273208377e-05, 0.0025200288913456506, 6.372119273208377e-05, 0.004014435142121279, 0.0025200288913456506], [6.372119273208377e-05, 0.0025200288913456506, 0.0025200288913456506, 6.372119273208377e-05, 0.0025200288913456506, 6.372119273208377e-05, 0.004014435142121279, 0.0025200288913456506]]"
config_8x8_d3_p07,3,3,8,8,192,960,0.1,1.2205871981357819,2.019934490836755,1,8x8_ultra_imbalanced,7,3201651166,dominant_0.90,0.9,3,0.09999999999999998,0.10000000000000164,-1.6653345369377348e-15,1.9078912382664317,0.29186276185460963,0.2756847229446192,0.3951771774176508,0.5284939863751321,6.372119273208377e-05,5.685146062248636e-05,0.012234469004560085,0.05457740219758691,0.765625,0.765625,0.984375,0.765625,True,ultra_imbalanced,Ultra-sparsity with imbalance,population_07,64,3.0,15.0,5.0,0.012234469004560085,0.890625,0.515625,0.984375,0.84375,2.742857142854425,13.71428571426775,2.742857142857142,13.714285714285708,0.9000000000000541,0.9000000000000001,0.9000000000000522,0.9000000000000001,"[[0.00021258832598160517, 6.37211927322982e-05, 0.00021258832598160517, 6.37211927322982e-05, 6.37211927322982e-05, 6.37211927322982e-05, 0.00021258832598160517, 0.01339306453684113], [0.01339306453684113, 0.004014435142134788, 0.01339306453684113, 0.004014435142134788, 0.004014435142134788, 0.004014435142134788, 0.01339306453684113, 0.8437630658209916], [6.372119273208377e-05, 0.0025200288913456506, 6.372119273208377e-05, 0.0025200288913456506, 0.0025200288913456506, 0.0025200288913456506, 6.372119273208377e-05, 0.004014435142121279], [6.372119273208377e-05, 0.0025200288913456506, 6.372119273208377e-05, 0.0025200288913456506, 0.0025200288913456506, 0.0025200288913456506, 6.372119273208377e-05, 0.004014435142121279], [6.372119273208377e-05, 0.0025200288913456506, 6.372119273208377e-05, 0.0025200288913456506, 0.0025200288913456506, 0.0025200288913456506, 6.372119273208377e-05, 0.004014435142121279], [0.00021258832598160517, 6.37211927322982e-05, 0.00021258832598160517, 6.37211927322982e-05, 6.37211927322982e-05, 6.37211927322982e-05, 0.00021258832598160517, 0.01339306453684113], [0.00021258832598160517, 6.37211927322982e-05, 0.00021258832598160517, 6.37211927322982e-05, 6.37211927322982e-05, 6.37211927322982e-05, 0.00021258832598160517, 0.01339306453684113], [6.372119273208377e-05, 0.0025200288913456506, 6.372119273208377e-05, 0.0025200288913456506, 0.0025200288913456506, 0.0025200288913456506, 6.372119273208377e-05, 0.004014435142121279]]","[[0.0007544763945323501, 0.0022864603312321525, 0.00038054805357994075, 0.005146956735317181, 0.0013227429131415465, 0.00017936740364545668, 0.0019287136787706264, 0.00228644877548469], [0.00026243214360049954, 0.00010994908691612278, 0.00025599334869932927, 0.012949866890385693, 0.00023790250209528786, 0.00023335144974914114, 0.00017936740364589621, 5.685146062273405e-05], [0.0004624785203089349, 0.0037694786608252176, 0.00016773802021250218, 0.0011730721393680573, 0.0011275745274349973, 5.685146062248636e-05, 0.0022864487754803314, 0.005242072181443045], [0.000570783430676279, 0.0006431579826820957, 0.00040036776947870764, 0.010472441096818127, 0.0007195769476120272, 0.00026243214360033567, 0.000754476394533728, 0.00046247852031066104], [0.0007195769476114802, 0.001329717555550402, 0.0004280091383002952, 0.00805040921581145, 0.0010697814857587337, 0.00023790250209495848, 0.0013227429131429564, 0.0011275745274383485], [0.00040036776947887645, 0.0002750866797983902, 0.0003311759653038609, 0.012046795310338613, 0.000428009138300801, 0.0002559933486992774, 0.00038054805358079613, 0.00016773802021319897], [0.000643157982680226, 0.0031964766238451662, 0.0002750866797974745, 0.0026753873648550394, 0.0013297175555475474, 0.00010994908691573451, 0.0022864603312296814, 0.0037694786608283284], [0.010472441096825635, 0.0026753873648647348, 0.01204679531034217, 0.8474850712471059, 0.008050409215823342, 0.012949866890386894, 0.005146956735330268, 0.0011730721393732764]]"
config_8x8_d3_p08,3,3,8,8,192,960,0.1,1.5873994648592764,1.2205871981357819,1,8x8_ultra_imbalanced,8,1520120739,dominant_0.90,0.9,3,0.10000000000000053,0.10000000000000031,2.220446049250313e-16,1.9064460208844964,0.303372181856592,0.2918627618546094,0.39159432787558157,0.5944394163827224,5.913016863558025e-05,6.372119273208377e-05,0.011352992378031408,0.061172345022800424,0.765625,0.765625,0.984375,0.765625,True,ultra_imbalanced,Ultra-sparsity with imbalance,population_08,64,3.0,15.0,5.0,0.011352992378031408,0.859375,0.515625,0.984375,0.890625,2.7428571428516175,13.714285714272126,2.742857142857141,13.71428571428571,0.900000000000088,0.8999999999999998,0.9000000000000542,0.9000000000000001,"[[0.0018807124807561353, 5.913016863558028e-05, 0.004229728076801004, 0.003982965056262112, 0.00019923481640892797, 0.00028920643082379235, 0.0008647958959677337, 0.0027799413600367276], [6.66284269136507e-05, 0.00047304352224478445, 5.913016863583847e-05, 0.012573552361689657, 0.000628950884831571, 9.671687853768782e-05, 0.00028920643082505534, 9.848561203622863e-05], [0.008661942230171799, 0.012573552361692587, 0.0039829650562804315, 0.8469453215725992, 0.008661942230171795, 0.012573552361692587, 0.0039829650562804315, 0.0026177591311990875], [0.002119204408865151, 6.662842691355006e-05, 0.0018807124807615064, 0.008661942230156696, 8.858806027688926e-05, 0.0006289508848306206, 0.00019923481640949698, 0.0006404529774927954], [0.0006404529774901562, 9.8485612035674e-05, 0.0027799413600332113, 0.002617759131183736, 0.0006404529774901562, 9.848561203567396e-05, 0.0027799413600332113, 0.004630195255383687], [0.00019923481640892797, 0.00028920643082379246, 0.0008647958959677337, 0.003982965056262112, 0.0018807124807561353, 5.913016863558025e-05, 0.004229728076801004, 0.0027799413600367276], [0.0006289508848315708, 9.671687853768783e-05, 0.00028920643082505523, 0.01257355236168966, 6.662842691365068e-05, 0.00047304352224478407, 5.9130168635838446e-05, 9.848561203622859e-05], [8.858806027688927e-05, 0.0006289508848306211, 0.000199234816409497, 0.008661942230156695, 0.002119204408865151, 6.662842691355003e-05, 0.0018807124807615067, 0.0006404529774927955]]","[[0.0025200288913456506, 6.372119273208377e-05, 0.004014435142121279, 0.0025200288913456506, 0.0025200288913456506, 6.372119273208377e-05, 0.0025200288913456506, 6.372119273208377e-05], [0.0025200288913456506, 6.372119273208377e-05, 0.004014435142121279, 0.0025200288913456506, 0.0025200288913456506, 6.372119273208377e-05, 0.0025200288913456506, 6.372119273208377e-05], [6.37211927322982e-05, 0.00021258832598160517, 0.01339306453684113, 6.37211927322982e-05, 6.37211927322982e-05, 0.00021258832598160517, 6.37211927322982e-05, 0.00021258832598160517], [0.004014435142134788, 0.01339306453684113, 0.8437630658209916, 0.004014435142134788, 0.004014435142134788, 0.01339306453684113, 0.004014435142134788, 0.01339306453684113], [0.0025200288913456506, 6.372119273208377e-05, 0.004014435142121279, 0.0025200288913456506, 0.0025200288913456506, 6.372119273208377e-05, 0.0025200288913456506, 6.372119273208377e-05], [6.37211927322982e-05, 0.00021258832598160517, 0.01339306453684113, 6.37211927322982e-05, 6.37211927322982e-05, 0.00021258832598160517, 6.37211927322982e-05, 0.00021258832598160517], [6.37211927322982e-05, 0.00021258832598160517, 0.01339306453684113, 6.37211927322982e-05, 6.37211927322982e-05, 0.00021258832598160517, 6.37211927322982e-05, 0.00021258832598160517], [0.0025200288913456506, 6.372119273208377e-05, 0.004014435142121279, 0.0025200288913456506, 0.0025200288913456506, 6.372119273208377e-05, 0.0025200288913456506, 6.372119273208377e-05]]"
config_8x8_d3_p09,3,3,8,8,192,960,0.1,2.019934490836755,2.019934490836755,1,8x8_ultra_imbalanced,9,3849056245,dominant_0.90,0.9,3,0.10000000000000175,0.10000000000000153,2.220446049250313e-16,1.9106649264393685,0.2756847229446192,0.2756847229446192,0.39525667705278733,0.6370565421195813,5.685146062248636e-05,5.685146062248636e-05,0.010915480439517383,0.05457740219758691,0.765625,0.765625,0.984375,0.765625,True,ultra_imbalanced,Ultra-sparsity with imbalance,population_09,64,3.0,15.0,5.0,0.010915480439517383,0.84375,0.515625,0.984375,0.84375,2.7428571428535498,13.714285714267747,2.742857142857142,13.714285714285708,0.9000000000000522,0.9,0.9000000000000522,0.9000000000000001,"[[0.00038054805358079613, 0.0003311759653038609, 0.000428009138300801, 0.00040036776947887645, 0.012046795310338613, 0.0002750866797983902, 0.00016773802021319897, 0.0002559933486992774], [0.005146956735330268, 0.01204679531034217, 0.008050409215823342, 0.010472441096825635, 0.8474850712471059, 0.0026753873648647348, 0.0011730721393732764, 0.012949866890386894], [0.000754476394533728, 0.00040036776947870764, 0.0007195769476120272, 0.000570783430676279, 0.010472441096818127, 0.0006431579826820957, 0.00046247852031066104, 0.00026243214360033567], [0.0019287136787706264, 0.00038054805357994075, 0.0013227429131415465, 0.0007544763945323501, 0.005146956735317181, 0.0022864603312321525, 0.00228644877548469, 0.00017936740364545668], [0.0022864603312296814, 0.0002750866797974745, 0.0013297175555475474, 0.000643157982680226, 0.0026753873648550394, 0.0031964766238451662, 0.0037694786608283284, 0.00010994908691573451], [0.0022864487754803314, 0.00016773802021250218, 0.0011275745274349973, 0.0004624785203089349, 0.0011730721393680573, 0.0037694786608252176, 0.005242072181443045, 5.685146062248636e-05], [0.00017936740364589621, 0.00025599334869932927, 0.00023790250209528786, 0.00026243214360049954, 0.012949866890385693, 0.00010994908691612278, 5.685146062273405e-05, 0.00023335144974914114], [0.0013227429131429564, 0.0004280091383002952, 0.0010697814857587337, 0.0007195769476114802, 0.00805040921581145, 0.001329717555550402, 0.0011275745274383485, 0.00023790250209495848]]","[[0.0011730721393680573, 0.0022864487754803314, 0.0004624785203089349, 5.685146062248636e-05, 0.00016773802021250218, 0.0011275745274349973, 0.0037694786608252176, 0.005242072181443045], [0.010472441096818127, 0.000754476394533728, 0.000570783430676279, 0.00026243214360033567, 0.00040036776947870764, 0.0007195769476120272, 0.0006431579826820957, 0.00046247852031066104], [0.005146956735317181, 0.0019287136787706264, 0.0007544763945323501, 0.00017936740364545668, 0.00038054805357994075, 0.0013227429131415465, 0.0022864603312321525, 0.00228644877548469], [0.00805040921581145, 0.0013227429131429564, 0.0007195769476114802, 0.00023790250209495848, 0.0004280091383002952, 0.0010697814857587337, 0.001329717555550402, 0.0011275745274383485], [0.012949866890385693, 0.00017936740364589621, 0.00026243214360049954, 0.00023335144974914114, 0.00025599334869932927, 0.00023790250209528786, 0.00010994908691612278, 5.685146062273405e-05], [0.012046795310338613, 0.00038054805358079613, 0.00040036776947887645, 0.0002559933486992774, 0.0003311759653038609, 0.000428009138300801, 0.0002750866797983902, 0.00016773802021319897], [0.0026753873648550394, 0.0022864603312296814, 0.000643157982680226, 0.00010994908691573451, 0.0002750866797974745, 0.0013297175555475474, 0.0031964766238451662, 0.0037694786608283284], [0.8474850712471059, 0.005146956735330268, 0.010472441096825635, 0.012949866890386894, 0.01204679531034217, 0.008050409215823342, 0.0026753873648647348, 0.0011730721393732764]]"
