regime,regime_label,method,method_label,nominal_alpha,population_pairs,mean_rejection_rate,median_rejection_rate,p10_rejection_rate,p90_rejection_rate,minimum_rejection_rate,maximum_rejection_rate,mean_absolute_calibration_error
balanced_control,Balanced control,normal_wald,Normal Wald,0.0,40,0.0,0.0,0.0,0.0,0.0,0.0,0.0
balanced_control,Balanced control,normal_wald,Normal Wald,0.001,40,0.000795,0.0008,0.0002,0.0014200000000000003,0.0,0.002,0.000445
balanced_control,Balanced control,normal_wald,Normal Wald,0.002,40,0.0015949999999999998,0.0016,0.0006,0.0026,0.0004,0.0032,0.0006450000000000001
balanced_control,Balanced control,normal_wald,Normal Wald,0.003,40,0.00259,0.0026,0.0015600000000000002,0.0038200000000000005,0.0006,0.0042,0.0008
balanced_control,Balanced control,normal_wald,Normal Wald,0.004,40,0.0034999999999999996,0.0034,0.0024,0.00482,0.0014,0.0056,0.0009000000000000001
balanced_control,Balanced control,normal_wald,Normal Wald,0.005,40,0.00433,0.0044,0.0032,0.00544,0.002,0.0072,0.00098
balanced_control,Balanced control,normal_wald,Normal Wald,0.006,40,0.005235,0.0053,0.004,0.00642,0.0026,0.008,0.001105
balanced_control,Balanced control,normal_wald,Normal Wald,0.007,40,0.00618,0.0062,0.0048,0.00742,0.0034,0.0086,0.0010900000000000003
balanced_control,Balanced control,normal_wald,Normal Wald,0.008,40,0.0072,0.0071,0.0058,0.008620000000000001,0.004,0.0096,0.0011500000000000002
balanced_control,Balanced control,normal_wald,Normal Wald,0.009,40,0.0081,0.0082,0.00638,0.00966,0.0044,0.0106,0.0013099999999999995
balanced_control,Balanced control,normal_wald,Normal Wald,0.01,40,0.00902,0.0092,0.0072,0.010820000000000001,0.0054,0.0118,0.00142
balanced_control,Balanced control,normal_wald,Normal Wald,0.011,40,0.01001,0.01,0.0078,0.012,0.007,0.0134,0.0014899999999999996
balanced_control,Balanced control,normal_wald,Normal Wald,0.012,40,0.011075,0.011,0.00898,0.01304,0.0076,0.0142,0.0014550000000000001
balanced_control,Balanced control,normal_wald,Normal Wald,0.013,40,0.011945,0.0122,0.009940000000000001,0.01364,0.0088,0.0156,0.0015349999999999995
balanced_control,Balanced control,normal_wald,Normal Wald,0.014,40,0.01297,0.013,0.010780000000000001,0.015220000000000001,0.0094,0.0162,0.0016
balanced_control,Balanced control,normal_wald,Normal Wald,0.015,40,0.013895,0.014,0.0114,0.0162,0.0098,0.0172,0.0016549999999999996
balanced_control,Balanced control,normal_wald,Normal Wald,0.016,40,0.01492,0.0146,0.01236,0.017040000000000003,0.0108,0.018,0.00165
balanced_control,Balanced control,normal_wald,Normal Wald,0.017,40,0.0159,0.0158,0.01358,0.0182,0.0118,0.0194,0.0016800000000000003
balanced_control,Balanced control,normal_wald,Normal Wald,0.018,40,0.01684,0.0167,0.0144,0.0192,0.013,0.0204,0.0017899999999999993
balanced_control,Balanced control,normal_wald,Normal Wald,0.019,40,0.01787,0.0179,0.01518,0.02042,0.0132,0.021,0.0018399999999999996
balanced_control,Balanced control,normal_wald,Normal Wald,0.02,40,0.018834999999999998,0.0189,0.0158,0.0218,0.0142,0.0224,0.001995
balanced_control,Balanced control,normal_wald,Normal Wald,0.021,40,0.019785,0.0199,0.01678,0.02302,0.0148,0.0234,0.002065000000000001
balanced_control,Balanced control,normal_wald,Normal Wald,0.022,40,0.020905,0.0212,0.017580000000000002,0.024,0.0154,0.0246,0.0020549999999999995
balanced_control,Balanced control,normal_wald,Normal Wald,0.023,40,0.021785,0.0217,0.01856,0.0252,0.0162,0.026,0.002155
balanced_control,Balanced control,normal_wald,Normal Wald,0.024,40,0.022655,0.022600000000000002,0.0194,0.02562,0.0168,0.0274,0.0021850000000000003
balanced_control,Balanced control,normal_wald,Normal Wald,0.025,40,0.02354,0.0236,0.0204,0.02622,0.0178,0.0286,0.002140000000000001
balanced_control,Balanced control,normal_wald,Normal Wald,0.026,40,0.02459,0.0246,0.021580000000000002,0.0276,0.0184,0.0294,0.002179999999999999
balanced_control,Balanced control,normal_wald,Normal Wald,0.027,40,0.025435000000000003,0.025500000000000002,0.0222,0.02826,0.0192,0.03,0.002275
balanced_control,Balanced control,normal_wald,Normal Wald,0.028,40,0.026525,0.0266,0.0232,0.02926,0.02,0.0312,0.0022150000000000004
balanced_control,Balanced control,normal_wald,Normal Wald,0.029,40,0.02751,0.0275,0.02416,0.030619999999999998,0.0206,0.0322,0.002300000000000001
balanced_control,Balanced control,normal_wald,Normal Wald,0.03,40,0.02851,0.0284,0.025,0.032,0.0218,0.0334,0.0024
balanced_control,Balanced control,normal_wald,Normal Wald,0.031,40,0.029455,0.0292,0.026539999999999998,0.03246,0.0234,0.0344,0.0023450000000000003
balanced_control,Balanced control,normal_wald,Normal Wald,0.032,40,0.030440000000000002,0.03,0.02738,0.0338,0.0244,0.0354,0.00241
balanced_control,Balanced control,normal_wald,Normal Wald,0.033,40,0.031435000000000005,0.0312,0.027960000000000002,0.0348,0.0248,0.0362,0.002455
balanced_control,Balanced control,normal_wald,Normal Wald,0.034,40,0.032335,0.032,0.0286,0.0356,0.0256,0.0374,0.0025250000000000003
balanced_control,Balanced control,normal_wald,Normal Wald,0.035,40,0.033255,0.033299999999999996,0.0294,0.0364,0.0266,0.0378,0.0025650000000000017
balanced_control,Balanced control,normal_wald,Normal Wald,0.036,40,0.03433,0.0346,0.03056,0.0376,0.0274,0.0386,0.0024499999999999995
balanced_control,Balanced control,normal_wald,Normal Wald,0.037,40,0.035199999999999995,0.0356,0.031580000000000004,0.0384,0.0278,0.0392,0.0024999999999999996
balanced_control,Balanced control,normal_wald,Normal Wald,0.038,40,0.036215000000000004,0.0364,0.0328,0.0396,0.0292,0.0408,0.002565
balanced_control,Balanced control,normal_wald,Normal Wald,0.039,40,0.03714,0.037,0.0336,0.040619999999999996,0.03,0.0428,0.0027400000000000002
balanced_control,Balanced control,normal_wald,Normal Wald,0.04,40,0.038105,0.038099999999999995,0.03438,0.04142,0.0312,0.0436,0.002805
balanced_control,Balanced control,normal_wald,Normal Wald,0.041,40,0.039084999999999995,0.0392,0.03518,0.04282,0.0314,0.0446,0.002885
balanced_control,Balanced control,normal_wald,Normal Wald,0.042,40,0.04011,0.0401,0.036340000000000004,0.044,0.0324,0.0458,0.002880000000000001
balanced_control,Balanced control,normal_wald,Normal Wald,0.043,40,0.04107,0.0411,0.03658,0.04526,0.0336,0.0472,0.003029999999999999
balanced_control,Balanced control,normal_wald,Normal Wald,0.044,40,0.04199,0.0419,0.037380000000000004,0.046060000000000004,0.0346,0.0486,0.0031299999999999995
balanced_control,Balanced control,normal_wald,Normal Wald,0.045,40,0.04296,0.0428,0.038720000000000004,0.0476,0.035,0.0498,0.0031899999999999997
balanced_control,Balanced control,normal_wald,Normal Wald,0.046,40,0.043985,0.044,0.039740000000000004,0.04862,0.0364,0.0516,0.003255
balanced_control,Balanced control,normal_wald,Normal Wald,0.047,40,0.044975,0.0451,0.0407,0.049460000000000004,0.0382,0.0526,0.0032850000000000006
balanced_control,Balanced control,normal_wald,Normal Wald,0.048,40,0.045985,0.0462,0.04188,0.050660000000000004,0.0392,0.0534,0.003305000000000001
balanced_control,Balanced control,normal_wald,Normal Wald,0.049,40,0.04693,0.0469,0.04266,0.05144,0.04,0.0548,0.0033400000000000014
balanced_control,Balanced control,normal_wald,Normal Wald,0.05,40,0.047795,0.048,0.04308,0.05224,0.0412,0.0558,0.003455000000000002
balanced_control,Balanced control,normal_wald,Normal Wald,0.051,40,0.04879,0.0486,0.04394,0.05362,0.042,0.0568,0.0034699999999999983
balanced_control,Balanced control,normal_wald,Normal Wald,0.052,40,0.049825,0.05,0.04524,0.054439999999999995,0.0426,0.0574,0.0034049999999999983
balanced_control,Balanced control,normal_wald,Normal Wald,0.053,40,0.050925,0.050699999999999995,0.0466,0.05566,0.0442,0.0582,0.0033949999999999996
balanced_control,Balanced control,normal_wald,Normal Wald,0.054,40,0.05197500000000001,0.0518,0.04708,0.05722,0.0446,0.0594,0.003515
balanced_control,Balanced control,normal_wald,Normal Wald,0.055,40,0.052969999999999996,0.0528,0.0481,0.05766,0.0452,0.06,0.0034800000000000005
balanced_control,Balanced control,normal_wald,Normal Wald,0.056,40,0.053905,0.0534,0.0492,0.05924,0.0456,0.0612,0.003595
balanced_control,Balanced control,normal_wald,Normal Wald,0.057,40,0.054915000000000005,0.055,0.05054,0.060239999999999995,0.0464,0.0624,0.0036450000000000002
balanced_control,Balanced control,normal_wald,Normal Wald,0.058,40,0.055935,0.056,0.05158,0.06126,0.0472,0.0638,0.0036650000000000007
balanced_control,Balanced control,normal_wald,Normal Wald,0.059,40,0.056925,0.057,0.052160000000000005,0.0626,0.0476,0.065,0.003814999999999999
balanced_control,Balanced control,normal_wald,Normal Wald,0.06,40,0.05798,0.057999999999999996,0.053520000000000005,0.06342,0.0484,0.0654,0.0038099999999999996
balanced_control,Balanced control,normal_wald,Normal Wald,0.061,40,0.058925000000000005,0.0588,0.054,0.06442,0.0494,0.0666,0.0037950000000000006
balanced_control,Balanced control,normal_wald,Normal Wald,0.062,40,0.05999,0.0601,0.05518,0.06562000000000001,0.0502,0.0678,0.003769999999999999
balanced_control,Balanced control,normal_wald,Normal Wald,0.063,40,0.060965000000000005,0.0611,0.05634,0.0666,0.0508,0.0692,0.003885000000000001
balanced_control,Balanced control,normal_wald,Normal Wald,0.064,40,0.061880000000000004,0.0614,0.05714,0.06744,0.0534,0.071,0.00392
balanced_control,Balanced control,normal_wald,Normal Wald,0.065,40,0.06283,0.06259999999999999,0.05758,0.06848,0.0544,0.072,0.003970000000000001
balanced_control,Balanced control,normal_wald,Normal Wald,0.066,40,0.063885,0.0639,0.05836,0.07002000000000001,0.0556,0.0726,0.003905000000000001
balanced_control,Balanced control,normal_wald,Normal Wald,0.067,40,0.064735,0.0645,0.05936,0.07062,0.0562,0.0734,0.004025000000000001
balanced_control,Balanced control,normal_wald,Normal Wald,0.068,40,0.06565,0.0655,0.060340000000000005,0.07184,0.0566,0.0742,0.0040700000000000024
balanced_control,Balanced control,normal_wald,Normal Wald,0.069,40,0.06666,0.0665,0.06114,0.07228,0.058,0.0752,0.004050000000000002
balanced_control,Balanced control,normal_wald,Normal Wald,0.07,40,0.067745,0.068,0.06214,0.0731,0.0594,0.0764,0.003955000000000002
balanced_control,Balanced control,normal_wald,Normal Wald,0.071,40,0.068825,0.0688,0.0631,0.07526000000000001,0.06,0.078,0.0040149999999999995
balanced_control,Balanced control,normal_wald,Normal Wald,0.072,40,0.069735,0.0699,0.06398,0.07594000000000001,0.0606,0.0786,0.0041449999999999985
balanced_control,Balanced control,normal_wald,Normal Wald,0.073,40,0.07065,0.0707,0.06518,0.07746,0.0616,0.079,0.004169999999999998
balanced_control,Balanced control,normal_wald,Normal Wald,0.074,40,0.07171999999999999,0.0718,0.06609999999999999,0.0785,0.0626,0.0802,0.004199999999999999
balanced_control,Balanced control,normal_wald,Normal Wald,0.075,40,0.07274,0.0728,0.0673,0.08022,0.0632,0.0812,0.004179999999999998
balanced_control,Balanced control,normal_wald,Normal Wald,0.076,40,0.073795,0.074,0.06848,0.08123999999999999,0.064,0.0824,0.004175
balanced_control,Balanced control,normal_wald,Normal Wald,0.077,40,0.074705,0.0746,0.0698,0.08164,0.065,0.0836,0.004095
balanced_control,Balanced control,normal_wald,Normal Wald,0.078,40,0.075615,0.0758,0.07074,0.08208,0.0656,0.0842,0.004105
balanced_control,Balanced control,normal_wald,Normal Wald,0.079,40,0.076615,0.0769,0.07138,0.08346,0.0672,0.0856,0.004165
balanced_control,Balanced control,normal_wald,Normal Wald,0.08,40,0.07760500000000001,0.0778,0.07222,0.08404,0.0676,0.0864,0.004145000000000002
balanced_control,Balanced control,normal_wald,Normal Wald,0.081,40,0.07853,0.0786,0.07338,0.08508,0.0686,0.0872,0.004170000000000002
balanced_control,Balanced control,normal_wald,Normal Wald,0.082,40,0.079585,0.08,0.07382,0.08588,0.0694,0.0886,0.004195000000000001
balanced_control,Balanced control,normal_wald,Normal Wald,0.083,40,0.08055,0.0806,0.0749,0.08714,0.0706,0.09,0.004330000000000002
balanced_control,Balanced control,normal_wald,Normal Wald,0.084,40,0.08158499999999999,0.0814,0.07584,0.08812,0.072,0.091,0.004305000000000003
balanced_control,Balanced control,normal_wald,Normal Wald,0.085,40,0.082645,0.0824,0.07704000000000001,0.08946,0.0732,0.0922,0.004335000000000003
balanced_control,Balanced control,normal_wald,Normal Wald,0.086,40,0.08360999999999999,0.083,0.0776,0.0905,0.0742,0.0934,0.004339999999999997
balanced_control,Balanced control,normal_wald,Normal Wald,0.087,40,0.084605,0.0844,0.07812000000000001,0.09112,0.0748,0.0948,0.004344999999999997
balanced_control,Balanced control,normal_wald,Normal Wald,0.088,40,0.085495,0.0852,0.07854,0.09154,0.076,0.0956,0.0043749999999999995
balanced_control,Balanced control,normal_wald,Normal Wald,0.089,40,0.08655,0.0864,0.07932,0.0929,0.0774,0.0966,0.0043599999999999976
balanced_control,Balanced control,normal_wald,Normal Wald,0.09,40,0.08759,0.0875,0.08016,0.09336000000000001,0.0782,0.0976,0.00434
balanced_control,Balanced control,normal_wald,Normal Wald,0.091,40,0.088505,0.08810000000000001,0.08076,0.09418,0.0788,0.0992,0.004384999999999998
balanced_control,Balanced control,normal_wald,Normal Wald,0.092,40,0.08936999999999999,0.0894,0.08138,0.09534000000000001,0.0798,0.1,0.004500000000000001
balanced_control,Balanced control,normal_wald,Normal Wald,0.093,40,0.090325,0.0901,0.08236,0.0973,0.0808,0.1004,0.004535
balanced_control,Balanced control,normal_wald,Normal Wald,0.094,40,0.0912,0.0912,0.08318,0.09822,0.0818,0.1012,0.00466
balanced_control,Balanced control,normal_wald,Normal Wald,0.095,40,0.09213,0.0924,0.08476,0.09902000000000001,0.0828,0.1018,0.004570000000000001
balanced_control,Balanced control,normal_wald,Normal Wald,0.096,40,0.093115,0.0935,0.08674,0.1,0.0842,0.1032,0.004575000000000001
balanced_control,Balanced control,normal_wald,Normal Wald,0.097,40,0.09408,0.09490000000000001,0.08789999999999999,0.10066,0.085,0.104,0.004590000000000001
balanced_control,Balanced control,normal_wald,Normal Wald,0.098,40,0.095045,0.096,0.0888,0.10162,0.0854,0.1044,0.004465000000000002
balanced_control,Balanced control,normal_wald,Normal Wald,0.099,40,0.09607,0.09670000000000001,0.08976,0.1028,0.0868,0.105,0.0044900000000000035
balanced_control,Balanced control,normal_wald,Normal Wald,0.1,40,0.097195,0.0979,0.09058,0.10344,0.0876,0.1062,0.004395000000000003
balanced_control,Balanced control,simple_welch,Simple Welch,0.0,40,0.0,0.0,0.0,0.0,0.0,0.0,0.0
balanced_control,Balanced control,simple_welch,Simple Welch,0.001,40,0.000705,0.0006,0.0002,0.0014200000000000003,0.0,0.0018,0.000465
balanced_control,Balanced control,simple_welch,Simple Welch,0.002,40,0.0014500000000000001,0.0014,0.0004,0.0024200000000000003,0.0004,0.003,0.00075
balanced_control,Balanced control,simple_welch,Simple Welch,0.003,40,0.00232,0.0023,0.00116,0.0036,0.0006,0.004,0.0009400000000000001
balanced_control,Balanced control,simple_welch,Simple Welch,0.004,40,0.0032199999999999998,0.0034,0.00176,0.0046,0.0008,0.0048,0.00101
balanced_control,Balanced control,simple_welch,Simple Welch,0.005,40,0.0040550000000000004,0.0042,0.00278,0.005240000000000001,0.0014,0.0062,0.0011550000000000002
balanced_control,Balanced control,simple_welch,Simple Welch,0.006,40,0.00487,0.0048,0.0033799999999999998,0.0064,0.002,0.0074,0.0013400000000000003
balanced_control,Balanced control,simple_welch,Simple Welch,0.007,40,0.005825,0.0058,0.0042,0.0074,0.003,0.0082,0.001355
balanced_control,Balanced control,simple_welch,Simple Welch,0.008,40,0.0068000000000000005,0.0068,0.00498,0.00842,0.0036,0.009,0.0014100000000000002
balanced_control,Balanced control,simple_welch,Simple Welch,0.009,40,0.007679999999999999,0.0077,0.00598,0.009420000000000001,0.004,0.01,0.0015499999999999997
balanced_control,Balanced control,simple_welch,Simple Welch,0.01,40,0.008624999999999999,0.0088,0.0066,0.0106,0.0044,0.0114,0.0016650000000000002
balanced_control,Balanced control,simple_welch,Simple Welch,0.011,40,0.009475,0.0095,0.0076,0.01162,0.0052,0.0134,0.0018449999999999994
balanced_control,Balanced control,simple_welch,Simple Welch,0.012,40,0.01052,0.0106,0.00876,0.012820000000000002,0.007,0.0142,0.00182
balanced_control,Balanced control,simple_welch,Simple Welch,0.013,40,0.01151,0.0115,0.009380000000000001,0.013420000000000001,0.0076,0.0156,0.0018399999999999996
balanced_control,Balanced control,simple_welch,Simple Welch,0.014,40,0.01239,0.0125,0.00978,0.014240000000000001,0.0088,0.0162,0.0019200000000000003
balanced_control,Balanced control,simple_welch,Simple Welch,0.015,40,0.013335,0.0133,0.01058,0.015300000000000001,0.0094,0.0172,0.0020049999999999994
balanced_control,Balanced control,simple_welch,Simple Welch,0.016,40,0.01433,0.0143,0.01176,0.01628,0.0096,0.0178,0.00199
balanced_control,Balanced control,simple_welch,Simple Welch,0.017,40,0.015285000000000002,0.0154,0.01314,0.0176,0.0104,0.0192,0.0020250000000000008
balanced_control,Balanced control,simple_welch,Simple Welch,0.018,40,0.01619,0.0162,0.01376,0.01882,0.0116,0.0198,0.002149999999999999
balanced_control,Balanced control,simple_welch,Simple Welch,0.019,40,0.017249999999999998,0.0174,0.01496,0.01946,0.0128,0.0206,0.00207
balanced_control,Balanced control,simple_welch,Simple Welch,0.02,40,0.018205,0.0185,0.01558,0.021040000000000003,0.013,0.022,0.0022550000000000005
balanced_control,Balanced control,simple_welch,Simple Welch,0.021,40,0.019125,0.019299999999999998,0.0166,0.022019999999999998,0.0138,0.0234,0.0023450000000000007
balanced_control,Balanced control,simple_welch,Simple Welch,0.022,40,0.02012,0.0203,0.01738,0.02324,0.0144,0.0246,0.0024099999999999994
balanced_control,Balanced control,simple_welch,Simple Welch,0.023,40,0.021179999999999997,0.0213,0.0182,0.02462,0.015,0.0256,0.00243
balanced_control,Balanced control,simple_welch,Simple Welch,0.024,40,0.022105,0.0222,0.0192,0.025240000000000002,0.0156,0.027,0.002465
balanced_control,Balanced control,simple_welch,Simple Welch,0.025,40,0.02284,0.022699999999999998,0.02018,0.026019999999999998,0.0166,0.0284,0.002660000000000001
balanced_control,Balanced control,simple_welch,Simple Welch,0.026,40,0.02385,0.0239,0.02138,0.0266,0.0174,0.0294,0.0025199999999999992
balanced_control,Balanced control,simple_welch,Simple Welch,0.027,40,0.02479,0.0246,0.02196,0.0278,0.0182,0.0298,0.00261
balanced_control,Balanced control,simple_welch,Simple Welch,0.028,40,0.025755,0.0259,0.023,0.028640000000000002,0.019,0.031,0.0026450000000000006
balanced_control,Balanced control,simple_welch,Simple Welch,0.029,40,0.026775,0.0267,0.023960000000000002,0.02982,0.0198,0.0312,0.002585000000000001
balanced_control,Balanced control,simple_welch,Simple Welch,0.03,40,0.02778,0.0279,0.02494,0.03104,0.0204,0.0326,0.0027499999999999994
balanced_control,Balanced control,simple_welch,Simple Welch,0.031,40,0.028725,0.0284,0.0263,0.03204,0.0208,0.0334,0.002775
balanced_control,Balanced control,simple_welch,Simple Welch,0.032,40,0.02973,0.029,0.0272,0.032639999999999995,0.0226,0.0342,0.00269
balanced_control,Balanced control,simple_welch,Simple Welch,0.033,40,0.03061,0.0296,0.027960000000000002,0.0338,0.0238,0.035,0.0028200000000000005
balanced_control,Balanced control,simple_welch,Simple Welch,0.034,40,0.031595,0.031,0.02858,0.0348,0.0246,0.0358,0.0028150000000000007
balanced_control,Balanced control,simple_welch,Simple Welch,0.035,40,0.03261,0.0319,0.02938,0.03582,0.0252,0.0368,0.0028400000000000014
balanced_control,Balanced control,simple_welch,Simple Welch,0.036,40,0.03347,0.033100000000000004,0.03034,0.03682,0.026,0.0374,0.002899999999999999
balanced_control,Balanced control,simple_welch,Simple Welch,0.037,40,0.034534999999999996,0.0344,0.03138,0.0378,0.0272,0.0384,0.0027849999999999993
balanced_control,Balanced control,simple_welch,Simple Welch,0.038,40,0.03543,0.0354,0.03256,0.03862,0.0274,0.04,0.002899999999999999
balanced_control,Balanced control,simple_welch,Simple Welch,0.039,40,0.036355,0.0364,0.03338,0.0396,0.0282,0.0406,0.002955
balanced_control,Balanced control,simple_welch,Simple Welch,0.04,40,0.03733,0.0373,0.03416,0.0412,0.0296,0.0416,0.0031100000000000004
balanced_control,Balanced control,simple_welch,Simple Welch,0.041,40,0.03831,0.0382,0.035,0.04206,0.0306,0.0432,0.0032199999999999998
balanced_control,Balanced control,simple_welch,Simple Welch,0.042,40,0.03923,0.039,0.03578,0.043039999999999995,0.0312,0.0444,0.003270000000000001
balanced_control,Balanced control,simple_welch,Simple Welch,0.043,40,0.04021,0.0401,0.03658,0.04482,0.032,0.0454,0.0034099999999999977
balanced_control,Balanced control,simple_welch,Simple Welch,0.044,40,0.041225,0.0412,0.0368,0.046,0.0332,0.0464,0.003424999999999999
balanced_control,Balanced control,simple_welch,Simple Welch,0.045,40,0.042194999999999996,0.042300000000000004,0.03778,0.046680000000000006,0.0338,0.0476,0.003474999999999999
balanced_control,Balanced control,simple_welch,Simple Welch,0.046,40,0.043135,0.0432,0.0388,0.04842,0.0348,0.0492,0.003615
balanced_control,Balanced control,simple_welch,Simple Welch,0.047,40,0.044095,0.044300000000000006,0.039760000000000004,0.04922,0.0358,0.0506,0.0036550000000000007
balanced_control,Balanced control,simple_welch,Simple Welch,0.048,40,0.045024999999999996,0.0451,0.040740000000000005,0.05024,0.0364,0.0522,0.0037550000000000014
balanced_control,Balanced control,simple_welch,Simple Welch,0.049,40,0.046060000000000004,0.0463,0.04158,0.051019999999999996,0.0384,0.0528,0.0036800000000000005
balanced_control,Balanced control,simple_welch,Simple Welch,0.05,40,0.04708,0.0472,0.042499999999999996,0.05186,0.0398,0.054,0.003700000000000002
balanced_control,Balanced control,simple_welch,Simple Welch,0.051,40,0.047935,0.048299999999999996,0.043,0.05266,0.0406,0.0552,0.0038249999999999977
balanced_control,Balanced control,simple_welch,Simple Welch,0.052,40,0.04889,0.0493,0.0436,0.05364,0.0414,0.0558,0.003859999999999999
balanced_control,Balanced control,simple_welch,Simple Welch,0.053,40,0.049964999999999996,0.0505,0.0448,0.05464,0.0422,0.057,0.003794999999999999
balanced_control,Balanced control,simple_welch,Simple Welch,0.054,40,0.051019999999999996,0.0513,0.04556,0.0564,0.0432,0.0578,0.0038499999999999993
balanced_control,Balanced control,simple_welch,Simple Welch,0.055,40,0.052015,0.0518,0.04706,0.0576,0.0448,0.0586,0.003855
balanced_control,Balanced control,simple_welch,Simple Welch,0.056,40,0.05305,0.053,0.047560000000000005,0.05842,0.0452,0.0596,0.003870000000000001
balanced_control,Balanced control,simple_welch,Simple Welch,0.057,40,0.054064999999999995,0.0539,0.0488,0.0596,0.0462,0.0604,0.0038150000000000002
balanced_control,Balanced control,simple_welch,Simple Welch,0.058,40,0.05500000000000001,0.055,0.04958,0.0606,0.0468,0.0618,0.003950000000000001
balanced_control,Balanced control,simple_welch,Simple Welch,0.059,40,0.055975,0.055900000000000005,0.05078,0.0616,0.0476,0.0626,0.004044999999999998
balanced_control,Balanced control,simple_welch,Simple Welch,0.06,40,0.05699,0.056900000000000006,0.05196,0.062060000000000004,0.0482,0.064,0.004099999999999999
balanced_control,Balanced control,simple_welch,Simple Welch,0.061,40,0.058015,0.0577,0.05346,0.06294,0.0492,0.065,0.004114999999999999
balanced_control,Balanced control,simple_welch,Simple Welch,0.062,40,0.05900999999999999,0.0588,0.05462,0.0643,0.0502,0.0654,0.004169999999999999
balanced_control,Balanced control,simple_welch,Simple Welch,0.063,40,0.06002,0.0598,0.055279999999999996,0.06512,0.0506,0.0666,0.004150000000000001
balanced_control,Balanced control,simple_welch,Simple Welch,0.064,40,0.060955,0.061,0.056499999999999995,0.06642,0.0526,0.0678,0.004155000000000001
balanced_control,Balanced control,simple_welch,Simple Welch,0.065,40,0.061985,0.0618,0.05732,0.06744,0.0536,0.0696,0.004225000000000001
balanced_control,Balanced control,simple_welch,Simple Welch,0.066,40,0.062945,0.0627,0.0581,0.06826,0.055,0.0708,0.0042650000000000006
balanced_control,Balanced control,simple_welch,Simple Welch,0.067,40,0.063965,0.0642,0.058859999999999996,0.06982000000000001,0.0558,0.072,0.004285000000000002
balanced_control,Balanced control,simple_welch,Simple Welch,0.068,40,0.06488000000000001,0.065,0.05974,0.07064,0.0566,0.0728,0.0043500000000000014
balanced_control,Balanced control,simple_welch,Simple Welch,0.069,40,0.06578500000000001,0.066,0.0598,0.0713,0.0574,0.0732,0.0043450000000000025
balanced_control,Balanced control,simple_welch,Simple Welch,0.07,40,0.06669,0.067,0.06114,0.0719,0.0586,0.0744,0.0044100000000000025
balanced_control,Balanced control,simple_welch,Simple Welch,0.071,40,0.06777,0.06820000000000001,0.06212,0.0729,0.0598,0.075,0.004289999999999997
balanced_control,Balanced control,simple_welch,Simple Welch,0.072,40,0.06883500000000001,0.0688,0.06328,0.0754,0.0602,0.0772,0.004394999999999998
balanced_control,Balanced control,simple_welch,Simple Welch,0.073,40,0.06976,0.0695,0.06432,0.07622000000000001,0.061,0.078,0.004499999999999997
balanced_control,Balanced control,simple_welch,Simple Welch,0.074,40,0.07072500000000001,0.07050000000000001,0.06476,0.0776,0.0626,0.079,0.004564999999999998
balanced_control,Balanced control,simple_welch,Simple Welch,0.075,40,0.07183500000000001,0.0716,0.0654,0.0792,0.0632,0.0798,0.004535
balanced_control,Balanced control,simple_welch,Simple Welch,0.076,40,0.072895,0.07250000000000001,0.06638,0.07984,0.064,0.081,0.004504999999999999
balanced_control,Balanced control,simple_welch,Simple Welch,0.077,40,0.07386000000000001,0.07350000000000001,0.0679,0.08042,0.0648,0.0822,0.004449999999999999
balanced_control,Balanced control,simple_welch,Simple Welch,0.078,40,0.07481,0.0745,0.0689,0.0816,0.0654,0.0832,0.004470000000000001
balanced_control,Balanced control,simple_welch,Simple Welch,0.079,40,0.075655,0.0757,0.0699,0.082,0.0668,0.0842,0.004525000000000001
balanced_control,Balanced control,simple_welch,Simple Welch,0.08,40,0.076685,0.07669999999999999,0.07093999999999999,0.08304,0.0674,0.085,0.004575000000000002
balanced_control,Balanced control,simple_welch,Simple Welch,0.081,40,0.0776,0.0774,0.07174,0.08384,0.068,0.0862,0.004540000000000001
balanced_control,Balanced control,simple_welch,Simple Welch,0.082,40,0.07864499999999999,0.0791,0.0727,0.08482,0.069,0.087,0.004515000000000001
balanced_control,Balanced control,simple_welch,Simple Welch,0.083,40,0.079675,0.08,0.07378,0.08562,0.07,0.0884,0.004545000000000002
balanced_control,Balanced control,simple_welch,Simple Welch,0.084,40,0.08061,0.0807,0.0742,0.08642000000000001,0.0712,0.0892,0.0046400000000000035
balanced_control,Balanced control,simple_welch,Simple Welch,0.085,40,0.08169,0.0818,0.07554,0.08752,0.0726,0.0902,0.0046200000000000034
balanced_control,Balanced control,simple_welch,Simple Welch,0.086,40,0.08276,0.0827,0.07652,0.0891,0.0738,0.0916,0.004649999999999996
balanced_control,Balanced control,simple_welch,Simple Welch,0.087,40,0.08365,0.08349999999999999,0.07732,0.0903,0.0744,0.0926,0.004749999999999999
balanced_control,Balanced control,simple_welch,Simple Welch,0.088,40,0.084555,0.0842,0.07818,0.09076000000000001,0.0748,0.0934,0.004774999999999997
balanced_control,Balanced control,simple_welch,Simple Welch,0.089,40,0.08564000000000001,0.0856,0.07838,0.09138,0.076,0.0946,0.004689999999999999
balanced_control,Balanced control,simple_welch,Simple Welch,0.09,40,0.086625,0.0865,0.07938,0.09240000000000001,0.0764,0.0956,0.004715
balanced_control,Balanced control,simple_welch,Simple Welch,0.091,40,0.0876,0.0873,0.08016,0.09322,0.0774,0.097,0.004749999999999999
balanced_control,Balanced control,simple_welch,Simple Welch,0.092,40,0.08852499999999999,0.0886,0.08116,0.09454,0.078,0.0978,0.004814999999999998
balanced_control,Balanced control,simple_welch,Simple Welch,0.093,40,0.08938,0.08940000000000001,0.08198,0.09558,0.0794,0.0994,0.00494
balanced_control,Balanced control,simple_welch,Simple Welch,0.094,40,0.09035,0.0903,0.08294,0.09676000000000001,0.0806,0.1002,0.00499
balanced_control,Balanced control,simple_welch,Simple Welch,0.095,40,0.091295,0.0912,0.08466,0.09827999999999999,0.0816,0.101,0.005035000000000001
balanced_control,Balanced control,simple_welch,Simple Welch,0.096,40,0.09214,0.0921,0.08588,0.09866,0.0822,0.1012,0.0050500000000000015
balanced_control,Balanced control,simple_welch,Simple Welch,0.097,40,0.09318499999999999,0.0935,0.0867,0.09982,0.083,0.102,0.004985000000000002
balanced_control,Balanced control,simple_welch,Simple Welch,0.098,40,0.09416,0.0945,0.08806,0.10064,0.0844,0.1034,0.0049600000000000035
balanced_control,Balanced control,simple_welch,Simple Welch,0.099,40,0.095105,0.09570000000000001,0.08888,0.10144,0.086,0.104,0.004985000000000004
balanced_control,Balanced control,simple_welch,Simple Welch,0.1,40,0.09618,0.0965,0.08956,0.10284,0.0864,0.1044,0.004910000000000003
balanced_control,Balanced control,expanded_welch,Expanded Welch,0.0,40,0.0,0.0,0.0,0.0,0.0,0.0,0.0
balanced_control,Balanced control,expanded_welch,Expanded Welch,0.001,40,0.000575,0.0006,0.0002,0.0010200000000000003,0.0,0.0016,0.000515
balanced_control,Balanced control,expanded_welch,Expanded Welch,0.002,40,0.00126,0.0012,0.0004,0.0022,0.0002,0.0026,0.0008200000000000001
balanced_control,Balanced control,expanded_welch,Expanded Welch,0.003,40,0.001865,0.0019,0.0006,0.0030200000000000005,0.0004,0.0034,0.001185
balanced_control,Balanced control,expanded_welch,Expanded Welch,0.004,40,0.0027400000000000002,0.0029,0.0015600000000000002,0.004,0.0006,0.0044,0.0012900000000000001
balanced_control,Balanced control,expanded_welch,Expanded Welch,0.005,40,0.0034200000000000003,0.0036,0.0019600000000000004,0.0046,0.001,0.005,0.0015800000000000002
balanced_control,Balanced control,expanded_welch,Expanded Welch,0.006,40,0.0042499999999999994,0.0045000000000000005,0.0028,0.0056,0.0014,0.0062,0.00176
balanced_control,Balanced control,expanded_welch,Expanded Welch,0.007,40,0.005005,0.005,0.0031600000000000005,0.0066,0.0018,0.0072,0.0020050000000000003
balanced_control,Balanced control,expanded_welch,Expanded Welch,0.008,40,0.005835,0.006,0.0038,0.0076,0.0024,0.0084,0.0021950000000000003
balanced_control,Balanced control,expanded_welch,Expanded Welch,0.009,40,0.0067150000000000005,0.0066,0.00458,0.0088,0.0032,0.0096,0.002344999999999999
balanced_control,Balanced control,expanded_welch,Expanded Welch,0.01,40,0.007485,0.0077,0.005,0.009420000000000001,0.0034,0.0108,0.002585
balanced_control,Balanced control,expanded_welch,Expanded Welch,0.011,40,0.008365000000000001,0.0086,0.0057799999999999995,0.0108,0.0038,0.012,0.002724999999999999
balanced_control,Balanced control,expanded_welch,Expanded Welch,0.012,40,0.009179999999999999,0.0094,0.00658,0.01162,0.0044,0.0136,0.0029200000000000003
balanced_control,Balanced control,expanded_welch,Expanded Welch,0.013,40,0.01009,0.0103,0.00788,0.01244,0.005,0.0148,0.0030199999999999997
balanced_control,Balanced control,expanded_welch,Expanded Welch,0.014,40,0.010955,0.011,0.00858,0.013260000000000001,0.0064,0.016,0.0031850000000000003
balanced_control,Balanced control,expanded_welch,Expanded Welch,0.015,40,0.011914999999999999,0.012,0.00918,0.014480000000000002,0.007,0.0168,0.0032549999999999996
balanced_control,Balanced control,expanded_welch,Expanded Welch,0.016,40,0.012809999999999998,0.013,0.01032,0.0156,0.0078,0.0178,0.0033600000000000006
balanced_control,Balanced control,expanded_welch,Expanded Welch,0.017,40,0.013645000000000001,0.0138,0.01096,0.01642,0.0086,0.018,0.003475000000000001
balanced_control,Balanced control,expanded_welch,Expanded Welch,0.018,40,0.01464,0.014700000000000001,0.0119,0.01822,0.0088,0.0192,0.003539999999999999
balanced_control,Balanced control,expanded_welch,Expanded Welch,0.019,40,0.015445,0.0156,0.011980000000000001,0.01888,0.01,0.0198,0.0036949999999999995
balanced_control,Balanced control,expanded_welch,Expanded Welch,0.02,40,0.016305,0.0164,0.01292,0.020040000000000002,0.0108,0.0214,0.003895
balanced_control,Balanced control,expanded_welch,Expanded Welch,0.021,40,0.017275,0.0174,0.01374,0.02032,0.0118,0.023,0.003975000000000001
balanced_control,Balanced control,expanded_welch,Expanded Welch,0.022,40,0.018205,0.0182,0.01456,0.02126,0.0124,0.024,0.004034999999999999
balanced_control,Balanced control,expanded_welch,Expanded Welch,0.023,40,0.019105,0.0191,0.01592,0.0221,0.013,0.0248,0.004115
balanced_control,Balanced control,expanded_welch,Expanded Welch,0.024,40,0.02001,0.02,0.01676,0.022940000000000002,0.0136,0.0266,0.004240000000000001
balanced_control,Balanced control,expanded_welch,Expanded Welch,0.025,40,0.020915,0.0208,0.01736,0.023960000000000002,0.0138,0.0278,0.0043050000000000015
balanced_control,Balanced control,expanded_welch,Expanded Welch,0.026,40,0.021840000000000002,0.022,0.0188,0.025060000000000002,0.014,0.0286,0.004319999999999999
balanced_control,Balanced control,expanded_welch,Expanded Welch,0.027,40,0.022795,0.0228,0.0196,0.02622,0.0162,0.0296,0.004364999999999999
balanced_control,Balanced control,expanded_welch,Expanded Welch,0.028,40,0.02363,0.0235,0.02018,0.0272,0.0164,0.0306,0.00451
balanced_control,Balanced control,expanded_welch,Expanded Welch,0.029,40,0.02453,0.024300000000000002,0.02136,0.02802,0.0168,0.0312,0.004610000000000001
balanced_control,Balanced control,expanded_welch,Expanded Welch,0.03,40,0.025395,0.0253,0.02198,0.029419999999999998,0.0176,0.0316,0.004734999999999999
balanced_control,Balanced control,expanded_welch,Expanded Welch,0.031,40,0.026345,0.026099999999999998,0.02298,0.030619999999999998,0.0184,0.0332,0.004785
balanced_control,Balanced control,expanded_welch,Expanded Welch,0.032,40,0.027350000000000003,0.0269,0.024,0.031439999999999996,0.0192,0.0338,0.004750000000000001
balanced_control,Balanced control,expanded_welch,Expanded Welch,0.033,40,0.028245,0.0279,0.02538,0.0328,0.0198,0.0344,0.004825000000000001
balanced_control,Balanced control,expanded_welch,Expanded Welch,0.034,40,0.029144999999999997,0.028900000000000002,0.02598,0.033819999999999996,0.0202,0.0352,0.004935000000000002
balanced_control,Balanced control,expanded_welch,Expanded Welch,0.035,40,0.030059999999999996,0.0299,0.02698,0.0346,0.0214,0.036,0.005020000000000004
balanced_control,Balanced control,expanded_welch,Expanded Welch,0.036,40,0.03104,0.0304,0.02778,0.0358,0.0218,0.0368,0.005019999999999998
balanced_control,Balanced control,expanded_welch,Expanded Welch,0.037,40,0.03192,0.031299999999999994,0.02858,0.0364,0.0224,0.0378,0.005129999999999998
balanced_control,Balanced control,expanded_welch,Expanded Welch,0.038,40,0.03271,0.032600000000000004,0.02936,0.0372,0.0234,0.0382,0.005299999999999999
balanced_control,Balanced control,expanded_welch,Expanded Welch,0.039,40,0.0337,0.0337,0.02978,0.038419999999999996,0.024,0.0404,0.00538
balanced_control,Balanced control,expanded_welch,Expanded Welch,0.04,40,0.034515000000000004,0.0346,0.0304,0.03902,0.0244,0.0412,0.005575000000000002
balanced_control,Balanced control,expanded_welch,Expanded Welch,0.041,40,0.035570000000000004,0.0359,0.03138,0.040619999999999996,0.0254,0.0418,0.005500000000000002
balanced_control,Balanced control,expanded_welch,Expanded Welch,0.042,40,0.03646,0.0366,0.03218,0.0416,0.0262,0.0434,0.005650000000000002
balanced_control,Balanced control,expanded_welch,Expanded Welch,0.043,40,0.03732,0.0368,0.03338,0.0424,0.027,0.0448,0.005779999999999998
balanced_control,Balanced control,expanded_welch,Expanded Welch,0.044,40,0.03825,0.0377,0.0342,0.04346,0.0276,0.0458,0.005879999999999998
balanced_control,Balanced control,expanded_welch,Expanded Welch,0.045,40,0.03914,0.0385,0.035140000000000005,0.04462,0.029,0.0468,0.0060199999999999984
balanced_control,Balanced control,expanded_welch,Expanded Welch,0.046,40,0.040045,0.0393,0.03596,0.04526,0.0306,0.048,0.006104999999999999
balanced_control,Balanced control,expanded_welch,Expanded Welch,0.047,40,0.041194999999999996,0.0406,0.0364,0.04584,0.031,0.0498,0.006035
balanced_control,Balanced control,expanded_welch,Expanded Welch,0.048,40,0.042115,0.042300000000000004,0.037720000000000004,0.04666,0.0314,0.0506,0.006085
balanced_control,Balanced control,expanded_welch,Expanded Welch,0.049,40,0.042975,0.043,0.03838,0.0476,0.0328,0.0516,0.006205000000000002
balanced_control,Balanced control,expanded_welch,Expanded Welch,0.05,40,0.043925,0.0442,0.03934,0.0482,0.0338,0.0522,0.006265000000000002
balanced_control,Balanced control,expanded_welch,Expanded Welch,0.051,40,0.044825,0.044899999999999995,0.04052,0.04904,0.0344,0.0532,0.006344999999999998
balanced_control,Balanced control,expanded_welch,Expanded Welch,0.052,40,0.045695,0.046,0.04116,0.05042,0.0352,0.054,0.006444999999999998
balanced_control,Balanced control,expanded_welch,Expanded Welch,0.053,40,0.046645,0.0473,0.04156,0.05096,0.0368,0.0544,0.006444999999999998
balanced_control,Balanced control,expanded_welch,Expanded Welch,0.054,40,0.04777,0.048100000000000004,0.0426,0.052500000000000005,0.0374,0.0554,0.00634
balanced_control,Balanced control,expanded_welch,Expanded Welch,0.055,40,0.048775,0.0492,0.0436,0.053700000000000005,0.0384,0.0576,0.006415
balanced_control,Balanced control,expanded_welch,Expanded Welch,0.056,40,0.04974,0.0499,0.0444,0.05464,0.0392,0.0584,0.00645
balanced_control,Balanced control,expanded_welch,Expanded Welch,0.057,40,0.05073999999999999,0.0509,0.0453,0.056260000000000004,0.0404,0.0598,0.006430000000000001
balanced_control,Balanced control,expanded_welch,Expanded Welch,0.058,40,0.051675000000000006,0.0512,0.046279999999999995,0.05742,0.042,0.0608,0.006505000000000002
balanced_control,Balanced control,expanded_welch,Expanded Welch,0.059,40,0.052625,0.0524,0.047299999999999995,0.05844,0.0428,0.0612,0.006544999999999997
balanced_control,Balanced control,expanded_welch,Expanded Welch,0.06,40,0.053605,0.0533,0.047540000000000006,0.05924,0.0448,0.0626,0.006604999999999998
balanced_control,Balanced control,expanded_welch,Expanded Welch,0.061,40,0.05466,0.0542,0.04908,0.06062,0.0458,0.064,0.006619999999999998
balanced_control,Balanced control,expanded_welch,Expanded Welch,0.062,40,0.05555,0.0553,0.05006,0.0611,0.0468,0.0648,0.006719999999999999
balanced_control,Balanced control,expanded_welch,Expanded Welch,0.063,40,0.05650500000000001,0.0565,0.05104,0.06204,0.0474,0.0654,0.0067350000000000005
balanced_control,Balanced control,expanded_welch,Expanded Welch,0.064,40,0.057420000000000006,0.0574,0.05226,0.06362000000000001,0.0484,0.0664,0.006810000000000001
balanced_control,Balanced control,expanded_welch,Expanded Welch,0.065,40,0.058355000000000004,0.0586,0.05318,0.06414,0.049,0.0666,0.006845000000000002
balanced_control,Balanced control,expanded_welch,Expanded Welch,0.066,40,0.05937,0.0594,0.05418,0.06514,0.0498,0.0678,0.006850000000000002
balanced_control,Balanced control,expanded_welch,Expanded Welch,0.067,40,0.06037,0.0603,0.05496,0.06682,0.051,0.0686,0.006790000000000003
balanced_control,Balanced control,expanded_welch,Expanded Welch,0.068,40,0.061295,0.061,0.05558,0.06762,0.0522,0.0702,0.006935000000000004
balanced_control,Balanced control,expanded_welch,Expanded Welch,0.069,40,0.06235500000000001,0.061700000000000005,0.05618,0.06842000000000001,0.0538,0.0708,0.006815000000000004
balanced_control,Balanced control,expanded_welch,Expanded Welch,0.07,40,0.06332,0.0626,0.05736,0.06922,0.0546,0.0718,0.006840000000000006
balanced_control,Balanced control,expanded_welch,Expanded Welch,0.071,40,0.06417,0.0633,0.05834,0.07022,0.0552,0.073,0.006979999999999995
balanced_control,Balanced control,expanded_welch,Expanded Welch,0.072,40,0.065115,0.0645,0.059160000000000004,0.07128,0.0556,0.0736,0.006994999999999996
balanced_control,Balanced control,expanded_welch,Expanded Welch,0.073,40,0.06605,0.0654,0.05978,0.07226,0.0562,0.075,0.007099999999999997
balanced_control,Balanced control,expanded_welch,Expanded Welch,0.074,40,0.066955,0.0668,0.0606,0.0732,0.0566,0.0758,0.007184999999999995
balanced_control,Balanced control,expanded_welch,Expanded Welch,0.075,40,0.06793,0.068,0.0614,0.074,0.0574,0.077,0.007229999999999998
balanced_control,Balanced control,expanded_welch,Expanded Welch,0.076,40,0.06893,0.0688,0.06234,0.075,0.0584,0.078,0.0072099999999999985
balanced_control,Balanced control,expanded_welch,Expanded Welch,0.077,40,0.06995,0.0696,0.06358,0.076,0.0592,0.0798,0.007239999999999999
balanced_control,Balanced control,expanded_welch,Expanded Welch,0.078,40,0.07100999999999999,0.0712,0.06472,0.07682,0.0608,0.0816,0.007200000000000001
balanced_control,Balanced control,expanded_welch,Expanded Welch,0.079,40,0.07206,0.0721,0.06558,0.0776,0.0616,0.0818,0.00713
balanced_control,Balanced control,expanded_welch,Expanded Welch,0.08,40,0.07311999999999999,0.0733,0.06636,0.07904,0.0628,0.083,0.007100000000000002
balanced_control,Balanced control,expanded_welch,Expanded Welch,0.081,40,0.07413499999999999,0.0744,0.06718,0.0804,0.0634,0.0838,0.0070950000000000015
balanced_control,Balanced control,expanded_welch,Expanded Welch,0.082,40,0.075005,0.0753,0.0676,0.08102000000000001,0.0644,0.0846,0.007205000000000005
balanced_control,Balanced control,expanded_welch,Expanded Welch,0.083,40,0.07588,0.07669999999999999,0.06858,0.08148,0.0654,0.085,0.007270000000000004
balanced_control,Balanced control,expanded_welch,Expanded Welch,0.084,40,0.07685499999999999,0.0776,0.06918,0.08224,0.0658,0.0864,0.007335000000000006
balanced_control,Balanced control,expanded_welch,Expanded Welch,0.085,40,0.07783,0.0784,0.0704,0.08382,0.0658,0.0882,0.007390000000000005
balanced_control,Balanced control,expanded_welch,Expanded Welch,0.086,40,0.07885,0.07930000000000001,0.07138,0.08502000000000001,0.0672,0.0886,0.0073299999999999945
balanced_control,Balanced control,expanded_welch,Expanded Welch,0.087,40,0.07973,0.0803,0.07258,0.08607999999999999,0.0682,0.0894,0.007419999999999994
balanced_control,Balanced control,expanded_welch,Expanded Welch,0.088,40,0.08061,0.0811,0.07356,0.08742000000000001,0.0692,0.091,0.007549999999999996
balanced_control,Balanced control,expanded_welch,Expanded Welch,0.089,40,0.081555,0.0819,0.07436,0.0884,0.0696,0.092,0.0076049999999999954
balanced_control,Balanced control,expanded_welch,Expanded Welch,0.09,40,0.08253,0.0829,0.0752,0.08904,0.07,0.0926,0.007599999999999997
balanced_control,Balanced control,expanded_welch,Expanded Welch,0.091,40,0.083525,0.0839,0.07618,0.0902,0.0714,0.093,0.007604999999999998
balanced_control,Balanced control,expanded_welch,Expanded Welch,0.092,40,0.0846,0.0852,0.07716,0.09142,0.0724,0.0942,0.007559999999999999
balanced_control,Balanced control,expanded_welch,Expanded Welch,0.093,40,0.08552499999999999,0.08560000000000001,0.07852,0.09204,0.0728,0.0956,0.0076749999999999995
balanced_control,Balanced control,expanded_welch,Expanded Welch,0.094,40,0.08656,0.0869,0.079,0.09268,0.0744,0.0962,0.00763
balanced_control,Balanced control,expanded_welch,Expanded Welch,0.095,40,0.08752,0.08810000000000001,0.07973999999999999,0.09330000000000001,0.0748,0.0974,0.00766
balanced_control,Balanced control,expanded_welch,Expanded Welch,0.096,40,0.08843,0.0891,0.08102,0.09448,0.0756,0.098,0.007700000000000003
balanced_control,Balanced control,expanded_welch,Expanded Welch,0.097,40,0.089405,0.09,0.08204,0.0954,0.0768,0.0988,0.007745000000000002
balanced_control,Balanced control,expanded_welch,Expanded Welch,0.098,40,0.090285,0.0907,0.0836,0.0964,0.0776,0.0992,0.007795000000000002
balanced_control,Balanced control,expanded_welch,Expanded Welch,0.099,40,0.09118,0.0915,0.08456,0.09704,0.0782,0.1,0.007890000000000005
balanced_control,Balanced control,expanded_welch,Expanded Welch,0.1,40,0.092125,0.09240000000000001,0.08499999999999999,0.09806000000000001,0.0792,0.101,0.007925000000000005
moderate_sparse,Moderate sparsity,normal_wald,Normal Wald,0.0,40,0.0,0.0,0.0,0.0,0.0,0.0,0.0
moderate_sparse,Moderate sparsity,normal_wald,Normal Wald,0.001,40,0.001205,0.001,0.0003800000000000001,0.0024,0.0,0.0026,0.000645
moderate_sparse,Moderate sparsity,normal_wald,Normal Wald,0.002,40,0.002065,0.0019,0.0008,0.00322,0.0004,0.0046,0.0007849999999999999
moderate_sparse,Moderate sparsity,normal_wald,Normal Wald,0.003,40,0.002985,0.0029,0.0012,0.004240000000000001,0.001,0.006,0.000975
moderate_sparse,Moderate sparsity,normal_wald,Normal Wald,0.004,40,0.0037749999999999997,0.0038,0.00218,0.0052,0.0016,0.0076,0.001095
moderate_sparse,Moderate sparsity,normal_wald,Normal Wald,0.005,40,0.00465,0.0046,0.00278,0.0062,0.0024,0.0088,0.00123
moderate_sparse,Moderate sparsity,normal_wald,Normal Wald,0.006,40,0.0054800000000000005,0.0054,0.0037400000000000003,0.007460000000000001,0.0026,0.0094,0.0014500000000000001
moderate_sparse,Moderate sparsity,normal_wald,Normal Wald,0.007,40,0.00634,0.0058,0.00418,0.009,0.0034,0.0112,0.0017400000000000002
moderate_sparse,Moderate sparsity,normal_wald,Normal Wald,0.008,40,0.007195,0.0066,0.0047799999999999995,0.00982,0.0038,0.0118,0.001955
moderate_sparse,Moderate sparsity,normal_wald,Normal Wald,0.009,40,0.008119999999999999,0.0077,0.00538,0.01122,0.0046,0.0126,0.00215
moderate_sparse,Moderate sparsity,normal_wald,Normal Wald,0.01,40,0.00906,0.0085,0.0062,0.01302,0.0054,0.015,0.00234
moderate_sparse,Moderate sparsity,normal_wald,Normal Wald,0.011,40,0.009955,0.009600000000000001,0.0066,0.01386,0.0062,0.0162,0.0024449999999999997
moderate_sparse,Moderate sparsity,normal_wald,Normal Wald,0.012,40,0.010929999999999999,0.0109,0.00758,0.01504,0.0062,0.0174,0.0024700000000000004
moderate_sparse,Moderate sparsity,normal_wald,Normal Wald,0.013,40,0.012035,0.0122,0.0082,0.015880000000000002,0.0068,0.0188,0.002565
moderate_sparse,Moderate sparsity,normal_wald,Normal Wald,0.014,40,0.01286,0.0131,0.009380000000000001,0.0176,0.0076,0.02,0.0026400000000000004
moderate_sparse,Moderate sparsity,normal_wald,Normal Wald,0.015,40,0.013564999999999999,0.0137,0.00996,0.01788,0.008,0.0212,0.002825
moderate_sparse,Moderate sparsity,normal_wald,Normal Wald,0.016,40,0.014505,0.0146,0.01056,0.01942,0.0082,0.0228,0.003025
moderate_sparse,Moderate sparsity,normal_wald,Normal Wald,0.017,40,0.015460000000000002,0.0155,0.01098,0.019860000000000003,0.009,0.024,0.0031600000000000005
moderate_sparse,Moderate sparsity,normal_wald,Normal Wald,0.018,40,0.016445,0.0165,0.011980000000000001,0.021040000000000003,0.01,0.0252,0.0032949999999999993
moderate_sparse,Moderate sparsity,normal_wald,Normal Wald,0.019,40,0.01732,0.0176,0.012780000000000001,0.02204,0.0106,0.0268,0.00344
moderate_sparse,Moderate sparsity,normal_wald,Normal Wald,0.02,40,0.018195,0.0183,0.01356,0.0232,0.011,0.0284,0.003565
moderate_sparse,Moderate sparsity,normal_wald,Normal Wald,0.021,40,0.01903,0.019,0.014180000000000002,0.02406,0.0118,0.0296,0.0037500000000000007
moderate_sparse,Moderate sparsity,normal_wald,Normal Wald,0.022,40,0.019925000000000002,0.0199,0.014780000000000001,0.025240000000000002,0.0128,0.031,0.003874999999999999
moderate_sparse,Moderate sparsity,normal_wald,Normal Wald,0.023,40,0.020749999999999998,0.0208,0.01518,0.02594,0.0132,0.0318,0.00407
moderate_sparse,Moderate sparsity,normal_wald,Normal Wald,0.024,40,0.02163,0.021400000000000002,0.01558,0.02732,0.0142,0.0332,0.00431
moderate_sparse,Moderate sparsity,normal_wald,Normal Wald,0.025,40,0.02258,0.0221,0.016380000000000002,0.028960000000000003,0.0144,0.0344,0.0045000000000000005
moderate_sparse,Moderate sparsity,normal_wald,Normal Wald,0.026,40,0.02345,0.0232,0.01736,0.029740000000000003,0.0146,0.0358,0.004529999999999999
moderate_sparse,Moderate sparsity,normal_wald,Normal Wald,0.027,40,0.024579999999999998,0.0244,0.018539999999999997,0.03126,0.0146,0.0372,0.004540000000000001
moderate_sparse,Moderate sparsity,normal_wald,Normal Wald,0.028,40,0.025474999999999998,0.025099999999999997,0.01916,0.03228,0.0152,0.0382,0.004595
moderate_sparse,Moderate sparsity,normal_wald,Normal Wald,0.029,40,0.026584999999999998,0.0264,0.02012,0.0342,0.0154,0.0392,0.004685
moderate_sparse,Moderate sparsity,normal_wald,Normal Wald,0.03,40,0.027379999999999998,0.027200000000000002,0.02058,0.034839999999999996,0.0162,0.04,0.004849999999999999
moderate_sparse,Moderate sparsity,normal_wald,Normal Wald,0.031,40,0.02841,0.028200000000000003,0.02136,0.036019999999999996,0.0166,0.0412,0.004849999999999999
moderate_sparse,Moderate sparsity,normal_wald,Normal Wald,0.032,40,0.029220000000000003,0.0291,0.0223,0.03662,0.0172,0.0422,0.005050000000000001
moderate_sparse,Moderate sparsity,normal_wald,Normal Wald,0.033,40,0.0301,0.030100000000000002,0.023,0.0376,0.0184,0.0426,0.005070000000000001
moderate_sparse,Moderate sparsity,normal_wald,Normal Wald,0.034,40,0.03102,0.031,0.02398,0.03814,0.0194,0.0436,0.005130000000000001
moderate_sparse,Moderate sparsity,normal_wald,Normal Wald,0.035,40,0.031955,0.032100000000000004,0.024960000000000003,0.03948,0.0202,0.045,0.005265000000000001
moderate_sparse,Moderate sparsity,normal_wald,Normal Wald,0.036,40,0.032895,0.033299999999999996,0.025580000000000002,0.04032,0.0204,0.0456,0.005324999999999999
moderate_sparse,Moderate sparsity,normal_wald,Normal Wald,0.037,40,0.03375,0.034,0.0262,0.04154,0.022,0.0462,0.005489999999999999
moderate_sparse,Moderate sparsity,normal_wald,Normal Wald,0.038,40,0.03462,0.035,0.02694,0.0434,0.0226,0.0472,0.0056500000000000005
moderate_sparse,Moderate sparsity,normal_wald,Normal Wald,0.039,40,0.035665,0.0363,0.02738,0.044320000000000005,0.0234,0.0488,0.005815000000000001
moderate_sparse,Moderate sparsity,normal_wald,Normal Wald,0.04,40,0.03667,0.0374,0.028739999999999998,0.04566,0.0244,0.0498,0.00581
moderate_sparse,Moderate sparsity,normal_wald,Normal Wald,0.041,40,0.03762,0.0379,0.02912,0.04684,0.0254,0.0502,0.005960000000000001
moderate_sparse,Moderate sparsity,normal_wald,Normal Wald,0.042,40,0.038529999999999995,0.0388,0.02992,0.04768000000000001,0.026,0.0512,0.0060300000000000015
moderate_sparse,Moderate sparsity,normal_wald,Normal Wald,0.043,40,0.03946,0.0395,0.0306,0.04866,0.0266,0.0518,0.006029999999999999
moderate_sparse,Moderate sparsity,normal_wald,Normal Wald,0.044,40,0.040395,0.0403,0.03136,0.05042,0.027,0.0538,0.006214999999999999
moderate_sparse,Moderate sparsity,normal_wald,Normal Wald,0.045,40,0.04129,0.0411,0.03178,0.051039999999999995,0.0278,0.0548,0.006259999999999999
moderate_sparse,Moderate sparsity,normal_wald,Normal Wald,0.046,40,0.04229,0.0421,0.032760000000000004,0.05262,0.0284,0.0558,0.00642
moderate_sparse,Moderate sparsity,normal_wald,Normal Wald,0.047,40,0.043155,0.0436,0.03336,0.053239999999999996,0.0296,0.0576,0.006525
moderate_sparse,Moderate sparsity,normal_wald,Normal Wald,0.048,40,0.044015,0.0443,0.034499999999999996,0.05422,0.0302,0.0584,0.006625000000000001
moderate_sparse,Moderate sparsity,normal_wald,Normal Wald,0.049,40,0.04489,0.0451,0.0351,0.05528,0.0308,0.059,0.006770000000000001
moderate_sparse,Moderate sparsity,normal_wald,Normal Wald,0.05,40,0.04592,0.046,0.035879999999999995,0.05662,0.0316,0.0604,0.006770000000000001
moderate_sparse,Moderate sparsity,normal_wald,Normal Wald,0.051,40,0.046955000000000004,0.0472,0.03722,0.05726,0.033,0.0616,0.0067249999999999975
moderate_sparse,Moderate sparsity,normal_wald,Normal Wald,0.052,40,0.047994999999999996,0.048100000000000004,0.038239999999999996,0.05826,0.0336,0.0626,0.006795
moderate_sparse,Moderate sparsity,normal_wald,Normal Wald,0.053,40,0.048955,0.0493,0.03922,0.059320000000000005,0.0344,0.063,0.0068249999999999995
moderate_sparse,Moderate sparsity,normal_wald,Normal Wald,0.054,40,0.049964999999999996,0.0504,0.04024,0.05996,0.035,0.0644,0.006855
moderate_sparse,Moderate sparsity,normal_wald,Normal Wald,0.055,40,0.050824999999999995,0.051199999999999996,0.0412,0.06078,0.0356,0.0654,0.0070550000000000005
moderate_sparse,Moderate sparsity,normal_wald,Normal Wald,0.056,40,0.05175,0.0519,0.04224,0.06236,0.0368,0.0664,0.007150000000000001
moderate_sparse,Moderate sparsity,normal_wald,Normal Wald,0.057,40,0.052615,0.0527,0.0429,0.06312,0.0378,0.0676,0.007275000000000001
moderate_sparse,Moderate sparsity,normal_wald,Normal Wald,0.058,40,0.053544999999999995,0.053500000000000006,0.04376,0.06416000000000001,0.0386,0.0684,0.007295000000000001
moderate_sparse,Moderate sparsity,normal_wald,Normal Wald,0.059,40,0.05450000000000001,0.05499999999999999,0.04454,0.06554,0.0388,0.0696,0.007449999999999998
moderate_sparse,Moderate sparsity,normal_wald,Normal Wald,0.06,40,0.055525000000000005,0.055999999999999994,0.0455,0.06666000000000001,0.0398,0.0714,0.007535
moderate_sparse,Moderate sparsity,normal_wald,Normal Wald,0.061,40,0.056445,0.0568,0.0458,0.06786,0.0402,0.0724,0.007744999999999999
moderate_sparse,Moderate sparsity,normal_wald,Normal Wald,0.062,40,0.05738,0.0574,0.04732,0.06906000000000001,0.0418,0.0738,0.00787
moderate_sparse,Moderate sparsity,normal_wald,Normal Wald,0.063,40,0.058325,0.0582,0.04814,0.07028,0.0428,0.0752,0.008055
moderate_sparse,Moderate sparsity,normal_wald,Normal Wald,0.064,40,0.059275,0.0587,0.04914,0.07162,0.0436,0.0764,0.008105000000000001
moderate_sparse,Moderate sparsity,normal_wald,Normal Wald,0.065,40,0.06024500000000001,0.0597,0.049960000000000004,0.07286000000000001,0.0442,0.078,0.008195000000000003
moderate_sparse,Moderate sparsity,normal_wald,Normal Wald,0.066,40,0.061204999999999996,0.0611,0.05038,0.07382000000000001,0.045,0.0794,0.008245000000000002
moderate_sparse,Moderate sparsity,normal_wald,Normal Wald,0.067,40,0.062265,0.0619,0.051340000000000004,0.07490000000000001,0.046,0.0814,0.008275000000000001
moderate_sparse,Moderate sparsity,normal_wald,Normal Wald,0.068,40,0.063095,0.0631,0.05178,0.0762,0.047,0.0824,0.008355000000000003
moderate_sparse,Moderate sparsity,normal_wald,Normal Wald,0.069,40,0.06403,0.0644,0.05278,0.077,0.0482,0.0834,0.008390000000000003
moderate_sparse,Moderate sparsity,normal_wald,Normal Wald,0.07,40,0.06501,0.06559999999999999,0.05396,0.0778,0.049,0.0848,0.008420000000000004
moderate_sparse,Moderate sparsity,normal_wald,Normal Wald,0.071,40,0.06598000000000001,0.0662,0.05478,0.07882,0.0496,0.0856,0.008519999999999996
moderate_sparse,Moderate sparsity,normal_wald,Normal Wald,0.072,40,0.06695,0.0674,0.055760000000000004,0.07982,0.0498,0.0868,0.008589999999999997
moderate_sparse,Moderate sparsity,normal_wald,Normal Wald,0.073,40,0.06790500000000001,0.0678,0.056720000000000007,0.08086,0.0502,0.0876,0.008694999999999998
moderate_sparse,Moderate sparsity,normal_wald,Normal Wald,0.074,40,0.068935,0.0686,0.05734,0.08152000000000001,0.0512,0.0882,0.008725
moderate_sparse,Moderate sparsity,normal_wald,Normal Wald,0.075,40,0.06987499999999999,0.0696,0.05808,0.08288,0.0518,0.0884,0.008764999999999998
moderate_sparse,Moderate sparsity,normal_wald,Normal Wald,0.076,40,0.070895,0.0699,0.05896,0.08386,0.0522,0.0896,0.008884999999999999
moderate_sparse,Moderate sparsity,normal_wald,Normal Wald,0.077,40,0.07186000000000001,0.07089999999999999,0.05978,0.0855,0.0524,0.09,0.00899
moderate_sparse,Moderate sparsity,normal_wald,Normal Wald,0.078,40,0.07288,0.072,0.061,0.08634,0.0532,0.091,0.00896
moderate_sparse,Moderate sparsity,normal_wald,Normal Wald,0.079,40,0.073795,0.0728,0.061560000000000004,0.08754,0.0536,0.092,0.009145
moderate_sparse,Moderate sparsity,normal_wald,Normal Wald,0.08,40,0.07488500000000001,0.0744,0.06236,0.0889,0.0544,0.0932,0.009185000000000002
moderate_sparse,Moderate sparsity,normal_wald,Normal Wald,0.081,40,0.07594999999999999,0.0752,0.06348000000000001,0.0896,0.0552,0.0946,0.009260000000000001
moderate_sparse,Moderate sparsity,normal_wald,Normal Wald,0.082,40,0.07685499999999999,0.0766,0.06405999999999999,0.09042,0.056,0.0958,0.009325000000000002
moderate_sparse,Moderate sparsity,normal_wald,Normal Wald,0.083,40,0.077795,0.07769999999999999,0.0652,0.09144000000000001,0.0562,0.0968,0.009365000000000002
moderate_sparse,Moderate sparsity,normal_wald,Normal Wald,0.084,40,0.078815,0.079,0.06592,0.09232,0.0572,0.0972,0.009315000000000002
moderate_sparse,Moderate sparsity,normal_wald,Normal Wald,0.085,40,0.079735,0.0797,0.06692000000000001,0.09318,0.0578,0.0978,0.009355000000000002
moderate_sparse,Moderate sparsity,normal_wald,Normal Wald,0.086,40,0.080755,0.08080000000000001,0.06774,0.09436,0.0584,0.0984,0.009354999999999999
moderate_sparse,Moderate sparsity,normal_wald,Normal Wald,0.087,40,0.081655,0.0819,0.06836,0.09536,0.0594,0.0998,0.009314999999999997
moderate_sparse,Moderate sparsity,normal_wald,Normal Wald,0.088,40,0.082875,0.08310000000000001,0.0696,0.0965,0.0608,0.1016,0.009314999999999999
moderate_sparse,Moderate sparsity,normal_wald,Normal Wald,0.089,40,0.083765,0.0844,0.07,0.09714,0.0616,0.1026,0.009344999999999997
moderate_sparse,Moderate sparsity,normal_wald,Normal Wald,0.09,40,0.08481999999999999,0.086,0.07156,0.09830000000000001,0.0626,0.1034,0.00927
moderate_sparse,Moderate sparsity,normal_wald,Normal Wald,0.091,40,0.08565,0.0862,0.07238,0.09998,0.0626,0.1042,0.009379999999999998
moderate_sparse,Moderate sparsity,normal_wald,Normal Wald,0.092,40,0.08653,0.087,0.0732,0.10058,0.063,0.1048,0.00938
moderate_sparse,Moderate sparsity,normal_wald,Normal Wald,0.093,40,0.087535,0.0878,0.07454,0.1021,0.0648,0.1066,0.009475
moderate_sparse,Moderate sparsity,normal_wald,Normal Wald,0.094,40,0.08847000000000001,0.0889,0.07518,0.10296000000000001,0.0656,0.107,0.009470000000000001
moderate_sparse,Moderate sparsity,normal_wald,Normal Wald,0.095,40,0.08936,0.08940000000000001,0.0758,0.10392,0.0664,0.1082,0.009479999999999999
moderate_sparse,Moderate sparsity,normal_wald,Normal Wald,0.096,40,0.09036999999999999,0.0905,0.07678,0.10514,0.0674,0.1086,0.00948
moderate_sparse,Moderate sparsity,normal_wald,Normal Wald,0.097,40,0.09132,0.0918,0.0774,0.10684,0.0684,0.1094,0.009560000000000003
moderate_sparse,Moderate sparsity,normal_wald,Normal Wald,0.098,40,0.09225,0.09309999999999999,0.07854,0.10734,0.0692,0.1098,0.009490000000000002
moderate_sparse,Moderate sparsity,normal_wald,Normal Wald,0.099,40,0.0932,0.0944,0.07988,0.10904,0.0706,0.111,0.009590000000000003
moderate_sparse,Moderate sparsity,normal_wald,Normal Wald,0.1,40,0.094195,0.0953,0.08072,0.10984,0.0712,0.1122,0.009585000000000002
moderate_sparse,Moderate sparsity,simple_welch,Simple Welch,0.0,40,0.0,0.0,0.0,0.0,0.0,0.0,0.0
moderate_sparse,Moderate sparsity,simple_welch,Simple Welch,0.001,40,0.0009350000000000001,0.001,0.0002,0.0018,0.0,0.0018,0.000455
moderate_sparse,Moderate sparsity,simple_welch,Simple Welch,0.002,40,0.00176,0.0018,0.0008,0.0026,0.0004,0.0042,0.00063
moderate_sparse,Moderate sparsity,simple_welch,Simple Welch,0.003,40,0.002545,0.0024,0.0012,0.0034,0.0008,0.005,0.0007650000000000001
moderate_sparse,Moderate sparsity,simple_welch,Simple Welch,0.004,40,0.0032849999999999997,0.0031000000000000003,0.002,0.0042,0.0016,0.0062,0.000945
moderate_sparse,Moderate sparsity,simple_welch,Simple Welch,0.005,40,0.004095,0.0044,0.00278,0.005,0.0022,0.0078,0.001095
moderate_sparse,Moderate sparsity,simple_welch,Simple Welch,0.006,40,0.004784999999999999,0.0048,0.0032,0.00582,0.0024,0.009,0.0014550000000000001
moderate_sparse,Moderate sparsity,simple_welch,Simple Welch,0.007,40,0.00547,0.0054,0.0038,0.006640000000000001,0.0032,0.0092,0.0017100000000000001
moderate_sparse,Moderate sparsity,simple_welch,Simple Welch,0.008,40,0.006279999999999999,0.0062,0.0044,0.008020000000000001,0.0036,0.011,0.002
moderate_sparse,Moderate sparsity,simple_welch,Simple Welch,0.009,40,0.007180000000000001,0.0069,0.00518,0.00962,0.004,0.0116,0.0021799999999999996
moderate_sparse,Moderate sparsity,simple_welch,Simple Welch,0.01,40,0.008075,0.0079,0.006,0.010620000000000001,0.0054,0.0124,0.0023150000000000002
moderate_sparse,Moderate sparsity,simple_welch,Simple Welch,0.011,40,0.00893,0.0085,0.0066,0.012080000000000002,0.0062,0.013,0.0025499999999999997
moderate_sparse,Moderate sparsity,simple_welch,Simple Welch,0.012,40,0.00984,0.0096,0.00738,0.01362,0.0062,0.0158,0.0027600000000000003
moderate_sparse,Moderate sparsity,simple_welch,Simple Welch,0.013,40,0.010695,0.0102,0.008,0.0144,0.0068,0.017,0.0029249999999999996
moderate_sparse,Moderate sparsity,simple_welch,Simple Welch,0.014,40,0.01166,0.0112,0.009340000000000001,0.0151,0.0076,0.018,0.00297
moderate_sparse,Moderate sparsity,simple_welch,Simple Welch,0.015,40,0.012465,0.012199999999999999,0.0096,0.01606,0.008,0.0194,0.0032249999999999996
moderate_sparse,Moderate sparsity,simple_welch,Simple Welch,0.016,40,0.013345000000000001,0.0132,0.01056,0.01746,0.0082,0.0202,0.003365
moderate_sparse,Moderate sparsity,simple_welch,Simple Welch,0.017,40,0.014195,0.0142,0.01098,0.017720000000000003,0.0088,0.022,0.0034850000000000007
moderate_sparse,Moderate sparsity,simple_welch,Simple Welch,0.018,40,0.014979999999999999,0.0148,0.01176,0.01814,0.0096,0.023,0.0036999999999999993
moderate_sparse,Moderate sparsity,simple_welch,Simple Welch,0.019,40,0.016025,0.0159,0.012780000000000001,0.019360000000000002,0.0106,0.0244,0.0036849999999999995
moderate_sparse,Moderate sparsity,simple_welch,Simple Welch,0.02,40,0.016825,0.0165,0.013380000000000001,0.02086,0.011,0.0256,0.003915
moderate_sparse,Moderate sparsity,simple_welch,Simple Welch,0.021,40,0.017715,0.0176,0.0138,0.022240000000000003,0.0118,0.027,0.004105000000000001
moderate_sparse,Moderate sparsity,simple_welch,Simple Welch,0.022,40,0.018520000000000002,0.0182,0.01438,0.02288,0.0126,0.0284,0.004289999999999999
moderate_sparse,Moderate sparsity,simple_welch,Simple Welch,0.023,40,0.019370000000000002,0.0189,0.01498,0.02424,0.0128,0.0298,0.00443
moderate_sparse,Moderate sparsity,simple_welch,Simple Welch,0.024,40,0.020255000000000002,0.019700000000000002,0.0154,0.02526,0.0142,0.031,0.0045650000000000005
moderate_sparse,Moderate sparsity,simple_welch,Simple Welch,0.025,40,0.021124999999999998,0.0207,0.016,0.02576,0.0144,0.032,0.004705000000000001
moderate_sparse,Moderate sparsity,simple_welch,Simple Welch,0.026,40,0.021965000000000002,0.0212,0.017,0.026860000000000002,0.0144,0.033,0.004954999999999999
moderate_sparse,Moderate sparsity,simple_welch,Simple Welch,0.027,40,0.022844999999999997,0.022,0.01834,0.028780000000000003,0.0146,0.0342,0.005144999999999999
moderate_sparse,Moderate sparsity,simple_welch,Simple Welch,0.028,40,0.02379,0.0233,0.01898,0.029900000000000003,0.0148,0.0356,0.00515
moderate_sparse,Moderate sparsity,simple_welch,Simple Welch,0.029,40,0.02484,0.0244,0.019760000000000003,0.03126,0.0154,0.0372,0.005200000000000001
moderate_sparse,Moderate sparsity,simple_welch,Simple Welch,0.03,40,0.025705,0.025500000000000002,0.0204,0.03242,0.0162,0.0384,0.005354999999999999
moderate_sparse,Moderate sparsity,simple_welch,Simple Welch,0.031,40,0.026695000000000003,0.0268,0.021339999999999998,0.034,0.0166,0.0392,0.005435
moderate_sparse,Moderate sparsity,simple_welch,Simple Welch,0.032,40,0.02762,0.0276,0.0223,0.0348,0.0168,0.0396,0.00547
moderate_sparse,Moderate sparsity,simple_welch,Simple Welch,0.033,40,0.028555000000000004,0.0286,0.02274,0.03564,0.0184,0.041,0.005575000000000001
moderate_sparse,Moderate sparsity,simple_welch,Simple Welch,0.034,40,0.029459999999999997,0.0294,0.023780000000000003,0.0366,0.0192,0.0418,0.005670000000000002
moderate_sparse,Moderate sparsity,simple_welch,Simple Welch,0.035,40,0.030345,0.0299,0.02476,0.037239999999999995,0.02,0.0424,0.005795000000000002
moderate_sparse,Moderate sparsity,simple_welch,Simple Welch,0.036,40,0.031169999999999996,0.0308,0.0254,0.03792,0.0204,0.0432,0.005989999999999999
moderate_sparse,Moderate sparsity,simple_welch,Simple Welch,0.037,40,0.032145,0.0316,0.026160000000000003,0.039080000000000004,0.0216,0.0444,0.006034999999999999
moderate_sparse,Moderate sparsity,simple_welch,Simple Welch,0.038,40,0.033065,0.0325,0.02692,0.040080000000000005,0.0226,0.0452,0.006115
moderate_sparse,Moderate sparsity,simple_welch,Simple Welch,0.039,40,0.03393,0.033699999999999994,0.02718,0.04098,0.0234,0.0462,0.006240000000000001
moderate_sparse,Moderate sparsity,simple_welch,Simple Welch,0.04,40,0.03492,0.0346,0.028560000000000002,0.04282,0.024,0.0468,0.00626
moderate_sparse,Moderate sparsity,simple_welch,Simple Welch,0.041,40,0.035825,0.0352,0.02912,0.04392,0.0252,0.0488,0.006435000000000001
moderate_sparse,Moderate sparsity,simple_welch,Simple Welch,0.042,40,0.036775,0.0363,0.02992,0.04504,0.026,0.0492,0.0064950000000000025
moderate_sparse,Moderate sparsity,simple_welch,Simple Welch,0.043,40,0.037695,0.037,0.03038,0.04628,0.0264,0.05,0.006554999999999998
moderate_sparse,Moderate sparsity,simple_welch,Simple Welch,0.044,40,0.038625,0.0378,0.03136,0.04732,0.0268,0.0508,0.006654999999999999
moderate_sparse,Moderate sparsity,simple_welch,Simple Welch,0.045,40,0.039395,0.039099999999999996,0.031580000000000004,0.048100000000000004,0.0274,0.0516,0.006814999999999999
moderate_sparse,Moderate sparsity,simple_welch,Simple Welch,0.046,40,0.040400000000000005,0.0401,0.03258,0.0498,0.0282,0.0526,0.006839999999999999
moderate_sparse,Moderate sparsity,simple_welch,Simple Welch,0.047,40,0.04129,0.041,0.03316,0.05062,0.0288,0.054,0.006999999999999999
moderate_sparse,Moderate sparsity,simple_welch,Simple Welch,0.048,40,0.042359999999999995,0.0419,0.03408,0.05184,0.0302,0.0552,0.0071
moderate_sparse,Moderate sparsity,simple_welch,Simple Welch,0.049,40,0.0432,0.043,0.0351,0.053,0.0304,0.0568,0.00728
moderate_sparse,Moderate sparsity,simple_welch,Simple Welch,0.05,40,0.044,0.043899999999999995,0.035699999999999996,0.05382,0.0316,0.0578,0.007400000000000001
moderate_sparse,Moderate sparsity,simple_welch,Simple Welch,0.051,40,0.04498,0.0446,0.03704,0.05446,0.0326,0.059,0.007459999999999997
moderate_sparse,Moderate sparsity,simple_welch,Simple Welch,0.052,40,0.045950000000000005,0.045700000000000005,0.03822,0.05568,0.0336,0.0602,0.007499999999999998
moderate_sparse,Moderate sparsity,simple_welch,Simple Welch,0.053,40,0.046935,0.046700000000000005,0.03918,0.05702,0.0342,0.061,0.007535
moderate_sparse,Moderate sparsity,simple_welch,Simple Welch,0.054,40,0.04796,0.0478,0.0397,0.05802,0.035,0.0622,0.007559999999999999
moderate_sparse,Moderate sparsity,simple_welch,Simple Welch,0.055,40,0.048854999999999996,0.048799999999999996,0.04102,0.05888,0.0352,0.0626,0.007685
moderate_sparse,Moderate sparsity,simple_welch,Simple Welch,0.056,40,0.04984,0.0499,0.041800000000000004,0.05972,0.0368,0.0642,0.00771
moderate_sparse,Moderate sparsity,simple_welch,Simple Welch,0.057,40,0.050785000000000004,0.0508,0.042699999999999995,0.06018,0.0378,0.0648,0.0077750000000000015
moderate_sparse,Moderate sparsity,simple_welch,Simple Welch,0.058,40,0.05175,0.0519,0.04352,0.06158,0.0386,0.0662,0.007880000000000002
moderate_sparse,Moderate sparsity,simple_welch,Simple Welch,0.059,40,0.052605,0.0528,0.044520000000000004,0.06238,0.0388,0.0666,0.007944999999999999
moderate_sparse,Moderate sparsity,simple_welch,Simple Welch,0.06,40,0.053485000000000005,0.0534,0.04512,0.06354,0.0398,0.0682,0.008114999999999999
moderate_sparse,Moderate sparsity,simple_welch,Simple Welch,0.061,40,0.05444,0.0545,0.04576,0.06456,0.0398,0.069,0.00815
moderate_sparse,Moderate sparsity,simple_welch,Simple Welch,0.062,40,0.055355,0.055,0.046740000000000004,0.06627999999999999,0.0414,0.0704,0.008365000000000001
moderate_sparse,Moderate sparsity,simple_welch,Simple Welch,0.063,40,0.056264999999999996,0.056,0.04794,0.06724,0.042,0.072,0.008535
moderate_sparse,Moderate sparsity,simple_welch,Simple Welch,0.064,40,0.057225000000000005,0.057,0.048940000000000004,0.06862,0.0434,0.0728,0.008645000000000002
moderate_sparse,Moderate sparsity,simple_welch,Simple Welch,0.065,40,0.058145,0.0581,0.04958,0.07004,0.0438,0.0738,0.008805000000000002
moderate_sparse,Moderate sparsity,simple_welch,Simple Welch,0.066,40,0.059129999999999995,0.058899999999999994,0.0502,0.071,0.0446,0.0754,0.00885
moderate_sparse,Moderate sparsity,simple_welch,Simple Welch,0.067,40,0.0601,0.06,0.051140000000000005,0.07222,0.0456,0.0772,0.008970000000000002
moderate_sparse,Moderate sparsity,simple_welch,Simple Welch,0.068,40,0.061114999999999996,0.060899999999999996,0.05158,0.07304,0.0464,0.0784,0.009005000000000003
moderate_sparse,Moderate sparsity,simple_welch,Simple Welch,0.069,40,0.062139999999999994,0.0619,0.0524,0.07422000000000001,0.048,0.0798,0.008990000000000003
moderate_sparse,Moderate sparsity,simple_welch,Simple Welch,0.07,40,0.06309000000000001,0.06290000000000001,0.05378,0.07508,0.0486,0.0816,0.009020000000000004
moderate_sparse,Moderate sparsity,simple_welch,Simple Welch,0.071,40,0.06402,0.0641,0.05438,0.07622000000000001,0.0494,0.0828,0.009099999999999995
moderate_sparse,Moderate sparsity,simple_welch,Simple Welch,0.072,40,0.06495,0.0649,0.05554,0.07722000000000001,0.0496,0.0842,0.009179999999999997
moderate_sparse,Moderate sparsity,simple_welch,Simple Welch,0.073,40,0.065915,0.0655,0.05618,0.07822000000000001,0.0502,0.085,0.009264999999999997
moderate_sparse,Moderate sparsity,simple_welch,Simple Welch,0.074,40,0.06678999999999999,0.06659999999999999,0.05716,0.07904,0.0512,0.086,0.009409999999999998
moderate_sparse,Moderate sparsity,simple_welch,Simple Welch,0.075,40,0.06776499999999999,0.0675,0.05788,0.07986,0.0514,0.0872,0.009544999999999998
moderate_sparse,Moderate sparsity,simple_welch,Simple Welch,0.076,40,0.06887,0.0687,0.05876,0.08114,0.0522,0.0878,0.009489999999999998
moderate_sparse,Moderate sparsity,simple_welch,Simple Welch,0.077,40,0.069665,0.069,0.05958,0.08244,0.0524,0.0882,0.009725
moderate_sparse,Moderate sparsity,simple_welch,Simple Welch,0.078,40,0.070695,0.0701,0.06078,0.08327999999999999,0.0528,0.0892,0.009675
moderate_sparse,Moderate sparsity,simple_welch,Simple Welch,0.079,40,0.071655,0.0713,0.061560000000000004,0.08444,0.0532,0.09,0.009784999999999999
moderate_sparse,Moderate sparsity,simple_welch,Simple Welch,0.08,40,0.0726,0.07250000000000001,0.06198,0.08552,0.0542,0.0902,0.00982
moderate_sparse,Moderate sparsity,simple_welch,Simple Welch,0.081,40,0.073685,0.07300000000000001,0.06312000000000001,0.0871,0.0552,0.092,0.009885000000000001
moderate_sparse,Moderate sparsity,simple_welch,Simple Welch,0.082,40,0.074655,0.0739,0.06386,0.08792,0.0556,0.0926,0.009885000000000001
moderate_sparse,Moderate sparsity,simple_welch,Simple Welch,0.083,40,0.075635,0.0754,0.06466,0.08936000000000001,0.0562,0.0936,0.010025000000000003
moderate_sparse,Moderate sparsity,simple_welch,Simple Welch,0.084,40,0.076745,0.07669999999999999,0.06568,0.08966,0.0568,0.0956,0.009965000000000003
moderate_sparse,Moderate sparsity,simple_welch,Simple Welch,0.085,40,0.07766999999999999,0.0779,0.0669,0.09118,0.0578,0.0966,0.010040000000000004
moderate_sparse,Moderate sparsity,simple_welch,Simple Welch,0.086,40,0.07861,0.0786,0.06772,0.09168,0.0582,0.097,0.010069999999999996
moderate_sparse,Moderate sparsity,simple_welch,Simple Welch,0.087,40,0.079565,0.0794,0.06798,0.09252,0.0594,0.0974,0.010094999999999996
moderate_sparse,Moderate sparsity,simple_welch,Simple Welch,0.088,40,0.08055,0.0805,0.06898,0.09360000000000002,0.06,0.098,0.010109999999999997
moderate_sparse,Moderate sparsity,simple_welch,Simple Welch,0.089,40,0.08155,0.0815,0.06998,0.09442,0.0614,0.099,0.010079999999999997
moderate_sparse,Moderate sparsity,simple_welch,Simple Welch,0.09,40,0.082575,0.0827,0.0712,0.09572,0.0624,0.1002,0.010024999999999997
moderate_sparse,Moderate sparsity,simple_welch,Simple Welch,0.091,40,0.08358499999999999,0.08360000000000001,0.07198,0.09674,0.0626,0.1016,0.010015
moderate_sparse,Moderate sparsity,simple_welch,Simple Welch,0.092,40,0.084575,0.08449999999999999,0.07278,0.09768,0.0628,0.103,0.010004999999999998
moderate_sparse,Moderate sparsity,simple_welch,Simple Welch,0.093,40,0.085615,0.0857,0.07418,0.09868,0.0644,0.1038,0.009935
moderate_sparse,Moderate sparsity,simple_welch,Simple Welch,0.094,40,0.0865,0.0869,0.07512,0.10036,0.0654,0.1044,0.00998
moderate_sparse,Moderate sparsity,simple_welch,Simple Welch,0.095,40,0.08744500000000001,0.0877,0.07556,0.1015,0.0664,0.1054,0.010055
moderate_sparse,Moderate sparsity,simple_welch,Simple Welch,0.096,40,0.088295,0.0884,0.07658,0.10248,0.0674,0.1068,0.010175000000000002
moderate_sparse,Moderate sparsity,simple_welch,Simple Welch,0.097,40,0.089305,0.08940000000000001,0.07738,0.10300000000000001,0.0682,0.1078,0.010175
moderate_sparse,Moderate sparsity,simple_welch,Simple Welch,0.098,40,0.09012,0.0902,0.0778,0.10450000000000001,0.0686,0.108,0.010230000000000003
moderate_sparse,Moderate sparsity,simple_welch,Simple Welch,0.099,40,0.09114,0.0913,0.07934,0.10604,0.0702,0.1088,0.010250000000000002
moderate_sparse,Moderate sparsity,simple_welch,Simple Welch,0.1,40,0.092065,0.0922,0.08048000000000001,0.10688,0.071,0.1098,0.010285000000000002
moderate_sparse,Moderate sparsity,expanded_welch,Expanded Welch,0.0,40,0.0,0.0,0.0,0.0,0.0,0.0,0.0
moderate_sparse,Moderate sparsity,expanded_welch,Expanded Welch,0.001,40,0.000695,0.0006,0.0001800000000000001,0.0014,0.0,0.0018,0.000485
moderate_sparse,Moderate sparsity,expanded_welch,Expanded Welch,0.002,40,0.001425,0.0014,0.0006,0.0024,0.0002,0.0036,0.0008150000000000001
moderate_sparse,Moderate sparsity,expanded_welch,Expanded Welch,0.003,40,0.00208,0.002,0.0009800000000000002,0.0030200000000000005,0.0008,0.0042,0.00103
moderate_sparse,Moderate sparsity,expanded_welch,Expanded Welch,0.004,40,0.0026449999999999998,0.0026,0.0016,0.0036200000000000004,0.0012,0.0048,0.001395
moderate_sparse,Moderate sparsity,expanded_welch,Expanded Welch,0.005,40,0.00344,0.0034999999999999996,0.0023799999999999997,0.00462,0.002,0.0062,0.0016300000000000002
moderate_sparse,Moderate sparsity,expanded_welch,Expanded Welch,0.006,40,0.0040550000000000004,0.0042,0.00278,0.0052,0.0024,0.0068,0.0019850000000000002
moderate_sparse,Moderate sparsity,expanded_welch,Expanded Welch,0.007,40,0.004710000000000001,0.004699999999999999,0.003,0.006,0.0028,0.0076,0.00232
moderate_sparse,Moderate sparsity,expanded_welch,Expanded Welch,0.008,40,0.00535,0.0054,0.00378,0.006840000000000001,0.003,0.0086,0.00268
moderate_sparse,Moderate sparsity,expanded_welch,Expanded Welch,0.009,40,0.006019999999999999,0.006,0.00458,0.0082,0.0034,0.0094,0.0029999999999999996
moderate_sparse,Moderate sparsity,expanded_welch,Expanded Welch,0.01,40,0.006834999999999999,0.0066,0.00518,0.008820000000000001,0.004,0.0106,0.003195000000000001
moderate_sparse,Moderate sparsity,expanded_welch,Expanded Welch,0.011,40,0.007535,0.0074,0.00616,0.009420000000000001,0.0046,0.0112,0.003475
moderate_sparse,Moderate sparsity,expanded_welch,Expanded Welch,0.012,40,0.00827,0.0083,0.0064,0.0102,0.0054,0.012,0.00373
moderate_sparse,Moderate sparsity,expanded_welch,Expanded Welch,0.013,40,0.009035,0.0087,0.00718,0.011420000000000001,0.006,0.0128,0.003964999999999999
moderate_sparse,Moderate sparsity,expanded_welch,Expanded Welch,0.014,40,0.009885,0.0097,0.00778,0.012080000000000002,0.0068,0.014,0.004115000000000001
moderate_sparse,Moderate sparsity,expanded_welch,Expanded Welch,0.015,40,0.010725,0.010499999999999999,0.00858,0.013460000000000001,0.0076,0.0146,0.004274999999999999
moderate_sparse,Moderate sparsity,expanded_welch,Expanded Welch,0.016,40,0.011519999999999999,0.011099999999999999,0.00918,0.01382,0.008,0.0162,0.0045000000000000005
moderate_sparse,Moderate sparsity,expanded_welch,Expanded Welch,0.017,40,0.01235,0.012199999999999999,0.0102,0.014820000000000002,0.0082,0.018,0.004710000000000001
moderate_sparse,Moderate sparsity,expanded_welch,Expanded Welch,0.018,40,0.0131,0.013000000000000001,0.010740000000000001,0.016040000000000002,0.0088,0.0192,0.004979999999999998
moderate_sparse,Moderate sparsity,expanded_welch,Expanded Welch,0.019,40,0.013885,0.0137,0.01118,0.01702,0.0098,0.02,0.0052049999999999996
moderate_sparse,Moderate sparsity,expanded_welch,Expanded Welch,0.02,40,0.014655000000000001,0.0143,0.0125,0.017640000000000003,0.0104,0.0208,0.005385
moderate_sparse,Moderate sparsity,expanded_welch,Expanded Welch,0.021,40,0.015465000000000001,0.015300000000000001,0.01318,0.01844,0.0108,0.022,0.005585000000000001
moderate_sparse,Moderate sparsity,expanded_welch,Expanded Welch,0.022,40,0.01626,0.0158,0.01378,0.01982,0.0118,0.0232,0.005799999999999999
moderate_sparse,Moderate sparsity,expanded_welch,Expanded Welch,0.023,40,0.01714,0.0168,0.0144,0.02008,0.0126,0.0252,0.00597
moderate_sparse,Moderate sparsity,expanded_welch,Expanded Welch,0.024,40,0.017825,0.0175,0.014780000000000001,0.021040000000000003,0.0128,0.0256,0.006255000000000001
moderate_sparse,Moderate sparsity,expanded_welch,Expanded Welch,0.025,40,0.01858,0.018099999999999998,0.015380000000000001,0.02206,0.0138,0.0266,0.0065000000000000014
moderate_sparse,Moderate sparsity,expanded_welch,Expanded Welch,0.026,40,0.01932,0.0189,0.0158,0.02302,0.0144,0.0274,0.006749999999999999
moderate_sparse,Moderate sparsity,expanded_welch,Expanded Welch,0.027,40,0.02012,0.0199,0.0166,0.02406,0.0144,0.0288,0.00697
moderate_sparse,Moderate sparsity,expanded_welch,Expanded Welch,0.028,40,0.020980000000000002,0.0204,0.01778,0.024720000000000002,0.0146,0.03,0.00712
moderate_sparse,Moderate sparsity,expanded_welch,Expanded Welch,0.029,40,0.021725,0.0212,0.018539999999999997,0.025500000000000002,0.0146,0.0312,0.007385000000000001
moderate_sparse,Moderate sparsity,expanded_welch,Expanded Welch,0.03,40,0.02271,0.022,0.019,0.02648,0.0152,0.0328,0.007429999999999999
moderate_sparse,Moderate sparsity,expanded_welch,Expanded Welch,0.031,40,0.023469999999999998,0.023,0.019780000000000002,0.027500000000000004,0.016,0.0336,0.00766
moderate_sparse,Moderate sparsity,expanded_welch,Expanded Welch,0.032,40,0.024405,0.024,0.0208,0.0288,0.0164,0.035,0.007745
moderate_sparse,Moderate sparsity,expanded_welch,Expanded Welch,0.033,40,0.0252,0.025,0.02172,0.029240000000000002,0.0166,0.0358,0.007940000000000001
moderate_sparse,Moderate sparsity,expanded_welch,Expanded Welch,0.034,40,0.02607,0.0258,0.0223,0.030440000000000002,0.0178,0.0366,0.008060000000000001
moderate_sparse,Moderate sparsity,expanded_welch,Expanded Welch,0.035,40,0.026885,0.0267,0.02318,0.031100000000000003,0.019,0.0376,0.008245000000000004
moderate_sparse,Moderate sparsity,expanded_welch,Expanded Welch,0.036,40,0.027710000000000002,0.0276,0.024360000000000003,0.03228,0.02,0.0384,0.008409999999999997
moderate_sparse,Moderate sparsity,expanded_welch,Expanded Welch,0.037,40,0.028560000000000002,0.0286,0.024980000000000002,0.03422,0.0204,0.0392,0.008549999999999999
moderate_sparse,Moderate sparsity,expanded_welch,Expanded Welch,0.038,40,0.029404999999999997,0.0293,0.025580000000000002,0.03502,0.0208,0.0404,0.008714999999999999
moderate_sparse,Moderate sparsity,expanded_welch,Expanded Welch,0.039,40,0.03024,0.0302,0.02638,0.03582,0.022,0.041,0.00886
moderate_sparse,Moderate sparsity,expanded_welch,Expanded Welch,0.04,40,0.031170000000000003,0.0308,0.02694,0.03664,0.023,0.042,0.00893
moderate_sparse,Moderate sparsity,expanded_welch,Expanded Welch,0.041,40,0.031995,0.0318,0.02776,0.037500000000000006,0.0234,0.0424,0.009075000000000001
moderate_sparse,Moderate sparsity,expanded_welch,Expanded Welch,0.042,40,0.03293,0.0326,0.028739999999999998,0.03836,0.025,0.043,0.009120000000000003
moderate_sparse,Moderate sparsity,expanded_welch,Expanded Welch,0.043,40,0.03375,0.0336,0.0293,0.039400000000000004,0.0254,0.0436,0.009279999999999997
moderate_sparse,Moderate sparsity,expanded_welch,Expanded Welch,0.044,40,0.034585,0.034699999999999995,0.0296,0.04020000000000001,0.0262,0.044,0.009414999999999996
moderate_sparse,Moderate sparsity,expanded_welch,Expanded Welch,0.045,40,0.035495,0.0352,0.03052,0.041120000000000004,0.0268,0.045,0.009504999999999998
moderate_sparse,Moderate sparsity,expanded_welch,Expanded Welch,0.046,40,0.03635,0.0362,0.031139999999999998,0.042140000000000004,0.027,0.0466,0.00968
moderate_sparse,Moderate sparsity,expanded_welch,Expanded Welch,0.047,40,0.037185,0.0364,0.031560000000000005,0.043320000000000004,0.028,0.0472,0.009825
moderate_sparse,Moderate sparsity,expanded_welch,Expanded Welch,0.048,40,0.03789,0.0372,0.03252,0.044300000000000006,0.0284,0.0478,0.010110000000000001
moderate_sparse,Moderate sparsity,expanded_welch,Expanded Welch,0.049,40,0.038815,0.038099999999999995,0.033,0.04562,0.0294,0.049,0.010185000000000003
moderate_sparse,Moderate sparsity,expanded_welch,Expanded Welch,0.05,40,0.03967,0.0393,0.03398,0.0465,0.0302,0.0498,0.010330000000000002
moderate_sparse,Moderate sparsity,expanded_welch,Expanded Welch,0.051,40,0.04054,0.0402,0.0351,0.04766,0.0312,0.0504,0.010459999999999995
moderate_sparse,Moderate sparsity,expanded_welch,Expanded Welch,0.052,40,0.04148,0.0412,0.03554,0.04884,0.032,0.0516,0.010519999999999998
moderate_sparse,Moderate sparsity,expanded_welch,Expanded Welch,0.053,40,0.042395,0.0427,0.036320000000000005,0.04942,0.033,0.0524,0.010605
moderate_sparse,Moderate sparsity,expanded_welch,Expanded Welch,0.054,40,0.04318,0.043300000000000005,0.0373,0.05022,0.0338,0.0526,0.01082
moderate_sparse,Moderate sparsity,expanded_welch,Expanded Welch,0.055,40,0.04405,0.044,0.0387,0.050839999999999996,0.0344,0.054,0.01095
moderate_sparse,Moderate sparsity,expanded_welch,Expanded Welch,0.056,40,0.04492,0.0445,0.039720000000000005,0.05162,0.0352,0.0548,0.011080000000000001
moderate_sparse,Moderate sparsity,expanded_welch,Expanded Welch,0.057,40,0.045755000000000004,0.045700000000000005,0.040279999999999996,0.05212,0.0358,0.0562,0.011245000000000002
moderate_sparse,Moderate sparsity,expanded_welch,Expanded Welch,0.058,40,0.046695,0.0461,0.04142,0.05294,0.0372,0.0574,0.011305000000000004
moderate_sparse,Moderate sparsity,expanded_welch,Expanded Welch,0.059,40,0.047565,0.0468,0.042,0.05392,0.038,0.059,0.011434999999999997
moderate_sparse,Moderate sparsity,expanded_welch,Expanded Welch,0.06,40,0.04838,0.047700000000000006,0.043,0.05434,0.0388,0.06,0.011619999999999997
moderate_sparse,Moderate sparsity,expanded_welch,Expanded Welch,0.061,40,0.04923,0.0484,0.0438,0.055619999999999996,0.0388,0.0608,0.01177
moderate_sparse,Moderate sparsity,expanded_welch,Expanded Welch,0.062,40,0.0502,0.049,0.04494,0.05688000000000001,0.0396,0.0624,0.01182
moderate_sparse,Moderate sparsity,expanded_welch,Expanded Welch,0.063,40,0.051039999999999995,0.0502,0.0456,0.05806,0.0402,0.063,0.01196
moderate_sparse,Moderate sparsity,expanded_welch,Expanded Welch,0.064,40,0.051985,0.0509,0.0466,0.05872,0.0416,0.0646,0.012045000000000002
moderate_sparse,Moderate sparsity,expanded_welch,Expanded Welch,0.065,40,0.052980000000000006,0.0521,0.04778,0.05974,0.043,0.066,0.01207
moderate_sparse,Moderate sparsity,expanded_welch,Expanded Welch,0.066,40,0.053880000000000004,0.0528,0.04854,0.060540000000000004,0.0438,0.0674,0.012190000000000003
moderate_sparse,Moderate sparsity,expanded_welch,Expanded Welch,0.067,40,0.054669999999999996,0.0536,0.049499999999999995,0.061520000000000005,0.0444,0.0684,0.012400000000000003
moderate_sparse,Moderate sparsity,expanded_welch,Expanded Welch,0.068,40,0.055689999999999996,0.0545,0.05048,0.06354,0.045,0.0696,0.012390000000000003
moderate_sparse,Moderate sparsity,expanded_welch,Expanded Welch,0.069,40,0.05647,0.0553,0.051140000000000005,0.06432,0.0458,0.0704,0.012600000000000005
moderate_sparse,Moderate sparsity,expanded_welch,Expanded Welch,0.07,40,0.05739999999999999,0.056,0.05178,0.06548,0.0468,0.071,0.012650000000000005
moderate_sparse,Moderate sparsity,expanded_welch,Expanded Welch,0.071,40,0.058325,0.0574,0.0522,0.06646,0.0478,0.0718,0.012724999999999995
moderate_sparse,Moderate sparsity,expanded_welch,Expanded Welch,0.072,40,0.059235,0.058300000000000005,0.053340000000000005,0.06744,0.049,0.0724,0.012794999999999996
moderate_sparse,Moderate sparsity,expanded_welch,Expanded Welch,0.073,40,0.0601,0.0592,0.05414,0.06808,0.0494,0.0734,0.012939999999999997
moderate_sparse,Moderate sparsity,expanded_welch,Expanded Welch,0.074,40,0.06104,0.059899999999999995,0.05514,0.06902000000000001,0.0498,0.0746,0.012999999999999998
moderate_sparse,Moderate sparsity,expanded_welch,Expanded Welch,0.075,40,0.061875,0.0613,0.05534,0.0698,0.05,0.0758,0.013194999999999998
moderate_sparse,Moderate sparsity,expanded_welch,Expanded Welch,0.076,40,0.06287000000000001,0.0625,0.05638,0.07088,0.0512,0.077,0.013199999999999998
moderate_sparse,Moderate sparsity,expanded_welch,Expanded Welch,0.077,40,0.06373,0.063,0.0572,0.07188,0.0514,0.078,0.013319999999999999
moderate_sparse,Moderate sparsity,expanded_welch,Expanded Welch,0.078,40,0.06469,0.0643,0.0582,0.07272,0.0522,0.079,0.01336
moderate_sparse,Moderate sparsity,expanded_welch,Expanded Welch,0.079,40,0.06559000000000001,0.06520000000000001,0.05936,0.0743,0.0524,0.0794,0.013430000000000001
moderate_sparse,Moderate sparsity,expanded_welch,Expanded Welch,0.08,40,0.0666,0.0659,0.06038,0.07544,0.053,0.081,0.01345
moderate_sparse,Moderate sparsity,expanded_welch,Expanded Welch,0.081,40,0.06744,0.0668,0.061560000000000004,0.07626000000000001,0.0534,0.082,0.013610000000000002
moderate_sparse,Moderate sparsity,expanded_welch,Expanded Welch,0.082,40,0.06832,0.0678,0.062,0.0774,0.0542,0.0836,0.013760000000000003
moderate_sparse,Moderate sparsity,expanded_welch,Expanded Welch,0.083,40,0.06928999999999999,0.0685,0.06294,0.07848,0.0552,0.085,0.013810000000000003
moderate_sparse,Moderate sparsity,expanded_welch,Expanded Welch,0.084,40,0.0702,0.0694,0.06368,0.0804,0.0556,0.0862,0.013910000000000006
moderate_sparse,Moderate sparsity,expanded_welch,Expanded Welch,0.085,40,0.071155,0.07050000000000001,0.0643,0.08142,0.0564,0.0878,0.013985000000000006
moderate_sparse,Moderate sparsity,expanded_welch,Expanded Welch,0.086,40,0.072255,0.07150000000000001,0.06518,0.08214,0.0574,0.0888,0.013884999999999995
moderate_sparse,Moderate sparsity,expanded_welch,Expanded Welch,0.087,40,0.07323,0.0722,0.06616,0.08312,0.0578,0.0898,0.013909999999999995
moderate_sparse,Moderate sparsity,expanded_welch,Expanded Welch,0.088,40,0.07419,0.07289999999999999,0.06736,0.08484,0.0586,0.0906,0.013949999999999995
moderate_sparse,Moderate sparsity,expanded_welch,Expanded Welch,0.089,40,0.07509,0.074,0.068,0.08567999999999999,0.0592,0.0912,0.014019999999999996
moderate_sparse,Moderate sparsity,expanded_welch,Expanded Welch,0.09,40,0.0761,0.0747,0.06896000000000001,0.08744,0.0604,0.0924,0.014039999999999993
moderate_sparse,Moderate sparsity,expanded_welch,Expanded Welch,0.091,40,0.07705,0.0755,0.0698,0.08864,0.0618,0.094,0.014119999999999999
moderate_sparse,Moderate sparsity,expanded_welch,Expanded Welch,0.092,40,0.07805,0.076,0.07118,0.0895,0.0622,0.0946,0.014099999999999998
moderate_sparse,Moderate sparsity,expanded_welch,Expanded Welch,0.093,40,0.078925,0.0769,0.07216,0.0901,0.0628,0.0954,0.014195
moderate_sparse,Moderate sparsity,expanded_welch,Expanded Welch,0.094,40,0.080005,0.0785,0.07278,0.09172,0.063,0.097,0.014155000000000001
moderate_sparse,Moderate sparsity,expanded_welch,Expanded Welch,0.095,40,0.08094,0.0791,0.07392,0.09256,0.065,0.0974,0.014180000000000002
moderate_sparse,Moderate sparsity,expanded_welch,Expanded Welch,0.096,40,0.08175,0.0802,0.07438,0.09374,0.0656,0.098,0.014350000000000002
moderate_sparse,Moderate sparsity,expanded_welch,Expanded Welch,0.097,40,0.08259999999999999,0.08080000000000001,0.07558,0.09454,0.066,0.0986,0.014480000000000003
moderate_sparse,Moderate sparsity,expanded_welch,Expanded Welch,0.098,40,0.08345,0.0816,0.0764,0.09546,0.0674,0.0996,0.014630000000000004
moderate_sparse,Moderate sparsity,expanded_welch,Expanded Welch,0.099,40,0.08443,0.083,0.07718,0.09626,0.0686,0.1008,0.014680000000000004
moderate_sparse,Moderate sparsity,expanded_welch,Expanded Welch,0.1,40,0.08532999999999999,0.0839,0.07854,0.097,0.0688,0.1012,0.014740000000000003
ultra_sparse,Ultra-sparsity,normal_wald,Normal Wald,0.0,40,0.0,0.0,0.0,0.0,0.0,0.0,0.0
ultra_sparse,Ultra-sparsity,normal_wald,Normal Wald,0.001,40,0.002520073017804841,0.0028,0.0007800000000000001,0.0038,0.0004,0.006,0.0016400730178048415
ultra_sparse,Ultra-sparsity,normal_wald,Normal Wald,0.002,40,0.004495136033609283,0.0049,0.0016,0.00644,0.0016,0.0092,0.002625136033609283
ultra_sparse,Ultra-sparsity,normal_wald,Normal Wald,0.003,40,0.006205211053415165,0.0064,0.0024,0.0088,0.0022,0.0134,0.0034452110534151648
ultra_sparse,Ultra-sparsity,normal_wald,Normal Wald,0.004,40,0.007660267068619807,0.007701520608243298,0.0033799999999999998,0.01122,0.0024,0.0142,0.003940267068619807
ultra_sparse,Ultra-sparsity,normal_wald,Normal Wald,0.005,40,0.009265332084824328,0.0096,0.00438,0.01322,0.0024,0.0166,0.004605332084824327
ultra_sparse,Ultra-sparsity,normal_wald,Normal Wald,0.006,40,0.010495366092826409,0.01080106021204241,0.00536,0.01506,0.0028,0.0184,0.004935366092826408
ultra_sparse,Ultra-sparsity,normal_wald,Normal Wald,0.007,40,0.01199041310462973,0.0124,0.0061200000000000004,0.01648,0.0038,0.0202,0.00553041310462973
ultra_sparse,Ultra-sparsity,normal_wald,Normal Wald,0.008,40,0.01325045911743373,0.01340132026405281,0.00678,0.01844,0.0046,0.0228,0.005910459117433731
ultra_sparse,Ultra-sparsity,normal_wald,Normal Wald,0.009,40,0.014740506129637293,0.0149,0.00756,0.020440000000000003,0.005,0.025,0.0065705061296372925
ultra_sparse,Ultra-sparsity,normal_wald,Normal Wald,0.01,40,0.016150551140640294,0.0166,0.008180000000000002,0.02222,0.0056,0.0256,0.007120551140640292
ultra_sparse,Ultra-sparsity,normal_wald,Normal Wald,0.011,40,0.017410607154243973,0.017901800360072016,0.008780000000000001,0.0232,0.0058,0.0272,0.007490607154243973
ultra_sparse,Ultra-sparsity,normal_wald,Normal Wald,0.012,40,0.018645652165246974,0.018901900380076015,0.00976,0.02502,0.007,0.029,0.007795652165246974
ultra_sparse,Ultra-sparsity,normal_wald,Normal Wald,0.013,40,0.019760698178050977,0.020001980396079214,0.01038,0.02704,0.0078,0.0302,0.008080698178050977
ultra_sparse,Ultra-sparsity,normal_wald,Normal Wald,0.014,40,0.0214957671934547,0.022304460892178433,0.011,0.0292,0.0082,0.0336,0.008885767193454696
ultra_sparse,Ultra-sparsity,normal_wald,Normal Wald,0.015,40,0.023200831208258457,0.02380476095219044,0.01254,0.03106,0.009,0.0372,0.00957083120825846
ultra_sparse,Ultra-sparsity,normal_wald,Normal Wald,0.016,40,0.02443087721986174,0.025302500500100022,0.01336,0.03216,0.0096,0.0406,0.00991087721986174
ultra_sparse,Ultra-sparsity,normal_wald,Normal Wald,0.017,40,0.0256359112286643,0.02610260052010402,0.01436,0.03354,0.0122,0.0418,0.0100759112286643
ultra_sparse,Ultra-sparsity,normal_wald,Normal Wald,0.018,40,0.026870947237066463,0.027302720544108823,0.0148,0.03494,0.0128,0.043,0.010500947237066462
ultra_sparse,Ultra-sparsity,normal_wald,Normal Wald,0.019,40,0.028226003251870864,0.029402980596119226,0.015380000000000001,0.03666,0.0132,0.0442,0.010886003251870863
ultra_sparse,Ultra-sparsity,normal_wald,Normal Wald,0.02,40,0.029466047262673822,0.031203100620124026,0.01658,0.03802,0.014,0.045,0.011156047262673822
ultra_sparse,Ultra-sparsity,normal_wald,Normal Wald,0.021,40,0.030511104278478744,0.03240322064412882,0.01738,0.03904,0.0148,0.0462,0.011341104278478743
ultra_sparse,Ultra-sparsity,normal_wald,Normal Wald,0.022,40,0.031601133284680144,0.033699999999999994,0.018160000000000003,0.040639999999999996,0.0158,0.0466,0.011571133284680147
ultra_sparse,Ultra-sparsity,normal_wald,Normal Wald,0.023,40,0.033046184298084105,0.03490348069613923,0.018760000000000002,0.0426,0.0164,0.0478,0.012056184298084107
ultra_sparse,Ultra-sparsity,normal_wald,Normal Wald,0.024,40,0.03424124331348863,0.035707141428285655,0.01958,0.04426,0.017,0.0496,0.012381243313488628
ultra_sparse,Ultra-sparsity,normal_wald,Normal Wald,0.025,40,0.035466280322491064,0.03710372074414883,0.0211,0.046,0.0176,0.0512,0.01256628032249107
ultra_sparse,Ultra-sparsity,normal_wald,Normal Wald,0.026,40,0.036591331335895025,0.03870386077215443,0.021939999999999998,0.04676,0.0178,0.0518,0.01282133133589503
ultra_sparse,Ultra-sparsity,normal_wald,Normal Wald,0.027,40,0.037756374347298435,0.040104000800160036,0.0226,0.04796,0.019,0.0542,0.013116374347298431
ultra_sparse,Ultra-sparsity,normal_wald,Normal Wald,0.028,40,0.03884141235770163,0.04060402080416083,0.023,0.04884,0.02,0.0562,0.01330141235770163
ultra_sparse,Ultra-sparsity,normal_wald,Normal Wald,0.029,40,0.039931447365903754,0.041804220844168835,0.023780000000000003,0.04998,0.0202,0.0582,0.013461447365903753
ultra_sparse,Ultra-sparsity,normal_wald,Normal Wald,0.03,40,0.04115649837930772,0.04320438087617523,0.02418,0.05160000000000001,0.0206,0.0602,0.013796498379307714
ultra_sparse,Ultra-sparsity,normal_wald,Normal Wald,0.031,40,0.04241655839451204,0.045700000000000005,0.024980000000000002,0.05296,0.0218,0.0614,0.014116558394512035
ultra_sparse,Ultra-sparsity,normal_wald,Normal Wald,0.032,40,0.043391591403114556,0.0466,0.02596,0.05452,0.0228,0.0628,0.014141591403114556
ultra_sparse,Ultra-sparsity,normal_wald,Normal Wald,0.033,40,0.04451662941231704,0.0472,0.0266,0.05646,0.0242,0.0642,0.014366629412317037
ultra_sparse,Ultra-sparsity,normal_wald,Normal Wald,0.034,40,0.045506658418918676,0.047799999999999995,0.027,0.05798,0.0252,0.0648,0.014476658418918676
ultra_sparse,Ultra-sparsity,normal_wald,Normal Wald,0.035,40,0.04668669242812148,0.049100000000000005,0.02798,0.0597,0.026,0.0668,0.014636692428121476
ultra_sparse,Ultra-sparsity,normal_wald,Normal Wald,0.036,40,0.047966742440524915,0.0508,0.028560000000000002,0.06046,0.0272,0.0674,0.015016742440524922
ultra_sparse,Ultra-sparsity,normal_wald,Normal Wald,0.037,40,0.049021785451928326,0.0523,0.02972,0.061840000000000006,0.028,0.0688,0.015251785451928321
ultra_sparse,Ultra-sparsity,normal_wald,Normal Wald,0.038,40,0.05018682346193128,0.0537,0.030160000000000003,0.06308,0.029,0.0702,0.01551682346193128
ultra_sparse,Ultra-sparsity,normal_wald,Normal Wald,0.039,40,0.05144687147393464,0.0552,0.03096,0.0646,0.0292,0.0734,0.015886871473934645
ultra_sparse,Ultra-sparsity,normal_wald,Normal Wald,0.04,40,0.05243191348473777,0.0557,0.031760000000000004,0.06572,0.0294,0.0756,0.016051913484737765
ultra_sparse,Ultra-sparsity,normal_wald,Normal Wald,0.041,40,0.05348695449534084,0.0567,0.03326,0.06724,0.03,0.0766,0.016196954495340844
ultra_sparse,Ultra-sparsity,normal_wald,Normal Wald,0.042,40,0.054586991504343284,0.057499999999999996,0.03446,0.06852,0.0304,0.078,0.016346991504343284
ultra_sparse,Ultra-sparsity,normal_wald,Normal Wald,0.043,40,0.055987054520147725,0.0587,0.0351,0.06954,0.0314,0.0788,0.016737054520147728
ultra_sparse,Ultra-sparsity,normal_wald,Normal Wald,0.044,40,0.056912085527549686,0.0598,0.03548,0.07102,0.0316,0.08,0.016772085527549687
ultra_sparse,Ultra-sparsity,normal_wald,Normal Wald,0.045,40,0.05812213453895261,0.0617,0.036879999999999996,0.07238,0.0324,0.082,0.016992134538952607
ultra_sparse,Ultra-sparsity,normal_wald,Normal Wald,0.046,40,0.059152171546754326,0.062,0.037320000000000006,0.0745,0.0332,0.0846,0.01717217154675433
ultra_sparse,Ultra-sparsity,normal_wald,Normal Wald,0.047,40,0.06024721855855765,0.0635,0.03866,0.07494,0.0338,0.0856,0.01737721855855765
ultra_sparse,Ultra-sparsity,normal_wald,Normal Wald,0.048,40,0.061402272572561735,0.0648,0.039259999999999996,0.07594000000000001,0.035,0.0876,0.01759227257256173
ultra_sparse,Ultra-sparsity,normal_wald,Normal Wald,0.049,40,0.06268233158676553,0.0664,0.040580000000000005,0.0772,0.0356,0.0894,0.01794233158676553
ultra_sparse,Ultra-sparsity,normal_wald,Normal Wald,0.05,40,0.06373237159876953,0.0678,0.04096,0.0789,0.0358,0.091,0.018172371598769534
ultra_sparse,Ultra-sparsity,normal_wald,Normal Wald,0.051,40,0.06480741461017293,0.0687,0.0417,0.08042,0.0366,0.092,0.018397414610172934
ultra_sparse,Ultra-sparsity,normal_wald,Normal Wald,0.052,40,0.0659474696267785,0.0697,0.042679999999999996,0.08123999999999999,0.038,0.094,0.018467469626778497
ultra_sparse,Ultra-sparsity,normal_wald,Normal Wald,0.053,40,0.06713252864378398,0.07100000000000001,0.04318,0.08227999999999999,0.0388,0.096,0.01871252864378398
ultra_sparse,Ultra-sparsity,normal_wald,Normal Wald,0.054,40,0.06846758865738733,0.0723,0.043899999999999995,0.08311494298859771,0.0398,0.0974,0.019137588657387343
ultra_sparse,Ultra-sparsity,normal_wald,Normal Wald,0.055,40,0.06992263866939055,0.07300000000000001,0.04466,0.0843,0.0406,0.1004,0.01962263866939054
ultra_sparse,Ultra-sparsity,normal_wald,Normal Wald,0.056,40,0.07097268168159442,0.07450000000000001,0.04604,0.08552,0.0414,0.1016,0.01972268168159442
ultra_sparse,Ultra-sparsity,normal_wald,Normal Wald,0.057,40,0.07231273269219671,0.0758,0.04636,0.08709566313262652,0.0422,0.1028,0.0200927326921967
ultra_sparse,Ultra-sparsity,normal_wald,Normal Wald,0.058,40,0.0737977997088013,0.07730000000000001,0.047760000000000004,0.09004180836167233,0.0426,0.1054,0.020507799708801303
ultra_sparse,Ultra-sparsity,normal_wald,Normal Wald,0.059,40,0.07487284371920402,0.0788,0.04836,0.09092,0.043,0.1062,0.020642843719204027
ultra_sparse,Ultra-sparsity,normal_wald,Normal Wald,0.06,40,0.07620789473260799,0.0793,0.05026,0.09247999999999999,0.0432,0.1084,0.020997894732607988
ultra_sparse,Ultra-sparsity,normal_wald,Normal Wald,0.061,40,0.0773529407446115,0.0806,0.0509,0.09383999999999999,0.044,0.1104,0.02118294074461151
ultra_sparse,Ultra-sparsity,normal_wald,Normal Wald,0.062,40,0.07858299675981614,0.0817,0.05166,0.09502000000000001,0.0448,0.1126,0.02151299675981615
ultra_sparse,Ultra-sparsity,normal_wald,Normal Wald,0.063,40,0.07979804276981847,0.0828,0.053540000000000004,0.09662193638727747,0.045,0.1142,0.02172804276981847
ultra_sparse,Ultra-sparsity,normal_wald,Normal Wald,0.064,40,0.08086306877622022,0.0843,0.05448,0.09763757151430286,0.0454,0.1156,0.02188306877622023
ultra_sparse,Ultra-sparsity,normal_wald,Normal Wald,0.065,40,0.08185812279182528,0.08451672669067628,0.05544,0.09883976795359072,0.0456,0.1172,0.02188812279182527
ultra_sparse,Ultra-sparsity,normal_wald,Normal Wald,0.066,40,0.0829981668042292,0.08601708683473389,0.0559,0.10002000000000001,0.0458,0.118,0.022198166804229192
ultra_sparse,Ultra-sparsity,normal_wald,Normal Wald,0.067,40,0.08401821181683315,0.08731744697879151,0.05632,0.10084,0.0464,0.1198,0.022348211816833153
ultra_sparse,Ultra-sparsity,normal_wald,Normal Wald,0.068,40,0.08495324982683612,0.08861768707482993,0.05746,0.10220204440888178,0.0468,0.1204,0.022343249826836113
ultra_sparse,Ultra-sparsity,normal_wald,Normal Wald,0.069,40,0.08608829883903951,0.08961792717086835,0.0579,0.10343861572314463,0.0478,0.1208,0.022658298839039515
ultra_sparse,Ultra-sparsity,normal_wald,Normal Wald,0.07,40,0.0870783348486424,0.09121816726690676,0.058499999999999996,0.1044220924184837,0.0484,0.1222,0.022708334848642396
ultra_sparse,Ultra-sparsity,normal_wald,Normal Wald,0.071,40,0.08821838386124604,0.09241844737895158,0.05948,0.1056021124224845,0.0484,0.1226,0.02295838386124604
ultra_sparse,Ultra-sparsity,normal_wald,Normal Wald,0.072,40,0.08922341486904824,0.09321860744297719,0.06024,0.1064221324264853,0.049,0.1232,0.023063414869048244
ultra_sparse,Ultra-sparsity,normal_wald,Normal Wald,0.073,40,0.09016344187605027,0.09411876750700279,0.061220000000000004,0.10743933586717343,0.0502,0.1238,0.023033441876050283
ultra_sparse,Ultra-sparsity,normal_wald,Normal Wald,0.074,40,0.09114845988045148,0.095,0.06224,0.10804216843368673,0.0508,0.1248,0.02292845988045148
ultra_sparse,Ultra-sparsity,normal_wald,Normal Wald,0.075,40,0.09227349488785312,0.0963,0.06273999999999999,0.10948189637927586,0.052,0.126,0.02314349488785312
ultra_sparse,Ultra-sparsity,normal_wald,Normal Wald,0.076,40,0.09334354290065697,0.0974,0.06316000000000001,0.1108621724344869,0.053,0.1272,0.023303542900656962
ultra_sparse,Ultra-sparsity,normal_wald,Normal Wald,0.077,40,0.09456858991286052,0.0988,0.06413999999999999,0.1126022524504901,0.0532,0.1278,0.023518589912860523
ultra_sparse,Ultra-sparsity,normal_wald,Normal Wald,0.078,40,0.09555862492186312,0.09989999999999999,0.06437999999999999,0.11332266453290658,0.054,0.1284,0.023598624921863123
ultra_sparse,Ultra-sparsity,normal_wald,Normal Wald,0.079,40,0.09671866393046516,0.10139999999999999,0.06534,0.11448059611922384,0.0552,0.1292,0.023808663930465164
ultra_sparse,Ultra-sparsity,normal_wald,Normal Wald,0.08,40,0.0975786999396678,0.1028,0.06632,0.11546232046409283,0.0558,0.1314,0.023728699939667804
ultra_sparse,Ultra-sparsity,normal_wald,Normal Wald,0.081,40,0.0987537519540723,0.1041,0.06713999999999999,0.1167023524704941,0.0566,0.1328,0.024083751954072287
ultra_sparse,Ultra-sparsity,normal_wald,Normal Wald,0.082,40,0.0997087949674769,0.1049,0.0679,0.11840236847369474,0.058,0.1336,0.02402879496747689
ultra_sparse,Ultra-sparsity,normal_wald,Normal Wald,0.083,40,0.10081384198048093,0.10612120848339336,0.06868,0.11894138827765553,0.0584,0.1346,0.02422384198048093
ultra_sparse,Ultra-sparsity,normal_wald,Normal Wald,0.084,40,0.10171387198808308,0.10712136854741897,0.06958,0.12046242048409682,0.0592,0.1368,0.02421387198808309
ultra_sparse,Ultra-sparsity,normal_wald,Normal Wald,0.085,40,0.10293392300188728,0.1085,0.07053999999999999,0.1218,0.06,0.138,0.02443392300188729
ultra_sparse,Ultra-sparsity,normal_wald,Normal Wald,0.086,40,0.10413397701589137,0.1094,0.07248,0.12268246849369874,0.0612,0.1388,0.024693977015891377
ultra_sparse,Ultra-sparsity,normal_wald,Normal Wald,0.087,40,0.1051340210262941,0.1099,0.07356,0.12394228845769154,0.0624,0.141,0.024634021026294098
ultra_sparse,Ultra-sparsity,normal_wald,Normal Wald,0.088,40,0.10624405903629705,0.1114,0.0742,0.12600252050410082,0.0634,0.1416,0.024784059036297056
ultra_sparse,Ultra-sparsity,normal_wald,Normal Wald,0.089,40,0.10711409704670025,0.11249999999999999,0.07458,0.127,0.0638,0.1426,0.02475409704670026
ultra_sparse,Ultra-sparsity,normal_wald,Normal Wald,0.09,40,0.10800412805450246,0.11330000000000001,0.0757,0.12824000000000002,0.0644,0.1428,0.02476412805450246
ultra_sparse,Ultra-sparsity,normal_wald,Normal Wald,0.091,40,0.10909416606410519,0.11452308923569428,0.07598,0.12904000000000002,0.0656,0.1452,0.024944166064105176
ultra_sparse,Ultra-sparsity,normal_wald,Normal Wald,0.092,40,0.11026421007410765,0.11522320928371349,0.07769999999999999,0.13002,0.0666,0.1472,0.025144210074107658
ultra_sparse,Ultra-sparsity,normal_wald,Normal Wald,0.093,40,0.11122424908591162,0.11742360944377751,0.07869999999999999,0.13124362072414483,0.0672,0.1486,0.025214249085911623
ultra_sparse,Ultra-sparsity,normal_wald,Normal Wald,0.094,40,0.11233929809931573,0.1179,0.08002,0.1326,0.0674,0.15,0.02541929809931574
ultra_sparse,Ultra-sparsity,normal_wald,Normal Wald,0.095,40,0.11330433010731797,0.1194,0.08059999999999999,0.13322266853370676,0.069,0.1502,0.025474330107317984
ultra_sparse,Ultra-sparsity,normal_wald,Normal Wald,0.096,40,0.11431437311832113,0.1201,0.08092,0.13480269653930788,0.0698,0.1506,0.025564373118321142
ultra_sparse,Ultra-sparsity,normal_wald,Normal Wald,0.097,40,0.11547442413132487,0.1212,0.08158,0.13546272054410882,0.0706,0.152,0.025764424131324865
ultra_sparse,Ultra-sparsity,normal_wald,Normal Wald,0.098,40,0.1165294581409279,0.1231,0.0829,0.13706466493298658,0.0712,0.1532,0.0258994581409279
ultra_sparse,Ultra-sparsity,normal_wald,Normal Wald,0.099,40,0.11755450515433219,0.124,0.08444,0.13786757351470294,0.0718,0.1556,0.025944505154332182
ultra_sparse,Ultra-sparsity,normal_wald,Normal Wald,0.1,40,0.11872454816413462,0.1251,0.08494,0.13884000000000002,0.0732,0.1578,0.026174548164134625
ultra_sparse,Ultra-sparsity,simple_welch,Simple Welch,0.0,40,0.0,0.0,0.0,0.0,0.0,0.0,0.0
ultra_sparse,Ultra-sparsity,simple_welch,Simple Welch,0.001,40,0.0015950330074018006,0.0018,0.000580016006402561,0.0024,0.0002,0.003,0.0007950009993995597
ultra_sparse,Ultra-sparsity,simple_welch,Simple Welch,0.002,40,0.003275087021005642,0.0036003600720144026,0.0015800000000000002,0.00482,0.001,0.0066,0.0015250510065998794
ultra_sparse,Ultra-sparsity,simple_welch,Simple Welch,0.003,40,0.004725134032808963,0.005,0.0024,0.00682,0.002,0.0092,0.0020151340328089626
ultra_sparse,Ultra-sparsity,simple_welch,Simple Welch,0.004,40,0.006030180045212724,0.0062,0.00318,0.00844,0.0024,0.0114,0.002410180045212724
ultra_sparse,Ultra-sparsity,simple_welch,Simple Welch,0.005,40,0.007375228057216085,0.0075,0.00418,0.010820000000000001,0.0024,0.0136,0.002805228057216085
ultra_sparse,Ultra-sparsity,simple_welch,Simple Welch,0.006,40,0.008730290074421446,0.0088,0.00498,0.0128,0.0028,0.0148,0.003270290074421447
ultra_sparse,Ultra-sparsity,simple_welch,Simple Welch,0.007,40,0.009995331084624288,0.010000980196039209,0.0057599999999999995,0.0142,0.0034,0.0168,0.003655331084624288
ultra_sparse,Ultra-sparsity,simple_welch,Simple Welch,0.008,40,0.011020364092426328,0.010901080216043208,0.00638,0.01582,0.004,0.0182,0.003870364092426328
ultra_sparse,Ultra-sparsity,simple_welch,Simple Welch,0.009,40,0.01238540310222909,0.0126,0.00734,0.01786,0.005,0.02,0.00435540310222909
ultra_sparse,Ultra-sparsity,simple_welch,Simple Welch,0.01,40,0.013535444112832171,0.0133,0.0076,0.0196,0.005,0.0216,0.00474544411283217
ultra_sparse,Ultra-sparsity,simple_welch,Simple Welch,0.011,40,0.01492048312343541,0.014700000000000001,0.00858,0.02084,0.0058,0.024,0.005180483123435412
ultra_sparse,Ultra-sparsity,simple_welch,Simple Welch,0.012,40,0.016200531135839014,0.0162,0.009380000000000001,0.02206,0.0064,0.0256,0.005540531135839012
ultra_sparse,Ultra-sparsity,simple_welch,Simple Welch,0.013,40,0.017440568145241694,0.0174,0.01034,0.02382,0.0076,0.027,0.005870568145241694
ultra_sparse,Ultra-sparsity,simple_welch,Simple Welch,0.014,40,0.018530610155244334,0.0187,0.01076,0.02502,0.008,0.0278,0.006160610155244334
ultra_sparse,Ultra-sparsity,simple_welch,Simple Welch,0.015,40,0.019650654166447533,0.019401920384076815,0.01154,0.02608,0.0086,0.029,0.006290654166447536
ultra_sparse,Ultra-sparsity,simple_welch,Simple Welch,0.016,40,0.020925702178450897,0.020802020404080815,0.0128,0.02792,0.0094,0.0304,0.006625702178450895
ultra_sparse,Ultra-sparsity,simple_welch,Simple Welch,0.017,40,0.022315756190854016,0.022502200440088018,0.01376,0.02944,0.011,0.0324,0.0070357561908540155
ultra_sparse,Ultra-sparsity,simple_welch,Simple Welch,0.018,40,0.023945820206458256,0.02440242048409682,0.01456,0.03142,0.0126,0.0362,0.00770582020645826
ultra_sparse,Ultra-sparsity,simple_welch,Simple Welch,0.019,40,0.025220869217460938,0.0259,0.01516,0.0332,0.013,0.0392,0.00813086921746094
ultra_sparse,Ultra-sparsity,simple_welch,Simple Welch,0.02,40,0.02649590622646338,0.02670264052810562,0.0158,0.03464,0.0132,0.0412,0.00846590622646338
ultra_sparse,Ultra-sparsity,simple_welch,Simple Welch,0.021,40,0.02755094323586606,0.028102760552110424,0.01678,0.03586,0.0142,0.0426,0.00866094323586606
ultra_sparse,Ultra-sparsity,simple_welch,Simple Welch,0.022,40,0.02873098124586902,0.029302860572114422,0.01776,0.03692,0.0152,0.0432,0.008900981245869022
ultra_sparse,Ultra-sparsity,simple_welch,Simple Welch,0.023,40,0.029866034259673064,0.030903080616123225,0.01818,0.03832,0.0158,0.0446,0.009176034259673064
ultra_sparse,Ultra-sparsity,simple_welch,Simple Welch,0.024,40,0.030976072268875544,0.032403240648129626,0.01916,0.039700000000000006,0.017,0.0454,0.009346072268875544
ultra_sparse,Ultra-sparsity,simple_welch,Simple Welch,0.025,40,0.03210611528107942,0.03280324064812963,0.020139999999999998,0.04162,0.017,0.0462,0.009556115281079424
ultra_sparse,Ultra-sparsity,simple_welch,Simple Welch,0.026,40,0.033386156290481785,0.033803380676135225,0.021500000000000002,0.04384,0.0178,0.0476,0.009806156290481786
ultra_sparse,Ultra-sparsity,simple_welch,Simple Welch,0.027,40,0.034621201302285264,0.03530350070014003,0.02236,0.04492,0.0182,0.0484,0.010211201302285266
ultra_sparse,Ultra-sparsity,simple_welch,Simple Welch,0.028,40,0.03569124831488907,0.03610362072414483,0.0228,0.04614,0.0198,0.05,0.010421248314889067
ultra_sparse,Ultra-sparsity,simple_welch,Simple Welch,0.029,40,0.03681129832849323,0.03740748149629926,0.02318,0.04732,0.02,0.0516,0.01060129832849323
ultra_sparse,Ultra-sparsity,simple_welch,Simple Welch,0.03,40,0.03805635034089651,0.03940392078415683,0.0238,0.048220000000000006,0.0202,0.0528,0.010986350340896511
ultra_sparse,Ultra-sparsity,simple_welch,Simple Welch,0.031,40,0.03909138435049955,0.039803960792158435,0.02454,0.049620000000000004,0.021,0.054,0.011111384350499551
ultra_sparse,Ultra-sparsity,simple_welch,Simple Welch,0.032,40,0.04032641135670111,0.041104120824164835,0.02538,0.05084,0.0222,0.0562,0.011316411356701112
ultra_sparse,Ultra-sparsity,simple_welch,Simple Welch,0.033,40,0.04128645236850491,0.04180420084016803,0.026160000000000003,0.052360000000000004,0.023,0.0576,0.011436452368504912
ultra_sparse,Ultra-sparsity,simple_welch,Simple Welch,0.034,40,0.042461502380107874,0.043704400880176034,0.0266,0.05322,0.0244,0.0606,0.011711502380107873
ultra_sparse,Ultra-sparsity,simple_welch,Simple Welch,0.035,40,0.04346154639131107,0.04530464092818564,0.02718,0.05584,0.0252,0.0612,0.011861546391311074
ultra_sparse,Ultra-sparsity,simple_welch,Simple Welch,0.036,40,0.04474660240611548,0.0469,0.02834,0.05738,0.0266,0.063,0.012056602406115478
ultra_sparse,Ultra-sparsity,simple_welch,Simple Welch,0.037,40,0.04575162641131668,0.047299999999999995,0.02894,0.058820000000000004,0.0272,0.0642,0.012211626411316678
ultra_sparse,Ultra-sparsity,simple_welch,Simple Welch,0.038,40,0.04670665341791848,0.0479,0.02972,0.0597,0.0282,0.0652,0.012326653417918478
ultra_sparse,Ultra-sparsity,simple_welch,Simple Welch,0.039,40,0.04771169242852172,0.0489,0.03072,0.06128,0.029,0.0662,0.012421692428521718
ultra_sparse,Ultra-sparsity,simple_welch,Simple Welch,0.04,40,0.048951743442325925,0.0508,0.03134,0.06196000000000001,0.0294,0.067,0.01279174344232592
ultra_sparse,Ultra-sparsity,simple_welch,Simple Welch,0.041,40,0.04998177745072824,0.051699999999999996,0.032299999999999995,0.06364,0.0298,0.0684,0.012991777450728239
ultra_sparse,Ultra-sparsity,simple_welch,Simple Welch,0.042,40,0.05104180745793017,0.0535,0.03346,0.06552000000000001,0.03,0.07,0.01312180745793016
ultra_sparse,Ultra-sparsity,simple_welch,Simple Welch,0.043,40,0.05216685446973348,0.05499999999999999,0.034659999999999996,0.06648,0.0306,0.0718,0.013316854469733483
ultra_sparse,Ultra-sparsity,simple_welch,Simple Welch,0.044,40,0.0531668854787364,0.0552,0.0353,0.06734,0.0316,0.0736,0.013286885478736405
ultra_sparse,Ultra-sparsity,simple_welch,Simple Welch,0.045,40,0.05442193348993929,0.0563,0.03602,0.06912,0.0318,0.0752,0.013681933489939286
ultra_sparse,Ultra-sparsity,simple_welch,Simple Welch,0.046,40,0.05568198950354296,0.0576,0.036899999999999995,0.06982,0.0326,0.0766,0.013991989503542968
ultra_sparse,Ultra-sparsity,simple_welch,Simple Welch,0.047,40,0.056622029513946,0.058399999999999994,0.03768,0.07014000000000001,0.0332,0.078,0.014052029513946008
ultra_sparse,Ultra-sparsity,simple_welch,Simple Welch,0.048,40,0.057767073523948484,0.0598,0.03868,0.07098,0.034,0.0788,0.014337073523948488
ultra_sparse,Ultra-sparsity,simple_welch,Simple Welch,0.049,40,0.058867107532350804,0.060700000000000004,0.03964,0.07234,0.035,0.081,0.014487107532350807
ultra_sparse,Ultra-sparsity,simple_welch,Simple Welch,0.05,40,0.059942151543153764,0.0626,0.040760000000000005,0.07332,0.0356,0.0826,0.014652151543153769
ultra_sparse,Ultra-sparsity,simple_welch,Simple Welch,0.051,40,0.06102719255175565,0.0634,0.041499999999999995,0.07488,0.036,0.0848,0.01489719255175565
ultra_sparse,Ultra-sparsity,simple_welch,Simple Welch,0.052,40,0.062007233561158004,0.06420000000000001,0.04172,0.0767,0.0368,0.0866,0.014997233561158011
ultra_sparse,Ultra-sparsity,simple_welch,Simple Welch,0.053,40,0.06306727257176124,0.0654,0.0429,0.07768,0.0382,0.0884,0.015027272571761252
ultra_sparse,Ultra-sparsity,simple_welch,Simple Welch,0.054,40,0.0642923295867657,0.0669,0.04342,0.07806,0.039,0.0894,0.015312329586765695
ultra_sparse,Ultra-sparsity,simple_welch,Simple Welch,0.055,40,0.0653673786001698,0.0685,0.043899999999999995,0.07926000000000001,0.04,0.0908,0.015487378600169816
ultra_sparse,Ultra-sparsity,simple_welch,Simple Welch,0.056,40,0.06659743361717561,0.06989999999999999,0.0454,0.08056,0.0406,0.0926,0.015687433617175617
ultra_sparse,Ultra-sparsity,simple_welch,Simple Welch,0.057,40,0.06774749163278035,0.0708,0.04606,0.08232,0.0414,0.094,0.015937491632780337
ultra_sparse,Ultra-sparsity,simple_welch,Simple Welch,0.058,40,0.06910755564958529,0.0723,0.0466,0.08332,0.0422,0.0956,0.016237555649585296
ultra_sparse,Ultra-sparsity,simple_welch,Simple Welch,0.059,40,0.07060760966358938,0.0746,0.047760000000000004,0.08510000000000001,0.0426,0.0984,0.016737609663589382
ultra_sparse,Ultra-sparsity,simple_welch,Simple Welch,0.06,40,0.0717176526741923,0.07569999999999999,0.04838,0.08576,0.043,0.0996,0.0169076526741923
ultra_sparse,Ultra-sparsity,simple_welch,Simple Welch,0.061,40,0.07304270768639523,0.07719999999999999,0.05028,0.08764,0.0432,0.1016,0.017232707686395222
ultra_sparse,Ultra-sparsity,simple_welch,Simple Welch,0.062,40,0.07425775169759843,0.07869999999999999,0.0511,0.08882000000000001,0.044,0.1028,0.01751775169759842
ultra_sparse,Ultra-sparsity,simple_welch,Simple Welch,0.063,40,0.07537279870780078,0.08,0.05168,0.0906018123624725,0.0448,0.1044,0.017772798707800783
ultra_sparse,Ultra-sparsity,simple_welch,Simple Welch,0.064,40,0.07667785372240514,0.0808,0.05374,0.0918765273054611,0.0452,0.1066,0.018037853722405146
ultra_sparse,Ultra-sparsity,simple_welch,Simple Welch,0.065,40,0.07781789873420862,0.0823,0.05448,0.09304186837367473,0.0454,0.1082,0.018287898734208625
ultra_sparse,Ultra-sparsity,simple_welch,Simple Welch,0.066,40,0.07924796375201411,0.0832,0.05566,0.09382188037607521,0.0456,0.11,0.018657963752014107
ultra_sparse,Ultra-sparsity,simple_welch,Simple Welch,0.067,40,0.08036801376361707,0.08410000000000001,0.055920000000000004,0.09546192038407682,0.0458,0.1118,0.01900801376361707
ultra_sparse,Ultra-sparsity,simple_welch,Simple Welch,0.068,40,0.08136304977201922,0.0852,0.05636,0.0970394078815763,0.0464,0.1136,0.019123049772019226
ultra_sparse,Ultra-sparsity,simple_welch,Simple Welch,0.069,40,0.08251309578402274,0.0864,0.05746,0.09841968393678736,0.0472,0.115,0.01936309578402275
ultra_sparse,Ultra-sparsity,simple_welch,Simple Welch,0.07,40,0.08360813879582639,0.087,0.0579,0.09980199639927986,0.0478,0.1164,0.01960813879582639
ultra_sparse,Ultra-sparsity,simple_welch,Simple Welch,0.071,40,0.08461818280823032,0.08829999999999999,0.058320000000000004,0.10046202040408082,0.0484,0.1186,0.019718182808230317
ultra_sparse,Ultra-sparsity,simple_welch,Simple Welch,0.072,40,0.08558822581963371,0.0893,0.05966,0.10130204440888178,0.0484,0.1196,0.019778225819633715
ultra_sparse,Ultra-sparsity,simple_welch,Simple Welch,0.073,40,0.08669826382923643,0.09029999999999999,0.06078,0.10266206441288257,0.049,0.1202,0.019938263829236438
ultra_sparse,Ultra-sparsity,simple_welch,Simple Welch,0.074,40,0.08768331584324067,0.0915,0.0614,0.10406209241848369,0.0504,0.121,0.019993315843240676
ultra_sparse,Ultra-sparsity,simple_welch,Simple Welch,0.075,40,0.08889835285384408,0.09290000000000001,0.062279999999999995,0.10520210442088418,0.0508,0.1218,0.02015835285384408
ultra_sparse,Ultra-sparsity,simple_welch,Simple Welch,0.076,40,0.09001838386124604,0.094,0.06276,0.10603908381676336,0.052,0.1228,0.02032838386124604
ultra_sparse,Ultra-sparsity,simple_welch,Simple Welch,0.077,40,0.0910434138688482,0.0952,0.06316000000000001,0.10705926385277055,0.053,0.1238,0.0204334138688482
ultra_sparse,Ultra-sparsity,simple_welch,Simple Welch,0.078,40,0.09205344787685028,0.0965,0.06416,0.10809944388877776,0.0532,0.1242,0.02043344787685028
ultra_sparse,Ultra-sparsity,simple_welch,Simple Welch,0.079,40,0.09296848188565285,0.0977,0.06458,0.1092996599319864,0.054,0.125,0.02044848188565284
ultra_sparse,Ultra-sparsity,simple_welch,Simple Welch,0.08,40,0.09412852189485517,0.0988,0.06534,0.11128002000400081,0.0554,0.1268,0.02066852189485516
ultra_sparse,Ultra-sparsity,simple_welch,Simple Welch,0.081,40,0.09522855390245716,0.1007,0.06652000000000001,0.11194012802560513,0.056,0.1274,0.020828553902457157
ultra_sparse,Ultra-sparsity,simple_welch,Simple Welch,0.082,40,0.09611359291386087,0.10139999999999999,0.06713999999999999,0.11314034406881376,0.057,0.1284,0.020893592913860882
ultra_sparse,Ultra-sparsity,simple_welch,Simple Welch,0.083,40,0.09721863192366365,0.1022,0.06812,0.11422052410482098,0.058,0.1296,0.020948631923663644
ultra_sparse,Ultra-sparsity,simple_welch,Simple Welch,0.084,40,0.09818866993326636,0.1037,0.0687,0.11552077615523104,0.0584,0.1306,0.02107866993326636
ultra_sparse,Ultra-sparsity,simple_welch,Simple Welch,0.085,40,0.09927871794566998,0.1043,0.06958,0.11744113622724545,0.0592,0.1316,0.021238717945669963
ultra_sparse,Ultra-sparsity,simple_welch,Simple Welch,0.086,40,0.10039376095707338,0.1057,0.07089999999999999,0.11788120824164833,0.0602,0.1326,0.02133376095707337
ultra_sparse,Ultra-sparsity,simple_welch,Simple Welch,0.087,40,0.1014937979668763,0.1069,0.0725,0.11932146029205841,0.0616,0.1346,0.021503797966876292
ultra_sparse,Ultra-sparsity,simple_welch,Simple Welch,0.088,40,0.1026138449806808,0.1077,0.07358,0.12028164032806561,0.0624,0.136,0.021543844980680814
ultra_sparse,Ultra-sparsity,simple_welch,Simple Welch,0.089,40,0.10353888199048374,0.1082,0.07438,0.12148185637127425,0.0634,0.1368,0.02155888199048373
ultra_sparse,Ultra-sparsity,simple_welch,Simple Welch,0.09,40,0.1047439380040874,0.1095,0.07493999999999999,0.1227420724144829,0.0638,0.1376,0.021863938004087414
ultra_sparse,Ultra-sparsity,simple_welch,Simple Welch,0.091,40,0.1057739900184919,0.11042204881952782,0.0759,0.12396228845769154,0.0646,0.1394,0.021953990018491895
ultra_sparse,Ultra-sparsity,simple_welch,Simple Welch,0.092,40,0.10683402602849501,0.11172232893157263,0.0762,0.12462239647929586,0.0656,0.1406,0.022104026028495018
ultra_sparse,Ultra-sparsity,simple_welch,Simple Welch,0.093,40,0.10777906803809742,0.113,0.07773999999999999,0.12652275655131026,0.0666,0.1418,0.022119068038097413
ultra_sparse,Ultra-sparsity,simple_welch,Simple Welch,0.094,40,0.10867410404689981,0.1136,0.07869999999999999,0.1277629725945189,0.0672,0.1428,0.02211410404689982
ultra_sparse,Ultra-sparsity,simple_welch,Simple Welch,0.095,40,0.10971914005690293,0.11482288915566227,0.08002,0.12936326065213044,0.0678,0.144,0.022279140056902937
ultra_sparse,Ultra-sparsity,simple_welch,Simple Welch,0.096,40,0.11061917906790641,0.11632320928371348,0.08062,0.1302034046809362,0.069,0.1448,0.02226917906790642
ultra_sparse,Ultra-sparsity,simple_welch,Simple Welch,0.097,40,0.11175922908111033,0.1178235294117647,0.08094,0.13152365673134628,0.07,0.146,0.02243922908111034
ultra_sparse,Ultra-sparsity,simple_welch,Simple Welch,0.098,40,0.11284426208891238,0.11872364945978392,0.08178,0.1327238727745549,0.0708,0.1478,0.022594262088912374
ultra_sparse,Ultra-sparsity,simple_welch,Simple Welch,0.099,40,0.11391929109551402,0.1201,0.08326,0.1335040168033607,0.0712,0.1496,0.022749291095514018
ultra_sparse,Ultra-sparsity,simple_welch,Simple Welch,0.1,40,0.1150043491127197,0.12182428971588635,0.08446,0.13436416083216643,0.0722,0.151,0.0228543491127197
ultra_sparse,Ultra-sparsity,expanded_welch,Expanded Welch,0.0,40,0.0,0.0,0.0,0.0,0.0,0.0,0.0
ultra_sparse,Ultra-sparsity,expanded_welch,Expanded Welch,0.001,40,0.0014726547094105692,0.0016151223841990915,0.0003804248366013073,0.0022916117532831453,0.0002,0.004077471967380225,0.0007914049922226288
ultra_sparse,Ultra-sparsity,expanded_welch,Expanded Welch,0.002,40,0.0028136075420061705,0.0032540172152036957,0.0008,0.004476008561226196,0.0004,0.00672782874617737,0.0014088764207056974
ultra_sparse,Ultra-sparsity,expanded_welch,Expanded Welch,0.003,40,0.004046237347335408,0.004273716687932113,0.0015800000000000002,0.005824419439513196,0.001,0.00998980632008155,0.0017707394968440441
ultra_sparse,Ultra-sparsity,expanded_welch,Expanded Welch,0.004,40,0.00532520508064739,0.005293707734470183,0.0023799999999999997,0.008030422263036999,0.0016,0.011620795107033639,0.0021252050806473905
ultra_sparse,Ultra-sparsity,expanded_welch,Expanded Welch,0.005,40,0.006426464479747765,0.006419948863723218,0.003,0.00980727502945857,0.0022,0.012640163098878695,0.0024121350247569505
ultra_sparse,Ultra-sparsity,expanded_welch,Expanded Welch,0.006,40,0.007436771649320037,0.00756625722318592,0.00398,0.010509092232728704,0.0024,0.013863404689092763,0.002621823700759106
ultra_sparse,Ultra-sparsity,expanded_welch,Expanded Welch,0.007,40,0.008501281922052578,0.00835115808766178,0.0046,0.01245072966043574,0.0026,0.01529051987767584,0.0028355093153981585
ultra_sparse,Ultra-sparsity,expanded_welch,Expanded Welch,0.008,40,0.00946114377373291,0.009378851739980404,0.00516,0.013651762587718884,0.0032,0.017329255861365953,0.0029645465089850023
ultra_sparse,Ultra-sparsity,expanded_welch,Expanded Welch,0.009,40,0.010278599680503982,0.010092639647088324,0.00594,0.014152247093088053,0.0036,0.018144750254842,0.003007344076012276
ultra_sparse,Ultra-sparsity,expanded_welch,Expanded Welch,0.01,40,0.011267759064289444,0.01130538241981583,0.0062,0.015661926697376326,0.0044,0.019367991845056064,0.003233453692843815
ultra_sparse,Ultra-sparsity,expanded_welch,Expanded Welch,0.011,40,0.0123382579863387,0.01221678382037197,0.0067599999999999995,0.017063889445223312,0.0048,0.02018348623853211,0.003489983640768349
ultra_sparse,Ultra-sparsity,expanded_welch,Expanded Welch,0.012,40,0.013272326810955989,0.013027302576005758,0.0077599999999999995,0.018856238605945843,0.0052,0.021610601427115187,0.0036185890012800136
ultra_sparse,Ultra-sparsity,expanded_welch,Expanded Welch,0.013,40,0.014281340422871278,0.01382905999066354,0.008780000000000001,0.019879570972097457,0.0058,0.023649337410805302,0.0038239418855636775
ultra_sparse,Ultra-sparsity,expanded_welch,Expanded Welch,0.014,40,0.01537926803191103,0.015061605508731982,0.009380000000000001,0.02088256213836706,0.0064,0.0254841997961264,0.00392463402849201
ultra_sparse,Ultra-sparsity,expanded_welch,Expanded Welch,0.015,40,0.016583891633753338,0.016540026084701877,0.0096,0.022050871219707592,0.0068,0.02854230377166157,0.0043529823775045415
ultra_sparse,Ultra-sparsity,expanded_welch,Expanded Welch,0.016,40,0.017813194353551668,0.01742766112277557,0.0102,0.02394393229614041,0.0076,0.03058103975535168,0.004740841797308895
ultra_sparse,Ultra-sparsity,expanded_welch,Expanded Welch,0.017,40,0.01908761786851144,0.01872585736081645,0.01114,0.02481474063689165,0.0082,0.032823649337410804,0.005014612581809531
ultra_sparse,Ultra-sparsity,expanded_welch,Expanded Welch,0.018,40,0.02028249456623203,0.020456336610704996,0.01216,0.02685398116511704,0.0088,0.03506625891946993,0.005350008480703879
ultra_sparse,Ultra-sparsity,expanded_welch,Expanded Welch,0.019,40,0.021306572192600064,0.021371902422670952,0.01332,0.027486692585337855,0.0096,0.036085626911314984,0.005443727431476658
ultra_sparse,Ultra-sparsity,expanded_welch,Expanded Welch,0.02,40,0.022244949785963038,0.022317364794627634,0.0138,0.028303603759958988,0.0112,0.036493374108053006,0.005479669783609347
ultra_sparse,Ultra-sparsity,expanded_welch,Expanded Welch,0.021,40,0.023081895650350962,0.02312345086992765,0.01438,0.029432550433271892,0.0118,0.03710499490316004,0.005564670191392942
ultra_sparse,Ultra-sparsity,expanded_welch,Expanded Welch,0.022,40,0.02393967378711464,0.024027480021569056,0.01512,0.030786563959759837,0.0124,0.03873598369011213,0.005608740799786359
ultra_sparse,Ultra-sparsity,expanded_welch,Expanded Welch,0.023,40,0.024908782230973876,0.024964232686944716,0.016139999999999998,0.03238794119613737,0.0134,0.03873598369011213,0.005689441713148202
ultra_sparse,Ultra-sparsity,expanded_welch,Expanded Welch,0.024,40,0.02573034222599696,0.0258806707995569,0.01678,0.03354891804491059,0.0142,0.03955147808358817,0.005696254537149185
ultra_sparse,Ultra-sparsity,expanded_welch,Expanded Welch,0.025,40,0.02671462483279108,0.027178677768917983,0.0172,0.03535046743583531,0.015,0.039755351681957186,0.0058522123810663025
ultra_sparse,Ultra-sparsity,expanded_welch,Expanded Welch,0.026,40,0.02769001524705237,0.02805526777196382,0.017939999999999998,0.03685170447593805,0.0154,0.04097859327217125,0.005942681068641234
ultra_sparse,Ultra-sparsity,expanded_welch,Expanded Welch,0.027,40,0.02876679354511975,0.029687755323371964,0.01878,0.037472248978834576,0.0156,0.042609582059123345,0.006235937374485922
ultra_sparse,Ultra-sparsity,expanded_welch,Expanded Welch,0.028,40,0.02986249683798762,0.03088057647991687,0.0196,0.03849313779082549,0.0168,0.044036697247706424,0.006351631325515618
ultra_sparse,Ultra-sparsity,expanded_welch,Expanded Welch,0.029,40,0.03086177250672656,0.031396534148827725,0.020960000000000003,0.039694170718108636,0.0178,0.04525993883792049,0.006390280023899306
ultra_sparse,Ultra-sparsity,expanded_welch,Expanded Welch,0.03,40,0.031907111965888565,0.03220546403679281,0.02172,0.041695892263580545,0.0188,0.045871559633027525,0.00656022324122445
ultra_sparse,Ultra-sparsity,expanded_welch,Expanded Welch,0.031,40,0.032994391614466996,0.033741080530071355,0.0224,0.04307706930615592,0.019,0.046483180428134555,0.006754001114643704
ultra_sparse,Ultra-sparsity,expanded_welch,Expanded Welch,0.032,40,0.03380143213119685,0.03425076452599388,0.02296,0.04449830242724121,0.0198,0.047706422018348627,0.006789728282036091
ultra_sparse,Ultra-sparsity,expanded_welch,Expanded Welch,0.033,40,0.03477006012713037,0.034964322120285427,0.02374,0.04585945143056163,0.0202,0.04842319430315361,0.006902161965730011
ultra_sparse,Ultra-sparsity,expanded_welch,Expanded Welch,0.034,40,0.03570887534876603,0.035925771701689646,0.02412,0.04625507528872238,0.0214,0.04994903160040775,0.0070073531078824955
ultra_sparse,Ultra-sparsity,expanded_welch,Expanded Welch,0.035,40,0.03677900961262898,0.036841088938128014,0.025160000000000002,0.046580244367735335,0.0216,0.0509683995922528,0.0070253660622884686
ultra_sparse,Ultra-sparsity,expanded_welch,Expanded Welch,0.036,40,0.03786393003732967,0.03796817308905803,0.025939999999999998,0.0484617976776775,0.022,0.052899287894201424,0.007330347673171136
ultra_sparse,Ultra-sparsity,expanded_welch,Expanded Welch,0.037,40,0.0388081415527846,0.039087737141902695,0.02656,0.04950271452892337,0.0232,0.05504587155963303,0.007530509911173991
ultra_sparse,Ultra-sparsity,expanded_welch,Expanded Welch,0.038,40,0.04004256167925622,0.0408189219898544,0.0272,0.05046351922314941,0.0244,0.055861365953109074,0.007644039632790737
ultra_sparse,Ultra-sparsity,expanded_welch,Expanded Welch,0.039,40,0.04097139615705985,0.04156086988282248,0.027960000000000002,0.051824668226469826,0.026,0.05688073394495413,0.007578091777005622
ultra_sparse,Ultra-sparsity,expanded_welch,Expanded Welch,0.04,40,0.04180397683275782,0.04186638974389624,0.02818,0.05340601742359239,0.0268,0.05790010193679918,0.007636888271105008
ultra_sparse,Ultra-sparsity,expanded_welch,Expanded Welch,0.041,40,0.04265008635295661,0.042884450321582376,0.02914,0.054126080878468145,0.0278,0.05891946992864424,0.007688004000889909
ultra_sparse,Ultra-sparsity,expanded_welch,Expanded Welch,0.042,40,0.04356349618949568,0.04380100990480365,0.02972,0.05622845562650802,0.0284,0.059531090723751276,0.007817072869799178
ultra_sparse,Ultra-sparsity,expanded_welch,Expanded Welch,0.043,40,0.04447703952932709,0.04444444444444444,0.03072,0.0573094285562638,0.029,0.06062424969987995,0.007950807832638858
ultra_sparse,Ultra-sparsity,expanded_welch,Expanded Welch,0.044,40,0.045294823580074514,0.04485219164118247,0.03168,0.05810437566737012,0.0292,0.062224889955982396,0.008038722565954936
ultra_sparse,Ultra-sparsity,expanded_welch,Expanded Welch,0.045,40,0.046437292022361736,0.04617737003058104,0.03244,0.05914751740354644,0.0296,0.06302521008403361,0.008054604162189472
ultra_sparse,Ultra-sparsity,expanded_welch,Expanded Welch,0.046,40,0.04732931169215977,0.046788990825688076,0.03384,0.0603504573750557,0.0302,0.06408972561586221,0.008196780625083722
ultra_sparse,Ultra-sparsity,expanded_welch,Expanded Welch,0.047,40,0.04825906869689032,0.04862385321100918,0.03428,0.06165215794201995,0.0308,0.0654916883637092,0.008349815677537063
ultra_sparse,Ultra-sparsity,expanded_welch,Expanded Welch,0.048,40,0.04917866100879259,0.04974515800203874,0.03508,0.06249480968294473,0.0312,0.0670744138634047,0.008432327497274062
ultra_sparse,Ultra-sparsity,expanded_welch,Expanded Welch,0.049,40,0.05029971234070735,0.0509683995922528,0.0355,0.06405803788503846,0.0324,0.06850152905198777,0.008605387910550835
ultra_sparse,Ultra-sparsity,expanded_welch,Expanded Welch,0.05,40,0.05153356343064454,0.052497451580020386,0.03662,0.06492924631822304,0.0328,0.07013251783893985,0.00865741326114556
ultra_sparse,Ultra-sparsity,expanded_welch,Expanded Welch,0.051,40,0.0526255699487283,0.05331294597349644,0.03744,0.06705088760884657,0.0334,0.07176350662589194,0.00887285390469712
ultra_sparse,Ultra-sparsity,expanded_welch,Expanded Welch,0.052,40,0.053686816419498504,0.05433231396534149,0.038259999999999995,0.06843194443509991,0.0348,0.07380224260958206,0.00899773478910226
ultra_sparse,Ultra-sparsity,expanded_welch,Expanded Welch,0.053,40,0.054580887648665255,0.054638124362895,0.03904,0.06887226467848949,0.035,0.07482161060142711,0.009035514819278105
ultra_sparse,Ultra-sparsity,expanded_welch,Expanded Welch,0.054,40,0.05553569486041614,0.055488136708504915,0.03982,0.0698330092645545,0.0354,0.0762487257900102,0.009226586952286637
ultra_sparse,Ultra-sparsity,expanded_welch,Expanded Welch,0.055,40,0.05670451727155941,0.05759429153924567,0.04114,0.07121406609080783,0.0366,0.07869520897043833,0.009382053559647503
ultra_sparse,Ultra-sparsity,expanded_welch,Expanded Welch,0.056,40,0.05766637204684647,0.05881753312945974,0.0421,0.07201467456478187,0.0374,0.07951070336391437,0.009529023679467967
ultra_sparse,Ultra-sparsity,expanded_welch,Expanded Welch,0.057,40,0.05861589387114644,0.05973496432212029,0.04234,0.07267515492986627,0.0382,0.08032619775739042,0.009573019270444549
ultra_sparse,Ultra-sparsity,expanded_welch,Expanded Welch,0.058,40,0.0594594448192995,0.060472981756412025,0.042940000000000006,0.07385605963762608,0.0388,0.08216106014271152,0.009713557336968267
ultra_sparse,Ultra-sparsity,expanded_welch,Expanded Welch,0.059,40,0.06032188399538792,0.06057500175233123,0.04368,0.07465666811160013,0.0392,0.0837920489296636,0.009734748361716842
ultra_sparse,Ultra-sparsity,expanded_welch,Expanded Welch,0.06,40,0.061346206738237166,0.061467889908256884,0.04494,0.07583757281935993,0.04,0.08481141692150866,0.00964377339802123
ultra_sparse,Ultra-sparsity,expanded_welch,Expanded Welch,0.061,40,0.06217925850693947,0.06228338430173293,0.0455,0.07681832540862622,0.041,0.08583078491335372,0.00973356245781177
ultra_sparse,Ultra-sparsity,expanded_welch,Expanded Welch,0.062,40,0.06315293718780528,0.06279306829765546,0.0462,0.07763894188580156,0.0416,0.08786952089704383,0.009971421415589064
ultra_sparse,Ultra-sparsity,expanded_welch,Expanded Welch,0.063,40,0.06426422656976337,0.06371049949031601,0.047760000000000004,0.07870782105355825,0.0422,0.08850457782299084,0.01016516129967685
ultra_sparse,Ultra-sparsity,expanded_welch,Expanded Welch,0.064,40,0.06539179520489911,0.06513761467889909,0.048760000000000005,0.080209058093661,0.0428,0.09072375127421,0.01022137907247215
ultra_sparse,Ultra-sparsity,expanded_welch,Expanded Welch,0.065,40,0.06646814237351661,0.06595310907237513,0.04918,0.08139006298168917,0.043,0.09276248725790011,0.010416053718543972
ultra_sparse,Ultra-sparsity,expanded_welch,Expanded Welch,0.066,40,0.06754871573075603,0.06656472986748216,0.049980000000000004,0.08281129610277448,0.0436,0.09520897043832824,0.010690586325524935
ultra_sparse,Ultra-sparsity,expanded_welch,Expanded Welch,0.067,40,0.06881286130651304,0.0684409162950936,0.0518,0.08383218491476538,0.0444,0.09643221202854231,0.010794313674701588
ultra_sparse,Ultra-sparsity,expanded_welch,Expanded Welch,0.068,40,0.0699299469542621,0.07074413863404688,0.05332,0.08551356607016035,0.0446,0.09847094801223241,0.010933724488999305
ultra_sparse,Ultra-sparsity,expanded_welch,Expanded Welch,0.069,40,0.07108806253623695,0.07298674821610601,0.05382,0.08639436684536894,0.0454,0.10030581039755351,0.011002484164447823
ultra_sparse,Ultra-sparsity,expanded_welch,Expanded Welch,0.07,40,0.0721345313048958,0.07420998980632008,0.0542,0.08705496742677539,0.0456,0.1017329255861366,0.01119146793349744
ultra_sparse,Ultra-sparsity,expanded_welch,Expanded Welch,0.071,40,0.07316001753514785,0.07522935779816514,0.05532,0.0880758562387663,0.0464,0.10254841997961264,0.011269490229305854
ultra_sparse,Ultra-sparsity,expanded_welch,Expanded Welch,0.072,40,0.07454868810907289,0.07747655912793527,0.0558,0.08901663289373737,0.0466,0.10458715596330276,0.011320795434519419
ultra_sparse,Ultra-sparsity,expanded_welch,Expanded Welch,0.073,40,0.07560044225233456,0.07797889632752018,0.05666,0.08997743758796342,0.047,0.10519877675840979,0.011344126147670035
ultra_sparse,Ultra-sparsity,expanded_welch,Expanded Welch,0.074,40,0.07653944297438711,0.07868327042638969,0.05726,0.09107833031897179,0.048,0.10601427115188583,0.011498944118627168
ultra_sparse,Ultra-sparsity,expanded_welch,Expanded Welch,0.075,40,0.07754495855481276,0.08039966572076665,0.0577,0.09207919109170773,0.0482,0.1072375127420999,0.011638843680562385
ultra_sparse,Ultra-sparsity,expanded_welch,Expanded Welch,0.076,40,0.07859115404706686,0.08130791341800517,0.058859999999999996,0.09236374879996126,0.0486,0.10846075433231396,0.011626221399558486
ultra_sparse,Ultra-sparsity,expanded_welch,Expanded Welch,0.077,40,0.07957044572728807,0.08140985021718966,0.060360000000000004,0.09368056832808526,0.0492,0.10886850152905199,0.011700126791879085
ultra_sparse,Ultra-sparsity,expanded_welch,Expanded Welch,0.078,40,0.08064573564440194,0.08231626121534379,0.061560000000000004,0.09500726958494495,0.0496,0.10968399592252803,0.011889867285124294
ultra_sparse,Ultra-sparsity,expanded_welch,Expanded Welch,0.079,40,0.08150323636345633,0.08332644571176681,0.06196,0.09621157077844895,0.0506,0.1109072375127421,0.012003805772154713
ultra_sparse,Ultra-sparsity,expanded_welch,Expanded Welch,0.08,40,0.08251784514973838,0.08463876720757454,0.06258,0.09725276416567777,0.0518,0.11172273190621815,0.012062394066249626
ultra_sparse,Ultra-sparsity,expanded_welch,Expanded Welch,0.081,40,0.0834670239758261,0.08554701490481306,0.06302,0.0980136612293439,0.0524,0.11192660550458716,0.011933382423702774
ultra_sparse,Ultra-sparsity,expanded_welch,Expanded Welch,0.082,40,0.08457450219549141,0.08706320999898981,0.06348000000000001,0.09952361568870635,0.0526,0.11332655137334689,0.012022020486188379
ultra_sparse,Ultra-sparsity,expanded_welch,Expanded Welch,0.083,40,0.08542099677456114,0.08786952089704383,0.06409999999999999,0.10061478383588104,0.053,0.11414038657171922,0.012266429784797386
ultra_sparse,Ultra-sparsity,expanded_welch,Expanded Welch,0.084,40,0.08667414647228246,0.08929663608562691,0.06528,0.1014776578972429,0.0542,0.11539245667686035,0.012309511977461697
ultra_sparse,Ultra-sparsity,expanded_welch,Expanded Welch,0.085,40,0.08768474034189952,0.09085306984878326,0.06586,0.10269906754398313,0.055,0.11641182466870541,0.01234269366107692
ultra_sparse,Ultra-sparsity,expanded_welch,Expanded Welch,0.086,40,0.08872487867632614,0.09156161673001845,0.06688000000000001,0.10368021289278119,0.0562,0.11743119266055047,0.012356201233790373
ultra_sparse,Ultra-sparsity,expanded_welch,Expanded Welch,0.087,40,0.08970961661788544,0.09221239588212066,0.0677,0.10426082155271675,0.057,0.11865443425076452,0.012349825854749892
ultra_sparse,Ultra-sparsity,expanded_welch,Expanded Welch,0.088,40,0.09055574134182805,0.09296890276682071,0.06853999999999999,0.10510178266762389,0.0576,0.11926605504587157,0.012436994189457784
ultra_sparse,Ultra-sparsity,expanded_welch,Expanded Welch,0.089,40,0.09127268845648764,0.09377558820302237,0.06898,0.10554227923788771,0.0586,0.12008154943934761,0.012429077286402116
ultra_sparse,Ultra-sparsity,expanded_welch,Expanded Welch,0.09,40,0.09217625127400977,0.09448413508425756,0.07016,0.10634313618295518,0.0594,0.12150866462793068,0.012457961429654933
ultra_sparse,Ultra-sparsity,expanded_welch,Expanded Welch,0.091,40,0.09305842619436025,0.09567389712560698,0.07246,0.10722412932348283,0.0606,0.12232415902140673,0.01245607423711451
ultra_sparse,Ultra-sparsity,expanded_welch,Expanded Welch,0.092,40,0.09410837003956452,0.09648989090327989,0.07366,0.10826072519516418,0.0612,0.12334352701325178,0.01248816231456985
ultra_sparse,Ultra-sparsity,expanded_welch,Expanded Welch,0.093,40,0.09494564149040634,0.09750975827932182,0.07406,0.1099827115467733,0.0622,0.12477064220183487,0.012653244213307404
ultra_sparse,Ultra-sparsity,expanded_welch,Expanded Welch,0.094,40,0.09604625085722628,0.09893837162049547,0.07492,0.11120406512625075,0.0634,0.1255861365953109,0.012695846497390926
ultra_sparse,Ultra-sparsity,expanded_welch,Expanded Welch,0.095,40,0.09713264664878521,0.10026454877828778,0.07536,0.1125903686505472,0.0652,0.127013251783894,0.012572147782850188
ultra_sparse,Ultra-sparsity,expanded_welch,Expanded Welch,0.096,40,0.09803145708439269,0.10125949587064101,0.07578,0.11359153001215551,0.0652,0.12803261977573904,0.01262455289728144
ultra_sparse,Ultra-sparsity,expanded_welch,Expanded Welch,0.097,40,0.09896097548063887,0.101767842551676,0.07618,0.11497313990559689,0.0662,0.12844036697247707,0.012656558049424557
ultra_sparse,Ultra-sparsity,expanded_welch,Expanded Welch,0.098,40,0.10021100876593128,0.10378711706217297,0.0773,0.11580922316864271,0.0672,0.13027522935779817,0.012684561349956509
ultra_sparse,Ultra-sparsity,expanded_welch,Expanded Welch,0.099,40,0.10133301522155466,0.10590932465297173,0.07798,0.11741101727034428,0.0676,0.1306829765545362,0.01277207445811702
ultra_sparse,Ultra-sparsity,expanded_welch,Expanded Welch,0.1,40,0.10223075775946304,0.10667832132327601,0.07898,0.11809172207128747,0.0688,0.13129459734964322,0.012807681967617885
ultra_imbalanced,Ultra-sparsity with imbalance,normal_wald,Normal Wald,0.0,40,0.0,0.0,0.0,0.0,0.0,0.0,0.0
ultra_imbalanced,Ultra-sparsity with imbalance,normal_wald,Normal Wald,0.001,40,0.05214,0.0489,0.0268,0.07624000000000006,0.0248,0.116,0.05114
ultra_imbalanced,Ultra-sparsity with imbalance,normal_wald,Normal Wald,0.002,40,0.061529999999999994,0.056499999999999995,0.03578,0.08644000000000006,0.0306,0.1252,0.05952999999999999
ultra_imbalanced,Ultra-sparsity with imbalance,normal_wald,Normal Wald,0.003,40,0.068195,0.0626,0.04158,0.09484000000000005,0.0344,0.1308,0.065195
ultra_imbalanced,Ultra-sparsity with imbalance,normal_wald,Normal Wald,0.004,40,0.07341,0.06789999999999999,0.04618,0.10456000000000003,0.039,0.1322,0.06941
ultra_imbalanced,Ultra-sparsity with imbalance,normal_wald,Normal Wald,0.005,40,0.07796,0.0717,0.049980000000000004,0.11410000000000002,0.0426,0.1338,0.07296
ultra_imbalanced,Ultra-sparsity with imbalance,normal_wald,Normal Wald,0.006,40,0.08193,0.0761,0.05298,0.12298,0.0438,0.1346,0.07593
ultra_imbalanced,Ultra-sparsity with imbalance,normal_wald,Normal Wald,0.007,40,0.08549999999999999,0.07869999999999999,0.05628,0.12924000000000002,0.0472,0.1372,0.07849999999999999
ultra_imbalanced,Ultra-sparsity with imbalance,normal_wald,Normal Wald,0.008,40,0.089195,0.0827,0.05956,0.1305,0.05,0.1388,0.08119499999999999
ultra_imbalanced,Ultra-sparsity with imbalance,normal_wald,Normal Wald,0.009,40,0.09231500000000001,0.0854,0.061340000000000006,0.13412000000000002,0.0524,0.146,0.083315
ultra_imbalanced,Ultra-sparsity with imbalance,normal_wald,Normal Wald,0.01,40,0.09536,0.0872,0.06378,0.13596,0.0536,0.1548,0.08536
ultra_imbalanced,Ultra-sparsity with imbalance,normal_wald,Normal Wald,0.011,40,0.09807,0.0896,0.0661,0.13796,0.0546,0.1604,0.08707000000000001
ultra_imbalanced,Ultra-sparsity with imbalance,normal_wald,Normal Wald,0.012,40,0.10061,0.0926,0.06795999999999999,0.14184000000000002,0.0578,0.1636,0.08861
ultra_imbalanced,Ultra-sparsity with imbalance,normal_wald,Normal Wald,0.013,40,0.103065,0.09540000000000001,0.0697,0.14296,0.0592,0.1666,0.090065
ultra_imbalanced,Ultra-sparsity with imbalance,normal_wald,Normal Wald,0.014,40,0.105505,0.0977,0.0708,0.14526,0.062,0.1714,0.091505
ultra_imbalanced,Ultra-sparsity with imbalance,normal_wald,Normal Wald,0.015,40,0.10790999999999999,0.0995,0.07318,0.1486,0.0628,0.1762,0.09291
ultra_imbalanced,Ultra-sparsity with imbalance,normal_wald,Normal Wald,0.016,40,0.110375,0.1023,0.07448,0.15214000000000003,0.0648,0.181,0.094375
ultra_imbalanced,Ultra-sparsity with imbalance,normal_wald,Normal Wald,0.017,40,0.11256999999999999,0.1047,0.07548,0.15448000000000003,0.0664,0.1854,0.09557
ultra_imbalanced,Ultra-sparsity with imbalance,normal_wald,Normal Wald,0.018,40,0.11467000000000001,0.10600000000000001,0.07632,0.1584,0.068,0.1898,0.09667
ultra_imbalanced,Ultra-sparsity with imbalance,normal_wald,Normal Wald,0.019,40,0.116835,0.1078,0.07754,0.16172,0.0696,0.1932,0.097835
ultra_imbalanced,Ultra-sparsity with imbalance,normal_wald,Normal Wald,0.02,40,0.118895,0.1099,0.07854,0.16464,0.0718,0.1974,0.098895
ultra_imbalanced,Ultra-sparsity with imbalance,normal_wald,Normal Wald,0.021,40,0.12097500000000001,0.1122,0.07936,0.16834000000000002,0.0732,0.2016,0.09997500000000001
ultra_imbalanced,Ultra-sparsity with imbalance,normal_wald,Normal Wald,0.022,40,0.12295,0.1137,0.08096,0.17094,0.0754,0.205,0.10095000000000001
ultra_imbalanced,Ultra-sparsity with imbalance,normal_wald,Normal Wald,0.023,40,0.12484999999999999,0.1158,0.0829,0.17462000000000003,0.0766,0.2102,0.10185
ultra_imbalanced,Ultra-sparsity with imbalance,normal_wald,Normal Wald,0.024,40,0.12681,0.1175,0.08412,0.17734000000000003,0.0776,0.2128,0.10281
ultra_imbalanced,Ultra-sparsity with imbalance,normal_wald,Normal Wald,0.025,40,0.128745,0.11879999999999999,0.08512,0.18098,0.0796,0.2166,0.103745
ultra_imbalanced,Ultra-sparsity with imbalance,normal_wald,Normal Wald,0.026,40,0.130375,0.12079999999999999,0.08578,0.18270000000000003,0.08,0.2192,0.104375
ultra_imbalanced,Ultra-sparsity with imbalance,normal_wald,Normal Wald,0.027,40,0.13211,0.12179999999999999,0.08678,0.18526,0.081,0.2228,0.10511000000000001
ultra_imbalanced,Ultra-sparsity with imbalance,normal_wald,Normal Wald,0.028,40,0.13386499999999998,0.1238,0.08812,0.18986,0.0812,0.2264,0.10586500000000001
ultra_imbalanced,Ultra-sparsity with imbalance,normal_wald,Normal Wald,0.029,40,0.135765,0.1259,0.08992,0.19318,0.0824,0.2294,0.106765
ultra_imbalanced,Ultra-sparsity with imbalance,normal_wald,Normal Wald,0.03,40,0.13766,0.1279,0.0919,0.19628,0.0838,0.2318,0.10766
ultra_imbalanced,Ultra-sparsity with imbalance,normal_wald,Normal Wald,0.031,40,0.13939,0.12969999999999998,0.09338,0.19986,0.0854,0.2352,0.10839000000000001
ultra_imbalanced,Ultra-sparsity with imbalance,normal_wald,Normal Wald,0.032,40,0.141265,0.1313,0.09424,0.20206000000000002,0.0876,0.238,0.10926499999999999
ultra_imbalanced,Ultra-sparsity with imbalance,normal_wald,Normal Wald,0.033,40,0.142995,0.133,0.0951,0.20570000000000002,0.089,0.242,0.109995
ultra_imbalanced,Ultra-sparsity with imbalance,normal_wald,Normal Wald,0.034,40,0.1447,0.1341,0.09605999999999999,0.20728000000000002,0.0908,0.2464,0.11069999999999999
ultra_imbalanced,Ultra-sparsity with imbalance,normal_wald,Normal Wald,0.035,40,0.146285,0.1357,0.0978,0.21068000000000003,0.0918,0.25,0.111285
ultra_imbalanced,Ultra-sparsity with imbalance,normal_wald,Normal Wald,0.036,40,0.14794000000000002,0.1379,0.09918,0.21316000000000002,0.0924,0.2528,0.11194
ultra_imbalanced,Ultra-sparsity with imbalance,normal_wald,Normal Wald,0.037,40,0.14934,0.1394,0.0993,0.21592000000000003,0.0936,0.2564,0.11234
ultra_imbalanced,Ultra-sparsity with imbalance,normal_wald,Normal Wald,0.038,40,0.150895,0.1406,0.1003,0.21922000000000003,0.0944,0.259,0.112895
ultra_imbalanced,Ultra-sparsity with imbalance,normal_wald,Normal Wald,0.039,40,0.152495,0.14200000000000002,0.10128000000000001,0.2204,0.0962,0.262,0.11349499999999998
ultra_imbalanced,Ultra-sparsity with imbalance,normal_wald,Normal Wald,0.04,40,0.15394000000000002,0.1427,0.10193999999999999,0.22224000000000002,0.0978,0.2644,0.11394
ultra_imbalanced,Ultra-sparsity with imbalance,normal_wald,Normal Wald,0.041,40,0.155345,0.14429999999999998,0.10328000000000001,0.22492000000000004,0.0988,0.267,0.11434499999999999
ultra_imbalanced,Ultra-sparsity with imbalance,normal_wald,Normal Wald,0.042,40,0.156915,0.1459,0.10414,0.22718000000000002,0.0996,0.2704,0.11491499999999999
ultra_imbalanced,Ultra-sparsity with imbalance,normal_wald,Normal Wald,0.043,40,0.15833999999999998,0.1469,0.10478,0.23064000000000004,0.1002,0.2726,0.11534
ultra_imbalanced,Ultra-sparsity with imbalance,normal_wald,Normal Wald,0.044,40,0.15989,0.14850000000000002,0.10614,0.23392000000000002,0.1014,0.276,0.11589
ultra_imbalanced,Ultra-sparsity with imbalance,normal_wald,Normal Wald,0.045,40,0.161545,0.14989999999999998,0.1077,0.23556000000000005,0.1022,0.278,0.11654500000000001
ultra_imbalanced,Ultra-sparsity with imbalance,normal_wald,Normal Wald,0.046,40,0.16287000000000001,0.1515,0.10818,0.23798000000000002,0.1032,0.2804,0.11687
ultra_imbalanced,Ultra-sparsity with imbalance,normal_wald,Normal Wald,0.047,40,0.164275,0.1526,0.109,0.24086000000000002,0.1038,0.2826,0.11727499999999999
ultra_imbalanced,Ultra-sparsity with imbalance,normal_wald,Normal Wald,0.048,40,0.16569499999999998,0.154,0.11018,0.24350000000000002,0.105,0.2858,0.117695
ultra_imbalanced,Ultra-sparsity with imbalance,normal_wald,Normal Wald,0.049,40,0.167235,0.1548,0.11178,0.24600000000000002,0.1056,0.2896,0.118235
ultra_imbalanced,Ultra-sparsity with imbalance,normal_wald,Normal Wald,0.05,40,0.16851,0.1558,0.11258,0.24822000000000002,0.1064,0.2938,0.11851
ultra_imbalanced,Ultra-sparsity with imbalance,normal_wald,Normal Wald,0.051,40,0.16995,0.157,0.11376,0.2508,0.1078,0.2966,0.11895
ultra_imbalanced,Ultra-sparsity with imbalance,normal_wald,Normal Wald,0.052,40,0.171355,0.1587,0.11452,0.2539,0.1086,0.298,0.11935500000000002
ultra_imbalanced,Ultra-sparsity with imbalance,normal_wald,Normal Wald,0.053,40,0.17274499999999998,0.16010000000000002,0.1157,0.25596,0.1098,0.299,0.11974500000000002
ultra_imbalanced,Ultra-sparsity with imbalance,normal_wald,Normal Wald,0.054,40,0.17403,0.1616,0.11672,0.25758000000000003,0.1114,0.3008,0.12003000000000001
ultra_imbalanced,Ultra-sparsity with imbalance,normal_wald,Normal Wald,0.055,40,0.17539,0.1632,0.11696000000000001,0.25908000000000003,0.112,0.304,0.12039
ultra_imbalanced,Ultra-sparsity with imbalance,normal_wald,Normal Wald,0.056,40,0.176715,0.1646,0.11796,0.26100000000000007,0.1126,0.3062,0.12071499999999999
ultra_imbalanced,Ultra-sparsity with imbalance,normal_wald,Normal Wald,0.057,40,0.17818,0.1658,0.11878,0.2634,0.1138,0.309,0.12118
ultra_imbalanced,Ultra-sparsity with imbalance,normal_wald,Normal Wald,0.058,40,0.179555,0.1673,0.12032,0.26546000000000003,0.1146,0.3114,0.12155500000000001
ultra_imbalanced,Ultra-sparsity with imbalance,normal_wald,Normal Wald,0.059,40,0.18084,0.16870000000000002,0.12164000000000001,0.26804000000000006,0.1148,0.3136,0.12183999999999999
ultra_imbalanced,Ultra-sparsity with imbalance,normal_wald,Normal Wald,0.06,40,0.18221,0.1699,0.12304000000000001,0.26968000000000003,0.1152,0.3168,0.12221
ultra_imbalanced,Ultra-sparsity with imbalance,normal_wald,Normal Wald,0.061,40,0.18362499999999998,0.1713,0.12451999999999999,0.27216000000000007,0.1162,0.319,0.12262500000000001
ultra_imbalanced,Ultra-sparsity with imbalance,normal_wald,Normal Wald,0.062,40,0.184815,0.1724,0.12532,0.27376000000000006,0.1168,0.3218,0.12281500000000001
ultra_imbalanced,Ultra-sparsity with imbalance,normal_wald,Normal Wald,0.063,40,0.186085,0.1734,0.12616000000000002,0.27516000000000007,0.1178,0.324,0.123085
ultra_imbalanced,Ultra-sparsity with imbalance,normal_wald,Normal Wald,0.064,40,0.18736,0.1749,0.12678,0.27640000000000003,0.1186,0.3252,0.12336
ultra_imbalanced,Ultra-sparsity with imbalance,normal_wald,Normal Wald,0.065,40,0.188605,0.1754,0.12758,0.27872,0.1192,0.3272,0.123605
ultra_imbalanced,Ultra-sparsity with imbalance,normal_wald,Normal Wald,0.066,40,0.18983,0.1763,0.12784,0.27996000000000004,0.12,0.3296,0.12383
ultra_imbalanced,Ultra-sparsity with imbalance,normal_wald,Normal Wald,0.067,40,0.19102,0.1773,0.12844,0.28264000000000006,0.1208,0.3306,0.12401999999999999
ultra_imbalanced,Ultra-sparsity with imbalance,normal_wald,Normal Wald,0.068,40,0.19238,0.1778,0.12919999999999998,0.28450000000000003,0.1224,0.332,0.12438
ultra_imbalanced,Ultra-sparsity with imbalance,normal_wald,Normal Wald,0.069,40,0.19387000000000001,0.17880000000000001,0.1297,0.28658,0.1232,0.335,0.12487
ultra_imbalanced,Ultra-sparsity with imbalance,normal_wald,Normal Wald,0.07,40,0.195285,0.1792,0.13088,0.28930000000000006,0.1242,0.3372,0.125285
ultra_imbalanced,Ultra-sparsity with imbalance,normal_wald,Normal Wald,0.071,40,0.19637,0.17980000000000002,0.1318,0.29038,0.1248,0.3384,0.12537
ultra_imbalanced,Ultra-sparsity with imbalance,normal_wald,Normal Wald,0.072,40,0.197655,0.1806,0.13282000000000002,0.29244000000000003,0.1256,0.3398,0.12565500000000002
ultra_imbalanced,Ultra-sparsity with imbalance,normal_wald,Normal Wald,0.073,40,0.19889,0.1812,0.13372,0.29330000000000006,0.1266,0.342,0.12589
ultra_imbalanced,Ultra-sparsity with imbalance,normal_wald,Normal Wald,0.074,40,0.20008499999999999,0.1825,0.13499999999999998,0.29512000000000005,0.1272,0.3432,0.126085
ultra_imbalanced,Ultra-sparsity with imbalance,normal_wald,Normal Wald,0.075,40,0.20149499999999998,0.1835,0.13602,0.29768000000000006,0.1278,0.3454,0.126495
ultra_imbalanced,Ultra-sparsity with imbalance,normal_wald,Normal Wald,0.076,40,0.20266,0.1845,0.13686,0.29924000000000006,0.1288,0.3466,0.12666
ultra_imbalanced,Ultra-sparsity with imbalance,normal_wald,Normal Wald,0.077,40,0.204015,0.1863,0.1386,0.30094000000000004,0.1298,0.348,0.127015
ultra_imbalanced,Ultra-sparsity with imbalance,normal_wald,Normal Wald,0.078,40,0.20534500000000003,0.18780000000000002,0.13982,0.30264,0.1308,0.35,0.12734499999999999
ultra_imbalanced,Ultra-sparsity with imbalance,normal_wald,Normal Wald,0.079,40,0.20656,0.1887,0.14022,0.30442,0.1318,0.352,0.12755999999999998
ultra_imbalanced,Ultra-sparsity with imbalance,normal_wald,Normal Wald,0.08,40,0.20776,0.1893,0.14087999999999998,0.30630000000000007,0.1328,0.3548,0.12775999999999998
ultra_imbalanced,Ultra-sparsity with imbalance,normal_wald,Normal Wald,0.081,40,0.20883,0.19019999999999998,0.14162000000000002,0.30738000000000004,0.1336,0.3566,0.12783
ultra_imbalanced,Ultra-sparsity with imbalance,normal_wald,Normal Wald,0.082,40,0.21004,0.1911,0.14282,0.30916000000000005,0.1342,0.3592,0.12804
ultra_imbalanced,Ultra-sparsity with imbalance,normal_wald,Normal Wald,0.083,40,0.21124,0.1923,0.14432,0.31090000000000007,0.1356,0.361,0.12824
ultra_imbalanced,Ultra-sparsity with imbalance,normal_wald,Normal Wald,0.084,40,0.21233,0.1933,0.145,0.31198000000000004,0.1366,0.3632,0.12833
ultra_imbalanced,Ultra-sparsity with imbalance,normal_wald,Normal Wald,0.085,40,0.21341000000000002,0.19419999999999998,0.14578,0.31282,0.1368,0.3644,0.12840999999999997
ultra_imbalanced,Ultra-sparsity with imbalance,normal_wald,Normal Wald,0.086,40,0.21459999999999999,0.1951,0.14664000000000002,0.31478,0.138,0.366,0.1286
ultra_imbalanced,Ultra-sparsity with imbalance,normal_wald,Normal Wald,0.087,40,0.215725,0.19619999999999999,0.14764,0.31620000000000004,0.139,0.3688,0.128725
ultra_imbalanced,Ultra-sparsity with imbalance,normal_wald,Normal Wald,0.088,40,0.21685,0.1973,0.14850000000000002,0.31716000000000005,0.1394,0.3704,0.12885
ultra_imbalanced,Ultra-sparsity with imbalance,normal_wald,Normal Wald,0.089,40,0.218105,0.1982,0.15018,0.31964000000000004,0.141,0.372,0.129105
ultra_imbalanced,Ultra-sparsity with imbalance,normal_wald,Normal Wald,0.09,40,0.21922999999999998,0.1989,0.15076,0.32218,0.1424,0.373,0.12923
ultra_imbalanced,Ultra-sparsity with imbalance,normal_wald,Normal Wald,0.091,40,0.22041,0.2002,0.1512,0.32296,0.1436,0.3748,0.12941
ultra_imbalanced,Ultra-sparsity with imbalance,normal_wald,Normal Wald,0.092,40,0.22152,0.20179999999999998,0.15216000000000002,0.32446,0.1442,0.376,0.12952
ultra_imbalanced,Ultra-sparsity with imbalance,normal_wald,Normal Wald,0.093,40,0.22251500000000002,0.20279999999999998,0.15266,0.3261800000000001,0.1454,0.3776,0.129515
ultra_imbalanced,Ultra-sparsity with imbalance,normal_wald,Normal Wald,0.094,40,0.22361499999999998,0.2039,0.15347999999999998,0.32882,0.1456,0.3802,0.12961499999999998
ultra_imbalanced,Ultra-sparsity with imbalance,normal_wald,Normal Wald,0.095,40,0.22482000000000002,0.20479999999999998,0.15374,0.33114000000000005,0.1466,0.3814,0.12982
ultra_imbalanced,Ultra-sparsity with imbalance,normal_wald,Normal Wald,0.096,40,0.22598,0.2061,0.15456,0.33310000000000006,0.1484,0.3834,0.12998
ultra_imbalanced,Ultra-sparsity with imbalance,normal_wald,Normal Wald,0.097,40,0.22702999999999998,0.2072,0.1555,0.335,0.1486,0.3846,0.13003
ultra_imbalanced,Ultra-sparsity with imbalance,normal_wald,Normal Wald,0.098,40,0.228195,0.2081,0.15618,0.33684000000000003,0.1492,0.3856,0.130195
ultra_imbalanced,Ultra-sparsity with imbalance,normal_wald,Normal Wald,0.099,40,0.229315,0.2094,0.1568,0.33758000000000005,0.15,0.3858,0.13031500000000001
ultra_imbalanced,Ultra-sparsity with imbalance,normal_wald,Normal Wald,0.1,40,0.23041,0.21000000000000002,0.1574,0.3391600000000001,0.1512,0.3872,0.13041
ultra_imbalanced,Ultra-sparsity with imbalance,simple_welch,Simple Welch,0.0,40,0.0,0.0,0.0,0.0,0.0,0.0,0.0
ultra_imbalanced,Ultra-sparsity with imbalance,simple_welch,Simple Welch,0.001,40,0.05014,0.0472,0.02538,0.07322000000000006,0.0236,0.1134,0.04914
ultra_imbalanced,Ultra-sparsity with imbalance,simple_welch,Simple Welch,0.002,40,0.059775,0.055,0.03418,0.08360000000000006,0.0292,0.1236,0.057775
ultra_imbalanced,Ultra-sparsity with imbalance,simple_welch,Simple Welch,0.003,40,0.066165,0.0602,0.039740000000000004,0.09174000000000006,0.0332,0.1292,0.063165
ultra_imbalanced,Ultra-sparsity with imbalance,simple_welch,Simple Welch,0.004,40,0.07137,0.06509999999999999,0.0436,0.10236000000000003,0.0368,0.132,0.06737
ultra_imbalanced,Ultra-sparsity with imbalance,simple_welch,Simple Welch,0.005,40,0.075725,0.0698,0.04812,0.11206000000000002,0.0404,0.1328,0.070725
ultra_imbalanced,Ultra-sparsity with imbalance,simple_welch,Simple Welch,0.006,40,0.07958499999999999,0.0733,0.05118,0.11932000000000002,0.0424,0.134,0.073585
ultra_imbalanced,Ultra-sparsity with imbalance,simple_welch,Simple Welch,0.007,40,0.08345,0.077,0.05412,0.1268,0.0454,0.1356,0.07644999999999999
ultra_imbalanced,Ultra-sparsity with imbalance,simple_welch,Simple Welch,0.008,40,0.086675,0.07930000000000001,0.05644,0.13008,0.0474,0.1374,0.078675
ultra_imbalanced,Ultra-sparsity with imbalance,simple_welch,Simple Welch,0.009,40,0.090025,0.0827,0.05942,0.13314,0.0502,0.1428,0.081025
ultra_imbalanced,Ultra-sparsity with imbalance,simple_welch,Simple Welch,0.01,40,0.093035,0.0853,0.0615,0.13521999999999998,0.0522,0.1516,0.083035
ultra_imbalanced,Ultra-sparsity with imbalance,simple_welch,Simple Welch,0.011,40,0.09579,0.087,0.06376,0.13622,0.0536,0.1576,0.08479
ultra_imbalanced,Ultra-sparsity with imbalance,simple_welch,Simple Welch,0.012,40,0.098315,0.0891,0.06556,0.13935999999999998,0.0552,0.1624,0.086315
ultra_imbalanced,Ultra-sparsity with imbalance,simple_welch,Simple Welch,0.013,40,0.10081,0.09179999999999999,0.06792,0.14208,0.0572,0.165,0.08781
ultra_imbalanced,Ultra-sparsity with imbalance,simple_welch,Simple Welch,0.014,40,0.10317499999999999,0.0947,0.06944,0.14312,0.0588,0.169,0.089175
ultra_imbalanced,Ultra-sparsity with imbalance,simple_welch,Simple Welch,0.015,40,0.10544500000000001,0.0968,0.07038,0.14444,0.0608,0.173,0.090445
ultra_imbalanced,Ultra-sparsity with imbalance,simple_welch,Simple Welch,0.016,40,0.107755,0.0991,0.07276,0.14786000000000002,0.062,0.1772,0.091755
ultra_imbalanced,Ultra-sparsity with imbalance,simple_welch,Simple Welch,0.017,40,0.109945,0.1014,0.07334,0.1519,0.0638,0.1824,0.092945
ultra_imbalanced,Ultra-sparsity with imbalance,simple_welch,Simple Welch,0.018,40,0.11221999999999999,0.10350000000000001,0.07486,0.15546000000000001,0.0654,0.1866,0.09422
ultra_imbalanced,Ultra-sparsity with imbalance,simple_welch,Simple Welch,0.019,40,0.11428,0.1056,0.07582,0.15888000000000002,0.0666,0.191,0.09528
ultra_imbalanced,Ultra-sparsity with imbalance,simple_welch,Simple Welch,0.02,40,0.116285,0.1075,0.07694000000000001,0.16146000000000002,0.0688,0.1944,0.096285
ultra_imbalanced,Ultra-sparsity with imbalance,simple_welch,Simple Welch,0.021,40,0.118235,0.1091,0.07748000000000001,0.16546000000000002,0.0702,0.199,0.097235
ultra_imbalanced,Ultra-sparsity with imbalance,simple_welch,Simple Welch,0.022,40,0.120395,0.1106,0.07852,0.16894,0.072,0.2028,0.098395
ultra_imbalanced,Ultra-sparsity with imbalance,simple_welch,Simple Welch,0.023,40,0.12219,0.11230000000000001,0.0794,0.17192000000000002,0.0738,0.2064,0.09919
ultra_imbalanced,Ultra-sparsity with imbalance,simple_welch,Simple Welch,0.024,40,0.12394000000000001,0.1142,0.08148000000000001,0.17516,0.075,0.2104,0.09994
ultra_imbalanced,Ultra-sparsity with imbalance,simple_welch,Simple Welch,0.025,40,0.12599,0.11599999999999999,0.08306,0.17818,0.0762,0.2148,0.10099
ultra_imbalanced,Ultra-sparsity with imbalance,simple_welch,Simple Welch,0.026,40,0.12781,0.1177,0.08408,0.18126,0.0778,0.2166,0.10181
ultra_imbalanced,Ultra-sparsity with imbalance,simple_welch,Simple Welch,0.027,40,0.129505,0.1194,0.08494,0.18308000000000002,0.0784,0.2194,0.102505
ultra_imbalanced,Ultra-sparsity with imbalance,simple_welch,Simple Welch,0.028,40,0.1312,0.12129999999999999,0.08592,0.18566,0.0794,0.223,0.1032
ultra_imbalanced,Ultra-sparsity with imbalance,simple_welch,Simple Welch,0.029,40,0.13299,0.122,0.08652,0.19008000000000003,0.081,0.2266,0.10399
ultra_imbalanced,Ultra-sparsity with imbalance,simple_welch,Simple Welch,0.03,40,0.13476,0.12390000000000001,0.08758,0.19398,0.0816,0.2294,0.10476
ultra_imbalanced,Ultra-sparsity with imbalance,simple_welch,Simple Welch,0.031,40,0.13653500000000002,0.126,0.08936,0.1965,0.0824,0.232,0.105535
ultra_imbalanced,Ultra-sparsity with imbalance,simple_welch,Simple Welch,0.032,40,0.138255,0.1276,0.09058,0.19994000000000003,0.0836,0.2356,0.10625499999999999
ultra_imbalanced,Ultra-sparsity with imbalance,simple_welch,Simple Welch,0.033,40,0.140085,0.12969999999999998,0.09244000000000001,0.20210000000000003,0.0854,0.2382,0.10708500000000001
ultra_imbalanced,Ultra-sparsity with imbalance,simple_welch,Simple Welch,0.034,40,0.141835,0.13119999999999998,0.094,0.20588000000000004,0.0864,0.242,0.10783499999999999
ultra_imbalanced,Ultra-sparsity with imbalance,simple_welch,Simple Welch,0.035,40,0.143515,0.1329,0.09486,0.20746,0.088,0.2472,0.108515
ultra_imbalanced,Ultra-sparsity with imbalance,simple_welch,Simple Welch,0.036,40,0.14511000000000002,0.1341,0.0962,0.21068000000000003,0.0898,0.25,0.10911
ultra_imbalanced,Ultra-sparsity with imbalance,simple_welch,Simple Welch,0.037,40,0.14668,0.1356,0.09718,0.21336000000000002,0.091,0.2528,0.10968
ultra_imbalanced,Ultra-sparsity with imbalance,simple_welch,Simple Welch,0.038,40,0.14815499999999998,0.13740000000000002,0.09798,0.21592000000000003,0.0918,0.2564,0.110155
ultra_imbalanced,Ultra-sparsity with imbalance,simple_welch,Simple Welch,0.039,40,0.14971,0.1391,0.0992,0.21942000000000003,0.093,0.259,0.11071
ultra_imbalanced,Ultra-sparsity with imbalance,simple_welch,Simple Welch,0.04,40,0.15116000000000002,0.1405,0.09999999999999999,0.2204,0.094,0.262,0.11116
ultra_imbalanced,Ultra-sparsity with imbalance,simple_welch,Simple Welch,0.041,40,0.152665,0.1416,0.10086,0.22224000000000002,0.0958,0.2644,0.11166499999999999
ultra_imbalanced,Ultra-sparsity with imbalance,simple_welch,Simple Welch,0.042,40,0.154085,0.1423,0.10149999999999999,0.22492000000000004,0.0972,0.267,0.11208499999999999
ultra_imbalanced,Ultra-sparsity with imbalance,simple_welch,Simple Welch,0.043,40,0.15555999999999998,0.14379999999999998,0.103,0.22718000000000002,0.0982,0.2704,0.11256
ultra_imbalanced,Ultra-sparsity with imbalance,simple_welch,Simple Welch,0.044,40,0.15696000000000002,0.1454,0.10348,0.23064000000000004,0.0986,0.2724,0.11295999999999999
ultra_imbalanced,Ultra-sparsity with imbalance,simple_welch,Simple Welch,0.045,40,0.15847499999999998,0.1466,0.10446,0.23374,0.1,0.2758,0.11347499999999999
ultra_imbalanced,Ultra-sparsity with imbalance,simple_welch,Simple Welch,0.046,40,0.159985,0.14789999999999998,0.10533999999999999,0.23556000000000005,0.1008,0.2776,0.113985
ultra_imbalanced,Ultra-sparsity with imbalance,simple_welch,Simple Welch,0.047,40,0.16157,0.1494,0.10688,0.2378,0.1016,0.2802,0.11456999999999999
ultra_imbalanced,Ultra-sparsity with imbalance,simple_welch,Simple Welch,0.048,40,0.16294999999999998,0.1513,0.10752,0.24030000000000004,0.1022,0.2826,0.11495
ultra_imbalanced,Ultra-sparsity with imbalance,simple_welch,Simple Welch,0.049,40,0.16423000000000001,0.1522,0.10864,0.24330000000000004,0.103,0.2856,0.11522999999999999
ultra_imbalanced,Ultra-sparsity with imbalance,simple_welch,Simple Welch,0.05,40,0.165675,0.1535,0.10938,0.24600000000000002,0.1032,0.289,0.115675
ultra_imbalanced,Ultra-sparsity with imbalance,simple_welch,Simple Welch,0.051,40,0.167065,0.1543,0.11036,0.24822000000000002,0.1046,0.2934,0.116065
ultra_imbalanced,Ultra-sparsity with imbalance,simple_welch,Simple Welch,0.052,40,0.168435,0.15539999999999998,0.11136,0.25078,0.105,0.2964,0.116435
ultra_imbalanced,Ultra-sparsity with imbalance,simple_welch,Simple Welch,0.053,40,0.16985999999999998,0.1565,0.11216,0.25372000000000006,0.107,0.298,0.11686
ultra_imbalanced,Ultra-sparsity with imbalance,simple_welch,Simple Welch,0.054,40,0.17126999999999998,0.1582,0.11318,0.25560000000000005,0.1076,0.299,0.11727000000000001
ultra_imbalanced,Ultra-sparsity with imbalance,simple_welch,Simple Welch,0.055,40,0.17256,0.15949999999999998,0.11452,0.25758000000000003,0.1086,0.3008,0.11756
ultra_imbalanced,Ultra-sparsity with imbalance,simple_welch,Simple Welch,0.056,40,0.17382,0.1612,0.11588000000000001,0.25902000000000003,0.1098,0.304,0.11782
ultra_imbalanced,Ultra-sparsity with imbalance,simple_welch,Simple Welch,0.057,40,0.17521,0.1626,0.11672,0.26044000000000006,0.111,0.306,0.11821
ultra_imbalanced,Ultra-sparsity with imbalance,simple_welch,Simple Welch,0.058,40,0.176565,0.1638,0.11716,0.26322,0.1118,0.309,0.118565
ultra_imbalanced,Ultra-sparsity with imbalance,simple_welch,Simple Welch,0.059,40,0.17786,0.165,0.11792,0.26504000000000005,0.1122,0.3114,0.11886000000000001
ultra_imbalanced,Ultra-sparsity with imbalance,simple_welch,Simple Welch,0.06,40,0.179195,0.16649999999999998,0.11889999999999999,0.26764000000000004,0.1132,0.3136,0.11919500000000001
ultra_imbalanced,Ultra-sparsity with imbalance,simple_welch,Simple Welch,0.061,40,0.18058000000000002,0.1679,0.12008,0.26930000000000004,0.114,0.3162,0.11957999999999999
ultra_imbalanced,Ultra-sparsity with imbalance,simple_welch,Simple Welch,0.062,40,0.18192999999999998,0.1688,0.122,0.27214000000000005,0.1142,0.3184,0.11993000000000001
ultra_imbalanced,Ultra-sparsity with imbalance,simple_welch,Simple Welch,0.063,40,0.18319000000000002,0.1706,0.12298,0.27352,0.1146,0.3216,0.12018999999999999
ultra_imbalanced,Ultra-sparsity with imbalance,simple_welch,Simple Welch,0.064,40,0.18445499999999998,0.1719,0.12396,0.27496000000000004,0.1154,0.3236,0.120455
ultra_imbalanced,Ultra-sparsity with imbalance,simple_welch,Simple Welch,0.065,40,0.18573,0.1729,0.12482,0.2762200000000001,0.1166,0.3252,0.12073
ultra_imbalanced,Ultra-sparsity with imbalance,simple_welch,Simple Welch,0.066,40,0.187015,0.1738,0.12562,0.27836000000000005,0.1174,0.3266,0.12101500000000001
ultra_imbalanced,Ultra-sparsity with imbalance,simple_welch,Simple Welch,0.067,40,0.188225,0.1748,0.12636,0.2796,0.1178,0.3294,0.121225
ultra_imbalanced,Ultra-sparsity with imbalance,simple_welch,Simple Welch,0.068,40,0.189425,0.1754,0.12714,0.28208000000000005,0.1184,0.3304,0.121425
ultra_imbalanced,Ultra-sparsity with imbalance,simple_welch,Simple Welch,0.069,40,0.19063000000000002,0.1761,0.12778,0.28394,0.1194,0.3316,0.12162999999999999
ultra_imbalanced,Ultra-sparsity with imbalance,simple_welch,Simple Welch,0.07,40,0.19206499999999999,0.1772,0.12878,0.28614,0.1206,0.3346,0.122065
ultra_imbalanced,Ultra-sparsity with imbalance,simple_welch,Simple Welch,0.071,40,0.19336,0.17770000000000002,0.12924,0.28890000000000005,0.1218,0.3366,0.12236
ultra_imbalanced,Ultra-sparsity with imbalance,simple_welch,Simple Welch,0.072,40,0.19454,0.1781,0.12946,0.29018,0.1224,0.3384,0.12254000000000001
ultra_imbalanced,Ultra-sparsity with imbalance,simple_welch,Simple Welch,0.073,40,0.195745,0.1785,0.13008,0.2922,0.1232,0.3392,0.12274499999999999
ultra_imbalanced,Ultra-sparsity with imbalance,simple_welch,Simple Welch,0.074,40,0.197105,0.1795,0.13090000000000002,0.2931000000000001,0.1236,0.3418,0.12310499999999999
ultra_imbalanced,Ultra-sparsity with imbalance,simple_welch,Simple Welch,0.075,40,0.19839,0.1804,0.13184,0.2947000000000001,0.1248,0.3432,0.12339
ultra_imbalanced,Ultra-sparsity with imbalance,simple_welch,Simple Welch,0.076,40,0.199565,0.1815,0.13233999999999999,0.29744000000000004,0.1262,0.3452,0.123565
ultra_imbalanced,Ultra-sparsity with imbalance,simple_welch,Simple Welch,0.077,40,0.20076999999999998,0.1829,0.13316,0.29902,0.1268,0.3466,0.12377
ultra_imbalanced,Ultra-sparsity with imbalance,simple_welch,Simple Welch,0.078,40,0.20198,0.18380000000000002,0.13504,0.30038000000000004,0.128,0.348,0.12398
ultra_imbalanced,Ultra-sparsity with imbalance,simple_welch,Simple Welch,0.079,40,0.20334500000000003,0.1853,0.13644,0.30242,0.1282,0.3496,0.124345
ultra_imbalanced,Ultra-sparsity with imbalance,simple_welch,Simple Welch,0.08,40,0.20464500000000002,0.18680000000000002,0.13798,0.30440000000000006,0.1286,0.3514,0.12464499999999998
ultra_imbalanced,Ultra-sparsity with imbalance,simple_welch,Simple Welch,0.081,40,0.20588,0.1879,0.13898,0.30594000000000005,0.1296,0.3538,0.12487999999999999
ultra_imbalanced,Ultra-sparsity with imbalance,simple_welch,Simple Welch,0.082,40,0.20732,0.1889,0.14002,0.30714,0.1312,0.3564,0.12532
ultra_imbalanced,Ultra-sparsity with imbalance,simple_welch,Simple Welch,0.083,40,0.20838,0.18980000000000002,0.14098,0.30890000000000006,0.1316,0.3588,0.12538
ultra_imbalanced,Ultra-sparsity with imbalance,simple_welch,Simple Welch,0.084,40,0.20937,0.1904,0.14138,0.31034000000000006,0.1326,0.3602,0.12536999999999998
ultra_imbalanced,Ultra-sparsity with imbalance,simple_welch,Simple Welch,0.085,40,0.21051999999999998,0.1915,0.14204,0.31194000000000005,0.1336,0.3624,0.12552
ultra_imbalanced,Ultra-sparsity with imbalance,simple_welch,Simple Welch,0.086,40,0.211565,0.19240000000000002,0.14302,0.31244000000000005,0.1344,0.3642,0.125565
ultra_imbalanced,Ultra-sparsity with imbalance,simple_welch,Simple Welch,0.087,40,0.212705,0.1935,0.14406,0.31404000000000004,0.1356,0.3656,0.125705
ultra_imbalanced,Ultra-sparsity with imbalance,simple_welch,Simple Welch,0.088,40,0.21394000000000002,0.19440000000000002,0.14484,0.31582,0.1362,0.3682,0.12594
ultra_imbalanced,Ultra-sparsity with imbalance,simple_welch,Simple Welch,0.089,40,0.21505999999999997,0.1953,0.1456,0.31712000000000007,0.1376,0.3702,0.12606
ultra_imbalanced,Ultra-sparsity with imbalance,simple_welch,Simple Welch,0.09,40,0.21622,0.1965,0.14644000000000001,0.31910000000000005,0.138,0.3716,0.12622
ultra_imbalanced,Ultra-sparsity with imbalance,simple_welch,Simple Welch,0.091,40,0.21726499999999999,0.19729999999999998,0.14764,0.32178,0.1382,0.3726,0.12626500000000002
ultra_imbalanced,Ultra-sparsity with imbalance,simple_welch,Simple Welch,0.092,40,0.218605,0.1983,0.14902,0.32278000000000007,0.1398,0.3748,0.126605
ultra_imbalanced,Ultra-sparsity with imbalance,simple_welch,Simple Welch,0.093,40,0.2197,0.1991,0.14966,0.32406,0.1408,0.3756,0.12669999999999998
ultra_imbalanced,Ultra-sparsity with imbalance,simple_welch,Simple Welch,0.094,40,0.22081499999999998,0.20029999999999998,0.15076,0.326,0.1418,0.3772,0.12681499999999998
ultra_imbalanced,Ultra-sparsity with imbalance,simple_welch,Simple Welch,0.095,40,0.22191999999999998,0.2019,0.15142,0.32842,0.143,0.3794,0.12691999999999998
ultra_imbalanced,Ultra-sparsity with imbalance,simple_welch,Simple Welch,0.096,40,0.22300499999999998,0.2029,0.15226,0.3309000000000001,0.1442,0.3812,0.12700499999999998
ultra_imbalanced,Ultra-sparsity with imbalance,simple_welch,Simple Welch,0.097,40,0.22413500000000003,0.2039,0.15286,0.3329000000000001,0.1448,0.3834,0.127135
ultra_imbalanced,Ultra-sparsity with imbalance,simple_welch,Simple Welch,0.098,40,0.22519499999999998,0.2051,0.15328,0.33478,0.146,0.3842,0.127195
ultra_imbalanced,Ultra-sparsity with imbalance,simple_welch,Simple Welch,0.099,40,0.22631,0.2062,0.15374,0.33608000000000005,0.1476,0.3854,0.12730999999999998
ultra_imbalanced,Ultra-sparsity with imbalance,simple_welch,Simple Welch,0.1,40,0.227425,0.2074,0.15472,0.33738,0.148,0.3858,0.12742499999999998
ultra_imbalanced,Ultra-sparsity with imbalance,expanded_welch,Expanded Welch,0.0,40,0.0,0.0,0.0,0.0,0.0,0.0,0.0
ultra_imbalanced,Ultra-sparsity with imbalance,expanded_welch,Expanded Welch,0.001,40,0.025430410468042647,0.021104161664665867,0.010090613748107463,0.04551321897073665,0.009491114701130857,0.07357994744289469,0.02443041046804265
ultra_imbalanced,Ultra-sparsity with imbalance,expanded_welch,Expanded Welch,0.002,40,0.032460299355124164,0.027200000000000002,0.015125201938610663,0.04733315872470005,0.013731825525040387,0.08833636547402467,0.030460299355124166
ultra_imbalanced,Ultra-sparsity with imbalance,expanded_welch,Expanded Welch,0.003,40,0.037382816247279446,0.03423180385206677,0.019791001038553344,0.05289755802219985,0.017164781906300483,0.09561350313321204,0.034382816247279444
ultra_imbalanced,Ultra-sparsity with imbalance,expanded_welch,Expanded Welch,0.004,40,0.041354239100803276,0.03827934585099939,0.02200661816191221,0.06368391523713425,0.01938610662358643,0.09985850010107136,0.03735423910080327
ultra_imbalanced,Ultra-sparsity with imbalance,expanded_welch,Expanded Welch,0.005,40,0.04469503480078502,0.041730367974120504,0.023221110296372683,0.0742079112008073,0.02079967689822294,0.10369921164342026,0.03969503480078502
ultra_imbalanced,Ultra-sparsity with imbalance,expanded_welch,Expanded Welch,0.006,40,0.04771588288455828,0.04344341861289602,0.02439159479715006,0.08251372168284793,0.021607431340872375,0.10693349504750353,0.041715882884558284
ultra_imbalanced,Ultra-sparsity with imbalance,expanded_welch,Expanded Welch,0.007,40,0.050503694593868075,0.04444802587432062,0.02578635558146351,0.09159372351160447,0.02241518578352181,0.10875277946230039,0.04350369459386807
ultra_imbalanced,Ultra-sparsity with imbalance,expanded_welch,Expanded Welch,0.008,40,0.05324178061661063,0.04535154134439866,0.027340536107221446,0.09943779935275082,0.023626817447495962,0.11077420658985243,0.04524178061661063
ultra_imbalanced,Ultra-sparsity with imbalance,expanded_welch,Expanded Welch,0.009,40,0.055749093575829044,0.04625610858981684,0.029293976300972933,0.10553961165048543,0.025210084033613446,0.1131999191429149,0.04674909357582904
ultra_imbalanced,Ultra-sparsity with imbalance,expanded_welch,Expanded Welch,0.01,40,0.05815492702795224,0.047550020218358274,0.030633699827670783,0.10814718387820481,0.026410564225690276,0.11481706084495653,0.04815492702795224
ultra_imbalanced,Ultra-sparsity with imbalance,expanded_welch,Expanded Welch,0.011,40,0.06044068962475109,0.04845111200970481,0.03220320256204964,0.11081582240161453,0.027261712439418415,0.1182,0.049440689624751094
ultra_imbalanced,Ultra-sparsity with imbalance,expanded_welch,Expanded Welch,0.012,40,0.06247969079467498,0.049456570966437526,0.033027282173179705,0.11416022635408246,0.027665589660743135,0.1244,0.05047969079467498
ultra_imbalanced,Ultra-sparsity with imbalance,expanded_welch,Expanded Welch,0.013,40,0.06460852075386367,0.050762029923170235,0.0345682001614205,0.11651409549143311,0.02827140549273021,0.1316,0.05160852075386367
ultra_imbalanced,Ultra-sparsity with imbalance,expanded_welch,Expanded Welch,0.014,40,0.06664697395718443,0.051765305297209865,0.03553679653679653,0.11782776574780793,0.029281098546042002,0.1394,0.05264697395718443
ultra_imbalanced,Ultra-sparsity with imbalance,expanded_welch,Expanded Welch,0.015,40,0.06865573340566797,0.05287100687424181,0.03583818703133618,0.11911041228779305,0.030492730210016156,0.1464,0.05365573340566797
ultra_imbalanced,Ultra-sparsity with imbalance,expanded_welch,Expanded Welch,0.016,40,0.07057914750577925,0.05337646583097452,0.03633905642380218,0.12011608730800324,0.031098546042003232,0.1528,0.05457914750577926
ultra_imbalanced,Ultra-sparsity with imbalance,expanded_welch,Expanded Welch,0.017,40,0.07261818143776523,0.053780832996360696,0.03734903514564531,0.12324000000000002,0.03210823909531502,0.1568,0.05561818143776522
ultra_imbalanced,Ultra-sparsity with imbalance,expanded_welch,Expanded Welch,0.018,40,0.07437583223288549,0.05408410837040033,0.037975199941301635,0.12738000000000002,0.0327140549273021,0.1606,0.05637583223288549
ultra_imbalanced,Ultra-sparsity with imbalance,expanded_welch,Expanded Welch,0.019,40,0.07616414982207724,0.054791750909826124,0.03913250148544266,0.132,0.033521809369951534,0.1652,0.05716414982207725
ultra_imbalanced,Ultra-sparsity with imbalance,expanded_welch,Expanded Welch,0.02,40,0.07808743143701488,0.05509502628386575,0.040301207104356716,0.13516000000000003,0.034329563812600966,0.1694,0.05808743143701489
ultra_imbalanced,Ultra-sparsity with imbalance,expanded_welch,Expanded Welch,0.021,40,0.0799912805340382,0.056119894864537,0.04099271031378317,0.1386,0.035541195476575124,0.1726,0.0589912805340382
ultra_imbalanced,Ultra-sparsity with imbalance,expanded_welch,Expanded Welch,0.022,40,0.08185460091327543,0.05762426202992317,0.041780258664075594,0.1442,0.03594507269789984,0.1776,0.05985460091327542
ultra_imbalanced,Ultra-sparsity with imbalance,expanded_welch,Expanded Welch,0.023,40,0.08364314014062421,0.05902644561261625,0.04276974154793345,0.1481,0.036752827140549275,0.1812,0.060643140140624205
ultra_imbalanced,Ultra-sparsity with imbalance,expanded_welch,Expanded Welch,0.024,40,0.08539682159598874,0.060330812778002424,0.043665481812907074,0.15082000000000004,0.03715670436187399,0.1858,0.061396821595988735
ultra_imbalanced,Ultra-sparsity with imbalance,expanded_welch,Expanded Welch,0.025,40,0.08712481158778415,0.06233627173473514,0.04458983208498556,0.15422000000000002,0.03776252019386107,0.1888,0.06212481158778416
ultra_imbalanced,Ultra-sparsity with imbalance,expanded_welch,Expanded Welch,0.026,40,0.08888790346069636,0.06392546036829463,0.044881128306926935,0.15810000000000002,0.03796445880452343,0.1918,0.06288790346069636
ultra_imbalanced,Ultra-sparsity with imbalance,expanded_welch,Expanded Welch,0.027,40,0.0905211460356957,0.06633308246917598,0.045784970410644985,0.16038000000000002,0.03917609046849758,0.195,0.06352114603569568
ultra_imbalanced,Ultra-sparsity with imbalance,expanded_welch,Expanded Welch,0.028,40,0.09222983282953887,0.06900690138027606,0.04602088386894971,0.16348000000000001,0.0395799676898223,0.1984,0.06422983282953887
ultra_imbalanced,Ultra-sparsity with imbalance,expanded_welch,Expanded Welch,0.029,40,0.09396815989320158,0.07122866293034427,0.04649565193041031,0.167,0.04018578352180937,0.2038,0.06496815989320157
ultra_imbalanced,Ultra-sparsity with imbalance,expanded_welch,Expanded Welch,0.03,40,0.09568153601367652,0.07376868686868687,0.04743149239212231,0.16986,0.04099353796445881,0.2068,0.06568153601367652
ultra_imbalanced,Ultra-sparsity with imbalance,expanded_welch,Expanded Welch,0.031,40,0.09738970078002473,0.07600760152030406,0.0489466071985757,0.17364000000000002,0.04139741518578352,0.2094,0.06638970078002474
ultra_imbalanced,Ultra-sparsity with imbalance,expanded_welch,Expanded Welch,0.032,40,0.0990628865501275,0.07810784156831366,0.049574946337250285,0.1761,0.04240710823909531,0.2118,0.06706288655012752
ultra_imbalanced,Ultra-sparsity with imbalance,expanded_welch,Expanded Welch,0.033,40,0.10046626422476712,0.08010806161232246,0.05003740616339042,0.17726,0.04341680129240711,0.2142,0.06746626422476712
ultra_imbalanced,Ultra-sparsity with imbalance,expanded_welch,Expanded Welch,0.034,40,0.10208434436401947,0.08233314651721377,0.05082388997328347,0.18036000000000002,0.04402261712439418,0.2168,0.06808434436401947
ultra_imbalanced,Ultra-sparsity with imbalance,expanded_welch,Expanded Welch,0.035,40,0.10370285443217568,0.08363330664531626,0.0512680897226775,0.18466000000000002,0.04483037156704362,0.2212,0.06870285443217568
ultra_imbalanced,Ultra-sparsity with imbalance,expanded_welch,Expanded Welch,0.036,40,0.10544653973905596,0.0865341873498799,0.05149018959737451,0.18738000000000002,0.045032310177705974,0.224,0.06944653973905594
ultra_imbalanced,Ultra-sparsity with imbalance,expanded_welch,Expanded Welch,0.037,40,0.10708533362401043,0.08803474779823858,0.053075740043576694,0.18934,0.046445880452342485,0.228,0.07008533362401043
ultra_imbalanced,Ultra-sparsity with imbalance,expanded_welch,Expanded Welch,0.038,40,0.1087983299520068,0.09043578863090472,0.053483814088294265,0.19186,0.046849757673667204,0.2328,0.0707983299520068
ultra_imbalanced,Ultra-sparsity with imbalance,expanded_welch,Expanded Welch,0.039,40,0.11045163341211006,0.09323690952762209,0.05430723131577262,0.19556,0.047253634894991924,0.2356,0.07145163341211007
ultra_imbalanced,Ultra-sparsity with imbalance,expanded_welch,Expanded Welch,0.04,40,0.11206953295520475,0.09543746997598078,0.0546643167322468,0.19908000000000003,0.048465266558966075,0.239,0.07206953295520473
ultra_imbalanced,Ultra-sparsity with imbalance,expanded_welch,Expanded Welch,0.041,40,0.11361738468945057,0.09753843074459567,0.055114773788869614,0.20208000000000004,0.048869143780290794,0.2422,0.07261738468945057
ultra_imbalanced,Ultra-sparsity with imbalance,expanded_welch,Expanded Welch,0.042,40,0.11515552565122167,0.09973931144915932,0.055502833256194664,0.20496000000000003,0.04907108239095315,0.2448,0.07315552565122166
ultra_imbalanced,Ultra-sparsity with imbalance,expanded_welch,Expanded Welch,0.043,40,0.11675927182624075,0.10193995196156926,0.05623936521844575,0.20786000000000002,0.049273021001615507,0.2478,0.07375927182624076
ultra_imbalanced,Ultra-sparsity with imbalance,expanded_welch,Expanded Welch,0.044,40,0.11821812471783386,0.10325103451434883,0.05706558111135717,0.21132,0.050080775444264945,0.2498,0.07421812471783386
ultra_imbalanced,Ultra-sparsity with imbalance,expanded_welch,Expanded Welch,0.045,40,0.11969661522310608,0.10485207529896692,0.057920994882158634,0.21334,0.05048465266558966,0.2532,0.07469661522310608
ultra_imbalanced,Ultra-sparsity with imbalance,expanded_welch,Expanded Welch,0.046,40,0.12112939653057853,0.10685295585938645,0.05849828582378963,0.21552000000000002,0.051292407108239096,0.257,0.07512939653057854
ultra_imbalanced,Ultra-sparsity with imbalance,expanded_welch,Expanded Welch,0.047,40,0.12256755328512343,0.10815363633174993,0.058748714917806075,0.21780000000000002,0.05230210016155089,0.2596,0.07556755328512343
ultra_imbalanced,Ultra-sparsity with imbalance,expanded_welch,Expanded Welch,0.048,40,0.12400583249707031,0.1102545969562207,0.059370152157553736,0.21926,0.05290791599353797,0.2622,0.07600583249707031
ultra_imbalanced,Ultra-sparsity with imbalance,expanded_welch,Expanded Welch,0.049,40,0.12546952500797376,0.11165535749263544,0.059841504409235906,0.22182000000000002,0.05452342487883683,0.2654,0.07646952500797377
ultra_imbalanced,Ultra-sparsity with imbalance,expanded_welch,Expanded Welch,0.05,40,0.12687333588910604,0.11285589784089724,0.0609615586676506,0.22392,0.05533117932148627,0.2674,0.07687333588910605
ultra_imbalanced,Ultra-sparsity with imbalance,expanded_welch,Expanded Welch,0.051,40,0.1282411459919291,0.1147796239263872,0.06125296754310576,0.22654000000000002,0.05593699515347334,0.2706,0.07724114599192913
ultra_imbalanced,Ultra-sparsity with imbalance,expanded_welch,Expanded Welch,0.052,40,0.12979007571515713,0.11648086525595067,0.06220703598867772,0.22896000000000002,0.0561389337641357,0.2734,0.07779007571515714
ultra_imbalanced,Ultra-sparsity with imbalance,expanded_welch,Expanded Welch,0.053,40,0.13130347814159438,0.11788184629316732,0.0626111090688527,0.23108,0.05634087237479806,0.2766,0.07830347814159438
ultra_imbalanced,Ultra-sparsity with imbalance,expanded_welch,Expanded Welch,0.054,40,0.13277683976009846,0.11958298748255858,0.06376267323456972,0.23350000000000004,0.05694668820678514,0.2796,0.07877683976009847
ultra_imbalanced,Ultra-sparsity with imbalance,expanded_welch,Expanded Welch,0.055,40,0.13422007761767793,0.12148406853977925,0.0643890012131015,0.23552000000000003,0.05755250403877221,0.2822,0.07922007761767794
ultra_imbalanced,Ultra-sparsity with imbalance,expanded_welch,Expanded Welch,0.056,40,0.13569478913747252,0.1229850695809967,0.06554056537881851,0.23884000000000002,0.05836025848142165,0.2844,0.07969478913747254
ultra_imbalanced,Ultra-sparsity with imbalance,expanded_welch,Expanded Welch,0.057,40,0.13696772457785458,0.12428583033386814,0.0662789126883615,0.24086000000000005,0.05896607431340872,0.2862,0.07996772457785457
ultra_imbalanced,Ultra-sparsity with imbalance,expanded_welch,Expanded Welch,0.058,40,0.13842688889563895,0.1267870314150936,0.06751115026705579,0.24412000000000003,0.059975767366720514,0.2886,0.08042688889563894
ultra_imbalanced,Ultra-sparsity with imbalance,expanded_welch,Expanded Welch,0.059,40,0.13972016061968937,0.12828823273665546,0.06880406732375237,0.24636000000000002,0.06058158319870759,0.2918,0.08072016061968937
ultra_imbalanced,Ultra-sparsity with imbalance,expanded_welch,Expanded Welch,0.06,40,0.14094760371500006,0.13018981449473715,0.06945047078905348,0.24872000000000002,0.06098546042003231,0.294,0.08094760371500007
ultra_imbalanced,Ultra-sparsity with imbalance,expanded_welch,Expanded Welch,0.061,40,0.14237111951901693,0.131790635259611,0.07025850265220343,0.25146,0.061793214862681745,0.2968,0.08137111951901695
ultra_imbalanced,Ultra-sparsity with imbalance,expanded_welch,Expanded Welch,0.062,40,0.14381070924601483,0.13329193672134507,0.07085741504617912,0.25312,0.061995153473344104,0.2988,0.0818109515723476
ultra_imbalanced,Ultra-sparsity with imbalance,expanded_welch,Expanded Welch,0.063,40,0.14513399757040674,0.13474332629576202,0.07164446237280303,0.25474,0.06280290791599354,0.3022,0.08214385217460705
ultra_imbalanced,Ultra-sparsity with imbalance,expanded_welch,Expanded Welch,0.064,40,0.1464880151241021,0.13524696464236047,0.07249216477423485,0.25866,0.06381260096930533,0.3038,0.08249738507563682
ultra_imbalanced,Ultra-sparsity with imbalance,expanded_welch,Expanded Welch,0.065,40,0.14790188562118645,0.13685293711677315,0.07309761403790477,0.26120000000000004,0.06563004846526656,0.306,0.08290188562118643
ultra_imbalanced,Ultra-sparsity with imbalance,expanded_welch,Expanded Welch,0.066,40,0.14924087901401373,0.13735556292146045,0.07422827544147502,0.26336000000000004,0.066437802907916,0.3074,0.08324087901401374
ultra_imbalanced,Ultra-sparsity with imbalance,expanded_welch,Expanded Welch,0.067,40,0.15062913959648272,0.1383332394070596,0.0745103289864679,0.26434,0.06704361873990307,0.3096,0.08362913959648272
ultra_imbalanced,Ultra-sparsity with imbalance,expanded_welch,Expanded Welch,0.068,40,0.15206361870577656,0.13943942498812828,0.07515817279008685,0.26658000000000004,0.06764943457189014,0.3134,0.08408114697718204
ultra_imbalanced,Ultra-sparsity with imbalance,expanded_welch,Expanded Welch,0.069,40,0.153402408398635,0.1408199425587193,0.07576461318933382,0.26844000000000007,0.06865912762520193,0.3168,0.08441945201737491
ultra_imbalanced,Ultra-sparsity with imbalance,expanded_welch,Expanded Welch,0.07,40,0.15475634645960107,0.14193291810762887,0.07639127194685012,0.26920000000000005,0.06946688206785137,0.3208,0.08478300235620848
ultra_imbalanced,Ultra-sparsity with imbalance,expanded_welch,Expanded Welch,0.071,40,0.1559552820544406,0.14262840938894583,0.07757628353470361,0.27052000000000004,0.06987075928917609,0.3218,0.08501174408998177
ultra_imbalanced,Ultra-sparsity with imbalance,expanded_welch,Expanded Welch,0.072,40,0.15722877624029025,0.1437945959879824,0.07834457297494976,0.27256,0.07067851373182553,0.324,0.08529485055369898
ultra_imbalanced,Ultra-sparsity with imbalance,expanded_welch,Expanded Welch,0.073,40,0.15847330410954477,0.14409746326477504,0.07863829826491135,0.27508,0.07229402261712439,0.325,0.08550860297868855
ultra_imbalanced,Ultra-sparsity with imbalance,expanded_welch,Expanded Welch,0.074,40,0.1598326970313835,0.1449052996776975,0.08048776575017456,0.27742000000000006,0.07289983844911146,0.3266,0.08588770510892793
ultra_imbalanced,Ultra-sparsity with imbalance,expanded_welch,Expanded Welch,0.075,40,0.16098638105726823,0.14520816695449018,0.08171954259240255,0.27920000000000006,0.07431340872374798,0.3284,0.08602071062108084
ultra_imbalanced,Ultra-sparsity with imbalance,expanded_welch,Expanded Welch,0.076,40,0.16214052696419007,0.14621796247064323,0.08214361377865809,0.28090000000000004,0.07532310177705977,0.331,0.0861743718753371
ultra_imbalanced,Ultra-sparsity with imbalance,expanded_welch,Expanded Welch,0.077,40,0.16341998784570402,0.14732880891646483,0.08327270888498642,0.28306000000000003,0.07673667205169628,0.3314,0.0864331542431192
ultra_imbalanced,Ultra-sparsity with imbalance,expanded_welch,Expanded Welch,0.078,40,0.16463393690128997,0.14793454347005017,0.08413552910243252,0.28438,0.07774636510500808,0.3332,0.08664661864603956
ultra_imbalanced,Ultra-sparsity with imbalance,expanded_welch,Expanded Welch,0.079,40,0.16607369941835587,0.14843951260617994,0.08528747274438023,0.28738,0.07835218093699516,0.3362,0.0871060903715061
ultra_imbalanced,Ultra-sparsity with imbalance,expanded_welch,Expanded Welch,0.08,40,0.16718226966583605,0.1487999639815563,0.08589292200805014,0.28890000000000005,0.07936187399030695,0.3376,0.08721417596632071
ultra_imbalanced,Ultra-sparsity with imbalance,expanded_welch,Expanded Welch,0.081,40,0.16848197691979921,0.1503057731669863,0.08668054037577946,0.29090000000000005,0.08016962843295639,0.3392,0.0875234954981514
ultra_imbalanced,Ultra-sparsity with imbalance,expanded_welch,Expanded Welch,0.082,40,0.16975062496962148,0.15120873778371086,0.08750764919728712,0.29216000000000003,0.08117932148626818,0.3418,0.08779165889530806
ultra_imbalanced,Ultra-sparsity with imbalance,expanded_welch,Expanded Welch,0.083,40,0.17102040537890978,0.1525127306220167,0.088704358206676,0.29368000000000005,0.0815831987075929,0.3432,0.08809124544353014
ultra_imbalanced,Ultra-sparsity with imbalance,expanded_welch,Expanded Welch,0.084,40,0.17215966817660652,0.15361751158586542,0.08950889950447888,0.29458,0.08218901453957997,0.3452,0.08825021744962751
ultra_imbalanced,Ultra-sparsity with imbalance,expanded_welch,Expanded Welch,0.085,40,0.17353379495901536,0.15431333997079436,0.09030102867636658,0.29704,0.08259289176090469,0.3474,0.0886541503709701
ultra_imbalanced,Ultra-sparsity with imbalance,expanded_welch,Expanded Welch,0.086,40,0.1747822628691919,0.15471729903067366,0.09099898761344066,0.29976,0.08319870759289176,0.3494,0.08892232748954733
ultra_imbalanced,Ultra-sparsity with imbalance,expanded_welch,Expanded Welch,0.087,40,0.17598630205147667,0.15532307443767712,0.09193461294816953,0.30126000000000003,0.08420840064620355,0.3512,0.08912588201916649
ultra_imbalanced,Ultra-sparsity with imbalance,expanded_welch,Expanded Welch,0.088,40,0.1773010141074071,0.15633313527019096,0.09306998004513706,0.30314,0.08542003231017771,0.3526,0.08943001249189819
ultra_imbalanced,Ultra-sparsity with imbalance,expanded_welch,Expanded Welch,0.089,40,0.17841554052128536,0.15734352246833588,0.09375700830742921,0.30450000000000005,0.0864297253634895,0.354,0.08954405425311089
ultra_imbalanced,Ultra-sparsity with imbalance,expanded_welch,Expanded Welch,0.09,40,0.17968537925585737,0.15795880145222463,0.09495253806572429,0.30552000000000007,0.08703554119547657,0.357,0.08983360219608354
ultra_imbalanced,Ultra-sparsity with imbalance,expanded_welch,Expanded Welch,0.091,40,0.18083531568777161,0.1590607564298619,0.09634786117836965,0.30710000000000004,0.0888529886914378,0.3588,0.08994266625319974
ultra_imbalanced,Ultra-sparsity with imbalance,expanded_welch,Expanded Welch,0.092,40,0.1819892293276298,0.15976760319324293,0.09682949188761648,0.30868,0.09067043618739903,0.3602,0.09005570751825984
ultra_imbalanced,Ultra-sparsity with imbalance,expanded_welch,Expanded Welch,0.093,40,0.18320927434701614,0.16067659266937917,0.09802141195461235,0.31032000000000004,0.09107431340872375,0.3624,0.09030555867657997
ultra_imbalanced,Ultra-sparsity with imbalance,expanded_welch,Expanded Welch,0.094,40,0.18447861573038074,0.16168681668470858,0.09883566542448166,0.31246000000000007,0.09168012924071083,0.3658,0.0905946092683452
ultra_imbalanced,Ultra-sparsity with imbalance,expanded_welch,Expanded Welch,0.095,40,0.18566773467823433,0.16229242890889645,0.0994219771369368,0.31364000000000003,0.09268982229402262,0.3668,0.0907832435635332
ultra_imbalanced,Ultra-sparsity with imbalance,expanded_welch,Expanded Welch,0.096,40,0.1869118088780986,0.1628982043158999,0.09985667690105922,0.31544000000000005,0.09329563812600969,0.3684,0.0910470269717981
ultra_imbalanced,Ultra-sparsity with imbalance,expanded_welch,Expanded Welch,0.097,40,0.1881508869054009,0.16350446927134998,0.1006548762736001,0.31762,0.09410339256865913,0.3694,0.09129571727696796
ultra_imbalanced,Ultra-sparsity with imbalance,expanded_welch,Expanded Welch,0.098,40,0.18944588156721437,0.1643256841027421,0.1016223542619315,0.3194600000000001,0.09511308562197092,0.3718,0.09159022728611584
ultra_imbalanced,Ultra-sparsity with imbalance,expanded_welch,Expanded Welch,0.099,40,0.1905195101441054,0.16481741780736553,0.10257653457045587,0.32094,0.09612277867528271,0.3736,0.09166337121034127
ultra_imbalanced,Ultra-sparsity with imbalance,expanded_welch,Expanded Welch,0.1,40,0.191749032378336,0.16553839739231,0.10318230150689557,0.32178000000000007,0.0971324717285945,0.375,0.09189240879190624
