scenario_id,shape_index,design_index,rows,columns,n_p,n_q,target_mi,margin_alpha_p,margin_alpha_q,association_p,association_q,generation_attempts,true_mi_p,true_mi_q,true_delta,distribution_l1,population_variance_p,population_variance_q,pooled_mixture_mi,pooled_mixture_variance,min_probability_p,min_probability_q,min_joint_expected_p,min_joint_expected_q,independence_expected_below_1_p,independence_expected_below_1_q,independence_expected_below_5_p,independence_expected_below_5_q,is_permutation_anchor,regime,regime_label,variant,cells,observations_per_cell_p,observations_per_cell_q,sample_size_ratio_q_to_p,minimum_joint_expected_pair,joint_expected_below_1_p,joint_expected_below_1_q,joint_expected_below_5_p,joint_expected_below_5_q,minimum_row_expected_p,minimum_row_expected_q,minimum_column_expected_p,minimum_column_expected_q,maximum_row_margin_p,maximum_column_margin_p,maximum_row_margin_q,maximum_column_margin_q,probability_p_json,probability_q_json,simulation_seed,replicates,estimator_valid_replicates,estimator_valid_rate,mean_delta_error,empirical_delta_sd,mean_standard_error,mean_sample_zero_fraction_p,mean_sample_zero_fraction_q,mean_sample_expected_below_1_p,mean_sample_expected_below_1_q,mean_sample_expected_below_5_p,mean_sample_expected_below_5_q,mean_sample_minimum_expected_p,mean_sample_minimum_expected_q,mean_sample_empty_row_fraction_p,mean_sample_empty_row_fraction_q,mean_sample_empty_column_fraction_p,mean_sample_empty_column_fraction_q,mean_sample_has_empty_margin_p,mean_sample_has_empty_margin_q,method,method_label,valid_replicates,valid_rate,coverage_95,median_effective_df,p05_effective_df,fpr_10,fpr_10_low,fpr_10_high,absolute_fpr_error_10,fpr_05,fpr_05_low,fpr_05_high,absolute_fpr_error_05,fpr_01,fpr_01_low,fpr_01_high,absolute_fpr_error_01
random_2x2_d0,0,0,2,2,400,400,0.03,50.0,50.0,0.25510190085777534,0.2529630574300038,1,0.029999999999983262,0.029999999999999805,-1.6542323066914832e-14,0.4797161424824269,0.058028850745753785,0.05808828976463181,3.3991142999512114e-05,6.797302016196381e-05,0.1387044601966798,0.14779450853505047,55.48178407867192,59.11780341402019,0.0,0.0,0.0,0.0,True,well_sampled,Well sampled,variant_1,4,100.0,100.0,1.0,55.48178407867192,0.0,0.0,0.0,0.0,199.18536418291848,165.3817829749637,157.93376860701287,198.98778391718852,0.5020365895427039,0.6051655784824679,0.5865455425625907,0.5025305402070287,"[[0.1387044601966798, 0.36333212934602405], [0.25612996132085236, 0.24183344913644383]]","[[0.26565994890235883, 0.14779450853505047], [0.23180951089061247, 0.35473603167197826]]",2477831945,300,300,1.0,0.00042991354284121477,0.01759852821176644,0.016997350878702255,0.0,0.0,0.0,0.0,0.0,0.0,76.31552500000001,79.35558333333334,0.0,0.0,0.0,0.0,0.0,0.0,normal_wald,Normal Wald,300,1.0,0.9466666666666667,,,0.10666666666666667,0.07657584904594215,0.1467032883173674,0.006666666666666668,0.05333333333333334,0.033091912519096475,0.08486914177483133,0.003333333333333334,0.013333333333333334,0.005196961739358859,0.03377553025253262,0.003333333333333334
random_2x2_d0,0,0,2,2,400,400,0.03,50.0,50.0,0.25510190085777534,0.2529630574300038,1,0.029999999999983262,0.029999999999999805,-1.6542323066914832e-14,0.4797161424824269,0.058028850745753785,0.05808828976463181,3.3991142999512114e-05,6.797302016196381e-05,0.1387044601966798,0.14779450853505047,55.48178407867192,59.11780341402019,0.0,0.0,0.0,0.0,True,well_sampled,Well sampled,variant_1,4,100.0,100.0,1.0,55.48178407867192,0.0,0.0,0.0,0.0,199.18536418291848,165.3817829749637,157.93376860701287,198.98778391718852,0.5020365895427039,0.6051655784824679,0.5865455425625907,0.5025305402070287,"[[0.1387044601966798, 0.36333212934602405], [0.25612996132085236, 0.24183344913644383]]","[[0.26565994890235883, 0.14779450853505047], [0.23180951089061247, 0.35473603167197826]]",2477831945,300,300,1.0,0.00042991354284121477,0.01759852821176644,0.016997350878702255,0.0,0.0,0.0,0.0,0.0,0.0,76.31552500000001,79.35558333333334,0.0,0.0,0.0,0.0,0.0,0.0,simple_welch,Simple Welch,300,1.0,0.9466666666666667,773.9356761097488,608.196598083124,0.10666666666666667,0.07657584904594215,0.1467032883173674,0.006666666666666668,0.05333333333333334,0.033091912519096475,0.08486914177483133,0.003333333333333334,0.013333333333333334,0.005196961739358859,0.03377553025253262,0.003333333333333334
random_2x2_d0,0,0,2,2,400,400,0.03,50.0,50.0,0.25510190085777534,0.2529630574300038,1,0.029999999999983262,0.029999999999999805,-1.6542323066914832e-14,0.4797161424824269,0.058028850745753785,0.05808828976463181,3.3991142999512114e-05,6.797302016196381e-05,0.1387044601966798,0.14779450853505047,55.48178407867192,59.11780341402019,0.0,0.0,0.0,0.0,True,well_sampled,Well sampled,variant_1,4,100.0,100.0,1.0,55.48178407867192,0.0,0.0,0.0,0.0,199.18536418291848,165.3817829749637,157.93376860701287,198.98778391718852,0.5020365895427039,0.6051655784824679,0.5865455425625907,0.5025305402070287,"[[0.1387044601966798, 0.36333212934602405], [0.25612996132085236, 0.24183344913644383]]","[[0.26565994890235883, 0.14779450853505047], [0.23180951089061247, 0.35473603167197826]]",2477831945,300,300,1.0,0.00042991354284121477,0.01759852821176644,0.016997350878702255,0.0,0.0,0.0,0.0,0.0,0.0,76.31552500000001,79.35558333333334,0.0,0.0,0.0,0.0,0.0,0.0,expanded_welch,Expanded Welch,300,1.0,0.96,26.637129029698986,14.263581255471037,0.08666666666666667,0.05982889751804312,0.12395595869424827,0.013333333333333336,0.04,0.023027321487942308,0.06860421203864003,0.010000000000000002,0.01,0.003406618437715286,0.02898349336233983,0.0
random_2x2_d1,0,1,2,2,200,400,0.07,20.0,5.0,0.4049312967658538,0.40498279295898293,1,0.07000000000000028,0.0700000000000005,-2.220446049250313e-16,0.2277066384842952,0.12734468304277896,0.1293077920772138,0.0722307286493451,0.13205531131145917,0.09379360707994003,0.10296662450060301,18.758721415988006,41.186649800241206,0.0,0.0,0.0,0.0,False,moderate,Moderate,variant_1,4,50.0,100.0,2.0,18.758721415988006,0.0,0.0,0.0,0.0,90.01079255359316,147.23617206049406,81.54175234019279,191.37516762275538,0.5499460372320343,0.5922912382990362,0.6319095698487649,0.5215620809431115,"[[0.23603088261101038, 0.31391515462102393], [0.3562603556880258, 0.09379360707994003]]","[[0.21331411340625636, 0.4185954564425085], [0.26512380565063215, 0.10296662450060301]]",2764902787,300,300,1.0,-0.0016344450948965585,0.03151959608653488,0.03115006604135386,0.0,0.0,0.0,0.0,0.0,0.0,36.55906666666667,69.59378333333333,0.0,0.0,0.0,0.0,0.0,0.0,normal_wald,Normal Wald,300,1.0,0.9333333333333333,,,0.10666666666666667,0.07657584904594215,0.1467032883173674,0.006666666666666668,0.06666666666666667,0.04356751554515827,0.10072305951611497,0.016666666666666663,0.016666666666666666,0.007139477350633337,0.0384153948330945,0.006666666666666666
random_2x2_d1,0,1,2,2,200,400,0.07,20.0,5.0,0.4049312967658538,0.40498279295898293,1,0.07000000000000028,0.0700000000000005,-2.220446049250313e-16,0.2277066384842952,0.12734468304277896,0.1293077920772138,0.0722307286493451,0.13205531131145917,0.09379360707994003,0.10296662450060301,18.758721415988006,41.186649800241206,0.0,0.0,0.0,0.0,False,moderate,Moderate,variant_1,4,50.0,100.0,2.0,18.758721415988006,0.0,0.0,0.0,0.0,90.01079255359316,147.23617206049406,81.54175234019279,191.37516762275538,0.5499460372320343,0.5922912382990362,0.6319095698487649,0.5215620809431115,"[[0.23603088261101038, 0.31391515462102393], [0.3562603556880258, 0.09379360707994003]]","[[0.21331411340625636, 0.4185954564425085], [0.26512380565063215, 0.10296662450060301]]",2764902787,300,300,1.0,-0.0016344450948965585,0.03151959608653488,0.03115006604135386,0.0,0.0,0.0,0.0,0.0,0.0,36.55906666666667,69.59378333333333,0.0,0.0,0.0,0.0,0.0,0.0,simple_welch,Simple Welch,300,1.0,0.9333333333333333,404.41539515779675,307.6314569623424,0.10666666666666667,0.07657584904594215,0.1467032883173674,0.006666666666666668,0.06666666666666667,0.04356751554515827,0.10072305951611497,0.016666666666666663,0.016666666666666666,0.007139477350633337,0.0384153948330945,0.006666666666666666
random_2x2_d1,0,1,2,2,200,400,0.07,20.0,5.0,0.4049312967658538,0.40498279295898293,1,0.07000000000000028,0.0700000000000005,-2.220446049250313e-16,0.2277066384842952,0.12734468304277896,0.1293077920772138,0.0722307286493451,0.13205531131145917,0.09379360707994003,0.10296662450060301,18.758721415988006,41.186649800241206,0.0,0.0,0.0,0.0,False,moderate,Moderate,variant_1,4,50.0,100.0,2.0,18.758721415988006,0.0,0.0,0.0,0.0,90.01079255359316,147.23617206049406,81.54175234019279,191.37516762275538,0.5499460372320343,0.5922912382990362,0.6319095698487649,0.5215620809431115,"[[0.23603088261101038, 0.31391515462102393], [0.3562603556880258, 0.09379360707994003]]","[[0.21331411340625636, 0.4185954564425085], [0.26512380565063215, 0.10296662450060301]]",2764902787,300,300,1.0,-0.0016344450948965585,0.03151959608653488,0.03115006604135386,0.0,0.0,0.0,0.0,0.0,0.0,36.55906666666667,69.59378333333333,0.0,0.0,0.0,0.0,0.0,0.0,expanded_welch,Expanded Welch,300,1.0,0.94,39.57084906987022,24.227130531298176,0.10333333333333333,0.07375658473854116,0.14294017243293203,0.003333333333333327,0.06,0.03828636952469206,0.09283944515290846,0.009999999999999995,0.01,0.003406618437715286,0.02898349336233983,0.0
random_2x2_d2,0,2,2,2,120,480,0.15,5.0,1.2,0.6190754953458869,1.0826205105742575,1,0.1499999999999999,0.15000000000000047,-5.551115123125783e-16,0.915170497019181,0.2513868051415515,0.14761426677831058,0.022992818173968144,0.04381333281718803,0.07540379596006368,0.0041592163853350255,9.04845551520764,1.9964238649608121,0.0,0.0,0.0,0.0,True,sparse_imbalanced,Sparse and imbalanced,variant_1,4,30.0,120.0,4.0,1.9964238649608121,0.0,0.0,0.0,0.25,55.54220869740131,173.2763143139465,45.716952664198054,146.05607716808254,0.5371482608549892,0.6190253944650164,0.6390076785126115,0.695716505899828,"[[0.4617444648949256, 0.07540379596006368], [0.15728092957009074, 0.3055708095749201]]","[[0.0041592163853350255, 0.3568331051020535], [0.30012427771483696, 0.3388834007977745]]",3881087075,300,300,1.0,0.00027847691897250134,0.049422715407222026,0.0487745593923861,0.0,0.03166666666666667,0.0,0.0,0.0,0.0,20.837666666666664,53.09697222222223,0.0,0.0,0.0,0.0,0.0,0.0,normal_wald,Normal Wald,300,1.0,0.9333333333333333,,,0.10333333333333333,0.07375658473854116,0.14294017243293203,0.003333333333333327,0.06666666666666667,0.04356751554515827,0.10072305951611497,0.016666666666666663,0.02666666666666667,0.01357306980864709,0.05172894295058983,0.01666666666666667
random_2x2_d2,0,2,2,2,120,480,0.15,5.0,1.2,0.6190754953458869,1.0826205105742575,1,0.1499999999999999,0.15000000000000047,-5.551115123125783e-16,0.915170497019181,0.2513868051415515,0.14761426677831058,0.022992818173968144,0.04381333281718803,0.07540379596006368,0.0041592163853350255,9.04845551520764,1.9964238649608121,0.0,0.0,0.0,0.0,True,sparse_imbalanced,Sparse and imbalanced,variant_1,4,30.0,120.0,4.0,1.9964238649608121,0.0,0.0,0.0,0.25,55.54220869740131,173.2763143139465,45.716952664198054,146.05607716808254,0.5371482608549892,0.6190253944650164,0.6390076785126115,0.695716505899828,"[[0.4617444648949256, 0.07540379596006368], [0.15728092957009074, 0.3055708095749201]]","[[0.0041592163853350255, 0.3568331051020535], [0.30012427771483696, 0.3388834007977745]]",3881087075,300,300,1.0,0.00027847691897250134,0.049422715407222026,0.0487745593923861,0.0,0.03166666666666667,0.0,0.0,0.0,0.0,20.837666666666664,53.09697222222223,0.0,0.0,0.0,0.0,0.0,0.0,simple_welch,Simple Welch,300,1.0,0.9333333333333333,154.28918109722332,141.6260251395261,0.1,0.07094791459501534,0.1391664623846215,0.0,0.06666666666666667,0.04356751554515827,0.10072305951611497,0.016666666666666663,0.02666666666666667,0.01357306980864709,0.05172894295058983,0.01666666666666667
random_2x2_d2,0,2,2,2,120,480,0.15,5.0,1.2,0.6190754953458869,1.0826205105742575,1,0.1499999999999999,0.15000000000000047,-5.551115123125783e-16,0.915170497019181,0.2513868051415515,0.14761426677831058,0.022992818173968144,0.04381333281718803,0.07540379596006368,0.0041592163853350255,9.04845551520764,1.9964238649608121,0.0,0.0,0.0,0.0,True,sparse_imbalanced,Sparse and imbalanced,variant_1,4,30.0,120.0,4.0,1.9964238649608121,0.0,0.0,0.0,0.25,55.54220869740131,173.2763143139465,45.716952664198054,146.05607716808254,0.5371482608549892,0.6190253944650164,0.6390076785126115,0.695716505899828,"[[0.4617444648949256, 0.07540379596006368], [0.15728092957009074, 0.3055708095749201]]","[[0.0041592163853350255, 0.3568331051020535], [0.30012427771483696, 0.3388834007977745]]",3881087075,300,300,1.0,0.00027847691897250134,0.049422715407222026,0.0487745593923861,0.0,0.03166666666666667,0.0,0.0,0.0,0.0,20.837666666666664,53.09697222222223,0.0,0.0,0.0,0.0,0.0,0.0,expanded_welch,Expanded Welch,300,1.0,0.9366666666666666,48.93556718318863,20.52278581365878,0.09666666666666666,0.06815029481828933,0.13538170196951116,0.003333333333333341,0.06333333333333334,0.04091688238391527,0.09679131248552161,0.013333333333333336,0.016666666666666666,0.007139477350633337,0.0384153948330945,0.006666666666666666
random_2x2_d3,0,3,2,2,800,800,0.03,1.0,0.5,0.2841055235301109,0.4227045071170974,3,0.030000000000046212,0.030000000000000082,4.6129766673175254e-14,1.2654326939047986,0.060487893922483105,0.06991867640860254,0.0023142452594488994,0.004649148576355108,0.13208422662301392,0.053194792710446845,105.66738129841113,42.55583416835748,0.0,0.0,0.0,0.0,False,well_sampled,Well sampled,variant_2,4,200.0,200.0,1.0,42.55583416835748,0.0,0.0,0.0,0.0,221.0108213491929,93.00521046177242,265.56495448351063,137.71016484625454,0.723736473313509,0.6680438068956118,0.8837434869227845,0.8278622939421819,"[[0.14417930006347723, 0.13208422662301392], [0.18777689304091105, 0.5359595802725979]]","[[0.11894291334737134, 0.7648005735754132], [0.053194792710446845, 0.06306172036676869]]",2198623536,300,300,1.0,-0.0003335642658338263,0.0137529921361771,0.012836451821336612,0.0,0.0,0.0,0.0,0.0,0.0,73.71047083333333,16.092370833333334,0.0,0.0,0.0,0.0,0.0,0.0,normal_wald,Normal Wald,300,1.0,0.9466666666666667,,,0.11333333333333333,0.08224450187529102,0.15419939587169124,0.013333333333333322,0.05333333333333334,0.033091912519096475,0.08486914177483133,0.003333333333333334,0.016666666666666666,0.007139477350633337,0.0384153948330945,0.006666666666666666
random_2x2_d3,0,3,2,2,800,800,0.03,1.0,0.5,0.2841055235301109,0.4227045071170974,3,0.030000000000046212,0.030000000000000082,4.6129766673175254e-14,1.2654326939047986,0.060487893922483105,0.06991867640860254,0.0023142452594488994,0.004649148576355108,0.13208422662301392,0.053194792710446845,105.66738129841113,42.55583416835748,0.0,0.0,0.0,0.0,False,well_sampled,Well sampled,variant_2,4,200.0,200.0,1.0,42.55583416835748,0.0,0.0,0.0,0.0,221.0108213491929,93.00521046177242,265.56495448351063,137.71016484625454,0.723736473313509,0.6680438068956118,0.8837434869227845,0.8278622939421819,"[[0.14417930006347723, 0.13208422662301392], [0.18777689304091105, 0.5359595802725979]]","[[0.11894291334737134, 0.7648005735754132], [0.053194792710446845, 0.06306172036676869]]",2198623536,300,300,1.0,-0.0003335642658338263,0.0137529921361771,0.012836451821336612,0.0,0.0,0.0,0.0,0.0,0.0,73.71047083333333,16.092370833333334,0.0,0.0,0.0,0.0,0.0,0.0,simple_welch,Simple Welch,300,1.0,0.9466666666666667,1560.730332104629,1330.4108879406624,0.11333333333333333,0.08224450187529102,0.15419939587169124,0.013333333333333322,0.05333333333333334,0.033091912519096475,0.08486914177483133,0.003333333333333334,0.016666666666666666,0.007139477350633337,0.0384153948330945,0.006666666666666666
random_2x2_d3,0,3,2,2,800,800,0.03,1.0,0.5,0.2841055235301109,0.4227045071170974,3,0.030000000000046212,0.030000000000000082,4.6129766673175254e-14,1.2654326939047986,0.060487893922483105,0.06991867640860254,0.0023142452594488994,0.004649148576355108,0.13208422662301392,0.053194792710446845,105.66738129841113,42.55583416835748,0.0,0.0,0.0,0.0,False,well_sampled,Well sampled,variant_2,4,200.0,200.0,1.0,42.55583416835748,0.0,0.0,0.0,0.0,221.0108213491929,93.00521046177242,265.56495448351063,137.71016484625454,0.723736473313509,0.6680438068956118,0.8837434869227845,0.8278622939421819,"[[0.14417930006347723, 0.13208422662301392], [0.18777689304091105, 0.5359595802725979]]","[[0.11894291334737134, 0.7648005735754132], [0.053194792710446845, 0.06306172036676869]]",2198623536,300,300,1.0,-0.0003335642658338263,0.0137529921361771,0.012836451821336612,0.0,0.0,0.0,0.0,0.0,0.0,73.71047083333333,16.092370833333334,0.0,0.0,0.0,0.0,0.0,0.0,expanded_welch,Expanded Welch,300,1.0,0.95,44.79238388964613,30.581806046839304,0.1,0.07094791459501534,0.1391664623846215,0.0,0.05,0.030531640629347285,0.08084703347274416,0.0,0.013333333333333334,0.005196961739358859,0.03377553025253262,0.003333333333333334
random_2x2_d4,0,4,2,2,120,240,0.07,10.0,0.8,0.4718183958344995,1.2960843945765426,1,0.06999999999999695,0.06999999999999995,-2.9976021664879227e-15,0.750450257087963,0.11641429204151521,0.09905603958635242,0.00019704605061088287,0.00039767635614201585,0.042767600968354795,0.0009437839712759577,5.132112116202576,0.22650815310622985,0.0,0.0,0.0,0.25,False,moderate,Moderate,variant_2,4,30.0,60.0,2.0,0.22650815310622985,0.0,0.25,0.0,0.25,42.15846768734015,14.254087768626608,42.32517160366918,72.18587072906695,0.648679435938832,0.6472902366360901,0.9406079676307225,0.6992255386288877,"[[0.30994216239555505, 0.338737273543277], [0.042767600968354795, 0.3085529630928131]]","[[0.24232621297311072, 0.6982817546576118], [0.05844824839800158, 0.0009437839712759577]]",2768931447,300,300,1.0,-0.002613600718421926,0.03637724226536401,0.0361768683565731,0.0,0.19583333333333333,0.0,0.0,0.0,0.17416666666666666,14.643055555555554,4.416527777777778,0.0,0.0,0.0,0.0,0.0,0.0,normal_wald,Normal Wald,300,1.0,0.9433333333333334,,,0.11,0.07940528531126051,0.1504562322438854,0.009999999999999995,0.056666666666666664,0.035677476463289524,0.08886595802247463,0.006666666666666661,0.013333333333333334,0.005196961739358859,0.03377553025253262,0.003333333333333334
random_2x2_d4,0,4,2,2,120,240,0.07,10.0,0.8,0.4718183958344995,1.2960843945765426,1,0.06999999999999695,0.06999999999999995,-2.9976021664879227e-15,0.750450257087963,0.11641429204151521,0.09905603958635242,0.00019704605061088287,0.00039767635614201585,0.042767600968354795,0.0009437839712759577,5.132112116202576,0.22650815310622985,0.0,0.0,0.0,0.25,False,moderate,Moderate,variant_2,4,30.0,60.0,2.0,0.22650815310622985,0.0,0.25,0.0,0.25,42.15846768734015,14.254087768626608,42.32517160366918,72.18587072906695,0.648679435938832,0.6472902366360901,0.9406079676307225,0.6992255386288877,"[[0.30994216239555505, 0.338737273543277], [0.042767600968354795, 0.3085529630928131]]","[[0.24232621297311072, 0.6982817546576118], [0.05844824839800158, 0.0009437839712759577]]",2768931447,300,300,1.0,-0.002613600718421926,0.03637724226536401,0.0361768683565731,0.0,0.19583333333333333,0.0,0.0,0.0,0.17416666666666666,14.643055555555554,4.416527777777778,0.0,0.0,0.0,0.0,0.0,0.0,simple_welch,Simple Welch,300,1.0,0.9466666666666667,216.2157988896713,168.49344698635224,0.10666666666666667,0.07657584904594215,0.1467032883173674,0.006666666666666668,0.05333333333333334,0.033091912519096475,0.08486914177483133,0.003333333333333334,0.013333333333333334,0.005196961739358859,0.03377553025253262,0.003333333333333334
random_2x2_d4,0,4,2,2,120,240,0.07,10.0,0.8,0.4718183958344995,1.2960843945765426,1,0.06999999999999695,0.06999999999999995,-2.9976021664879227e-15,0.750450257087963,0.11641429204151521,0.09905603958635242,0.00019704605061088287,0.00039767635614201585,0.042767600968354795,0.0009437839712759577,5.132112116202576,0.22650815310622985,0.0,0.0,0.0,0.25,False,moderate,Moderate,variant_2,4,30.0,60.0,2.0,0.22650815310622985,0.0,0.25,0.0,0.25,42.15846768734015,14.254087768626608,42.32517160366918,72.18587072906695,0.648679435938832,0.6472902366360901,0.9406079676307225,0.6992255386288877,"[[0.30994216239555505, 0.338737273543277], [0.042767600968354795, 0.3085529630928131]]","[[0.24232621297311072, 0.6982817546576118], [0.05844824839800158, 0.0009437839712759577]]",2768931447,300,300,1.0,-0.002613600718421926,0.03637724226536401,0.0361768683565731,0.0,0.19583333333333333,0.0,0.0,0.0,0.17416666666666666,14.643055555555554,4.416527777777778,0.0,0.0,0.0,0.0,0.0,0.0,expanded_welch,Expanded Welch,300,1.0,0.9533333333333334,26.850171415976344,13.20472263346327,0.1,0.07094791459501534,0.1391664623846215,0.0,0.04666666666666667,0.027998933682334016,0.07679736022792107,0.003333333333333334,0.006666666666666667,0.0018301483579117855,0.023977583250306973,0.003333333333333333
random_2x2_d5,0,5,2,2,120,480,0.15,2.0,20.0,0.6118247043750241,0.6151420508345405,1,0.14999999999996594,0.1500000000000008,-3.4861002973229915e-14,0.33567490887183127,0.2573024267355912,0.24759891234105771,0.15215559218315822,0.2521371551822227,0.10479508741509884,0.0720055581091215,12.57541048981186,34.56266789237832,0.0,0.0,0.0,0.0,False,sparse_imbalanced,Sparse and imbalanced,variant_2,4,30.0,120.0,4.0,12.57541048981186,0.0,0.0,0.0,0.0,48.6260491903336,204.93382510942615,47.195240148280604,228.14871863879995,0.5947829234138867,0.6067063320976618,0.573054531022029,0.5246901695025002,"[[0.10479508741509884, 0.4899878359987879], [0.28849858048723953, 0.1167184960988738]]","[[0.0720055581091215, 0.35493991086884963], [0.40330427238837835, 0.16975025863365065]]",880372142,300,300,1.0,-0.00031896306643047935,0.0527881870567405,0.051489765578888194,0.0,0.0,0.0,0.0,0.0,0.0,19.14225,96.57108333333332,0.0,0.0,0.0,0.0,0.0,0.0,normal_wald,Normal Wald,300,1.0,0.9333333333333333,,,0.12666666666666668,0.09369224846506605,0.16908117004926168,0.026666666666666672,0.06666666666666667,0.04356751554515827,0.10072305951611497,0.016666666666666663,0.016666666666666666,0.007139477350633337,0.0384153948330945,0.006666666666666666
random_2x2_d5,0,5,2,2,120,480,0.15,2.0,20.0,0.6118247043750241,0.6151420508345405,1,0.14999999999996594,0.1500000000000008,-3.4861002973229915e-14,0.33567490887183127,0.2573024267355912,0.24759891234105771,0.15215559218315822,0.2521371551822227,0.10479508741509884,0.0720055581091215,12.57541048981186,34.56266789237832,0.0,0.0,0.0,0.0,False,sparse_imbalanced,Sparse and imbalanced,variant_2,4,30.0,120.0,4.0,12.57541048981186,0.0,0.0,0.0,0.0,48.6260491903336,204.93382510942615,47.195240148280604,228.14871863879995,0.5947829234138867,0.6067063320976618,0.573054531022029,0.5246901695025002,"[[0.10479508741509884, 0.4899878359987879], [0.28849858048723953, 0.1167184960988738]]","[[0.0720055581091215, 0.35493991086884963], [0.40330427238837835, 0.16975025863365065]]",880372142,300,300,1.0,-0.00031896306643047935,0.0527881870567405,0.051489765578888194,0.0,0.0,0.0,0.0,0.0,0.0,19.14225,96.57108333333332,0.0,0.0,0.0,0.0,0.0,0.0,simple_welch,Simple Welch,300,1.0,0.9333333333333333,180.33039783918065,158.98615964673553,0.12666666666666668,0.09369224846506605,0.16908117004926168,0.026666666666666672,0.06666666666666667,0.04356751554515827,0.10072305951611497,0.016666666666666663,0.016666666666666666,0.007139477350633337,0.0384153948330945,0.006666666666666666
random_2x2_d5,0,5,2,2,120,480,0.15,2.0,20.0,0.6118247043750241,0.6151420508345405,1,0.14999999999996594,0.1500000000000008,-3.4861002973229915e-14,0.33567490887183127,0.2573024267355912,0.24759891234105771,0.15215559218315822,0.2521371551822227,0.10479508741509884,0.0720055581091215,12.57541048981186,34.56266789237832,0.0,0.0,0.0,0.0,False,sparse_imbalanced,Sparse and imbalanced,variant_2,4,30.0,120.0,4.0,12.57541048981186,0.0,0.0,0.0,0.0,48.6260491903336,204.93382510942615,47.195240148280604,228.14871863879995,0.5947829234138867,0.6067063320976618,0.573054531022029,0.5246901695025002,"[[0.10479508741509884, 0.4899878359987879], [0.28849858048723953, 0.1167184960988738]]","[[0.0720055581091215, 0.35493991086884963], [0.40330427238837835, 0.16975025863365065]]",880372142,300,300,1.0,-0.00031896306643047935,0.0527881870567405,0.051489765578888194,0.0,0.0,0.0,0.0,0.0,0.0,19.14225,96.57108333333332,0.0,0.0,0.0,0.0,0.0,0.0,expanded_welch,Expanded Welch,300,1.0,0.9366666666666666,50.64668843130365,25.01491769784968,0.12333333333333334,0.09081731429366793,0.16537372402882342,0.02333333333333333,0.06333333333333334,0.04091688238391527,0.09679131248552161,0.013333333333333336,0.013333333333333334,0.005196961739358859,0.03377553025253262,0.003333333333333334
stress_2x2_d6,0,6,2,2,157,157,0.1,0.8,0.8,0.7250766451713854,0.6240139646297567,3,0.09999999999999998,0.09999999999999998,0.0,0.5270871368195469,0.13024770050285187,0.15021008708526715,3.1352608390489145e-05,6.272721457612939e-05,0.013388291553398563,0.02563639757037737,2.1019617738835743,4.024914418549247,0.0,0.0,0.0,0.0,False,highly_sparse,Highly skewed and sparse,variant_1,4,39.25,39.25,1.0,2.1019617738835743,0.0,0.0,0.25,0.25,52.14372694993174,65.11378687978629,47.50321643276726,44.84901396279196,0.6678743506373775,0.6974317424664507,0.5852625039504058,0.7143374906828538,"[[0.318737357809224, 0.013388291553398563], [0.37869438465722666, 0.2891799659801509]]","[[0.325236392203637, 0.2600261117467688], [0.3891010984792168, 0.02563639757037737]]",3260596029,300,300,1.0,-0.003812729972670182,0.04307599353596892,0.04104642903471661,0.0325,0.005,0.0,0.0,0.0,0.0,15.584203821656052,18.43509554140127,0.0,0.0,0.0,0.0,0.0,0.0,normal_wald,Normal Wald,300,1.0,0.93,,,0.12,0.08795084430363892,0.16165781382701608,0.01999999999999999,0.07,0.04623694482717634,0.10463601042593325,0.020000000000000004,0.01,0.003406618437715286,0.02898349336233983,0.0
stress_2x2_d6,0,6,2,2,157,157,0.1,0.8,0.8,0.7250766451713854,0.6240139646297567,3,0.09999999999999998,0.09999999999999998,0.0,0.5270871368195469,0.13024770050285187,0.15021008708526715,3.1352608390489145e-05,6.272721457612939e-05,0.013388291553398563,0.02563639757037737,2.1019617738835743,4.024914418549247,0.0,0.0,0.0,0.0,False,highly_sparse,Highly skewed and sparse,variant_1,4,39.25,39.25,1.0,2.1019617738835743,0.0,0.0,0.25,0.25,52.14372694993174,65.11378687978629,47.50321643276726,44.84901396279196,0.6678743506373775,0.6974317424664507,0.5852625039504058,0.7143374906828538,"[[0.318737357809224, 0.013388291553398563], [0.37869438465722666, 0.2891799659801509]]","[[0.325236392203637, 0.2600261117467688], [0.3891010984792168, 0.02563639757037737]]",3260596029,300,300,1.0,-0.003812729972670182,0.04307599353596892,0.04104642903471661,0.0325,0.005,0.0,0.0,0.0,0.0,15.584203821656052,18.43509554140127,0.0,0.0,0.0,0.0,0.0,0.0,simple_welch,Simple Welch,300,1.0,0.9333333333333333,306.8588691680068,266.58556678717747,0.12,0.08795084430363892,0.16165781382701608,0.01999999999999999,0.06666666666666667,0.04356751554515827,0.10072305951611497,0.016666666666666663,0.01,0.003406618437715286,0.02898349336233983,0.0
stress_2x2_d6,0,6,2,2,157,157,0.1,0.8,0.8,0.7250766451713854,0.6240139646297567,3,0.09999999999999998,0.09999999999999998,0.0,0.5270871368195469,0.13024770050285187,0.15021008708526715,3.1352608390489145e-05,6.272721457612939e-05,0.013388291553398563,0.02563639757037737,2.1019617738835743,4.024914418549247,0.0,0.0,0.0,0.0,False,highly_sparse,Highly skewed and sparse,variant_1,4,39.25,39.25,1.0,2.1019617738835743,0.0,0.0,0.25,0.25,52.14372694993174,65.11378687978629,47.50321643276726,44.84901396279196,0.6678743506373775,0.6974317424664507,0.5852625039504058,0.7143374906828538,"[[0.318737357809224, 0.013388291553398563], [0.37869438465722666, 0.2891799659801509]]","[[0.325236392203637, 0.2600261117467688], [0.3891010984792168, 0.02563639757037737]]",3260596029,300,300,1.0,-0.003812729972670182,0.04307599353596892,0.04104642903471661,0.0325,0.005,0.0,0.0,0.0,0.0,15.584203821656052,18.43509554140127,0.0,0.0,0.0,0.0,0.0,0.0,expanded_welch,Expanded Welch,300,1.0,0.9333333333333333,79.45632772619652,40.01217491965581,0.12,0.08795084430363892,0.16165781382701608,0.01999999999999999,0.06666666666666667,0.04356751554515827,0.10072305951611497,0.016666666666666663,0.01,0.003406618437715286,0.02898349336233983,0.0
stress_2x2_d7,0,7,2,2,135,540,0.15,1.0,0.6,0.808848235001936,0.9755383523158638,18,0.15000000000001423,0.15000000000000013,1.4099832412739488e-14,1.3912347004233985,0.27962075512013657,0.16742025237670008,0.011562131290418165,0.022802594670778324,0.03318210790969522,0.007009157141281323,4.479584567808854,3.784944856291914,0.0,0.0,0.0,0.0,False,highly_sparse,Highly skewed and sparse,variant_2,4,33.75,135.0,4.0,3.784944856291914,0.0,0.0,0.25,0.25,23.93594761144478,223.04557968894426,35.66583693953874,149.8411675953392,0.8226966843596683,0.7358086152626759,0.5869526302056587,0.7225163563049273,"[[0.03318210790969522, 0.1441212077306365], [0.7026265073529807, 0.12007017700668753]]","[[0.27047448655379125, 0.3164781436518674], [0.007009157141281323, 0.4060382126530599]]",3227718042,300,300,1.0,0.0008651715427007141,0.05165464945131066,0.048414465727187536,0.0008333333333333334,0.005,0.0,0.0,0.058333333333333334,0.0,6.4368641975308645,61.99687654320987,0.0,0.0,0.0,0.0,0.0,0.0,normal_wald,Normal Wald,300,1.0,0.91,,,0.12333333333333334,0.09081731429366793,0.16537372402882342,0.02333333333333333,0.09,0.06259022560547939,0.12777701079864837,0.039999999999999994,0.02666666666666667,0.01357306980864709,0.05172894295058983,0.01666666666666667
stress_2x2_d7,0,7,2,2,135,540,0.15,1.0,0.6,0.808848235001936,0.9755383523158638,18,0.15000000000001423,0.15000000000000013,1.4099832412739488e-14,1.3912347004233985,0.27962075512013657,0.16742025237670008,0.011562131290418165,0.022802594670778324,0.03318210790969522,0.007009157141281323,4.479584567808854,3.784944856291914,0.0,0.0,0.0,0.0,False,highly_sparse,Highly skewed and sparse,variant_2,4,33.75,135.0,4.0,3.784944856291914,0.0,0.0,0.25,0.25,23.93594761144478,223.04557968894426,35.66583693953874,149.8411675953392,0.8226966843596683,0.7358086152626759,0.5869526302056587,0.7225163563049273,"[[0.03318210790969522, 0.1441212077306365], [0.7026265073529807, 0.12007017700668753]]","[[0.27047448655379125, 0.3164781436518674], [0.007009157141281323, 0.4060382126530599]]",3227718042,300,300,1.0,0.0008651715427007141,0.05165464945131066,0.048414465727187536,0.0008333333333333334,0.005,0.0,0.0,0.058333333333333334,0.0,6.4368641975308645,61.99687654320987,0.0,0.0,0.0,0.0,0.0,0.0,simple_welch,Simple Welch,300,1.0,0.9133333333333333,175.35097134119286,162.48652897567234,0.12333333333333334,0.09081731429366793,0.16537372402882342,0.02333333333333333,0.08666666666666667,0.05982889751804312,0.12395595869424827,0.03666666666666667,0.02666666666666667,0.01357306980864709,0.05172894295058983,0.01666666666666667
stress_2x2_d7,0,7,2,2,135,540,0.15,1.0,0.6,0.808848235001936,0.9755383523158638,18,0.15000000000001423,0.15000000000000013,1.4099832412739488e-14,1.3912347004233985,0.27962075512013657,0.16742025237670008,0.011562131290418165,0.022802594670778324,0.03318210790969522,0.007009157141281323,4.479584567808854,3.784944856291914,0.0,0.0,0.0,0.0,False,highly_sparse,Highly skewed and sparse,variant_2,4,33.75,135.0,4.0,3.784944856291914,0.0,0.0,0.25,0.25,23.93594761144478,223.04557968894426,35.66583693953874,149.8411675953392,0.8226966843596683,0.7358086152626759,0.5869526302056587,0.7225163563049273,"[[0.03318210790969522, 0.1441212077306365], [0.7026265073529807, 0.12007017700668753]]","[[0.27047448655379125, 0.3164781436518674], [0.007009157141281323, 0.4060382126530599]]",3227718042,300,300,1.0,0.0008651715427007141,0.05165464945131066,0.048414465727187536,0.0008333333333333334,0.005,0.0,0.0,0.058333333333333334,0.0,6.4368641975308645,61.99687654320987,0.0,0.0,0.0,0.0,0.0,0.0,expanded_welch,Expanded Welch,300,1.0,0.93,52.061165521480234,19.806571975431986,0.12,0.08795084430363892,0.16165781382701608,0.01999999999999999,0.07,0.04623694482717634,0.10463601042593325,0.020000000000000004,0.01,0.003406618437715286,0.02898349336233983,0.0
stress_2x2_d8,0,8,2,2,125,125,0.1,0.6,0.6,0.9301033364410911,0.9488860696557769,47,0.09999999999999826,0.09999999999999987,-1.609823385706477e-15,1.437516664600937,0.1264772157426407,0.17763971181484736,0.0250548628598376,0.047220412464957395,0.00549947865033551,0.00767566387005708,0.6874348312919387,0.9594579837571351,0.0,0.0,0.0,0.25,False,ultra_sparse,Ultra-skewed and sparse,variant_1,4,31.25,31.25,1.0,0.6874348312919387,0.25,0.25,0.25,0.25,59.0139175137394,11.69833753767821,18.564992601064404,33.508315647392386,0.5278886598900849,0.8514800591914848,0.9064132996985744,0.731933474820861,"[[0.5223891812397494, 0.00549947865033551], [0.3290908779517354, 0.14302046215817973]]","[[0.18215548874777046, 0.724257810950804], [0.0859110364313686, 0.00767566387005708]]",1814125591,300,300,1.0,-0.00028204127433826203,0.04795481445319838,0.04664978195836275,0.11666666666666667,0.10416666666666667,0.0,0.0008333333333333334,0.010833333333333334,0.24166666666666667,8.592106666666666,3.193866666666667,0.0,0.0,0.0,0.0,0.0,0.0,normal_wald,Normal Wald,300,1.0,0.94,,,0.13,0.09657536941275233,0.17278042929341172,0.03,0.06,0.03828636952469206,0.09283944515290846,0.009999999999999995,0.02666666666666667,0.01357306980864709,0.05172894295058983,0.01666666666666667
stress_2x2_d8,0,8,2,2,125,125,0.1,0.6,0.6,0.9301033364410911,0.9488860696557769,47,0.09999999999999826,0.09999999999999987,-1.609823385706477e-15,1.437516664600937,0.1264772157426407,0.17763971181484736,0.0250548628598376,0.047220412464957395,0.00549947865033551,0.00767566387005708,0.6874348312919387,0.9594579837571351,0.0,0.0,0.0,0.25,False,ultra_sparse,Ultra-skewed and sparse,variant_1,4,31.25,31.25,1.0,0.6874348312919387,0.25,0.25,0.25,0.25,59.0139175137394,11.69833753767821,18.564992601064404,33.508315647392386,0.5278886598900849,0.8514800591914848,0.9064132996985744,0.731933474820861,"[[0.5223891812397494, 0.00549947865033551], [0.3290908779517354, 0.14302046215817973]]","[[0.18215548874777046, 0.724257810950804], [0.0859110364313686, 0.00767566387005708]]",1814125591,300,300,1.0,-0.00028204127433826203,0.04795481445319838,0.04664978195836275,0.11666666666666667,0.10416666666666667,0.0,0.0008333333333333334,0.010833333333333334,0.24166666666666667,8.592106666666666,3.193866666666667,0.0,0.0,0.0,0.0,0.0,0.0,simple_welch,Simple Welch,300,1.0,0.9433333333333334,235.67073218868074,195.2287319875573,0.12666666666666668,0.09369224846506605,0.16908117004926168,0.026666666666666672,0.056666666666666664,0.035677476463289524,0.08886595802247463,0.006666666666666661,0.02666666666666667,0.01357306980864709,0.05172894295058983,0.01666666666666667
stress_2x2_d8,0,8,2,2,125,125,0.1,0.6,0.6,0.9301033364410911,0.9488860696557769,47,0.09999999999999826,0.09999999999999987,-1.609823385706477e-15,1.437516664600937,0.1264772157426407,0.17763971181484736,0.0250548628598376,0.047220412464957395,0.00549947865033551,0.00767566387005708,0.6874348312919387,0.9594579837571351,0.0,0.0,0.0,0.25,False,ultra_sparse,Ultra-skewed and sparse,variant_1,4,31.25,31.25,1.0,0.6874348312919387,0.25,0.25,0.25,0.25,59.0139175137394,11.69833753767821,18.564992601064404,33.508315647392386,0.5278886598900849,0.8514800591914848,0.9064132996985744,0.731933474820861,"[[0.5223891812397494, 0.00549947865033551], [0.3290908779517354, 0.14302046215817973]]","[[0.18215548874777046, 0.724257810950804], [0.0859110364313686, 0.00767566387005708]]",1814125591,300,300,1.0,-0.00028204127433826203,0.04795481445319838,0.04664978195836275,0.11666666666666667,0.10416666666666667,0.0,0.0008333333333333334,0.010833333333333334,0.24166666666666667,8.592106666666666,3.193866666666667,0.0,0.0,0.0,0.0,0.0,0.0,expanded_welch,Expanded Welch,300,1.0,0.9466666666666667,47.542897898070244,25.380684867757513,0.11333333333333333,0.08224450187529102,0.15419939587169124,0.013333333333333322,0.05333333333333334,0.033091912519096475,0.08486914177483133,0.003333333333333334,0.02666666666666667,0.01357306980864709,0.05172894295058983,0.01666666666666667
stress_2x2_d9,0,9,2,2,522,2088,0.15,0.8,0.45,1.488433440330908,1.7190135087635317,80,0.14999999999999997,0.1499999999999998,1.6653345369377348e-16,0.5716900095204864,0.1936496038237559,0.10582621914063786,0.15785483963228186,0.12402462801195166,0.0011089368552799387,0.0002892281559363682,0.578865038456128,0.6039083895951368,0.0,0.0,0.0,0.0,False,ultra_sparse,Ultra-skewed and sparse,variant_2,4,130.5,522.0,4.0,0.578865038456128,0.25,0.25,0.25,0.25,60.65898167316417,498.63620267140595,158.00337829119078,859.142116895849,0.883795054265969,0.6973115358406307,0.7611895581075643,0.5885334689196127,"[[0.6962025989853508, 0.18759245528061833], [0.0011089368552799387, 0.11509600887875104]]","[[0.4111773029244511, 0.3500122551831132], [0.0002892281559363682, 0.23852121373649943]]",3974158138,300,300,1.0,-0.0017719419349452293,0.021070365269913138,0.02005351955370114,0.14666666666666667,0.13416666666666666,0.0,0.0,0.0,0.0,18.251756066411243,205.97630268199234,0.0,0.0,0.0,0.0,0.0,0.0,normal_wald,Normal Wald,300,1.0,0.94,,,0.11333333333333333,0.08224450187529102,0.15419939587169124,0.013333333333333322,0.06,0.03828636952469206,0.09283944515290846,0.009999999999999995,0.016666666666666666,0.007139477350633337,0.0384153948330945,0.006666666666666666
stress_2x2_d9,0,9,2,2,522,2088,0.15,0.8,0.45,1.488433440330908,1.7190135087635317,80,0.14999999999999997,0.1499999999999998,1.6653345369377348e-16,0.5716900095204864,0.1936496038237559,0.10582621914063786,0.15785483963228186,0.12402462801195166,0.0011089368552799387,0.0002892281559363682,0.578865038456128,0.6039083895951368,0.0,0.0,0.0,0.0,False,ultra_sparse,Ultra-skewed and sparse,variant_2,4,130.5,522.0,4.0,0.578865038456128,0.25,0.25,0.25,0.25,60.65898167316417,498.63620267140595,158.00337829119078,859.142116895849,0.883795054265969,0.6973115358406307,0.7611895581075643,0.5885334689196127,"[[0.6962025989853508, 0.18759245528061833], [0.0011089368552799387, 0.11509600887875104]]","[[0.4111773029244511, 0.3500122551831132], [0.0002892281559363682, 0.23852121373649943]]",3974158138,300,300,1.0,-0.0017719419349452293,0.021070365269913138,0.02005351955370114,0.14666666666666667,0.13416666666666666,0.0,0.0,0.0,0.0,18.251756066411243,205.97630268199234,0.0,0.0,0.0,0.0,0.0,0.0,simple_welch,Simple Welch,300,1.0,0.94,676.6871524881578,637.7936009340239,0.11333333333333333,0.08224450187529102,0.15419939587169124,0.013333333333333322,0.06,0.03828636952469206,0.09283944515290846,0.009999999999999995,0.016666666666666666,0.007139477350633337,0.0384153948330945,0.006666666666666666
stress_2x2_d9,0,9,2,2,522,2088,0.15,0.8,0.45,1.488433440330908,1.7190135087635317,80,0.14999999999999997,0.1499999999999998,1.6653345369377348e-16,0.5716900095204864,0.1936496038237559,0.10582621914063786,0.15785483963228186,0.12402462801195166,0.0011089368552799387,0.0002892281559363682,0.578865038456128,0.6039083895951368,0.0,0.0,0.0,0.0,False,ultra_sparse,Ultra-skewed and sparse,variant_2,4,130.5,522.0,4.0,0.578865038456128,0.25,0.25,0.25,0.25,60.65898167316417,498.63620267140595,158.00337829119078,859.142116895849,0.883795054265969,0.6973115358406307,0.7611895581075643,0.5885334689196127,"[[0.6962025989853508, 0.18759245528061833], [0.0011089368552799387, 0.11509600887875104]]","[[0.4111773029244511, 0.3500122551831132], [0.0002892281559363682, 0.23852121373649943]]",3974158138,300,300,1.0,-0.0017719419349452293,0.021070365269913138,0.02005351955370114,0.14666666666666667,0.13416666666666666,0.0,0.0,0.0,0.0,18.251756066411243,205.97630268199234,0.0,0.0,0.0,0.0,0.0,0.0,expanded_welch,Expanded Welch,300,1.0,0.9466666666666667,200.02924441489836,160.82257299799394,0.11333333333333333,0.08224450187529102,0.15419939587169124,0.013333333333333322,0.05333333333333334,0.033091912519096475,0.08486914177483133,0.003333333333333334,0.016666666666666666,0.007139477350633337,0.0384153948330945,0.006666666666666666
adversarial_2x2_d10,0,10,2,2,120,120,0.03,0.35,0.35,0.9057509867177556,1.0071874822673534,202,0.030000000000000693,0.03000000000000011,5.828670879282072e-16,0.34368376600160766,0.08931136183505776,0.0624754713526306,0.012359775397733641,0.0321539439679088,0.006041953615966719,0.001761035387428146,0.7250344339160062,0.21132424649137752,0.25,0.25,0.5,0.5,False,widespread_sparse,Widespread sparsity,variant_1,4,30.0,30.0,1.0,0.21132424649137752,0.25,0.25,0.5,0.5,2.702711726048838,23.3237376861453,9.941118901930441,2.767701805849086,0.9774774022829265,0.9171573424839131,0.8056355192821226,0.9769358182845911,"[[0.9111153888679464, 0.06636201341498008], [0.006041953615966719, 0.01648064410110693]]","[[0.8038744838946945, 0.001761035387428146], [0.1730613343898966, 0.0213031463279809]]",3229974002,300,298,0.9933333333333333,-0.0018746311548428914,0.03293900621781008,0.033523651607765534,0.14666666666666667,0.2125,0.30416666666666664,0.2633333333333333,0.5033333333333333,0.49416666666666664,0.24313888888888888,0.5690833333333333,0.035,0.0,0.0,0.013333333333333334,0.07,0.02666666666666667,normal_wald,Normal Wald,298,0.9933333333333333,0.9496644295302014,,,0.10738255033557047,0.07709692568432623,0.1476616581290215,0.007382550335570462,0.050335570469798654,0.030738133767481274,0.08137853487344687,0.0003355704697986517,0.003355704697986577,0.0005926100849004742,0.018760128414035106,0.006644295302013423
adversarial_2x2_d10,0,10,2,2,120,120,0.03,0.35,0.35,0.9057509867177556,1.0071874822673534,202,0.030000000000000693,0.03000000000000011,5.828670879282072e-16,0.34368376600160766,0.08931136183505776,0.0624754713526306,0.012359775397733641,0.0321539439679088,0.006041953615966719,0.001761035387428146,0.7250344339160062,0.21132424649137752,0.25,0.25,0.5,0.5,False,widespread_sparse,Widespread sparsity,variant_1,4,30.0,30.0,1.0,0.21132424649137752,0.25,0.25,0.5,0.5,2.702711726048838,23.3237376861453,9.941118901930441,2.767701805849086,0.9774774022829265,0.9171573424839131,0.8056355192821226,0.9769358182845911,"[[0.9111153888679464, 0.06636201341498008], [0.006041953615966719, 0.01648064410110693]]","[[0.8038744838946945, 0.001761035387428146], [0.1730613343898966, 0.0213031463279809]]",3229974002,300,298,0.9933333333333333,-0.0018746311548428914,0.03293900621781008,0.033523651607765534,0.14666666666666667,0.2125,0.30416666666666664,0.2633333333333333,0.5033333333333333,0.49416666666666664,0.24313888888888888,0.5690833333333333,0.035,0.0,0.0,0.013333333333333334,0.07,0.02666666666666667,simple_welch,Simple Welch,298,0.9933333333333333,0.9496644295302014,206.38702701253382,119.0,0.10738255033557047,0.07709692568432623,0.1476616581290215,0.007382550335570462,0.050335570469798654,0.030738133767481274,0.08137853487344687,0.0003355704697986517,0.0,0.0,0.012726743488793251,0.01
adversarial_2x2_d10,0,10,2,2,120,120,0.03,0.35,0.35,0.9057509867177556,1.0071874822673534,202,0.030000000000000693,0.03000000000000011,5.828670879282072e-16,0.34368376600160766,0.08931136183505776,0.0624754713526306,0.012359775397733641,0.0321539439679088,0.006041953615966719,0.001761035387428146,0.7250344339160062,0.21132424649137752,0.25,0.25,0.5,0.5,False,widespread_sparse,Widespread sparsity,variant_1,4,30.0,30.0,1.0,0.21132424649137752,0.25,0.25,0.5,0.5,2.702711726048838,23.3237376861453,9.941118901930441,2.767701805849086,0.9774774022829265,0.9171573424839131,0.8056355192821226,0.9769358182845911,"[[0.9111153888679464, 0.06636201341498008], [0.006041953615966719, 0.01648064410110693]]","[[0.8038744838946945, 0.001761035387428146], [0.1730613343898966, 0.0213031463279809]]",3229974002,300,298,0.9933333333333333,-0.0018746311548428914,0.03293900621781008,0.033523651607765534,0.14666666666666667,0.2125,0.30416666666666664,0.2633333333333333,0.5033333333333333,0.49416666666666664,0.24313888888888888,0.5690833333333333,0.035,0.0,0.0,0.013333333333333334,0.07,0.02666666666666667,expanded_welch,Expanded Welch,273,0.91,0.9926739926739927,7.439369974513371,2.199037475465083,0.04395604395604396,0.025320760657246526,0.07524748132245856,0.056043956043956046,0.007326007326007326,0.002011359892368199,0.026313367386911583,0.042673992673992675,0.0,0.0,0.013876024339194722,0.01
adversarial_2x2_d11,0,11,2,2,120,120,0.03,0.5,0.25,0.8774982144026545,1.0937566996145658,571,0.02999999999999997,0.03000000000000158,-1.609823385706477e-15,1.4937547089917282,0.06063203217644088,0.05187152888218875,0.26209722612732855,0.22027353208133987,0.0028765212083845934,0.000980584666105402,0.3451825450061512,0.11767015993264825,0.25,0.25,0.5,0.5,False,widespread_sparse,Widespread sparsity,variant_2,4,30.0,30.0,1.0,0.11767015993264825,0.25,0.25,0.5,0.5,27.364095127384473,3.01062233311183,3.3878243838445594,30.541624922943612,0.7719658739384627,0.9717681301346287,0.9749114805574015,0.74548645897547,"[[0.0028765212083845934, 0.7690893527300782], [0.025355348656986736, 0.20267877740455054]]","[[0.000980584666105402, 0.02410793477649318], [0.7445058743093645, 0.2304056062480369]]",606157434,300,299,0.9966666666666667,0.0012297560290458025,0.028699652103893997,0.02797178447563237,0.1925,0.23083333333333333,0.22,0.2225,0.4866666666666667,0.49416666666666664,0.7748888888888888,0.773861111111111,0.0,0.025,0.02,0.0,0.04,0.05,normal_wald,Normal Wald,299,0.9966666666666667,0.9464882943143813,,,0.10367892976588629,0.07400659874452448,0.1434057036432983,0.0036789297658862824,0.05351170568561873,0.03320348516607051,0.08514708334679312,0.0035117056856187254,0.0033444816053511705,0.0005906272913373169,0.01869820734656715,0.00665551839464883
adversarial_2x2_d11,0,11,2,2,120,120,0.03,0.5,0.25,0.8774982144026545,1.0937566996145658,571,0.02999999999999997,0.03000000000000158,-1.609823385706477e-15,1.4937547089917282,0.06063203217644088,0.05187152888218875,0.26209722612732855,0.22027353208133987,0.0028765212083845934,0.000980584666105402,0.3451825450061512,0.11767015993264825,0.25,0.25,0.5,0.5,False,widespread_sparse,Widespread sparsity,variant_2,4,30.0,30.0,1.0,0.11767015993264825,0.25,0.25,0.5,0.5,27.364095127384473,3.01062233311183,3.3878243838445594,30.541624922943612,0.7719658739384627,0.9717681301346287,0.9749114805574015,0.74548645897547,"[[0.0028765212083845934, 0.7690893527300782], [0.025355348656986736, 0.20267877740455054]]","[[0.000980584666105402, 0.02410793477649318], [0.7445058743093645, 0.2304056062480369]]",606157434,300,299,0.9966666666666667,0.0012297560290458025,0.028699652103893997,0.02797178447563237,0.1925,0.23083333333333333,0.22,0.2225,0.4866666666666667,0.49416666666666664,0.7748888888888888,0.773861111111111,0.0,0.025,0.02,0.0,0.04,0.05,simple_welch,Simple Welch,299,0.9966666666666667,0.9464882943143813,222.04529581391986,119.0,0.10367892976588629,0.07400659874452448,0.1434057036432983,0.0036789297658862824,0.05351170568561873,0.03320348516607051,0.08514708334679312,0.0035117056856187254,0.0033444816053511705,0.0005906272913373169,0.01869820734656715,0.00665551839464883
adversarial_2x2_d11,0,11,2,2,120,120,0.03,0.5,0.25,0.8774982144026545,1.0937566996145658,571,0.02999999999999997,0.03000000000000158,-1.609823385706477e-15,1.4937547089917282,0.06063203217644088,0.05187152888218875,0.26209722612732855,0.22027353208133987,0.0028765212083845934,0.000980584666105402,0.3451825450061512,0.11767015993264825,0.25,0.25,0.5,0.5,False,widespread_sparse,Widespread sparsity,variant_2,4,30.0,30.0,1.0,0.11767015993264825,0.25,0.25,0.5,0.5,27.364095127384473,3.01062233311183,3.3878243838445594,30.541624922943612,0.7719658739384627,0.9717681301346287,0.9749114805574015,0.74548645897547,"[[0.0028765212083845934, 0.7690893527300782], [0.025355348656986736, 0.20267877740455054]]","[[0.000980584666105402, 0.02410793477649318], [0.7445058743093645, 0.2304056062480369]]",606157434,300,299,0.9966666666666667,0.0012297560290458025,0.028699652103893997,0.02797178447563237,0.1925,0.23083333333333333,0.22,0.2225,0.4866666666666667,0.49416666666666664,0.7748888888888888,0.773861111111111,0.0,0.025,0.02,0.0,0.04,0.05,expanded_welch,Expanded Welch,274,0.9133333333333333,0.9781021897810219,10.474361417170106,3.9566144608901133,0.04744525547445255,0.027933931729433543,0.07947069732541318,0.05255474452554745,0.021897810218978103,0.010073695210009795,0.0469424854850299,0.0281021897810219,0.0,0.0,0.01382608210091937,0.01
adversarial_2x2_d12,0,12,2,2,120,120,0.07,50.0,0.35,0.3954735063492744,0.6227296281030913,16,0.06999999999999995,0.07000000000000062,-6.661338147750939e-16,0.8595012045268222,0.12889408185277165,0.1538373808356646,0.1108212236478433,0.2004037530108082,0.113460448008829,0.037401096149464894,13.61525376105948,4.488131537935788,0.0,0.0,0.0,0.25,False,shape_mismatch,Equal-MI shape mismatch,variant_1,4,30.0,30.0,1.0,4.488131537935788,0.0,0.0,0.0,0.25,56.46259157239582,14.009757432674391,52.193404568439895,25.363645383074466,0.5294784035633683,0.5650549619296676,0.8832520213943802,0.7886362884743795,"[[0.113460448008829, 0.35706114842780284], [0.3214845900615035, 0.2079938135018648]]","[[0.037401096149464894, 0.07934688245615502], [0.7512351923249146, 0.13201682906946555]]",2674302760,300,300,1.0,-0.00148244891614927,0.04503603924325278,0.04820650017461574,0.0,0.0025,0.0,0.0008333333333333334,0.0,0.2425,23.341861111111108,2.9385277777777774,0.0,0.0,0.0,0.0,0.0,0.0,normal_wald,Normal Wald,300,1.0,0.98,,,0.05,0.030531640629347285,0.08084703347274416,0.05,0.02,0.009197631557703614,0.04293962081786058,0.030000000000000002,0.0033333333333333335,0.0005886577218511581,0.018636693694531237,0.006666666666666666
adversarial_2x2_d12,0,12,2,2,120,120,0.07,50.0,0.35,0.3954735063492744,0.6227296281030913,16,0.06999999999999995,0.07000000000000062,-6.661338147750939e-16,0.8595012045268222,0.12889408185277165,0.1538373808356646,0.1108212236478433,0.2004037530108082,0.113460448008829,0.037401096149464894,13.61525376105948,4.488131537935788,0.0,0.0,0.0,0.25,False,shape_mismatch,Equal-MI shape mismatch,variant_1,4,30.0,30.0,1.0,4.488131537935788,0.0,0.0,0.0,0.25,56.46259157239582,14.009757432674391,52.193404568439895,25.363645383074466,0.5294784035633683,0.5650549619296676,0.8832520213943802,0.7886362884743795,"[[0.113460448008829, 0.35706114842780284], [0.3214845900615035, 0.2079938135018648]]","[[0.037401096149464894, 0.07934688245615502], [0.7512351923249146, 0.13201682906946555]]",2674302760,300,300,1.0,-0.00148244891614927,0.04503603924325278,0.04820650017461574,0.0,0.0025,0.0,0.0008333333333333334,0.0,0.2425,23.341861111111108,2.9385277777777774,0.0,0.0,0.0,0.0,0.0,0.0,simple_welch,Simple Welch,300,1.0,0.9833333333333333,227.2489734059817,174.3815463409009,0.05,0.030531640629347285,0.08084703347274416,0.05,0.016666666666666666,0.007139477350633337,0.0384153948330945,0.03333333333333334,0.0033333333333333335,0.0005886577218511581,0.018636693694531237,0.006666666666666666
adversarial_2x2_d12,0,12,2,2,120,120,0.07,50.0,0.35,0.3954735063492744,0.6227296281030913,16,0.06999999999999995,0.07000000000000062,-6.661338147750939e-16,0.8595012045268222,0.12889408185277165,0.1538373808356646,0.1108212236478433,0.2004037530108082,0.113460448008829,0.037401096149464894,13.61525376105948,4.488131537935788,0.0,0.0,0.0,0.25,False,shape_mismatch,Equal-MI shape mismatch,variant_1,4,30.0,30.0,1.0,4.488131537935788,0.0,0.0,0.0,0.25,56.46259157239582,14.009757432674391,52.193404568439895,25.363645383074466,0.5294784035633683,0.5650549619296676,0.8832520213943802,0.7886362884743795,"[[0.113460448008829, 0.35706114842780284], [0.3214845900615035, 0.2079938135018648]]","[[0.037401096149464894, 0.07934688245615502], [0.7512351923249146, 0.13201682906946555]]",2674302760,300,300,1.0,-0.00148244891614927,0.04503603924325278,0.04820650017461574,0.0,0.0025,0.0,0.0008333333333333334,0.0,0.2425,23.341861111111108,2.9385277777777774,0.0,0.0,0.0,0.0,0.0,0.0,expanded_welch,Expanded Welch,300,1.0,0.9833333333333333,20.995551746452946,8.626282363820208,0.04666666666666667,0.027998933682334016,0.07679736022792107,0.05333333333333334,0.016666666666666666,0.007139477350633337,0.0384153948330945,0.03333333333333334,0.0033333333333333335,0.0005886577218511581,0.018636693694531237,0.006666666666666666
adversarial_2x2_d13,0,13,2,2,200,200,0.15,50.0,0.35,0.596200266951417,0.749530720008976,8,0.1499999999999303,0.14999999999999125,-6.09512440519211e-14,0.683458586370727,0.25352977738103716,0.2893775953042818,0.18395483353187592,0.30463769410156255,0.11235083092763733,0.06755476421841006,22.470166185527464,13.510952843682011,0.0,0.0,0.0,0.0,False,shape_mismatch,Equal-MI shape mismatch,variant_2,4,50.0,50.0,1.0,13.510952843682011,0.0,0.0,0.0,0.0,94.18360115585769,46.429753548915066,95.75265705059118,44.115636774141514,0.5290819942207116,0.5212367147470441,0.7678512322554247,0.7794218161292924,"[[0.11235083092763733, 0.3585671748516511], [0.40888588381940677, 0.12019611040130479]]","[[0.06755476421841006, 0.7002964680370146], [0.15302341965229752, 0.07912534809227782]]",3380239290,300,300,1.0,0.00012661882308871665,0.04943293024749328,0.05203650222650482,0.0,0.0,0.0,0.0,0.0,0.0,43.19023333333333,10.39105,0.0,0.0,0.0,0.0,0.0,0.0,normal_wald,Normal Wald,300,1.0,0.97,,,0.10333333333333333,0.07375658473854116,0.14294017243293203,0.003333333333333327,0.03,0.01586185380943231,0.05602253914164096,0.020000000000000004,0.0033333333333333335,0.0005886577218511581,0.018636693694531237,0.006666666666666666
adversarial_2x2_d13,0,13,2,2,200,200,0.15,50.0,0.35,0.596200266951417,0.749530720008976,8,0.1499999999999303,0.14999999999999125,-6.09512440519211e-14,0.683458586370727,0.25352977738103716,0.2893775953042818,0.18395483353187592,0.30463769410156255,0.11235083092763733,0.06755476421841006,22.470166185527464,13.510952843682011,0.0,0.0,0.0,0.0,False,shape_mismatch,Equal-MI shape mismatch,variant_2,4,50.0,50.0,1.0,13.510952843682011,0.0,0.0,0.0,0.0,94.18360115585769,46.429753548915066,95.75265705059118,44.115636774141514,0.5290819942207116,0.5212367147470441,0.7678512322554247,0.7794218161292924,"[[0.11235083092763733, 0.3585671748516511], [0.40888588381940677, 0.12019611040130479]]","[[0.06755476421841006, 0.7002964680370146], [0.15302341965229752, 0.07912534809227782]]",3380239290,300,300,1.0,0.00012661882308871665,0.04943293024749328,0.05203650222650482,0.0,0.0,0.0,0.0,0.0,0.0,43.19023333333333,10.39105,0.0,0.0,0.0,0.0,0.0,0.0,simple_welch,Simple Welch,300,1.0,0.97,394.0932729094993,368.6753030605902,0.1,0.07094791459501534,0.1391664623846215,0.0,0.03,0.01586185380943231,0.05602253914164096,0.020000000000000004,0.0033333333333333335,0.0005886577218511581,0.018636693694531237,0.006666666666666666
adversarial_2x2_d13,0,13,2,2,200,200,0.15,50.0,0.35,0.596200266951417,0.749530720008976,8,0.1499999999999303,0.14999999999999125,-6.09512440519211e-14,0.683458586370727,0.25352977738103716,0.2893775953042818,0.18395483353187592,0.30463769410156255,0.11235083092763733,0.06755476421841006,22.470166185527464,13.510952843682011,0.0,0.0,0.0,0.0,False,shape_mismatch,Equal-MI shape mismatch,variant_2,4,50.0,50.0,1.0,13.510952843682011,0.0,0.0,0.0,0.0,94.18360115585769,46.429753548915066,95.75265705059118,44.115636774141514,0.5290819942207116,0.5212367147470441,0.7678512322554247,0.7794218161292924,"[[0.11235083092763733, 0.3585671748516511], [0.40888588381940677, 0.12019611040130479]]","[[0.06755476421841006, 0.7002964680370146], [0.15302341965229752, 0.07912534809227782]]",3380239290,300,300,1.0,0.00012661882308871665,0.04943293024749328,0.05203650222650482,0.0,0.0,0.0,0.0,0.0,0.0,43.19023333333333,10.39105,0.0,0.0,0.0,0.0,0.0,0.0,expanded_welch,Expanded Welch,300,1.0,0.97,108.36462950276143,62.093333265631166,0.1,0.07094791459501534,0.1391664623846215,0.0,0.03,0.01586185380943231,0.05602253914164096,0.020000000000000004,0.0,0.0,0.012642971224546036,0.01
adversarial_2x2_d14,0,14,2,2,120,1200,0.07,5.0,1.0,0.45693930970630553,0.4495413637074297,2,0.07000000000000017,0.06999999999999829,1.887379141862766e-15,0.7923688005659799,0.11879097189344628,0.13291897917485923,0.06451115463212242,0.12360852100380325,0.049257573264448705,0.07603798980658859,5.910908791733845,91.2455877679063,0.0,0.0,0.0,0.0,False,extreme_imbalance,Extreme sample imbalance,variant_1,4,30.0,300.0,10.0,5.910908791733845,0.0,0.0,0.0,0.0,45.14541812472956,461.3402612823858,42.12224330471302,303.35628661328184,0.6237881822939204,0.6489813057940582,0.6155497822646785,0.7472030944889319,"[[0.049257573264448705, 0.32695424444163096], [0.3017611209414931, 0.32202706135242726]]","[[0.20769130203084193, 0.1767589157044796], [0.5395117924580899, 0.07603798980658859]]",65349617,300,300,1.0,0.0005337922680431508,0.03394998173415297,0.03293190401005863,0.0008333333333333334,0.0,0.0,0.0,0.0,0.0,15.636972222222225,115.96509444444445,0.0,0.0,0.0,0.0,0.0,0.0,normal_wald,Normal Wald,300,1.0,0.9266666666666666,,,0.12333333333333334,0.09081731429366793,0.16537372402882342,0.02333333333333333,0.07333333333333333,0.04892399383922861,0.10853134160571737,0.02333333333333333,0.02666666666666667,0.01357306980864709,0.05172894295058983,0.01666666666666667
adversarial_2x2_d14,0,14,2,2,120,1200,0.07,5.0,1.0,0.45693930970630553,0.4495413637074297,2,0.07000000000000017,0.06999999999999829,1.887379141862766e-15,0.7923688005659799,0.11879097189344628,0.13291897917485923,0.06451115463212242,0.12360852100380325,0.049257573264448705,0.07603798980658859,5.910908791733845,91.2455877679063,0.0,0.0,0.0,0.0,False,extreme_imbalance,Extreme sample imbalance,variant_1,4,30.0,300.0,10.0,5.910908791733845,0.0,0.0,0.0,0.0,45.14541812472956,461.3402612823858,42.12224330471302,303.35628661328184,0.6237881822939204,0.6489813057940582,0.6155497822646785,0.7472030944889319,"[[0.049257573264448705, 0.32695424444163096], [0.3017611209414931, 0.32202706135242726]]","[[0.20769130203084193, 0.1767589157044796], [0.5395117924580899, 0.07603798980658859]]",65349617,300,300,1.0,0.0005337922680431508,0.03394998173415297,0.03293190401005863,0.0008333333333333334,0.0,0.0,0.0,0.0,0.0,15.636972222222225,115.96509444444445,0.0,0.0,0.0,0.0,0.0,0.0,simple_welch,Simple Welch,300,1.0,0.93,146.91592388748063,134.6568793754474,0.12333333333333334,0.09081731429366793,0.16537372402882342,0.02333333333333333,0.07,0.04623694482717634,0.10463601042593325,0.020000000000000004,0.02666666666666667,0.01357306980864709,0.05172894295058983,0.01666666666666667
adversarial_2x2_d14,0,14,2,2,120,1200,0.07,5.0,1.0,0.45693930970630553,0.4495413637074297,2,0.07000000000000017,0.06999999999999829,1.887379141862766e-15,0.7923688005659799,0.11879097189344628,0.13291897917485923,0.06451115463212242,0.12360852100380325,0.049257573264448705,0.07603798980658859,5.910908791733845,91.2455877679063,0.0,0.0,0.0,0.0,False,extreme_imbalance,Extreme sample imbalance,variant_1,4,30.0,300.0,10.0,5.910908791733845,0.0,0.0,0.0,0.0,45.14541812472956,461.3402612823858,42.12224330471302,303.35628661328184,0.6237881822939204,0.6489813057940582,0.6155497822646785,0.7472030944889319,"[[0.049257573264448705, 0.32695424444163096], [0.3017611209414931, 0.32202706135242726]]","[[0.20769130203084193, 0.1767589157044796], [0.5395117924580899, 0.07603798980658859]]",65349617,300,300,1.0,0.0005337922680431508,0.03394998173415297,0.03293190401005863,0.0008333333333333334,0.0,0.0,0.0,0.0,0.0,15.636972222222225,115.96509444444445,0.0,0.0,0.0,0.0,0.0,0.0,expanded_welch,Expanded Welch,300,1.0,0.9533333333333334,17.608734441516546,6.993735547054454,0.09666666666666666,0.06815029481828933,0.13538170196951116,0.003333333333333341,0.04666666666666667,0.027998933682334016,0.07679736022792107,0.003333333333333334,0.006666666666666667,0.0018301483579117855,0.023977583250306973,0.003333333333333333
adversarial_2x2_d15,0,15,2,2,120,2400,0.15,2.0,0.8,1.239367857486222,0.8809278469440838,1,0.15000000000000002,0.15000000000000124,-1.2212453270876722e-15,1.0409220761809006,0.14000550612636276,0.27272958055866287,0.11093851934240839,0.21881010057586586,0.0021835824496933545,0.02119295128046939,0.26202989396320253,50.86308307312653,0.0,0.0,0.0,0.0,False,extreme_imbalance,Extreme sample imbalance,variant_2,4,30.0,600.0,20.0,0.26202989396320253,0.25,0.0,0.25,0.0,54.21598200944545,369.5123676364299,27.138196092606908,635.2820763556149,0.5482001499212881,0.7738483658949425,0.8460365134848209,0.7352991348518272,"[[0.2239680516553642, 0.32423209826592386], [0.0021835824496933545, 0.4496162676290187]]","[[0.13193032991346315, 0.7141061835713578], [0.13277053523470972, 0.02119295128046939]]",796464720,300,300,1.0,-2.9549494438860143e-05,0.03558706442241148,0.033108053107366926,0.19333333333333333,0.0,0.0,0.0,0.0,0.0,12.041944444444445,97.97310833333334,0.0,0.0,0.0,0.0,0.0,0.0,normal_wald,Normal Wald,300,1.0,0.9366666666666666,,,0.12333333333333334,0.09081731429366793,0.16537372402882342,0.02333333333333333,0.06333333333333334,0.04091688238391527,0.09679131248552161,0.013333333333333336,0.02666666666666667,0.01357306980864709,0.05172894295058983,0.01666666666666667
adversarial_2x2_d15,0,15,2,2,120,2400,0.15,2.0,0.8,1.239367857486222,0.8809278469440838,1,0.15000000000000002,0.15000000000000124,-1.2212453270876722e-15,1.0409220761809006,0.14000550612636276,0.27272958055866287,0.11093851934240839,0.21881010057586586,0.0021835824496933545,0.02119295128046939,0.26202989396320253,50.86308307312653,0.0,0.0,0.0,0.0,False,extreme_imbalance,Extreme sample imbalance,variant_2,4,30.0,600.0,20.0,0.26202989396320253,0.25,0.0,0.25,0.0,54.21598200944545,369.5123676364299,27.138196092606908,635.2820763556149,0.5482001499212881,0.7738483658949425,0.8460365134848209,0.7352991348518272,"[[0.2239680516553642, 0.32423209826592386], [0.0021835824496933545, 0.4496162676290187]]","[[0.13193032991346315, 0.7141061835713578], [0.13277053523470972, 0.02119295128046939]]",796464720,300,300,1.0,-2.9549494438860143e-05,0.03558706442241148,0.033108053107366926,0.19333333333333333,0.0,0.0,0.0,0.0,0.0,12.041944444444445,97.97310833333334,0.0,0.0,0.0,0.0,0.0,0.0,simple_welch,Simple Welch,300,1.0,0.9366666666666666,148.57704371426405,136.88549897286063,0.12333333333333334,0.09081731429366793,0.16537372402882342,0.02333333333333333,0.06333333333333334,0.04091688238391527,0.09679131248552161,0.013333333333333336,0.02,0.009197631557703614,0.04293962081786058,0.01
adversarial_2x2_d15,0,15,2,2,120,2400,0.15,2.0,0.8,1.239367857486222,0.8809278469440838,1,0.15000000000000002,0.15000000000000124,-1.2212453270876722e-15,1.0409220761809006,0.14000550612636276,0.27272958055866287,0.11093851934240839,0.21881010057586586,0.0021835824496933545,0.02119295128046939,0.26202989396320253,50.86308307312653,0.0,0.0,0.0,0.0,False,extreme_imbalance,Extreme sample imbalance,variant_2,4,30.0,600.0,20.0,0.26202989396320253,0.25,0.0,0.25,0.0,54.21598200944545,369.5123676364299,27.138196092606908,635.2820763556149,0.5482001499212881,0.7738483658949425,0.8460365134848209,0.7352991348518272,"[[0.2239680516553642, 0.32423209826592386], [0.0021835824496933545, 0.4496162676290187]]","[[0.13193032991346315, 0.7141061835713578], [0.13277053523470972, 0.02119295128046939]]",796464720,300,300,1.0,-2.9549494438860143e-05,0.03558706442241148,0.033108053107366926,0.19333333333333333,0.0,0.0,0.0,0.0,0.0,12.041944444444445,97.97310833333334,0.0,0.0,0.0,0.0,0.0,0.0,expanded_welch,Expanded Welch,300,1.0,0.9433333333333334,51.66611728114814,39.7601060584416,0.11666666666666667,0.08509313461466295,0.1579331433241557,0.016666666666666663,0.056666666666666664,0.035677476463289524,0.08886595802247463,0.006666666666666661,0.02,0.009197631557703614,0.04293962081786058,0.01
zero_mi_2x2_d16,0,16,2,2,400,400,0.0,50.0,20.0,0.0,0.0,1,-2.220446049250313e-16,-3.3306690738754696e-16,1.1102230246251565e-16,0.20166241108079483,1.512392039500802e-32,3.0770606858629305e-33,1.651064168783911e-05,3.301499430780468e-05,0.1847622108762359,0.16019456797177417,73.90488435049436,64.07782718870966,0.0,0.0,0.0,0.0,False,zero_mi,Zero MI (independence),variant_1,4,100.0,100.0,1.0,64.07782718870966,0.0,0.0,0.0,0.0,173.53713175972325,133.2046495435643,170.3494430294535,192.41919079634874,0.5661571706006918,0.5741263924263662,0.6669883761410893,0.5189520230091282,"[[0.24908061852307223, 0.1847622108762359], [0.325045773903294, 0.24111139669739787]]","[[0.17281705588713658, 0.16019456797177417], [0.3461349671219916, 0.3208534090190977]]",3929233077,300,300,1.0,0.00012263200265326014,0.0027532977876085535,0.003254246891825438,0.0,0.0,0.0,0.0,0.0,0.0,73.98690833333335,63.51144166666666,0.0,0.0,0.0,0.0,0.0,0.0,normal_wald,Normal Wald,300,1.0,1.0,,,0.0033333333333333335,0.0005886577218511581,0.018636693694531237,0.09666666666666668,0.0,0.0,0.012642971224546036,0.05,0.0,0.0,0.012642971224546036,0.01
zero_mi_2x2_d16,0,16,2,2,400,400,0.0,50.0,20.0,0.0,0.0,1,-2.220446049250313e-16,-3.3306690738754696e-16,1.1102230246251565e-16,0.20166241108079483,1.512392039500802e-32,3.0770606858629305e-33,1.651064168783911e-05,3.301499430780468e-05,0.1847622108762359,0.16019456797177417,73.90488435049436,64.07782718870966,0.0,0.0,0.0,0.0,False,zero_mi,Zero MI (independence),variant_1,4,100.0,100.0,1.0,64.07782718870966,0.0,0.0,0.0,0.0,173.53713175972325,133.2046495435643,170.3494430294535,192.41919079634874,0.5661571706006918,0.5741263924263662,0.6669883761410893,0.5189520230091282,"[[0.24908061852307223, 0.1847622108762359], [0.325045773903294, 0.24111139669739787]]","[[0.17281705588713658, 0.16019456797177417], [0.3461349671219916, 0.3208534090190977]]",3929233077,300,300,1.0,0.00012263200265326014,0.0027532977876085535,0.003254246891825438,0.0,0.0,0.0,0.0,0.0,0.0,73.98690833333335,63.51144166666666,0.0,0.0,0.0,0.0,0.0,0.0,simple_welch,Simple Welch,300,1.0,1.0,558.9772737434994,400.0861035226169,0.0033333333333333335,0.0005886577218511581,0.018636693694531237,0.09666666666666668,0.0,0.0,0.012642971224546036,0.05,0.0,0.0,0.012642971224546036,0.01
zero_mi_2x2_d16,0,16,2,2,400,400,0.0,50.0,20.0,0.0,0.0,1,-2.220446049250313e-16,-3.3306690738754696e-16,1.1102230246251565e-16,0.20166241108079483,1.512392039500802e-32,3.0770606858629305e-33,1.651064168783911e-05,3.301499430780468e-05,0.1847622108762359,0.16019456797177417,73.90488435049436,64.07782718870966,0.0,0.0,0.0,0.0,False,zero_mi,Zero MI (independence),variant_1,4,100.0,100.0,1.0,64.07782718870966,0.0,0.0,0.0,0.0,173.53713175972325,133.2046495435643,170.3494430294535,192.41919079634874,0.5661571706006918,0.5741263924263662,0.6669883761410893,0.5189520230091282,"[[0.24908061852307223, 0.1847622108762359], [0.325045773903294, 0.24111139669739787]]","[[0.17281705588713658, 0.16019456797177417], [0.3461349671219916, 0.3208534090190977]]",3929233077,300,300,1.0,0.00012263200265326014,0.0027532977876085535,0.003254246891825438,0.0,0.0,0.0,0.0,0.0,0.0,73.98690833333335,63.51144166666666,0.0,0.0,0.0,0.0,0.0,0.0,expanded_welch,Expanded Welch,300,1.0,1.0,0.7368499060284555,0.052427569875799794,0.0,0.0,0.012642971224546036,0.1,0.0,0.0,0.012642971224546036,0.05,0.0,0.0,0.012642971224546036,0.01
zero_mi_2x2_d17,0,17,2,2,120,480,0.0,2.0,0.8,0.0,0.0,1,0.0,-1.1102230246251565e-16,1.1102230246251565e-16,0.7478505910064482,1.4664924684545446e-32,8.059222982908824e-33,0.00012750469551742194,0.0002512701823046912,0.04758536188792727,0.023301372508349443,5.710243426551273,11.184658804007732,0.0,0.0,0.0,0.0,False,zero_mi,Zero MI (independence),variant_2,4,30.0,120.0,4.0,5.710243426551273,0.0,0.0,0.0,0.0,55.38344757714075,78.98206784988939,12.37245496918068,67.97284968693347,0.5384712701904937,0.8968962085901608,0.8354540253127305,0.8583898964855553,"[[0.4829528406685819, 0.055518429521911716], [0.413943367921579, 0.04758536188792727]]","[[0.14124460217892013, 0.023301372508349443], [0.7171452943066352, 0.11830873100609529]]",3930232604,300,300,1.0,0.0002749163815220093,0.007411015065146908,0.006881911308489969,0.0025,0.0,0.0016666666666666668,0.0,0.12083333333333333,0.0,5.638583333333333,11.20765277777778,0.0,0.0,0.0,0.0,0.0,0.0,normal_wald,Normal Wald,300,1.0,0.9,,,0.15333333333333332,0.1169664029909169,0.1984660570581017,0.053333333333333316,0.1,0.07094791459501534,0.1391664623846215,0.05,0.05,0.030531640629347285,0.08084703347274416,0.04
zero_mi_2x2_d17,0,17,2,2,120,480,0.0,2.0,0.8,0.0,0.0,1,0.0,-1.1102230246251565e-16,1.1102230246251565e-16,0.7478505910064482,1.4664924684545446e-32,8.059222982908824e-33,0.00012750469551742194,0.0002512701823046912,0.04758536188792727,0.023301372508349443,5.710243426551273,11.184658804007732,0.0,0.0,0.0,0.0,False,zero_mi,Zero MI (independence),variant_2,4,30.0,120.0,4.0,5.710243426551273,0.0,0.0,0.0,0.0,55.38344757714075,78.98206784988939,12.37245496918068,67.97284968693347,0.5384712701904937,0.8968962085901608,0.8354540253127305,0.8583898964855553,"[[0.4829528406685819, 0.055518429521911716], [0.413943367921579, 0.04758536188792727]]","[[0.14124460217892013, 0.023301372508349443], [0.7171452943066352, 0.11830873100609529]]",3930232604,300,300,1.0,0.0002749163815220093,0.007411015065146908,0.006881911308489969,0.0025,0.0,0.0016666666666666668,0.0,0.12083333333333333,0.0,5.638583333333333,11.20765277777778,0.0,0.0,0.0,0.0,0.0,0.0,simple_welch,Simple Welch,300,1.0,0.9033333333333333,133.5015654789576,119.16492157056146,0.15,0.11403246871185319,0.19481761114532903,0.04999999999999999,0.09666666666666666,0.06815029481828933,0.13538170196951116,0.04666666666666666,0.05,0.030531640629347285,0.08084703347274416,0.04
zero_mi_2x2_d17,0,17,2,2,120,480,0.0,2.0,0.8,0.0,0.0,1,0.0,-1.1102230246251565e-16,1.1102230246251565e-16,0.7478505910064482,1.4664924684545446e-32,8.059222982908824e-33,0.00012750469551742194,0.0002512701823046912,0.04758536188792727,0.023301372508349443,5.710243426551273,11.184658804007732,0.0,0.0,0.0,0.0,False,zero_mi,Zero MI (independence),variant_2,4,30.0,120.0,4.0,5.710243426551273,0.0,0.0,0.0,0.0,55.38344757714075,78.98206784988939,12.37245496918068,67.97284968693347,0.5384712701904937,0.8968962085901608,0.8354540253127305,0.8583898964855553,"[[0.4829528406685819, 0.055518429521911716], [0.413943367921579, 0.04758536188792727]]","[[0.14124460217892013, 0.023301372508349443], [0.7171452943066352, 0.11830873100609529]]",3930232604,300,300,1.0,0.0002749163815220093,0.007411015065146908,0.006881911308489969,0.0025,0.0,0.0016666666666666668,0.0,0.12083333333333333,0.0,5.638583333333333,11.20765277777778,0.0,0.0,0.0,0.0,0.0,0.0,expanded_welch,Expanded Welch,300,1.0,0.9933333333333333,0.3427235534270208,0.027648375707567577,0.006666666666666667,0.0018301483579117855,0.023977583250306973,0.09333333333333334,0.006666666666666667,0.0018301483579117855,0.023977583250306973,0.043333333333333335,0.0033333333333333335,0.0005886577218511581,0.018636693694531237,0.006666666666666666
random_2x5_d0,1,0,2,5,1000,1000,0.03,50.0,50.0,0.2924914082347806,0.2625986238951152,1,0.029999999999999805,0.029999999999999583,2.220446049250313e-16,0.43978013440317887,0.05645959294700871,0.05772765844859661,0.01388222936057426,0.027221796834755008,0.02686861618690623,0.05674184099923158,26.86861618690623,56.741840999231584,0.0,0.0,0.0,0.0,False,well_sampled,Well sampled,variant_1,10,100.0,100.0,1.0,26.86861618690623,0.0,0.0,0.0,0.0,395.1832042407071,438.69660886648666,138.89642698446931,172.79560876004132,0.604816795759293,0.25971088086731703,0.5613033911335132,0.22620553847616243,"[[0.1671205625114499, 0.11008921467611399, 0.11202781079756309, 0.1415032616732191, 0.0740759461009469], [0.0925903183558671, 0.06483260256724326, 0.02686861618690623, 0.09988112113685114, 0.11101054599383935]]","[[0.05674184099923158, 0.08843069137848728, 0.08174896467605773, 0.12616433418620243, 0.08561077762650768], [0.11605376776080975, 0.13777484709767515, 0.11047814551631262, 0.0576460723536287, 0.13935055840508703]]",478364860,300,300,1.0,0.001023199898497175,0.010719275991505555,0.010999093808499998,0.0,0.0,0.0,0.0,0.0,0.0,54.260053333333325,73.68296666666666,0.0,0.0,0.0,0.0,0.0,0.0,normal_wald,Normal Wald,300,1.0,0.9666666666666667,,,0.08666666666666667,0.05982889751804312,0.12395595869424827,0.013333333333333336,0.03333333333333333,0.01820494733885481,0.06026182580405482,0.01666666666666667,0.0,0.0,0.012642971224546036,0.01
random_2x5_d0,1,0,2,5,1000,1000,0.03,50.0,50.0,0.2924914082347806,0.2625986238951152,1,0.029999999999999805,0.029999999999999583,2.220446049250313e-16,0.43978013440317887,0.05645959294700871,0.05772765844859661,0.01388222936057426,0.027221796834755008,0.02686861618690623,0.05674184099923158,26.86861618690623,56.741840999231584,0.0,0.0,0.0,0.0,False,well_sampled,Well sampled,variant_1,10,100.0,100.0,1.0,26.86861618690623,0.0,0.0,0.0,0.0,395.1832042407071,438.69660886648666,138.89642698446931,172.79560876004132,0.604816795759293,0.25971088086731703,0.5613033911335132,0.22620553847616243,"[[0.1671205625114499, 0.11008921467611399, 0.11202781079756309, 0.1415032616732191, 0.0740759461009469], [0.0925903183558671, 0.06483260256724326, 0.02686861618690623, 0.09988112113685114, 0.11101054599383935]]","[[0.05674184099923158, 0.08843069137848728, 0.08174896467605773, 0.12616433418620243, 0.08561077762650768], [0.11605376776080975, 0.13777484709767515, 0.11047814551631262, 0.0576460723536287, 0.13935055840508703]]",478364860,300,300,1.0,0.001023199898497175,0.010719275991505555,0.010999093808499998,0.0,0.0,0.0,0.0,0.0,0.0,54.260053333333325,73.68296666666666,0.0,0.0,0.0,0.0,0.0,0.0,simple_welch,Simple Welch,300,1.0,0.9666666666666667,1973.4580830317077,1842.7602047765527,0.08666666666666667,0.05982889751804312,0.12395595869424827,0.013333333333333336,0.03333333333333333,0.01820494733885481,0.06026182580405482,0.01666666666666667,0.0,0.0,0.012642971224546036,0.01
random_2x5_d0,1,0,2,5,1000,1000,0.03,50.0,50.0,0.2924914082347806,0.2625986238951152,1,0.029999999999999805,0.029999999999999583,2.220446049250313e-16,0.43978013440317887,0.05645959294700871,0.05772765844859661,0.01388222936057426,0.027221796834755008,0.02686861618690623,0.05674184099923158,26.86861618690623,56.741840999231584,0.0,0.0,0.0,0.0,False,well_sampled,Well sampled,variant_1,10,100.0,100.0,1.0,26.86861618690623,0.0,0.0,0.0,0.0,395.1832042407071,438.69660886648666,138.89642698446931,172.79560876004132,0.604816795759293,0.25971088086731703,0.5613033911335132,0.22620553847616243,"[[0.1671205625114499, 0.11008921467611399, 0.11202781079756309, 0.1415032616732191, 0.0740759461009469], [0.0925903183558671, 0.06483260256724326, 0.02686861618690623, 0.09988112113685114, 0.11101054599383935]]","[[0.05674184099923158, 0.08843069137848728, 0.08174896467605773, 0.12616433418620243, 0.08561077762650768], [0.11605376776080975, 0.13777484709767515, 0.11047814551631262, 0.0576460723536287, 0.13935055840508703]]",478364860,300,300,1.0,0.001023199898497175,0.010719275991505555,0.010999093808499998,0.0,0.0,0.0,0.0,0.0,0.0,54.260053333333325,73.68296666666666,0.0,0.0,0.0,0.0,0.0,0.0,expanded_welch,Expanded Welch,300,1.0,0.9666666666666667,76.78936143491526,53.72224019749007,0.08,0.054346855395144764,0.11627324043347391,0.020000000000000004,0.03333333333333333,0.01820494733885481,0.06026182580405482,0.01666666666666667,0.0,0.0,0.012642971224546036,0.01
random_2x5_d1,1,1,2,5,500,1000,0.07,20.0,5.0,0.4287150241763076,0.528305774874805,1,0.07000000000000006,0.06999999999995876,4.1300296516055823e-14,0.7859459482529088,0.1209769478745587,0.1329588833051636,0.0320354499625668,0.06355648203664367,0.026498661930883877,0.008497483599605997,13.249330965441938,8.497483599605998,0.0,0.0,0.0,0.0,True,moderate,Moderate,variant_1,10,50.0,100.0,2.0,8.497483599605998,0.0,0.0,0.0,0.0,207.93407971111355,191.15886645131863,72.64261191179361,110.77010958874654,0.5841318405777729,0.23270960544715136,0.8088411335486815,0.29515279032130726,"[[0.11969300214754529, 0.10951830803452263, 0.11456833456930787, 0.07617433251285272, 0.16417786331354445], [0.11301660329960607, 0.035766915789064595, 0.10317302281044974, 0.13741295559222277, 0.026498661930883877]]","[[0.08831678827290391, 0.054205615447675694, 0.008497483599605997, 0.01988299740365314, 0.020255981727479867], [0.1855703838057739, 0.05656449414107083, 0.12053090672362587, 0.17127854028438347, 0.27489680859382737]]",1317290562,300,300,1.0,-0.0015713270014269336,0.02128336712336418,0.019538912294901328,0.0,0.0,0.0,0.0,0.0,0.0,29.973180000000006,20.963476666666665,0.0,0.0,0.0,0.0,0.0,0.0,normal_wald,Normal Wald,300,1.0,0.9233333333333333,,,0.13333333333333333,0.099466416834112,0.17647176206388843,0.033333333333333326,0.07666666666666666,0.05162761178660749,0.11241010385017483,0.026666666666666658,0.006666666666666667,0.0018301483579117855,0.023977583250306973,0.003333333333333333
random_2x5_d1,1,1,2,5,500,1000,0.07,20.0,5.0,0.4287150241763076,0.528305774874805,1,0.07000000000000006,0.06999999999995876,4.1300296516055823e-14,0.7859459482529088,0.1209769478745587,0.1329588833051636,0.0320354499625668,0.06355648203664367,0.026498661930883877,0.008497483599605997,13.249330965441938,8.497483599605998,0.0,0.0,0.0,0.0,True,moderate,Moderate,variant_1,10,50.0,100.0,2.0,8.497483599605998,0.0,0.0,0.0,0.0,207.93407971111355,191.15886645131863,72.64261191179361,110.77010958874654,0.5841318405777729,0.23270960544715136,0.8088411335486815,0.29515279032130726,"[[0.11969300214754529, 0.10951830803452263, 0.11456833456930787, 0.07617433251285272, 0.16417786331354445], [0.11301660329960607, 0.035766915789064595, 0.10317302281044974, 0.13741295559222277, 0.026498661930883877]]","[[0.08831678827290391, 0.054205615447675694, 0.008497483599605997, 0.01988299740365314, 0.020255981727479867], [0.1855703838057739, 0.05656449414107083, 0.12053090672362587, 0.17127854028438347, 0.27489680859382737]]",1317290562,300,300,1.0,-0.0015713270014269336,0.02128336712336418,0.019538912294901328,0.0,0.0,0.0,0.0,0.0,0.0,29.973180000000006,20.963476666666665,0.0,0.0,0.0,0.0,0.0,0.0,simple_welch,Simple Welch,300,1.0,0.9266666666666666,1037.3863723439595,868.8595397834126,0.13333333333333333,0.099466416834112,0.17647176206388843,0.033333333333333326,0.07333333333333333,0.04892399383922861,0.10853134160571737,0.02333333333333333,0.006666666666666667,0.0018301483579117855,0.023977583250306973,0.003333333333333333
random_2x5_d1,1,1,2,5,500,1000,0.07,20.0,5.0,0.4287150241763076,0.528305774874805,1,0.07000000000000006,0.06999999999995876,4.1300296516055823e-14,0.7859459482529088,0.1209769478745587,0.1329588833051636,0.0320354499625668,0.06355648203664367,0.026498661930883877,0.008497483599605997,13.249330965441938,8.497483599605998,0.0,0.0,0.0,0.0,True,moderate,Moderate,variant_1,10,50.0,100.0,2.0,8.497483599605998,0.0,0.0,0.0,0.0,207.93407971111355,191.15886645131863,72.64261191179361,110.77010958874654,0.5841318405777729,0.23270960544715136,0.8088411335486815,0.29515279032130726,"[[0.11969300214754529, 0.10951830803452263, 0.11456833456930787, 0.07617433251285272, 0.16417786331354445], [0.11301660329960607, 0.035766915789064595, 0.10317302281044974, 0.13741295559222277, 0.026498661930883877]]","[[0.08831678827290391, 0.054205615447675694, 0.008497483599605997, 0.01988299740365314, 0.020255981727479867], [0.1855703838057739, 0.05656449414107083, 0.12053090672362587, 0.17127854028438347, 0.27489680859382737]]",1317290562,300,300,1.0,-0.0015713270014269336,0.02128336712336418,0.019538912294901328,0.0,0.0,0.0,0.0,0.0,0.0,29.973180000000006,20.963476666666665,0.0,0.0,0.0,0.0,0.0,0.0,expanded_welch,Expanded Welch,300,1.0,0.9266666666666666,113.437061047116,78.36216986841514,0.13,0.09657536941275233,0.17278042929341172,0.03,0.07333333333333333,0.04892399383922861,0.10853134160571737,0.02333333333333333,0.006666666666666667,0.0018301483579117855,0.023977583250306973,0.003333333333333333
random_2x5_d2,1,2,2,5,250,1000,0.15,5.0,1.2,0.6407101894771617,0.9848620194307617,2,0.15000000000003655,0.14999999999999947,3.708144902248023e-14,1.274534992947182,0.23657480552047355,0.2720394088804804,0.06903467378597505,0.14289226853077527,0.014835171985600101,0.00014226651530539896,3.708792996400025,0.14226651530539897,0.0,0.0,0.0,0.1,False,sparse_imbalanced,Sparse and imbalanced,variant_1,10,25.0,100.0,4.0,0.14226651530539897,0.0,0.1,0.2,0.1,107.83295346097374,176.40877228827864,18.155867625036812,22.733953156141634,0.5686681861561049,0.37297035454268745,0.8235912277117214,0.37583290362442473,"[[0.033960788101510354, 0.2143484620455519, 0.15126622818904475, 0.016921163522187876, 0.014835171985600101], [0.12481917103533302, 0.0401327734531143, 0.22170412635364273, 0.12422381679946773, 0.05778829851454716]]","[[0.10884360478808491, 0.006822522004927017, 0.00014226651530539896, 0.053546389346341025, 0.007053989633620278], [0.05309519834089257, 0.3364019092004064, 0.022591686640836238, 0.3222865142780837, 0.0892159192515025]]",4095152891,300,300,1.0,-0.0006188611540411178,0.03411600378706366,0.03466296803424811,0.0023333333333333335,0.08599999999999998,0.0,0.0,0.0033333333333333335,0.08833333333333332,7.9441733333333335,4.01419,0.0,0.0,0.0,0.0,0.0,0.0,normal_wald,Normal Wald,300,1.0,0.9466666666666667,,,0.1,0.07094791459501534,0.1391664623846215,0.0,0.05333333333333334,0.033091912519096475,0.08486914177483133,0.003333333333333334,0.013333333333333334,0.005196961739358859,0.03377553025253262,0.003333333333333334
random_2x5_d2,1,2,2,5,250,1000,0.15,5.0,1.2,0.6407101894771617,0.9848620194307617,2,0.15000000000003655,0.14999999999999947,3.708144902248023e-14,1.274534992947182,0.23657480552047355,0.2720394088804804,0.06903467378597505,0.14289226853077527,0.014835171985600101,0.00014226651530539896,3.708792996400025,0.14226651530539897,0.0,0.0,0.0,0.1,False,sparse_imbalanced,Sparse and imbalanced,variant_1,10,25.0,100.0,4.0,0.14226651530539897,0.0,0.1,0.2,0.1,107.83295346097374,176.40877228827864,18.155867625036812,22.733953156141634,0.5686681861561049,0.37297035454268745,0.8235912277117214,0.37583290362442473,"[[0.033960788101510354, 0.2143484620455519, 0.15126622818904475, 0.016921163522187876, 0.014835171985600101], [0.12481917103533302, 0.0401327734531143, 0.22170412635364273, 0.12422381679946773, 0.05778829851454716]]","[[0.10884360478808491, 0.006822522004927017, 0.00014226651530539896, 0.053546389346341025, 0.007053989633620278], [0.05309519834089257, 0.3364019092004064, 0.022591686640836238, 0.3222865142780837, 0.0892159192515025]]",4095152891,300,300,1.0,-0.0006188611540411178,0.03411600378706366,0.03466296803424811,0.0023333333333333335,0.08599999999999998,0.0,0.0,0.0033333333333333335,0.08833333333333332,7.9441733333333335,4.01419,0.0,0.0,0.0,0.0,0.0,0.0,simple_welch,Simple Welch,300,1.0,0.9466666666666667,402.28773472621344,367.5161511446179,0.1,0.07094791459501534,0.1391664623846215,0.0,0.05333333333333334,0.033091912519096475,0.08486914177483133,0.003333333333333334,0.013333333333333334,0.005196961739358859,0.03377553025253262,0.003333333333333334
random_2x5_d2,1,2,2,5,250,1000,0.15,5.0,1.2,0.6407101894771617,0.9848620194307617,2,0.15000000000003655,0.14999999999999947,3.708144902248023e-14,1.274534992947182,0.23657480552047355,0.2720394088804804,0.06903467378597505,0.14289226853077527,0.014835171985600101,0.00014226651530539896,3.708792996400025,0.14226651530539897,0.0,0.0,0.0,0.1,False,sparse_imbalanced,Sparse and imbalanced,variant_1,10,25.0,100.0,4.0,0.14226651530539897,0.0,0.1,0.2,0.1,107.83295346097374,176.40877228827864,18.155867625036812,22.733953156141634,0.5686681861561049,0.37297035454268745,0.8235912277117214,0.37583290362442473,"[[0.033960788101510354, 0.2143484620455519, 0.15126622818904475, 0.016921163522187876, 0.014835171985600101], [0.12481917103533302, 0.0401327734531143, 0.22170412635364273, 0.12422381679946773, 0.05778829851454716]]","[[0.10884360478808491, 0.006822522004927017, 0.00014226651530539896, 0.053546389346341025, 0.007053989633620278], [0.05309519834089257, 0.3364019092004064, 0.022591686640836238, 0.3222865142780837, 0.0892159192515025]]",4095152891,300,300,1.0,-0.0006188611540411178,0.03411600378706366,0.03466296803424811,0.0023333333333333335,0.08599999999999998,0.0,0.0,0.0033333333333333335,0.08833333333333332,7.9441733333333335,4.01419,0.0,0.0,0.0,0.0,0.0,0.0,expanded_welch,Expanded Welch,300,1.0,0.95,157.69346605890377,86.06219250239702,0.1,0.07094791459501534,0.1391664623846215,0.0,0.05,0.030531640629347285,0.08084703347274416,0.0,0.013333333333333334,0.005196961739358859,0.03377553025253262,0.003333333333333334
random_2x5_d3,1,3,2,5,2000,2000,0.03,1.0,0.5,1.2644179670794207,0.35107655837749185,1,0.029999999999999805,0.029999999999999805,0.0,0.8033587704905834,0.05543130968629862,0.048088766508159894,0.026423557590278923,0.04509784897359141,1.627435287843792e-05,0.004563880139971754,0.03254870575687584,9.127760279943509,0.0,0.0,0.0,0.0,False,well_sampled,Well sampled,variant_2,10,200.0,200.0,1.0,0.03254870575687584,0.1,0.0,0.1,0.0,125.5958201976707,339.371748696763,161.49211201178602,77.56358276452004,0.9372020899011648,0.35505615233035615,0.8303141256516187,0.3841829924420401,"[[0.3318355377950116, 0.08072978165301457, 0.08437353566971552, 0.1206455594591149, 0.3196176753243081], [0.0232206145353445, 1.627435287843792e-05, 0.024813266121790575, 0.009952177420318651, 0.004795577668503192]]","[[0.28946312995651274, 0.2757340054982598, 0.17877243553986888, 0.05424016500492608, 0.03210438965205106], [0.09471986248552736, 0.014799980822391602, 0.04892474917028186, 0.004563880139971754, 0.006677401730208955]]",3564677104,300,300,1.0,0.0004939381946469786,0.007301853208398109,0.007236676785576851,0.09766666666666664,0.0,0.0,0.0,0.0,0.0,10.237824999999999,12.998918333333332,0.0,0.0,0.0,0.0,0.0,0.0,normal_wald,Normal Wald,300,1.0,0.9533333333333334,,,0.08,0.054346855395144764,0.11627324043347391,0.020000000000000004,0.04666666666666667,0.027998933682334016,0.07679736022792107,0.003333333333333334,0.006666666666666667,0.0018301483579117855,0.023977583250306973,0.003333333333333333
random_2x5_d3,1,3,2,5,2000,2000,0.03,1.0,0.5,1.2644179670794207,0.35107655837749185,1,0.029999999999999805,0.029999999999999805,0.0,0.8033587704905834,0.05543130968629862,0.048088766508159894,0.026423557590278923,0.04509784897359141,1.627435287843792e-05,0.004563880139971754,0.03254870575687584,9.127760279943509,0.0,0.0,0.0,0.0,False,well_sampled,Well sampled,variant_2,10,200.0,200.0,1.0,0.03254870575687584,0.1,0.0,0.1,0.0,125.5958201976707,339.371748696763,161.49211201178602,77.56358276452004,0.9372020899011648,0.35505615233035615,0.8303141256516187,0.3841829924420401,"[[0.3318355377950116, 0.08072978165301457, 0.08437353566971552, 0.1206455594591149, 0.3196176753243081], [0.0232206145353445, 1.627435287843792e-05, 0.024813266121790575, 0.009952177420318651, 0.004795577668503192]]","[[0.28946312995651274, 0.2757340054982598, 0.17877243553986888, 0.05424016500492608, 0.03210438965205106], [0.09471986248552736, 0.014799980822391602, 0.04892474917028186, 0.004563880139971754, 0.006677401730208955]]",3564677104,300,300,1.0,0.0004939381946469786,0.007301853208398109,0.007236676785576851,0.09766666666666664,0.0,0.0,0.0,0.0,0.0,10.237824999999999,12.998918333333332,0.0,0.0,0.0,0.0,0.0,0.0,simple_welch,Simple Welch,300,1.0,0.9533333333333334,3959.0798148802132,3716.4623418723863,0.08,0.054346855395144764,0.11627324043347391,0.020000000000000004,0.04666666666666667,0.027998933682334016,0.07679736022792107,0.003333333333333334,0.006666666666666667,0.0018301483579117855,0.023977583250306973,0.003333333333333333
random_2x5_d3,1,3,2,5,2000,2000,0.03,1.0,0.5,1.2644179670794207,0.35107655837749185,1,0.029999999999999805,0.029999999999999805,0.0,0.8033587704905834,0.05543130968629862,0.048088766508159894,0.026423557590278923,0.04509784897359141,1.627435287843792e-05,0.004563880139971754,0.03254870575687584,9.127760279943509,0.0,0.0,0.0,0.0,False,well_sampled,Well sampled,variant_2,10,200.0,200.0,1.0,0.03254870575687584,0.1,0.0,0.1,0.0,125.5958201976707,339.371748696763,161.49211201178602,77.56358276452004,0.9372020899011648,0.35505615233035615,0.8303141256516187,0.3841829924420401,"[[0.3318355377950116, 0.08072978165301457, 0.08437353566971552, 0.1206455594591149, 0.3196176753243081], [0.0232206145353445, 1.627435287843792e-05, 0.024813266121790575, 0.009952177420318651, 0.004795577668503192]]","[[0.28946312995651274, 0.2757340054982598, 0.17877243553986888, 0.05424016500492608, 0.03210438965205106], [0.09471986248552736, 0.014799980822391602, 0.04892474917028186, 0.004563880139971754, 0.006677401730208955]]",3564677104,300,300,1.0,0.0004939381946469786,0.007301853208398109,0.007236676785576851,0.09766666666666664,0.0,0.0,0.0,0.0,0.0,10.237824999999999,12.998918333333332,0.0,0.0,0.0,0.0,0.0,0.0,expanded_welch,Expanded Welch,300,1.0,0.9533333333333334,119.83110935017896,93.66428664062775,0.08,0.054346855395144764,0.11627324043347391,0.020000000000000004,0.04666666666666667,0.027998933682334016,0.07679736022792107,0.003333333333333334,0.006666666666666667,0.0018301483579117855,0.023977583250306973,0.003333333333333333
random_2x5_d4,1,4,2,5,200,400,0.07,10.0,0.8,0.406637661343333,0.4472360350540005,1,0.06999999999999984,0.07000000000000028,-4.440892098500626e-16,0.8731445960844337,0.12633410596303055,0.1280799618184045,0.04298825707437959,0.08240220485512333,0.03283030299497072,0.01199708016714027,6.566060598994144,4.798832066856108,0.0,0.0,0.0,0.0,False,moderate,Moderate,variant_2,10,20.0,40.0,2.0,4.798832066856108,0.0,0.0,0.0,0.1,97.72269149854071,164.2250781509679,21.507667961181447,24.860054499222947,0.5113865425072965,0.2760225512549984,0.5894373046225803,0.562860267517751,"[[0.11623111864119182, 0.16980251092820983, 0.11979033360355397, 0.04888481402907772, 0.056677765305263174], [0.03283030299497072, 0.07982727116954555, 0.15623221765144443, 0.05865352577682952, 0.16107013989991334]]","[[0.37291632550196513, 0.03750057286198953, 0.062376700658278605, 0.0589649305685446, 0.05767877503180243], [0.18994394201578588, 0.024649563386067837, 0.16792454354606667, 0.016047566262359054, 0.01199708016714027]]",3875519215,300,300,1.0,-0.0012949149809900777,0.034137042831395105,0.03160862464126088,0.0006666666666666668,0.0013333333333333335,0.0,0.0,0.0003333333333333334,0.0,9.775283333333334,9.2364,0.0,0.0,0.0,0.0,0.0,0.0,normal_wald,Normal Wald,300,1.0,0.92,,,0.13,0.09657536941275233,0.17278042929341172,0.03,0.08,0.054346855395144764,0.11627324043347391,0.03,0.01,0.003406618437715286,0.02898349336233983,0.0
random_2x5_d4,1,4,2,5,200,400,0.07,10.0,0.8,0.406637661343333,0.4472360350540005,1,0.06999999999999984,0.07000000000000028,-4.440892098500626e-16,0.8731445960844337,0.12633410596303055,0.1280799618184045,0.04298825707437959,0.08240220485512333,0.03283030299497072,0.01199708016714027,6.566060598994144,4.798832066856108,0.0,0.0,0.0,0.0,False,moderate,Moderate,variant_2,10,20.0,40.0,2.0,4.798832066856108,0.0,0.0,0.0,0.1,97.72269149854071,164.2250781509679,21.507667961181447,24.860054499222947,0.5113865425072965,0.2760225512549984,0.5894373046225803,0.562860267517751,"[[0.11623111864119182, 0.16980251092820983, 0.11979033360355397, 0.04888481402907772, 0.056677765305263174], [0.03283030299497072, 0.07982727116954555, 0.15623221765144443, 0.05865352577682952, 0.16107013989991334]]","[[0.37291632550196513, 0.03750057286198953, 0.062376700658278605, 0.0589649305685446, 0.05767877503180243], [0.18994394201578588, 0.024649563386067837, 0.16792454354606667, 0.016047566262359054, 0.01199708016714027]]",3875519215,300,300,1.0,-0.0012949149809900777,0.034137042831395105,0.03160862464126088,0.0006666666666666668,0.0013333333333333335,0.0,0.0,0.0003333333333333334,0.0,9.775283333333334,9.2364,0.0,0.0,0.0,0.0,0.0,0.0,simple_welch,Simple Welch,300,1.0,0.92,404.4593194337501,306.2703050745751,0.13,0.09657536941275233,0.17278042929341172,0.03,0.08,0.054346855395144764,0.11627324043347391,0.03,0.01,0.003406618437715286,0.02898349336233983,0.0
random_2x5_d4,1,4,2,5,200,400,0.07,10.0,0.8,0.406637661343333,0.4472360350540005,1,0.06999999999999984,0.07000000000000028,-4.440892098500626e-16,0.8731445960844337,0.12633410596303055,0.1280799618184045,0.04298825707437959,0.08240220485512333,0.03283030299497072,0.01199708016714027,6.566060598994144,4.798832066856108,0.0,0.0,0.0,0.0,False,moderate,Moderate,variant_2,10,20.0,40.0,2.0,4.798832066856108,0.0,0.0,0.0,0.1,97.72269149854071,164.2250781509679,21.507667961181447,24.860054499222947,0.5113865425072965,0.2760225512549984,0.5894373046225803,0.562860267517751,"[[0.11623111864119182, 0.16980251092820983, 0.11979033360355397, 0.04888481402907772, 0.056677765305263174], [0.03283030299497072, 0.07982727116954555, 0.15623221765144443, 0.05865352577682952, 0.16107013989991334]]","[[0.37291632550196513, 0.03750057286198953, 0.062376700658278605, 0.0589649305685446, 0.05767877503180243], [0.18994394201578588, 0.024649563386067837, 0.16792454354606667, 0.016047566262359054, 0.01199708016714027]]",3875519215,300,300,1.0,-0.0012949149809900777,0.034137042831395105,0.03160862464126088,0.0006666666666666668,0.0013333333333333335,0.0,0.0,0.0003333333333333334,0.0,9.775283333333334,9.2364,0.0,0.0,0.0,0.0,0.0,0.0,expanded_welch,Expanded Welch,300,1.0,0.9333333333333333,45.02398859260618,24.69579526673778,0.12333333333333334,0.09081731429366793,0.16537372402882342,0.02333333333333333,0.06666666666666667,0.04356751554515827,0.10072305951611497,0.016666666666666663,0.01,0.003406618437715286,0.02898349336233983,0.0
random_2x5_d5,1,5,2,5,120,480,0.15,2.0,20.0,0.7681789926515271,0.66155754905705,1,0.15000000000000036,0.1499999999999999,4.440892098500626e-16,1.0806668926615115,0.2011287140241094,0.23376897981127565,0.05596449734683029,0.10404622857758421,0.003700254504375231,0.014733361386022865,0.4440305405250277,7.072013465290976,0.0,0.0,0.4,0.0,False,sparse_imbalanced,Sparse and imbalanced,variant_2,10,12.0,48.0,4.0,0.4440305405250277,0.1,0.0,0.5,0.0,59.886881642959516,229.58768318669868,5.237581558818739,67.21735830922343,0.5009426529753372,0.3915748890450067,0.5216923266943778,0.27483327450981954,"[[0.028403534171156417, 0.18866190328837484, 0.12838898276705826, 0.039946258485780935, 0.11365666831229214], [0.029008984343998553, 0.010076375052702816, 0.2631859062779484, 0.003700254504375231, 0.19497113279631226]]","[[0.12364066556488171, 0.04063143157897034, 0.1253028017581926, 0.094210003874636, 0.09452277052894152], [0.04065140359311638, 0.21234350922095213, 0.014733361386022865, 0.18062327063518355, 0.07334078185910287]]",2786888119,300,300,1.0,0.0045210283388319086,0.0476833342668932,0.04509818534375783,0.09999999999999999,0.0,0.016999999999999998,0.0,0.3703333333333333,0.0,2.1371666666666664,30.98752777777777,0.0,0.0,0.0013333333333333335,0.0,0.006666666666666667,0.0,normal_wald,Normal Wald,300,1.0,0.9433333333333334,,,0.13,0.09657536941275233,0.17278042929341172,0.03,0.056666666666666664,0.035677476463289524,0.08886595802247463,0.006666666666666661,0.016666666666666666,0.007139477350633337,0.0384153948330945,0.006666666666666666
random_2x5_d5,1,5,2,5,120,480,0.15,2.0,20.0,0.7681789926515271,0.66155754905705,1,0.15000000000000036,0.1499999999999999,4.440892098500626e-16,1.0806668926615115,0.2011287140241094,0.23376897981127565,0.05596449734683029,0.10404622857758421,0.003700254504375231,0.014733361386022865,0.4440305405250277,7.072013465290976,0.0,0.0,0.4,0.0,False,sparse_imbalanced,Sparse and imbalanced,variant_2,10,12.0,48.0,4.0,0.4440305405250277,0.1,0.0,0.5,0.0,59.886881642959516,229.58768318669868,5.237581558818739,67.21735830922343,0.5009426529753372,0.3915748890450067,0.5216923266943778,0.27483327450981954,"[[0.028403534171156417, 0.18866190328837484, 0.12838898276705826, 0.039946258485780935, 0.11365666831229214], [0.029008984343998553, 0.010076375052702816, 0.2631859062779484, 0.003700254504375231, 0.19497113279631226]]","[[0.12364066556488171, 0.04063143157897034, 0.1253028017581926, 0.094210003874636, 0.09452277052894152], [0.04065140359311638, 0.21234350922095213, 0.014733361386022865, 0.18062327063518355, 0.07334078185910287]]",2786888119,300,300,1.0,0.0045210283388319086,0.0476833342668932,0.04509818534375783,0.09999999999999999,0.0,0.016999999999999998,0.0,0.3703333333333333,0.0,2.1371666666666664,30.98752777777777,0.0,0.0,0.0013333333333333335,0.0,0.006666666666666667,0.0,simple_welch,Simple Welch,300,1.0,0.9433333333333334,202.63412532168735,174.04043488303662,0.13,0.09657536941275233,0.17278042929341172,0.03,0.056666666666666664,0.035677476463289524,0.08886595802247463,0.006666666666666661,0.013333333333333334,0.005196961739358859,0.03377553025253262,0.003333333333333334
random_2x5_d5,1,5,2,5,120,480,0.15,2.0,20.0,0.7681789926515271,0.66155754905705,1,0.15000000000000036,0.1499999999999999,4.440892098500626e-16,1.0806668926615115,0.2011287140241094,0.23376897981127565,0.05596449734683029,0.10404622857758421,0.003700254504375231,0.014733361386022865,0.4440305405250277,7.072013465290976,0.0,0.0,0.4,0.0,False,sparse_imbalanced,Sparse and imbalanced,variant_2,10,12.0,48.0,4.0,0.4440305405250277,0.1,0.0,0.5,0.0,59.886881642959516,229.58768318669868,5.237581558818739,67.21735830922343,0.5009426529753372,0.3915748890450067,0.5216923266943778,0.27483327450981954,"[[0.028403534171156417, 0.18866190328837484, 0.12838898276705826, 0.039946258485780935, 0.11365666831229214], [0.029008984343998553, 0.010076375052702816, 0.2631859062779484, 0.003700254504375231, 0.19497113279631226]]","[[0.12364066556488171, 0.04063143157897034, 0.1253028017581926, 0.094210003874636, 0.09452277052894152], [0.04065140359311638, 0.21234350922095213, 0.014733361386022865, 0.18062327063518355, 0.07334078185910287]]",2786888119,300,300,1.0,0.0045210283388319086,0.0476833342668932,0.04509818534375783,0.09999999999999999,0.0,0.016999999999999998,0.0,0.3703333333333333,0.0,2.1371666666666664,30.98752777777777,0.0,0.0,0.0013333333333333335,0.0,0.006666666666666667,0.0,expanded_welch,Expanded Welch,300,1.0,0.9433333333333334,84.29656554522249,44.99181994372196,0.11666666666666667,0.08509313461466295,0.1579331433241557,0.016666666666666663,0.056666666666666664,0.035677476463289524,0.08886595802247463,0.006666666666666661,0.013333333333333334,0.005196961739358859,0.03377553025253262,0.003333333333333334
stress_2x5_d6,1,6,2,5,25775,25775,0.1,0.8,0.8,0.6671327557351476,0.7246983362618203,1,0.09999999999999964,0.10000000000000009,-4.440892098500626e-16,1.6078050284651095,0.16640353986871453,0.20258664716140268,0.030979626141439898,0.05906822710482129,9.112753819893591e-05,0.00012322496939780819,2.348812297077573,3.1761235862285058,0.0,0.0,0.0,0.0,False,highly_sparse,Highly skewed and sparse,variant_1,10,2577.5,2577.5,1.0,2.348812297077573,0.0,0.0,0.1,0.1,7499.958788628426,5616.015556709698,54.64630352872271,194.01779113102694,0.7090219674634946,0.4195638296366427,0.7821138484302737,0.4785898578104918,"[[0.00911746470981572, 0.03830126534543669, 0.19945596743143715, 0.044012207511616906, 9.112753819893591e-05], [0.13091173286380067, 0.31734710689932816, 0.22010786220520553, 0.038626264865416475, 0.0020290006297437493]]","[[0.428382385416242, 0.21587008890751863, 0.046066505596081955, 0.007404138411049406, 0.0843907300993817], [0.05020747239424975, 0.02979771208736445, 0.012959574086106792, 0.00012322496939780819, 0.1247981680326076]]",4287286767,300,300,1.0,5.931659956239805e-05,0.0038934049280329747,0.0037838453839847725,0.007333333333333334,0.002333333333333333,0.0,0.0,0.0,0.0,16.12262657613967,42.18629227287423,0.0,0.0,0.0,0.0,0.0,0.0,normal_wald,Normal Wald,300,1.0,0.9533333333333334,,,0.09333333333333334,0.06536421957889091,0.1315853970170732,0.006666666666666668,0.04666666666666667,0.027998933682334016,0.07679736022792107,0.003333333333333334,0.006666666666666667,0.0018301483579117855,0.023977583250306973,0.003333333333333333
stress_2x5_d6,1,6,2,5,25775,25775,0.1,0.8,0.8,0.6671327557351476,0.7246983362618203,1,0.09999999999999964,0.10000000000000009,-4.440892098500626e-16,1.6078050284651095,0.16640353986871453,0.20258664716140268,0.030979626141439898,0.05906822710482129,9.112753819893591e-05,0.00012322496939780819,2.348812297077573,3.1761235862285058,0.0,0.0,0.0,0.0,False,highly_sparse,Highly skewed and sparse,variant_1,10,2577.5,2577.5,1.0,2.348812297077573,0.0,0.0,0.1,0.1,7499.958788628426,5616.015556709698,54.64630352872271,194.01779113102694,0.7090219674634946,0.4195638296366427,0.7821138484302737,0.4785898578104918,"[[0.00911746470981572, 0.03830126534543669, 0.19945596743143715, 0.044012207511616906, 9.112753819893591e-05], [0.13091173286380067, 0.31734710689932816, 0.22010786220520553, 0.038626264865416475, 0.0020290006297437493]]","[[0.428382385416242, 0.21587008890751863, 0.046066505596081955, 0.007404138411049406, 0.0843907300993817], [0.05020747239424975, 0.02979771208736445, 0.012959574086106792, 0.00012322496939780819, 0.1247981680326076]]",4287286767,300,300,1.0,5.931659956239805e-05,0.0038934049280329747,0.0037838453839847725,0.007333333333333334,0.002333333333333333,0.0,0.0,0.0,0.0,16.12262657613967,42.18629227287423,0.0,0.0,0.0,0.0,0.0,0.0,simple_welch,Simple Welch,300,1.0,0.9533333333333334,51057.67059174698,50781.31716476424,0.09333333333333334,0.06536421957889091,0.1315853970170732,0.006666666666666668,0.04666666666666667,0.027998933682334016,0.07679736022792107,0.003333333333333334,0.006666666666666667,0.0018301483579117855,0.023977583250306973,0.003333333333333333
stress_2x5_d6,1,6,2,5,25775,25775,0.1,0.8,0.8,0.6671327557351476,0.7246983362618203,1,0.09999999999999964,0.10000000000000009,-4.440892098500626e-16,1.6078050284651095,0.16640353986871453,0.20258664716140268,0.030979626141439898,0.05906822710482129,9.112753819893591e-05,0.00012322496939780819,2.348812297077573,3.1761235862285058,0.0,0.0,0.0,0.0,False,highly_sparse,Highly skewed and sparse,variant_1,10,2577.5,2577.5,1.0,2.348812297077573,0.0,0.0,0.1,0.1,7499.958788628426,5616.015556709698,54.64630352872271,194.01779113102694,0.7090219674634946,0.4195638296366427,0.7821138484302737,0.4785898578104918,"[[0.00911746470981572, 0.03830126534543669, 0.19945596743143715, 0.044012207511616906, 9.112753819893591e-05], [0.13091173286380067, 0.31734710689932816, 0.22010786220520553, 0.038626264865416475, 0.0020290006297437493]]","[[0.428382385416242, 0.21587008890751863, 0.046066505596081955, 0.007404138411049406, 0.0843907300993817], [0.05020747239424975, 0.02979771208736445, 0.012959574086106792, 0.00012322496939780819, 0.1247981680326076]]",4287286767,300,300,1.0,5.931659956239805e-05,0.0038934049280329747,0.0037838453839847725,0.007333333333333334,0.002333333333333333,0.0,0.0,0.0,0.0,16.12262657613967,42.18629227287423,0.0,0.0,0.0,0.0,0.0,0.0,expanded_welch,Expanded Welch,300,1.0,0.9533333333333334,7204.8766381913,6840.58822390467,0.09333333333333334,0.06536421957889091,0.1315853970170732,0.006666666666666668,0.04666666666666667,0.027998933682334016,0.07679736022792107,0.003333333333333334,0.006666666666666667,0.0018301483579117855,0.023977583250306973,0.003333333333333333
stress_2x5_d7,1,7,2,5,1122,4488,0.15,1.0,0.6,1.136254843969457,0.7598223745621604,6,0.14999999999999858,0.15000000000000013,-1.5543122344752192e-15,1.0063476248028198,0.22495174889656067,0.24408741239790355,0.16322902949299634,0.2577970550738822,0.0015993081237053123,0.0007718298282057647,1.7944237147973603,3.4639722689874723,0.0,0.0,0.0,0.0,False,highly_sparse,Highly skewed and sparse,variant_2,10,112.2,448.8,4.0,1.7944237147973603,0.0,0.0,0.1,0.1,340.35350567392504,1431.2965995559846,49.986357800714885,55.313562287484324,0.696654629524131,0.6031597150932787,0.6810836453752265,0.481736000899198,"[[0.07915572381299268, 0.03670178358866681, 0.006753035549312239, 0.12968820020573005, 0.05104662731916728], [0.05835239814359144, 0.007849337445838434, 0.15538207092344714, 0.4734715148875487, 0.0015993081237053123]]","[[0.06130149023903512, 0.05073906604763619, 0.011552938952427998, 0.12786182507982305, 0.42962832505630405], [0.0024405991606098153, 0.0630958985288378, 0.0007718298282057647, 0.20050035126422644, 0.052107675842893914]]",2851230002,300,300,1.0,0.001156447522841527,0.015615647690841032,0.015872066600584555,0.018333333333333333,0.0020000000000000005,0.0,0.0,0.0,0.0,14.549414735591204,17.461779560308972,0.0,0.0,0.0,0.0,0.0,0.0,normal_wald,Normal Wald,300,1.0,0.94,,,0.11,0.07940528531126051,0.1504562322438854,0.009999999999999995,0.06,0.03828636952469206,0.09283944515290846,0.009999999999999995,0.006666666666666667,0.0018301483579117855,0.023977583250306973,0.003333333333333333
stress_2x5_d7,1,7,2,5,1122,4488,0.15,1.0,0.6,1.136254843969457,0.7598223745621604,6,0.14999999999999858,0.15000000000000013,-1.5543122344752192e-15,1.0063476248028198,0.22495174889656067,0.24408741239790355,0.16322902949299634,0.2577970550738822,0.0015993081237053123,0.0007718298282057647,1.7944237147973603,3.4639722689874723,0.0,0.0,0.0,0.0,False,highly_sparse,Highly skewed and sparse,variant_2,10,112.2,448.8,4.0,1.7944237147973603,0.0,0.0,0.1,0.1,340.35350567392504,1431.2965995559846,49.986357800714885,55.313562287484324,0.696654629524131,0.6031597150932787,0.6810836453752265,0.481736000899198,"[[0.07915572381299268, 0.03670178358866681, 0.006753035549312239, 0.12968820020573005, 0.05104662731916728], [0.05835239814359144, 0.007849337445838434, 0.15538207092344714, 0.4734715148875487, 0.0015993081237053123]]","[[0.06130149023903512, 0.05073906604763619, 0.011552938952427998, 0.12786182507982305, 0.42962832505630405], [0.0024405991606098153, 0.0630958985288378, 0.0007718298282057647, 0.20050035126422644, 0.052107675842893914]]",2851230002,300,300,1.0,0.001156447522841527,0.015615647690841032,0.015872066600584555,0.018333333333333333,0.0020000000000000005,0.0,0.0,0.0,0.0,14.549414735591204,17.461779560308972,0.0,0.0,0.0,0.0,0.0,0.0,simple_welch,Simple Welch,300,1.0,0.94,1782.8606801246956,1699.4554944225124,0.11,0.07940528531126051,0.1504562322438854,0.009999999999999995,0.06,0.03828636952469206,0.09283944515290846,0.009999999999999995,0.006666666666666667,0.0018301483579117855,0.023977583250306973,0.003333333333333333
stress_2x5_d7,1,7,2,5,1122,4488,0.15,1.0,0.6,1.136254843969457,0.7598223745621604,6,0.14999999999999858,0.15000000000000013,-1.5543122344752192e-15,1.0063476248028198,0.22495174889656067,0.24408741239790355,0.16322902949299634,0.2577970550738822,0.0015993081237053123,0.0007718298282057647,1.7944237147973603,3.4639722689874723,0.0,0.0,0.0,0.0,False,highly_sparse,Highly skewed and sparse,variant_2,10,112.2,448.8,4.0,1.7944237147973603,0.0,0.0,0.1,0.1,340.35350567392504,1431.2965995559846,49.986357800714885,55.313562287484324,0.696654629524131,0.6031597150932787,0.6810836453752265,0.481736000899198,"[[0.07915572381299268, 0.03670178358866681, 0.006753035549312239, 0.12968820020573005, 0.05104662731916728], [0.05835239814359144, 0.007849337445838434, 0.15538207092344714, 0.4734715148875487, 0.0015993081237053123]]","[[0.06130149023903512, 0.05073906604763619, 0.011552938952427998, 0.12786182507982305, 0.42962832505630405], [0.0024405991606098153, 0.0630958985288378, 0.0007718298282057647, 0.20050035126422644, 0.052107675842893914]]",2851230002,300,300,1.0,0.001156447522841527,0.015615647690841032,0.015872066600584555,0.018333333333333333,0.0020000000000000005,0.0,0.0,0.0,0.0,14.549414735591204,17.461779560308972,0.0,0.0,0.0,0.0,0.0,0.0,expanded_welch,Expanded Welch,300,1.0,0.94,530.7321574370696,446.14400842714963,0.11,0.07940528531126051,0.1504562322438854,0.009999999999999995,0.06,0.03828636952469206,0.09283944515290846,0.009999999999999995,0.006666666666666667,0.0018301483579117855,0.023977583250306973,0.003333333333333333
stress_2x5_d8,1,8,2,5,568,568,0.1,0.6,0.6,0.8600224405814947,0.8304849053769479,10,0.09999999999999987,0.10000000000000053,-6.661338147750939e-16,0.8952998992862806,0.19152767646792895,0.16312484283664275,0.04752076562911722,0.09419841512319388,0.0010370627521103883,0.0010599907321774628,0.5890516431987006,0.6020747358767988,0.0,0.0,0.2,0.0,False,ultra_sparse,Ultra-skewed and sparse,variant_1,10,56.8,56.8,1.0,0.5890516431987006,0.1,0.1,0.3,0.2,133.53270134269934,235.99593567695106,13.847383765898584,13.06462806955411,0.7649072159459519,0.6484601121496079,0.5845141977518467,0.5777658733695152,"[[0.07825904081533024, 0.0010370627521103883, 0.006919558726098427, 0.031637983644035673, 0.11723913811647341], [0.5702010713342777, 0.02334213401883782, 0.04193862001639825, 0.005242601679640527, 0.12418278889679771]]","[[0.1990361386823682, 0.021941115024079777, 0.1150005838212599, 0.056934496185842925, 0.022573468534602445], [0.378729734687147, 0.0010599907321774628, 0.024960836193465754, 0.17783386354680464, 0.0019297725922518309]]",1014955703,300,300,1.0,0.0016530996163543232,0.026251449024318915,0.02467043336014908,0.061666666666666654,0.08033333333333333,0.0006666666666666668,0.0,0.16233333333333333,0.08733333333333333,3.2017723004694836,4.719571596244131,0.0,0.0,0.0,0.0,0.0,0.0,normal_wald,Normal Wald,300,1.0,0.94,,,0.10666666666666667,0.07657584904594215,0.1467032883173674,0.006666666666666668,0.06,0.03828636952469206,0.09283944515290846,0.009999999999999995,0.01,0.003406618437715286,0.02898349336233983,0.0
stress_2x5_d8,1,8,2,5,568,568,0.1,0.6,0.6,0.8600224405814947,0.8304849053769479,10,0.09999999999999987,0.10000000000000053,-6.661338147750939e-16,0.8952998992862806,0.19152767646792895,0.16312484283664275,0.04752076562911722,0.09419841512319388,0.0010370627521103883,0.0010599907321774628,0.5890516431987006,0.6020747358767988,0.0,0.0,0.2,0.0,False,ultra_sparse,Ultra-skewed and sparse,variant_1,10,56.8,56.8,1.0,0.5890516431987006,0.1,0.1,0.3,0.2,133.53270134269934,235.99593567695106,13.847383765898584,13.06462806955411,0.7649072159459519,0.6484601121496079,0.5845141977518467,0.5777658733695152,"[[0.07825904081533024, 0.0010370627521103883, 0.006919558726098427, 0.031637983644035673, 0.11723913811647341], [0.5702010713342777, 0.02334213401883782, 0.04193862001639825, 0.005242601679640527, 0.12418278889679771]]","[[0.1990361386823682, 0.021941115024079777, 0.1150005838212599, 0.056934496185842925, 0.022573468534602445], [0.378729734687147, 0.0010599907321774628, 0.024960836193465754, 0.17783386354680464, 0.0019297725922518309]]",1014955703,300,300,1.0,0.0016530996163543232,0.026251449024318915,0.02467043336014908,0.061666666666666654,0.08033333333333333,0.0006666666666666668,0.0,0.16233333333333333,0.08733333333333333,3.2017723004694836,4.719571596244131,0.0,0.0,0.0,0.0,0.0,0.0,simple_welch,Simple Welch,300,1.0,0.94,1121.1467886011483,1067.7581746542944,0.10666666666666667,0.07657584904594215,0.1467032883173674,0.006666666666666668,0.06,0.03828636952469206,0.09283944515290846,0.009999999999999995,0.01,0.003406618437715286,0.02898349336233983,0.0
stress_2x5_d8,1,8,2,5,568,568,0.1,0.6,0.6,0.8600224405814947,0.8304849053769479,10,0.09999999999999987,0.10000000000000053,-6.661338147750939e-16,0.8952998992862806,0.19152767646792895,0.16312484283664275,0.04752076562911722,0.09419841512319388,0.0010370627521103883,0.0010599907321774628,0.5890516431987006,0.6020747358767988,0.0,0.0,0.2,0.0,False,ultra_sparse,Ultra-skewed and sparse,variant_1,10,56.8,56.8,1.0,0.5890516431987006,0.1,0.1,0.3,0.2,133.53270134269934,235.99593567695106,13.847383765898584,13.06462806955411,0.7649072159459519,0.6484601121496079,0.5845141977518467,0.5777658733695152,"[[0.07825904081533024, 0.0010370627521103883, 0.006919558726098427, 0.031637983644035673, 0.11723913811647341], [0.5702010713342777, 0.02334213401883782, 0.04193862001639825, 0.005242601679640527, 0.12418278889679771]]","[[0.1990361386823682, 0.021941115024079777, 0.1150005838212599, 0.056934496185842925, 0.022573468534602445], [0.378729734687147, 0.0010599907321774628, 0.024960836193465754, 0.17783386354680464, 0.0019297725922518309]]",1014955703,300,300,1.0,0.0016530996163543232,0.026251449024318915,0.02467043336014908,0.061666666666666654,0.08033333333333333,0.0006666666666666668,0.0,0.16233333333333333,0.08733333333333333,3.2017723004694836,4.719571596244131,0.0,0.0,0.0,0.0,0.0,0.0,expanded_welch,Expanded Welch,300,1.0,0.9433333333333334,181.9451992153302,129.8276600093173,0.10666666666666667,0.07657584904594215,0.1467032883173674,0.006666666666666668,0.056666666666666664,0.035677476463289524,0.08886595802247463,0.006666666666666661,0.01,0.003406618437715286,0.02898349336233983,0.0
stress_2x5_d9,1,9,2,5,424,1696,0.15,0.8,0.45,1.1188053856596973,0.9011370016065435,1,0.15000000000000102,0.15000000000000902,-7.993605777301127e-15,1.0051257210210143,0.22822777680604078,0.19602037958599888,0.17058320534589977,0.20252841808833835,0.0014573695532223417,0.0003093945643351091,0.6179246905662729,0.524733181112345,0.0,0.0,0.1,0.0,False,ultra_sparse,Ultra-skewed and sparse,variant_2,10,42.4,169.6,4.0,0.524733181112345,0.1,0.2,0.3,0.2,155.67742901509905,313.0234040449957,10.343609106333883,43.65477123952515,0.6328362523228797,0.47045317875513704,0.8154343136527147,0.4570552755641904,"[[0.0029280801871565993, 0.0014573695532223417, 0.3979852850691988, 0.1758562226624588, 0.05460929485084309], [0.02146722430891388, 0.04293831385569553, 0.07246789368593824, 0.22640384853758155, 0.003886467288991183]]","[[0.00598904353180172, 0.00548847706373125, 0.0004721715265593862, 0.17230659966085776, 0.0003093945643351091], [0.04549616635410522, 0.45156679850045917, 0.025267670006179497, 0.23179440049434302, 0.061309278297627945]]",1303512339,300,300,1.0,0.0007523942752759011,0.026254451632902277,0.025007117293694647,0.09966666666666667,0.10766666666666666,0.0010000000000000002,0.0,0.11399999999999996,0.0003333333333333334,3.8315408805031437,8.018181996855347,0.0,0.0,0.0,0.0,0.0,0.0,normal_wald,Normal Wald,300,1.0,0.9433333333333334,,,0.11333333333333333,0.08224450187529102,0.15419939587169124,0.013333333333333322,0.056666666666666664,0.035677476463289524,0.08886595802247463,0.006666666666666661,0.01,0.003406618437715286,0.02898349336233983,0.0
stress_2x5_d9,1,9,2,5,424,1696,0.15,0.8,0.45,1.1188053856596973,0.9011370016065435,1,0.15000000000000102,0.15000000000000902,-7.993605777301127e-15,1.0051257210210143,0.22822777680604078,0.19602037958599888,0.17058320534589977,0.20252841808833835,0.0014573695532223417,0.0003093945643351091,0.6179246905662729,0.524733181112345,0.0,0.0,0.1,0.0,False,ultra_sparse,Ultra-skewed and sparse,variant_2,10,42.4,169.6,4.0,0.524733181112345,0.1,0.2,0.3,0.2,155.67742901509905,313.0234040449957,10.343609106333883,43.65477123952515,0.6328362523228797,0.47045317875513704,0.8154343136527147,0.4570552755641904,"[[0.0029280801871565993, 0.0014573695532223417, 0.3979852850691988, 0.1758562226624588, 0.05460929485084309], [0.02146722430891388, 0.04293831385569553, 0.07246789368593824, 0.22640384853758155, 0.003886467288991183]]","[[0.00598904353180172, 0.00548847706373125, 0.0004721715265593862, 0.17230659966085776, 0.0003093945643351091], [0.04549616635410522, 0.45156679850045917, 0.025267670006179497, 0.23179440049434302, 0.061309278297627945]]",1303512339,300,300,1.0,0.0007523942752759011,0.026254451632902277,0.025007117293694647,0.09966666666666667,0.10766666666666666,0.0010000000000000002,0.0,0.11399999999999996,0.0003333333333333334,3.8315408805031437,8.018181996855347,0.0,0.0,0.0,0.0,0.0,0.0,simple_welch,Simple Welch,300,1.0,0.9433333333333334,623.7083146898631,578.7977139603225,0.11333333333333333,0.08224450187529102,0.15419939587169124,0.013333333333333322,0.056666666666666664,0.035677476463289524,0.08886595802247463,0.006666666666666661,0.01,0.003406618437715286,0.02898349336233983,0.0
stress_2x5_d9,1,9,2,5,424,1696,0.15,0.8,0.45,1.1188053856596973,0.9011370016065435,1,0.15000000000000102,0.15000000000000902,-7.993605777301127e-15,1.0051257210210143,0.22822777680604078,0.19602037958599888,0.17058320534589977,0.20252841808833835,0.0014573695532223417,0.0003093945643351091,0.6179246905662729,0.524733181112345,0.0,0.0,0.1,0.0,False,ultra_sparse,Ultra-skewed and sparse,variant_2,10,42.4,169.6,4.0,0.524733181112345,0.1,0.2,0.3,0.2,155.67742901509905,313.0234040449957,10.343609106333883,43.65477123952515,0.6328362523228797,0.47045317875513704,0.8154343136527147,0.4570552755641904,"[[0.0029280801871565993, 0.0014573695532223417, 0.3979852850691988, 0.1758562226624588, 0.05460929485084309], [0.02146722430891388, 0.04293831385569553, 0.07246789368593824, 0.22640384853758155, 0.003886467288991183]]","[[0.00598904353180172, 0.00548847706373125, 0.0004721715265593862, 0.17230659966085776, 0.0003093945643351091], [0.04549616635410522, 0.45156679850045917, 0.025267670006179497, 0.23179440049434302, 0.061309278297627945]]",1303512339,300,300,1.0,0.0007523942752759011,0.026254451632902277,0.025007117293694647,0.09966666666666667,0.10766666666666666,0.0010000000000000002,0.0,0.11399999999999996,0.0003333333333333334,3.8315408805031437,8.018181996855347,0.0,0.0,0.0,0.0,0.0,0.0,expanded_welch,Expanded Welch,300,1.0,0.9466666666666667,192.63916022867056,133.15229338858921,0.11,0.07940528531126051,0.1504562322438854,0.009999999999999995,0.05333333333333334,0.033091912519096475,0.08486914177483133,0.003333333333333334,0.01,0.003406618437715286,0.02898349336233983,0.0
adversarial_2x5_d10,1,10,2,5,120,120,0.03,0.35,0.35,0.43001020921729116,0.7711302402751856,1,0.029999999999999916,0.030000000000000027,-1.1102230246251565e-16,1.1268653752224953,0.05893915474148256,0.04865774885222614,0.05088231306795099,0.07748367632710695,7.299671198873823e-05,2.3488397547243842e-05,0.008759605438648588,0.002818607705669261,0.3,0.2,0.6,0.7,False,widespread_sparse,Widespread sparsity,variant_1,10,12.0,12.0,1.0,0.002818607705669261,0.3,0.4,0.5,0.6,25.84203454046358,7.25422543101387,0.13598334254443925,1.467225547711617,0.7846497121628037,0.6589724505033888,0.9395481214082178,0.3750368860339409,"[[0.004187503894273822, 0.010981361808255886, 0.06937566711315656, 0.1307327583095215, 7.299671198873823e-05], [0.03130784581037342, 0.13092947253373127, 0.09311250381561659, 0.5282396921938673, 0.0010601978092149222]]","[[0.007685924235544465, 2.3488397547243842e-05, 0.0005856157770027249, 0.0497801710432553, 0.002376679138432517], [0.254082097128404, 0.012651514167149824, 0.011641263787260749, 0.3252567149906856, 0.3359165313347176]]",3155669485,300,300,1.0,0.0027173101240075444,0.028069607472346554,0.029451990052557633,0.2693333333333333,0.3509999999999999,0.26533333333333337,0.32899999999999996,0.5479999999999999,0.6946666666666669,0.034249999999999996,0.049888888888888885,0.0,0.0,0.17399999999999996,0.08800000000000001,0.8566666666666667,0.38666666666666666,normal_wald,Normal Wald,300,1.0,0.97,,,0.1,0.07094791459501534,0.1391664623846215,0.0,0.03,0.01586185380943231,0.05602253914164096,0.020000000000000004,0.006666666666666667,0.0018301483579117855,0.023977583250306973,0.003333333333333333
adversarial_2x5_d10,1,10,2,5,120,120,0.03,0.35,0.35,0.43001020921729116,0.7711302402751856,1,0.029999999999999916,0.030000000000000027,-1.1102230246251565e-16,1.1268653752224953,0.05893915474148256,0.04865774885222614,0.05088231306795099,0.07748367632710695,7.299671198873823e-05,2.3488397547243842e-05,0.008759605438648588,0.002818607705669261,0.3,0.2,0.6,0.7,False,widespread_sparse,Widespread sparsity,variant_1,10,12.0,12.0,1.0,0.002818607705669261,0.3,0.4,0.5,0.6,25.84203454046358,7.25422543101387,0.13598334254443925,1.467225547711617,0.7846497121628037,0.6589724505033888,0.9395481214082178,0.3750368860339409,"[[0.004187503894273822, 0.010981361808255886, 0.06937566711315656, 0.1307327583095215, 7.299671198873823e-05], [0.03130784581037342, 0.13092947253373127, 0.09311250381561659, 0.5282396921938673, 0.0010601978092149222]]","[[0.007685924235544465, 2.3488397547243842e-05, 0.0005856157770027249, 0.0497801710432553, 0.002376679138432517], [0.254082097128404, 0.012651514167149824, 0.011641263787260749, 0.3252567149906856, 0.3359165313347176]]",3155669485,300,300,1.0,0.0027173101240075444,0.028069607472346554,0.029451990052557633,0.2693333333333333,0.3509999999999999,0.26533333333333337,0.32899999999999996,0.5479999999999999,0.6946666666666669,0.034249999999999996,0.049888888888888885,0.0,0.0,0.17399999999999996,0.08800000000000001,0.8566666666666667,0.38666666666666666,simple_welch,Simple Welch,300,1.0,0.97,213.03389346124953,149.47149032624802,0.1,0.07094791459501534,0.1391664623846215,0.0,0.03,0.01586185380943231,0.05602253914164096,0.020000000000000004,0.006666666666666667,0.0018301483579117855,0.023977583250306973,0.003333333333333333
adversarial_2x5_d10,1,10,2,5,120,120,0.03,0.35,0.35,0.43001020921729116,0.7711302402751856,1,0.029999999999999916,0.030000000000000027,-1.1102230246251565e-16,1.1268653752224953,0.05893915474148256,0.04865774885222614,0.05088231306795099,0.07748367632710695,7.299671198873823e-05,2.3488397547243842e-05,0.008759605438648588,0.002818607705669261,0.3,0.2,0.6,0.7,False,widespread_sparse,Widespread sparsity,variant_1,10,12.0,12.0,1.0,0.002818607705669261,0.3,0.4,0.5,0.6,25.84203454046358,7.25422543101387,0.13598334254443925,1.467225547711617,0.7846497121628037,0.6589724505033888,0.9395481214082178,0.3750368860339409,"[[0.004187503894273822, 0.010981361808255886, 0.06937566711315656, 0.1307327583095215, 7.299671198873823e-05], [0.03130784581037342, 0.13092947253373127, 0.09311250381561659, 0.5282396921938673, 0.0010601978092149222]]","[[0.007685924235544465, 2.3488397547243842e-05, 0.0005856157770027249, 0.0497801710432553, 0.002376679138432517], [0.254082097128404, 0.012651514167149824, 0.011641263787260749, 0.3252567149906856, 0.3359165313347176]]",3155669485,300,300,1.0,0.0027173101240075444,0.028069607472346554,0.029451990052557633,0.2693333333333333,0.3509999999999999,0.26533333333333337,0.32899999999999996,0.5479999999999999,0.6946666666666669,0.034249999999999996,0.049888888888888885,0.0,0.0,0.17399999999999996,0.08800000000000001,0.8566666666666667,0.38666666666666666,expanded_welch,Expanded Welch,300,1.0,0.99,8.580545035795307,3.5667243093701066,0.06,0.03828636952469206,0.09283944515290846,0.04000000000000001,0.01,0.003406618437715286,0.02898349336233983,0.04,0.0,0.0,0.012642971224546036,0.01
adversarial_2x5_d11,1,11,2,5,169,169,0.03,0.5,0.25,0.7169664361111784,0.6155757630992644,1,0.029999999999999583,0.029999999999999805,-2.220446049250313e-16,1.043222990299891,0.039335556820403635,0.07258177451789678,0.031217394641132268,0.0575673768793068,0.0008075693529363261,0.0003664681475589525,0.1364792206462391,0.06193311693746298,0.3,0.3,0.6,0.6,False,widespread_sparse,Widespread sparsity,variant_2,10,16.9,16.9,1.0,0.06193311693746298,0.5,0.4,0.6,0.6,12.903863156758929,7.140947257386027,0.6287148288977737,0.36808264451917855,0.9236457801375212,0.5226878253248717,0.9577458742166508,0.4048708048833287,"[[0.0015972290086501714, 0.0042898430767388755, 0.002385624532620356, 0.0008075693529363261, 0.06727395389153314], [0.2707725163551353, 0.17919547345293316, 0.015351282160898061, 0.002912636735216181, 0.45541387143333856]]","[[0.005614962366010608, 0.005925326208041312, 0.0012839508938235487, 0.029063418167914846, 0.0003664681475589525], [0.3474907710344424, 0.3989454786752874, 0.06762368378658924, 0.14187440505416776, 0.0018115356661639974]]",3915028103,300,300,1.0,0.0015667012567678643,0.02712007767536394,0.02507895951801401,0.3506666666666666,0.32466666666666666,0.30866666666666664,0.33599999999999997,0.6033333333333334,0.598,0.04055226824457594,0.016252465483234713,0.0,0.0,0.12066666666666666,0.13666666666666663,0.5833333333333334,0.6833333333333333,normal_wald,Normal Wald,300,1.0,0.9166666666666666,,,0.12333333333333334,0.09081731429366793,0.16537372402882342,0.02333333333333333,0.08333333333333333,0.05708087405639428,0.12012160196406077,0.033333333333333326,0.023333333333333334,0.011347660299125234,0.04737197226827532,0.013333333333333334
adversarial_2x5_d11,1,11,2,5,169,169,0.03,0.5,0.25,0.7169664361111784,0.6155757630992644,1,0.029999999999999583,0.029999999999999805,-2.220446049250313e-16,1.043222990299891,0.039335556820403635,0.07258177451789678,0.031217394641132268,0.0575673768793068,0.0008075693529363261,0.0003664681475589525,0.1364792206462391,0.06193311693746298,0.3,0.3,0.6,0.6,False,widespread_sparse,Widespread sparsity,variant_2,10,16.9,16.9,1.0,0.06193311693746298,0.5,0.4,0.6,0.6,12.903863156758929,7.140947257386027,0.6287148288977737,0.36808264451917855,0.9236457801375212,0.5226878253248717,0.9577458742166508,0.4048708048833287,"[[0.0015972290086501714, 0.0042898430767388755, 0.002385624532620356, 0.0008075693529363261, 0.06727395389153314], [0.2707725163551353, 0.17919547345293316, 0.015351282160898061, 0.002912636735216181, 0.45541387143333856]]","[[0.005614962366010608, 0.005925326208041312, 0.0012839508938235487, 0.029063418167914846, 0.0003664681475589525], [0.3474907710344424, 0.3989454786752874, 0.06762368378658924, 0.14187440505416776, 0.0018115356661639974]]",3915028103,300,300,1.0,0.0015667012567678643,0.02712007767536394,0.02507895951801401,0.3506666666666666,0.32466666666666666,0.30866666666666664,0.33599999999999997,0.6033333333333334,0.598,0.04055226824457594,0.016252465483234713,0.0,0.0,0.12066666666666666,0.13666666666666663,0.5833333333333334,0.6833333333333333,simple_welch,Simple Welch,300,1.0,0.92,298.54343375580027,214.49094441112987,0.12333333333333334,0.09081731429366793,0.16537372402882342,0.02333333333333333,0.08,0.054346855395144764,0.11627324043347391,0.03,0.023333333333333334,0.011347660299125234,0.04737197226827532,0.013333333333333334
adversarial_2x5_d11,1,11,2,5,169,169,0.03,0.5,0.25,0.7169664361111784,0.6155757630992644,1,0.029999999999999583,0.029999999999999805,-2.220446049250313e-16,1.043222990299891,0.039335556820403635,0.07258177451789678,0.031217394641132268,0.0575673768793068,0.0008075693529363261,0.0003664681475589525,0.1364792206462391,0.06193311693746298,0.3,0.3,0.6,0.6,False,widespread_sparse,Widespread sparsity,variant_2,10,16.9,16.9,1.0,0.06193311693746298,0.5,0.4,0.6,0.6,12.903863156758929,7.140947257386027,0.6287148288977737,0.36808264451917855,0.9236457801375212,0.5226878253248717,0.9577458742166508,0.4048708048833287,"[[0.0015972290086501714, 0.0042898430767388755, 0.002385624532620356, 0.0008075693529363261, 0.06727395389153314], [0.2707725163551353, 0.17919547345293316, 0.015351282160898061, 0.002912636735216181, 0.45541387143333856]]","[[0.005614962366010608, 0.005925326208041312, 0.0012839508938235487, 0.029063418167914846, 0.0003664681475589525], [0.3474907710344424, 0.3989454786752874, 0.06762368378658924, 0.14187440505416776, 0.0018115356661639974]]",3915028103,300,300,1.0,0.0015667012567678643,0.02712007767536394,0.02507895951801401,0.3506666666666666,0.32466666666666666,0.30866666666666664,0.33599999999999997,0.6033333333333334,0.598,0.04055226824457594,0.016252465483234713,0.0,0.0,0.12066666666666666,0.13666666666666663,0.5833333333333334,0.6833333333333333,expanded_welch,Expanded Welch,300,1.0,0.9566666666666667,10.137196711712933,4.540428890789319,0.09666666666666666,0.06815029481828933,0.13538170196951116,0.003333333333333341,0.043333333333333335,0.025496448084407243,0.07271746563401146,0.006666666666666668,0.01,0.003406618437715286,0.02898349336233983,0.0
adversarial_2x5_d12,1,12,2,5,250,250,0.07,50.0,0.35,0.3835591557151723,0.894486080566181,3,0.06999999999999962,0.07000000000000006,-4.440892098500626e-16,1.0767224169655676,0.1254677204865362,0.12120630977813635,0.07821104639569443,0.1286884498690913,0.05253903080379319,4.391701891861014e-05,13.134757700948297,0.010979254729652535,0.0,0.2,0.0,0.4,False,shape_mismatch,Equal-MI shape mismatch,variant_1,10,25.0,25.0,1.0,0.010979254729652535,0.0,0.3,0.0,0.4,114.61597184965935,30.514934221955833,36.66143785598286,0.19970025229020721,0.5415361126013628,0.23907953006367977,0.8779402631121765,0.5717731274042993,"[[0.09188696105378714, 0.14493068921649288, 0.05253903080379319, 0.18490629046210955, 0.06727314106518002], [0.07512306509539929, 0.09078507806281544, 0.15900989428010098, 0.05417323960157022, 0.07937261035875141]]","[[0.05229691000315872, 0.0007548839902422187, 0.2219156044946423, 0.553890925254044, 0.049081939370089325], [0.00019541145972519662, 4.391701891861014e-05, 0.07709307921137165, 0.017882202150255294, 0.02684512704755258]]",1035720000,300,300,1.0,0.006121555352036306,0.030713778272430624,0.03225044897963139,0.0,0.275,0.0,0.20799999999999996,0.0,0.4019999999999999,16.082520000000002,0.02450666666666667,0.0,0.0,0.0,0.16066666666666662,0.0,0.8033333333333333,normal_wald,Normal Wald,300,1.0,0.9566666666666667,,,0.08666666666666667,0.05982889751804312,0.12395595869424827,0.013333333333333336,0.043333333333333335,0.025496448084407243,0.07271746563401146,0.006666666666666668,0.006666666666666667,0.0018301483579117855,0.023977583250306973,0.003333333333333333
adversarial_2x5_d12,1,12,2,5,250,250,0.07,50.0,0.35,0.3835591557151723,0.894486080566181,3,0.06999999999999962,0.07000000000000006,-4.440892098500626e-16,1.0767224169655676,0.1254677204865362,0.12120630977813635,0.07821104639569443,0.1286884498690913,0.05253903080379319,4.391701891861014e-05,13.134757700948297,0.010979254729652535,0.0,0.2,0.0,0.4,False,shape_mismatch,Equal-MI shape mismatch,variant_1,10,25.0,25.0,1.0,0.010979254729652535,0.0,0.3,0.0,0.4,114.61597184965935,30.514934221955833,36.66143785598286,0.19970025229020721,0.5415361126013628,0.23907953006367977,0.8779402631121765,0.5717731274042993,"[[0.09188696105378714, 0.14493068921649288, 0.05253903080379319, 0.18490629046210955, 0.06727314106518002], [0.07512306509539929, 0.09078507806281544, 0.15900989428010098, 0.05417323960157022, 0.07937261035875141]]","[[0.05229691000315872, 0.0007548839902422187, 0.2219156044946423, 0.553890925254044, 0.049081939370089325], [0.00019541145972519662, 4.391701891861014e-05, 0.07709307921137165, 0.017882202150255294, 0.02684512704755258]]",1035720000,300,300,1.0,0.006121555352036306,0.030713778272430624,0.03225044897963139,0.0,0.275,0.0,0.20799999999999996,0.0,0.4019999999999999,16.082520000000002,0.02450666666666667,0.0,0.0,0.0,0.16066666666666662,0.0,0.8033333333333333,simple_welch,Simple Welch,300,1.0,0.9566666666666667,490.46103562015145,435.7857178563921,0.08666666666666667,0.05982889751804312,0.12395595869424827,0.013333333333333336,0.043333333333333335,0.025496448084407243,0.07271746563401146,0.006666666666666668,0.006666666666666667,0.0018301483579117855,0.023977583250306973,0.003333333333333333
adversarial_2x5_d12,1,12,2,5,250,250,0.07,50.0,0.35,0.3835591557151723,0.894486080566181,3,0.06999999999999962,0.07000000000000006,-4.440892098500626e-16,1.0767224169655676,0.1254677204865362,0.12120630977813635,0.07821104639569443,0.1286884498690913,0.05253903080379319,4.391701891861014e-05,13.134757700948297,0.010979254729652535,0.0,0.2,0.0,0.4,False,shape_mismatch,Equal-MI shape mismatch,variant_1,10,25.0,25.0,1.0,0.010979254729652535,0.0,0.3,0.0,0.4,114.61597184965935,30.514934221955833,36.66143785598286,0.19970025229020721,0.5415361126013628,0.23907953006367977,0.8779402631121765,0.5717731274042993,"[[0.09188696105378714, 0.14493068921649288, 0.05253903080379319, 0.18490629046210955, 0.06727314106518002], [0.07512306509539929, 0.09078507806281544, 0.15900989428010098, 0.05417323960157022, 0.07937261035875141]]","[[0.05229691000315872, 0.0007548839902422187, 0.2219156044946423, 0.553890925254044, 0.049081939370089325], [0.00019541145972519662, 4.391701891861014e-05, 0.07709307921137165, 0.017882202150255294, 0.02684512704755258]]",1035720000,300,300,1.0,0.006121555352036306,0.030713778272430624,0.03225044897963139,0.0,0.275,0.0,0.20799999999999996,0.0,0.4019999999999999,16.082520000000002,0.02450666666666667,0.0,0.0,0.0,0.16066666666666662,0.0,0.8033333333333333,expanded_welch,Expanded Welch,300,1.0,0.96,57.3029793001723,30.30852309041859,0.08666666666666667,0.05982889751804312,0.12395595869424827,0.013333333333333336,0.04,0.023027321487942308,0.06860421203864003,0.010000000000000002,0.0033333333333333335,0.0005886577218511581,0.018636693694531237,0.006666666666666666
adversarial_2x5_d13,1,13,2,5,500,500,0.15,50.0,0.35,0.7505213169982107,2.6215642315535908,1,0.15000000000000036,0.14999999999999936,9.992007221626409e-16,1.131415835189224,0.20411449578352,0.2802323967363435,0.14076282426457642,0.2532513408842878,0.008826762213411513,1.124446412013287e-06,4.4133811067057565,0.0005622232060066435,0.0,0.0,0.0,0.3,False,shape_mismatch,Equal-MI shape mismatch,variant_2,10,50.0,50.0,1.0,0.0005622232060066435,0.0,0.2,0.1,0.4,245.3772139698988,52.26784396466757,93.31152258450587,17.087858809252452,0.5092455720602024,0.23161650784143314,0.895464312070665,0.6041887404624287,"[[0.048923177661835245, 0.05522797999171272, 0.09882767535377163, 0.10992076769369526, 0.17785482723878274], [0.1376998675071765, 0.17638852784972042, 0.0963067977045383, 0.0900236167853556, 0.008826762213411513]]","[[1.124446412013287e-06, 4.194204880225223e-05, 0.04331786663629297, 0.05406373128306968, 0.007111023514758212], [0.22060577708985615, 0.08410986418706735, 0.5608708738261357, 0.0028131028638591414, 0.0270646941037467]]",127500412,300,300,1.0,0.005892760951825453,0.03126833474669017,0.030859814937616192,0.0020000000000000005,0.2253333333333333,0.0,0.005666666666666666,0.0,0.279,41.303619999999995,1.7301133333333334,0.0,0.0,0.0,0.0,0.0,0.0,normal_wald,Normal Wald,300,1.0,0.9366666666666666,,,0.10666666666666667,0.07657584904594215,0.1467032883173674,0.006666666666666668,0.06333333333333334,0.04091688238391527,0.09679131248552161,0.013333333333333336,0.016666666666666666,0.007139477350633337,0.0384153948330945,0.006666666666666666
adversarial_2x5_d13,1,13,2,5,500,500,0.15,50.0,0.35,0.7505213169982107,2.6215642315535908,1,0.15000000000000036,0.14999999999999936,9.992007221626409e-16,1.131415835189224,0.20411449578352,0.2802323967363435,0.14076282426457642,0.2532513408842878,0.008826762213411513,1.124446412013287e-06,4.4133811067057565,0.0005622232060066435,0.0,0.0,0.0,0.3,False,shape_mismatch,Equal-MI shape mismatch,variant_2,10,50.0,50.0,1.0,0.0005622232060066435,0.0,0.2,0.1,0.4,245.3772139698988,52.26784396466757,93.31152258450587,17.087858809252452,0.5092455720602024,0.23161650784143314,0.895464312070665,0.6041887404624287,"[[0.048923177661835245, 0.05522797999171272, 0.09882767535377163, 0.10992076769369526, 0.17785482723878274], [0.1376998675071765, 0.17638852784972042, 0.0963067977045383, 0.0900236167853556, 0.008826762213411513]]","[[1.124446412013287e-06, 4.194204880225223e-05, 0.04331786663629297, 0.05406373128306968, 0.007111023514758212], [0.22060577708985615, 0.08410986418706735, 0.5608708738261357, 0.0028131028638591414, 0.0270646941037467]]",127500412,300,300,1.0,0.005892760951825453,0.03126833474669017,0.030859814937616192,0.0020000000000000005,0.2253333333333333,0.0,0.005666666666666666,0.0,0.279,41.303619999999995,1.7301133333333334,0.0,0.0,0.0,0.0,0.0,0.0,simple_welch,Simple Welch,300,1.0,0.9366666666666666,979.6621552560041,931.7234661064072,0.10333333333333333,0.07375658473854116,0.14294017243293203,0.003333333333333327,0.06333333333333334,0.04091688238391527,0.09679131248552161,0.013333333333333336,0.016666666666666666,0.007139477350633337,0.0384153948330945,0.006666666666666666
adversarial_2x5_d13,1,13,2,5,500,500,0.15,50.0,0.35,0.7505213169982107,2.6215642315535908,1,0.15000000000000036,0.14999999999999936,9.992007221626409e-16,1.131415835189224,0.20411449578352,0.2802323967363435,0.14076282426457642,0.2532513408842878,0.008826762213411513,1.124446412013287e-06,4.4133811067057565,0.0005622232060066435,0.0,0.0,0.0,0.3,False,shape_mismatch,Equal-MI shape mismatch,variant_2,10,50.0,50.0,1.0,0.0005622232060066435,0.0,0.2,0.1,0.4,245.3772139698988,52.26784396466757,93.31152258450587,17.087858809252452,0.5092455720602024,0.23161650784143314,0.895464312070665,0.6041887404624287,"[[0.048923177661835245, 0.05522797999171272, 0.09882767535377163, 0.10992076769369526, 0.17785482723878274], [0.1376998675071765, 0.17638852784972042, 0.0963067977045383, 0.0900236167853556, 0.008826762213411513]]","[[1.124446412013287e-06, 4.194204880225223e-05, 0.04331786663629297, 0.05406373128306968, 0.007111023514758212], [0.22060577708985615, 0.08410986418706735, 0.5608708738261357, 0.0028131028638591414, 0.0270646941037467]]",127500412,300,300,1.0,0.005892760951825453,0.03126833474669017,0.030859814937616192,0.0020000000000000005,0.2253333333333333,0.0,0.005666666666666666,0.0,0.279,41.303619999999995,1.7301133333333334,0.0,0.0,0.0,0.0,0.0,0.0,expanded_welch,Expanded Welch,300,1.0,0.9366666666666666,255.85850682622288,168.89666694191015,0.10333333333333333,0.07375658473854116,0.14294017243293203,0.003333333333333327,0.06333333333333334,0.04091688238391527,0.09679131248552161,0.013333333333333336,0.016666666666666666,0.007139477350633337,0.0384153948330945,0.006666666666666666
adversarial_2x5_d14,1,14,2,5,250,2500,0.07,5.0,1.0,0.4018696531872349,0.6161960908358293,1,0.07000000000000028,0.07000000000000006,2.220446049250313e-16,1.0853562902606089,0.1273353470406513,0.14607235931783485,0.05452717237617444,0.11840723381308435,0.0432664249365677,0.0007524073727036203,10.816606234141926,1.8810184317590508,0.0,0.0,0.0,0.0,False,extreme_imbalance,Extreme sample imbalance,variant_1,10,25.0,250.0,10.0,1.8810184317590508,0.0,0.0,0.0,0.2,90.86366744723674,231.76362157986364,36.54359570407395,111.73961351524353,0.6365453302110531,0.3133826502349185,0.9072945513680546,0.4651158648047379,"[[0.051602397950594486, 0.059967224169224766, 0.09901868797722371, 0.0432664249365677, 0.10959993475533628], [0.261780252284324, 0.09678227268431132, 0.0471556948390721, 0.11503176396293854, 0.11579534644040708]]","[[0.001222069806701229, 0.01113304378912335, 0.06949199457671733, 0.0007524073727036203, 0.010105933086699926], [0.060939654240565855, 0.19816046311340346, 0.14924106426265352, 0.04394343803339379, 0.45500993171803794]]",2766434811,300,300,1.0,0.0013136437594459742,0.024075425176084134,0.024748096694908087,0.0,0.023,0.0,0.0,0.0,0.0,11.992346666666668,10.280204,0.0,0.0,0.0,0.0,0.0,0.0,normal_wald,Normal Wald,300,1.0,0.9566666666666667,,,0.1,0.07094791459501534,0.1391664623846215,0.0,0.043333333333333335,0.025496448084407243,0.07271746563401146,0.006666666666666668,0.006666666666666667,0.0018301483579117855,0.023977583250306973,0.003333333333333333
adversarial_2x5_d14,1,14,2,5,250,2500,0.07,5.0,1.0,0.4018696531872349,0.6161960908358293,1,0.07000000000000028,0.07000000000000006,2.220446049250313e-16,1.0853562902606089,0.1273353470406513,0.14607235931783485,0.05452717237617444,0.11840723381308435,0.0432664249365677,0.0007524073727036203,10.816606234141926,1.8810184317590508,0.0,0.0,0.0,0.0,False,extreme_imbalance,Extreme sample imbalance,variant_1,10,25.0,250.0,10.0,1.8810184317590508,0.0,0.0,0.0,0.2,90.86366744723674,231.76362157986364,36.54359570407395,111.73961351524353,0.6365453302110531,0.3133826502349185,0.9072945513680546,0.4651158648047379,"[[0.051602397950594486, 0.059967224169224766, 0.09901868797722371, 0.0432664249365677, 0.10959993475533628], [0.261780252284324, 0.09678227268431132, 0.0471556948390721, 0.11503176396293854, 0.11579534644040708]]","[[0.001222069806701229, 0.01113304378912335, 0.06949199457671733, 0.0007524073727036203, 0.010105933086699926], [0.060939654240565855, 0.19816046311340346, 0.14924106426265352, 0.04394343803339379, 0.45500993171803794]]",2766434811,300,300,1.0,0.0013136437594459742,0.024075425176084134,0.024748096694908087,0.0,0.023,0.0,0.0,0.0,0.0,11.992346666666668,10.280204,0.0,0.0,0.0,0.0,0.0,0.0,simple_welch,Simple Welch,300,1.0,0.9566666666666667,304.0710475251119,283.6262355580598,0.1,0.07094791459501534,0.1391664623846215,0.0,0.043333333333333335,0.025496448084407243,0.07271746563401146,0.006666666666666668,0.006666666666666667,0.0018301483579117855,0.023977583250306973,0.003333333333333333
adversarial_2x5_d14,1,14,2,5,250,2500,0.07,5.0,1.0,0.4018696531872349,0.6161960908358293,1,0.07000000000000028,0.07000000000000006,2.220446049250313e-16,1.0853562902606089,0.1273353470406513,0.14607235931783485,0.05452717237617444,0.11840723381308435,0.0432664249365677,0.0007524073727036203,10.816606234141926,1.8810184317590508,0.0,0.0,0.0,0.0,False,extreme_imbalance,Extreme sample imbalance,variant_1,10,25.0,250.0,10.0,1.8810184317590508,0.0,0.0,0.0,0.2,90.86366744723674,231.76362157986364,36.54359570407395,111.73961351524353,0.6365453302110531,0.3133826502349185,0.9072945513680546,0.4651158648047379,"[[0.051602397950594486, 0.059967224169224766, 0.09901868797722371, 0.0432664249365677, 0.10959993475533628], [0.261780252284324, 0.09678227268431132, 0.0471556948390721, 0.11503176396293854, 0.11579534644040708]]","[[0.001222069806701229, 0.01113304378912335, 0.06949199457671733, 0.0007524073727036203, 0.010105933086699926], [0.060939654240565855, 0.19816046311340346, 0.14924106426265352, 0.04394343803339379, 0.45500993171803794]]",2766434811,300,300,1.0,0.0013136437594459742,0.024075425176084134,0.024748096694908087,0.0,0.023,0.0,0.0,0.0,0.0,11.992346666666668,10.280204,0.0,0.0,0.0,0.0,0.0,0.0,expanded_welch,Expanded Welch,300,1.0,0.9666666666666667,34.46521405243857,19.255834724777458,0.09,0.06259022560547939,0.12777701079864837,0.010000000000000009,0.03333333333333333,0.01820494733885481,0.06026182580405482,0.01666666666666667,0.0033333333333333335,0.0005886577218511581,0.018636693694531237,0.006666666666666666
adversarial_2x5_d15,1,15,2,5,120,2400,0.15,2.0,0.8,1.2288583756899578,1.53039070312366,3,0.1499999999999999,0.15000000000000346,-3.552713678800501e-15,1.405127692815245,0.19581456861093782,0.3224830893794414,0.12237959223186734,0.26966417854190766,0.00037137838346669504,3.510684652551982e-05,0.0445654060160034,0.08425643166124756,0.0,0.0,0.2,0.0,False,extreme_imbalance,Extreme sample imbalance,variant_2,10,12.0,240.0,20.0,0.0445654060160034,0.2,0.1,0.2,0.1,31.956016004029774,254.1607977274332,8.05396474789822,231.40955730854722,0.7336998666330852,0.380602476140634,0.8940996676135696,0.3926933868701589,"[[0.06453412208490422, 0.31666946619514086, 0.1834018062763901, 0.12347827227253277, 0.04561619980411717], [0.0025822508142476232, 0.0639330099454932, 0.00037137838346669504, 0.09921899527851337, 0.10019449894519389]]","[[0.012962312590138414, 3.510684652551982e-05, 0.011517328932548438, 0.07196596576101587, 0.009419618256202257], [0.15907186499239778, 0.1632817695836583, 0.16401758130601132, 0.02445468311754548, 0.3832737686139567]]",3202765758,300,300,1.0,-0.005673159286617199,0.040962184043557316,0.04061951116355098,0.16699999999999998,0.09333333333333331,0.004666666666666666,0.0,0.22366666666666665,0.0,2.153083333333333,24.554856944444445,0.0,0.0,0.0,0.0,0.0,0.0,normal_wald,Normal Wald,300,1.0,0.9133333333333333,,,0.14333333333333334,0.10818474232384973,0.1875005771496598,0.043333333333333335,0.08666666666666667,0.05982889751804312,0.12395595869424827,0.03666666666666667,0.023333333333333334,0.011347660299125234,0.04737197226827532,0.013333333333333334
adversarial_2x5_d15,1,15,2,5,120,2400,0.15,2.0,0.8,1.2288583756899578,1.53039070312366,3,0.1499999999999999,0.15000000000000346,-3.552713678800501e-15,1.405127692815245,0.19581456861093782,0.3224830893794414,0.12237959223186734,0.26966417854190766,0.00037137838346669504,3.510684652551982e-05,0.0445654060160034,0.08425643166124756,0.0,0.0,0.2,0.0,False,extreme_imbalance,Extreme sample imbalance,variant_2,10,12.0,240.0,20.0,0.0445654060160034,0.2,0.1,0.2,0.1,31.956016004029774,254.1607977274332,8.05396474789822,231.40955730854722,0.7336998666330852,0.380602476140634,0.8940996676135696,0.3926933868701589,"[[0.06453412208490422, 0.31666946619514086, 0.1834018062763901, 0.12347827227253277, 0.04561619980411717], [0.0025822508142476232, 0.0639330099454932, 0.00037137838346669504, 0.09921899527851337, 0.10019449894519389]]","[[0.012962312590138414, 3.510684652551982e-05, 0.011517328932548438, 0.07196596576101587, 0.009419618256202257], [0.15907186499239778, 0.1632817695836583, 0.16401758130601132, 0.02445468311754548, 0.3832737686139567]]",3202765758,300,300,1.0,-0.005673159286617199,0.040962184043557316,0.04061951116355098,0.16699999999999998,0.09333333333333331,0.004666666666666666,0.0,0.22366666666666665,0.0,2.153083333333333,24.554856944444445,0.0,0.0,0.0,0.0,0.0,0.0,simple_welch,Simple Welch,300,1.0,0.92,140.36636415965444,133.58078395865945,0.14333333333333334,0.10818474232384973,0.1875005771496598,0.043333333333333335,0.08,0.054346855395144764,0.11627324043347391,0.03,0.023333333333333334,0.011347660299125234,0.04737197226827532,0.013333333333333334
adversarial_2x5_d15,1,15,2,5,120,2400,0.15,2.0,0.8,1.2288583756899578,1.53039070312366,3,0.1499999999999999,0.15000000000000346,-3.552713678800501e-15,1.405127692815245,0.19581456861093782,0.3224830893794414,0.12237959223186734,0.26966417854190766,0.00037137838346669504,3.510684652551982e-05,0.0445654060160034,0.08425643166124756,0.0,0.0,0.2,0.0,False,extreme_imbalance,Extreme sample imbalance,variant_2,10,12.0,240.0,20.0,0.0445654060160034,0.2,0.1,0.2,0.1,31.956016004029774,254.1607977274332,8.05396474789822,231.40955730854722,0.7336998666330852,0.380602476140634,0.8940996676135696,0.3926933868701589,"[[0.06453412208490422, 0.31666946619514086, 0.1834018062763901, 0.12347827227253277, 0.04561619980411717], [0.0025822508142476232, 0.0639330099454932, 0.00037137838346669504, 0.09921899527851337, 0.10019449894519389]]","[[0.012962312590138414, 3.510684652551982e-05, 0.011517328932548438, 0.07196596576101587, 0.009419618256202257], [0.15907186499239778, 0.1632817695836583, 0.16401758130601132, 0.02445468311754548, 0.3832737686139567]]",3202765758,300,300,1.0,-0.005673159286617199,0.040962184043557316,0.04061951116355098,0.16699999999999998,0.09333333333333331,0.004666666666666666,0.0,0.22366666666666665,0.0,2.153083333333333,24.554856944444445,0.0,0.0,0.0,0.0,0.0,0.0,expanded_welch,Expanded Welch,300,1.0,0.95,27.010488145396288,13.236626889125638,0.13,0.09657536941275233,0.17278042929341172,0.03,0.05,0.030531640629347285,0.08084703347274416,0.0,0.01,0.003406618437715286,0.02898349336233983,0.0
zero_mi_2x5_d16,1,16,2,5,1000,1000,0.0,50.0,20.0,0.0,0.0,1,4.440892098500626e-16,-2.220446049250313e-16,6.661338147750939e-16,0.18304293255836426,1.6312795456267932e-32,3.0400066614693376e-32,4.262103036056786e-06,8.524578371463554e-06,0.08850460171759277,0.07936045996140202,88.50460171759276,79.36045996140203,0.0,0.0,0.0,0.0,False,zero_mi,Zero MI (independence),variant_1,10,100.0,100.0,1.0,79.36045996140203,0.0,0.0,0.0,0.0,465.1375723498745,492.26420929381317,190.27618274410216,161.21517360616173,0.5348624276501255,0.20954056775246555,0.5077357907061868,0.2708390678032107,"[[0.10437407942392356, 0.10177158102650939, 0.11200498621228863, 0.11207537675926932, 0.10463640422813457], [0.09076783750316848, 0.08850460171759277, 0.09740397658282379, 0.09746519099319623, 0.09099596555309326]]","[[0.08772997893709225, 0.13751468824518975, 0.08185471364475971, 0.11183146911091904, 0.08880494076822615], [0.08505669583143759, 0.13332437955802096, 0.07936045996140202, 0.10842377221326983, 0.08609890172968275]]",3539429236,300,300,1.0,-3.4516646444111565e-05,0.0019347363144448242,0.002739858693827546,0.0,0.0,0.0,0.0,0.0,0.0,84.14724,76.46623666666666,0.0,0.0,0.0,0.0,0.0,0.0,normal_wald,Normal Wald,300,1.0,1.0,,,0.006666666666666667,0.0018301483579117855,0.023977583250306973,0.09333333333333334,0.0,0.0,0.012642971224546036,0.05,0.0,0.0,0.012642971224546036,0.01
zero_mi_2x5_d16,1,16,2,5,1000,1000,0.0,50.0,20.0,0.0,0.0,1,4.440892098500626e-16,-2.220446049250313e-16,6.661338147750939e-16,0.18304293255836426,1.6312795456267932e-32,3.0400066614693376e-32,4.262103036056786e-06,8.524578371463554e-06,0.08850460171759277,0.07936045996140202,88.50460171759276,79.36045996140203,0.0,0.0,0.0,0.0,False,zero_mi,Zero MI (independence),variant_1,10,100.0,100.0,1.0,79.36045996140203,0.0,0.0,0.0,0.0,465.1375723498745,492.26420929381317,190.27618274410216,161.21517360616173,0.5348624276501255,0.20954056775246555,0.5077357907061868,0.2708390678032107,"[[0.10437407942392356, 0.10177158102650939, 0.11200498621228863, 0.11207537675926932, 0.10463640422813457], [0.09076783750316848, 0.08850460171759277, 0.09740397658282379, 0.09746519099319623, 0.09099596555309326]]","[[0.08772997893709225, 0.13751468824518975, 0.08185471364475971, 0.11183146911091904, 0.08880494076822615], [0.08505669583143759, 0.13332437955802096, 0.07936045996140202, 0.10842377221326983, 0.08609890172968275]]",3539429236,300,300,1.0,-3.4516646444111565e-05,0.0019347363144448242,0.002739858693827546,0.0,0.0,0.0,0.0,0.0,0.0,84.14724,76.46623666666666,0.0,0.0,0.0,0.0,0.0,0.0,simple_welch,Simple Welch,300,1.0,1.0,1770.6905946617621,1237.1788059619375,0.006666666666666667,0.0018301483579117855,0.023977583250306973,0.09333333333333334,0.0,0.0,0.012642971224546036,0.05,0.0,0.0,0.012642971224546036,0.01
zero_mi_2x5_d16,1,16,2,5,1000,1000,0.0,50.0,20.0,0.0,0.0,1,4.440892098500626e-16,-2.220446049250313e-16,6.661338147750939e-16,0.18304293255836426,1.6312795456267932e-32,3.0400066614693376e-32,4.262103036056786e-06,8.524578371463554e-06,0.08850460171759277,0.07936045996140202,88.50460171759276,79.36045996140203,0.0,0.0,0.0,0.0,False,zero_mi,Zero MI (independence),variant_1,10,100.0,100.0,1.0,79.36045996140203,0.0,0.0,0.0,0.0,465.1375723498745,492.26420929381317,190.27618274410216,161.21517360616173,0.5348624276501255,0.20954056775246555,0.5077357907061868,0.2708390678032107,"[[0.10437407942392356, 0.10177158102650939, 0.11200498621228863, 0.11207537675926932, 0.10463640422813457], [0.09076783750316848, 0.08850460171759277, 0.09740397658282379, 0.09746519099319623, 0.09099596555309326]]","[[0.08772997893709225, 0.13751468824518975, 0.08185471364475971, 0.11183146911091904, 0.08880494076822615], [0.08505669583143759, 0.13332437955802096, 0.07936045996140202, 0.10842377221326983, 0.08609890172968275]]",3539429236,300,300,1.0,-3.4516646444111565e-05,0.0019347363144448242,0.002739858693827546,0.0,0.0,0.0,0.0,0.0,0.0,84.14724,76.46623666666666,0.0,0.0,0.0,0.0,0.0,0.0,expanded_welch,Expanded Welch,300,1.0,1.0,3.750514087864644,1.6024244557790095,0.0033333333333333335,0.0005886577218511581,0.018636693694531237,0.09666666666666668,0.0,0.0,0.012642971224546036,0.05,0.0,0.0,0.012642971224546036,0.01
zero_mi_2x5_d17,1,17,2,5,250,1000,0.0,2.0,0.8,0.0,0.0,1,0.0,0.0,0.0,0.20808034802718073,5.538940263909902e-32,3.8634986953935244e-32,3.7229368246016747e-06,7.443596819770045e-06,0.015481627804112563,0.018532441218535468,3.8704069510281407,18.532441218535467,0.0,0.0,0.1,0.0,False,zero_mi,Zero MI (independence),variant_2,10,25.0,100.0,4.0,3.8704069510281407,0.0,0.0,0.1,0.0,43.29229273427559,204.23860104960897,22.350438765072862,90.73917037863959,0.8268308290628978,0.35628030741653904,0.7957613989503911,0.454174260401929,"[[0.03193206374378954, 0.061696765456538016, 0.015481627804112563, 0.0406404683218687, 0.023418245610793545], [0.15246602265340034, 0.294583541960001, 0.07392012725617889, 0.1940460414185396, 0.11181509577477794]]","[[0.03502747135756701, 0.09275991557723079, 0.018532441218535468, 0.036487121191060824, 0.021431651705214886], [0.13647522782640822, 0.3614143448246982, 0.07220672916010412, 0.1421623652603187, 0.08350273187886185]]",3443095830,300,300,1.0,0.00014046073273770934,0.005960117670210028,0.007523990007191483,0.003,0.0,0.0,0.0,0.11933333333333332,0.0,3.800346666666666,18.25248333333333,0.0,0.0,0.0,0.0,0.0,0.0,normal_wald,Normal Wald,300,1.0,0.95,,,0.08,0.054346855395144764,0.11627324043347391,0.020000000000000004,0.05,0.030531640629347285,0.08084703347274416,0.0,0.02,0.009197631557703614,0.04293962081786058,0.01
zero_mi_2x5_d17,1,17,2,5,250,1000,0.0,2.0,0.8,0.0,0.0,1,0.0,0.0,0.0,0.20808034802718073,5.538940263909902e-32,3.8634986953935244e-32,3.7229368246016747e-06,7.443596819770045e-06,0.015481627804112563,0.018532441218535468,3.8704069510281407,18.532441218535467,0.0,0.0,0.1,0.0,False,zero_mi,Zero MI (independence),variant_2,10,25.0,100.0,4.0,3.8704069510281407,0.0,0.0,0.1,0.0,43.29229273427559,204.23860104960897,22.350438765072862,90.73917037863959,0.8268308290628978,0.35628030741653904,0.7957613989503911,0.454174260401929,"[[0.03193206374378954, 0.061696765456538016, 0.015481627804112563, 0.0406404683218687, 0.023418245610793545], [0.15246602265340034, 0.294583541960001, 0.07392012725617889, 0.1940460414185396, 0.11181509577477794]]","[[0.03502747135756701, 0.09275991557723079, 0.018532441218535468, 0.036487121191060824, 0.021431651705214886], [0.13647522782640822, 0.3614143448246982, 0.07220672916010412, 0.1421623652603187, 0.08350273187886185]]",3443095830,300,300,1.0,0.00014046073273770934,0.005960117670210028,0.007523990007191483,0.003,0.0,0.0,0.0,0.11933333333333332,0.0,3.800346666666666,18.25248333333333,0.0,0.0,0.0,0.0,0.0,0.0,simple_welch,Simple Welch,300,1.0,0.95,282.56032986193884,254.6502213500005,0.07,0.04623694482717634,0.10463601042593325,0.03,0.05,0.030531640629347285,0.08084703347274416,0.0,0.02,0.009197631557703614,0.04293962081786058,0.01
zero_mi_2x5_d17,1,17,2,5,250,1000,0.0,2.0,0.8,0.0,0.0,1,0.0,0.0,0.0,0.20808034802718073,5.538940263909902e-32,3.8634986953935244e-32,3.7229368246016747e-06,7.443596819770045e-06,0.015481627804112563,0.018532441218535468,3.8704069510281407,18.532441218535467,0.0,0.0,0.1,0.0,False,zero_mi,Zero MI (independence),variant_2,10,25.0,100.0,4.0,3.8704069510281407,0.0,0.0,0.1,0.0,43.29229273427559,204.23860104960897,22.350438765072862,90.73917037863959,0.8268308290628978,0.35628030741653904,0.7957613989503911,0.454174260401929,"[[0.03193206374378954, 0.061696765456538016, 0.015481627804112563, 0.0406404683218687, 0.023418245610793545], [0.15246602265340034, 0.294583541960001, 0.07392012725617889, 0.1940460414185396, 0.11181509577477794]]","[[0.03502747135756701, 0.09275991557723079, 0.018532441218535468, 0.036487121191060824, 0.021431651705214886], [0.13647522782640822, 0.3614143448246982, 0.07220672916010412, 0.1421623652603187, 0.08350273187886185]]",3443095830,300,300,1.0,0.00014046073273770934,0.005960117670210028,0.007523990007191483,0.003,0.0,0.0,0.0,0.11933333333333332,0.0,3.800346666666666,18.25248333333333,0.0,0.0,0.0,0.0,0.0,0.0,expanded_welch,Expanded Welch,300,1.0,1.0,2.0177633324570055,0.6060471757114908,0.006666666666666667,0.0018301483579117855,0.023977583250306973,0.09333333333333334,0.0,0.0,0.012642971224546036,0.05,0.0,0.0,0.012642971224546036,0.01
random_3x3_d0,2,0,3,3,900,900,0.03,50.0,50.0,0.2392246100856027,0.25741204356811265,1,0.03000000000000025,0.030000000000036886,-3.6637359812630166e-14,0.3930991506245044,0.06115667899485789,0.05816314628219862,0.014787249573337657,0.02827045770776228,0.07322777639564453,0.05328576667029986,65.90499875608008,47.95719000326988,0.0,0.0,0.0,0.0,False,well_sampled,Well sampled,variant_1,9,100.0,100.0,1.0,47.95719000326988,0.0,0.0,0.0,0.0,255.672369567014,254.0126646426656,291.10675490778436,251.95484599887314,0.3724261970440136,0.3400184072000114,0.3994381314476742,0.36040042388394733,"[[0.07875736311770279, 0.07322777639564453, 0.13209527111666824], [0.1116203277564682, 0.17009491232195362, 0.0907109569655918], [0.1461519520282795, 0.09669571848241325, 0.10064572181527816]]","[[0.1338762101524343, 0.14109355183805994, 0.12446836945717994], [0.12365770415187245, 0.08557051037927697, 0.07300807951625683], [0.10286650957964058, 0.05328576667029986, 0.16217329825497917]]",2867895330,300,300,1.0,-0.0005420070675132904,0.011948646424484857,0.011796500659663542,0.0,0.0,0.0,0.0,0.0,0.0,80.8265,70.80435185185185,0.0,0.0,0.0,0.0,0.0,0.0,normal_wald,Normal Wald,300,1.0,0.9433333333333334,,,0.11,0.07940528531126051,0.1504562322438854,0.009999999999999995,0.056666666666666664,0.035677476463289524,0.08886595802247463,0.006666666666666661,0.006666666666666667,0.0018301483579117855,0.023977583250306973,0.003333333333333333
random_3x3_d0,2,0,3,3,900,900,0.03,50.0,50.0,0.2392246100856027,0.25741204356811265,1,0.03000000000000025,0.030000000000036886,-3.6637359812630166e-14,0.3930991506245044,0.06115667899485789,0.05816314628219862,0.014787249573337657,0.02827045770776228,0.07322777639564453,0.05328576667029986,65.90499875608008,47.95719000326988,0.0,0.0,0.0,0.0,False,well_sampled,Well sampled,variant_1,9,100.0,100.0,1.0,47.95719000326988,0.0,0.0,0.0,0.0,255.672369567014,254.0126646426656,291.10675490778436,251.95484599887314,0.3724261970440136,0.3400184072000114,0.3994381314476742,0.36040042388394733,"[[0.07875736311770279, 0.07322777639564453, 0.13209527111666824], [0.1116203277564682, 0.17009491232195362, 0.0907109569655918], [0.1461519520282795, 0.09669571848241325, 0.10064572181527816]]","[[0.1338762101524343, 0.14109355183805994, 0.12446836945717994], [0.12365770415187245, 0.08557051037927697, 0.07300807951625683], [0.10286650957964058, 0.05328576667029986, 0.16217329825497917]]",2867895330,300,300,1.0,-0.0005420070675132904,0.011948646424484857,0.011796500659663542,0.0,0.0,0.0,0.0,0.0,0.0,80.8265,70.80435185185185,0.0,0.0,0.0,0.0,0.0,0.0,simple_welch,Simple Welch,300,1.0,0.9433333333333334,1775.2912525724505,1575.817331765892,0.11,0.07940528531126051,0.1504562322438854,0.009999999999999995,0.056666666666666664,0.035677476463289524,0.08886595802247463,0.006666666666666661,0.006666666666666667,0.0018301483579117855,0.023977583250306973,0.003333333333333333
random_3x3_d0,2,0,3,3,900,900,0.03,50.0,50.0,0.2392246100856027,0.25741204356811265,1,0.03000000000000025,0.030000000000036886,-3.6637359812630166e-14,0.3930991506245044,0.06115667899485789,0.05816314628219862,0.014787249573337657,0.02827045770776228,0.07322777639564453,0.05328576667029986,65.90499875608008,47.95719000326988,0.0,0.0,0.0,0.0,False,well_sampled,Well sampled,variant_1,9,100.0,100.0,1.0,47.95719000326988,0.0,0.0,0.0,0.0,255.672369567014,254.0126646426656,291.10675490778436,251.95484599887314,0.3724261970440136,0.3400184072000114,0.3994381314476742,0.36040042388394733,"[[0.07875736311770279, 0.07322777639564453, 0.13209527111666824], [0.1116203277564682, 0.17009491232195362, 0.0907109569655918], [0.1461519520282795, 0.09669571848241325, 0.10064572181527816]]","[[0.1338762101524343, 0.14109355183805994, 0.12446836945717994], [0.12365770415187245, 0.08557051037927697, 0.07300807951625683], [0.10286650957964058, 0.05328576667029986, 0.16217329825497917]]",2867895330,300,300,1.0,-0.0005420070675132904,0.011948646424484857,0.011796500659663542,0.0,0.0,0.0,0.0,0.0,0.0,80.8265,70.80435185185185,0.0,0.0,0.0,0.0,0.0,0.0,expanded_welch,Expanded Welch,300,1.0,0.9566666666666667,60.03963767740494,41.19912086620018,0.10666666666666667,0.07657584904594215,0.1467032883173674,0.006666666666666668,0.043333333333333335,0.025496448084407243,0.07271746563401146,0.006666666666666668,0.0033333333333333335,0.0005886577218511581,0.018636693694531237,0.006666666666666666
random_3x3_d1,2,1,3,3,450,900,0.07,20.0,5.0,0.42472828350783026,0.39482790237129295,1,0.06999999999999695,0.0700000000000709,-7.394085344003543e-14,0.5681626184600657,0.1241047884020756,0.12264104764437513,0.018472582201180643,0.03539935947167685,0.025224372531597258,0.041866511035890994,11.350967639218766,37.679859932301895,0.0,0.0,0.0,0.0,False,moderate,Moderate,variant_1,9,50.0,100.0,2.0,11.350967639218766,0.0,0.0,0.0,0.0,130.25169032025642,244.46928862979266,124.47155008472956,257.30490378824396,0.4152092233202906,0.4007972328410507,0.37650061399451956,0.4072362636347493,"[[0.11160075947550877, 0.12510343798430656, 0.17850502586047526], [0.08944302615968079, 0.18067517727675048, 0.025224372531597258], [0.12155553689102752, 0.09501861757999362, 0.0728740462406598]]","[[0.08158137601788751, 0.0982517407121723, 0.09179942619193203], [0.10542844850471701, 0.041866511035890994, 0.22920565445391156], [0.11985957430015286, 0.14577608579442994, 0.08623118298890567]]",4085902826,300,300,1.0,0.0002505098447307405,0.02142638331224671,0.02066953213719987,0.0,0.0,0.0,0.0,0.0,0.0,34.40091851851852,69.46318888888888,0.0,0.0,0.0,0.0,0.0,0.0,normal_wald,Normal Wald,300,1.0,0.9566666666666667,,,0.10666666666666667,0.07657584904594215,0.1467032883173674,0.006666666666666668,0.043333333333333335,0.025496448084407243,0.07271746563401146,0.006666666666666668,0.013333333333333334,0.005196961739358859,0.03377553025253262,0.003333333333333334
random_3x3_d1,2,1,3,3,450,900,0.07,20.0,5.0,0.42472828350783026,0.39482790237129295,1,0.06999999999999695,0.0700000000000709,-7.394085344003543e-14,0.5681626184600657,0.1241047884020756,0.12264104764437513,0.018472582201180643,0.03539935947167685,0.025224372531597258,0.041866511035890994,11.350967639218766,37.679859932301895,0.0,0.0,0.0,0.0,False,moderate,Moderate,variant_1,9,50.0,100.0,2.0,11.350967639218766,0.0,0.0,0.0,0.0,130.25169032025642,244.46928862979266,124.47155008472956,257.30490378824396,0.4152092233202906,0.4007972328410507,0.37650061399451956,0.4072362636347493,"[[0.11160075947550877, 0.12510343798430656, 0.17850502586047526], [0.08944302615968079, 0.18067517727675048, 0.025224372531597258], [0.12155553689102752, 0.09501861757999362, 0.0728740462406598]]","[[0.08158137601788751, 0.0982517407121723, 0.09179942619193203], [0.10542844850471701, 0.041866511035890994, 0.22920565445391156], [0.11985957430015286, 0.14577608579442994, 0.08623118298890567]]",4085902826,300,300,1.0,0.0002505098447307405,0.02142638331224671,0.02066953213719987,0.0,0.0,0.0,0.0,0.0,0.0,34.40091851851852,69.46318888888888,0.0,0.0,0.0,0.0,0.0,0.0,simple_welch,Simple Welch,300,1.0,0.9566666666666667,885.4823059888024,745.1763897274797,0.10666666666666667,0.07657584904594215,0.1467032883173674,0.006666666666666668,0.043333333333333335,0.025496448084407243,0.07271746563401146,0.006666666666666668,0.013333333333333334,0.005196961739358859,0.03377553025253262,0.003333333333333334
random_3x3_d1,2,1,3,3,450,900,0.07,20.0,5.0,0.42472828350783026,0.39482790237129295,1,0.06999999999999695,0.0700000000000709,-7.394085344003543e-14,0.5681626184600657,0.1241047884020756,0.12264104764437513,0.018472582201180643,0.03539935947167685,0.025224372531597258,0.041866511035890994,11.350967639218766,37.679859932301895,0.0,0.0,0.0,0.0,False,moderate,Moderate,variant_1,9,50.0,100.0,2.0,11.350967639218766,0.0,0.0,0.0,0.0,130.25169032025642,244.46928862979266,124.47155008472956,257.30490378824396,0.4152092233202906,0.4007972328410507,0.37650061399451956,0.4072362636347493,"[[0.11160075947550877, 0.12510343798430656, 0.17850502586047526], [0.08944302615968079, 0.18067517727675048, 0.025224372531597258], [0.12155553689102752, 0.09501861757999362, 0.0728740462406598]]","[[0.08158137601788751, 0.0982517407121723, 0.09179942619193203], [0.10542844850471701, 0.041866511035890994, 0.22920565445391156], [0.11985957430015286, 0.14577608579442994, 0.08623118298890567]]",4085902826,300,300,1.0,0.0002505098447307405,0.02142638331224671,0.02066953213719987,0.0,0.0,0.0,0.0,0.0,0.0,34.40091851851852,69.46318888888888,0.0,0.0,0.0,0.0,0.0,0.0,expanded_welch,Expanded Welch,300,1.0,0.96,87.81974804738489,62.37618366458758,0.09666666666666666,0.06815029481828933,0.13538170196951116,0.003333333333333341,0.04,0.023027321487942308,0.06860421203864003,0.010000000000000002,0.013333333333333334,0.005196961739358859,0.03377553025253262,0.003333333333333334
random_3x3_d2,2,2,3,3,225,900,0.15,5.0,1.2,0.5387679368219529,0.6790634580312088,1,0.1499999999999999,0.15000000000000746,-7.549516567451064e-15,0.8888931452453581,0.29050508234422107,0.23826656689010703,0.1525652881988342,0.24613513264176523,0.03786504658490679,0.009278327294352467,8.519635481604027,8.35049456491722,0.0,0.0,0.0,0.0,False,sparse_imbalanced,Sparse and imbalanced,variant_1,9,25.0,100.0,4.0,8.35049456491722,0.0,0.0,0.0,0.0,59.247248801566776,55.24383728463202,71.10592220473963,139.1192627930535,0.4098867277334118,0.35866160580484724,0.6067635035725302,0.5745811472669878,"[[0.05854619897723752, 0.2062723729877467, 0.061973594516862615], [0.0938454707380449, 0.09985357718718238, 0.21618767980818449], [0.17292040356991625, 0.052535655629918174, 0.03786504658490679]]","[[0.08168791681180258, 0.1301599875264946, 0.12000655066180389], [0.035568851865394886, 0.009278327294352467, 0.016534862267621565], [0.45732437858979036, 0.131403579253217, 0.01803554572952286]]",3741159399,300,300,1.0,-0.00016266849818491043,0.03900291405233844,0.03970149249683411,0.0,0.0,0.0,0.0,0.0,0.00037037037037037035,17.448296296296295,8.552637037037035,0.0,0.0,0.0,0.0,0.0,0.0,normal_wald,Normal Wald,300,1.0,0.94,,,0.11333333333333333,0.08224450187529102,0.15419939587169124,0.013333333333333322,0.06,0.03828636952469206,0.09283944515290846,0.009999999999999995,0.016666666666666666,0.007139477350633337,0.0384153948330945,0.006666666666666666
random_3x3_d2,2,2,3,3,225,900,0.15,5.0,1.2,0.5387679368219529,0.6790634580312088,1,0.1499999999999999,0.15000000000000746,-7.549516567451064e-15,0.8888931452453581,0.29050508234422107,0.23826656689010703,0.1525652881988342,0.24613513264176523,0.03786504658490679,0.009278327294352467,8.519635481604027,8.35049456491722,0.0,0.0,0.0,0.0,False,sparse_imbalanced,Sparse and imbalanced,variant_1,9,25.0,100.0,4.0,8.35049456491722,0.0,0.0,0.0,0.0,59.247248801566776,55.24383728463202,71.10592220473963,139.1192627930535,0.4098867277334118,0.35866160580484724,0.6067635035725302,0.5745811472669878,"[[0.05854619897723752, 0.2062723729877467, 0.061973594516862615], [0.0938454707380449, 0.09985357718718238, 0.21618767980818449], [0.17292040356991625, 0.052535655629918174, 0.03786504658490679]]","[[0.08168791681180258, 0.1301599875264946, 0.12000655066180389], [0.035568851865394886, 0.009278327294352467, 0.016534862267621565], [0.45732437858979036, 0.131403579253217, 0.01803554572952286]]",3741159399,300,300,1.0,-0.00016266849818491043,0.03900291405233844,0.03970149249683411,0.0,0.0,0.0,0.0,0.0,0.00037037037037037035,17.448296296296295,8.552637037037035,0.0,0.0,0.0,0.0,0.0,0.0,simple_welch,Simple Welch,300,1.0,0.94,320.2119203945173,293.04267124880766,0.11333333333333333,0.08224450187529102,0.15419939587169124,0.013333333333333322,0.06,0.03828636952469206,0.09283944515290846,0.009999999999999995,0.016666666666666666,0.007139477350633337,0.0384153948330945,0.006666666666666666
random_3x3_d2,2,2,3,3,225,900,0.15,5.0,1.2,0.5387679368219529,0.6790634580312088,1,0.1499999999999999,0.15000000000000746,-7.549516567451064e-15,0.8888931452453581,0.29050508234422107,0.23826656689010703,0.1525652881988342,0.24613513264176523,0.03786504658490679,0.009278327294352467,8.519635481604027,8.35049456491722,0.0,0.0,0.0,0.0,False,sparse_imbalanced,Sparse and imbalanced,variant_1,9,25.0,100.0,4.0,8.35049456491722,0.0,0.0,0.0,0.0,59.247248801566776,55.24383728463202,71.10592220473963,139.1192627930535,0.4098867277334118,0.35866160580484724,0.6067635035725302,0.5745811472669878,"[[0.05854619897723752, 0.2062723729877467, 0.061973594516862615], [0.0938454707380449, 0.09985357718718238, 0.21618767980818449], [0.17292040356991625, 0.052535655629918174, 0.03786504658490679]]","[[0.08168791681180258, 0.1301599875264946, 0.12000655066180389], [0.035568851865394886, 0.009278327294352467, 0.016534862267621565], [0.45732437858979036, 0.131403579253217, 0.01803554572952286]]",3741159399,300,300,1.0,-0.00016266849818491043,0.03900291405233844,0.03970149249683411,0.0,0.0,0.0,0.0,0.0,0.00037037037037037035,17.448296296296295,8.552637037037035,0.0,0.0,0.0,0.0,0.0,0.0,expanded_welch,Expanded Welch,300,1.0,0.94,68.82398468776765,45.03613578787656,0.10666666666666667,0.07657584904594215,0.1467032883173674,0.006666666666666668,0.06,0.03828636952469206,0.09283944515290846,0.009999999999999995,0.016666666666666666,0.007139477350633337,0.0384153948330945,0.006666666666666666
random_3x3_d3,2,3,3,3,1800,1800,0.03,1.0,0.5,0.387623865106709,0.2864026836388112,1,0.030000000000000027,0.029999999999999916,1.1102230246251565e-16,0.7095885378443364,0.05518859685344925,0.053806323066793955,0.00827164530195379,0.016713438362875473,0.003055797480384682,0.00553472741103871,5.500435464692427,9.962509339869678,0.0,0.0,0.0,0.0,False,well_sampled,Well sampled,variant_2,9,200.0,200.0,1.0,5.500435464692427,0.0,0.0,0.0,0.0,131.52278168590541,139.6946592389337,247.30971143663282,109.36792598434346,0.5340511607903865,0.4959122422433856,0.6810182351889178,0.6538990470320016,"[[0.1938498311314281, 0.1710589276457379, 0.027971868384722428], [0.24550255581082497, 0.1821819867132059, 0.10636661826635559], [0.056559855301132514, 0.013452559266208048, 0.003055797480384682]]","[[0.23907016839108677, 0.39408677008810294, 0.04786129670972802], [0.03470842994735234, 0.199301256082676, 0.007363934759424081], [0.011562395749368385, 0.06051102086122273, 0.00553472741103871]]",2377483062,300,300,1.0,-0.0005992741785452098,0.0074323422095094,0.007825899953595838,0.00037037037037037035,0.0,0.0,0.0,0.0,0.0,18.19641851851852,8.442161111111112,0.0,0.0,0.0,0.0,0.0,0.0,normal_wald,Normal Wald,300,1.0,0.9633333333333334,,,0.09,0.06259022560547939,0.12777701079864837,0.010000000000000009,0.03666666666666667,0.02059530516285303,0.06445384817189297,0.013333333333333336,0.0033333333333333335,0.0005886577218511581,0.018636693694531237,0.006666666666666666
random_3x3_d3,2,3,3,3,1800,1800,0.03,1.0,0.5,0.387623865106709,0.2864026836388112,1,0.030000000000000027,0.029999999999999916,1.1102230246251565e-16,0.7095885378443364,0.05518859685344925,0.053806323066793955,0.00827164530195379,0.016713438362875473,0.003055797480384682,0.00553472741103871,5.500435464692427,9.962509339869678,0.0,0.0,0.0,0.0,False,well_sampled,Well sampled,variant_2,9,200.0,200.0,1.0,5.500435464692427,0.0,0.0,0.0,0.0,131.52278168590541,139.6946592389337,247.30971143663282,109.36792598434346,0.5340511607903865,0.4959122422433856,0.6810182351889178,0.6538990470320016,"[[0.1938498311314281, 0.1710589276457379, 0.027971868384722428], [0.24550255581082497, 0.1821819867132059, 0.10636661826635559], [0.056559855301132514, 0.013452559266208048, 0.003055797480384682]]","[[0.23907016839108677, 0.39408677008810294, 0.04786129670972802], [0.03470842994735234, 0.199301256082676, 0.007363934759424081], [0.011562395749368385, 0.06051102086122273, 0.00553472741103871]]",2377483062,300,300,1.0,-0.0005992741785452098,0.0074323422095094,0.007825899953595838,0.00037037037037037035,0.0,0.0,0.0,0.0,0.0,18.19641851851852,8.442161111111112,0.0,0.0,0.0,0.0,0.0,0.0,simple_welch,Simple Welch,300,1.0,0.9666666666666667,3581.6185487126663,3433.7320531517503,0.09,0.06259022560547939,0.12777701079864837,0.010000000000000009,0.03333333333333333,0.01820494733885481,0.06026182580405482,0.01666666666666667,0.0033333333333333335,0.0005886577218511581,0.018636693694531237,0.006666666666666666
random_3x3_d3,2,3,3,3,1800,1800,0.03,1.0,0.5,0.387623865106709,0.2864026836388112,1,0.030000000000000027,0.029999999999999916,1.1102230246251565e-16,0.7095885378443364,0.05518859685344925,0.053806323066793955,0.00827164530195379,0.016713438362875473,0.003055797480384682,0.00553472741103871,5.500435464692427,9.962509339869678,0.0,0.0,0.0,0.0,False,well_sampled,Well sampled,variant_2,9,200.0,200.0,1.0,5.500435464692427,0.0,0.0,0.0,0.0,131.52278168590541,139.6946592389337,247.30971143663282,109.36792598434346,0.5340511607903865,0.4959122422433856,0.6810182351889178,0.6538990470320016,"[[0.1938498311314281, 0.1710589276457379, 0.027971868384722428], [0.24550255581082497, 0.1821819867132059, 0.10636661826635559], [0.056559855301132514, 0.013452559266208048, 0.003055797480384682]]","[[0.23907016839108677, 0.39408677008810294, 0.04786129670972802], [0.03470842994735234, 0.199301256082676, 0.007363934759424081], [0.011562395749368385, 0.06051102086122273, 0.00553472741103871]]",2377483062,300,300,1.0,-0.0005992741785452098,0.0074323422095094,0.007825899953595838,0.00037037037037037035,0.0,0.0,0.0,0.0,0.0,18.19641851851852,8.442161111111112,0.0,0.0,0.0,0.0,0.0,0.0,expanded_welch,Expanded Welch,300,1.0,0.9666666666666667,146.13285764627057,112.4383464861878,0.09,0.06259022560547939,0.12777701079864837,0.010000000000000009,0.03333333333333333,0.01820494733885481,0.06026182580405482,0.01666666666666667,0.0033333333333333335,0.0005886577218511581,0.018636693694531237,0.006666666666666666
random_3x3_d4,2,4,3,3,180,360,0.07,10.0,0.8,0.42412216322851365,1.5630357714117762,1,0.06999999999997075,0.07000000000000028,-2.9531932455029164e-14,1.3157446735192426,0.12743445128802228,0.14513539747398077,0.03717646568764954,0.07649872886209079,0.026206954128162187,1.3233028567667474e-06,4.717251743069194,0.00047638902843602905,0.0,0.3333333333333333,0.0,0.3333333333333333,True,moderate,Moderate,variant_2,9,20.0,40.0,2.0,0.00047638902843602905,0.0,0.3333333333333333,0.1111111111111111,0.3333333333333333,46.164730599126656,45.01046146905483,41.99981346010388,0.8046641624412705,0.4513748355443423,0.49471623326341363,0.6503486717108375,0.8480866414944191,"[[0.06918614161603462, 0.026206954128162187, 0.16107762980650686], [0.061256618547298664, 0.19759196773124196, 0.19252624926580167], [0.10288953683724383, 0.04815254787660512, 0.14111235419110515]]","[[0.10890538578575872, 0.01611586070725056, 7.813143254167134e-06], [0.6080555689810385, 0.04229177942694231, 1.3233028567667474e-06], [0.13112568672762195, 0.09127054014238445, 0.002226041782892595]]",980052219,300,300,1.0,0.006432780100655505,0.03290375076122236,0.0344733094757115,0.0011111111111111111,0.2759259259259259,0.0,0.31296296296296294,0.0,0.3418518518518518,10.26512962962963,0.09100925925925926,0.0,0.0,0.0,0.1588888888888889,0.0,0.4766666666666667,normal_wald,Normal Wald,300,1.0,0.98,,,0.09,0.06259022560547939,0.12777701079864837,0.010000000000000009,0.02,0.009197631557703614,0.04293962081786058,0.030000000000000002,0.0033333333333333335,0.0005886577218511581,0.018636693694531237,0.006666666666666666
random_3x3_d4,2,4,3,3,180,360,0.07,10.0,0.8,0.42412216322851365,1.5630357714117762,1,0.06999999999997075,0.07000000000000028,-2.9531932455029164e-14,1.3157446735192426,0.12743445128802228,0.14513539747398077,0.03717646568764954,0.07649872886209079,0.026206954128162187,1.3233028567667474e-06,4.717251743069194,0.00047638902843602905,0.0,0.3333333333333333,0.0,0.3333333333333333,True,moderate,Moderate,variant_2,9,20.0,40.0,2.0,0.00047638902843602905,0.0,0.3333333333333333,0.1111111111111111,0.3333333333333333,46.164730599126656,45.01046146905483,41.99981346010388,0.8046641624412705,0.4513748355443423,0.49471623326341363,0.6503486717108375,0.8480866414944191,"[[0.06918614161603462, 0.026206954128162187, 0.16107762980650686], [0.061256618547298664, 0.19759196773124196, 0.19252624926580167], [0.10288953683724383, 0.04815254787660512, 0.14111235419110515]]","[[0.10890538578575872, 0.01611586070725056, 7.813143254167134e-06], [0.6080555689810385, 0.04229177942694231, 1.3233028567667474e-06], [0.13112568672762195, 0.09127054014238445, 0.002226041782892595]]",980052219,300,300,1.0,0.006432780100655505,0.03290375076122236,0.0344733094757115,0.0011111111111111111,0.2759259259259259,0.0,0.31296296296296294,0.0,0.3418518518518518,10.26512962962963,0.09100925925925926,0.0,0.0,0.0,0.1588888888888889,0.0,0.4766666666666667,simple_welch,Simple Welch,300,1.0,0.98,367.1373405152889,266.38536518402935,0.08666666666666667,0.05982889751804312,0.12395595869424827,0.013333333333333336,0.02,0.009197631557703614,0.04293962081786058,0.030000000000000002,0.0033333333333333335,0.0005886577218511581,0.018636693694531237,0.006666666666666666
random_3x3_d4,2,4,3,3,180,360,0.07,10.0,0.8,0.42412216322851365,1.5630357714117762,1,0.06999999999997075,0.07000000000000028,-2.9531932455029164e-14,1.3157446735192426,0.12743445128802228,0.14513539747398077,0.03717646568764954,0.07649872886209079,0.026206954128162187,1.3233028567667474e-06,4.717251743069194,0.00047638902843602905,0.0,0.3333333333333333,0.0,0.3333333333333333,True,moderate,Moderate,variant_2,9,20.0,40.0,2.0,0.00047638902843602905,0.0,0.3333333333333333,0.1111111111111111,0.3333333333333333,46.164730599126656,45.01046146905483,41.99981346010388,0.8046641624412705,0.4513748355443423,0.49471623326341363,0.6503486717108375,0.8480866414944191,"[[0.06918614161603462, 0.026206954128162187, 0.16107762980650686], [0.061256618547298664, 0.19759196773124196, 0.19252624926580167], [0.10288953683724383, 0.04815254787660512, 0.14111235419110515]]","[[0.10890538578575872, 0.01611586070725056, 7.813143254167134e-06], [0.6080555689810385, 0.04229177942694231, 1.3233028567667474e-06], [0.13112568672762195, 0.09127054014238445, 0.002226041782892595]]",980052219,300,300,1.0,0.006432780100655505,0.03290375076122236,0.0344733094757115,0.0011111111111111111,0.2759259259259259,0.0,0.31296296296296294,0.0,0.3418518518518518,10.26512962962963,0.09100925925925926,0.0,0.0,0.0,0.1588888888888889,0.0,0.4766666666666667,expanded_welch,Expanded Welch,300,1.0,0.9833333333333333,38.98125889424615,23.550835365165845,0.08333333333333333,0.05708087405639428,0.12012160196406077,0.016666666666666677,0.016666666666666666,0.007139477350633337,0.0384153948330945,0.03333333333333334,0.0033333333333333335,0.0005886577218511581,0.018636693694531237,0.006666666666666666
random_3x3_d5,2,5,3,3,120,480,0.15,2.0,20.0,0.6789464695349969,0.5485804580032637,1,0.15000000000000024,0.14999999999999925,9.992007221626409e-16,0.8168185369205744,0.2429014928161946,0.2788889665151029,0.07283602543324208,0.14493201143575546,0.017709230765240457,0.03852744782372003,2.125107691828855,18.493174955385612,0.0,0.0,0.0,0.0,False,sparse_imbalanced,Sparse and imbalanced,variant_2,9,13.333333333333334,53.333333333333336,4.0,2.125107691828855,0.0,0.0,0.2222222222222222,0.0,38.68261908543261,144.51091400466515,18.098763521348072,139.91188536643637,0.34570892086189525,0.5438197500212292,0.3551290301058632,0.38187376120761374,"[[0.11614555436451345, 0.21185413573214135, 0.017709230765240457], [0.17377784391623846, 0.07501470617189539, 0.08314337000469926], [0.2538963517404773, 0.018488378730166954, 0.04997042857462753]]","[[0.11324167322327895, 0.06029810188360824, 0.17026679061086375], [0.20579570885708415, 0.056741247495581584, 0.03852744782372003], [0.06283637912725062, 0.20960379489978728, 0.08268885607882531]]",1246660382,300,300,1.0,0.0009019125923275706,0.057739898250204535,0.05055434821414758,0.028148148148148148,0.0,0.0,0.0,0.08592592592592593,0.0,5.241361111111111,41.28532638888889,0.0,0.0,0.0,0.0,0.0,0.0,normal_wald,Normal Wald,300,1.0,0.91,,,0.15333333333333332,0.1169664029909169,0.1984660570581017,0.053333333333333316,0.09,0.06259022560547939,0.12777701079864837,0.039999999999999994,0.03333333333333333,0.01820494733885481,0.06026182580405482,0.02333333333333333
random_3x3_d5,2,5,3,3,120,480,0.15,2.0,20.0,0.6789464695349969,0.5485804580032637,1,0.15000000000000024,0.14999999999999925,9.992007221626409e-16,0.8168185369205744,0.2429014928161946,0.2788889665151029,0.07283602543324208,0.14493201143575546,0.017709230765240457,0.03852744782372003,2.125107691828855,18.493174955385612,0.0,0.0,0.0,0.0,False,sparse_imbalanced,Sparse and imbalanced,variant_2,9,13.333333333333334,53.333333333333336,4.0,2.125107691828855,0.0,0.0,0.2222222222222222,0.0,38.68261908543261,144.51091400466515,18.098763521348072,139.91188536643637,0.34570892086189525,0.5438197500212292,0.3551290301058632,0.38187376120761374,"[[0.11614555436451345, 0.21185413573214135, 0.017709230765240457], [0.17377784391623846, 0.07501470617189539, 0.08314337000469926], [0.2538963517404773, 0.018488378730166954, 0.04997042857462753]]","[[0.11324167322327895, 0.06029810188360824, 0.17026679061086375], [0.20579570885708415, 0.056741247495581584, 0.03852744782372003], [0.06283637912725062, 0.20960379489978728, 0.08268885607882531]]",1246660382,300,300,1.0,0.0009019125923275706,0.057739898250204535,0.05055434821414758,0.028148148148148148,0.0,0.0,0.0,0.08592592592592593,0.0,5.241361111111111,41.28532638888889,0.0,0.0,0.0,0.0,0.0,0.0,simple_welch,Simple Welch,300,1.0,0.91,197.05092221046704,163.32224871318948,0.15,0.11403246871185319,0.19481761114532903,0.04999999999999999,0.09,0.06259022560547939,0.12777701079864837,0.039999999999999994,0.03333333333333333,0.01820494733885481,0.06026182580405482,0.02333333333333333
random_3x3_d5,2,5,3,3,120,480,0.15,2.0,20.0,0.6789464695349969,0.5485804580032637,1,0.15000000000000024,0.14999999999999925,9.992007221626409e-16,0.8168185369205744,0.2429014928161946,0.2788889665151029,0.07283602543324208,0.14493201143575546,0.017709230765240457,0.03852744782372003,2.125107691828855,18.493174955385612,0.0,0.0,0.0,0.0,False,sparse_imbalanced,Sparse and imbalanced,variant_2,9,13.333333333333334,53.333333333333336,4.0,2.125107691828855,0.0,0.0,0.2222222222222222,0.0,38.68261908543261,144.51091400466515,18.098763521348072,139.91188536643637,0.34570892086189525,0.5438197500212292,0.3551290301058632,0.38187376120761374,"[[0.11614555436451345, 0.21185413573214135, 0.017709230765240457], [0.17377784391623846, 0.07501470617189539, 0.08314337000469926], [0.2538963517404773, 0.018488378730166954, 0.04997042857462753]]","[[0.11324167322327895, 0.06029810188360824, 0.17026679061086375], [0.20579570885708415, 0.056741247495581584, 0.03852744782372003], [0.06283637912725062, 0.20960379489978728, 0.08268885607882531]]",1246660382,300,300,1.0,0.0009019125923275706,0.057739898250204535,0.05055434821414758,0.028148148148148148,0.0,0.0,0.0,0.08592592592592593,0.0,5.241361111111111,41.28532638888889,0.0,0.0,0.0,0.0,0.0,0.0,expanded_welch,Expanded Welch,300,1.0,0.9133333333333333,51.107993093900454,30.06131664945376,0.14333333333333334,0.10818474232384973,0.1875005771496598,0.043333333333333335,0.08666666666666667,0.05982889751804312,0.12395595869424827,0.03666666666666667,0.023333333333333334,0.011347660299125234,0.04737197226827532,0.013333333333333334
stress_3x3_d6,2,6,3,3,3540,3540,0.1,0.8,0.8,0.8550115335736941,0.8245779167962749,1,0.0999999999999962,0.09999999999999976,-3.552713678800501e-15,1.3142915963023811,0.16878157782837191,0.21493530589315266,0.030420200007233444,0.04833174177268106,0.0006897155331165613,0.0008880687935305803,2.441592987232627,3.1437635290982544,0.0,0.0,0.0,0.0,False,highly_sparse,Highly skewed and sparse,variant_1,9,393.3333333333333,393.3333333333333,1.0,2.441592987232627,0.0,0.0,0.1111111111111111,0.1111111111111111,923.4162194900051,338.4915062895806,139.0105154151413,344.6900117161371,0.4621461100115765,0.5178865812298785,0.75071997914988,0.7979686919655283,"[[0.052495086205759274, 0.03064495159022359, 0.19386181278848433], [0.2833418315757566, 0.007933840056078303, 0.17087043837974164], [0.1820496634483627, 0.0006897155331165613, 0.07811266042247696]]","[[0.644248143308715, 0.08299959282267018, 0.02347224301849475], [0.06502846309394, 0.02077358661145252, 0.06785890157139972], [0.08869208556287335, 0.0008880687935305803, 0.006038915216923925]]",3343794369,300,300,1.0,0.00038281828042567004,0.01019873051194225,0.010364641768652488,0.009629629629629629,0.002962962962962963,0.0,0.0,0.0,0.0,35.95527871939736,32.69883427495292,0.0,0.0,0.0,0.0,0.0,0.0,normal_wald,Normal Wald,300,1.0,0.9566666666666667,,,0.1,0.07094791459501534,0.1391664623846215,0.0,0.043333333333333335,0.025496448084407243,0.07271746563401146,0.006666666666666668,0.006666666666666667,0.0018301483579117855,0.023977583250306973,0.003333333333333333
stress_3x3_d6,2,6,3,3,3540,3540,0.1,0.8,0.8,0.8550115335736941,0.8245779167962749,1,0.0999999999999962,0.09999999999999976,-3.552713678800501e-15,1.3142915963023811,0.16878157782837191,0.21493530589315266,0.030420200007233444,0.04833174177268106,0.0006897155331165613,0.0008880687935305803,2.441592987232627,3.1437635290982544,0.0,0.0,0.0,0.0,False,highly_sparse,Highly skewed and sparse,variant_1,9,393.3333333333333,393.3333333333333,1.0,2.441592987232627,0.0,0.0,0.1111111111111111,0.1111111111111111,923.4162194900051,338.4915062895806,139.0105154151413,344.6900117161371,0.4621461100115765,0.5178865812298785,0.75071997914988,0.7979686919655283,"[[0.052495086205759274, 0.03064495159022359, 0.19386181278848433], [0.2833418315757566, 0.007933840056078303, 0.17087043837974164], [0.1820496634483627, 0.0006897155331165613, 0.07811266042247696]]","[[0.644248143308715, 0.08299959282267018, 0.02347224301849475], [0.06502846309394, 0.02077358661145252, 0.06785890157139972], [0.08869208556287335, 0.0008880687935305803, 0.006038915216923925]]",3343794369,300,300,1.0,0.00038281828042567004,0.01019873051194225,0.010364641768652488,0.009629629629629629,0.002962962962962963,0.0,0.0,0.0,0.0,35.95527871939736,32.69883427495292,0.0,0.0,0.0,0.0,0.0,0.0,simple_welch,Simple Welch,300,1.0,0.9566666666666667,6978.466925202349,6821.097392078465,0.1,0.07094791459501534,0.1391664623846215,0.0,0.043333333333333335,0.025496448084407243,0.07271746563401146,0.006666666666666668,0.006666666666666667,0.0018301483579117855,0.023977583250306973,0.003333333333333333
stress_3x3_d6,2,6,3,3,3540,3540,0.1,0.8,0.8,0.8550115335736941,0.8245779167962749,1,0.0999999999999962,0.09999999999999976,-3.552713678800501e-15,1.3142915963023811,0.16878157782837191,0.21493530589315266,0.030420200007233444,0.04833174177268106,0.0006897155331165613,0.0008880687935305803,2.441592987232627,3.1437635290982544,0.0,0.0,0.0,0.0,False,highly_sparse,Highly skewed and sparse,variant_1,9,393.3333333333333,393.3333333333333,1.0,2.441592987232627,0.0,0.0,0.1111111111111111,0.1111111111111111,923.4162194900051,338.4915062895806,139.0105154151413,344.6900117161371,0.4621461100115765,0.5178865812298785,0.75071997914988,0.7979686919655283,"[[0.052495086205759274, 0.03064495159022359, 0.19386181278848433], [0.2833418315757566, 0.007933840056078303, 0.17087043837974164], [0.1820496634483627, 0.0006897155331165613, 0.07811266042247696]]","[[0.644248143308715, 0.08299959282267018, 0.02347224301849475], [0.06502846309394, 0.02077358661145252, 0.06785890157139972], [0.08869208556287335, 0.0008880687935305803, 0.006038915216923925]]",3343794369,300,300,1.0,0.00038281828042567004,0.01019873051194225,0.010364641768652488,0.009629629629629629,0.002962962962962963,0.0,0.0,0.0,0.0,35.95527871939736,32.69883427495292,0.0,0.0,0.0,0.0,0.0,0.0,expanded_welch,Expanded Welch,300,1.0,0.9566666666666667,892.2556801639407,771.6582381658151,0.1,0.07094791459501534,0.1391664623846215,0.0,0.043333333333333335,0.025496448084407243,0.07271746563401146,0.006666666666666668,0.006666666666666667,0.0018301483579117855,0.023977583250306973,0.003333333333333333
stress_3x3_d7,2,7,3,3,4538,18152,0.15,1.0,0.6,1.292112112848883,0.8445307014950828,14,0.15000000000000036,0.1500000000000007,-3.3306690738754696e-16,1.3678969868826905,0.1892365168408154,0.16959261200478581,0.14767559201538827,0.19027597693671697,0.00035369973117836635,0.0002000167852810553,1.6050893800874264,3.6307046864217156,0.0,0.0,0.0,0.0,False,highly_sparse,Highly skewed and sparse,variant_2,9,504.22222222222223,2016.888888888889,4.0,1.6050893800874264,0.0,0.0,0.2222222222222222,0.1111111111111111,182.1211117080432,549.5299402604692,670.9815173795613,431.11835303909737,0.709503649811046,0.5036043140036042,0.6265579276532495,0.6573378266475063,"[[0.3233295481901257, 0.24400358919140042, 0.1421705124295198], [0.0009258039463991551, 0.0338724483924572, 0.005334209474286708], [0.024281912224886036, 0.22572827641974655, 0.00035369973117836635]]","[[0.01642882681959224, 0.01364495213446503, 0.0002000167852810553], [0.0074910617296350115, 0.3350616447731281, 0.000615570104649287], [0.29499182463143453, 0.3086312297399131, 0.02293487328190182]]",318345911,300,300,1.0,-0.00022000277046735554,0.007380046012939108,0.00712519893501106,0.02259259259259259,0.001851851851851852,0.0,0.0,0.0,0.0,26.944228000587632,13.002994711326576,0.0,0.0,0.0,0.0,0.0,0.0,normal_wald,Normal Wald,300,1.0,0.95,,,0.09666666666666666,0.06815029481828933,0.13538170196951116,0.003333333333333341,0.05,0.030531640629347285,0.08084703347274416,0.0,0.006666666666666667,0.0018301483579117855,0.023977583250306973,0.003333333333333333
stress_3x3_d7,2,7,3,3,4538,18152,0.15,1.0,0.6,1.292112112848883,0.8445307014950828,14,0.15000000000000036,0.1500000000000007,-3.3306690738754696e-16,1.3678969868826905,0.1892365168408154,0.16959261200478581,0.14767559201538827,0.19027597693671697,0.00035369973117836635,0.0002000167852810553,1.6050893800874264,3.6307046864217156,0.0,0.0,0.0,0.0,False,highly_sparse,Highly skewed and sparse,variant_2,9,504.22222222222223,2016.888888888889,4.0,1.6050893800874264,0.0,0.0,0.2222222222222222,0.1111111111111111,182.1211117080432,549.5299402604692,670.9815173795613,431.11835303909737,0.709503649811046,0.5036043140036042,0.6265579276532495,0.6573378266475063,"[[0.3233295481901257, 0.24400358919140042, 0.1421705124295198], [0.0009258039463991551, 0.0338724483924572, 0.005334209474286708], [0.024281912224886036, 0.22572827641974655, 0.00035369973117836635]]","[[0.01642882681959224, 0.01364495213446503, 0.0002000167852810553], [0.0074910617296350115, 0.3350616447731281, 0.000615570104649287], [0.29499182463143453, 0.3086312297399131, 0.02293487328190182]]",318345911,300,300,1.0,-0.00022000277046735554,0.007380046012939108,0.00712519893501106,0.02259259259259259,0.001851851851851852,0.0,0.0,0.0,0.0,26.944228000587632,13.002994711326576,0.0,0.0,0.0,0.0,0.0,0.0,simple_welch,Simple Welch,300,1.0,0.95,6726.13342042391,6563.063976318044,0.09666666666666666,0.06815029481828933,0.13538170196951116,0.003333333333333341,0.05,0.030531640629347285,0.08084703347274416,0.0,0.006666666666666667,0.0018301483579117855,0.023977583250306973,0.003333333333333333
stress_3x3_d7,2,7,3,3,4538,18152,0.15,1.0,0.6,1.292112112848883,0.8445307014950828,14,0.15000000000000036,0.1500000000000007,-3.3306690738754696e-16,1.3678969868826905,0.1892365168408154,0.16959261200478581,0.14767559201538827,0.19027597693671697,0.00035369973117836635,0.0002000167852810553,1.6050893800874264,3.6307046864217156,0.0,0.0,0.0,0.0,False,highly_sparse,Highly skewed and sparse,variant_2,9,504.22222222222223,2016.888888888889,4.0,1.6050893800874264,0.0,0.0,0.2222222222222222,0.1111111111111111,182.1211117080432,549.5299402604692,670.9815173795613,431.11835303909737,0.709503649811046,0.5036043140036042,0.6265579276532495,0.6573378266475063,"[[0.3233295481901257, 0.24400358919140042, 0.1421705124295198], [0.0009258039463991551, 0.0338724483924572, 0.005334209474286708], [0.024281912224886036, 0.22572827641974655, 0.00035369973117836635]]","[[0.01642882681959224, 0.01364495213446503, 0.0002000167852810553], [0.0074910617296350115, 0.3350616447731281, 0.000615570104649287], [0.29499182463143453, 0.3086312297399131, 0.02293487328190182]]",318345911,300,300,1.0,-0.00022000277046735554,0.007380046012939108,0.00712519893501106,0.02259259259259259,0.001851851851851852,0.0,0.0,0.0,0.0,26.944228000587632,13.002994711326576,0.0,0.0,0.0,0.0,0.0,0.0,expanded_welch,Expanded Welch,300,1.0,0.95,1604.3689421216452,1351.4672346748837,0.09666666666666666,0.06815029481828933,0.13538170196951116,0.003333333333333341,0.05,0.030531640629347285,0.08084703347274416,0.0,0.006666666666666667,0.0018301483579117855,0.023977583250306973,0.003333333333333333
stress_3x3_d8,2,8,3,3,437,437,0.1,0.6,0.6,0.9932919119444901,0.6436401577115886,8,0.09999999999999964,0.10000000000000042,-7.771561172376096e-16,1.7265867202906566,0.19681681172286858,0.1816546594609788,0.18426634111411833,0.3188813695109136,0.0007648835347928908,0.0016325656406469108,0.3342541047044933,0.7134311849627001,0.0,0.1111111111111111,0.1111111111111111,0.5555555555555556,False,ultra_sparse,Ultra-skewed and sparse,variant_1,9,48.55555555555556,48.55555555555556,1.0,0.3342541047044933,0.1111111111111111,0.1111111111111111,0.2222222222222222,0.4444444444444444,18.17574261630454,5.815430430018882,103.74222387281624,7.340001965521442,0.8438950692319291,0.40960586415116795,0.6329005392208688,0.523978264154021,"[[0.3343576669131934, 0.1478012277321744, 0.3617361745865614], [0.011701873740014105, 0.08883028203467169, 0.0139806866265555], [0.00693820189398565, 0.0007648835347928908, 0.03388900293805107]]","[[0.00806769160527125, 0.0036073638754065118, 0.0016325656406469108], [0.08393748004745785, 0.2664057754740894, 0.003448584136259455], [0.43197309250129196, 0.18921225332595357, 0.01171519339362325]]",2198185237,300,300,1.0,0.00034984132627195573,0.031260072213188585,0.029470579711402087,0.08629629629629629,0.11259259259259259,0.0,0.12444444444444445,0.10555555555555554,0.5018518518518518,4.313524027459954,0.10037376048817696,0.0,0.0011111111111111111,0.0,0.0,0.0,0.0033333333333333335,normal_wald,Normal Wald,300,1.0,0.9366666666666666,,,0.12,0.08795084430363892,0.16165781382701608,0.01999999999999999,0.06333333333333334,0.04091688238391527,0.09679131248552161,0.013333333333333336,0.023333333333333334,0.011347660299125234,0.04737197226827532,0.013333333333333334
stress_3x3_d8,2,8,3,3,437,437,0.1,0.6,0.6,0.9932919119444901,0.6436401577115886,8,0.09999999999999964,0.10000000000000042,-7.771561172376096e-16,1.7265867202906566,0.19681681172286858,0.1816546594609788,0.18426634111411833,0.3188813695109136,0.0007648835347928908,0.0016325656406469108,0.3342541047044933,0.7134311849627001,0.0,0.1111111111111111,0.1111111111111111,0.5555555555555556,False,ultra_sparse,Ultra-skewed and sparse,variant_1,9,48.55555555555556,48.55555555555556,1.0,0.3342541047044933,0.1111111111111111,0.1111111111111111,0.2222222222222222,0.4444444444444444,18.17574261630454,5.815430430018882,103.74222387281624,7.340001965521442,0.8438950692319291,0.40960586415116795,0.6329005392208688,0.523978264154021,"[[0.3343576669131934, 0.1478012277321744, 0.3617361745865614], [0.011701873740014105, 0.08883028203467169, 0.0139806866265555], [0.00693820189398565, 0.0007648835347928908, 0.03388900293805107]]","[[0.00806769160527125, 0.0036073638754065118, 0.0016325656406469108], [0.08393748004745785, 0.2664057754740894, 0.003448584136259455], [0.43197309250129196, 0.18921225332595357, 0.01171519339362325]]",2198185237,300,300,1.0,0.00034984132627195573,0.031260072213188585,0.029470579711402087,0.08629629629629629,0.11259259259259259,0.0,0.12444444444444445,0.10555555555555554,0.5018518518518518,4.313524027459954,0.10037376048817696,0.0,0.0011111111111111111,0.0,0.0,0.0,0.0033333333333333335,simple_welch,Simple Welch,300,1.0,0.9366666666666666,865.2746851815409,819.8144390932514,0.11666666666666667,0.08509313461466295,0.1579331433241557,0.016666666666666663,0.06333333333333334,0.04091688238391527,0.09679131248552161,0.013333333333333336,0.023333333333333334,0.011347660299125234,0.04737197226827532,0.013333333333333334
stress_3x3_d8,2,8,3,3,437,437,0.1,0.6,0.6,0.9932919119444901,0.6436401577115886,8,0.09999999999999964,0.10000000000000042,-7.771561172376096e-16,1.7265867202906566,0.19681681172286858,0.1816546594609788,0.18426634111411833,0.3188813695109136,0.0007648835347928908,0.0016325656406469108,0.3342541047044933,0.7134311849627001,0.0,0.1111111111111111,0.1111111111111111,0.5555555555555556,False,ultra_sparse,Ultra-skewed and sparse,variant_1,9,48.55555555555556,48.55555555555556,1.0,0.3342541047044933,0.1111111111111111,0.1111111111111111,0.2222222222222222,0.4444444444444444,18.17574261630454,5.815430430018882,103.74222387281624,7.340001965521442,0.8438950692319291,0.40960586415116795,0.6329005392208688,0.523978264154021,"[[0.3343576669131934, 0.1478012277321744, 0.3617361745865614], [0.011701873740014105, 0.08883028203467169, 0.0139806866265555], [0.00693820189398565, 0.0007648835347928908, 0.03388900293805107]]","[[0.00806769160527125, 0.0036073638754065118, 0.0016325656406469108], [0.08393748004745785, 0.2664057754740894, 0.003448584136259455], [0.43197309250129196, 0.18921225332595357, 0.01171519339362325]]",2198185237,300,300,1.0,0.00034984132627195573,0.031260072213188585,0.029470579711402087,0.08629629629629629,0.11259259259259259,0.0,0.12444444444444445,0.10555555555555554,0.5018518518518518,4.313524027459954,0.10037376048817696,0.0,0.0011111111111111111,0.0,0.0,0.0,0.0033333333333333335,expanded_welch,Expanded Welch,300,1.0,0.9366666666666666,115.97347523643506,78.41329938252164,0.11666666666666667,0.08509313461466295,0.1579331433241557,0.016666666666666663,0.06333333333333334,0.04091688238391527,0.09679131248552161,0.013333333333333336,0.023333333333333334,0.011347660299125234,0.04737197226827532,0.013333333333333334
stress_3x3_d9,2,9,3,3,1180,4720,0.15,0.8,0.45,1.217909551146921,1.4028222573642573,31,0.1500000000000321,0.14999999999999847,3.3639757646142243e-14,1.10554995708389,0.21721140674166334,0.24111971107148522,0.12812039544747456,0.19375881678945592,0.000611823552677948,6.886055253628843e-05,0.7219517921599786,0.3250218079712814,0.0,0.0,0.0,0.0,False,ultra_sparse,Ultra-skewed and sparse,variant_2,9,131.11111111111111,524.4444444444445,4.0,0.3250218079712814,0.1111111111111111,0.1111111111111111,0.1111111111111111,0.1111111111111111,187.9404957133315,152.13732138100642,125.2227657468232,1137.2390964576923,0.6751062987108563,0.6376015717075602,0.5065257505537998,0.41558159871462763,"[[0.07912836685657096, 0.013032571676135052, 0.06711066800401562], [0.1406173876654175, 0.000611823552677948, 0.024392883534326677], [0.4178558171855717, 0.24263304514259032, 0.014617436382694301]]","[[0.03545727632040273, 0.30899349802872267, 0.11679099175364131], [0.027227864619238873, 6.886055253628843e-05, 0.004935758171658401], [0.17825534559800507, 0.10651924013336865, 0.22175116482242604]]",731714546,300,300,1.0,-0.001297123930423932,0.015921165035746566,0.015159624219620544,0.05407407407407407,0.07444444444444444,0.0,0.0,0.0,0.0,19.267940677966102,36.41974929378531,0.0,0.0,0.0,0.0,0.0,0.0,normal_wald,Normal Wald,300,1.0,0.93,,,0.12333333333333334,0.09081731429366793,0.16537372402882342,0.02333333333333333,0.07,0.04623694482717634,0.10463601042593325,0.020000000000000004,0.013333333333333334,0.005196961739358859,0.03377553025253262,0.003333333333333334
stress_3x3_d9,2,9,3,3,1180,4720,0.15,0.8,0.45,1.217909551146921,1.4028222573642573,31,0.1500000000000321,0.14999999999999847,3.3639757646142243e-14,1.10554995708389,0.21721140674166334,0.24111971107148522,0.12812039544747456,0.19375881678945592,0.000611823552677948,6.886055253628843e-05,0.7219517921599786,0.3250218079712814,0.0,0.0,0.0,0.0,False,ultra_sparse,Ultra-skewed and sparse,variant_2,9,131.11111111111111,524.4444444444445,4.0,0.3250218079712814,0.1111111111111111,0.1111111111111111,0.1111111111111111,0.1111111111111111,187.9404957133315,152.13732138100642,125.2227657468232,1137.2390964576923,0.6751062987108563,0.6376015717075602,0.5065257505537998,0.41558159871462763,"[[0.07912836685657096, 0.013032571676135052, 0.06711066800401562], [0.1406173876654175, 0.000611823552677948, 0.024392883534326677], [0.4178558171855717, 0.24263304514259032, 0.014617436382694301]]","[[0.03545727632040273, 0.30899349802872267, 0.11679099175364131], [0.027227864619238873, 6.886055253628843e-05, 0.004935758171658401], [0.17825534559800507, 0.10651924013336865, 0.22175116482242604]]",731714546,300,300,1.0,-0.001297123930423932,0.015921165035746566,0.015159624219620544,0.05407407407407407,0.07444444444444444,0.0,0.0,0.0,0.0,19.267940677966102,36.41974929378531,0.0,0.0,0.0,0.0,0.0,0.0,simple_welch,Simple Welch,300,1.0,0.93,1900.3565667146509,1789.649504274295,0.12333333333333334,0.09081731429366793,0.16537372402882342,0.02333333333333333,0.07,0.04623694482717634,0.10463601042593325,0.020000000000000004,0.013333333333333334,0.005196961739358859,0.03377553025253262,0.003333333333333334
stress_3x3_d9,2,9,3,3,1180,4720,0.15,0.8,0.45,1.217909551146921,1.4028222573642573,31,0.1500000000000321,0.14999999999999847,3.3639757646142243e-14,1.10554995708389,0.21721140674166334,0.24111971107148522,0.12812039544747456,0.19375881678945592,0.000611823552677948,6.886055253628843e-05,0.7219517921599786,0.3250218079712814,0.0,0.0,0.0,0.0,False,ultra_sparse,Ultra-skewed and sparse,variant_2,9,131.11111111111111,524.4444444444445,4.0,0.3250218079712814,0.1111111111111111,0.1111111111111111,0.1111111111111111,0.1111111111111111,187.9404957133315,152.13732138100642,125.2227657468232,1137.2390964576923,0.6751062987108563,0.6376015717075602,0.5065257505537998,0.41558159871462763,"[[0.07912836685657096, 0.013032571676135052, 0.06711066800401562], [0.1406173876654175, 0.000611823552677948, 0.024392883534326677], [0.4178558171855717, 0.24263304514259032, 0.014617436382694301]]","[[0.03545727632040273, 0.30899349802872267, 0.11679099175364131], [0.027227864619238873, 6.886055253628843e-05, 0.004935758171658401], [0.17825534559800507, 0.10651924013336865, 0.22175116482242604]]",731714546,300,300,1.0,-0.001297123930423932,0.015921165035746566,0.015159624219620544,0.05407407407407407,0.07444444444444444,0.0,0.0,0.0,0.0,19.267940677966102,36.41974929378531,0.0,0.0,0.0,0.0,0.0,0.0,expanded_welch,Expanded Welch,300,1.0,0.93,320.0522777864685,254.79101694851124,0.12333333333333334,0.09081731429366793,0.16537372402882342,0.02333333333333333,0.07,0.04623694482717634,0.10463601042593325,0.020000000000000004,0.013333333333333334,0.005196961739358859,0.03377553025253262,0.003333333333333334
adversarial_3x3_d10,2,10,3,3,140,140,0.03,0.35,0.35,0.2682827008952945,0.42759595895283015,10,0.030000000000000027,0.029999999999999916,1.1102230246251565e-16,1.4012758707986366,0.055757676642352816,0.05708084650534445,0.012927869661765845,0.023993017884330784,0.00032814044549082824,0.00012457667912179682,0.04593966236871595,0.017440735077051555,0.4444444444444444,0.3333333333333333,0.5555555555555556,0.6666666666666666,False,widespread_sparse,Widespread sparsity,variant_1,9,15.555555555555555,15.555555555555555,1.0,0.017440735077051555,0.3333333333333333,0.3333333333333333,0.5555555555555556,0.6666666666666666,1.9353408994340109,4.968541575680694,4.133323232559631,1.080045193989014,0.7788178709403348,0.5121444237078054,0.8861269180091809,0.6355897872985579,"[[0.024400389277782833, 0.40512144094980596, 0.34929604071274606], [0.00032814044549082824, 0.0028078720572790638, 0.0106878510646159], [0.004795207652152271, 0.05040252590968357, 0.15216053193044346]]","[[0.00040497656204977367, 0.03154831960153841, 0.04643020314379762], [0.00012457667912179682, 0.005473527978993402, 0.029891478025318333], [0.007185055287321387, 0.598567939718026, 0.28037392300383346]]",30925125,300,300,1.0,0.0014597940624128199,0.029461235196759722,0.029035554725228122,0.2551851851851851,0.3122222222222222,0.3129629629629629,0.31888888888888883,0.5407407407407406,0.6548148148148147,0.06111904761904762,0.03747619047619048,0.04,0.0,0.0044444444444444444,0.11333333333333333,0.13333333333333333,0.34,normal_wald,Normal Wald,300,1.0,0.9533333333333334,,,0.11333333333333333,0.08224450187529102,0.15419939587169124,0.013333333333333322,0.04666666666666667,0.027998933682334016,0.07679736022792107,0.003333333333333334,0.0033333333333333335,0.0005886577218511581,0.018636693694531237,0.006666666666666666
adversarial_3x3_d10,2,10,3,3,140,140,0.03,0.35,0.35,0.2682827008952945,0.42759595895283015,10,0.030000000000000027,0.029999999999999916,1.1102230246251565e-16,1.4012758707986366,0.055757676642352816,0.05708084650534445,0.012927869661765845,0.023993017884330784,0.00032814044549082824,0.00012457667912179682,0.04593966236871595,0.017440735077051555,0.4444444444444444,0.3333333333333333,0.5555555555555556,0.6666666666666666,False,widespread_sparse,Widespread sparsity,variant_1,9,15.555555555555555,15.555555555555555,1.0,0.017440735077051555,0.3333333333333333,0.3333333333333333,0.5555555555555556,0.6666666666666666,1.9353408994340109,4.968541575680694,4.133323232559631,1.080045193989014,0.7788178709403348,0.5121444237078054,0.8861269180091809,0.6355897872985579,"[[0.024400389277782833, 0.40512144094980596, 0.34929604071274606], [0.00032814044549082824, 0.0028078720572790638, 0.0106878510646159], [0.004795207652152271, 0.05040252590968357, 0.15216053193044346]]","[[0.00040497656204977367, 0.03154831960153841, 0.04643020314379762], [0.00012457667912179682, 0.005473527978993402, 0.029891478025318333], [0.007185055287321387, 0.598567939718026, 0.28037392300383346]]",30925125,300,300,1.0,0.0014597940624128199,0.029461235196759722,0.029035554725228122,0.2551851851851851,0.3122222222222222,0.3129629629629629,0.31888888888888883,0.5407407407407406,0.6548148148148147,0.06111904761904762,0.03747619047619048,0.04,0.0,0.0044444444444444444,0.11333333333333333,0.13333333333333333,0.34,simple_welch,Simple Welch,300,1.0,0.9533333333333334,262.1939370661888,186.74147011707748,0.11,0.07940528531126051,0.1504562322438854,0.009999999999999995,0.04666666666666667,0.027998933682334016,0.07679736022792107,0.003333333333333334,0.0033333333333333335,0.0005886577218511581,0.018636693694531237,0.006666666666666666
adversarial_3x3_d10,2,10,3,3,140,140,0.03,0.35,0.35,0.2682827008952945,0.42759595895283015,10,0.030000000000000027,0.029999999999999916,1.1102230246251565e-16,1.4012758707986366,0.055757676642352816,0.05708084650534445,0.012927869661765845,0.023993017884330784,0.00032814044549082824,0.00012457667912179682,0.04593966236871595,0.017440735077051555,0.4444444444444444,0.3333333333333333,0.5555555555555556,0.6666666666666666,False,widespread_sparse,Widespread sparsity,variant_1,9,15.555555555555555,15.555555555555555,1.0,0.017440735077051555,0.3333333333333333,0.3333333333333333,0.5555555555555556,0.6666666666666666,1.9353408994340109,4.968541575680694,4.133323232559631,1.080045193989014,0.7788178709403348,0.5121444237078054,0.8861269180091809,0.6355897872985579,"[[0.024400389277782833, 0.40512144094980596, 0.34929604071274606], [0.00032814044549082824, 0.0028078720572790638, 0.0106878510646159], [0.004795207652152271, 0.05040252590968357, 0.15216053193044346]]","[[0.00040497656204977367, 0.03154831960153841, 0.04643020314379762], [0.00012457667912179682, 0.005473527978993402, 0.029891478025318333], [0.007185055287321387, 0.598567939718026, 0.28037392300383346]]",30925125,300,300,1.0,0.0014597940624128199,0.029461235196759722,0.029035554725228122,0.2551851851851851,0.3122222222222222,0.3129629629629629,0.31888888888888883,0.5407407407407406,0.6548148148148147,0.06111904761904762,0.03747619047619048,0.04,0.0,0.0044444444444444444,0.11333333333333333,0.13333333333333333,0.34,expanded_welch,Expanded Welch,300,1.0,0.9633333333333334,12.720055641201338,5.430645732373245,0.09666666666666666,0.06815029481828933,0.13538170196951116,0.003333333333333341,0.03666666666666667,0.02059530516285303,0.06445384817189297,0.013333333333333336,0.0,0.0,0.012642971224546036,0.01
adversarial_3x3_d11,2,11,3,3,138,138,0.03,0.5,0.25,0.9346902032031416,0.8181186581203426,7,0.030000000000000138,0.029999999999999694,4.440892098500626e-16,1.1634706720924504,0.05488565466892639,0.04913242084976115,0.09129656640448025,0.1518860737853193,0.00010709531487059282,0.00025563426289411964,0.01477915345214181,0.03527752827938851,0.3333333333333333,0.2222222222222222,0.5555555555555556,0.6666666666666666,False,widespread_sparse,Widespread sparsity,variant_2,9,15.333333333333334,15.333333333333334,1.0,0.01477915345214181,0.3333333333333333,0.3333333333333333,0.5555555555555556,0.6666666666666666,4.440132288720497,6.0179576564198385,0.8419553879860424,4.74998179744921,0.5172887591256277,0.5602320632815351,0.8892290498248088,0.6890608845878557,"[[0.23227493857381817, 0.27953377208539654, 0.0054800484664129295], [0.024363821458916843, 0.00729706797986272, 0.0005139822186153354], [0.3035933032488001, 0.14683597065330686, 0.00010709531487059282]]","[[0.0635386989485529, 0.0013029781275692306, 0.0023208842844326025], [0.013770541985972846, 0.00025563426289411964, 0.029582212565769542], [0.61175164365333, 0.032861545562067156, 0.2446158606094116]]",3324953407,300,300,1.0,0.001924452713192251,0.02973455349318007,0.027625867613877635,0.3059259259259259,0.2966666666666667,0.3303703703703703,0.25666666666666665,0.5544444444444445,0.6255555555555555,0.029347826086956522,0.1918840579710145,0.0022222222222222222,0.0,0.13666666666666666,0.005555555555555555,0.41333333333333333,0.016666666666666666,normal_wald,Normal Wald,300,1.0,0.96,,,0.09333333333333334,0.06536421957889091,0.1315853970170732,0.006666666666666668,0.04,0.023027321487942308,0.06860421203864003,0.010000000000000002,0.01,0.003406618437715286,0.02898349336233983,0.0
adversarial_3x3_d11,2,11,3,3,138,138,0.03,0.5,0.25,0.9346902032031416,0.8181186581203426,7,0.030000000000000138,0.029999999999999694,4.440892098500626e-16,1.1634706720924504,0.05488565466892639,0.04913242084976115,0.09129656640448025,0.1518860737853193,0.00010709531487059282,0.00025563426289411964,0.01477915345214181,0.03527752827938851,0.3333333333333333,0.2222222222222222,0.5555555555555556,0.6666666666666666,False,widespread_sparse,Widespread sparsity,variant_2,9,15.333333333333334,15.333333333333334,1.0,0.01477915345214181,0.3333333333333333,0.3333333333333333,0.5555555555555556,0.6666666666666666,4.440132288720497,6.0179576564198385,0.8419553879860424,4.74998179744921,0.5172887591256277,0.5602320632815351,0.8892290498248088,0.6890608845878557,"[[0.23227493857381817, 0.27953377208539654, 0.0054800484664129295], [0.024363821458916843, 0.00729706797986272, 0.0005139822186153354], [0.3035933032488001, 0.14683597065330686, 0.00010709531487059282]]","[[0.0635386989485529, 0.0013029781275692306, 0.0023208842844326025], [0.013770541985972846, 0.00025563426289411964, 0.029582212565769542], [0.61175164365333, 0.032861545562067156, 0.2446158606094116]]",3324953407,300,300,1.0,0.001924452713192251,0.02973455349318007,0.027625867613877635,0.3059259259259259,0.2966666666666667,0.3303703703703703,0.25666666666666665,0.5544444444444445,0.6255555555555555,0.029347826086956522,0.1918840579710145,0.0022222222222222222,0.0,0.13666666666666666,0.005555555555555555,0.41333333333333333,0.016666666666666666,simple_welch,Simple Welch,300,1.0,0.96,243.66628180701963,164.45826363375994,0.09,0.06259022560547939,0.12777701079864837,0.010000000000000009,0.04,0.023027321487942308,0.06860421203864003,0.010000000000000002,0.006666666666666667,0.0018301483579117855,0.023977583250306973,0.003333333333333333
adversarial_3x3_d11,2,11,3,3,138,138,0.03,0.5,0.25,0.9346902032031416,0.8181186581203426,7,0.030000000000000138,0.029999999999999694,4.440892098500626e-16,1.1634706720924504,0.05488565466892639,0.04913242084976115,0.09129656640448025,0.1518860737853193,0.00010709531487059282,0.00025563426289411964,0.01477915345214181,0.03527752827938851,0.3333333333333333,0.2222222222222222,0.5555555555555556,0.6666666666666666,False,widespread_sparse,Widespread sparsity,variant_2,9,15.333333333333334,15.333333333333334,1.0,0.01477915345214181,0.3333333333333333,0.3333333333333333,0.5555555555555556,0.6666666666666666,4.440132288720497,6.0179576564198385,0.8419553879860424,4.74998179744921,0.5172887591256277,0.5602320632815351,0.8892290498248088,0.6890608845878557,"[[0.23227493857381817, 0.27953377208539654, 0.0054800484664129295], [0.024363821458916843, 0.00729706797986272, 0.0005139822186153354], [0.3035933032488001, 0.14683597065330686, 0.00010709531487059282]]","[[0.0635386989485529, 0.0013029781275692306, 0.0023208842844326025], [0.013770541985972846, 0.00025563426289411964, 0.029582212565769542], [0.61175164365333, 0.032861545562067156, 0.2446158606094116]]",3324953407,300,300,1.0,0.001924452713192251,0.02973455349318007,0.027625867613877635,0.3059259259259259,0.2966666666666667,0.3303703703703703,0.25666666666666665,0.5544444444444445,0.6255555555555555,0.029347826086956522,0.1918840579710145,0.0022222222222222222,0.0,0.13666666666666666,0.005555555555555555,0.41333333333333333,0.016666666666666666,expanded_welch,Expanded Welch,300,1.0,0.9766666666666667,9.418682994909599,3.562815239896481,0.05333333333333334,0.033091912519096475,0.08486914177483133,0.04666666666666667,0.023333333333333334,0.011347660299125234,0.04737197226827532,0.02666666666666667,0.006666666666666667,0.0018301483579117855,0.023977583250306973,0.003333333333333333
adversarial_3x3_d12,2,12,3,3,225,225,0.07,50.0,0.35,0.38823571030041976,0.4673455423669178,2,0.07000000000000073,0.06999999999999962,1.1102230246251565e-15,1.2334355627182938,0.1305380043082199,0.15253344858878204,0.11721326300477208,0.2054261167402613,0.05628012915417825,7.897810047071813e-05,12.663029059690107,0.01777007260591158,0.0,0.3333333333333333,0.0,0.5555555555555556,False,shape_mismatch,Equal-MI shape mismatch,variant_1,9,25.0,25.0,1.0,0.01777007260591158,0.0,0.3333333333333333,0.0,0.4444444444444444,71.18916773594391,0.2147394286575613,73.18014594392069,11.429448554804395,0.35611274702185414,0.3382444575609038,0.8940183494878801,0.7446555700175974,"[[0.05678634494874358, 0.17493465303339453, 0.124391749039716], [0.17551736969846146, 0.05628012915417825, 0.08459880219599987], [0.1042067347077991, 0.09403031089651914, 0.129253906325188]]","[[0.1313394349798057, 0.7170993443614793, 0.04557957014659507], [0.0004790341396698358, 0.00039638522055971846, 7.897810047071813e-05], [0.07272841173046315, 0.027159840435558396, 0.005139000885398189]]",224210588,300,300,1.0,0.0028712603993195744,0.0350116019605779,0.036152225109734835,0.0,0.34407407407407403,0.0,0.3655555555555555,0.0,0.5137037037037037,19.897274074074073,0.00914074074074074,0.0,0.28111111111111103,0.0,0.0,0.0,0.8433333333333334,normal_wald,Normal Wald,300,1.0,0.9666666666666667,,,0.09,0.06259022560547939,0.12777701079864837,0.010000000000000009,0.03333333333333333,0.01820494733885481,0.06026182580405482,0.01666666666666667,0.01,0.003406618437715286,0.02898349336233983,0.0
adversarial_3x3_d12,2,12,3,3,225,225,0.07,50.0,0.35,0.38823571030041976,0.4673455423669178,2,0.07000000000000073,0.06999999999999962,1.1102230246251565e-15,1.2334355627182938,0.1305380043082199,0.15253344858878204,0.11721326300477208,0.2054261167402613,0.05628012915417825,7.897810047071813e-05,12.663029059690107,0.01777007260591158,0.0,0.3333333333333333,0.0,0.5555555555555556,False,shape_mismatch,Equal-MI shape mismatch,variant_1,9,25.0,25.0,1.0,0.01777007260591158,0.0,0.3333333333333333,0.0,0.4444444444444444,71.18916773594391,0.2147394286575613,73.18014594392069,11.429448554804395,0.35611274702185414,0.3382444575609038,0.8940183494878801,0.7446555700175974,"[[0.05678634494874358, 0.17493465303339453, 0.124391749039716], [0.17551736969846146, 0.05628012915417825, 0.08459880219599987], [0.1042067347077991, 0.09403031089651914, 0.129253906325188]]","[[0.1313394349798057, 0.7170993443614793, 0.04557957014659507], [0.0004790341396698358, 0.00039638522055971846, 7.897810047071813e-05], [0.07272841173046315, 0.027159840435558396, 0.005139000885398189]]",224210588,300,300,1.0,0.0028712603993195744,0.0350116019605779,0.036152225109734835,0.0,0.34407407407407403,0.0,0.3655555555555555,0.0,0.5137037037037037,19.897274074074073,0.00914074074074074,0.0,0.28111111111111103,0.0,0.0,0.0,0.8433333333333334,simple_welch,Simple Welch,300,1.0,0.9666666666666667,437.93961082555836,380.01863332875274,0.08666666666666667,0.05982889751804312,0.12395595869424827,0.013333333333333336,0.03333333333333333,0.01820494733885481,0.06026182580405482,0.01666666666666667,0.01,0.003406618437715286,0.02898349336233983,0.0
adversarial_3x3_d12,2,12,3,3,225,225,0.07,50.0,0.35,0.38823571030041976,0.4673455423669178,2,0.07000000000000073,0.06999999999999962,1.1102230246251565e-15,1.2334355627182938,0.1305380043082199,0.15253344858878204,0.11721326300477208,0.2054261167402613,0.05628012915417825,7.897810047071813e-05,12.663029059690107,0.01777007260591158,0.0,0.3333333333333333,0.0,0.5555555555555556,False,shape_mismatch,Equal-MI shape mismatch,variant_1,9,25.0,25.0,1.0,0.01777007260591158,0.0,0.3333333333333333,0.0,0.4444444444444444,71.18916773594391,0.2147394286575613,73.18014594392069,11.429448554804395,0.35611274702185414,0.3382444575609038,0.8940183494878801,0.7446555700175974,"[[0.05678634494874358, 0.17493465303339453, 0.124391749039716], [0.17551736969846146, 0.05628012915417825, 0.08459880219599987], [0.1042067347077991, 0.09403031089651914, 0.129253906325188]]","[[0.1313394349798057, 0.7170993443614793, 0.04557957014659507], [0.0004790341396698358, 0.00039638522055971846, 7.897810047071813e-05], [0.07272841173046315, 0.027159840435558396, 0.005139000885398189]]",224210588,300,300,1.0,0.0028712603993195744,0.0350116019605779,0.036152225109734835,0.0,0.34407407407407403,0.0,0.3655555555555555,0.0,0.5137037037037037,19.897274074074073,0.00914074074074074,0.0,0.28111111111111103,0.0,0.0,0.0,0.8433333333333334,expanded_welch,Expanded Welch,300,1.0,0.9666666666666667,40.733116805672985,23.240570489950034,0.08,0.054346855395144764,0.11627324043347391,0.020000000000000004,0.03333333333333333,0.01820494733885481,0.06026182580405482,0.01666666666666667,0.0033333333333333335,0.0005886577218511581,0.018636693694531237,0.006666666666666666
adversarial_3x3_d13,2,13,3,3,450,450,0.15,50.0,0.35,0.6792528918107896,0.8106865615943807,4,0.1500000000000028,0.15000000000000047,2.3314683517128287e-15,1.239165974893258,0.22615691799702742,0.181340825799393,0.058357961014342985,0.08934713198887495,0.01493563726242991,0.000528915536931433,6.721036768093459,0.23801199161914488,0.0,0.0,0.0,0.2222222222222222,False,shape_mismatch,Equal-MI shape mismatch,variant_2,9,50.0,50.0,1.0,0.23801199161914488,0.0,0.2222222222222222,0.0,0.3333333333333333,145.38782611945985,39.929393320687176,138.43500840946047,11.787946947880902,0.35116633299809646,0.3745232700125938,0.6093803125400439,0.6012935893218672,"[[0.01493563726242991, 0.079092864199085, 0.23172110749714458], [0.1469726030672569, 0.14343718850823672, 0.06075654142260284], [0.14572511169133645, 0.09531332525906125, 0.08204562109284638]]","[[0.000912291314642347, 0.29140871626796155, 0.009566694720269775], [0.000528915536931433, 0.036080005233635734, 0.05212306438651545], [0.02475423081038378, 0.2738048678202699, 0.3108212139093901]]",4175141723,300,300,1.0,-0.0012573766834255,0.02876706969588493,0.02972239663375317,0.0,0.16444444444444445,0.0,0.05888888888888888,0.0,0.22925925925925925,40.901385185185184,1.0220962962962965,0.0,0.0,0.0,0.0,0.0,0.0,normal_wald,Normal Wald,300,1.0,0.9633333333333334,,,0.07333333333333333,0.04892399383922861,0.10853134160571737,0.026666666666666672,0.03666666666666667,0.02059530516285303,0.06445384817189297,0.013333333333333336,0.01,0.003406618437715286,0.02898349336233983,0.0
adversarial_3x3_d13,2,13,3,3,450,450,0.15,50.0,0.35,0.6792528918107896,0.8106865615943807,4,0.1500000000000028,0.15000000000000047,2.3314683517128287e-15,1.239165974893258,0.22615691799702742,0.181340825799393,0.058357961014342985,0.08934713198887495,0.01493563726242991,0.000528915536931433,6.721036768093459,0.23801199161914488,0.0,0.0,0.0,0.2222222222222222,False,shape_mismatch,Equal-MI shape mismatch,variant_2,9,50.0,50.0,1.0,0.23801199161914488,0.0,0.2222222222222222,0.0,0.3333333333333333,145.38782611945985,39.929393320687176,138.43500840946047,11.787946947880902,0.35116633299809646,0.3745232700125938,0.6093803125400439,0.6012935893218672,"[[0.01493563726242991, 0.079092864199085, 0.23172110749714458], [0.1469726030672569, 0.14343718850823672, 0.06075654142260284], [0.14572511169133645, 0.09531332525906125, 0.08204562109284638]]","[[0.000912291314642347, 0.29140871626796155, 0.009566694720269775], [0.000528915536931433, 0.036080005233635734, 0.05212306438651545], [0.02475423081038378, 0.2738048678202699, 0.3108212139093901]]",4175141723,300,300,1.0,-0.0012573766834255,0.02876706969588493,0.02972239663375317,0.0,0.16444444444444445,0.0,0.05888888888888888,0.0,0.22925925925925925,40.901385185185184,1.0220962962962965,0.0,0.0,0.0,0.0,0.0,0.0,simple_welch,Simple Welch,300,1.0,0.9633333333333334,881.6767768698343,841.7325303424357,0.07333333333333333,0.04892399383922861,0.10853134160571737,0.026666666666666672,0.03666666666666667,0.02059530516285303,0.06445384817189297,0.013333333333333336,0.01,0.003406618437715286,0.02898349336233983,0.0
adversarial_3x3_d13,2,13,3,3,450,450,0.15,50.0,0.35,0.6792528918107896,0.8106865615943807,4,0.1500000000000028,0.15000000000000047,2.3314683517128287e-15,1.239165974893258,0.22615691799702742,0.181340825799393,0.058357961014342985,0.08934713198887495,0.01493563726242991,0.000528915536931433,6.721036768093459,0.23801199161914488,0.0,0.0,0.0,0.2222222222222222,False,shape_mismatch,Equal-MI shape mismatch,variant_2,9,50.0,50.0,1.0,0.23801199161914488,0.0,0.2222222222222222,0.0,0.3333333333333333,145.38782611945985,39.929393320687176,138.43500840946047,11.787946947880902,0.35116633299809646,0.3745232700125938,0.6093803125400439,0.6012935893218672,"[[0.01493563726242991, 0.079092864199085, 0.23172110749714458], [0.1469726030672569, 0.14343718850823672, 0.06075654142260284], [0.14572511169133645, 0.09531332525906125, 0.08204562109284638]]","[[0.000912291314642347, 0.29140871626796155, 0.009566694720269775], [0.000528915536931433, 0.036080005233635734, 0.05212306438651545], [0.02475423081038378, 0.2738048678202699, 0.3108212139093901]]",4175141723,300,300,1.0,-0.0012573766834255,0.02876706969588493,0.02972239663375317,0.0,0.16444444444444445,0.0,0.05888888888888888,0.0,0.22925925925925925,40.901385185185184,1.0220962962962965,0.0,0.0,0.0,0.0,0.0,0.0,expanded_welch,Expanded Welch,300,1.0,0.9633333333333334,287.9318473473779,213.00093495067853,0.07333333333333333,0.04892399383922861,0.10853134160571737,0.026666666666666672,0.03666666666666667,0.02059530516285303,0.06445384817189297,0.013333333333333336,0.01,0.003406618437715286,0.02898349336233983,0.0
adversarial_3x3_d14,2,14,3,3,225,2250,0.07,5.0,1.0,0.6155187394900297,0.7607100237750145,1,0.07000000000000006,0.07000000000001172,-1.1657341758564144e-14,0.684628158477459,0.12372405943383616,0.13427299529901587,0.04512978052143313,0.09659140339488072,0.003997450828760958,0.0009906450701986497,0.8994264364712156,2.228951407946962,0.0,0.0,0.0,0.0,False,extreme_imbalance,Extreme sample imbalance,variant_1,9,25.0,250.0,10.0,0.8994264364712156,0.1111111111111111,0.0,0.2222222222222222,0.1111111111111111,20.700160214994767,156.59992460010724,61.09335060916748,364.7635994525515,0.6207145963298537,0.4508747474560846,0.8561473081420656,0.6052438870461139,"[[0.08176861880100243, 0.006234642436880017, 0.003997450828760958], [0.2749959603725845, 0.20626105094335295, 0.13945758501391628], [0.09411016828249763, 0.059030309327178045, 0.13414421399382723]]","[[0.011181216606612244, 0.05511675214920354, 0.00330199773312078], [0.5500610024039809, 0.148261793229159, 0.15782451250892568], [0.044001668035520754, 0.0292604122632783, 0.0009906450701986497]]",2032883690,300,300,1.0,0.0022647303168036063,0.025291281564130963,0.024089074028382392,0.07555555555555554,0.010740740740740742,0.0,0.0,0.06444444444444446,0.0,5.320696296296296,24.62907111111111,0.0,0.0,0.0,0.0,0.0,0.0,normal_wald,Normal Wald,300,1.0,0.94,,,0.13333333333333333,0.099466416834112,0.17647176206388843,0.033333333333333326,0.06,0.03828636952469206,0.09283944515290846,0.009999999999999995,0.016666666666666666,0.007139477350633337,0.0384153948330945,0.006666666666666666
adversarial_3x3_d14,2,14,3,3,225,2250,0.07,5.0,1.0,0.6155187394900297,0.7607100237750145,1,0.07000000000000006,0.07000000000001172,-1.1657341758564144e-14,0.684628158477459,0.12372405943383616,0.13427299529901587,0.04512978052143313,0.09659140339488072,0.003997450828760958,0.0009906450701986497,0.8994264364712156,2.228951407946962,0.0,0.0,0.0,0.0,False,extreme_imbalance,Extreme sample imbalance,variant_1,9,25.0,250.0,10.0,0.8994264364712156,0.1111111111111111,0.0,0.2222222222222222,0.1111111111111111,20.700160214994767,156.59992460010724,61.09335060916748,364.7635994525515,0.6207145963298537,0.4508747474560846,0.8561473081420656,0.6052438870461139,"[[0.08176861880100243, 0.006234642436880017, 0.003997450828760958], [0.2749959603725845, 0.20626105094335295, 0.13945758501391628], [0.09411016828249763, 0.059030309327178045, 0.13414421399382723]]","[[0.011181216606612244, 0.05511675214920354, 0.00330199773312078], [0.5500610024039809, 0.148261793229159, 0.15782451250892568], [0.044001668035520754, 0.0292604122632783, 0.0009906450701986497]]",2032883690,300,300,1.0,0.0022647303168036063,0.025291281564130963,0.024089074028382392,0.07555555555555554,0.010740740740740742,0.0,0.0,0.06444444444444446,0.0,5.320696296296296,24.62907111111111,0.0,0.0,0.0,0.0,0.0,0.0,simple_welch,Simple Welch,300,1.0,0.94,275.4679662230957,257.59390514307336,0.13333333333333333,0.099466416834112,0.17647176206388843,0.033333333333333326,0.06,0.03828636952469206,0.09283944515290846,0.009999999999999995,0.016666666666666666,0.007139477350633337,0.0384153948330945,0.006666666666666666
adversarial_3x3_d14,2,14,3,3,225,2250,0.07,5.0,1.0,0.6155187394900297,0.7607100237750145,1,0.07000000000000006,0.07000000000001172,-1.1657341758564144e-14,0.684628158477459,0.12372405943383616,0.13427299529901587,0.04512978052143313,0.09659140339488072,0.003997450828760958,0.0009906450701986497,0.8994264364712156,2.228951407946962,0.0,0.0,0.0,0.0,False,extreme_imbalance,Extreme sample imbalance,variant_1,9,25.0,250.0,10.0,0.8994264364712156,0.1111111111111111,0.0,0.2222222222222222,0.1111111111111111,20.700160214994767,156.59992460010724,61.09335060916748,364.7635994525515,0.6207145963298537,0.4508747474560846,0.8561473081420656,0.6052438870461139,"[[0.08176861880100243, 0.006234642436880017, 0.003997450828760958], [0.2749959603725845, 0.20626105094335295, 0.13945758501391628], [0.09411016828249763, 0.059030309327178045, 0.13414421399382723]]","[[0.011181216606612244, 0.05511675214920354, 0.00330199773312078], [0.5500610024039809, 0.148261793229159, 0.15782451250892568], [0.044001668035520754, 0.0292604122632783, 0.0009906450701986497]]",2032883690,300,300,1.0,0.0022647303168036063,0.025291281564130963,0.024089074028382392,0.07555555555555554,0.010740740740740742,0.0,0.0,0.06444444444444446,0.0,5.320696296296296,24.62907111111111,0.0,0.0,0.0,0.0,0.0,0.0,expanded_welch,Expanded Welch,300,1.0,0.96,26.154938600897967,14.552422427584819,0.11333333333333333,0.08224450187529102,0.15419939587169124,0.013333333333333322,0.04,0.023027321487942308,0.06860421203864003,0.010000000000000002,0.006666666666666667,0.0018301483579117855,0.023977583250306973,0.003333333333333333
adversarial_3x3_d15,2,15,3,3,120,2400,0.15,2.0,0.8,1.2788680068691325,1.1410960211502983,1,0.1499999999999999,0.14999999999999997,-5.551115123125783e-17,1.646456022280327,0.1483890289058854,0.26200234845321224,0.16637789712863071,0.27489195907840674,0.002150243462691598,0.00238511974743643,0.2580292155229918,5.7242873938474315,0.0,0.0,0.2222222222222222,0.0,False,extreme_imbalance,Extreme sample imbalance,variant_2,9,13.333333333333334,266.6666666666667,20.0,0.2580292155229918,0.2222222222222222,0.0,0.2222222222222222,0.0,22.229249007265846,106.91531583572873,12.39961104951304,122.33872188020653,0.5601058084712979,0.5120489703366085,0.711502191943312,0.8828943389479095,"[[0.00462507214652007, 0.13605438740410108, 0.04456428217659423], [0.0918833937168112, 0.10615148964468579, 0.05661556643998949], [0.2881124717207848, 0.2698430932878216, 0.002150243462691598]]","[[0.00238511974743643, 0.003473378714339619, 0.705643693481536], [0.020279866457694983, 0.011316379638731977, 0.012951802168460015], [0.02830948124495464, 0.05134143524893296, 0.16429884329791344]]",1604980699,300,300,1.0,-0.002802876728775556,0.036929653873707655,0.034671416746112724,0.14888888888888888,0.0011111111111111111,0.002962962962962963,0.0,0.23222222222222225,0.031111111111111107,2.2090555555555556,5.494729166666667,0.0,0.0,0.0,0.0,0.0,0.0,normal_wald,Normal Wald,300,1.0,0.94,,,0.1,0.07094791459501534,0.1391664623846215,0.0,0.06,0.03828636952469206,0.09283944515290846,0.009999999999999995,0.016666666666666666,0.007139477350633337,0.0384153948330945,0.006666666666666666
adversarial_3x3_d15,2,15,3,3,120,2400,0.15,2.0,0.8,1.2788680068691325,1.1410960211502983,1,0.1499999999999999,0.14999999999999997,-5.551115123125783e-17,1.646456022280327,0.1483890289058854,0.26200234845321224,0.16637789712863071,0.27489195907840674,0.002150243462691598,0.00238511974743643,0.2580292155229918,5.7242873938474315,0.0,0.0,0.2222222222222222,0.0,False,extreme_imbalance,Extreme sample imbalance,variant_2,9,13.333333333333334,266.6666666666667,20.0,0.2580292155229918,0.2222222222222222,0.0,0.2222222222222222,0.0,22.229249007265846,106.91531583572873,12.39961104951304,122.33872188020653,0.5601058084712979,0.5120489703366085,0.711502191943312,0.8828943389479095,"[[0.00462507214652007, 0.13605438740410108, 0.04456428217659423], [0.0918833937168112, 0.10615148964468579, 0.05661556643998949], [0.2881124717207848, 0.2698430932878216, 0.002150243462691598]]","[[0.00238511974743643, 0.003473378714339619, 0.705643693481536], [0.020279866457694983, 0.011316379638731977, 0.012951802168460015], [0.02830948124495464, 0.05134143524893296, 0.16429884329791344]]",1604980699,300,300,1.0,-0.002802876728775556,0.036929653873707655,0.034671416746112724,0.14888888888888888,0.0011111111111111111,0.002962962962962963,0.0,0.23222222222222225,0.031111111111111107,2.2090555555555556,5.494729166666667,0.0,0.0,0.0,0.0,0.0,0.0,simple_welch,Simple Welch,300,1.0,0.9433333333333334,144.64371175881791,135.04576624479898,0.1,0.07094791459501534,0.1391664623846215,0.0,0.056666666666666664,0.035677476463289524,0.08886595802247463,0.006666666666666661,0.016666666666666666,0.007139477350633337,0.0384153948330945,0.006666666666666666
adversarial_3x3_d15,2,15,3,3,120,2400,0.15,2.0,0.8,1.2788680068691325,1.1410960211502983,1,0.1499999999999999,0.14999999999999997,-5.551115123125783e-17,1.646456022280327,0.1483890289058854,0.26200234845321224,0.16637789712863071,0.27489195907840674,0.002150243462691598,0.00238511974743643,0.2580292155229918,5.7242873938474315,0.0,0.0,0.2222222222222222,0.0,False,extreme_imbalance,Extreme sample imbalance,variant_2,9,13.333333333333334,266.6666666666667,20.0,0.2580292155229918,0.2222222222222222,0.0,0.2222222222222222,0.0,22.229249007265846,106.91531583572873,12.39961104951304,122.33872188020653,0.5601058084712979,0.5120489703366085,0.711502191943312,0.8828943389479095,"[[0.00462507214652007, 0.13605438740410108, 0.04456428217659423], [0.0918833937168112, 0.10615148964468579, 0.05661556643998949], [0.2881124717207848, 0.2698430932878216, 0.002150243462691598]]","[[0.00238511974743643, 0.003473378714339619, 0.705643693481536], [0.020279866457694983, 0.011316379638731977, 0.012951802168460015], [0.02830948124495464, 0.05134143524893296, 0.16429884329791344]]",1604980699,300,300,1.0,-0.002802876728775556,0.036929653873707655,0.034671416746112724,0.14888888888888888,0.0011111111111111111,0.002962962962962963,0.0,0.23222222222222225,0.031111111111111107,2.2090555555555556,5.494729166666667,0.0,0.0,0.0,0.0,0.0,0.0,expanded_welch,Expanded Welch,300,1.0,0.9466666666666667,40.583546706176634,19.34185398176326,0.09666666666666666,0.06815029481828933,0.13538170196951116,0.003333333333333341,0.05333333333333334,0.033091912519096475,0.08486914177483133,0.003333333333333334,0.01,0.003406618437715286,0.02898349336233983,0.0
zero_mi_3x3_d16,2,16,3,3,900,900,0.0,50.0,20.0,0.0,0.0,1,4.440892098500626e-16,0.0,4.440892098500626e-16,0.17464751278320323,1.834861194833312e-32,2.662279405624211e-32,1.574644879376308e-05,3.148274129719125e-05,0.07976153628239412,0.10493273921971034,71.7853826541547,94.4394652977393,0.0,0.0,0.0,0.0,False,zero_mi,Zero MI (independence),variant_1,9,100.0,100.0,1.0,71.7853826541547,0.0,0.0,0.0,0.0,243.6521195384125,292.1762330791408,265.16019852868044,290.9049715379927,0.3988138482729102,0.41052860364920757,0.3471292483395651,0.34826970094928456,"[[0.0974362494157359, 0.09736139632277094, 0.1356639287236803], [0.07982285830442615, 0.07976153628239412, 0.11114018267808252], [0.1175898458209856, 0.11749951020447989, 0.16372449224744473]]","[[0.1143127355293578, 0.10609320236891935, 0.10782455478533463], [0.11306236590995647, 0.10493273921971034, 0.10664515384715628], [0.12089459950997025, 0.11220180456469554, 0.11403284426489928]]",857867422,300,300,1.0,-4.278459369110463e-05,0.0023464995771963473,0.003081600071406211,0.0,0.0,0.0,0.0,0.0,0.0,68.94817777777777,88.90425555555557,0.0,0.0,0.0,0.0,0.0,0.0,normal_wald,Normal Wald,300,1.0,1.0,,,0.0,0.0,0.012642971224546036,0.1,0.0,0.0,0.012642971224546036,0.05,0.0,0.0,0.012642971224546036,0.01
zero_mi_3x3_d16,2,16,3,3,900,900,0.0,50.0,20.0,0.0,0.0,1,4.440892098500626e-16,0.0,4.440892098500626e-16,0.17464751278320323,1.834861194833312e-32,2.662279405624211e-32,1.574644879376308e-05,3.148274129719125e-05,0.07976153628239412,0.10493273921971034,71.7853826541547,94.4394652977393,0.0,0.0,0.0,0.0,False,zero_mi,Zero MI (independence),variant_1,9,100.0,100.0,1.0,71.7853826541547,0.0,0.0,0.0,0.0,243.6521195384125,292.1762330791408,265.16019852868044,290.9049715379927,0.3988138482729102,0.41052860364920757,0.3471292483395651,0.34826970094928456,"[[0.0974362494157359, 0.09736139632277094, 0.1356639287236803], [0.07982285830442615, 0.07976153628239412, 0.11114018267808252], [0.1175898458209856, 0.11749951020447989, 0.16372449224744473]]","[[0.1143127355293578, 0.10609320236891935, 0.10782455478533463], [0.11306236590995647, 0.10493273921971034, 0.10664515384715628], [0.12089459950997025, 0.11220180456469554, 0.11403284426489928]]",857867422,300,300,1.0,-4.278459369110463e-05,0.0023464995771963473,0.003081600071406211,0.0,0.0,0.0,0.0,0.0,0.0,68.94817777777777,88.90425555555557,0.0,0.0,0.0,0.0,0.0,0.0,simple_welch,Simple Welch,300,1.0,1.0,1617.8779519395844,1132.1175329591688,0.0,0.0,0.012642971224546036,0.1,0.0,0.0,0.012642971224546036,0.05,0.0,0.0,0.012642971224546036,0.01
zero_mi_3x3_d16,2,16,3,3,900,900,0.0,50.0,20.0,0.0,0.0,1,4.440892098500626e-16,0.0,4.440892098500626e-16,0.17464751278320323,1.834861194833312e-32,2.662279405624211e-32,1.574644879376308e-05,3.148274129719125e-05,0.07976153628239412,0.10493273921971034,71.7853826541547,94.4394652977393,0.0,0.0,0.0,0.0,False,zero_mi,Zero MI (independence),variant_1,9,100.0,100.0,1.0,71.7853826541547,0.0,0.0,0.0,0.0,243.6521195384125,292.1762330791408,265.16019852868044,290.9049715379927,0.3988138482729102,0.41052860364920757,0.3471292483395651,0.34826970094928456,"[[0.0974362494157359, 0.09736139632277094, 0.1356639287236803], [0.07982285830442615, 0.07976153628239412, 0.11114018267808252], [0.1175898458209856, 0.11749951020447989, 0.16372449224744473]]","[[0.1143127355293578, 0.10609320236891935, 0.10782455478533463], [0.11306236590995647, 0.10493273921971034, 0.10664515384715628], [0.12089459950997025, 0.11220180456469554, 0.11403284426489928]]",857867422,300,300,1.0,-4.278459369110463e-05,0.0023464995771963473,0.003081600071406211,0.0,0.0,0.0,0.0,0.0,0.0,68.94817777777777,88.90425555555557,0.0,0.0,0.0,0.0,0.0,0.0,expanded_welch,Expanded Welch,300,1.0,1.0,3.905498387884238,1.3978108838874417,0.0,0.0,0.012642971224546036,0.1,0.0,0.0,0.012642971224546036,0.05,0.0,0.0,0.012642971224546036,0.01
zero_mi_3x3_d17,2,17,3,3,225,900,0.0,2.0,0.8,0.0,0.0,2,-1.1102230246251565e-16,-2.220446049250313e-16,1.1102230246251565e-16,1.1660153786730751,3.325205466256057e-32,3.015176790195787e-32,0.01853427438620081,0.039757584838916504,0.02365072030521989,0.0030822949723700974,5.3214120686744755,2.7740654751330878,0.0,0.0,0.0,0.1111111111111111,False,zero_mi,Zero MI (independence),variant_2,9,25.0,100.0,4.0,2.7740654751330878,0.0,0.0,0.0,0.1111111111111111,51.02120489425176,28.513589187614553,23.467060762938804,87.56031768544425,0.39579953984936433,0.5642943981544466,0.8347984776827875,0.5938095989381168,"[[0.1311709573798681, 0.22334746312910397, 0.041281119340392226], [0.125086317889687, 0.21298702343015816, 0.039366208189671445], [0.07515027874071457, 0.1279599115951845, 0.02365072030521989]]","[[0.4957113492269664, 0.08121691101025567, 0.2578702174455653], [0.07928531308916854, 0.01299003589009006, 0.0412444075739378], [0.0188129366219818, 0.0030822949723700974, 0.009786534169664272]]",2620080462,300,300,1.0,-0.00035248910641585225,0.006049914313989423,0.008464839431904098,0.0007407407407407407,0.008518518518518517,0.0,0.0,0.04444444444444444,0.11222222222222224,5.328059259259259,2.699359259259259,0.0,0.0,0.0,0.0,0.0,0.0,normal_wald,Normal Wald,300,1.0,0.9733333333333334,,,0.06,0.03828636952469206,0.09283944515290846,0.04000000000000001,0.02666666666666667,0.01357306980864709,0.05172894295058983,0.023333333333333334,0.01,0.003406618437715286,0.02898349336233983,0.0
zero_mi_3x3_d17,2,17,3,3,225,900,0.0,2.0,0.8,0.0,0.0,2,-1.1102230246251565e-16,-2.220446049250313e-16,1.1102230246251565e-16,1.1660153786730751,3.325205466256057e-32,3.015176790195787e-32,0.01853427438620081,0.039757584838916504,0.02365072030521989,0.0030822949723700974,5.3214120686744755,2.7740654751330878,0.0,0.0,0.0,0.1111111111111111,False,zero_mi,Zero MI (independence),variant_2,9,25.0,100.0,4.0,2.7740654751330878,0.0,0.0,0.0,0.1111111111111111,51.02120489425176,28.513589187614553,23.467060762938804,87.56031768544425,0.39579953984936433,0.5642943981544466,0.8347984776827875,0.5938095989381168,"[[0.1311709573798681, 0.22334746312910397, 0.041281119340392226], [0.125086317889687, 0.21298702343015816, 0.039366208189671445], [0.07515027874071457, 0.1279599115951845, 0.02365072030521989]]","[[0.4957113492269664, 0.08121691101025567, 0.2578702174455653], [0.07928531308916854, 0.01299003589009006, 0.0412444075739378], [0.0188129366219818, 0.0030822949723700974, 0.009786534169664272]]",2620080462,300,300,1.0,-0.00035248910641585225,0.006049914313989423,0.008464839431904098,0.0007407407407407407,0.008518518518518517,0.0,0.0,0.04444444444444444,0.11222222222222224,5.328059259259259,2.699359259259259,0.0,0.0,0.0,0.0,0.0,0.0,simple_welch,Simple Welch,300,1.0,0.9766666666666667,250.85364569606384,229.92689805310033,0.06,0.03828636952469206,0.09283944515290846,0.04000000000000001,0.023333333333333334,0.011347660299125234,0.04737197226827532,0.02666666666666667,0.006666666666666667,0.0018301483579117855,0.023977583250306973,0.003333333333333333
zero_mi_3x3_d17,2,17,3,3,225,900,0.0,2.0,0.8,0.0,0.0,2,-1.1102230246251565e-16,-2.220446049250313e-16,1.1102230246251565e-16,1.1660153786730751,3.325205466256057e-32,3.015176790195787e-32,0.01853427438620081,0.039757584838916504,0.02365072030521989,0.0030822949723700974,5.3214120686744755,2.7740654751330878,0.0,0.0,0.0,0.1111111111111111,False,zero_mi,Zero MI (independence),variant_2,9,25.0,100.0,4.0,2.7740654751330878,0.0,0.0,0.0,0.1111111111111111,51.02120489425176,28.513589187614553,23.467060762938804,87.56031768544425,0.39579953984936433,0.5642943981544466,0.8347984776827875,0.5938095989381168,"[[0.1311709573798681, 0.22334746312910397, 0.041281119340392226], [0.125086317889687, 0.21298702343015816, 0.039366208189671445], [0.07515027874071457, 0.1279599115951845, 0.02365072030521989]]","[[0.4957113492269664, 0.08121691101025567, 0.2578702174455653], [0.07928531308916854, 0.01299003589009006, 0.0412444075739378], [0.0188129366219818, 0.0030822949723700974, 0.009786534169664272]]",2620080462,300,300,1.0,-0.00035248910641585225,0.006049914313989423,0.008464839431904098,0.0007407407407407407,0.008518518518518517,0.0,0.0,0.04444444444444444,0.11222222222222224,5.328059259259259,2.699359259259259,0.0,0.0,0.0,0.0,0.0,0.0,expanded_welch,Expanded Welch,300,1.0,1.0,2.0208801943495844,0.6206113636292429,0.0,0.0,0.012642971224546036,0.1,0.0,0.0,0.012642971224546036,0.05,0.0,0.0,0.012642971224546036,0.01
