scenario_id,shape_index,design_index,rows,columns,n_p,n_q,target_mi,margin_alpha_p,margin_alpha_q,association_p,association_q,generation_attempts,true_mi_p,true_mi_q,true_delta,distribution_l1,population_variance_p,population_variance_q,pooled_mixture_mi,pooled_mixture_variance,min_probability_p,min_probability_q,min_joint_expected_p,min_joint_expected_q,independence_expected_below_1_p,independence_expected_below_1_q,independence_expected_below_5_p,independence_expected_below_5_q,is_permutation_anchor,regime,regime_label,variant,cells,observations_per_cell_p,observations_per_cell_q,sample_size_ratio_q_to_p,joint_expected_below_1_p,joint_expected_below_1_q,joint_expected_below_5_p,joint_expected_below_5_q,maximum_row_margin_p,maximum_column_margin_p,maximum_row_margin_q,maximum_column_margin_q,probability_p_json,probability_q_json
random_2x2_d0,0,0,2,2,400,400,0.03,50.0,50.0,0.25510190085777534,0.2529630574300038,1,0.029999999999983262,0.029999999999999805,-1.6542323066914832e-14,0.4797161424824269,0.058028850745753785,0.05808828976463181,3.3991142999512114e-05,6.797302016196381e-05,0.1387044601966798,0.14779450853505047,55.48178407867192,59.11780341402019,0.0,0.0,0.0,0.0,True,well_sampled,Well sampled,variant_1,4,100.0,100.0,1.0,0.0,0.0,0.0,0.0,0.5020365895427039,0.6051655784824679,0.5865455425625907,0.5025305402070287,"[[0.1387044601966798, 0.36333212934602405], [0.25612996132085236, 0.24183344913644383]]","[[0.26565994890235883, 0.14779450853505047], [0.23180951089061247, 0.35473603167197826]]"
random_2x2_d1,0,1,2,2,200,400,0.07,20.0,5.0,0.4049312967658538,0.40498279295898293,1,0.07000000000000028,0.0700000000000005,-2.220446049250313e-16,0.2277066384842952,0.12734468304277896,0.1293077920772138,0.0722307286493451,0.13205531131145917,0.09379360707994003,0.10296662450060301,18.758721415988006,41.186649800241206,0.0,0.0,0.0,0.0,False,moderate,Moderate,variant_1,4,50.0,100.0,2.0,0.0,0.0,0.0,0.0,0.5499460372320343,0.5922912382990362,0.6319095698487649,0.5215620809431115,"[[0.23603088261101038, 0.31391515462102393], [0.3562603556880258, 0.09379360707994003]]","[[0.21331411340625636, 0.4185954564425085], [0.26512380565063215, 0.10296662450060301]]"
random_2x2_d2,0,2,2,2,120,480,0.15,5.0,1.2,0.6190754953458869,1.0826205105742575,1,0.1499999999999999,0.15000000000000047,-5.551115123125783e-16,0.915170497019181,0.2513868051415515,0.14761426677831058,0.022992818173968144,0.04381333281718803,0.07540379596006368,0.0041592163853350255,9.04845551520764,1.9964238649608121,0.0,0.0,0.0,0.0,True,sparse_imbalanced,Sparse and imbalanced,variant_1,4,30.0,120.0,4.0,0.0,0.0,0.0,0.25,0.5371482608549892,0.6190253944650164,0.6390076785126115,0.695716505899828,"[[0.4617444648949256, 0.07540379596006368], [0.15728092957009074, 0.3055708095749201]]","[[0.0041592163853350255, 0.3568331051020535], [0.30012427771483696, 0.3388834007977745]]"
random_2x2_d3,0,3,2,2,800,800,0.03,1.0,0.5,0.2841055235301109,0.4227045071170974,3,0.030000000000046212,0.030000000000000082,4.6129766673175254e-14,1.2654326939047986,0.060487893922483105,0.06991867640860254,0.0023142452594488994,0.004649148576355108,0.13208422662301392,0.053194792710446845,105.66738129841113,42.55583416835748,0.0,0.0,0.0,0.0,False,well_sampled,Well sampled,variant_2,4,200.0,200.0,1.0,0.0,0.0,0.0,0.0,0.723736473313509,0.6680438068956118,0.8837434869227845,0.8278622939421819,"[[0.14417930006347723, 0.13208422662301392], [0.18777689304091105, 0.5359595802725979]]","[[0.11894291334737134, 0.7648005735754132], [0.053194792710446845, 0.06306172036676869]]"
random_2x2_d4,0,4,2,2,120,240,0.07,10.0,0.8,0.4718183958344995,1.2960843945765426,1,0.06999999999999695,0.06999999999999995,-2.9976021664879227e-15,0.750450257087963,0.11641429204151521,0.09905603958635242,0.00019704605061088287,0.00039767635614201585,0.042767600968354795,0.0009437839712759577,5.132112116202576,0.22650815310622985,0.0,0.0,0.0,0.25,False,moderate,Moderate,variant_2,4,30.0,60.0,2.0,0.0,0.25,0.0,0.25,0.648679435938832,0.6472902366360901,0.9406079676307225,0.6992255386288877,"[[0.30994216239555505, 0.338737273543277], [0.042767600968354795, 0.3085529630928131]]","[[0.24232621297311072, 0.6982817546576118], [0.05844824839800158, 0.0009437839712759577]]"
random_2x2_d5,0,5,2,2,120,480,0.15,2.0,20.0,0.6118247043750241,0.6151420508345405,1,0.14999999999996594,0.1500000000000008,-3.4861002973229915e-14,0.33567490887183127,0.2573024267355912,0.24759891234105771,0.15215559218315822,0.2521371551822227,0.10479508741509884,0.0720055581091215,12.57541048981186,34.56266789237832,0.0,0.0,0.0,0.0,False,sparse_imbalanced,Sparse and imbalanced,variant_2,4,30.0,120.0,4.0,0.0,0.0,0.0,0.0,0.5947829234138867,0.6067063320976618,0.573054531022029,0.5246901695025002,"[[0.10479508741509884, 0.4899878359987879], [0.28849858048723953, 0.1167184960988738]]","[[0.0720055581091215, 0.35493991086884963], [0.40330427238837835, 0.16975025863365065]]"
random_2x5_d0,1,0,2,5,1000,1000,0.03,50.0,50.0,0.2924914082347806,0.2625986238951152,1,0.029999999999999805,0.029999999999999583,2.220446049250313e-16,0.43978013440317887,0.05645959294700871,0.05772765844859661,0.01388222936057426,0.027221796834755008,0.02686861618690623,0.05674184099923158,26.86861618690623,56.741840999231584,0.0,0.0,0.0,0.0,False,well_sampled,Well sampled,variant_1,10,100.0,100.0,1.0,0.0,0.0,0.0,0.0,0.604816795759293,0.25971088086731703,0.5613033911335132,0.22620553847616243,"[[0.1671205625114499, 0.11008921467611399, 0.11202781079756309, 0.1415032616732191, 0.0740759461009469], [0.0925903183558671, 0.06483260256724326, 0.02686861618690623, 0.09988112113685114, 0.11101054599383935]]","[[0.05674184099923158, 0.08843069137848728, 0.08174896467605773, 0.12616433418620243, 0.08561077762650768], [0.11605376776080975, 0.13777484709767515, 0.11047814551631262, 0.0576460723536287, 0.13935055840508703]]"
random_2x5_d1,1,1,2,5,500,1000,0.07,20.0,5.0,0.4287150241763076,0.528305774874805,1,0.07000000000000006,0.06999999999995876,4.1300296516055823e-14,0.7859459482529088,0.1209769478745587,0.1329588833051636,0.0320354499625668,0.06355648203664367,0.026498661930883877,0.008497483599605997,13.249330965441938,8.497483599605998,0.0,0.0,0.0,0.0,True,moderate,Moderate,variant_1,10,50.0,100.0,2.0,0.0,0.0,0.0,0.0,0.5841318405777729,0.23270960544715136,0.8088411335486815,0.29515279032130726,"[[0.11969300214754529, 0.10951830803452263, 0.11456833456930787, 0.07617433251285272, 0.16417786331354445], [0.11301660329960607, 0.035766915789064595, 0.10317302281044974, 0.13741295559222277, 0.026498661930883877]]","[[0.08831678827290391, 0.054205615447675694, 0.008497483599605997, 0.01988299740365314, 0.020255981727479867], [0.1855703838057739, 0.05656449414107083, 0.12053090672362587, 0.17127854028438347, 0.27489680859382737]]"
random_2x5_d2,1,2,2,5,250,1000,0.15,5.0,1.2,0.6407101894771617,0.9848620194307617,2,0.15000000000003655,0.14999999999999947,3.708144902248023e-14,1.274534992947182,0.23657480552047355,0.2720394088804804,0.06903467378597505,0.14289226853077527,0.014835171985600101,0.00014226651530539896,3.708792996400025,0.14226651530539897,0.0,0.0,0.0,0.1,False,sparse_imbalanced,Sparse and imbalanced,variant_1,10,25.0,100.0,4.0,0.0,0.1,0.2,0.1,0.5686681861561049,0.37297035454268745,0.8235912277117214,0.37583290362442473,"[[0.033960788101510354, 0.2143484620455519, 0.15126622818904475, 0.016921163522187876, 0.014835171985600101], [0.12481917103533302, 0.0401327734531143, 0.22170412635364273, 0.12422381679946773, 0.05778829851454716]]","[[0.10884360478808491, 0.006822522004927017, 0.00014226651530539896, 0.053546389346341025, 0.007053989633620278], [0.05309519834089257, 0.3364019092004064, 0.022591686640836238, 0.3222865142780837, 0.0892159192515025]]"
random_2x5_d3,1,3,2,5,2000,2000,0.03,1.0,0.5,1.2644179670794207,0.35107655837749185,1,0.029999999999999805,0.029999999999999805,0.0,0.8033587704905834,0.05543130968629862,0.048088766508159894,0.026423557590278923,0.04509784897359141,1.627435287843792e-05,0.004563880139971754,0.03254870575687584,9.127760279943509,0.0,0.0,0.0,0.0,False,well_sampled,Well sampled,variant_2,10,200.0,200.0,1.0,0.1,0.0,0.1,0.0,0.9372020899011648,0.35505615233035615,0.8303141256516187,0.3841829924420401,"[[0.3318355377950116, 0.08072978165301457, 0.08437353566971552, 0.1206455594591149, 0.3196176753243081], [0.0232206145353445, 1.627435287843792e-05, 0.024813266121790575, 0.009952177420318651, 0.004795577668503192]]","[[0.28946312995651274, 0.2757340054982598, 0.17877243553986888, 0.05424016500492608, 0.03210438965205106], [0.09471986248552736, 0.014799980822391602, 0.04892474917028186, 0.004563880139971754, 0.006677401730208955]]"
random_2x5_d4,1,4,2,5,200,400,0.07,10.0,0.8,0.406637661343333,0.4472360350540005,1,0.06999999999999984,0.07000000000000028,-4.440892098500626e-16,0.8731445960844337,0.12633410596303055,0.1280799618184045,0.04298825707437959,0.08240220485512333,0.03283030299497072,0.01199708016714027,6.566060598994144,4.798832066856108,0.0,0.0,0.0,0.0,False,moderate,Moderate,variant_2,10,20.0,40.0,2.0,0.0,0.0,0.0,0.1,0.5113865425072965,0.2760225512549984,0.5894373046225803,0.562860267517751,"[[0.11623111864119182, 0.16980251092820983, 0.11979033360355397, 0.04888481402907772, 0.056677765305263174], [0.03283030299497072, 0.07982727116954555, 0.15623221765144443, 0.05865352577682952, 0.16107013989991334]]","[[0.37291632550196513, 0.03750057286198953, 0.062376700658278605, 0.0589649305685446, 0.05767877503180243], [0.18994394201578588, 0.024649563386067837, 0.16792454354606667, 0.016047566262359054, 0.01199708016714027]]"
random_2x5_d5,1,5,2,5,120,480,0.15,2.0,20.0,0.7681789926515271,0.66155754905705,1,0.15000000000000036,0.1499999999999999,4.440892098500626e-16,1.0806668926615115,0.2011287140241094,0.23376897981127565,0.05596449734683029,0.10404622857758421,0.003700254504375231,0.014733361386022865,0.4440305405250277,7.072013465290976,0.0,0.0,0.4,0.0,False,sparse_imbalanced,Sparse and imbalanced,variant_2,10,12.0,48.0,4.0,0.1,0.0,0.5,0.0,0.5009426529753372,0.3915748890450067,0.5216923266943778,0.27483327450981954,"[[0.028403534171156417, 0.18866190328837484, 0.12838898276705826, 0.039946258485780935, 0.11365666831229214], [0.029008984343998553, 0.010076375052702816, 0.2631859062779484, 0.003700254504375231, 0.19497113279631226]]","[[0.12364066556488171, 0.04063143157897034, 0.1253028017581926, 0.094210003874636, 0.09452277052894152], [0.04065140359311638, 0.21234350922095213, 0.014733361386022865, 0.18062327063518355, 0.07334078185910287]]"
random_3x3_d0,2,0,3,3,900,900,0.03,50.0,50.0,0.2392246100856027,0.25741204356811265,1,0.03000000000000025,0.030000000000036886,-3.6637359812630166e-14,0.3930991506245044,0.06115667899485789,0.05816314628219862,0.014787249573337657,0.02827045770776228,0.07322777639564453,0.05328576667029986,65.90499875608008,47.95719000326988,0.0,0.0,0.0,0.0,False,well_sampled,Well sampled,variant_1,9,100.0,100.0,1.0,0.0,0.0,0.0,0.0,0.3724261970440136,0.3400184072000114,0.3994381314476742,0.36040042388394733,"[[0.07875736311770279, 0.07322777639564453, 0.13209527111666824], [0.1116203277564682, 0.17009491232195362, 0.0907109569655918], [0.1461519520282795, 0.09669571848241325, 0.10064572181527816]]","[[0.1338762101524343, 0.14109355183805994, 0.12446836945717994], [0.12365770415187245, 0.08557051037927697, 0.07300807951625683], [0.10286650957964058, 0.05328576667029986, 0.16217329825497917]]"
random_3x3_d1,2,1,3,3,450,900,0.07,20.0,5.0,0.42472828350783026,0.39482790237129295,1,0.06999999999999695,0.0700000000000709,-7.394085344003543e-14,0.5681626184600657,0.1241047884020756,0.12264104764437513,0.018472582201180643,0.03539935947167685,0.025224372531597258,0.041866511035890994,11.350967639218766,37.679859932301895,0.0,0.0,0.0,0.0,False,moderate,Moderate,variant_1,9,50.0,100.0,2.0,0.0,0.0,0.0,0.0,0.4152092233202906,0.4007972328410507,0.37650061399451956,0.4072362636347493,"[[0.11160075947550877, 0.12510343798430656, 0.17850502586047526], [0.08944302615968079, 0.18067517727675048, 0.025224372531597258], [0.12155553689102752, 0.09501861757999362, 0.0728740462406598]]","[[0.08158137601788751, 0.0982517407121723, 0.09179942619193203], [0.10542844850471701, 0.041866511035890994, 0.22920565445391156], [0.11985957430015286, 0.14577608579442994, 0.08623118298890567]]"
random_3x3_d2,2,2,3,3,225,900,0.15,5.0,1.2,0.5387679368219529,0.6790634580312088,1,0.1499999999999999,0.15000000000000746,-7.549516567451064e-15,0.8888931452453581,0.29050508234422107,0.23826656689010703,0.1525652881988342,0.24613513264176523,0.03786504658490679,0.009278327294352467,8.519635481604027,8.35049456491722,0.0,0.0,0.0,0.0,False,sparse_imbalanced,Sparse and imbalanced,variant_1,9,25.0,100.0,4.0,0.0,0.0,0.0,0.0,0.4098867277334118,0.35866160580484724,0.6067635035725302,0.5745811472669878,"[[0.05854619897723752, 0.2062723729877467, 0.061973594516862615], [0.0938454707380449, 0.09985357718718238, 0.21618767980818449], [0.17292040356991625, 0.052535655629918174, 0.03786504658490679]]","[[0.08168791681180258, 0.1301599875264946, 0.12000655066180389], [0.035568851865394886, 0.009278327294352467, 0.016534862267621565], [0.45732437858979036, 0.131403579253217, 0.01803554572952286]]"
random_3x3_d3,2,3,3,3,1800,1800,0.03,1.0,0.5,0.387623865106709,0.2864026836388112,1,0.030000000000000027,0.029999999999999916,1.1102230246251565e-16,0.7095885378443364,0.05518859685344925,0.053806323066793955,0.00827164530195379,0.016713438362875473,0.003055797480384682,0.00553472741103871,5.500435464692427,9.962509339869678,0.0,0.0,0.0,0.0,False,well_sampled,Well sampled,variant_2,9,200.0,200.0,1.0,0.0,0.0,0.0,0.0,0.5340511607903865,0.4959122422433856,0.6810182351889178,0.6538990470320016,"[[0.1938498311314281, 0.1710589276457379, 0.027971868384722428], [0.24550255581082497, 0.1821819867132059, 0.10636661826635559], [0.056559855301132514, 0.013452559266208048, 0.003055797480384682]]","[[0.23907016839108677, 0.39408677008810294, 0.04786129670972802], [0.03470842994735234, 0.199301256082676, 0.007363934759424081], [0.011562395749368385, 0.06051102086122273, 0.00553472741103871]]"
random_3x3_d4,2,4,3,3,180,360,0.07,10.0,0.8,0.42412216322851365,1.5630357714117762,1,0.06999999999997075,0.07000000000000028,-2.9531932455029164e-14,1.3157446735192426,0.12743445128802228,0.14513539747398077,0.03717646568764954,0.07649872886209079,0.026206954128162187,1.3233028567667474e-06,4.717251743069194,0.00047638902843602905,0.0,0.3333333333333333,0.0,0.3333333333333333,True,moderate,Moderate,variant_2,9,20.0,40.0,2.0,0.0,0.3333333333333333,0.1111111111111111,0.3333333333333333,0.4513748355443423,0.49471623326341363,0.6503486717108375,0.8480866414944191,"[[0.06918614161603462, 0.026206954128162187, 0.16107762980650686], [0.061256618547298664, 0.19759196773124196, 0.19252624926580167], [0.10288953683724383, 0.04815254787660512, 0.14111235419110515]]","[[0.10890538578575872, 0.01611586070725056, 7.813143254167134e-06], [0.6080555689810385, 0.04229177942694231, 1.3233028567667474e-06], [0.13112568672762195, 0.09127054014238445, 0.002226041782892595]]"
random_3x3_d5,2,5,3,3,120,480,0.15,2.0,20.0,0.6789464695349969,0.5485804580032637,1,0.15000000000000024,0.14999999999999925,9.992007221626409e-16,0.8168185369205744,0.2429014928161946,0.2788889665151029,0.07283602543324208,0.14493201143575546,0.017709230765240457,0.03852744782372003,2.125107691828855,18.493174955385612,0.0,0.0,0.0,0.0,False,sparse_imbalanced,Sparse and imbalanced,variant_2,9,13.333333333333334,53.333333333333336,4.0,0.0,0.0,0.2222222222222222,0.0,0.34570892086189525,0.5438197500212292,0.3551290301058632,0.38187376120761374,"[[0.11614555436451345, 0.21185413573214135, 0.017709230765240457], [0.17377784391623846, 0.07501470617189539, 0.08314337000469926], [0.2538963517404773, 0.018488378730166954, 0.04997042857462753]]","[[0.11324167322327895, 0.06029810188360824, 0.17026679061086375], [0.20579570885708415, 0.056741247495581584, 0.03852744782372003], [0.06283637912725062, 0.20960379489978728, 0.08268885607882531]]"
random_3x7_d0,3,0,3,7,2100,2100,0.03,50.0,50.0,0.2534708837219623,0.26374358437422984,1,0.03000000000000047,0.030000000000005134,-4.6629367034256575e-15,0.28985801695854324,0.05664791555704351,0.058391635972496934,0.01821793980075026,0.03695284508958902,0.02455908859020884,0.017409347817632568,51.57408603943856,36.559630417028394,0.0,0.0,0.0,0.0,False,well_sampled,Well sampled,variant_1,21,100.0,100.0,1.0,0.0,0.0,0.0,0.0,0.3936896744001268,0.16628215293818382,0.3471744438414405,0.17770436515665206,"[[0.03939798960930609, 0.0650962784120646, 0.03349492838171724, 0.06866339006722405, 0.07000285196456747, 0.048484259900360045, 0.06854997606488732], [0.0385892202779219, 0.039941247707868784, 0.05211226695725208, 0.02455908859020884, 0.0471401762353663, 0.04377933628702548, 0.05953124167593899], [0.0494226835144386, 0.03793008533546799, 0.06738168562869483, 0.027847699374988374, 0.049139124738250044, 0.041108448088955196, 0.02782802118749593]]","[[0.04971042781033628, 0.05251378481756613, 0.050766217041566586, 0.05828079718887752, 0.042762287384875516, 0.03434724376144325, 0.017409347817632568], [0.05942082108330678, 0.03610684830907728, 0.03893558508375556, 0.04511649107463404, 0.05785035408371583, 0.043734673338254086, 0.06587067736351812], [0.04936853770319722, 0.04006315115959232, 0.05504586262043246, 0.03086558605542647, 0.07709172368806069, 0.05897556786701227, 0.035764014747719106]]"
random_3x7_d1,3,1,3,7,1050,2100,0.07,20.0,5.0,0.43483849670350955,0.47980040673066016,1,0.06999999999999873,0.07000000000000073,-1.9984014443252818e-15,0.8579319863092905,0.12100250345016518,0.12605941506579157,0.031549863372871245,0.05733357508809844,0.011665376439780424,0.008113859256586402,12.248645261769445,17.039104438831444,0.0,0.0,0.0,0.0,False,moderate,Moderate,variant_1,21,50.0,100.0,2.0,0.0,0.0,0.0,0.0,0.427201032396009,0.17840775475511125,0.6279773901414725,0.19270364589667935,"[[0.03125927571041788, 0.011665376439780424, 0.04444169493750238, 0.044640514062311114, 0.020304726839031024, 0.052970715311029475, 0.0415159263692017], [0.06768313936647342, 0.06338922005166064, 0.06780312945971809, 0.015020163202650136, 0.05745222894246755, 0.049484098534023066, 0.1063690528390161], [0.048346116186805635, 0.031428447079716565, 0.03097041899464239, 0.057678097308361945, 0.08105734193212484, 0.04599754088617228, 0.03052277554689346]]","[[0.06215975386078439, 0.1319324382869261, 0.06361226857930848, 0.054482148778149546, 0.07819909216086875, 0.13294223385488055, 0.10464945462055461], [0.009102870021658539, 0.019896185479016327, 0.023555572193228187, 0.053956040954017605, 0.02567630331193088, 0.008113859256586402, 0.019238137771143932], [0.04548396953503369, 0.010328104399493518, 0.014842001009775297, 0.03616228860052814, 0.020296005961970072, 0.0516475527852124, 0.033723718578932624]]"
random_3x7_d2,3,2,3,7,525,2100,0.15,5.0,1.2,0.7767648579012982,0.7187790945510035,1,0.15000000000000013,0.15000000000000013,0.0,0.9944689579758608,0.19835784310685567,0.20128716249712728,0.104286003969142,0.16845869328326094,0.003412609736361763,0.0018948679876374017,1.7916201115899255,3.9792227740385435,0.0,0.0,0.0,0.0,False,sparse_imbalanced,Sparse and imbalanced,variant_1,21,25.0,100.0,4.0,0.0,0.0,0.047619047619047616,0.047619047619047616,0.40838620205767173,0.19800158773759674,0.4762758544818534,0.3363809475908802,"[[0.058435131609627024, 0.045403373781441825, 0.009625906741139745, 0.025483821977043318, 0.04710658088731928, 0.056884266139095356, 0.003412609736361763], [0.038230325431398406, 0.0817419337099244, 0.08442581904963695, 0.015084267969666816, 0.021939163841836116, 0.016877305831216088, 0.08696329123662094], [0.055656304547068665, 0.013542217918981223, 0.10394986194682003, 0.06030467636920338, 0.033037403674396094, 0.06219922494422787, 0.07969651265697446]]","[[0.00652820426534366, 0.0018948679876374017, 0.0034460825653971575, 0.035137764065850695, 0.0073099870320820475, 0.06617961770227854, 0.0037851572528523267], [0.010518812781620876, 0.03850081374552459, 0.022691472681778978, 0.18120317321774007, 0.08203159698388134, 0.09983422531092562, 0.04149575976038188], [0.006714372907387844, 0.03624750281272946, 0.08102870169940082, 0.009140877046766992, 0.07090861909682103, 0.1703671045776761, 0.025035286505922582]]"
random_3x7_d3,3,3,3,7,4200,4200,0.03,1.0,0.5,0.23750740780964258,0.7380129775184746,1,0.029999999999998916,0.029999999999999805,-8.881784197001252e-16,1.4212175203023516,0.05782946715576404,0.0592621859038154,0.1028395175052601,0.17865972653517276,0.0005331048988788196,2.544854429642773e-06,2.2390405752910425,0.010688388604499647,0.0,0.3333333333333333,0.047619047619047616,0.38095238095238093,True,well_sampled,Well sampled,variant_2,21,200.0,200.0,1.0,0.0,0.3333333333333333,0.047619047619047616,0.38095238095238093,0.5895124794360823,0.38131769845986463,0.6965810144861289,0.45773035940496154,"[[0.01850456161152243, 0.024630261962257885, 0.0014195019408303094, 0.03393840466626803, 0.15867193330732965, 0.043854286416266326, 0.03249217904774153], [0.034517826428530726, 0.03946604156855522, 0.003353970798645488, 0.1186470545137029, 0.1863157580850405, 0.16598486146138314, 0.0412269665802243], [0.00357159425486167, 0.013646971894406877, 0.0005331048988788196, 0.010490898964499477, 0.03633000706749447, 0.02383466227471882, 0.0085691522568414]]","[[4.1143422913883e-05, 4.62179444312177e-05, 9.539481490050134e-05, 2.079161042709464e-05, 2.544854429642773e-06, 4.7005457443610336e-05, 3.166655660736472e-06], [0.33378114754864796, 0.010021027965954988, 0.12804104507587408, 0.003616391291822559, 0.001757890167585752, 0.14040183300925388, 0.07896167942698959], [0.1239080684333997, 0.011247335446755831, 0.11201094171522988, 0.005855679736016919, 0.0006275399785264995, 0.02843893549969944, 0.021074219944036115]]"
random_3x7_d4,3,4,3,7,420,840,0.07,10.0,0.8,0.42147645384681176,0.47938653614715937,1,0.06999999999999629,0.0699999999999934,2.886579864025407e-15,0.6282926475269393,0.12279107287103164,0.11605204500131266,0.049648017234508846,0.08215520034178626,0.00558658506567866,0.004615755953708124,2.346365727585037,3.877235001114824,0.0,0.0,0.047619047619047616,0.0,False,moderate,Moderate,variant_2,21,20.0,40.0,2.0,0.0,0.0,0.09523809523809523,0.047619047619047616,0.4586667901305409,0.22317475177474907,0.36891593451375226,0.3308307148884211,"[[0.014888899170036609, 0.016410338241573143, 0.00558658506567866, 0.021569222012149232, 0.023755754145965268, 0.012350873137329311, 0.04622237790388132], [0.10775319284390346, 0.010102342217023797, 0.022572445027826005, 0.11110181529996421, 0.0929199088299258, 0.03667449565014714, 0.0775425902617505], [0.03326547539834353, 0.062401753581168395, 0.015078709822668785, 0.037944699921121525, 0.106499088798858, 0.054496786644149704, 0.09086264602653561]]","[[0.07566804286748896, 0.03374045150179595, 0.013315172389795373, 0.10983510710297587, 0.013655194021049954, 0.008581558318434256, 0.1141204083122119], [0.021047970035716835, 0.0108776849205022, 0.004615755953708124, 0.04879397344317576, 0.048274205904442154, 0.02983579450848367, 0.10671454957215186], [0.03153203616426253, 0.025234483264058496, 0.015127821325020954, 0.06095973940988837, 0.0841938847516622, 0.033880409229117205, 0.10999575700405732]]"
random_3x7_d5,3,5,3,7,210,840,0.15,2.0,20.0,0.645511419130278,0.6585542356062344,1,0.15000000000003255,0.14999999999999902,3.352873534367973e-14,0.9562173821863906,0.27734910057045337,0.22925121293295123,0.08907600188947229,0.15956098409634117,0.0021907358076355167,0.007172902795464351,0.4600545196034585,6.025238348190054,0.0,0.0,0.3333333333333333,0.0,False,sparse_imbalanced,Sparse and imbalanced,variant_2,21,10.0,40.0,4.0,0.047619047619047616,0.0,0.38095238095238093,0.0,0.4786244883911186,0.28382304151860027,0.4740700530752798,0.18665519130542252,"[[0.03282192963547551, 0.14179356549793784, 0.010904206436336638, 0.034025046443705895, 0.06636695998926699, 0.029765502728155622, 0.006896724394794718], [0.07783075248397824, 0.016314152127828746, 0.0021907358076355167, 0.004947198280328391, 0.03844626708307291, 0.017945868944794885, 0.041126601755569474], [0.04077751634573782, 0.1257153238928337, 0.018633321568460825, 0.03288309855987387, 0.06714073464204247, 0.17099157788138203, 0.022482915500787893]]","[[0.07788445441999539, 0.025554644899516244, 0.040521518885274825, 0.08471289164385735, 0.12596455863818104, 0.031976215249663334, 0.08745576933879155], [0.009595917601087165, 0.05490385998115543, 0.04272207761730119, 0.0847990059308334, 0.007172902795464351, 0.037686506861351415, 0.007566960880175088], [0.05448459041211673, 0.0778702026667537, 0.03175427312565306, 0.017143293730731764, 0.03001807258985618, 0.04289723553991073, 0.027315047192330046]]"
random_4x6_d0,4,0,4,6,2400,2400,0.03,50.0,50.0,0.26420035718481355,0.23744369227450193,1,0.030000000000000027,0.030000000000000693,-6.661338147750939e-16,0.36814470417979667,0.0553641788795339,0.058632600165448544,0.01600767962694638,0.03203648620914874,0.022971939208541396,0.02379730673620997,55.13265410049935,57.11353616690393,0.0,0.0,0.0,0.0,False,well_sampled,Well sampled,variant_1,24,100.0,100.0,1.0,0.0,0.0,0.0,0.0,0.2852899782074263,0.20646344586303608,0.28774866646339015,0.20956138304329286,"[[0.06098712808315092, 0.025160803571681958, 0.03305181650828833, 0.04854083053853265, 0.060353768329529524, 0.057195631176242934], [0.058321005299545765, 0.022971939208541396, 0.0478660317117132, 0.024902418206112862, 0.05640010640355739, 0.02517680430149083], [0.046013197548102146, 0.04304828246497441, 0.033395437175142706, 0.03192113119193644, 0.0361401145996733, 0.0566937926999402], [0.023247324828068825, 0.04207382892537023, 0.03578278070396454, 0.0340825770431737, 0.05356945653027587, 0.04310379295098983]]","[[0.026387926187940492, 0.03900065453788606, 0.03310705990560871, 0.0383976515340791, 0.03281871673159015, 0.030273877221949505], [0.02379730673620997, 0.03043214407289734, 0.09024874638579461, 0.05005631628749637, 0.0394895263997089, 0.053724626581282985], [0.0614773495585181, 0.04349324936012555, 0.03785860030924566, 0.044584235662413554, 0.04570991601193338, 0.0410785331375743], [0.034710558993743104, 0.038991897787966336, 0.04834697644264389, 0.025595664378637292, 0.047420572004585104, 0.042997893770169576]]"
random_4x6_d1,4,1,4,6,1200,2400,0.07,20.0,5.0,0.5248456939852741,0.35185426770880845,1,0.06999999999998252,0.07000000000000073,-1.8207657603852567e-14,0.7102685242755871,0.12005962929779086,0.13822079087891287,0.0356056264433684,0.07110345999563529,0.00240978914856104,0.013212583447670541,2.891746978273248,31.7102002744093,0.0,0.0,0.0,0.0,False,moderate,Moderate,variant_1,24,50.0,100.0,2.0,0.0,0.0,0.041666666666666664,0.0,0.2798283283991274,0.2647464561058563,0.3398998934628822,0.31821178649675497,"[[0.06927367733279088, 0.043687601759982826, 0.04801432637710664, 0.027335888464462135, 0.034819292673254884, 0.026033549003071806], [0.0678014983367023, 0.03673309393219783, 0.04386415545930824, 0.029586943841237338, 0.04557245256783491, 0.05627018426184677], [0.059520365514764535, 0.026337851765288918, 0.020593445479421806, 0.07596403504352993, 0.009053925569240718, 0.00240978914856104], [0.06815091492159857, 0.057658194738882146, 0.040668670088680574, 0.047591524586015545, 0.016875807185141995, 0.04618281194907776]]","[[0.03300495807661262, 0.05154761909848709, 0.04486813767138076, 0.04149588079507852, 0.04009724599997727, 0.028129461893061702], [0.019710143836930427, 0.032437994985070405, 0.014429978112126866, 0.05513381319839493, 0.027999120329431262, 0.028683705491578067], [0.022058080007696598, 0.09961016550818194, 0.0371688140174799, 0.04830831204021296, 0.05494024921412226, 0.07781427267518855], [0.013212583447670541, 0.1346160069050155, 0.02717455873226784, 0.023938608502740034, 0.02897302246135138, 0.01464726699994254]]"
random_4x6_d2,4,2,4,6,600,2400,0.15,5.0,1.2,0.7569924542735617,0.8324721155351872,1,0.14999999999996882,0.1499999999999997,-3.086420008457935e-14,0.8716106232593253,0.2461441027810536,0.23220620485618093,0.08153154712519628,0.1418540490449049,0.0013295835361217122,0.0001369361255588611,0.7977501216730273,0.3286467013412666,0.0,0.0,0.0,0.0,False,sparse_imbalanced,Sparse and imbalanced,variant_1,24,25.0,100.0,4.0,0.041666666666666664,0.041666666666666664,0.20833333333333334,0.20833333333333334,0.3444920593745106,0.28257506569965785,0.4851865516623165,0.3742965801882284,"[[0.022789824461002292, 0.007100525535040476, 0.01179711345353531, 0.0062366060236983874, 0.007437875960826878, 0.052088176043005835], [0.0013295835361217122, 0.0350141091732361, 0.01820234954872503, 0.05088735156167113, 0.005463193857711108, 0.12930856260365853], [0.019550196207411, 0.055965438956644374, 0.0671698810668243, 0.07489681736367965, 0.04482290761730604, 0.045447427655391164], [0.03436931740908964, 0.10336558901683485, 0.014814498066022589, 0.061409512133623105, 0.07480224335133809, 0.05573089939760232]]","[[0.017004956936916695, 0.014950417767177232, 0.03490009811804793, 0.1134176343879468, 0.005180950358732131, 0.043823410690812366], [0.026170794791957358, 0.08880409225856349, 0.022553160268962247, 0.07158178601663479, 0.00215626017656539, 0.009314194655018548], [0.0001369361255588611, 0.0019346731255698382, 0.0013457580633143048, 0.06033798143911271, 0.0007262199536486184, 0.0004741232031440432], [0.030615462734992143, 0.09447763736641843, 0.02813456194362966, 0.1289591783445341, 0.03414357511125705, 0.16885613616148518]]"
random_4x6_d3,4,3,4,6,4800,4800,0.03,1.0,0.5,0.3087772773154997,0.448149505042815,1,0.029999999999999805,0.029999999999996363,3.4416913763379853e-15,1.6113140421325458,0.0501546256871521,0.06472117447092685,0.12505337167378605,0.21006923285929152,0.00012509925210979681,1.1992382751523904e-05,0.6004764101270247,0.05756343720731474,0.041666666666666664,0.2916666666666667,0.16666666666666666,0.4166666666666667,False,well_sampled,Well sampled,variant_2,24,200.0,200.0,1.0,0.041666666666666664,0.3333333333333333,0.16666666666666666,0.4166666666666667,0.743162890733236,0.3801454250743766,0.436522475773475,0.8333889884698686,"[[0.23059644289613623, 0.13529549219864997, 0.011406669077638808, 0.003102340731944746, 0.24291651078780072, 0.11984543504106547], [0.046527467508252124, 0.01250421235648635, 0.004325892386436538, 0.0005682794228375256, 0.08699836764079233, 0.004359183459173758], [0.010031265863323187, 0.006479981664812422, 0.0009136743748775583, 0.00012509925210979681, 0.017611933918230828, 0.003879757361439444], [0.017593994161169958, 0.007490135305361187, 0.0011401385999739594, 0.00022686446292061847, 0.032618612727552725, 0.0034422488010136744]]","[[1.4055889669237396e-05, 0.0005107386688364062, 0.00020465869538481245, 1.1992382751523904e-05, 0.020196917829864474, 0.0063964901168851755], [3.678965035368899e-05, 0.0020095878565359873, 0.0017034178274629066, 7.101807206713178e-05, 0.3709118776455174, 0.06178978472153791], [0.00014668049265049573, 0.003995020119053335, 0.002340123320033849, 0.00019219865102209586, 0.335274825045027, 0.030297353626715047], [0.0002931992758534775, 0.011600212418475087, 0.0035964432749630497, 0.00017326061583314577, 0.1070053679494598, 0.04122798585404698]]"
random_4x6_d4,4,4,4,6,480,960,0.07,10.0,0.8,0.4127447362961993,0.3710877222335933,1,0.06999999999996209,0.06999999999999962,-3.752553823233029e-14,0.8409220655662385,0.12920978756799398,0.13181870392793332,0.05443475882620774,0.10611560207277522,0.010383386038645671,0.0006730623989249171,4.9840252985499225,0.6461399029679203,0.0,0.041666666666666664,0.0,0.2916666666666667,False,moderate,Moderate,variant_2,24,20.0,40.0,2.0,0.0,0.041666666666666664,0.041666666666666664,0.16666666666666666,0.3486198822444174,0.25688969070875817,0.4999785211449208,0.39612401057847785,"[[0.09096478926678248, 0.018161606851928986, 0.05658273642151112, 0.03400930908516002, 0.011048377802640553, 0.02194896773319336], [0.03389012811983667, 0.03509290800444567, 0.07124537458287078, 0.09510420942956606, 0.05559060839692663, 0.05769665371077161], [0.010383386038645671, 0.02577496764215104, 0.05321254224523718, 0.06584294441537822, 0.028547691351594337, 0.018564350007809798], [0.04158754666785508, 0.018224661389002573, 0.03819092958259716, 0.06193322777865385, 0.03567664059617802, 0.020725442879263107]]","[[0.005637866237332137, 0.0006730623989249171, 0.002295673127786804, 0.006783440871638542, 0.0051081453945873104, 0.0024899694333373142], [0.09753525300502203, 0.012689923155649022, 0.08341514099578526, 0.09462479836206773, 0.08494881037382584, 0.025029009173783014], [0.09233109475924806, 0.008139667578135395, 0.060709972981298876, 0.27801925133256433, 0.033239353947867076, 0.02753918054580709], [0.022831610137630038, 0.0068041065708587065, 0.007219769208483579, 0.016696520012207207, 0.015436600178134129, 0.009801780218025665]]"
random_4x6_d5,4,5,4,6,240,960,0.15,2.0,20.0,0.6408892225059664,0.5593345292798962,1,0.1500000000000168,0.15000000000000013,1.6653345369377348e-14,0.9077967252800931,0.26701325070242743,0.27668914219107354,0.13577417175353212,0.26090574734579186,0.0011456052853173308,0.007962340394325656,0.2749452684761594,7.643846778552629,0.08333333333333333,0.0,0.4166666666666667,0.0,True,sparse_imbalanced,Sparse and imbalanced,variant_2,24,10.0,40.0,4.0,0.20833333333333334,0.0,0.5416666666666666,0.0,0.6115471867797684,0.31084904415731246,0.3275164778885869,0.20705881694422365,"[[0.07143490378033583, 0.005431013845471402, 0.0018014945419551627, 0.0034568699516562672, 0.0011456052853173308, 0.0021001908363710033], [0.024497211826719104, 0.00663354170058717, 0.002296150943908841, 0.024764826979022894, 0.00626432702241264, 0.010974269858349327], [0.050956885331737645, 0.14442096649982616, 0.009676116060479098, 0.009634788348919142, 0.006625338147638611, 0.006338312259524061], [0.16396004321851987, 0.13720498414892762, 0.05028643370229845, 0.11327874374620364, 0.025279855770950738, 0.12153712619286802]]","[[0.07223275304811513, 0.007962340394325656, 0.024933244068395498, 0.029665893776045792, 0.04976790753624057, 0.0422562549985743], [0.02910678679881883, 0.029174958677020222, 0.13769713024612373, 0.030592762921897082, 0.012037329241215011, 0.02890543889182603], [0.01692752012022231, 0.034703134502738396, 0.020379448536349026, 0.0494990045437585, 0.03882427684907388, 0.017817336960673225], [0.04243512773460815, 0.06083222173861396, 0.024048994093355387, 0.07382489140583046, 0.05140031231121277, 0.07497493060496618]]"
random_5x5_d0,5,0,5,5,2500,2500,0.03,50.0,50.0,0.2637182392713848,0.2664139471710826,1,0.03000000000000025,0.03000000000000047,-2.220446049250313e-16,0.31106013820254913,0.05569143575341293,0.05292303683140175,0.021479373175359084,0.04001026608710352,0.01701693175062713,0.017030734021703162,42.54232937656782,42.576835054257906,0.0,0.0,0.0,0.0,False,well_sampled,Well sampled,variant_1,25,100.0,100.0,1.0,0.0,0.0,0.0,0.0,0.23456179328584753,0.2314002945658003,0.21768001608952514,0.24964513135697375,"[[0.02730606518082538, 0.0319742594897976, 0.04707270106197782, 0.04351819086179519, 0.02254681773082882], [0.053074354599686575, 0.025731404749431683, 0.04758626447794291, 0.0419116090341406, 0.044252478494163895], [0.06001945532290882, 0.035135969399372906, 0.028750066925829872, 0.03464069552876164, 0.04536258103306869], [0.031598114563661656, 0.041591145653943756, 0.06924944938814134, 0.04935412068995695, 0.04276896299014381], [0.03686802154946287, 0.03394232281755648, 0.038741812711908345, 0.01701693175062713, 0.049986203994065254]]","[[0.02529703055599566, 0.04436844209920977, 0.035747577368461514, 0.06499115465543025, 0.047275811410427956], [0.032920369691073176, 0.04092922038307121, 0.0347141866345032, 0.03808198138561058, 0.028130173605021496], [0.0335812381754364, 0.038678537351118356, 0.025912811811036402, 0.05192079921859418, 0.032985872868236794], [0.043582936193882184, 0.03768216580832811, 0.05214517927864806, 0.06716888481478753, 0.017030734021703162], [0.036053765406907176, 0.04020562150258101, 0.04939021686329273, 0.02748231128255121, 0.053722977614091734]]"
random_5x5_d1,5,1,5,5,1250,2500,0.07,20.0,5.0,0.36329213087215223,0.4045212038807119,1,0.07000000000000028,0.07000000000000006,2.220446049250313e-16,0.45927247669261273,0.1395276524945114,0.12621744094622395,0.04742019738907133,0.09241859181139625,0.017848128324301906,0.013262294369763904,22.31016040537738,33.15573592440976,0.0,0.0,0.0,0.0,False,moderate,Moderate,variant_1,25,50.0,100.0,2.0,0.0,0.0,0.0,0.0,0.26188410670977225,0.22007444751897395,0.2985867815288888,0.27223656110636507,"[[0.026225221334144684, 0.030278378556361365, 0.05539530750178001, 0.08725171618187723, 0.03266202923936185], [0.02383998977690437, 0.038486143263106995, 0.020355221331412262, 0.017848128324301906, 0.0498236230322095], [0.05177241624414722, 0.03109687549012869, 0.08725908978370296, 0.056878662072811385, 0.03487706311898197], [0.043278785474105665, 0.04025981321636258, 0.024396409996289937, 0.03481416192321965, 0.0417654604478186], [0.06405968941683314, 0.028073047889567597, 0.02300331403143443, 0.023281779016763798, 0.03301767333637226]]","[[0.0499159586054882, 0.013262294369763904, 0.01566804829712955, 0.09681005120755191, 0.04186261718716014], [0.028148768566470674, 0.01755982938159054, 0.015461279063931523, 0.04222074374158984, 0.060367308711091916], [0.01819110628970873, 0.06059268767479971, 0.05730983308750347, 0.07203618452716842, 0.09045696994970846], [0.016557465946722225, 0.028926850448885977, 0.014257429457197842, 0.03283146817304054, 0.040969530155087565], [0.03148950413827212, 0.055025864306259595, 0.033325303184700554, 0.0281727684258596, 0.03858013510331702]]"
random_5x5_d2,5,2,5,5,625,2500,0.15,5.0,1.2,0.7397238885159745,0.8638645549883271,1,0.14999999999998326,0.14999999999999125,-7.993605777301127e-15,0.7846816652525027,0.2333289745343215,0.248362648038887,0.11503901369916192,0.20080994493198906,0.0025237179861437213,0.00011377068777853701,1.5773237413398258,0.2844267194463425,0.0,0.0,0.0,0.12,True,sparse_imbalanced,Sparse and imbalanced,variant_1,25,25.0,100.0,4.0,0.0,0.08,0.16,0.2,0.31465433993299935,0.2664030849873456,0.4849481322589232,0.33498358002750134,"[[0.014266365675670252, 0.06663076930151729, 0.11209354752559385, 0.041772678902643544, 0.07415984589339038], [0.0564449959711358, 0.019926152876950928, 0.05942582767730114, 0.031042430848583744, 0.006776327471034734], [0.016476468940253102, 0.030895841989779457, 0.0025237179861437213, 0.04161408204035421, 0.04075500250564188], [0.006034593828527656, 0.009299387591670307, 0.004198693380537844, 0.017819526759986645, 0.033189402900284326], [0.05467219972843873, 0.030074016181402104, 0.05910575445353594, 0.13415436643577744, 0.03664800313384514]]","[[0.11365537919610574, 0.006511057056813151, 0.08290268390335345, 0.041274706111507, 0.24060430599114388], [0.0021908806943247133, 0.0002094466014366865, 0.0063901287507148255, 0.0006646344216855699, 0.0031968594279536766], [0.04398319412171071, 0.003099759384894426, 0.014933346392491836, 0.05869678179816912, 0.015150819872722252], [0.008362156464054265, 0.0005491028334504493, 0.005196679226645328, 0.00011377068777853701, 0.0007137730119656878], [0.0458334989707991, 0.03570422519398644, 0.03870789214844737, 0.15603709601413, 0.07531782172371587]]"
random_5x5_d3,5,3,5,5,5000,5000,0.03,1.0,0.5,0.25331741535100016,0.7150449545363171,1,0.02999999999995162,0.029999999999999694,-4.807265696626928e-14,1.5098491186574334,0.05866915675672128,0.05276306893739937,0.059452050473440154,0.10743658950485273,0.0026844241245418538,7.82563386331946e-07,13.422120622709269,0.00391281693165973,0.0,0.2,0.0,0.28,False,well_sampled,Well sampled,variant_2,25,200.0,200.0,1.0,0.0,0.24,0.0,0.4,0.34324565568386695,0.4872322959483758,0.4602971484616032,0.5423878216504895,"[[0.0671525620882573, 0.03221982526127569, 0.03166144086162964, 0.023266056899535977, 0.1761370477602607], [0.016249207980442198, 0.015540939186729198, 0.008404539680947442, 0.006213778762903241, 0.06852436641045363], [0.009083811565211668, 0.009335607486982095, 0.007526405294746765, 0.0026844241245418538, 0.04021040992467661], [0.027766874534167818, 0.011866125497053574, 0.021534655905338033, 0.007487611048123147, 0.0738886540428565], [0.08114227208291802, 0.0847800771838414, 0.036769622402075625, 0.012081866204903547, 0.12847181781012837]]","[[0.007349627863571261, 0.081731259716923, 0.05632944214796677, 0.0005675194424011379, 0.000105938889928693], [0.03846332911562007, 0.2350765702549694, 0.17927960136789697, 0.007440154668599271, 3.7493054517479054e-05], [0.04608385198098281, 0.12567885635588324, 0.08693603590754068, 0.0008536760427154014, 1.6539607493390474e-05], [0.0016026313670410893, 0.04600713939025604, 0.01837528126866211, 0.00018416437326872814, 3.829537482953166e-06], [0.00041514452941625427, 0.053893995932457854, 0.013112438019226264, 0.00045469660179280156, 7.82563386331946e-07]]"
random_5x5_d4,5,4,5,5,500,1000,0.07,10.0,0.8,0.3857410409344052,0.37276099245726957,1,0.07000000000000028,0.06999999999999984,4.440892098500626e-16,1.3153994875781982,0.1407884642923099,0.12915929289174877,0.06856285895872816,0.14224254968890732,0.007966217436911019,0.00039955472139441723,3.9831087184555094,0.3995547213944172,0.0,0.12,0.0,0.28,False,moderate,Moderate,variant_2,25,20.0,40.0,2.0,0.0,0.12,0.04,0.32,0.2863646602680181,0.29771314600857135,0.35132216674742334,0.5383710206562842,"[[0.03708736142830081, 0.007966217436911019, 0.019040523396610557, 0.014861158355005457, 0.038958662289072125], [0.089339753140244, 0.028694136649339994, 0.028608150443470592, 0.03949016431896391, 0.10023245571599956], [0.01373031044611183, 0.014879976785611818, 0.013171990668979712, 0.044169758488685214, 0.034467783819495626], [0.045424509940726304, 0.07115472283479034, 0.07779187384332106, 0.02928869323276384, 0.050985431286283994], [0.03481681673226483, 0.028017789789275327, 0.03948200298591111, 0.02527094307414101, 0.07306881289772003]]","[[0.04639402744418842, 0.11905630914157887, 0.007605270590086209, 0.012551706807458991, 0.0035294688538668735], [0.021989546616111216, 0.07236117285038067, 0.002093702254067715, 0.005725214430680836, 0.0015569584521378846], [0.053373842698696335, 0.23232299353240957, 0.017066441228862098, 0.032139093630452004, 0.016419795657003362], [0.001110777200123325, 0.0032696860714750567, 0.0006865534928996578, 0.00044977504899732917, 0.00039955472139441723], [0.17559389512560605, 0.11136085906044006, 0.013527853302140092, 0.03380574571787349, 0.015609756071069524]]"
random_5x5_d5,5,5,5,5,250,1000,0.15,2.0,20.0,0.5315193482262486,0.6928644415501687,1,0.1500000000000019,0.1499999999999999,1.9984014443252818e-15,1.0714411853036567,0.26453963531698377,0.22989763091486387,0.12467902314294288,0.1929564730108794,0.0009004299361794136,0.003357587593847783,0.2251074840448534,3.357587593847783,0.2,0.0,0.56,0.0,False,sparse_imbalanced,Sparse and imbalanced,variant_2,25,10.0,40.0,4.0,0.16,0.0,0.48,0.04,0.26636012706037243,0.49076533348807855,0.3194671554957018,0.29302120207659044,"[[0.0009004299361794136, 0.004597640203003455, 0.07241135182582158, 0.07914884034993461, 0.025640974887347914], [0.002201098486728277, 0.00475555567663329, 0.035511385077151784, 0.13738330673733304, 0.01064744739590463], [0.0072982441855477505, 0.02164142219837148, 0.06284061289797542, 0.07438682457745414, 0.034245725431043615], [0.0026084076252021696, 0.00746030186083578, 0.21449341847058195, 0.0366878736724204, 0.005110125431332166], [0.0015118732654037545, 0.0065631671715553905, 0.10550856521654783, 0.034726915802226054, 0.011718491617464091]]","[[0.012163861249319171, 0.05434543417883192, 0.04392454776472744, 0.07358750874515982, 0.01612944853539423], [0.02703736607261338, 0.003357587593847783, 0.012811457055767436, 0.0484770296224358, 0.07918973626923898], [0.0121919329791927, 0.01115313243942585, 0.016230966546706357, 0.04062077767716479, 0.026910569603474], [0.036191294803597736, 0.09513855533416288, 0.03945118297034221, 0.018191139615182636, 0.013429315447713102], [0.05604987850641335, 0.058264391461402464, 0.018089916197160317, 0.11214474641664737, 0.0749182229140783]]"
random_5x10_d0,6,0,5,10,5000,5000,0.03,50.0,50.0,0.25189766547940806,0.24212447496480763,1,0.029999999999999805,0.03000000000000025,-4.440892098500626e-16,0.35335277403018417,0.06036908208220349,0.06030309234467461,0.012567894081075615,0.024814958341172914,0.006147586548526127,0.010081600102157898,30.737932742630637,50.40800051078949,0.0,0.0,0.0,0.0,False,well_sampled,Well sampled,variant_1,50,100.0,100.0,1.0,0.0,0.0,0.0,0.0,0.24158022644621613,0.12898227273475152,0.21441859358744692,0.11548599983365883,"[[0.02224250944227641, 0.022215630655184705, 0.03587198442558331, 0.025920886975486102, 0.022056926161996285, 0.029145493115325258, 0.021964488055235775, 0.019855987684161806, 0.019386492029699685, 0.02291982790126679], [0.019314788872543814, 0.021556139693412343, 0.015035662251507872, 0.01687602012560822, 0.014005670949713745, 0.013599122417569835, 0.02600930949260806, 0.006147586548526127, 0.008520150397867377, 0.015356175725620829], [0.01641334796771029, 0.014940077651510114, 0.016418448335674005, 0.012925169791150697, 0.021336505272804254, 0.03670300190004973, 0.01933105788529331, 0.014922652234008873, 0.015315609575205466, 0.017151055450047716], [0.024004479951218665, 0.027719922540866578, 0.020068750588029555, 0.008950589568845679, 0.021472636079489217, 0.023146181549694035, 0.023805689891274972, 0.010855525945140082, 0.03743642260966796, 0.020502158168361345], [0.01727762566337787, 0.016241598449888046, 0.02773972850524748, 0.013375058163795372, 0.02242620985008182, 0.026388473752112684, 0.026141161395153274, 0.018751014811055018, 0.015540498589584145, 0.014698494942467409]]","[[0.020524094398958158, 0.013528342115716106, 0.014397737271827013, 0.03197267012521435, 0.02146468073221041, 0.01915819726009715, 0.02060878701294521, 0.022618409276489258, 0.014888736527696319, 0.02060769139524105], [0.018890175580535986, 0.019615783132439925, 0.024312401714957597, 0.0197015547916601, 0.02331662688505871, 0.03480052483828716, 0.014954513163134887, 0.023422052477054013, 0.0199222619644913, 0.015482699039827255], [0.02591882747510556, 0.020839447682512297, 0.013459253794910512, 0.022582627438707082, 0.014679539322184076, 0.017825900270857238, 0.03536711814108179, 0.015842327516061416, 0.021468792847617216, 0.01742432362363878], [0.025025075362974464, 0.010081600102157898, 0.02021002276776821, 0.011714054891575674, 0.02811218357183654, 0.020201429221578804, 0.0149581940591208, 0.012481873065592215, 0.01450355404694053, 0.023203112256499462], [0.017784277032489273, 0.016952024470080648, 0.01236912247629187, 0.020411447426120218, 0.020763908676673635, 0.023499948242838478, 0.014287759628311096, 0.02623611506510925, 0.02032577426923924, 0.02728242555028381]]"
random_5x10_d1,6,1,5,10,2500,5000,0.07,20.0,5.0,0.3954595481092464,0.3875433465267989,1,0.06999999999999984,0.06999999999999984,0.0,0.5459801027552497,0.12863123303810295,0.13558181829838156,0.04349826631619047,0.08449379598120617,0.005712329175568955,0.003615763033639788,14.280822938922388,18.07881516819894,0.0,0.0,0.0,0.0,True,moderate,Moderate,variant_1,50,50.0,100.0,2.0,0.0,0.0,0.0,0.0,0.28455233326021134,0.11464087926896538,0.2412579820515981,0.1914328058020701,"[[0.014861338009865457, 0.03719585313370901, 0.022026677361559166, 0.025466814223831086, 0.018908400114300363, 0.03981379612342611, 0.035960347079360126, 0.019941784951946387, 0.03313922019894755, 0.03723810206326607], [0.01207342907849021, 0.03714237722684685, 0.007561843413402741, 0.010515600398452278, 0.024631922278068888, 0.006742279634974691, 0.017933147498518844, 0.013591954367922914, 0.025019571630046717, 0.015437613066704336], [0.023378755660958733, 0.005712329175568955, 0.008480456923477403, 0.01898664813585759, 0.017050325067105937, 0.01366318668524337, 0.007273400002345773, 0.00956694805999471, 0.024102876070608844, 0.023836599087188774], [0.023966872136935005, 0.01994101933772473, 0.0098396991459564, 0.02281916717557042, 0.0322580027412364, 0.010173729534118296, 0.011549092576272338, 0.024528912592712095, 0.01471494932669372, 0.013726035354127508], [0.024087593581221735, 0.010299303095309412, 0.015961407887664338, 0.028023408062696802, 0.021772250359457096, 0.03746493210383175, 0.010774957586911365, 0.0288126056274345, 0.017664262042668556, 0.014368203009467721]]","[[0.010638721293625588, 0.019883396963618724, 0.044641495716187814, 0.030441795229822814, 0.013306951788330766, 0.016843091449664917, 0.014247715420880781, 0.039849919398388285, 0.021493757739376285, 0.02991113705170212], [0.008537052861125754, 0.00867059043436925, 0.008438090281340786, 0.008926330776694644, 0.008476807818623491, 0.040065234601796194, 0.008211850187088322, 0.02470529437693887, 0.034188839631287576, 0.009476571354212053], [0.01095935762885034, 0.011408903592528559, 0.014596479816699183, 0.018999262197419195, 0.017040904435534715, 0.009396950603052925, 0.006517744599775315, 0.027065904757479897, 0.020389668806421856, 0.02099730210128528], [0.022305150139549305, 0.008160318059547738, 0.03551219958010129, 0.009847913812532314, 0.0182363280773072, 0.04030134774179204, 0.003615763033639788, 0.03831868075257871, 0.024076184294386696, 0.017425666301850294], [0.028801960461761034, 0.018136335088151684, 0.018053542006349826, 0.012143463657992244, 0.020260670776556744, 0.01635484858019916, 0.004885580094860952, 0.061493006516684316, 0.027077127065972567, 0.01666679104406385]]"
random_5x10_d2,6,2,5,10,1250,5000,0.15,5.0,1.2,0.6257205935187106,0.706700339629031,1,0.14999999999999947,0.15000000000000036,-8.881784197001252e-16,1.0000732165398651,0.2804969370753287,0.22234904820109697,0.11898608226825802,0.19658480711215096,0.002116018993840649,0.0003097118638597782,2.645023742300811,1.548559319298891,0.0,0.0,0.0,0.06,False,sparse_imbalanced,Sparse and imbalanced,variant_1,50,25.0,100.0,4.0,0.0,0.0,0.06,0.12,0.3179358327529856,0.14703512552119752,0.43384679313933544,0.2780696922507711,"[[0.0054641570658886035, 0.027027753884943568, 0.016118609587316212, 0.018904805125841268, 0.004892535679574303, 0.0034195978078149117, 0.008004060976448532, 0.007093172433889178, 0.02272784895894161, 0.0133293256023546], [0.010284354254289679, 0.008832726213552822, 0.04188621298973103, 0.004016522002050055, 0.011105772953416032, 0.012731239698173823, 0.010923660854499233, 0.017743694820344925, 0.02554443656622995, 0.047720384914896254], [0.03346288902079047, 0.0034506032697523255, 0.009759500094807883, 0.006481548737352924, 0.06549980610514637, 0.012280880289668375, 0.020334801470897022, 0.03669292502290353, 0.01617304725770412, 0.017589249049573298], [0.056429061517127885, 0.02232085430328287, 0.040975596482920956, 0.015086080939510823, 0.03183589825775721, 0.024770581559136196, 0.0060534558125288655, 0.03466652652581007, 0.03591200012143236, 0.04988577723347838], [0.008661921374503011, 0.0043807580217082075, 0.023411659317733778, 0.00802493151388936, 0.01594817667026171, 0.002116018993840649, 0.034577299435926113, 0.0044277580886224015, 0.022509132400841576, 0.018510388720895]]","[[0.004297443035540757, 0.04128564751597528, 0.0023041577212200453, 0.016147317159735358, 0.04622171026231569, 0.002344874748591924, 0.014526133325188293, 0.02978839982707389, 0.010078577071312274, 0.07327421692143357], [0.003939791028978587, 0.008045940909344625, 0.0008696308350236395, 0.0032402630248429412, 0.017851051994874165, 0.001159264626327043, 0.0042452109751102765, 0.0049835748045740065, 0.008217963503723842, 0.04034049817730838], [0.0015246638519378387, 0.01435305072356704, 0.00046140791929713933, 0.011999721871532448, 0.033147875616002014, 0.0003097118638597782, 0.004001161186924437, 0.015109896727512997, 0.002456202700788023, 0.022418221584550656], [0.003504224687375978, 0.0018717934863212425, 0.0022827791485261783, 0.010322706403423294, 0.031143807135555503, 0.00031348538009677546, 0.000646148479475869, 0.021775985851671578, 0.015336835349466012, 0.04001185942428527], [0.05163584863278482, 0.04215978495866373, 0.009378339881796502, 0.023091251929493434, 0.011524073446331409, 0.0005140942205832834, 0.01862291863943847, 0.039767612475912206, 0.13512797281113836, 0.10202489614319322]]"
random_5x10_d3,6,3,5,10,10000,10000,0.03,1.0,0.5,0.24992600062117656,0.3705942135318403,1,0.03000000000001135,0.03000000000000047,1.0880185641326534e-14,1.5135403033096735,0.056756556806914084,0.0559783048853468,0.10203135617985692,0.18351949668126435,0.0013145851359654117,2.358395415680813e-05,13.145851359654117,0.23583954156808132,0.0,0.04,0.0,0.22,False,well_sampled,Well sampled,variant_2,50,200.0,200.0,1.0,0.0,0.04,0.0,0.18,0.31540465739366075,0.16157939508196312,0.5863569705706659,0.3842741951048536,"[[0.02425165702423511, 0.01605225052586675, 0.003188003473031999, 0.018650678673557484, 0.014182871654889039, 0.019267260618627855, 0.010599176005531409, 0.016173041892258194, 0.01842206036364633, 0.02184587401132068], [0.04575226688221092, 0.018599069307990955, 0.006501915098611986, 0.02992999046488565, 0.025745793819310286, 0.0319789159156203, 0.03377761269758103, 0.040348701529182615, 0.04304584968585976, 0.014506356222732221], [0.007549552262672533, 0.007492861971082287, 0.0013145851359654117, 0.013338321553624105, 0.004823872931193283, 0.008884168776207152, 0.00418209669815118, 0.016614174777971762, 0.009247208931762518, 0.006288744181021256], [0.023660785518243868, 0.03365687066097294, 0.005696370714112304, 0.03837161198787965, 0.030388164082004405, 0.02028830912241583, 0.03468296060477615, 0.0662952116145493, 0.029002551795465147, 0.03336182129324118], [0.01315383109561875, 0.012038297292846684, 0.003685872965477056, 0.018820390420331023, 0.011081140789393765, 0.011585792897972777, 0.023583778093069985, 0.02214826526800124, 0.020548282979674384, 0.015394757717351465]]","[[0.006813993673807731, 0.006104691300025436, 0.0008249369862652243, 0.0011279241354508675, 0.06114375498414316, 0.012112787379282704, 0.0009292368629311762, 0.0001041567721025012, 0.001942437447442491, 0.06555686432902043], [0.002285106179323277, 0.0010765817555477583, 0.000714436602991391, 0.00023208256184260685, 0.008311175003086846, 0.009359339926252227, 0.0003666476677488857, 0.0001060765608940128, 0.0008449827289254377, 0.02647779590203861], [0.04065335936016101, 0.012168650011503, 0.005905088484292534, 0.009316629154600964, 0.13177623708111885, 0.14061204398033378, 0.004561653409028467, 0.0008648888289404012, 0.014663618035593575, 0.2258348022250934], [0.0014448653361634875, 0.0012348610989258268, 9.78495221295147e-05, 0.0002707135009297864, 0.0033306307357844965, 0.004163518868684591, 0.00013326080556478456, 2.358395415680813e-05, 0.0010249184324874526, 0.0032638396619867473], [0.00869672111532058, 0.008036256525734368, 0.001366936332140559, 0.0026101489330419337, 0.07194169704667892, 0.030713578000832346, 0.0018288679761602146, 0.00013170483883026513, 0.0037531749979442565, 0.06314089298671442]]"
random_5x10_d4,6,4,5,10,1000,2000,0.07,10.0,0.8,0.37041369867437096,0.4170152556659236,1,0.07000000000000117,0.07000000000000028,8.881784197001252e-16,0.8355616517958206,0.13708569792010353,0.12845599314357023,0.04354604284668495,0.08673960048607218,0.004892495362220711,1.634851856520617e-05,4.8924953622207115,0.03269703713041234,0.0,0.1,0.0,0.12,False,moderate,Moderate,variant_2,50,20.0,40.0,2.0,0.0,0.1,0.02,0.14,0.3019005418927376,0.15001233971746575,0.37764443903112416,0.24067123535042903,"[[0.03092417619768835, 0.016454449444262272, 0.017355350730085654, 0.03983422347909341, 0.055342392506372184, 0.0551344171607294, 0.012338484861130799, 0.02707347602597293, 0.0320733253903765, 0.015370246097026098], [0.014959404468176212, 0.009675077839775325, 0.015343895883458017, 0.01328145031488226, 0.02023192418800205, 0.028537611929229243, 0.005368296510491675, 0.007978454056315844, 0.007065431667682122, 0.01198754270132942], [0.03055270542253103, 0.0073460792583459646, 0.017605895133057495, 0.009555374531080416, 0.01561105166577454, 0.01258839384928862, 0.014778841312695674, 0.009831449342021289, 0.014398757097876155, 0.011154543436071465], [0.020043847624126483, 0.054614799458468026, 0.02064602172303632, 0.01850641794072734, 0.030910108575259627, 0.039387730905012915, 0.014251370361894628, 0.009653584692598725, 0.019231074616460744, 0.02341567652577558], [0.04351489669700183, 0.014665985697000079, 0.017665817713137483, 0.005411541975663341, 0.027469099671615534, 0.014364185873205568, 0.009681499193379038, 0.004892495362220711, 0.011261839539144744, 0.02065928335344886]]","[[0.009669630180053132, 0.0649460172303516, 0.04919430830439072, 0.003135886876348011, 0.056326433850640775, 0.025634252670080755, 0.013178647916080503, 0.004574837628809764, 7.339061168894402e-05, 0.006145808651727428], [0.006634219412805101, 0.026980681377829538, 0.025653075669694003, 0.011357647726326064, 0.01290777988208715, 0.013625661905089554, 0.008005698867621387, 0.0037555429359040927, 2.2498167448495262e-05, 0.0024851680382279996], [0.04268654792449325, 0.059718787636110215, 0.08034160610083767, 0.024199560706838322, 0.04129591696638539, 0.04657223484461173, 0.06756370871312382, 0.008879633845037796, 7.046372275549768e-05, 0.006315978570930493], [0.01811245220807506, 0.03363013779192315, 0.016351600771228623, 0.015126218922741304, 0.03319032643313663, 0.019340882262584836, 0.009645239917245625, 0.001408135556051945, 1.634851856520617e-05, 0.0034981575723352066], [0.004457876734449532, 0.055395611314214534, 0.014500991835752727, 0.007763000704931488, 0.014677516574975312, 0.02003677240609701, 0.004190140168240077, 0.002573864149642615, 1.646206335013817e-05, 0.004116637160129687]]"
random_5x10_d5,6,5,5,10,500,2000,0.15,2.0,20.0,0.5722665347630659,0.6242663902606705,1,0.1500000000001105,0.15000000000000036,1.1013412404281553e-13,0.8464047569033161,0.2630426033678478,0.26440113652671815,0.09807501733196045,0.1829502622306247,0.0008060115180078331,0.0022485145969208067,0.40300575900391655,4.497029193841613,0.02,0.0,0.32,0.0,False,sparse_imbalanced,Sparse and imbalanced,variant_2,50,10.0,40.0,4.0,0.06,0.0,0.42,0.04,0.37881645399993413,0.17279835406472507,0.27094573842600306,0.15225621440353385,"[[0.05873167560560694, 0.004970208201792896, 0.01900377649112858, 0.0025548768290017954, 0.013188020597049196, 0.01783401904472014, 0.08646617503098851, 0.009748306646148107, 0.016935863825337405, 0.019820326624749265], [0.01888070876507913, 0.024001937652804808, 0.013813735761596153, 0.008838439422840138, 0.014678191796563796, 0.021843081575892747, 0.0500698950671063, 0.005236718437202684, 0.0031313186286720815, 0.019002566900269743], [0.008711787292668778, 0.0015435414241752527, 0.029048780569798992, 0.0008060115180078331, 0.0033716503978177864, 0.002609977247592209, 0.0029208251812172046, 0.006265747581769827, 0.0016614398668060569, 0.005022279058177723], [0.020434237436433113, 0.005705413911765172, 0.009577888166340578, 0.008899764186833177, 0.0080648167357933, 0.007514489896111997, 0.018210502203359416, 0.020893693660138383, 0.006766312884712014, 0.024404543875996658], [0.05189020949961761, 0.02035241290231384, 0.09165518006774717, 0.010519720076018167, 0.03313496428012756, 0.07524403770860964, 0.015130956582053639, 0.03346774793548197, 0.01317968035975393, 0.034241544588210625]]","[[0.006277820562225804, 0.016518834061526388, 0.012034993619153198, 0.023685525214061955, 0.01832745932250795, 0.023321067561005916, 0.026915905961490235, 0.017060411227756634, 0.02672791622564103, 0.008506443802160603], [0.021287946645308014, 0.005948944474785669, 0.019492452074379055, 0.0022485145969208067, 0.042255013026829935, 0.01501825459636264, 0.025626643884648918, 0.008956264813077954, 0.02277703114205405, 0.020092442022414923], [0.04278578199360677, 0.019635331494338226, 0.009498244073898418, 0.016982045374881426, 0.013949906279745086, 0.021933613983293576, 0.036419033761393764, 0.04013644339013982, 0.008182050940078277, 0.007132264817082925], [0.009203249051932242, 0.002312304109323196, 0.03099845666683121, 0.008149501304445535, 0.00784896249763035, 0.04054051523820567, 0.03407417247520888, 0.006076943479268427, 0.0035299910880338377, 0.006585564720347565], [0.019025326779583938, 0.017614928584098404, 0.036126741052403155, 0.0141089757360971, 0.00998992532657394, 0.051442763024666056, 0.023171497525922923, 0.005553078084874888, 0.05275570879249414, 0.041156793519288505]]"
random_8x8_d0,7,0,8,8,6400,6400,0.03,50.0,50.0,0.2495149160985464,0.24846243302366652,1,0.030000000000000693,0.03000000000000025,4.440892098500626e-16,0.3420939621313788,0.05843819645059862,0.058854741892806775,0.01805683675192471,0.0352990088558965,0.007619042620188151,0.007119167631866519,48.76187276920417,45.56267284394572,0.0,0.0,0.0,0.0,False,well_sampled,Well sampled,variant_1,64,100.0,100.0,1.0,0.0,0.0,0.0,0.0,0.1400161019674292,0.1450117854246513,0.14419447305490007,0.15772811001983214,"[[0.01976601961686163, 0.01792843898797647, 0.024872700907910616, 0.01216834435114427, 0.01475566959215947, 0.022068343425334844, 0.01800891604677399, 0.01044766903926793], [0.011260693592521392, 0.014512699284529426, 0.013268401448271712, 0.008072614389705843, 0.019215477496338878, 0.011281464246152836, 0.02307888872303304, 0.013480522834420671], [0.020356299368970113, 0.01754717875852507, 0.023712257306906567, 0.013920586735303801, 0.012380695867516457, 0.015310275260539722, 0.017040558996863128, 0.016947434001023436], [0.021826150973257442, 0.015180380934534957, 0.03014342681696445, 0.012491204790873404, 0.008985136013954759, 0.01551752549834234, 0.014046423657021832, 0.010718557399829841], [0.013207176246978597, 0.017613047380504322, 0.013915224848040182, 0.011281517408197904, 0.019043738321244605, 0.013483102939124027, 0.01959339137041075, 0.020054994681820596], [0.02074179212701132, 0.016144339610917394, 0.008201997846637462, 0.015282107999329385, 0.016716399355981827, 0.011212523495511476, 0.010905721924737207, 0.013626053315744822], [0.014986954570508259, 0.02036800886352135, 0.015090376381860896, 0.010704439652684673, 0.02396642467445921, 0.010043037962385195, 0.019096582323945968, 0.012471583876236557], [0.007619042620188151, 0.020298435770295383, 0.015807399868059405, 0.010333931609548845, 0.013306743298970834, 0.018087384278172598, 0.01413050280730847, 0.012355066206832068]]","[[0.018526394398035405, 0.017118162380164205, 0.01833555094239677, 0.014420896457287726, 0.013928529976712125, 0.025804802455623114, 0.01156504137728433, 0.014392240337724417], [0.011374312793571983, 0.012870640028696187, 0.01841956711755142, 0.02105851728433096, 0.013022503455134695, 0.024191302250611106, 0.019361593848935345, 0.022338772653092767], [0.007920244205671317, 0.014320632199739588, 0.011625549667601116, 0.019286270260822077, 0.00999022339106668, 0.017314134918241086, 0.012481468764443858, 0.018823414331239473], [0.01107396157281723, 0.02502424706487828, 0.013499084504412697, 0.017764047637124015, 0.007119167631866519, 0.012149797668215697, 0.013659654246775288, 0.02051858243834733], [0.010837038284461644, 0.01850263994386032, 0.01658848035160487, 0.008490383083993424, 0.007623046402456855, 0.010190199627859437, 0.011245122956123845, 0.022874394193922537], [0.0172537192585174, 0.0170250159111594, 0.02021956597681425, 0.011537501821381742, 0.01913039341727137, 0.01342940031232798, 0.010570609706490472, 0.022505382871500897], [0.01063892139486797, 0.013255652085685328, 0.011778885654734237, 0.018502820679087657, 0.01615226687703457, 0.016135355478679583, 0.011686687795962537, 0.010332734598886882], [0.011489490784863526, 0.017266961227572163, 0.029450819952636813, 0.01345231923626646, 0.01933793956288206, 0.015430562753928012, 0.011823790941633175, 0.025942588595117843]]"
random_8x8_d1,7,1,8,8,3200,6400,0.07,20.0,5.0,0.399795553453346,0.3787402205129762,1,0.07000000000000028,0.06999999999999984,4.440892098500626e-16,0.6311939074713319,0.13527519699702029,0.14175003423648713,0.033428812766490346,0.06536342254013078,0.002848638316593847,0.0032795374187029767,9.115642613100311,20.989039479699052,0.0,0.0,0.0,0.0,False,moderate,Moderate,variant_1,64,50.0,100.0,2.0,0.0,0.0,0.0,0.0,0.16408115214090763,0.16045956189346186,0.21550045529062517,0.1860622069794156,"[[0.015097132287008905, 0.01171901420131719, 0.02235733089213147, 0.029406122812111694, 0.017997897410084795, 0.012811272484307815, 0.008232062101388533, 0.023987536509384674], [0.003645594609625232, 0.028325332077423212, 0.02233998873623536, 0.009831357121059816, 0.017046319866842644, 0.013320634536356577, 0.01194551817598213, 0.0073762725056087915], [0.018333050865755693, 0.011120944656752415, 0.03548009249510293, 0.009393792772880495, 0.00763067869156674, 0.01783698736938615, 0.011658846962782956, 0.019992849624310395], [0.019723411505633035, 0.01946856355324932, 0.013924770359290269, 0.01129312852870023, 0.024462846940682556, 0.014339544130873549, 0.00908131523871291, 0.023627021262495933], [0.010067106335872048, 0.015137975658627656, 0.015005444571381102, 0.022006256665200282, 0.014822563753117713, 0.0188419328266245, 0.01596025704634745, 0.018709020583100058], [0.002848638316593847, 0.00981522248688586, 0.01543582813787255, 0.03529598133723314, 0.00805889035809709, 0.013437750526858371, 0.009819377012403223, 0.015903859936910302], [0.00497779036932065, 0.0036254125741349173, 0.01088289166495909, 0.015713286708364884, 0.005678589112011107, 0.017442168475562726, 0.005970790672744971, 0.0076545814438244465], [0.014460320512733011, 0.02182725860051174, 0.025033215036489084, 0.014261448845621218, 0.014143567794901443, 0.01820731044234291, 0.023672765044768274, 0.032475265863539944]]","[[0.013352929235362906, 0.00715321928185792, 0.004920905791825165, 0.010655959105691486, 0.018296984692487524, 0.009370315532433107, 0.006970774905653159, 0.010214887296065069], [0.01711429141204032, 0.007083756529583312, 0.008139954568886163, 0.016274203592001962, 0.029188365187990943, 0.013607339005193656, 0.007405401789316392, 0.025811350741349444], [0.014576079214857773, 0.014050698160496937, 0.00559779841571956, 0.02910750486950518, 0.021356113119254245, 0.02686284954629872, 0.005893505548470219, 0.04741293173453893], [0.021441014244981883, 0.015311438308842493, 0.012438149111445305, 0.01572730341422433, 0.03336128334495035, 0.04652465890318432, 0.033359259497461644, 0.03733734846553483], [0.021439407178776917, 0.010079687699342798, 0.01711665776934555, 0.0070600219941216345, 0.015129973682350424, 0.01001080333738062, 0.015310130710677857, 0.011654121847100048], [0.013097258604891677, 0.012203993733948773, 0.004520848078592008, 0.013478070234723548, 0.03166785660642719, 0.016059927407312463, 0.007794504514891059, 0.02749347261233642], [0.0070937283448529315, 0.010907569790438873, 0.0032795374187029767, 0.014874445866650156, 0.012369592836576983, 0.018977717943114827, 0.006773091534280346, 0.014472565800906313], [0.014352933418001354, 0.009172586078914292, 0.0035025683820652555, 0.03125149450911963, 0.007263586843384331, 0.010377052259271042, 0.003630689912411872, 0.011665528481584553]]"
random_8x8_d2,7,2,8,8,1600,6400,0.15,5.0,1.2,0.6607280131079267,0.7147701880415336,1,0.14999999999999925,0.15000000000000036,-1.1102230246251565e-15,1.1525412961142194,0.256320524313184,0.2779532660563858,0.12677800980032305,0.24265970359899097,0.00022306327260906785,0.00019132009975490955,0.3569012361745086,1.224448638431421,0.0,0.0,0.15625,0.046875,False,sparse_imbalanced,Sparse and imbalanced,variant_1,64,25.0,100.0,4.0,0.046875,0.0,0.234375,0.09375,0.24547888313631827,0.22577705186556637,0.2744505074995482,0.29962957310094457,"[[0.04743966303167507, 0.012804974744200621, 0.00975682952300068, 0.008689350807618396, 0.01084232187152816, 0.007259952170943846, 0.0038526685724957484, 0.009953599678109704], [0.01927276821623894, 0.0030478572047159926, 0.004332011745235567, 0.009497860623000252, 0.0054376437644763536, 0.004150659347159716, 0.0038334185884298156, 0.04598269443576649], [0.0134015864852924, 0.06074147224357113, 0.035121968900240184, 0.008049257195660119, 0.004541606642382612, 0.009110059816937969, 0.0015118350459092703, 0.017493744121957092], [0.026965370513792303, 0.02528097285368475, 0.04048462381305819, 0.024217971692703934, 0.011847494279465237, 0.0027328823740484704, 0.001905482603100225, 0.00808350616893413], [0.009965412863363105, 0.0030358453543039344, 0.008313233033948847, 0.011408935542228747, 0.007299481326018159, 0.0013984974485214303, 0.00040859776541313713, 0.013289610453522727], [0.013851893687970157, 0.028607690903549216, 0.04402262812562315, 0.020076596221943136, 0.009194951677144484, 0.004163359608257638, 0.0007265073001994777, 0.03609287162430043], [0.046453301402420794, 0.04807351367727603, 0.05163103816829381, 0.014685212824858018, 0.005461941446797369, 0.006294504364380382, 0.0029204401300736435, 0.06995893112221821], [0.0009730819441289307, 0.011862368842765598, 0.002409749417014616, 0.0016993754317468407, 0.002360723495969228, 0.0005704381870487794, 0.00022306327260906785, 0.024922094260757584]]","[[0.03586664191294802, 0.008457189992846238, 0.04471873427151182, 0.0010963993028236976, 0.011669854738353934, 0.0012161108505980309, 0.02225335022678449, 0.016831777540685267], [0.029676004943483398, 0.007035375668142783, 0.03392047551512646, 0.0010264635311295883, 0.021840432071784537, 0.002503432494009401, 0.020324709574329258, 0.04382081945350448], [0.021698405350846016, 0.014785500697902493, 0.01678691605916431, 0.000723209398337065, 0.001765201514614549, 0.001427138698523632, 0.017325215325101985, 0.007542674161100625], [0.010374734498006936, 0.004414252265620092, 0.01064658837268696, 0.00019648590602427529, 0.00043070320003131074, 0.00019132009975490955, 0.005583532234898773, 0.0026394809154528225], [0.13022922638523748, 0.015663061598721113, 0.034763065872758625, 0.0020662930751622443, 0.004781371288333103, 0.00448369463974139, 0.06244068725825805, 0.020023107381336204], [0.02678577870899928, 0.009194868939808606, 0.01346596162555827, 0.0020841218817790955, 0.03594682756851792, 0.01333963128988984, 0.005084567699383616, 0.011236215321850884], [0.005670850805753229, 0.008925805258214741, 0.006484722545140541, 0.000936736178287251, 0.005658171938369203, 0.0030816846962314626, 0.025872665056389733, 0.0016199456449141154], [0.03932793049567016, 0.004281108924495622, 0.02386740704391443, 0.00035882122496174606, 0.0004747933353291447, 0.0028156074046912197, 0.04114599714303284, 0.019100140983140557]]"
random_8x8_d3,7,3,8,8,12800,12800,0.03,1.0,0.5,0.45560310774811846,0.5339543254020293,1,0.029999999999995586,0.029999999999999805,-4.218847493575595e-15,1.6582831842465082,0.05965708753437889,0.057077439200470564,0.19142630388322646,0.284043362473082,1.3834647158761353e-06,2.532243957619375e-07,0.01770834836321453,0.0032412722657528003,0.125,0.203125,0.21875,0.34375,False,well_sampled,Well sampled,variant_2,64,200.0,200.0,1.0,0.140625,0.234375,0.21875,0.375,0.5901210453156106,0.38376194770773236,0.33905231246774836,0.6315861154168215,"[[0.011346383172618085, 0.013349737914824782, 0.009299363978382996, 0.10849081123660899, 0.2368568346466415, 0.10917828308435679, 0.05235673348248434, 0.04924289779969322], [0.0007771558138707726, 0.0009186524160472944, 0.0017308570541615573, 0.009280807065659076, 0.01775082021435313, 0.024511932463321853, 0.005294405506005316, 0.0035641383314912825], [1.3834647158761353e-06, 2.722689408625726e-06, 7.772066379715633e-06, 8.730455118811301e-06, 3.21248900133737e-05, 7.466807973300759e-05, 1.0923491015168412e-05, 1.4620735872294148e-05], [0.0004959330686211169, 0.0003958387359690444, 0.000499123907356586, 0.0032355879627596093, 0.001271848916765203, 0.0028968969113727905, 0.0007352427234638709, 0.00038913752089410515], [0.0010080062814273314, 0.00486208498700555, 0.0034575771876708696, 0.014468766767385814, 0.026026424333158202, 0.01703440253493548, 0.0168502399850999, 0.0074217897556757935], [0.00043346615471890644, 0.0014225190132443255, 0.0003674678478053633, 0.0018923818780174845, 0.012516398165736416, 0.0034224034431575372, 0.0025456034812885407, 0.0005961288628080977], [6.376005293148844e-05, 0.0001535176438542677, 0.00027963906022456653, 0.0011916313750045828, 0.002887538739514923, 0.0009451768477055476, 0.000244614437287236, 0.00042305663351755986], [0.0045575562555209585, 0.008092258269946648, 0.010568402841756586, 0.0168732389446938, 0.08641995780154964, 0.03956703143328541, 0.02148907520977351, 0.02789551397431758]]","[[0.007973783879164347, 0.09828079655724245, 0.0009678332983868378, 0.027842603416137025, 0.00045730773291384827, 0.0069784571439619955, 0.0031665850424932563, 0.032905797158749764], [0.04171702243411668, 0.206452711534214, 0.0010317236236387086, 0.02845989929379916, 0.00044050575208802895, 0.01610502371979907, 0.002314695688320532, 0.042530730421772175], [0.00023117479043941624, 0.006969424934703884, 9.644727415318643e-06, 0.0009115423415752538, 5.295818080473131e-06, 0.0004269754553897202, 4.215908371310441e-05, 0.00029961547669146385], [0.006076047182254557, 0.1227297818296683, 0.00014955595237473374, 0.011460752994719044, 0.00035101350002840096, 0.012532967143236875, 0.0022006717277683425, 0.03471375188106765], [0.0017789070079446533, 0.028365817286404298, 4.3545804167590385e-05, 0.002147108472560034, 9.685851345773366e-05, 0.002971196437192862, 0.0005913104191012354, 0.006995518211186993], [0.007916206303460115, 0.16489795015162106, 0.0006056301970526058, 0.027473647374074588, 0.0002629550551972651, 0.0028791618605271256, 0.0038312031254272637, 0.027295119156933348], [2.9392734731609737e-06, 0.0003725673079358843, 2.532243957619375e-07, 2.3538508430828357e-05, 1.2327986613955767e-06, 4.886208907876055e-06, 5.4094983336540435e-06, 1.6962583040489845e-05], [0.00012250308556251193, 0.0035170658150315945, 3.1272352959179904e-05, 0.00037288262352143386, 4.672422048158893e-06, 5.0424907332700045e-05, 1.8342572860357802e-05, 0.0005670599052719305]]"
random_8x8_d4,7,4,8,8,1280,2560,0.07,10.0,0.8,0.34928582215293874,0.41871120228380576,1,0.06999999999999806,0.0700000000000005,-2.4424906541753444e-15,0.913373469143442,0.14323559199296385,0.13251662373810771,0.061661376957325764,0.12523634191093336,0.006612193094873638,3.4233655737002704e-05,8.463607161438256,0.08763815868672692,0.0,0.09375,0.0,0.28125,True,moderate,Moderate,variant_2,64,20.0,40.0,2.0,0.0,0.125,0.0,0.3125,0.16254271640847406,0.17362812270499595,0.27822245714791904,0.31018720130467115,"[[0.011986124115790303, 0.007854851984339202, 0.020279814740096595, 0.015067376415874195, 0.02525218845999593, 0.008165535747503621, 0.017737748483741527, 0.022372103474576115], [0.013172937717307008, 0.011535552901863167, 0.019940057473259137, 0.011815692250373325, 0.021598232571940264, 0.013108054851098172, 0.015548385488688426, 0.020056433843644347], [0.028577359478288867, 0.01839837252992996, 0.028655472913302536, 0.017076526878635253, 0.01280748288986892, 0.013659067316240345, 0.01965477326192262, 0.023713661140285558], [0.015544848652259708, 0.012713425840752676, 0.011905044319704109, 0.013590927832889323, 0.013055945779281295, 0.02494904584412106, 0.010238818881777792, 0.026400694669518047], [0.010761194552946312, 0.015181863149291463, 0.05455426608429751, 0.010273078558261947, 0.012739817833429017, 0.01134790298677058, 0.008009965554899212, 0.015465749311288494], [0.009416437001705878, 0.01039855273462444, 0.008382704402366856, 0.013183595554038927, 0.009432113041261748, 0.013301054860231015, 0.007636875338761159, 0.011846845179809305], [0.016462865742160982, 0.013590511796107525, 0.020039010532377777, 0.03264875301130363, 0.012199627162549164, 0.00968692464837519, 0.012209304784497879, 0.006612193094873638], [0.01609158191611698, 0.009191522386129422, 0.00987175223959141, 0.011951569852747264, 0.00980749985916447, 0.021907994784253832, 0.02114253835147162, 0.00822177494542586]]","[[0.01192993579361057, 0.048252362918611076, 0.035009622696619835, 0.012768865264367319, 0.01040369172819456, 0.00042718546028927226, 0.001058778609033941, 0.05377145321656656], [0.0004945329221858234, 0.0020712549142638094, 0.0016045072183395984, 0.0004027791788860528, 0.00010081535995266593, 3.4233655737002704e-05, 5.1904857904372355e-05, 0.0003946171148457815], [0.04698571801323848, 0.06071426246344711, 0.022150788165687777, 0.012370386688272113, 0.0053129918677762965, 0.0005137689125205767, 0.002003938818440973, 0.01745489535051486], [0.005792910998107397, 0.017328346401519434, 0.013156964580931399, 0.00436265050575855, 0.0003310378132877005, 0.0001103432784937883, 0.00025503359988276076, 0.00418767276710247], [0.017814600428265263, 0.06087819087305891, 0.06740049244353477, 0.04240604900741167, 0.02333493361963301, 0.0017727107256499625, 0.006232620654052653, 0.0583828593963128], [0.02867986934625951, 0.06259222998195292, 0.029226837017075742, 0.030025802442502456, 0.010946611667939235, 0.00043441945390938893, 0.0034185006563384143, 0.011157750481108186], [0.008424188459760779, 0.03306159090427605, 0.020208490098368084, 0.011656927597425789, 0.003031973517063993, 0.0001771607402011461, 0.0007969222458208525, 0.007867970169981031], [0.010261747460886912, 0.025288962847541827, 0.014547848676953757, 0.0069995223396588716, 0.0019052646500305802, 0.0002800394219883467, 0.0011790370506888023, 0.007799624489958454]]"
random_8x8_d5,7,5,8,8,640,2560,0.15,2.0,20.0,0.608353602767518,0.6411614721640025,1,0.1499999999999997,0.14999999999999947,2.220446049250313e-16,0.9227315140838002,0.27745267076232705,0.2582627394532503,0.11510640175174913,0.20570395104156006,0.0001090826118442215,0.002537252382439317,0.06981287158030176,6.495366099044651,0.109375,0.0,0.390625,0.0,False,sparse_imbalanced,Sparse and imbalanced,variant_2,64,10.0,40.0,4.0,0.109375,0.0,0.484375,0.0,0.3151197602911374,0.22740501476352842,0.18233099337239544,0.14143655309442502,"[[0.0018802633568853497, 0.003132605181158187, 0.0010470691817366046, 0.0034021781965925773, 0.006205287133315067, 0.0060024562339483665, 0.0045581711453679076, 0.031007196873592904], [0.00069628484199811, 0.009464438449700623, 0.0026152868311053643, 0.002137014268384937, 0.002516217233098738, 0.005578239329790892, 0.0030974449406702183, 0.009294664688700051], [0.0001090826118442215, 0.0024204285839771584, 0.00027045406899302245, 0.0019459420993285686, 0.00041663850350878376, 0.000664883884406659, 0.0007610689004501425, 0.002127926306605579], [0.018443846521555857, 0.012756172634654396, 0.00820517023627465, 0.011855148192202564, 0.008787499028288884, 0.015233531012770671, 0.00304040232636408, 0.029118491874532644], [0.012837537629908817, 0.01517270667793621, 0.006233992804034358, 0.022434736748199267, 0.04057499330931316, 0.03926919683687849, 0.007801497504405597, 0.015817713300390907], [0.005011344168359405, 0.03669343638176103, 0.0025238031737739135, 0.0035496622246653023, 0.004175228739841783, 0.004165528853101195, 0.0030785135909774095, 0.028648939698734145], [0.02126962022173248, 0.1136117670650314, 0.03162177559435916, 0.03690527691153246, 0.033026776013966926, 0.02959843090604008, 0.022025786434583222, 0.0270603271438917], [0.022917200804805832, 0.03415345978930941, 0.002639261868069919, 0.03920164508392987, 0.07225220248750361, 0.020453109480795335, 0.016137335432231625, 0.02034568844813223]]","[[0.01073270681280578, 0.0037773070742127997, 0.02428066913260529, 0.01462947529131098, 0.015517631890433157, 0.00322878003005926, 0.016355840590855198, 0.002537252382439317], [0.036139678576827074, 0.028760652676535874, 0.01305154415142924, 0.009242360459596092, 0.008233418397577016, 0.0163435027909766, 0.022067665720239205, 0.009477789233106628], [0.029297908918681052, 0.005091066387318076, 0.021524106357982707, 0.02295714234720266, 0.011569331269917023, 0.00609029298422055, 0.005277708972797133, 0.03633900622296174], [0.012068865228244892, 0.006575249556014956, 0.009518991559602537, 0.029574714648482995, 0.012156487049960099, 0.02718352082250686, 0.019731431068496032, 0.01838653704003158], [0.004716879948711164, 0.004231873975619906, 0.010983394926446663, 0.013987053872809489, 0.013162701031845955, 0.016877874973058236, 0.026038813921988674, 0.0029432328819319685], [0.00602671902930844, 0.025959992013775055, 0.014276576583609516, 0.012785761710969127, 0.018263051970877818, 0.0033460689514416358, 0.0138819698709143, 0.015691505520278887], [0.002595220047548011, 0.0068689860727590216, 0.017263098560541264, 0.00981195100818421, 0.026988578556963853, 0.011392870034882577, 0.005017278834368004, 0.02683891668334029], [0.02375854562125398, 0.0028936105375760267, 0.015077002125762778, 0.02844809375586947, 0.030615335117475537, 0.033646242680045686, 0.027690017517562678, 0.020202146016849283]]"
random_8x12_d0,8,0,8,12,9600,9600,0.03,50.0,50.0,0.24150855318912232,0.25044620800010803,1,0.029999999999999805,0.02999999999999936,4.440892098500626e-16,0.36566453355761963,0.06039213114159813,0.05963125674507967,0.01625461977405651,0.032679596720487536,0.004858330138023792,0.004397300439085758,46.6399693250284,42.214084215223274,0.0,0.0,0.0,0.0,True,well_sampled,Well sampled,variant_1,96,100.0,100.0,1.0,0.0,0.0,0.0,0.0,0.1514764831922461,0.10763773653231966,0.14342586992050954,0.09651296890814681,"[[0.012042848305760486, 0.018328414750276873, 0.009141401046135691, 0.009307882619657244, 0.010648220190064218, 0.01262611229093507, 0.008060447066218652, 0.010771645296604845, 0.00781378181328651, 0.011179672799175382, 0.009916769772335897, 0.013032604633569924], [0.015961605237697435, 0.009479717953877658, 0.0160596471315271, 0.00980428598609233, 0.008377730911486487, 0.010359145392487775, 0.010293193678283316, 0.01119157123142249, 0.01658319254708006, 0.02098339533099174, 0.008241717985449709, 0.011666669667639943], [0.008738944164111629, 0.008727905440549103, 0.011588190289954088, 0.008833788980146494, 0.006593281036690959, 0.006859978640716375, 0.009850111719443297, 0.008079350832909997, 0.009306833778837025, 0.005249085293342756, 0.0072447515393442834, 0.009552942504932006], [0.021319106058514465, 0.008588725311067007, 0.009887973170669766, 0.01454244725123954, 0.006139831015151182, 0.015968084372646945, 0.00913099223396403, 0.016164266227349688, 0.01446541741736729, 0.009749230528474635, 0.014351064165376987, 0.011169345440424576], [0.016672417490672047, 0.009092569026957594, 0.013340400489757494, 0.009172119518294853, 0.0073656596402773035, 0.004858330138023792, 0.006418586569824341, 0.01587325062123845, 0.011503756055181768, 0.008510257408970415, 0.008923201721272787, 0.01057410179091792], [0.009625754905404798, 0.007737335304910633, 0.007036774540574619, 0.01228001078263448, 0.007594665808702253, 0.010943167281670158, 0.012027319739909823, 0.01269524385324457, 0.00977394474873126, 0.0063248110662219225, 0.008245899735055946, 0.00892677976771706], [0.006918458782081362, 0.008291468764130333, 0.0063270101225070974, 0.008186372935340433, 0.005618673929977888, 0.006939752337351824, 0.01223417592591318, 0.011837543121509884, 0.007061597939761596, 0.009166053862059566, 0.007764856234842027, 0.0050535927013302916], [0.012311964113378772, 0.009552791643751357, 0.007445427412659012, 0.01562633871718884, 0.01085355178253925, 0.009284715356505518, 0.006218803280005127, 0.021024865348039726, 0.011503688686946713, 0.010073412859494013, 0.00979998405614753, 0.01141522102909149]]","[[0.004927015718147921, 0.010237072417169448, 0.004397300439085758, 0.007532758455398095, 0.004729609777221545, 0.005971110441133801, 0.005217183446193209, 0.005467613516613607, 0.009887851590149464, 0.005963628211680706, 0.013315687188841447, 0.010084056509173267], [0.01187265653550567, 0.015948199632802126, 0.013578013855591285, 0.011511481542752557, 0.013693361323168163, 0.013492258692741654, 0.012791249600403683, 0.008100608429277737, 0.008741524729644656, 0.008885694809056122, 0.0075604834044975325, 0.013901701336083906], [0.01629833328439232, 0.013422958642851162, 0.009673163933111729, 0.008995995680416882, 0.008754840635581728, 0.015484595763578659, 0.010903259074365046, 0.009957256991655507, 0.00916073173931251, 0.012932942574258687, 0.012323631738234144, 0.015518159862751155], [0.009776787250794844, 0.011608790034739079, 0.007798323116458924, 0.0168136025151544, 0.008447041234189575, 0.00913317308665521, 0.013278708405740762, 0.004770709626478567, 0.011646013795534909, 0.007185088035647778, 0.014965814027929025, 0.011082750607899051], [0.01006822100552304, 0.008933678526415374, 0.010025146910059585, 0.007268312845932445, 0.010304552860844621, 0.016490308816636372, 0.005747482973121894, 0.014044524831719652, 0.014768441976396146, 0.007684103789732452, 0.009067466655597309, 0.012639072289048817], [0.012081447112298185, 0.013915544892292546, 0.010015413656906315, 0.007952177600695142, 0.013847880482025227, 0.011432495924263444, 0.00984710531961896, 0.006582395911323775, 0.012465731850618863, 0.010388432862359635, 0.008728446855255695, 0.006725799070284164], [0.012610785920305182, 0.01149631775910231, 0.00786417690022202, 0.01693261578203524, 0.013541134993301845, 0.01106245579260275, 0.009028718560507352, 0.008106722559338078, 0.012642791223685909, 0.008677112528249742, 0.009494230527487513, 0.010482272051705082], [0.011059792674955497, 0.010950407002774769, 0.004697582965752605, 0.009145872067295157, 0.007759641018925328, 0.009087955873068316, 0.0073747050139262, 0.014136665957211275, 0.015926424515256075, 0.006812604179730091, 0.008728857735908162, 0.013615178117618872]]"
random_8x12_d1,8,1,8,12,4800,9600,0.07,20.0,5.0,0.38350979217529535,0.3729645428792671,1,0.07000000000000028,0.0699999999999994,8.881784197001252e-16,0.6574698308711945,0.1333550313758551,0.13877641570404836,0.03851995519031792,0.07637217213099741,0.0030662384821093696,0.0004168667295285306,14.717944714124974,4.001920603473893,0.0,0.0,0.0,0.0,False,moderate,Moderate,variant_1,96,50.0,100.0,2.0,0.0,0.0,0.0,0.010416666666666666,0.15624582130009407,0.10441089113683993,0.19890977504419455,0.20270723992717282,"[[0.004688423770136039, 0.022809286516927124, 0.0044416169214792104, 0.017377353622517484, 0.007684185240083784, 0.010787618342533382, 0.00535307597348916, 0.007365674093365831, 0.011665513352214106, 0.004410779777145377, 0.00650336628208068, 0.009497486807008146], [0.00892808130146635, 0.013610812509942043, 0.01270764523791901, 0.004914914342487032, 0.00918005875866788, 0.012946666774052927, 0.010374696299120044, 0.014323787133659283, 0.011036503300323032, 0.009497130606287993, 0.010078009597845876, 0.012574477591794296], [0.010782341609495791, 0.011720533837600362, 0.01209240649133354, 0.014439820787406629, 0.004294552533429533, 0.022577004869396497, 0.01706155093192672, 0.00682971094870932, 0.005357744959807104, 0.009202731750449042, 0.013004394392597594, 0.021246032497724453], [0.006745673624213659, 0.012449400369489194, 0.003792511286415038, 0.007329048045256347, 0.011165255415864139, 0.012039029995140503, 0.013505958381060341, 0.009187772761857027, 0.008065369586011796, 0.01028344387580292, 0.009899410470970666, 0.009834001965256389], [0.005695643681932286, 0.00571271678137198, 0.0112934957353375, 0.006198616065017665, 0.01609979302091886, 0.009337316291487915, 0.008819237446944569, 0.012622638690793544, 0.011380192581104998, 0.005230571269410018, 0.005193543869949835, 0.01253477362518325], [0.012361901136181746, 0.02407038403656157, 0.0075525447977706685, 0.008604700660041514, 0.006424826146925233, 0.015111074578563592, 0.012201697860342729, 0.011211604446696779, 0.008915978426431569, 0.017399237176501367, 0.014274197816366083, 0.010394255207340818], [0.004974015611694415, 0.0035775432692334093, 0.004772495653987871, 0.008985518065548034, 0.01079191631358264, 0.01088732152390951, 0.0073599389164862, 0.0030662384821093696, 0.004768992251810207, 0.003139873259278345, 0.010776425999235941, 0.006350092464093401], [0.010438608764022557, 0.008679233501410026, 0.009307150745476115, 0.0055124386099507875, 0.023479354996319365, 0.010724858761755614, 0.02639577412473434, 0.01927747450907436, 0.007376566504091695, 0.007452918538968331, 0.018923316370504314, 0.008678125873786541]]","[[0.0004168667295285306, 0.0022260551673646835, 0.0017335415349350853, 0.001961536596654768, 0.006295091080648432, 0.006810365978686304, 0.0035606490790708817, 0.009888097550009318, 0.002391099657057445, 0.0029489953604832438, 0.011293842796257584, 0.0008159442023127821], [0.0023411345553493346, 0.008494643419032614, 0.01077564256775797, 0.007890361263181205, 0.009488859221385712, 0.009848259392348072, 0.028088644046781134, 0.03110136595764563, 0.013167738607751093, 0.008410458967162726, 0.006127663456005382, 0.0032852934858061756], [0.004802309564981524, 0.007167919032247364, 0.009314993791908885, 0.018605826332801997, 0.01593916772615655, 0.02313767784592103, 0.011553979149687893, 0.029482290281922334, 0.0172953124014271, 0.016904440266442854, 0.009110065199106869, 0.003058129300760661], [0.00154771908054725, 0.009244162995764782, 0.004617713713545205, 0.010804493557173837, 0.015150804588038665, 0.011405702148154975, 0.012409497819799884, 0.040154083891921995, 0.005450583227382272, 0.010935079552609623, 0.013285199470305698, 0.005905252622559332], [0.003084387064395381, 0.010211592394887921, 0.006737145905252405, 0.005448188174684294, 0.010338999887462763, 0.022211806501896, 0.020404946779154897, 0.0323921783821151, 0.009687800625040887, 0.0077751895441062705, 0.01845079514646992, 0.003114049056964327], [0.001810724515110645, 0.002065673842126642, 0.003943510396191482, 0.006400876390082525, 0.011908592572273561, 0.007032703857746808, 0.0069377436166740344, 0.011042147880713407, 0.0038530165956733404, 0.014625134937414932, 0.008552265987695613, 0.0012178345653317485], [0.0009864065697749121, 0.002685146265484443, 0.0044583564636561275, 0.002254110992391226, 0.005511161406013703, 0.004834588738047904, 0.012892598987146854, 0.017713888241672134, 0.004865934124566776, 0.013385357386991134, 0.004226732955098578, 0.001384083971112089], [0.003426078412120575, 0.015503763425028997, 0.010899294270166988, 0.01260678239339233, 0.016300014765446572, 0.018839370106642706, 0.011721074015620546, 0.030933187741172923, 0.008063434408675383, 0.050509746450320914, 0.013710496571050439, 0.006396532484556159]]"
random_8x12_d2,8,2,8,12,2400,9600,0.15,5.0,1.2,0.5739132847169444,0.6918342598684647,1,0.14999999999999813,0.14999999999999947,-1.3322676295501878e-15,1.1967527592030929,0.28583606501004766,0.2644762853040876,0.11316786362046694,0.21046255822658325,0.001167316550159452,1.897535576666279e-05,2.8015597203826847,0.18216341535996278,0.0,0.010416666666666666,0.0,0.11458333333333333,False,sparse_imbalanced,Sparse and imbalanced,variant_1,96,25.0,100.0,4.0,0.0,0.052083333333333336,0.07291666666666667,0.17708333333333334,0.18769461462159467,0.19639901575895316,0.43999188506972303,0.29772551838432143,"[[0.005280084959491506, 0.009505230206983168, 0.006437072190057276, 0.01589554007131144, 0.005763388903840661, 0.043845184062417955, 0.01156059225095892, 0.005911413169937637, 0.009366383125899836, 0.04560404858331707, 0.008157204740703422, 0.00755095960992221], [0.0016363906203364152, 0.008886176062625184, 0.005128571998121835, 0.01552086591445581, 0.003768226602429965, 0.007032685156507262, 0.014576612797466503, 0.015612557210780994, 0.02222858233323235, 0.016802508709317973, 0.00620770178713874, 0.009716231470669358], [0.0023788991142628013, 0.0067432004918263145, 0.001740513982259447, 0.0035607671587477296, 0.0037099074466236358, 0.006117145035420645, 0.017301664156096255, 0.006077359982244653, 0.006546082727983577, 0.018517227894165864, 0.007647491732311177, 0.0017016775138009722], [0.001167316550159452, 0.009029269532739692, 0.03699456010377289, 0.007852556603853967, 0.0065401309672601365, 0.005318069627389528, 0.012792150298445807, 0.012060732205721689, 0.02230706698395079, 0.04755468527576537, 0.0037756920117688088, 0.02230238446076655], [0.008221136158175192, 0.005945138778810887, 0.008915326324374912, 0.016495940793206033, 0.0031788772152569304, 0.007977673907492357, 0.010109088270514831, 0.0028579033505365145, 0.02121407420741574, 0.009983032736883153, 0.012638415272293124, 0.01107802079945316], [0.002091857113674525, 0.007034539721517079, 0.0016545856554291383, 0.008718240524053365, 0.003534096067882928, 0.005685548085678721, 0.0055306501283607, 0.015657891024836883, 0.012600648849463394, 0.011767481539679686, 0.008023899283310695, 0.01236751747072492], [0.0012139530214714384, 0.00665642696404209, 0.01817073685768894, 0.006946774422067042, 0.010794397930751331, 0.0036420065468011176, 0.004079925624787102, 0.005590074871072309, 0.0072723573780760975, 0.02494586629817685, 0.0045778101380027, 0.01366057743142614], [0.0035937980129149057, 0.014671770941025696, 0.003838071745499008, 0.00206542002042967, 0.0031111981963641362, 0.005324268260493261, 0.01657965558763195, 0.004927472214949258, 0.007785441904899718, 0.021224164721647207, 0.020829662702747182, 0.0034858205327488296]]","[[0.002179785674862154, 0.033326707064162485, 0.0023832127407073995, 0.029692222063306257, 0.0006257058428100393, 0.004118809271196878, 0.0016123155651746668, 0.0009074520851448536, 0.004622977581409532, 0.004172792211787175, 0.042486421140101635, 0.04637876174717676], [0.0082643881096121, 0.010302550176521354, 0.005044128215905756, 0.01888231099313394, 0.004013219144827741, 0.01551448921165571, 0.011500110858746054, 0.012653268148776672, 0.022468633471274806, 0.04455290878346752, 0.10119359142728812, 0.18560228652851324], [0.003376335085007723, 0.0198490499880157, 0.002665401804663731, 0.007419514486204602, 0.0010755865810352955, 0.0031634311684441007, 0.003897791339042744, 0.003970735766685688, 0.0025740153582626047, 0.011762092153966643, 0.014990008440717571, 0.012269943058645694], [0.00032112626763655097, 0.0025073761349921108, 0.0031232229735426546, 0.003984614850038918, 0.0001890859994046737, 0.0004788195768268321, 0.00486823279405511, 0.0005288476313029547, 0.0007694679691550508, 0.0011566108860584284, 0.05443627131339942, 0.019658789504786185], [0.001687413187051726, 0.009174592036174578, 0.00015029787057571902, 0.0009661885342440159, 0.000253554164917644, 0.0011452156907414224, 0.0002424357886840255, 0.0006636441458413729, 0.0012019697967623048, 0.0005750133029397918, 0.0065238918750670305, 0.004306494919108339], [7.020631466650434e-05, 0.00028033959619014727, 0.0003849047789660005, 0.0013856790033478495, 1.897535576666279e-05, 0.00016174670498772753, 8.781195494867469e-05, 2.0210460403355964e-05, 0.0001721730662804202, 0.0004900030795661857, 0.007355596404152712, 0.0010784672189805512], [0.0022625448117388584, 0.037868173719330274, 0.002341999419624287, 0.006148969771388218, 0.0007166973819409589, 0.0045509798239214945, 0.012341132402593548, 0.002610525136111522, 0.0019476893318839182, 0.004620811264749319, 0.02955139331762229, 0.021152605045230633], [0.00025113948641506604, 0.004839147935824072, 0.002903637800849877, 0.0022953983944889837, 9.477595570507609e-05, 0.0006735394612700437, 0.0021423801763728626, 0.0014875307979627585, 0.002272399745409352, 0.003039109427200977, 0.016677004590666896, 0.007278170361880037]]"
random_8x12_d3,8,3,8,12,19200,19200,0.03,1.0,0.5,0.26770974553379223,0.2742805763087267,1,0.02999999999994829,0.02999999999998315,-3.4861002973229915e-14,1.3593824788655788,0.058998180786062296,0.06071331743564646,0.09439764901970094,0.15478567646888422,6.99610634595666e-05,1.9320547656828197e-07,1.3432524184236787,0.0037095451501110138,0.0,0.14583333333333334,0.03125,0.3333333333333333,False,well_sampled,Well sampled,variant_2,96,200.0,200.0,1.0,0.0,0.15625,0.052083333333333336,0.3541666666666667,0.3055645420801746,0.22281984417286657,0.4502082248140047,0.36147457432471536,"[[0.009246835795581387, 0.06578944251651966, 0.044108149116939964, 0.004684817505516079, 0.02184904882598641, 0.0008970476794368914, 0.005146791967984196, 0.032012878120362444, 0.017386389456015946, 0.007845317595711688, 0.003272967906040653, 0.018721435215471153], [0.0036717669184009776, 0.020956692959098615, 0.01753768948354139, 0.0014517487810737717, 0.009828774877909856, 0.0005778182945770491, 0.0034015297768330835, 0.01332536059298483, 0.01173696077122761, 0.0038164662477840434, 0.0016181605991520257, 0.013253818450458237], [0.0008190388961402766, 0.009805907518530001, 0.0034017798322708605, 0.0004869722001043491, 0.004409730239868974, 7.743467563665826e-05, 0.0008920614269709695, 0.0027119848819238007, 0.002871220591706499, 0.0013123840021978049, 0.0003331742285601317, 0.003199840131288334], [0.0011687528468505082, 0.010512792193428188, 0.008126983078133563, 0.0005029255874755424, 0.005409723890044141, 0.00015300282200721575, 0.0006192220607243272, 0.0031296039259333655, 0.0038577282976640626, 0.001321924629040709, 0.0005227251280807032, 0.0035866956133382083], [0.003678745485215465, 0.025078360232746434, 0.011309244303769962, 0.0009461410175463572, 0.013589803702099541, 0.0002132442475967089, 0.001419446348370762, 0.007137289465947821, 0.012265586085176071, 0.002055730051938629, 0.0011285784849419268, 0.008150610477016542], [0.02182005595493428, 0.05850560364872712, 0.054684644567052326, 0.0036409954992638045, 0.036031555328164336, 0.001123267597594465, 0.006461241080429784, 0.05000311402802793, 0.022515970109486482, 0.011630607232479861, 0.0029146836347517494, 0.03623280339926242], [0.002158954166630014, 0.008382546699818225, 0.006574043266092592, 0.0005364129280603757, 0.004257984249171057, 6.99610634595666e-05, 0.0010079918220586193, 0.0022425980222845264, 0.002435208151584787, 0.002183366755045971, 0.00021444043101193647, 0.002748998614601842], [0.005690676466978707, 0.02378849840399832, 0.035068735169606596, 0.0034979036708254205, 0.013404402038130212, 0.0007733728491835137, 0.003436592031958603, 0.02954903315900874, 0.03286754982723878, 0.005385212801481456, 0.0012594059990802854, 0.018557271277621957]]","[[1.9186353534822937e-06, 0.00014321517600255376, 1.9320547656828197e-07, 1.3424526049758964e-06, 1.8242214016326348e-05, 0.0003797078635003419, 0.00016735863033710903, 0.00021584673590871182, 4.543751855300379e-06, 5.7603575081441754e-05, 7.752914038007842e-06, 0.00019949297019503692], [0.0005682489409400081, 0.02036541371334272, 2.9874492485933523e-05, 0.0004248093917190775, 0.0016514091532468164, 0.0507876071883995, 0.021141631261512403, 0.05174755417260251, 0.0016788603144080817, 0.012336031836123858, 0.001550800497181017, 0.02990054081996146], [1.2232856178515359e-05, 0.0007896877683565443, 1.992619582771007e-06, 2.761550739235284e-05, 0.00017875095806989404, 0.0027283435460657575, 0.0009543429810963067, 0.0014015829477663179, 5.775665717649639e-05, 0.00025137084924759743, 3.761967810520661e-05, 0.0007334399362372674], [9.494009044104363e-05, 0.004794236835147266, 3.2196354375720494e-06, 8.564300264557386e-05, 0.0005002814144758923, 0.010295423324841577, 0.0041593433310392535, 0.00792742253880398, 0.00022128953652486916, 0.0014986837406647502, 0.00032306907840457655, 0.005245627134936839], [4.0341362634484946e-05, 0.002609687594569606, 2.8697969432860596e-06, 5.229628158479727e-05, 0.0002554698996409308, 0.005536058900072012, 0.0020766146390110746, 0.005173620398389348, 0.00012068829902773262, 0.0010323073460446015, 0.00013450072852906343, 0.0018743514751659526], [0.0010678568055190408, 0.05261201558567336, 7.3687882507203e-05, 0.0017050571920042238, 0.005862678020834582, 0.20157457357748335, 0.04318614502074379, 0.06209688369422668, 0.0040159876514023795, 0.025960849901066795, 0.002189845580957756, 0.04986264390158549], [0.0008211277339190773, 0.029093332394030228, 9.379182765159975e-05, 0.0005565088028623423, 0.0035979082054324544, 0.06915972025539968, 0.050832308064886055, 0.042682158396375416, 0.0025248105228429527, 0.008212050494953405, 0.0047876265987989485, 0.03292729449960549], [0.00011212188913752751, 0.005635537061011578, 8.911297532681606e-06, 0.0002054042033689817, 0.0005377557080649223, 0.021013139668953133, 0.004156120042963075, 0.008776773741937444, 0.00030173629206951976, 0.0011831149309504537, 0.0004421127258063965, 0.00751768723089773]]"
random_8x12_d4,8,4,8,12,1920,3840,0.07,10.0,0.8,0.38415857704392337,0.4339075545249165,1,0.07000000000000073,0.0699999999999299,7.083222897108499e-14,1.1831155804313807,0.13481448715873717,0.13226420926832294,0.05535773956387002,0.11073374312390016,0.0024289775405559075,1.0206157139546436e-05,4.663636877867343,0.03919164341585832,0.0,0.09375,0.0,0.2916666666666667,False,moderate,Moderate,variant_2,96,20.0,40.0,2.0,0.0,0.11458333333333333,0.020833333333333332,0.3645833333333333,0.16674186630952292,0.13861364294050008,0.3565749106759301,0.29701081402158136,"[[0.017032156153847445, 0.007851387748139628, 0.018241420359376048, 0.02955105521905506, 0.007141177929283726, 0.015472544036611881, 0.015214424880769944, 0.014257178020182464, 0.006422747753680391, 0.023676872348712533, 0.006244359936523482, 0.00475191502313131], [0.007906505290017617, 0.005504046163949764, 0.007220578337236039, 0.010954218314335845, 0.0038225202324695348, 0.00819438671160829, 0.008118994928275258, 0.009064171279980162, 0.005758234732286789, 0.015610873448992311, 0.009576322976472056, 0.00822723562026683], [0.020612561523313873, 0.003508783515658489, 0.013043883900100658, 0.008163185090968222, 0.009195851854441226, 0.014925840157101867, 0.008716639004625484, 0.007319747062711687, 0.002453187119689582, 0.00875103956768259, 0.010182542556427848, 0.012762764466016409], [0.009491207231258899, 0.01015274433680619, 0.006798699892059145, 0.006371014165179883, 0.008542612678828748, 0.008090077130750498, 0.02051442431699673, 0.0032984286038791515, 0.0038951856687054363, 0.016446014520851742, 0.0028167263635339623, 0.0067639732107649935], [0.004635584886824094, 0.0024289775405559075, 0.005613244633886247, 0.0032721684618081705, 0.007335876043814776, 0.005689708680674408, 0.004702659242032159, 0.003883649901347431, 0.003098482676617487, 0.012853702454009446, 0.0028855645078366713, 0.005420494445105985], [0.02304231441389737, 0.006237428260978401, 0.010395218790715371, 0.006690989109557243, 0.00531931314160357, 0.018226169814084116, 0.008683372823385622, 0.006337893746544312, 0.0033079476284267077, 0.015273569283640246, 0.006290240455205782, 0.009637075167439264], [0.011505668392970623, 0.01758883396110632, 0.01856645710103458, 0.004522108490733587, 0.01601222252999383, 0.01707284981436544, 0.009855940647087209, 0.011992687850274457, 0.011126351188907231, 0.028627137824960604, 0.007390079977135967, 0.012481528530953077], [0.020161421286325767, 0.009134208425688635, 0.008631237629345432, 0.015852327002485067, 0.006218127173819232, 0.012053458289308797, 0.0166494787190185, 0.00499571613929233, 0.009404694936805782, 0.017374433491650614, 0.019346264230339267, 0.02354265887284917]]","[[7.66915384239282e-05, 0.013611400038368068, 0.0015189548770309842, 0.0008686900356107926, 0.045857200907933625, 0.012750708233870277, 0.0003631226562534151, 0.005087367696735447, 0.0065745648891378594, 0.0015175156597351783, 0.0005457253039567926, 0.0021562765187246686], [0.00013155526010009142, 0.029590145116711545, 0.0014654310120228815, 0.00046488012471089475, 0.04657387311095878, 0.023305091545378208, 0.0006922340692807612, 0.010422230250577964, 0.011552534525457259, 0.0022672060474506974, 0.00128161617609476, 0.0021665619933589598], [0.0002408812565097776, 0.009860758900922506, 0.0033145877520690016, 0.0016876200129546494, 0.02513976729910455, 0.03949065313409066, 0.0007167454669882647, 0.025732473134360674, 0.0037958083760501597, 0.006679415072838545, 0.00034768136375180924, 0.0016004146801126367], [7.224500068580503e-05, 0.008494133177103317, 0.0009070085088787326, 0.0003631818616343315, 0.015228995225576891, 0.00383341601671485, 0.00023567569611588395, 0.002925613297870975, 0.002347356257751209, 0.0005782128451602819, 0.00029655946866798284, 0.0013849428025200252], [1.0206157139546436e-05, 0.0018470182693974858, 0.00028893681511116726, 6.542677332587458e-05, 0.005998177058480222, 0.0032203377596430813, 0.0002122863675670983, 0.0009063968666058229, 0.0009269920003630684, 0.0004253675454828353, 0.00012119896967808666, 0.00015913735764682885], [0.0003368875081423762, 0.016377045052517494, 0.0012784697414447534, 0.0008312062043901632, 0.0326047801736766, 0.038008060740252245, 0.001544372435916376, 0.019946557456954075, 0.008213977560091722, 0.0012928845688755625, 0.0010721633940129506, 0.00786670217868854], [0.00012216733973352244, 0.037523176993774846, 0.0021469361586957127, 0.0015583477561203884, 0.04515456666581213, 0.018261389621457663, 0.0006736393498182565, 0.004019558324451387, 0.008562341352076388, 0.002261181816391377, 0.00045407183309039274, 0.00301739896092648], [0.0010915959074108957, 0.10161869926315004, 0.011044131693798035, 0.006410608123791583, 0.08045345358003855, 0.06228414978780625, 0.002507620348941791, 0.02853584360752657, 0.025041257995398098, 0.017177470057310944, 0.007714472276983997, 0.012695608033773358]]"
random_8x12_d5,8,5,8,12,960,3840,0.15,2.0,20.0,0.6496663146509081,0.5520014829099165,1,0.1499999999999999,0.15000000000000036,-4.440892098500626e-16,1.0733845498735655,0.26254714936569534,0.2949110362070241,0.11327548083832895,0.21729432584600858,4.760899301781912e-05,0.0015211698428520006,0.045704633297106355,5.841292196551683,0.07291666666666667,0.0,0.4479166666666667,0.0,False,sparse_imbalanced,Sparse and imbalanced,variant_2,96,10.0,40.0,4.0,0.19791666666666666,0.0,0.4895833333333333,0.0,0.32050294403025226,0.22147712013219994,0.1853587616444059,0.14606796975217826,"[[0.00680558567086584, 0.0023496382953577992, 0.0006595009388459162, 0.0024725039091142535, 0.006662638856771927, 0.009176800806888605, 0.009434019614102474, 0.010385805412598221, 0.008744271987376297, 0.0009053151625498067, 0.004755248741389331, 0.015091996229992048], [0.025903394521017545, 0.002746104742359118, 0.0020739054330273744, 0.0016719704273573444, 0.0025053413545892966, 0.008623499030057711, 0.011762353704448088, 0.026656294234564077, 0.002674640406357266, 0.004436737176144334, 0.01302571958769647, 0.023711855679320576], [0.003930335758932739, 0.0008674438912912784, 0.0013144182457270341, 0.0007223911639484872, 0.0009244950126111332, 0.0028408752045408782, 0.0027815414714865007, 0.016602248497228505, 0.0008114218501542999, 0.0009535463610192029, 0.0020176072988350724, 0.011524203017667024], [0.0083374867554555, 0.002630942117915336, 0.002001980583612853, 0.014486233316960381, 0.015193946738075594, 0.018415514630959598, 0.035055999062274495, 0.048309874589022354, 0.027298715305245188, 0.01207202190070726, 0.00794393603734824, 0.03148486265082475], [0.005559597590403865, 0.0028835552767073327, 0.0031116861361423485, 0.0030206059825392192, 0.011054763880908256, 0.01215399828395059, 0.007295289849887755, 0.020316597747939355, 0.0014075832424511226, 0.00163372361147546, 0.022037813946491618, 0.014630530244833037], [0.04293132356358801, 0.005991489923650426, 0.014947280874047541, 0.013029076556869305, 0.0015665716646676518, 0.007295425799382491, 0.08257446908177891, 0.025688922932745956, 0.008303095425693012, 0.006244918243180894, 0.014051189703424205, 0.09787918026122383], [0.0007147098862959959, 0.00028495009091940245, 0.0002153835393414482, 4.760899301781912e-05, 0.0005777818383125554, 0.0010076147972578223, 0.0008206109939160429, 0.0006470460331047794, 0.0002833787118558419, 0.0005440561965078348, 0.002520921994820072, 0.008530912612015332], [0.0034284275932586743, 0.0030411197308822806, 0.00040151938087164203, 0.0015326321920406118, 0.009298021244340818, 0.0156853542144297, 0.004225443316892817, 0.018191358646977553, 0.004495625859879196, 0.0006866928264660478, 0.006829376661654837, 0.018623579436323378]]","[[0.010692684257664021, 0.01676328462143865, 0.0067502422316266155, 0.028203151938529934, 0.004595990201579194, 0.009765637548067209, 0.007123210763471238, 0.0030268376196124717, 0.008891579155112597, 0.009571173587438107, 0.004516387609928457, 0.005173132348906573], [0.011488563244580188, 0.01700726833176907, 0.002574275937211265, 0.0036942316996484647, 0.007688454006124255, 0.015894765747184698, 0.005103790703841164, 0.007157290094559033, 0.010025500783525855, 0.008718899288067142, 0.012579296976027436, 0.015068540772972096], [0.010247846719458656, 0.01771209312022126, 0.025412209093272905, 0.019615241429274313, 0.01909873606452052, 0.00891479774935824, 0.014501455509722936, 0.015252057240439742, 0.017809251733023924, 0.015030372505059127, 0.011866278968006917, 0.009898421512047357], [0.010976600700907193, 0.019922438066236163, 0.00522229527814529, 0.008601100522301432, 0.006124342411444162, 0.008328958123631608, 0.011165398828195795, 0.005170618865843043, 0.005598106957825536, 0.028086421301456485, 0.007680260978005599, 0.00263182049314351], [0.00402903964561806, 0.006649130322130548, 0.0036844151829559945, 0.010150852437982383, 0.0026011767925496867, 0.021024432726339217, 0.008122648080738317, 0.01139734520841906, 0.012045384475391486, 0.00262839923964955, 0.004712664387801708, 0.0015211698428520006], [0.00685132432847828, 0.02464463635136574, 0.04112994186322916, 0.0029628899178821256, 0.004045304009749077, 0.004651165290575897, 0.0029850977685118786, 0.006967467630790034, 0.004742941184186267, 0.009835875085606795, 0.013333457876525604, 0.00370408807848007], [0.014636120484342726, 0.014135272210920084, 0.007111491343632144, 0.0069777026853098546, 0.015532293346047558, 0.022534304860816663, 0.003610714769793204, 0.006004975973991154, 0.0025833422188753113, 0.007500853458513817, 0.008028690786834658, 0.009510949090815827], [0.012956598160354252, 0.029233846728096737, 0.004962311681433372, 0.006026832742630921, 0.006442583819741223, 0.008085261568630509, 0.003502111392741155, 0.004990838646507591, 0.007637898057517461, 0.014969886177399342, 0.008627825367934393, 0.02303513305888368]]"
random_10x10_d0,9,0,10,10,10000,10000,0.03,50.0,50.0,0.24943494637448962,0.25172820710377825,1,0.029999999999999805,0.030000000000000693,-8.881784197001252e-16,0.3535933977622708,0.059570640121464735,0.059304759940811066,0.013314942489891735,0.026897089501495042,0.004126906856456188,0.0034572975932439342,41.26906856456188,34.57297593243934,0.0,0.0,0.0,0.0,False,well_sampled,Well sampled,variant_1,100,100.0,100.0,1.0,0.0,0.0,0.0,0.0,0.13568282969796,0.11577369425860139,0.11783063508307762,0.11152066685288645,"[[0.010059398784696912, 0.017809872530743738, 0.007638862038071022, 0.012208525730871321, 0.007814325030573745, 0.013082434676957036, 0.009000094203047936, 0.008832241409421447, 0.014576714424433401, 0.008917921066969165], [0.006698615304772951, 0.011874711376240831, 0.01021709242142393, 0.00762740045807576, 0.011811002734551086, 0.011737459937452137, 0.005535559122468002, 0.010680074923406021, 0.010392879097921508, 0.01170823216008927], [0.00930272161078158, 0.008308716836479749, 0.007340080377221428, 0.012164516293709326, 0.008694410691472474, 0.006117622943336078, 0.007273136545314527, 0.009952859058477993, 0.00942505200298016, 0.008402141130285796], [0.01786200125220228, 0.009035881068455274, 0.01263495451090476, 0.013401200980648252, 0.0064276730788941, 0.013404057492826797, 0.006561918937603484, 0.012841182051714625, 0.009472574695526124, 0.010434287210337397], [0.011451282885358316, 0.01331615213003387, 0.012289635018050695, 0.014836904004019229, 0.01233428782959029, 0.01848277877738557, 0.007864946816429963, 0.01747701977078706, 0.013318938231510383, 0.014310884234794614], [0.010277147567743082, 0.01189333119551918, 0.01315112664853916, 0.007046719355853978, 0.009601772538461607, 0.007927193034516928, 0.009995490615259927, 0.006799946198483025, 0.009454190415239417, 0.004126906856456188], [0.009004940544322517, 0.010733660197344654, 0.008142218189998503, 0.007309615962459733, 0.005530149479950265, 0.006295887560301829, 0.007889347098235683, 0.007064039633549486, 0.007984149102813119, 0.007731992858023999], [0.010310951657960948, 0.009066622521003832, 0.005411696341791782, 0.013649815952092132, 0.007830074832581172, 0.009185080763989462, 0.009105556318172415, 0.0066280998543155585, 0.015381264671308438, 0.007805594724420684], [0.008445533966197658, 0.010645534624237033, 0.007861459996417335, 0.005887550704059836, 0.011642722915588861, 0.018723732544203463, 0.006120943257170402, 0.010065527818477832, 0.008434494070283178, 0.00782448213427373], [0.00947902530119686, 0.009784608430236211, 0.012137229256769144, 0.005962149312875348, 0.005457307426746507, 0.01081744652763207, 0.0061409737872088616, 0.010734032499858609, 0.011872115515395082, 0.016665311321143697]]","[[0.009418657879278968, 0.01203471959055093, 0.006678223932397966, 0.007173522987054154, 0.005375430896968527, 0.009475404693591299, 0.009348466235869974, 0.009244889087922734, 0.007491747019315686, 0.009763571175732113], [0.019106780098257385, 0.008429029100019666, 0.011026837545769308, 0.009926226670196278, 0.007756218208819564, 0.010968512903065494, 0.01006389889632724, 0.009953013564939987, 0.009185626871508246, 0.012365070710988227], [0.008901678798915597, 0.007017043568988666, 0.009172432086223335, 0.015446591586157837, 0.00972917453747268, 0.013848298566141152, 0.007193864980664753, 0.006736288929453131, 0.017019101225735127, 0.010245746814001498], [0.012190709025316063, 0.006791876845602859, 0.003938575619737631, 0.006098322169173151, 0.010544595066195905, 0.006421969875308544, 0.010546639103040205, 0.006912023757092822, 0.005342091782269855, 0.0069944152729604055], [0.01056827448309711, 0.01251679400205905, 0.0034572975932439342, 0.010642818432898745, 0.011490508178959587, 0.012240827332643566, 0.007859530422487932, 0.01187409912329416, 0.008108002209962386, 0.011935385590849806], [0.010560350600993019, 0.011073640828829051, 0.008960678289551343, 0.010177403164517, 0.013864421672292229, 0.010175747037784792, 0.013446715474380184, 0.014252325124858634, 0.010931392391971467, 0.01438796049789989], [0.007464439109635368, 0.011332034075697595, 0.009471837802471229, 0.01751345173379278, 0.005912314600690775, 0.011876056136169605, 0.010229316687366841, 0.0058129689487146806, 0.008885070260243245, 0.010805399267582833], [0.006874353812568587, 0.012759263418945977, 0.01306171949576283, 0.008191024036307774, 0.01172980633945241, 0.009217024109540924, 0.012647083325120406, 0.01053195894688903, 0.008827618841553714, 0.010091152279314734], [0.009772705226568854, 0.012559441071978122, 0.009320296031513332, 0.01583361527129761, 0.009848871374856995, 0.012332803374604831, 0.013119177433683757, 0.00993332524646159, 0.008711254322260676, 0.008718097834272043], [0.007722999833111631, 0.008525705208611683, 0.007264349016530488, 0.01000527051547344, 0.012221125554456222, 0.014964022824036232, 0.009461128742115778, 0.009059956023047714, 0.007564187894570323, 0.005426313841128357]]"
random_10x10_d1,9,1,10,10,5000,10000,0.07,20.0,5.0,0.404834573384668,0.40255705706074973,1,0.07000000000000028,0.07000000000000117,-8.881784197001252e-16,0.5395325586735891,0.1311019639342198,0.12919493324857473,0.04364816229073787,0.0842685400481078,0.0016341077949120863,0.0013049505766201347,8.170538974560431,13.049505766201348,0.0,0.0,0.0,0.0,False,moderate,Moderate,variant_1,100,50.0,100.0,2.0,0.0,0.0,0.0,0.0,0.12137288692610902,0.12470400568844646,0.14939297109046049,0.1538634141460452,"[[0.00895639870204815, 0.004578509572527861, 0.00856613903211972, 0.00830708987875003, 0.012753432168990662, 0.004319811877404193, 0.009962265136017718, 0.010934843703933156, 0.008733775749573527, 0.0016341077949120863], [0.010807972302460514, 0.004940370573689141, 0.010487762641649818, 0.0025862393722623474, 0.008282901193733695, 0.008223617272372492, 0.007793080678478183, 0.008853397058165305, 0.011741221696617763, 0.005889647035943643], [0.013342902846538022, 0.01804854974013762, 0.010755639320230301, 0.012464631227244387, 0.011853801780113698, 0.005697028470520936, 0.013279051987280672, 0.014577969973383573, 0.013028809133876999, 0.008324502446782817], [0.007992944715021903, 0.00817976568095205, 0.008564055881214989, 0.014890340962402347, 0.010013222021014817, 0.007341094175405775, 0.010774850347485966, 0.00973744403873281, 0.007952031223381674, 0.016420275269112827], [0.0177681532726691, 0.009146049096721138, 0.004974199500565638, 0.0071416920990406444, 0.008305074408815508, 0.00977156301309192, 0.003895240722279952, 0.011731366500966033, 0.009201054313437174, 0.0029559721370132986], [0.016505694992746355, 0.010791462062416364, 0.007855349171402843, 0.006289360765748074, 0.021083593035753703, 0.012336437590206932, 0.018323130060679687, 0.004179275128660068, 0.015970538412438274, 0.004124913389430621], [0.013656520718368871, 0.003391534468155585, 0.004105277479104121, 0.00525377061236755, 0.02069654641502811, 0.004518502857933929, 0.004282570499824847, 0.009320192509241295, 0.012445984145918354, 0.007778033815917861], [0.016052129640859388, 0.0070834875608363325, 0.010567812408631463, 0.015089573350638258, 0.008918038459358735, 0.015024048332979217, 0.012566443157289026, 0.01505294261996852, 0.01018606500183237, 0.006869599494824149], [0.005671093939128109, 0.006680451281891901, 0.014786219835633888, 0.009961090410931522, 0.015579931775782839, 0.004736589888486203, 0.01161445169458009, 0.004585216942103898, 0.02311568534831721, 0.010021293512673377], [0.01038679845609243, 0.0056823629178741905, 0.019059367978729584, 0.007206612596782765, 0.007217464429854701, 0.007215916251111188, 0.010712071356360228, 0.017434857768176576, 0.011587897908908417, 0.009943937800935476]]","[[0.008376947697183038, 0.012053514502531578, 0.002766924837144688, 0.024966275039018562, 0.011251568210600167, 0.0101198646570587, 0.01047859279772813, 0.008730339019751352, 0.009739657648776543, 0.012001903620458923], [0.008766396975500043, 0.013599632924843334, 0.003456791130075627, 0.01232817600266829, 0.00347363759408589, 0.00780184881887632, 0.007692107921088508, 0.013824987640057237, 0.004175509427436733, 0.003423728198358223], [0.007139286045451069, 0.015299822492012024, 0.006727070514182773, 0.01747237828392343, 0.0042573454579781355, 0.003484609835440073, 0.025327372008593328, 0.00785204870755374, 0.008726115952683763, 0.010290850505917241], [0.010500767954070523, 0.011186228842412795, 0.003009828705632672, 0.023224908918395147, 0.006257942042320794, 0.015020593648471225, 0.016455262698622332, 0.008388968251826282, 0.018262545771562447, 0.009905784804856516], [0.015951596535021855, 0.004260734099788668, 0.002570848969210369, 0.013140357404802159, 0.0019981332330395005, 0.0045738202867643485, 0.007039810463853865, 0.009456359748529335, 0.00881202469110756, 0.004475838198407229], [0.021304714346809746, 0.0071803681382059245, 0.0067682902744693844, 0.025468435411812266, 0.014916430385497956, 0.016784578658674786, 0.023399914599887293, 0.01618124050027441, 0.008538284149585016, 0.008850714625243691], [0.03031235542381455, 0.011330892004759441, 0.0033285150155323517, 0.008911222566746004, 0.014447440912873128, 0.014120379889894012, 0.019688950446260067, 0.009381847470398089, 0.005378740217200652, 0.008545479936796017], [0.007816701787060941, 0.008242058526298657, 0.0032516752935436814, 0.013359080555118958, 0.003240433120524928, 0.004016454468967497, 0.014438558182948005, 0.00401237911413981, 0.003271359161843074, 0.005166938210344678], [0.018436032179269566, 0.007554117294398748, 0.008356953360422274, 0.005705553797869538, 0.00994571805616278, 0.01076997723745636, 0.0076533018630789915, 0.010501861207364828, 0.009496255379590007, 0.00935714583760542], [0.011709470847344135, 0.004392306389984275, 0.0013049505766201347, 0.009287026165690864, 0.008238712681820621, 0.003469929249427363, 0.01042060400699475, 0.006983374108354854, 0.010924104145810661, 0.003740512483535765]]"
random_10x10_d2,9,2,10,10,2500,10000,0.15,5.0,1.2,0.6574142390725954,0.6265850847987318,1,0.14999999999999902,0.15000000000000036,-1.3322676295501878e-15,1.2665561811624169,0.277934213183049,0.2804553602053651,0.14546963427705606,0.26568011637195704,0.0004454990404431566,8.248999597810315e-05,1.1137476011078915,0.8248999597810315,0.0,0.01,0.07,0.11,False,sparse_imbalanced,Sparse and imbalanced,variant_1,100,25.0,100.0,4.0,0.0,0.02,0.19,0.09,0.239733738893486,0.21429917378344362,0.2772096918080248,0.3057260650077814,"[[0.005166774805801854, 0.0035993039390928307, 0.004397887788087863, 0.006006458139993144, 0.002609386918712575, 0.0027491120911796226, 0.001812104152324304, 0.0009788654976693896, 0.00794402252351898, 0.015336480966885785], [0.01474593519470924, 0.00478055235529159, 0.005653580135204456, 0.0011737733444218623, 0.008522935926817203, 0.00569932946761319, 0.0035589550171421696, 0.0018737154151193644, 0.015342214244337469, 0.03356710117413449], [0.002418768642432679, 0.0008369085476285617, 0.010054332199413079, 0.021346844060625123, 0.006080024898586823, 0.009793715818535727, 0.000991164410037594, 0.02248595424337114, 0.006324437207733596, 0.004608902691855372], [0.006334305239159213, 0.004154183000278427, 0.0012871444122400813, 0.0010357596157242624, 0.0024996661815010887, 0.0029443180129102593, 0.0017009014403880191, 0.005859923724403218, 0.01178188992116435, 0.009945224117136643], [0.025853506299522346, 0.0041639734824265575, 0.017792477050637703, 0.015241642660371412, 0.005952990374234605, 0.01585618000921113, 0.004074165366092884, 0.016754114563432516, 0.018102897727836915, 0.07254536066733719], [0.007315497870664166, 0.0009602216497888895, 0.004130478744933198, 0.007951838663097899, 0.003030610747590002, 0.008974708851969769, 0.01079559990443817, 0.002561393585685946, 0.008458405853091024, 0.008930673011030227], [0.0244594993056748, 0.001357012764050654, 0.0013725498752660116, 0.0027738722067474613, 0.0029540788261989853, 0.006871868552667811, 0.001933134370545599, 0.0031976507129817034, 0.008750762020623533, 0.0065985436805896525], [0.02975943829482922, 0.021658962946207252, 0.01598542524878673, 0.036577223103649, 0.014976763763710658, 0.020519690319007078, 0.008445357648886194, 0.006122034173254877, 0.039404773604983935, 0.04628406979017108], [0.004024367939689306, 0.001234149275401758, 0.0007838317585404599, 0.0004454990404431566, 0.0009518307372944438, 0.009249946864636623, 0.0006009796062293916, 0.0034531596969647024, 0.002976570095749851, 0.0015918530431600184], [0.031137322188596536, 0.016106613016854777, 0.00538054837117247, 0.0032788697483201253, 0.017283130594992577, 0.011992072493657092, 0.002683409393587292, 0.012022815575165132, 0.02245976014299373, 0.014890964641143175]]","[[0.0006380675652496034, 0.0011575363787529678, 0.005886308325224687, 0.0026967259522402425, 0.005683808786640812, 0.01609569352794669, 0.0019894759887398522, 0.007274890627980691, 0.0035352665950005935, 0.0003110419422869132], [0.01371848326634301, 0.0007747368638014015, 0.005459289909624686, 0.002434747401998312, 0.0035196552162035564, 0.01735916337198694, 0.004206693622551342, 0.0010246234556409264, 0.0012326510043872696, 0.000534983350247586], [0.009727310867898886, 0.0010532709268198145, 0.007859057127977508, 0.005218146179549999, 0.003955842716085407, 0.004149974283844139, 0.006782253187092398, 0.00786930521808319, 0.0022775625450569873, 0.000557477858584452], [0.008725860448682404, 0.004495174349723112, 0.10823493303795027, 0.016025885284411796, 0.008514688130752195, 0.01834001657036097, 0.0012915980525624, 0.009072740262246273, 0.017462552267060567, 0.0021136818346496875], [0.03522257525500156, 0.0027079662154238554, 0.04345692969566223, 0.010755470739940343, 0.007209845563803238, 0.07059788897706278, 0.005253755820519186, 0.03195920725461616, 0.006829419855338888, 0.002214848638553827], [0.010608451307591466, 0.011495037419924184, 0.08996129760219748, 0.03451516952647978, 0.003964551849391566, 0.05923647243286532, 0.009753216544631474, 0.02674329167406948, 0.02808440693035951, 0.0028477965205145565], [0.002856044474037494, 0.007197426704825194, 0.03089180817665418, 0.033066848904006865, 0.002986968081757829, 0.009637313807231113, 0.006731283831173457, 0.00654706289149431, 0.0033378921182755654, 0.004948961426790716], [0.0015594502403112557, 0.0008800222737013853, 0.0019665290854750336, 0.0007721434615898044, 0.0018881759775084877, 0.001314152912708709, 0.0009502938591378463, 0.001056788500775988, 0.0012040826359756885, 0.00010526526513901975], [0.002471148839910559, 0.0019088011977916922, 0.010150451014729354, 0.005308120396467862, 0.0021451896207424588, 0.01227843748573932, 0.003270470378569662, 0.002051812640633545, 0.002339166253402804, 0.0005781334545495043], [0.0002955519668319392, 0.0001800287753257057, 0.0018594610322860397, 0.0002785604495167422, 0.00030805897928827466, 0.0007182330965394185, 0.000428285220644775, 0.0006785549477870406, 8.248999597810315e-05, 9.175549850783764e-05]]"
random_10x10_d3,9,3,10,10,20000,20000,0.03,1.0,0.5,0.29210854199925756,0.27180950621691313,1,0.02999999999999936,0.029999999999948068,5.129230373768223e-14,1.030074126056184,0.0613060941542306,0.058841839602875576,0.03589811049956948,0.0697610156415866,0.0004081226759170168,9.830701877193942e-06,8.162453518340337,0.19661403754387885,0.0,0.04,0.0,0.12,False,well_sampled,Well sampled,variant_2,100,200.0,200.0,1.0,0.0,0.04,0.0,0.13,0.43113790582851413,0.30591887613890806,0.30281995221409774,0.2751836729897379,"[[0.0018381257035501185, 0.008090772929792937, 0.011146262969330478, 0.057372001132638795, 0.020976200739500118, 0.007417525455092791, 0.004336950659861443, 0.0051090656447680734, 0.029891180937961878, 0.0033230328241006255], [0.0004081226759170168, 0.0022396932640528556, 0.0014722696659237576, 0.010125600123377926, 0.004305655899936432, 0.0030652215610856887, 0.0008871708821156617, 0.001614972356581167, 0.0047130406925794685, 0.0009616745699009732], [0.001258115756119306, 0.002908485723647787, 0.004889210430094276, 0.0105491149316293, 0.0031826433708646894, 0.0034268082542640256, 0.0006287177591169881, 0.0018233927795201982, 0.004731575704043779, 0.0007975467573449219], [0.0015288795086306067, 0.004331543037296042, 0.00628831741240664, 0.01575994460745918, 0.00940437921715783, 0.008197142901310149, 0.0016769694815262405, 0.001946113105211307, 0.009693382488238934, 0.0023856401076643003], [0.0015954745605009225, 0.012206787257133296, 0.009840047109851317, 0.037454752797771836, 0.010228449120351256, 0.006092241574630731, 0.002192044364461591, 0.004654546676940428, 0.021476656973717832, 0.004939609471306334], [0.002645167034212196, 0.005986306555942308, 0.01015511077844523, 0.019810389141904562, 0.00679236810116562, 0.008453574706177797, 0.002802509448549601, 0.010113585672284, 0.020465447934096104, 0.0031291796006070833], [0.01593206844904128, 0.022407699396307, 0.026718626122080053, 0.12970758225277623, 0.04119638894800991, 0.031158573852606553, 0.021405036638958992, 0.01778199600335728, 0.10396676204425151, 0.02086317212112539], [0.0005013354166169846, 0.001131008815721441, 0.0015242968791038477, 0.006645398825878088, 0.004083857531981116, 0.0016617528505805481, 0.0006525730791611372, 0.0013547637453778603, 0.00372292325084858, 0.0005052315716501793], [0.0010803271943640314, 0.006240676066786574, 0.003283175652628043, 0.012705257319565722, 0.008038810874307559, 0.0029547666175276234, 0.0010146143391746728, 0.003056606440243311, 0.007125235134188484, 0.002198273152206886], [0.00043603061874491415, 0.002534838692609984, 0.0013979036234399275, 0.00578883500590639, 0.004596884000408889, 0.0035037527190536154, 0.0007648015269251071, 0.0008950965329539741, 0.0028263903929816466, 0.0008999633988840287]]","[[0.0025230037591236656, 0.012964408303421132, 0.0034167777355063023, 0.004907863713342405, 0.011729516756807569, 0.005426155134309055, 0.00020717708090017795, 0.0017194872325166312, 0.0005145490751195382, 0.0015967068861501683], [0.0049894805010112665, 0.02512384823235069, 0.0061821959208041765, 0.02178467086735819, 0.0274780070190554, 0.012116603114911327, 0.00022499656453268117, 0.005878418161115774, 0.000734371237287518, 0.0018749483447005634], [0.00011829636476352062, 0.0008085870374952449, 0.00015423620154751382, 0.00038927219137692865, 0.0006415074009991942, 0.0003990386932617905, 9.830701877193942e-06, 6.827534366607477e-05, 2.8177064161356473e-05, 9.947413877122283e-05], [0.005225609589884001, 0.040428871147031316, 0.005124724796310438, 0.012589522233693765, 0.01949486147249249, 0.009694251224196874, 0.0002922103311461122, 0.0022627494909769675, 0.0012556674508198435, 0.002060037289577212], [0.0036962539085149695, 0.02986914144734552, 0.009619297501617732, 0.03335500022956312, 0.0353809913890561, 0.01672117739836736, 0.0004153703448569813, 0.007087113599395092, 0.0011557924654648952, 0.003524850837017785], [0.009174273726444323, 0.07608884042251605, 0.027381997044712097, 0.05796968999916606, 0.049023082376794806, 0.05738029982928443, 0.0005993250761267841, 0.007497406419282095, 0.004502003170801568, 0.013203034148969535], [0.009471524824884878, 0.06897168889808115, 0.018826134417395265, 0.03396175900114397, 0.04959032353653347, 0.016762455353036713, 0.0011445282799826884, 0.005083604337789785, 0.0021714429950585607, 0.005929886663264664], [0.0004740897407042201, 0.0019240239380147405, 0.0005824617292642665, 0.0018539049012079134, 0.0033278270032973353, 0.0014065086653924873, 4.3407613622278226e-05, 0.000604385700819202, 0.00016383214153797124, 0.0006762027999834284], [0.0030577235167758717, 0.016526822584073307, 0.0071696208803531765, 0.013066297113837305, 0.008439495586016652, 0.014770068554619138, 0.0001785944965950588, 0.001760973608065879, 0.0005978724323718377, 0.002435799685325229], [0.0008685813510345477, 0.0024774409794087997, 0.0010444858282962412, 0.0019683291372732717, 0.003105250676686289, 0.0019504278468032172, 4.3226300514593315e-05, 0.0005939255463063859, 0.00010951816425975354, 0.0006822260306978886]]"
random_10x10_d4,9,4,10,10,2000,4000,0.07,10.0,0.8,0.39115216941766945,0.47057331001117786,1,0.06999999999999806,0.0699999999999994,-1.3322676295501878e-15,0.9866341630213845,0.13464853071372002,0.12983487181944497,0.04531960225314924,0.08555793852630643,0.0017519670418952255,0.00010862149274488067,3.503934083790451,0.4344859709795227,0.0,0.0,0.0,0.04,False,moderate,Moderate,variant_2,100,20.0,40.0,2.0,0.0,0.01,0.04,0.11,0.15403222680422074,0.13956333466381463,0.34375717859038923,0.23930764960434006,"[[0.0020682281448778984, 0.006537288673067522, 0.006691195709746513, 0.006783026658765634, 0.011139553791321246, 0.0031905477981622804, 0.007912982761892094, 0.002024744503868005, 0.00861193852170548, 0.009281233591617564], [0.0023934557287871145, 0.010373479538984823, 0.0069060601169391635, 0.016099425247493252, 0.015350997006456046, 0.0037819150589473043, 0.004774248978442468, 0.010146198819686947, 0.0038897855714638205, 0.005356065326014767], [0.005134426687649346, 0.014893229761036299, 0.007462442126236803, 0.010128028096935896, 0.01107668222769846, 0.01150832427151308, 0.017562225349165655, 0.010742908114187747, 0.020757666965324325, 0.028103427633635294], [0.004345917783784706, 0.00788389461551229, 0.00594889967220992, 0.009435998506058158, 0.012040632847595089, 0.004373566067565465, 0.015462802820774947, 0.005051423876756085, 0.005615586409734628, 0.0265768418574264], [0.008486757989495572, 0.008788549975863758, 0.014528855039963021, 0.006742302706009767, 0.00956570588101423, 0.00708269987352564, 0.007839590685427495, 0.007526635253174076, 0.010257212640775016, 0.013312343164931392], [0.014230409965210645, 0.01221496591897482, 0.010203758565633669, 0.01539501630245192, 0.024585698860918565, 0.02349182551316, 0.012030483138339262, 0.011599198127671856, 0.01262849063888841, 0.008317521500939387], [0.0058025833537342685, 0.008376699584021478, 0.006055825875088051, 0.010321325588857528, 0.014155953002937805, 0.0067118852037733765, 0.0100300789156438, 0.008526281402784273, 0.005868041527212907, 0.007341792761145795], [0.014334961158782562, 0.011365160840927611, 0.010664403505197107, 0.018345050210628648, 0.012976777774240231, 0.02587330430318015, 0.010765352000635562, 0.012204441641287426, 0.012745065455247354, 0.02475770991409408], [0.0046844316297377986, 0.01044443747398081, 0.0029189648409808384, 0.008330984689572437, 0.005374863135098417, 0.006853802187719333, 0.002979978612934852, 0.0017519670418952255, 0.006556820844480189, 0.00991768304077935], [0.0025439021119006535, 0.010424658669967016, 0.010206464095218352, 0.007241536321330852, 0.01280438912229181, 0.006567949478393351, 0.007753124905004298, 0.015597420343734224, 0.006979892580920563, 0.006598715873230617]]","[[0.009118565287807056, 0.00652248924949376, 0.0060923081800277855, 0.004271928835740829, 0.003512563317364855, 0.015081156142082816, 0.0012111604240225505, 0.023193115296662646, 0.002952819722871644, 0.0051819357769285574], [0.0019434716568716627, 0.007495930492174886, 0.007934088631443905, 0.0017702191230757735, 0.015770281967012526, 0.014173727140488902, 0.0011335249759507656, 0.019417101191175498, 0.002920820980072753, 0.0025233263497983468], [0.006730083028893113, 0.008987240683317202, 0.003276099418384465, 0.0023161858948293063, 0.004802982431679999, 0.01041009174192551, 0.0005591890525452578, 0.012950355316702064, 0.0030412487108393634, 0.0007751694492594673], [0.02274458632281084, 0.015079837439638148, 0.011669589510273559, 0.009420301401447525, 0.02177373736822708, 0.01815837308868348, 0.0017024147278916766, 0.039235777460652356, 0.0058751930621004835, 0.006486376144904273], [0.0015048542680113105, 0.006638155142047669, 0.0008621308304689273, 0.0013841321872013086, 0.0038463489054480957, 0.004102464997239081, 0.00010862149274488067, 0.001690312726480236, 0.00152391956411099, 0.0007707551169362418], [0.0014722278680174494, 0.011540463319144057, 0.0037050491152185974, 0.0013629920720501496, 0.006792097312093945, 0.003245858125051636, 0.000594157134546641, 0.006242842838362842, 0.0017947255389523568, 0.00189589842218783], [0.010265209669688951, 0.013165583454591205, 0.0035216587600399394, 0.006649136276723623, 0.001968272476229603, 0.004632267841618247, 0.001367254499030497, 0.017067919801142997, 0.004035004873350343, 0.00122973225314121], [0.004568466157417445, 0.008669532148926474, 0.009255571901805426, 0.0037749801498179725, 0.006621579858470692, 0.010491448784774515, 0.0004594689734785512, 0.018081034350055453, 0.0036497481252802974, 0.003082876235118153], [0.009326256189828595, 0.028769365958285817, 0.007865645393743735, 0.003759225270875075, 0.020042946867571035, 0.007211727483138641, 0.0007737744597210933, 0.017121118814766585, 0.0055971192671611025, 0.003925521141430479], [0.01891860455719861, 0.036425631846980784, 0.03897808698145168, 0.018388354734011757, 0.048529897787407544, 0.04082625055655455, 0.02646713079568115, 0.08430807180833941, 0.02271054038914464, 0.008204609133619095]]"
random_10x10_d5,9,5,10,10,1000,4000,0.15,2.0,20.0,0.7086179422278719,0.5601347720633064,1,0.15000000000000013,0.14999999999999813,1.9984014443252818e-15,1.0131215776450788,0.27043116061724265,0.28629532727003104,0.10640203215594823,0.20997318140090482,5.028909190289702e-05,0.0014786734478528336,0.05028909190289702,5.9146937914113344,0.08,0.0,0.45,0.0,False,sparse_imbalanced,Sparse and imbalanced,variant_2,100,10.0,40.0,4.0,0.14,0.0,0.57,0.0,0.22719613320009271,0.34528141847688487,0.1273944362802407,0.15833173928912314,"[[0.005365980553257757, 0.004631647635156974, 0.00045581683610066635, 0.004771737634533442, 0.00774925998583279, 0.0028259129715669453, 0.012701680356798138, 0.01532457560456669, 0.0033927731921031897, 0.0045295029724057925], [0.003744248514132528, 0.0014788047588470167, 0.0009581248991620307, 0.003514868892993178, 0.029704479578311974, 0.004519636614850133, 0.005606168970566241, 0.057779457541985706, 0.006518967285532373, 0.00029026982035582224], [0.0013131647336308006, 0.0005367067117029706, 0.00012143668286053733, 0.009708547745526569, 0.0009303155497712519, 0.0018689035197506749, 0.011064597711550151, 0.013462866339777661, 0.004554074722239974, 0.0031645074347833205], [0.0064946672246188, 0.004529862227508651, 8.385438714335618e-05, 0.003696970382575792, 0.016350562137968122, 0.0010744669731845, 0.0332898201834024, 0.048991237580024966, 0.039605009877193474, 0.00650426179506363], [0.0037744498936417223, 0.007821080459640141, 0.0014153910672831656, 0.0035447947554122193, 0.00483231300435417, 0.008447558450447123, 0.01677648915601241, 0.017274857812291294, 0.014525962753998848, 0.0022654825790045913], [0.0026413550783879213, 0.0005656797113578432, 0.00013954338104616473, 0.00045748112595986334, 0.0018043645520641552, 0.0011071431946619364, 0.006466896521773248, 0.010335680376444004, 0.0033575003037130866, 0.0008448295862935025], [0.0043117767056470675, 0.004997425879598033, 0.00012922742670775075, 0.002954461675126101, 0.0026814368469416576, 0.003112048531084513, 0.011652186603031224, 0.03050446815846433, 0.0075852042031368475, 0.0014247604553621132], [0.012815986943402323, 0.002809448070302979, 0.0019110400406431413, 0.004277370717737294, 0.003331827394030892, 0.012275831429098525, 0.0164985977778936, 0.018251263943038692, 0.03126753584300724, 0.01789234323496908], [0.01805079950262182, 0.010614942212996407, 0.001246702855373756, 0.014043551404643992, 0.012828716399742443, 0.0030377143642489287, 0.06424329242651651, 0.07820389053562117, 0.013095158462516392, 0.011831365035811277], [0.0013628954581236842, 0.002198393895278216, 5.028909190289702e-05, 0.0019876012972678122, 0.0022861909723634645, 0.004870411420738222, 0.019296712673289723, 0.055153120584670395, 0.0026385587190716586, 0.0006668485048535263]]","[[0.002873718599582133, 0.005694469989917704, 0.006771125745969059, 0.0024911240124201716, 0.004722219910720552, 0.01983971874134896, 0.01708880045488136, 0.006885218555364547, 0.020045193214725854, 0.022015565643369216], [0.01858559983620132, 0.0030536116123679327, 0.02084522234884713, 0.006972896455995791, 0.0028473168214509653, 0.007911192965320083, 0.009368381811910291, 0.00694494455080674, 0.022115521853442767, 0.005955385558679463], [0.007015412407428732, 0.010706347855327895, 0.0074327725116687645, 0.014803071782774544, 0.016636558437790418, 0.0077791753190398485, 0.019231949629313315, 0.011215063197162567, 0.010344378124635638, 0.010395060452760596], [0.0032781148862058083, 0.0034579756819264514, 0.006476815836725564, 0.0014786734478528336, 0.004123516865064759, 0.00931983754187876, 0.0036718091190932117, 0.003530514351199946, 0.005895390530541717, 0.00478399199131944], [0.024534083549227537, 0.006913642335433262, 0.00583463680241767, 0.00710260729473283, 0.007217792538649549, 0.012308141137190233, 0.018981434902100327, 0.013123919722807595, 0.014555802339882004, 0.0063736414505211865], [0.0036205329911537347, 0.0020466406270921423, 0.0051470114574724505, 0.012031736814311985, 0.007640778909659607, 0.02800207254820838, 0.009167855858523689, 0.005100662450672472, 0.01897926346006063, 0.013239427877331674], [0.005957044930434409, 0.0120231492661043, 0.00873835408254902, 0.009244839544064654, 0.0048923771575353015, 0.00924325594233316, 0.006348082449869641, 0.0030753902207310262, 0.015570996287641907, 0.007973195656739335], [0.004129466797041977, 0.004904626717499097, 0.009142328111002983, 0.003149322859825152, 0.0020173899863369714, 0.004621301570939564, 0.002555983156588971, 0.017935568275494994, 0.018357117638726918, 0.02025687581647661], [0.008696103492612786, 0.014457293884711737, 0.008620800528541542, 0.0051194687372862575, 0.010474533460306867, 0.013354347900709884, 0.008953204373958454, 0.023499237583776967, 0.026669457521122052, 0.007549988797214143], [0.002547412103610865, 0.0044064916395647686, 0.006706336765225621, 0.005611147165555537, 0.03362588869538604, 0.008535834902488852, 0.015120374724007865, 0.0020777446907354214, 0.005798618318343668, 0.02151370452642285]]"
random_10x15_d0,10,0,10,15,15000,15000,0.03,50.0,50.0,0.25139270808746367,0.23581759942024957,1,0.029999999999998916,0.029999999999998916,0.0,0.3372356154114821,0.058052794948457095,0.06095648743368785,0.015915979231377442,0.031365080752628935,0.0019463884859917066,0.0032971371733460588,29.1958272898756,49.45705760019088,0.0,0.0,0.0,0.0,False,well_sampled,Well sampled,variant_1,150,100.0,100.0,1.0,0.0,0.0,0.0,0.0,0.12654587817105512,0.10456529234194993,0.11568254192801003,0.07925249460669084,"[[0.009047822347211139, 0.003965671754835952, 0.011703281748233525, 0.00799340589244835, 0.009703404070768471, 0.00813984063919815, 0.010801761679530082, 0.0050452724424420465, 0.006590200653395031, 0.014188126952730874, 0.00792756961645411, 0.00998586338317127, 0.007177712690004729, 0.008858396028399574, 0.00541754827223181], [0.006851731815964852, 0.004192437142203784, 0.006391376671373678, 0.007299930229642253, 0.0048088096347739355, 0.0049081166612581105, 0.007375154916363243, 0.004938296914510114, 0.003941128861539814, 0.005248502917706396, 0.004753070673902866, 0.006584003289728214, 0.003347276680379003, 0.004272116362704992, 0.006541697326564771], [0.007359517450815951, 0.006201015988146067, 0.0056853583074225195, 0.005317790495837834, 0.007315365280279014, 0.005293749892644097, 0.011054274091796342, 0.003968075854334029, 0.005549420532279418, 0.00684863874937888, 0.006613764321126638, 0.005556505945023911, 0.006429931485016504, 0.004617217449359022, 0.008584325096067876], [0.006821704525469042, 0.004864596242050892, 0.005466038562230922, 0.00672161802935115, 0.004997080279487824, 0.004470892529425316, 0.012547000190509968, 0.006119363753417401, 0.004329276953955763, 0.007063723816574738, 0.0060329554502494805, 0.004966936466804406, 0.005148294819907764, 0.007615748810696373, 0.006380184737663584], [0.007012397874821937, 0.004275625068778937, 0.006589196643710135, 0.00817217154762344, 0.006012131379282204, 0.003707527408157541, 0.008550735303611548, 0.004198669299512708, 0.00605294309148002, 0.008563448694037419, 0.006894837953350518, 0.008008729230091783, 0.010269323036072496, 0.007305860317028722, 0.008844684088602983], [0.007070359770528944, 0.0077676484165938075, 0.006974350027730686, 0.006558189958201369, 0.0066547036520220254, 0.004256992109570327, 0.01309131671106144, 0.007588059863341662, 0.005265757158822068, 0.006220909069977225, 0.003998128851729955, 0.006046594694274765, 0.007201454156413126, 0.005412727000996018, 0.011701050572551903], [0.007236913974886777, 0.005130165904473653, 0.0074407416979201954, 0.0052666130506815656, 0.008709281302111198, 0.006730168078105398, 0.0077406964287731785, 0.007521164030490862, 0.00570359869847207, 0.0056298708186789765, 0.007029685379323086, 0.004545273896842912, 0.0052851114265277145, 0.006641136630882416, 0.0071153425238884935], [0.006385709015662462, 0.004079403247349556, 0.0063246335919662725, 0.004490750626608928, 0.005279457094533671, 0.005919662713301691, 0.013044841063284096, 0.005472204961308337, 0.0035431843770510184, 0.006634477325443397, 0.005297691218259579, 0.00767647670408729, 0.006011313567340128, 0.004589386543407283, 0.00624801350802262], [0.003091617356145165, 0.006754401505356432, 0.003574085701821065, 0.004119101160901982, 0.008248788342449728, 0.004463665898192252, 0.010477377940075616, 0.0048977602312022216, 0.0051420614772788335, 0.01427291316546833, 0.0019463884859917066, 0.010348543152433928, 0.005015465954590642, 0.0071711790339214826, 0.009878036844842772], [0.004658658630063005, 0.005491074806959341, 0.006671544884548011, 0.00401323090965337, 0.004475324036387721, 0.012032290005582723, 0.00988213401694442, 0.006419752526513549, 0.007005530746632706, 0.007993414632442691, 0.005828347698962987, 0.005782083979409562, 0.008183017949982416, 0.004374520035065289, 0.010858302163523566]]","[[0.006612981342393861, 0.005666032094244757, 0.004109081645828895, 0.00449660677724609, 0.004835460230046768, 0.006973941010246928, 0.005431553485112876, 0.004396191665062239, 0.010472425184066374, 0.005849876938814916, 0.0077181365005761825, 0.004471266543888116, 0.009740086231756732, 0.006397880899967053, 0.009734332345001253], [0.013051531444300086, 0.014422325994756572, 0.006522020046313233, 0.006776169678684636, 0.007397287912537799, 0.00620081991942634, 0.007053076599936291, 0.005545441563256509, 0.0039780165251847395, 0.005457401686174409, 0.006125228728683226, 0.009689648163008826, 0.004348417489667923, 0.009877504793261946, 0.00720522899798039], [0.0041475798216379185, 0.006264296159883898, 0.006829702417322901, 0.005284879078113022, 0.005081863103196312, 0.008038225446104283, 0.006572445289746843, 0.00567520752015779, 0.0038442663907698425, 0.005985938351349647, 0.005853896014557724, 0.00933498914367882, 0.007466155068968257, 0.005067103918312809, 0.007100247216977016], [0.005638291574042576, 0.00594826267768216, 0.0038660533046092948, 0.00399005225067872, 0.004406752118844718, 0.00815848921319368, 0.003545975577522948, 0.0062121616400170705, 0.004882361221454364, 0.00824914770028605, 0.006021262691751343, 0.005425182375586519, 0.006437844935403347, 0.003929645991732325, 0.008263020066315838], [0.0064317790954115375, 0.007421936953138846, 0.005923340707413607, 0.0032971371733460588, 0.006114956549658931, 0.005738007419752185, 0.007100917783595861, 0.009436242861370568, 0.005565317013909378, 0.006756352282573736, 0.008582279344090109, 0.0048830079793906744, 0.007176747846808108, 0.005679520045358689, 0.0065045949262389725], [0.007285203823377031, 0.008585676012843064, 0.007663523409483931, 0.004234825030681098, 0.006482469036839235, 0.006458159626313578, 0.007137887388126127, 0.005441159637583186, 0.004484028272641601, 0.009664021988253477, 0.008694978953020877, 0.006914129691805454, 0.010113428511144058, 0.007385459662492886, 0.006906652393802631], [0.013147328165602034, 0.006601619391831619, 0.005226235596751742, 0.004621785597012835, 0.0063414943283099335, 0.007704652808706846, 0.005052221406414747, 0.0058934457290747986, 0.005891204110310197, 0.010576037860134564, 0.006554825107433901, 0.006413886016562911, 0.011641186285646353, 0.007657633043859235, 0.007121691816693607], [0.006039800618228, 0.006219466035289667, 0.004214165394490226, 0.004508555313488052, 0.005992584032962381, 0.005875516920516136, 0.0050489579195948, 0.0059516801448529465, 0.0038475425380644548, 0.007451162520904047, 0.0054224962123004625, 0.007244244323222405, 0.009491537890315342, 0.007507219034033549, 0.007167044929738998], [0.00704882060748086, 0.009329288969708487, 0.00983722390021783, 0.004718586223966608, 0.013780997325434856, 0.005991577072209521, 0.008538273904415711, 0.006794237441136872, 0.007001305168972273, 0.00709982466668863, 0.004998670837478684, 0.005738126505264752, 0.005804526823464928, 0.007676575641127421, 0.011324506840442602], [0.0050729657320727475, 0.008264654046211878, 0.006133370688663477, 0.004586274991087856, 0.005947910327533451, 0.007507331890530663, 0.006142619167715042, 0.004749376908120913, 0.00905386749135722, 0.004821989451251175, 0.004663201687025709, 0.005716513014073263, 0.007032563523515811, 0.004066630317910226, 0.005989955604784217]]"
random_10x15_d1,10,1,10,15,7500,15000,0.07,20.0,5.0,0.38580968312116215,0.3749997391085103,1,0.0699999999999994,0.06999999999999984,-4.440892098500626e-16,0.6752430142169856,0.1320607971315019,0.13871300015750906,0.040057063032445495,0.0807396788876205,0.001380388270687138,0.0009677931253092431,10.352912030153535,14.516896879638647,0.0,0.0,0.0,0.0,False,moderate,Moderate,variant_1,150,50.0,100.0,2.0,0.0,0.0,0.0,0.0,0.14290520652859168,0.10711591536345974,0.2148476725911993,0.12940332946789213,"[[0.004794471032566475, 0.004657744178133608, 0.006249415702453793, 0.0035407989847881793, 0.005448744249253131, 0.00911986158516331, 0.004898934018359767, 0.010087801868083987, 0.013109500691147849, 0.004862111204739518, 0.014309303204056534, 0.005169831760742834, 0.0038911315536970764, 0.010395292283286468, 0.006791323776165547], [0.003935631782347197, 0.009665534210777232, 0.0020439383634093043, 0.010199185619114343, 0.007075751666998988, 0.003633068133984384, 0.009062578138230087, 0.0068397604173597625, 0.005117123721542016, 0.009355436811289752, 0.006045001433816804, 0.006553548941815607, 0.004599184342954034, 0.003885992950432955, 0.004627515986896795], [0.007570803546031127, 0.007884487994064722, 0.006664001637416069, 0.009995155567306789, 0.012531984543859056, 0.009076316807472017, 0.009343931225758067, 0.006978533428818391, 0.009160353574240164, 0.0032418038860192186, 0.0091033037037339, 0.005323413947182924, 0.0035404607749221374, 0.0039056072388313754, 0.003999371754101809], [0.0016361656785579867, 0.01075672754079829, 0.006346108003930884, 0.004463286022318349, 0.004906931284984206, 0.006333755497734841, 0.005892180530696801, 0.004620256144892028, 0.00998485007040863, 0.00493014302474593, 0.005906170625755134, 0.010981745258009231, 0.00334768307651332, 0.004862257630675823, 0.004498580410688674], [0.004005487180548969, 0.007404074234040522, 0.004845587477691071, 0.0036011231549019466, 0.003449667586690702, 0.0035869828844506085, 0.0031467445113926643, 0.004982324882965548, 0.004709388492643823, 0.002849393085251485, 0.004514982458212016, 0.004427165402045411, 0.0016400624987887636, 0.003720871736477495, 0.0039075735487270865], [0.004528718093681924, 0.017441169465655337, 0.006319553597340226, 0.006292513620120712, 0.010976738549171649, 0.009573219904721646, 0.010952492323586815, 0.012226125814683233, 0.01777702427664077, 0.007627790960700302, 0.0072080927970576735, 0.001380388270687138, 0.00412631504153052, 0.007293384646467376, 0.007706690258470524], [0.0037018278300545173, 0.008048467904706454, 0.005916222499026722, 0.008777739393349438, 0.004907727665357459, 0.004109503415937557, 0.006389359786839253, 0.005435745193867655, 0.005049448007937123, 0.003644672350270291, 0.009507046606664727, 0.013756951219577531, 0.0032329634642312885, 0.008831496351475706, 0.0068225925989124575], [0.0036747311769374895, 0.004288445235700699, 0.003960178124947737, 0.00690367453002373, 0.006834679618341093, 0.006336015468887394, 0.00561189892880933, 0.0054061087607231596, 0.004211785392862842, 0.002000143195534819, 0.011243599762505605, 0.004854899145682165, 0.0018497357015350383, 0.005720669248338775, 0.0052124383034864085], [0.002387238526788524, 0.011444992492239884, 0.0041276034575997225, 0.004965638230872955, 0.008477465498832252, 0.012438728283421373, 0.006709211390891019, 0.009476408737131214, 0.0029110673615164577, 0.005514329057065914, 0.004223529831093638, 0.004022809624318761, 0.004139241338272077, 0.002952723178760945, 0.007089503780659878], [0.013351013555146866, 0.025524272107343, 0.01384402257492456, 0.008283352636185855, 0.015604976681582514, 0.00403177571017706, 0.013059575365603794, 0.009006994195249685, 0.008164933945001177, 0.0037299337982901353, 0.00894389165158941, 0.0038952522948226824, 0.003743371379289345, 0.004434485998761391, 0.007287354634624206]]","[[0.004379406515028661, 0.008917007014878122, 0.006703377598553126, 0.00330674627240119, 0.002879324318449036, 0.00879246751878129, 0.010975344127008362, 0.02445593342690442, 0.002868930728572214, 0.01078362236819567, 0.003461140488563769, 0.017923610281133893, 0.006645685843205906, 0.0013816435298774914, 0.006403205294078644], [0.0021679579301177865, 0.004591151508334798, 0.0037004737676368847, 0.004482566857732191, 0.002331690933504329, 0.006042325705270026, 0.016772786480601678, 0.013298238576940107, 0.004650852944031134, 0.008490913770536573, 0.002135904143352792, 0.018501991197683556, 0.0026445490082787067, 0.0025097848345895482, 0.00427871377778057], [0.009449742084306581, 0.011964569082351174, 0.006465807172652877, 0.005715620923138566, 0.0023295179299387785, 0.003958522606498526, 0.006274689696403744, 0.009010896252704426, 0.00313446063923018, 0.015064825858690166, 0.0021148310816143235, 0.019458031722538932, 0.003146843012564642, 0.0016082701827301034, 0.009161884290837492], [0.005488310858349192, 0.005602563049681623, 0.005376828469486651, 0.0037818059548529607, 0.00155099512356643, 0.004750363970044547, 0.007851204729442214, 0.015160993120473105, 0.0039597820393401165, 0.007676260990250713, 0.00319091697594612, 0.007205143071982664, 0.003210947721830188, 0.0010251719908617174, 0.003994306852731705], [0.0036610885568417986, 0.0034279061579936404, 0.0032558058180853465, 0.0017977650391967008, 0.0026149059713728106, 0.001174550806086959, 0.002018089713399096, 0.007441463417860372, 0.0019339869542380644, 0.0055169961352872195, 0.0012799216949478743, 0.0033068019857288777, 0.0016283925048419035, 0.001689509608735487, 0.004026628332821928], [0.00398023173225176, 0.004897875337404756, 0.006101535629920604, 0.005902670017108689, 0.0031708075037706275, 0.004048063534214534, 0.008147900920770007, 0.007050375742230112, 0.003910562597099687, 0.00782973768189394, 0.002740995907611954, 0.011698926614689853, 0.006929360488976104, 0.0020270942472631155, 0.005263908195534968], [0.004581412520536134, 0.004530890052692608, 0.005117855786607456, 0.014794158654326237, 0.003223945305845829, 0.0016810907539159259, 0.006846980181115496, 0.007717587110874836, 0.005539886990720967, 0.007194821614969303, 0.001624362628853288, 0.011579623454548266, 0.0030219944558233006, 0.0023893703229032107, 0.0038536967457384334], [0.008667959918891813, 0.018252492190164823, 0.007793666380781568, 0.009604770293392118, 0.006630573404063608, 0.006319755022340982, 0.021492142800413835, 0.02678433984785393, 0.029724403132138442, 0.019555021380924426, 0.010473800980736709, 0.012243377823452525, 0.01175414433432962, 0.005562498696159193, 0.019988726385555693], [0.001237297360003138, 0.003080558756860421, 0.0029868002056812485, 0.004768429542665065, 0.0013825152270065986, 0.0013357907146399322, 0.001835884036791635, 0.00860479208375927, 0.0038965336242584997, 0.0029107847587145803, 0.0015441561199979318, 0.0031214522090584978, 0.001720312869349313, 0.0009677931253092431, 0.004157743669848186], [0.006162449295682821, 0.009500406603642158, 0.014073704998008668, 0.008346803512825733, 0.0012212206343506532, 0.007744788290738572, 0.012045211647607627, 0.009878709888291554, 0.0037091284029637426, 0.0156210109512243, 0.003064622947961654, 0.015902809287945595, 0.006097767294209746, 0.004827156664824951, 0.006072703039866625]]"
random_10x15_d2,10,2,10,15,3750,15000,0.15,5.0,1.2,0.6128625037879538,0.5777270961608327,1,0.14999999999999902,0.14999999999999947,-4.440892098500626e-16,1.148328668896347,0.27808748790312465,0.2656477967411279,0.12771151427712768,0.24581298244874905,0.0003492386012274378,2.7197396434606113e-07,1.3096447546028918,0.004079609465190917,0.0,0.08666666666666667,0.013333333333333334,0.20666666666666667,False,sparse_imbalanced,Sparse and imbalanced,variant_1,150,25.0,100.0,4.0,0.0,0.11333333333333333,0.08,0.23333333333333334,0.14101092777687868,0.1168749658161791,0.27330996065792623,0.1570687356795378,"[[0.022668227486963694, 0.005040350423017241, 0.007084549755945847, 0.01095072696822339, 0.003991303686913923, 0.002435690922291404, 0.003672991669279916, 0.006190822672793433, 0.014705107754401087, 0.011758141404832568, 0.010246020554811924, 0.012146238613215161, 0.016061891585795275, 0.011060033880274697, 0.002998830398119112], [0.02423224005175569, 0.004366876577119215, 0.00397203798711622, 0.017778554918079455, 0.003975140948831864, 0.011077897337382913, 0.007278413928831399, 0.007836565376923588, 0.007166329361785007, 0.008456576458532952, 0.005881233560720299, 0.003502214876962737, 0.02495228945708638, 0.0049627478418151, 0.0016619866248469477], [0.0030410719095111008, 0.002188955464640492, 0.0009472504426438559, 0.0014112767549460206, 0.001036327319768049, 0.0015154718837965535, 0.0021038907792313927, 0.0025325584078883224, 0.0010013585546687867, 0.006281483642494871, 0.005412777164114246, 0.0020860882443472224, 0.009336937797466827, 0.011297191446737147, 0.0020814679931284888], [0.026442669838520075, 0.007755962850446288, 0.008476519659229981, 0.015284060655689257, 0.005432661869356297, 0.001964720288156545, 0.00403528861872084, 0.008484456353274574, 0.003300750169139493, 0.005196019354039344, 0.0030595998080827583, 0.005147843928789869, 0.006497389676049042, 0.01137592261249855, 0.0005029592080318804], [0.005305738861185461, 0.004048198569538447, 0.0006064289688156244, 0.0032465558677220725, 0.0042749616473277815, 0.0037793839494503784, 0.0009324466540994971, 0.003310846380039404, 0.008906949442149396, 0.004334592094124587, 0.008248053472342828, 0.007331567912331451, 0.0036912913746449793, 0.0036328780723086603, 0.004899835537133769], [0.002915675935947639, 0.004802422773149191, 0.0020870149322591166, 0.01320807989581675, 0.0009832227691787413, 0.0034233368316589487, 0.0036436821016083594, 0.004028598332759255, 0.023100841096146622, 0.011124110103506796, 0.02057913243907652, 0.008140847151895829, 0.00595819885144875, 0.0070742807128984465, 0.003030572417943164], [0.008361543762925378, 0.00312716571635494, 0.006408938659275189, 0.010285696842013225, 0.002839673913442137, 0.0031134858770158176, 0.001544807594651636, 0.005729096177102839, 0.007411620019158443, 0.003890568232192287, 0.001563999497656947, 0.026188422114618574, 0.01832776462049181, 0.0037688074681513297, 0.002614886093778611], [0.011722581579778882, 0.007623211388029435, 0.002054774908645298, 0.0038224617120047075, 0.0003492386012274378, 0.0005777353432228344, 0.002007296567384234, 0.0008076375424583845, 0.00365819920390309, 0.0017581173495283048, 0.0017616006119607276, 0.005923884717686448, 0.0036007431522641835, 0.004425759678323001, 0.0005152652919954249], [0.004133103605059217, 0.003060343891272792, 0.002894701387128151, 0.014126741468952446, 0.010958507742802194, 0.0017898682965629862, 0.012082913590352407, 0.005745210284367484, 0.008664666677012751, 0.006680139614198815, 0.004800740346729132, 0.005879043238901384, 0.015631932085219825, 0.010793118595698687, 0.0005304031806163961], [0.008052112784531973, 0.004302195442259282, 0.005292034793197762, 0.00767378876616425, 0.0024953139668335445, 0.00556369467742435, 0.009048889977293214, 0.004712687307958948, 0.0025644703675490772, 0.014529044080602675, 0.012757917576708829, 0.008501080292213335, 0.011915105620944465, 0.012770506213161725, 0.0022720289624553096]]","[[0.012382058742802161, 0.010854996710554865, 0.07436123343770237, 0.0010054323896310962, 0.01535593534101336, 0.009147030785301005, 0.00015159540655840104, 0.013448394798491678, 0.014040651931132877, 0.01675026770777806, 0.014190278216515069, 0.026784134728331615, 0.03590784861506552, 0.006832009693477676, 0.011717155320362636], [0.0007698114625772819, 0.00022635415497941104, 0.0009436385238488868, 3.743069757709351e-05, 0.0009211560052328325, 0.0005402991893974498, 1.1691386643477613e-06, 0.002304223329780411, 0.00016583670511930313, 0.0004450611416543653, 0.0025503306373292024, 0.002654451353529541, 0.0007270704836035351, 5.452052906816477e-05, 0.0005455049871057904], [0.0002517337905432838, 0.00011961462452816875, 0.00024568325907135515, 6.907616262945977e-06, 0.00020500687428232604, 4.7907378773462906e-05, 2.7197396434606113e-07, 0.00020031963184488608, 2.2076521765713168e-05, 9.973972892183559e-05, 0.00016824250572758444, 0.000481085543357821, 8.667308066656054e-05, 3.255584463238858e-05, 4.2625231884432973e-05], [0.009543663032787838, 0.005253991762081767, 0.01607679254444106, 0.00046690350814349333, 0.01035221579385269, 0.002196603813232487, 1.8611591094629062e-05, 0.012335118789851586, 0.0026752884288828304, 0.005152870342311224, 0.015558989266711693, 0.006995231483860817, 0.0039021326377237397, 0.004976933000763369, 0.004367170860052453], [0.0037080902430694698, 0.0011781549771461065, 0.019037313550996093, 0.0001974175234322384, 0.002142186078711867, 0.0008287388447782846, 4.6305264158233276e-05, 0.01298315434183295, 0.0004257618602974242, 0.000772626654849024, 0.018267455862285037, 0.009306383465932764, 0.004329607150618914, 0.0019902535481407056, 0.0008510026361171082], [0.0027646101315874985, 0.002587120497120932, 0.00459958777052563, 8.3642069520706e-05, 0.0034520733687732766, 0.0010862290495879231, 1.732806441805814e-05, 0.01042341297582297, 0.0005356702123681818, 0.0016423554808250242, 0.007202192455114571, 0.0054087163968048945, 0.0016663455724866998, 0.0001349637903147236, 0.0028340731963583765], [0.0020485694330813907, 0.0008362711148846741, 0.0069351546479817, 6.892158821425173e-05, 0.0057686424336039965, 0.0005035730832577738, 9.024477030708184e-06, 0.004035992705295712, 0.0008331731213536397, 0.001367600282424451, 0.005023329747285798, 0.009870922284769318, 0.0012155323760993369, 0.0006627504989903048, 0.00013812614125649952], [0.007096415603254852, 0.007199343100234571, 0.005848240853200587, 0.00041122159069260504, 0.015208296033440897, 0.0026195851164100776, 4.410874401922599e-05, 0.04833295807582921, 0.008353311228648914, 0.006825230445490724, 0.019907270570115744, 0.016848252122196965, 0.02076223706940385, 0.0020180920218454477, 0.0035508461467059723], [0.07874015436576812, 0.006792633315506396, 0.025725279474823164, 0.0017261319922389612, 0.02456645994650021, 0.0013011234098175882, 2.9823171638931718e-05, 0.03205456123771355, 0.010216342494056481, 0.0027446190832989244, 0.03922150453676092, 0.022518199732786324, 0.016861981946236792, 0.00603614104657949, 0.00477500490420033], [0.002291680843544605, 0.0005883814219018914, 0.0032958116169469393, 3.631457489898392e-05, 0.0017774039674020464, 0.0002680088626826868, 4.514770521423391e-06, 0.00805124511896398, 0.0002764118816784351, 0.00038148454133382577, 0.0006124435227306253, 0.0023938015094582318, 0.0029742762378074023, 0.0003714100416613994, 0.0008222421133217179]]"
random_10x15_d3,10,3,10,15,30000,30000,0.03,1.0,0.5,0.35479759269549843,0.30112590328760735,1,0.02999999999999936,0.029999999999998916,4.440892098500626e-16,1.2814407515140886,0.060016406761563085,0.05811652812738598,0.07159834989117364,0.12396630828321764,9.661356267399045e-07,1.654167664860423e-07,0.028984068802197133,0.0049625029945812695,0.04666666666666667,0.13333333333333333,0.14666666666666667,0.31333333333333335,False,well_sampled,Well sampled,variant_2,150,200.0,200.0,1.0,0.06,0.12666666666666668,0.17333333333333334,0.32,0.29564005692321144,0.1897205596530639,0.4953084299167342,0.2169321952614211,"[[0.00024638594993777184, 0.000499358566392974, 3.4270013750347204e-05, 1.3901552979569225e-05, 3.327269079585288e-05, 9.661356267399045e-07, 0.00012017540129997871, 0.0002084309272472384, 0.0002534866538981228, 0.0001334198095218933, 0.0008853473488212579, 9.165626948690141e-05, 0.00016292717821866828, 9.253935345795182e-05, 7.5148745161592e-05], [0.0010099175999745587, 0.0018378068663598202, 9.003573634558746e-05, 9.82568660484675e-05, 0.00012399706455221924, 6.253807932811969e-06, 0.0004734828705432814, 0.00039081525867084573, 0.0009362074361502243, 0.0007160075372279561, 0.0011467576589109128, 0.00036413000180281045, 0.00189314817593963, 0.000881107168003874, 0.00038665161533025524], [0.045575127252930434, 0.05454316180009138, 0.0025271447272896086, 0.0021392334223260794, 0.006860920135281124, 8.987271360533434e-05, 0.011592773149990887, 0.02598471669722638, 0.017406970379767895, 0.016894049957922697, 0.03307914928064029, 0.009702788559355996, 0.05861699085386353, 0.005357304329400981, 0.005269853663518843], [0.03735822108838041, 0.025739976460829952, 0.002084467329651067, 0.0021592823359331275, 0.003726156478879668, 7.222723569877842e-05, 0.009488229601589388, 0.0127901126706775, 0.022330662353823746, 0.027013131134655127, 0.02242570330757873, 0.007235659583462079, 0.029169910498672763, 0.00811898915313951, 0.004306773093140603], [0.016512953412229813, 0.019796792858204355, 0.0012867612988829813, 0.0006441203879279521, 0.004647019375690058, 2.0418803335571045e-05, 0.008011265225424159, 0.015316769019931991, 0.008073859283468175, 0.007123270138393192, 0.011804955661869086, 0.005022473776804633, 0.03301093394896165, 0.004574076860717012, 0.006253204858037156], [0.01842589955100426, 0.027287242350063457, 0.0017101018455971768, 0.0014896979574714453, 0.004746281941462839, 8.704644623916731e-05, 0.005782921434427535, 0.013990227572823831, 0.015053609715372231, 0.009863427718215504, 0.012291355864535534, 0.004447532201015507, 0.03182773176610905, 0.00815196593125309, 0.005545203456777465], [0.012359341389127617, 0.018726399275128983, 0.001764431094398073, 0.0005843457782057719, 0.0037818109276127852, 2.9425023281840716e-05, 0.004367065290126179, 0.006771892806475451, 0.007919681102385246, 0.009201410480851758, 0.013863341567085094, 0.004193095143447709, 0.028120145082048045, 0.004542036829990688, 0.002395189727800837], [0.005059792635241631, 0.005828078201608685, 0.00025080419641702856, 0.00014388144528646802, 0.00026346604831293835, 1.8916095443140522e-05, 0.0008942523316796517, 0.0024212801910905753, 0.0017368105232078942, 0.001626040256797985, 0.0017795590296897212, 0.0004993558727994954, 0.0015409281552366768, 0.0003785705085700937, 0.0005760359373849586], [0.0014196549635233364, 0.0029552943817365437, 0.00013424038438865815, 5.95196490387294e-05, 0.000611364513766902, 6.8402153073721845e-06, 0.0004027795036181278, 0.003710405395203782, 0.001038754853887682, 0.0005862920243741878, 0.000723777677483323, 0.0005145603215280748, 0.0016168202749188172, 0.00044105632700910165, 0.0003815906897521289], [0.0032905978358759975, 0.002020853040864432, 0.00021946134385492894, 7.486177501816745e-05, 0.00023721860651777058, 6.402674225419108e-06, 0.0006347081541386838, 0.0018174615269217409, 0.0008875706014620927, 0.0007872058656942466, 0.0021311466351315463, 0.0009848215819918394, 0.0037610237190950366, 0.0009317830716682515, 0.00031000727331019354]]","[[0.003257469462091102, 0.0013180973222542075, 0.00876505848775295, 0.00124630925538071, 0.004948224723150075, 0.0009663880961039252, 4.6136107152869826e-06, 0.0001266948071889199, 0.0016429353718714274, 1.5581787941444684e-05, 0.0011339524938560831, 0.001385521109911464, 0.0007615915408180396, 2.672591927591126e-05, 0.0034521946146461586], [0.0033407640850929127, 0.0015972862235932594, 0.005767928409541025, 0.0011282547296617104, 0.0017772036184174704, 0.0010102528987390984, 1.9623710097336244e-06, 0.00010218794902330784, 0.0014115026033320118, 5.948026041902624e-06, 0.0012278609651723935, 0.0009344351567490359, 0.0007988869595987177, 2.4799558110191123e-05, 0.002415754606481673], [0.021218578048312255, 0.006910117007924818, 0.016939269108329144, 0.005733587282621307, 0.01230593620072859, 0.006224795394190923, 1.3101287551366692e-05, 0.0003639822237877856, 0.007732038472818368, 7.228334860805182e-05, 0.004406104682596986, 0.0048500547692905, 0.00455430600572783, 9.71339119845237e-05, 0.009804579685065885], [0.05760406083027757, 0.029565920708998224, 0.11123242870956235, 0.03338145034004215, 0.054679921751243456, 0.046027668598683624, 8.152949729303371e-05, 0.0021957086072020475, 0.024483208139012756, 0.00036312216496338053, 0.04132915290595517, 0.026497407892162848, 0.013673047749219345, 0.0003585365456563464, 0.05383526547646182], [0.013859289323287931, 0.006946896947118075, 0.01972145203189603, 0.008939758000592513, 0.016930220882163595, 0.003877812717230487, 4.3248491911365885e-05, 0.0007276911116296695, 0.009152440002996894, 5.037498043946751e-05, 0.00737597389323653, 0.0022424485154942174, 0.0088008611161747, 0.00010326924320338673, 0.010403027186436414], [0.011528912336800957, 0.006443719717157307, 0.02740727823346111, 0.00712286370502641, 0.02362250687241491, 0.005763502581355509, 1.934491510937144e-05, 0.0003502079715910596, 0.006912439572111038, 5.623764437706657e-05, 0.0028734466608771646, 0.0036727974527843254, 0.005313824954187138, 8.614741711621277e-05, 0.017158850997618432], [0.00015318676600992127, 8.255240390490089e-05, 0.0002523161184252116, 0.0001570922213993934, 0.0002327103311498852, 9.651048940846109e-05, 1.654167664860423e-07, 3.908855811670345e-06, 8.673082596584569e-05, 5.610055346660132e-07, 3.734421778638067e-05, 3.936512679025787e-05, 4.4250225856219074e-05, 8.396550740276147e-07, 0.00014190430301268497], [0.0003496029174716028, 0.00015241827080209185, 0.0001724138592010794, 9.407493340294208e-05, 0.0003059821940490367, 6.901653170186391e-05, 3.871097706641074e-07, 7.555932763191144e-06, 0.00019159221483217836, 1.2773587320189202e-06, 8.953685294296938e-05, 3.8743168241806796e-05, 4.8918768227441474e-05, 9.440460288190706e-07, 0.0002613482066785165], [0.008198410534762867, 0.003879207741348896, 0.010090765731987455, 0.0017099176557407972, 0.0065496032164676105, 0.0016023501448261094, 1.0207059693914055e-05, 0.00015531503369970785, 0.0035380894370414446, 3.214025942982443e-05, 0.003135778833811907, 0.0032953040633034378, 0.002978569167340725, 0.00010218228200731932, 0.005472440465692894], [0.015700412895116322, 0.004015531632492396, 0.01658328457126473, 0.005513789806666654, 0.004685149118745224, 0.0031397250572709257, 1.4415970824987775e-05, 0.00024515852763472523, 0.004653376465627535, 3.916327252007768e-05, 0.002505143355701107, 0.003013714278224717, 0.005021045776018654, 5.084826839630831e-05, 0.006318179463004749]]"
random_10x15_d4,10,4,10,15,3000,6000,0.07,10.0,0.8,0.38236710262360346,0.45650164847893765,1,0.07000000000000028,0.06999999999999096,9.325873406851315e-15,1.073740913029896,0.13694550769232558,0.14116075129111946,0.05910549566111056,0.1194157813387115,0.0009511540693583289,1.990155978754486e-05,2.853462208074987,0.11940935872526917,0.0,0.07333333333333333,0.0,0.2733333333333333,False,moderate,Moderate,variant_2,150,20.0,40.0,2.0,0.0,0.09333333333333334,0.04,0.2866666666666667,0.16029978832907893,0.10184701209672742,0.32674493319838327,0.1583319423643141,"[[0.005599744078889876, 0.003933777706895733, 0.00402654084215796, 0.004104162284927686, 0.0014739057156373625, 0.0009511540693583289, 0.0038050085167145318, 0.003928639016426512, 0.0028332839243915397, 0.001605075392044362, 0.0015543184911770164, 0.005243891575235519, 0.0035343564004303423, 0.006038795453177973, 0.0012510635429477212], [0.010603765598513396, 0.014772717476606696, 0.0107135561687942, 0.007169195359874751, 0.005423409513995158, 0.00371870063028995, 0.006913524644951901, 0.006683248076874694, 0.0055318996626572475, 0.006199282635160046, 0.0024703824397529165, 0.017407620457039818, 0.0017643992422040184, 0.009656467752464277, 0.002938881525257542], [0.006474008875859099, 0.00604890616189571, 0.006296707918857382, 0.010244654072698818, 0.005031573068796299, 0.002609128683864516, 0.011102548949831656, 0.007760699081502217, 0.0040837816209369346, 0.007939107635997948, 0.005196291401211299, 0.008667779757545064, 0.008463355466006696, 0.014047869628778117, 0.0032455315346600596], [0.011021900835857117, 0.004132234264137631, 0.0065111129099561845, 0.005237177981297698, 0.007540483293378781, 0.005565904734985903, 0.007184503280359115, 0.007163898099527873, 0.0070141573915842945, 0.004304198521361961, 0.0030709806309813454, 0.020781867276847422, 0.004682947540680042, 0.006496538381553824, 0.006295000251015957], [0.007823136780171363, 0.006822114650857808, 0.005826465605381673, 0.014651717151095752, 0.011649451346453704, 0.004585548675729955, 0.012915621773958207, 0.01015304327461703, 0.007330376122331364, 0.013594944672307001, 0.0065508130746144075, 0.005246766938125265, 0.0077450451567016, 0.006955818001557304, 0.0032284685198444686], [0.026989819798224953, 0.014417613565538471, 0.006548848637147548, 0.009526957096495056, 0.012988889033690212, 0.005663134411595815, 0.0077448624403134115, 0.017069021176680417, 0.008710253751077656, 0.008598998695904247, 0.008094518172659748, 0.010246604923733964, 0.003933972776397284, 0.016544508476354903, 0.003221785373265206], [0.00646985200368399, 0.0053812264163479485, 0.006779535183386459, 0.019338344708252474, 0.0027363056694722832, 0.0026616374698858664, 0.010177928577557074, 0.0060399991914575095, 0.0037854000865623484, 0.003970854084839415, 0.0081272827293464, 0.010193928607653517, 0.0060801411063494525, 0.0036157454111461966, 0.003924480871433917], [0.006000811131058381, 0.004120885713504034, 0.0035154101274955975, 0.006540812664166746, 0.004568953047011359, 0.0026622746375975065, 0.007586080486566878, 0.006467910058365208, 0.00401363547103866, 0.005083577465555434, 0.0031030516581315028, 0.010599976413405869, 0.0039216613011371585, 0.0027414827900932737, 0.005196720858136861], [0.006872616978083391, 0.007214643416084455, 0.0022115916289276658, 0.0024661271908196637, 0.005236218776077479, 0.006836217800256479, 0.004687644203197566, 0.005547920421385689, 0.0023480153748479072, 0.0010822019876354843, 0.00372822995287509, 0.008161183196364856, 0.0036316088978397367, 0.0053347828372749245, 0.001788345778380379], [0.01252693579818203, 0.00793956914212609, 0.0038362172926385517, 0.007527952487169095, 0.006799110939393418, 0.00220745075673931, 0.007169977770084098, 0.007520469193228353, 0.010791957437643123, 0.004871333931551488, 0.0040681747261045115, 0.005297392950776133, 0.0046994141937022746, 0.007030600164551789, 0.003715451315777883]]","[[0.006475037969701754, 0.0006288973517762974, 0.0018940928284048443, 0.002750653249645156, 0.007488891062030373, 0.022818659264745085, 0.0008524152512957815, 0.0019851605917576742, 0.025376813665991784, 0.010895629838637117, 0.004295567915152898, 0.004998250508425259, 0.0036849359780936016, 0.011615618720805172, 0.007159363775096659], [0.009410649984041227, 0.0006801421767144131, 0.0005556606130764966, 0.0007534671284653974, 0.012225439926473321, 0.013604152358350403, 0.001141668017517844, 0.0017810945369662343, 0.0054263596947293335, 0.006448766032276772, 0.0009623836238245236, 0.0012213080470601099, 0.00302157881181058, 0.00984276311966217, 0.009648515851482404], [0.008060792788360976, 0.0008537612555366211, 0.0053507796903822374, 0.007193214246168504, 0.02749789916979266, 0.0369803843211072, 0.001381230205302588, 0.009786578101194007, 0.010533911046456167, 0.012721881180096883, 0.01084284944293398, 0.00903655149278208, 0.009637977570412208, 0.0232801003611233, 0.02055545440856803], [0.009839388984666294, 0.0010033435713299153, 0.001306667581421456, 0.0031214442143584894, 0.015409376414538496, 0.008531075920551598, 0.0014809156154562315, 0.002160347585104552, 0.008057440876498349, 0.005095509669711162, 0.0023980953620793086, 0.002672251246512303, 0.009886041540013994, 0.014251838502373937, 0.01718185858989706], [0.0005322851259362476, 3.743730688141292e-05, 0.0001730756528789206, 0.0004912549163723915, 0.0026933450758521906, 0.002225216288471675, 0.00016454494141123288, 0.0005632675585783006, 0.0012704781434831796, 0.0007615988877500959, 0.0003514449962019368, 0.00023999938495287173, 0.0008815317188201851, 0.002164006993861959, 0.0013516623121984648], [0.006084193922937253, 0.0007151377937582142, 0.0015689986165209654, 0.002049233309110236, 0.020754141299132518, 0.0161560337401304, 0.001530490468381053, 0.0038232286605165713, 0.005173006255737971, 0.02392105415731228, 0.0019376687567730518, 0.003593193416206675, 0.0071178908338485145, 0.013962392635557954, 0.009242485425204637], [0.01595326602449549, 0.003325261672869406, 0.006970437736703771, 0.03454599931040637, 0.05598400126677447, 0.04519263358838102, 0.00350116719318596, 0.008039093632266245, 0.022349292687156984, 0.02634119942222837, 0.009170831752401153, 0.015510144688174467, 0.011359044521315387, 0.035464977365307536, 0.03303758233671669], [0.00023721606519515643, 3.433064047663802e-05, 1.990155978754486e-05, 0.00010198539103771952, 0.00045774157311712717, 0.0010248926281485144, 5.198857205002378e-05, 0.0001762361195267991, 0.0006933928257579165, 0.0001135284125744391, 2.7945391925936855e-05, 0.00010529256573332867, 0.0002336610223080839, 0.0003805445104154173, 0.00045070000601539663], [0.0004623426805674345, 1.9972104284379422e-05, 2.7028580405522905e-05, 0.000322903805407435, 0.0016153229203081118, 0.0013870288354258613, 0.00017657121350572947, 0.00013193385725923497, 0.0004971483296149833, 0.0004552011448114607, 0.00020997338433306718, 9.326121808941995e-05, 0.0002490917540404847, 0.0016789233823901028, 0.0003237300178444173], [0.002526765255446506, 8.492871953124414e-05, 0.0002529791503801149, 0.001801866110351357, 0.0029511293250120327, 0.010411865419002355, 0.000677938233514251, 0.0022518777351240005, 0.0012508895949939845, 0.007287642504922878, 0.0008774346121001014, 0.0009788421900727379, 0.001755577498477101, 0.002105040724929595, 0.008997301771880026]]"
random_10x15_d5,10,5,10,15,1500,6000,0.15,2.0,20.0,0.5880902849204581,0.5666252084245722,1,0.1499999999999999,0.14999999999999813,1.7763568394002505e-15,0.8894664010251232,0.27529702281486507,0.2822924174979931,0.10835535789985329,0.2079295828494332,0.00018175314778194924,0.0008122308916391213,0.2726297216729239,4.873385349834728,0.02,0.0,0.34,0.0,True,sparse_imbalanced,Sparse and imbalanced,variant_2,150,10.0,40.0,4.0,0.09333333333333334,0.0,0.44666666666666666,0.006666666666666667,0.1670801788015394,0.17927820496750077,0.14678943945343298,0.09393493459319757,"[[0.009710345510701601, 0.008292002498663508, 0.013716988930481023, 0.018616797093156643, 0.010292181135794084, 0.012437756702949977, 0.005379103110018685, 0.011244932931764866, 0.007177399960744426, 0.004105486870165212, 0.00501836726123172, 0.01919143304095303, 0.0010709871899068544, 0.015909022061250538, 0.013593131328419052], [0.002733838648917277, 0.0009109319454675351, 0.00018175314778194924, 0.006159821377911791, 0.0022276105158746014, 0.00019100640216754785, 0.0010661626395420114, 0.00109490454503217, 0.0016382814659132014, 0.0003361155324704485, 0.00021484884141890548, 0.0031715342382515658, 0.0005174519701413286, 0.0046138885462793395, 0.002550370207367816], [0.006216783666516313, 0.0028645132164226194, 0.006111688527001722, 0.00539532389737501, 0.049329788991132655, 0.0012637198874098246, 0.005121130907643181, 0.006513956091281031, 0.007711073381027907, 0.007704287473420046, 0.0006842914101567616, 0.012676898476075154, 0.0022685557185134525, 0.00941730659935339, 0.010287799810846945], [0.003135019254034715, 0.013434282919892638, 0.002238104953864114, 0.00654967080919514, 0.046440820615807205, 0.007964034391268377, 0.006462700818794484, 0.014643517913342988, 0.0016958033830595833, 0.007786383337339077, 0.0015747109029158558, 0.0065036473057075665, 0.005488118749950316, 0.02916288058541145, 0.014000482860955872], [0.004512202601669412, 0.004271466256090928, 0.0020544720356934785, 0.003767649128464783, 0.005824026304528593, 0.0005038905299678773, 0.0024558220072775044, 0.004269008921675913, 0.0024428128070665667, 0.0011405451504108068, 0.0017367399078147506, 0.026945030637557044, 0.002180766605941073, 0.010299037970582112, 0.003939315281966047], [0.00709201924943318, 0.0024617669806538426, 0.012864276821371175, 0.004393268960927977, 0.006953634160768124, 0.0019920826998308214, 0.004280623453972671, 0.002521939496895346, 0.002183892837717612, 0.001712731154962176, 0.002410001579476221, 0.025807321285871633, 0.003027320721749871, 0.010290249374606644, 0.006683881078250222], [0.0018640492548463539, 0.0011026423222954202, 0.0014182220849806694, 0.0035372620816910274, 0.007534663581626644, 0.0003493342318277394, 0.0006085230734790459, 0.0010676779908283026, 0.0004499687079498404, 0.001317565594149126, 0.00028746931598856577, 0.0006262084001583428, 0.001138169494334335, 0.0038292281085140923, 0.003056865419597074], [0.0022164177408897216, 0.0014037371369624017, 0.00042335030902458285, 0.004274535914925918, 0.008347982364710406, 0.000630683767267065, 0.0025999595053450395, 0.0009861979821176549, 0.0012086008610961263, 0.0005527336397029433, 0.001169257254476771, 0.0030458501264303954, 0.0015036290980572201, 0.0011625069049286186, 0.0017849153670578559], [0.00563981344423743, 0.012442165156133616, 0.0015200392274126225, 0.0053173913788046815, 0.018408901916578343, 0.001857404795070183, 0.004347147030775483, 0.005235708063353463, 0.009405430427441849, 0.0027894069455246706, 0.005374985362552747, 0.015389559580735958, 0.007158621911044848, 0.02904838487447696, 0.014039340109115919], [0.007276244645752952, 0.002963898549969343, 0.0035094424195485875, 0.0256735086671306, 0.023918595380680113, 0.003610083378704443, 0.00799452238288266, 0.014547496933826242, 0.007334831775662767, 0.0049355214771077925, 0.002181195617751582, 0.006320989854670506, 0.0028627709961805818, 0.014375510000515427, 0.019993331551449882]]","[[0.004146245739348594, 0.018839422610499288, 0.01685165144285305, 0.008688131292676994, 0.0037959817439865698, 0.009229358821672782, 0.003631062976552618, 0.004490708383875722, 0.004211564330092897, 0.004776624820966533, 0.010410100850405467, 0.00882308868498462, 0.02963153548032288, 0.008161456879147266, 0.011102505396047678], [0.0014235383399628329, 0.0027554808158601826, 0.004448472437270509, 0.004157153546651497, 0.002970306864546408, 0.004653955348989268, 0.0026074452874638478, 0.0026471689087714774, 0.009889850555856262, 0.011722374524332667, 0.0024331053396533585, 0.006203547968825436, 0.003857595368400833, 0.007507654682547675, 0.004947927053329999], [0.0019181116314426654, 0.002435743443833429, 0.008610010309215984, 0.006841970274382131, 0.006504881978380443, 0.007691766951798915, 0.017186363799115076, 0.01130494298180726, 0.014454787447515598, 0.01207049590788695, 0.005553081165583828, 0.008874290200113216, 0.013030206597623483, 0.008649868253622826, 0.0034976774844380624], [0.01562868199180376, 0.004520827169860358, 0.005990828918803146, 0.0027640296567253172, 0.022433160045075534, 0.011890659700419238, 0.007595073900448485, 0.006832117020134969, 0.004131697526060265, 0.004811989806492195, 0.004145509261663011, 0.013489835921262521, 0.013754403853308428, 0.003427304166466971, 0.010338922842754372], [0.004553572470660397, 0.003939757125651112, 0.003570039544696748, 0.011755116378261602, 0.00281046073502442, 0.002661249011643453, 0.005714750248335483, 0.001807546990481655, 0.0074320417077576705, 0.00921284145279703, 0.006241044400804714, 0.0015276882167986243, 0.004500364888905922, 0.004305911768337537, 0.010670688682969451], [0.009805147694598884, 0.0030413362815598743, 0.005520295723572949, 0.012821796302671443, 0.0025187913655610196, 0.007223648520008361, 0.001731689500887536, 0.016986933148611435, 0.003048809981343413, 0.005930284672062882, 0.009907781600597855, 0.010221945343667967, 0.005343615908419836, 0.005240283544893085, 0.004262329786979016], [0.010072705972387, 0.001601947977115871, 0.006165702423497888, 0.005325145575062652, 0.0025771187439003968, 0.0028350172085434546, 0.007023791165612156, 0.002444020742472487, 0.00430367659797527, 0.005912438529417461, 0.002285752843630853, 0.0038510139599566336, 0.002907272778832944, 0.006040843476521209, 0.0033795616674736108], [0.0025050899981077382, 0.012040226843093664, 0.0037104695053634144, 0.005982132847423737, 0.0011998539611003589, 0.0034706277958642265, 0.01393737728093922, 0.007664291198636357, 0.008174065368123857, 0.009831236381349284, 0.007884182688551183, 0.005808684331435532, 0.005911941701290901, 0.0016235392658352265, 0.0015557925734268998], [0.006193987882576975, 0.0034371014004964183, 0.015961102996407364, 0.008426151490555298, 0.003710490427703623, 0.0068132930648573415, 0.011692996062827548, 0.00906530869940971, 0.004664119757972321, 0.00944893974378322, 0.004161769757467613, 0.0031796455188125962, 0.00836349814946417, 0.009224251624058495, 0.009399921849129567], [0.0024189433429350005, 0.00339259012286119, 0.007941625754934015, 0.0021925678541610976, 0.0008122308916391213, 0.004992267444181209, 0.0023971431692012568, 0.003763336769077249, 0.00720613585716578, 0.0035031421128730684, 0.004276252963004074, 0.002369448569023469, 0.006634499866628154, 0.011350201585164298, 0.001279494166192051]]"
random_20x20_d0,11,0,20,20,40000,40000,0.03,50.0,50.0,0.24609097118656292,0.24706094088338787,1,0.029999999999999805,0.02999999999999936,4.440892098500626e-16,0.33675832023786695,0.05975593385250437,0.059354516865506024,0.01579224636203458,0.031627671607312176,0.0008653263497175326,0.0011220800911809505,34.6130539887013,44.88320364723802,0.0,0.0,0.0,0.0,False,well_sampled,Well sampled,variant_1,400,100.0,100.0,1.0,0.0,0.0,0.0,0.0,0.059543824710410094,0.061030517484383685,0.05952069142604189,0.0639386729206417,"[[0.003507299461828176, 0.0028131228492933665, 0.003999442310455052, 0.002795792235419096, 0.002226446649101954, 0.0048526466873701915, 0.0017427187249278286, 0.0034343971597203186, 0.0034427440342461426, 0.0024324272766720924, 0.0020112287986582397, 0.0025723959086589917, 0.003349403781626395, 0.001992983763940894, 0.003722407262781314, 0.002551018949876019, 0.0029053664331973265, 0.003040247782732117, 0.0030184341400112413, 0.00313330049989334], [0.002830615622666289, 0.0031412875359965934, 0.0025350963739566544, 0.0027541320193075532, 0.002064093455317943, 0.002835421670113563, 0.0026363831934642693, 0.0017684568795327772, 0.002512682283325431, 0.002686336534210327, 0.002238802004219239, 0.0035445737824024276, 0.0015575290738284388, 0.002208976490814259, 0.0019822088777046594, 0.0025211693515955983, 0.00246580937589783, 0.003553782126616176, 0.00337508665375337, 0.0037912910471192426], [0.0035491055666425526, 0.0028812317966834793, 0.0019597830088090365, 0.002627966930047422, 0.002111950790391481, 0.0019229031808874622, 0.002516458943040959, 0.0020333243785584376, 0.003069775571525726, 0.0031894374254805478, 0.0022033041101673072, 0.0016210179801753022, 0.0020323356551649138, 0.00189147344698113, 0.002681891805282023, 0.002053383870131781, 0.0025812070084806175, 0.002366938640149721, 0.0028494863556747, 0.0022436644898067397], [0.0026519815452397174, 0.0025285647639773446, 0.003771348765879596, 0.002089707455140105, 0.0015087419080018556, 0.0030729069852675015, 0.0021789888453459237, 0.002001503216254264, 0.0025790190838355146, 0.0023625804642870415, 0.0017881855211929576, 0.0022710033148349543, 0.0025069547422595646, 0.0019047347143950697, 0.0024879159486149603, 0.00295324984798596, 0.0035678767903756163, 0.002004010357871492, 0.003239331193676233, 0.003728883380708271], [0.0019959128574131373, 0.001972886312293615, 0.00443304920283232, 0.0027965074184335397, 0.002113742717201357, 0.0027313701882307677, 0.00210251606047584, 0.004470322912645856, 0.003785022154304267, 0.002234319301576526, 0.0021819100091388945, 0.003270068783429652, 0.0021550493680014566, 0.0030086611740539793, 0.0029061365325722703, 0.002556611244985898, 0.002039261984525472, 0.0027735925033622066, 0.003513548826664221, 0.00349562632765137], [0.002042131901134475, 0.0035278616390694803, 0.0036381306358895466, 0.003600813671945487, 0.0020167107699142453, 0.003274830011611663, 0.0019265699395747081, 0.0031027727136042982, 0.005576138224757887, 0.002522342315131342, 0.0033798283767344606, 0.0026510473882971814, 0.0013366981374731733, 0.001975395344013455, 0.002381372011306566, 0.002399961405228423, 0.0034121387222301484, 0.00328721461095222, 0.0021377943813889557, 0.00430263574732308], [0.0018481351423251476, 0.0036572458595637352, 0.0034707664353100997, 0.0020478473181918594, 0.0014995316666657715, 0.0019372629040640666, 0.0024128178704154062, 0.0018422691358051214, 0.0013928833410707948, 0.0015715871485439041, 0.001993277827620216, 0.0021815371994598465, 0.0016300158913458063, 0.0020924929344997615, 0.0021885280326819504, 0.0024896018062066858, 0.0023819918400221035, 0.002221832313346744, 0.0020232796235851802, 0.002698083063017264], [0.001723512857433334, 0.002100699944091698, 0.003199798204599108, 0.005752531036270995, 0.001596186316687201, 0.002826168944261291, 0.0021333655871755767, 0.0023571056927208854, 0.0026353955995237145, 0.0029586763114615206, 0.002619562514482677, 0.0022574332585339504, 0.0037931748850155143, 0.003013059924177066, 0.002400476031112305, 0.0015732281544280687, 0.0025364297994805263, 0.0020468292401254013, 0.001703035176334136, 0.002289712858412351], [0.0015803778925624345, 0.003141477535995748, 0.0026028137100629805, 0.0027045091847982755, 0.001050229180335437, 0.0018438884666929507, 0.001557571543360024, 0.0016947674547128453, 0.002515668678268569, 0.001268018092023552, 0.0017791221511156284, 0.002318618853524042, 0.001160026048153564, 0.0021449676997685194, 0.0015172972456494822, 0.00265290629264628, 0.0022750978914877675, 0.003007788916989439, 0.0025098562516964705, 0.002315877837966322], [0.001309805696585019, 0.0030190396792206518, 0.002199041745555276, 0.003815769155451457, 0.00149152761751961, 0.0021833952768268517, 0.0025538303970930004, 0.0015970210875034254, 0.002378484265452288, 0.0015982558441489333, 0.0013284451094078167, 0.003359125377138949, 0.0031522133811585787, 0.003319382483303013, 0.003580142097381032, 0.001779287337110007, 0.0027813510168729727, 0.0019074454545057672, 0.0034004088756700375, 0.002641110306951101], [0.0016221114811549565, 0.0027273297167622907, 0.001544404617250695, 0.0023302890811203823, 0.002475223682086645, 0.002699427988989234, 0.0023735639033739394, 0.0017208131734006804, 0.003067442954801025, 0.002342018173522706, 0.0022070961675205478, 0.002317940213119867, 0.0019487341078652644, 0.002056737876140301, 0.002638010927326249, 0.0015152420323693969, 0.0022235447174469365, 0.0029797081663935623, 0.002642261874220543, 0.003405578341319462], [0.001260472102639347, 0.0022316034333921043, 0.0019459722109326095, 0.002002507778215496, 0.002449742200697262, 0.0024847153633024742, 0.002558572883391817, 0.0021486943404574912, 0.002460720856244161, 0.0016499791297449112, 0.0017343582768107537, 0.0016532684582517664, 0.0017682949769342153, 0.003128396504965474, 0.0027486659226302157, 0.0018927202598727655, 0.0010876876243678356, 0.0025781497469128463, 0.0018937881212595846, 0.003756005635054048], [0.001847561501777669, 0.002303370054474182, 0.002232956009540477, 0.002370701147020164, 0.001635035548263878, 0.0018977620909758916, 0.0014614733899610142, 0.0017987412552445583, 0.003744526726692401, 0.002178159010147338, 0.0015141752644720493, 0.0034450759011506165, 0.001997620059250043, 0.0022700398332632134, 0.0023354101970935823, 0.0028578725238439136, 0.002933753143561262, 0.002358429849583142, 0.0032003160063113095, 0.0017600796160373695], [0.002323952634651532, 0.00395155427631569, 0.0023764354413251675, 0.0012754968092597509, 0.001681919873970318, 0.0028452885457824445, 0.00147605063167528, 0.0019433994863630522, 0.0018197863741408317, 0.0015430354986550085, 0.0013785980721296325, 0.002253357682404817, 0.002489320346338599, 0.003119600114121226, 0.0024208779367233856, 0.0024034734640113143, 0.002043450505639305, 0.002196494197505335, 0.003916567424093351, 0.0015721739339233825], [0.0017920104960139432, 0.0026883379677510623, 0.0021935378018403872, 0.0032951199970895546, 0.002230367444465536, 0.002443233371314258, 0.0015482733640627975, 0.0029430888167495013, 0.0017652027841940773, 0.0014934766564116604, 0.0018159501451088368, 0.003202764874681699, 0.0022994403302144593, 0.002864372418720217, 0.001852035665152438, 0.0018774940506133813, 0.0021037928911836396, 0.002467137954923752, 0.00277327457881701, 0.002044067966007461], [0.00201887179299677, 0.002753057580956519, 0.00398448022850525, 0.0024004486683899817, 0.0017459501703343044, 0.0034880294283780927, 0.001823712602617029, 0.0029425518507875817, 0.004682309231912124, 0.002385531543715751, 0.0023867962666711605, 0.0031318598986961113, 0.0022686768159563193, 0.0026574065169896366, 0.0034801397961392267, 0.002234545020460059, 0.003046168198350273, 0.0043741515496713, 0.00406489909724549, 0.0027650165482227154], [0.0016529932740389395, 0.0029597322402151382, 0.0016722872763009582, 0.00203559608381853, 0.0017197389869569113, 0.003282826099802782, 0.0036700982121441452, 0.002511703017017764, 0.004116368173344634, 0.0023999813454089556, 0.0038528079010454693, 0.0037473625582659107, 0.002106540371760571, 0.0029102413811452838, 0.00172313869908899, 0.0021100759039454796, 0.0018579558640535881, 0.0025058960567837085, 0.0023447162090887742, 0.002918260084941811], [0.0016241072257806174, 0.0023587246453222253, 0.002577876948866782, 0.0033173164525583925, 0.0035905418936727153, 0.002577277615668308, 0.0034131687327646487, 0.001435640034304899, 0.002722745133267107, 0.001749382966140747, 0.0018123901277209786, 0.001827198006372998, 0.0031405980779301546, 0.0015108862375429008, 0.002654938802210296, 0.002399141975700659, 0.0033708987465716775, 0.0027631573762567376, 0.0034505825866318713, 0.0033268675492586206], [0.0018354996790868566, 0.002561883188926858, 0.0030750986839553685, 0.00170255159799939, 0.0019857834348970932, 0.002694352532285379, 0.00217099690249178, 0.0008653263497175326, 0.0019740878559235614, 0.002054336849129591, 0.0019367640877803322, 0.001969906359059497, 0.002045483691855318, 0.0012399127236177607, 0.0034309686390208583, 0.0026683777747340113, 0.0023757633215362893, 0.0023848591264913357, 0.0021264831493643128, 0.002075727708360046], [0.002002244311402308, 0.002839137278834515, 0.0026549139029203492, 0.0024378538976411123, 0.001424766729444272, 0.0028078241663620765, 0.003399897400635723, 0.0018529644259238046, 0.004789514157553435, 0.0018825720664121996, 0.0028596404001051457, 0.0017442792876105546, 0.002862421756709769, 0.0020484992317196596, 0.004277446534468214, 0.0024803188484586623, 0.0021259072959688373, 0.0016549458115402754, 0.0037673970497986388, 0.004124735622692458]]","[[0.003180698356654262, 0.0032672940050363073, 0.001626040992145539, 0.001655826504680824, 0.002920427331137683, 0.0026889819857662443, 0.0013924189724713195, 0.0023981474388889315, 0.0016798508255224018, 0.002688487431843701, 0.0021411957327380207, 0.0037309501694270846, 0.0025495903880190904, 0.0033925070085609934, 0.0034232257779923812, 0.0035185456633793828, 0.0024558030475991498, 0.002527196159607218, 0.0023344089734117957, 0.002642618394392734], [0.00330572721937404, 0.00218704273180585, 0.001605059590152611, 0.0024917417141754757, 0.0023491482289273347, 0.0018329242041256728, 0.001603685025378449, 0.00212185359065938, 0.0026510733981899475, 0.002441475655007547, 0.0025015594965152204, 0.0011410695288964563, 0.0019892259623200234, 0.0027900090893580843, 0.0024221347894347717, 0.003515244364002563, 0.0028852787188047933, 0.0015999891777757579, 0.0017246449655346384, 0.0029285394404484502], [0.002179634453222419, 0.002181264085101088, 0.0026714014601846264, 0.0018418047254603208, 0.0026417012586764585, 0.0020132517972303496, 0.0024889238075534764, 0.0022420734076147937, 0.003246680299753075, 0.003022002268184006, 0.0017586887555092235, 0.00168788614791801, 0.0019180359026529968, 0.0020971989289761193, 0.0023078869830990534, 0.0021197628602510413, 0.0020435809324802416, 0.002227261698028406, 0.002000080238350188, 0.0015853198639488825], [0.0020464033942184977, 0.003422824281542031, 0.0019017123531302586, 0.0026438023318162153, 0.003624355686694635, 0.0019896559175775225, 0.0019590951093939627, 0.002707705966851078, 0.00229169855957288, 0.003451140025211339, 0.0028500351351114085, 0.0035466507078640705, 0.00385048564816514, 0.0036100442750473154, 0.0014655113770983461, 0.002664390617687816, 0.003384629878311788, 0.0020107130104939524, 0.0032912272042676174, 0.002501431587627137], [0.0030274652313898283, 0.002915437009305493, 0.002234474683917463, 0.002694109257011921, 0.0029824820028834325, 0.0012756597370122775, 0.0026718211623187106, 0.001699201754138577, 0.001569245686891442, 0.0017803303368768616, 0.0028275671751663337, 0.0017872571267720505, 0.0018903609108900173, 0.0036285124431853274, 0.0020424537608501707, 0.002585477196471053, 0.002347721853765098, 0.0014676433532926083, 0.002148639082009472, 0.002097626489777827], [0.001855701995021748, 0.0019191574486735498, 0.0021541433972382135, 0.002027354129386209, 0.0027368017684862903, 0.001899059709097007, 0.0015918177951518278, 0.0016927406637713435, 0.0027092749831165498, 0.003165700227006651, 0.0016568873950044292, 0.0020945746452628615, 0.0032810401185153285, 0.004084482892604519, 0.0016865648752730999, 0.0023620874060628345, 0.002756305899154865, 0.0024505948160198116, 0.0032988348181230125, 0.0024661841640648947], [0.003513037648570907, 0.0035841891714627136, 0.0025461841085484566, 0.005256728484828227, 0.0031122135738175837, 0.001798706254834793, 0.0020076278785523378, 0.0027459025073230114, 0.002531723947226155, 0.002825957057644122, 0.0037746555728609982, 0.001310358477054961, 0.002126374774635555, 0.0028536253429202003, 0.0023672010358253724, 0.0016515663201960287, 0.0017596936696095142, 0.002139757096466691, 0.002341875605859095, 0.0025374847471174825], [0.0019407126798332151, 0.004330560998093742, 0.00269168663493376, 0.003107541560868666, 0.0025035496093053946, 0.0022953063868294088, 0.0025375769932671167, 0.002467107875772721, 0.0019905359543129155, 0.0026234332507196045, 0.0037215320747747273, 0.0027556335398347797, 0.002155919030084694, 0.003731325269397396, 0.003975658478797207, 0.00240064146129515, 0.0016059866527654517, 0.0018835641064451284, 0.004152295715889882, 0.003095167676232815], [0.004114412483948147, 0.005310766324918621, 0.0020883833486602327, 0.002732086851785442, 0.004050804906838199, 0.0024704902164979178, 0.002055291941586232, 0.003141554867223087, 0.0022547831611640203, 0.003185821840781372, 0.0037753956189891477, 0.0027863611212792056, 0.0031269818629811254, 0.0026199887167099836, 0.0013349047684420268, 0.003067361901804444, 0.002087690477035011, 0.002273509781780396, 0.0020299122559767394, 0.0027596799035779916], [0.004221949184668948, 0.0020743856190866303, 0.0021678163579316395, 0.0027800245805964926, 0.0017028427603153888, 0.002316734457831179, 0.001524830280427277, 0.001958140727129129, 0.0029417882869252443, 0.002959800946845995, 0.0019349284656699198, 0.002111251728273539, 0.002899112967106343, 0.0040156319332134635, 0.0017579016825523487, 0.0016154995881695123, 0.003084542690655131, 0.0015616204370141498, 0.0019490027663791435, 0.0021666397975598503], [0.002076367310308538, 0.0036086884318511266, 0.0020921820237219976, 0.0029347411883475076, 0.004154307356484455, 0.002889093512669111, 0.0011449508393237384, 0.0032142313678520354, 0.0027508519869436873, 0.003356378730241734, 0.0029720439110070976, 0.0030134789116359395, 0.00342604821206296, 0.002948588173232532, 0.0028349102115503037, 0.0035785385014263154, 0.0026938514460512234, 0.0022777748970089916, 0.003298291345083206, 0.004255373069239394], [0.003013794404118647, 0.0026412964667345685, 0.002527823324644998, 0.0020314643052313807, 0.0026189610812001347, 0.003050886768095487, 0.002348855451993723, 0.002500837372715738, 0.0015766118473479478, 0.0026574694369595085, 0.002088472820702087, 0.00248641333492607, 0.0020974021263951152, 0.002804757919756145, 0.0027827904698639466, 0.0026741406972695743, 0.0036026746224097172, 0.0023450595122588122, 0.004996753621551231, 0.004633159286808881], [0.002579999376993449, 0.0026639122151402594, 0.0016957407624913778, 0.002005682323482985, 0.002352196618434392, 0.0016915668361826139, 0.001725715477688335, 0.002163297554694113, 0.0024170503423443855, 0.002700797517522916, 0.003540268768531929, 0.002271600029484794, 0.0027469393993272994, 0.003416842103224017, 0.0020994894160882424, 0.0014199100173962378, 0.0018651226850564487, 0.002646823984834017, 0.001993760866592637, 0.0023440476698923245], [0.003682200557238005, 0.003961756761109333, 0.003207735433260842, 0.0019018648114144234, 0.0035998345909708275, 0.0030838109239968866, 0.0015557688471044041, 0.0020102894797538766, 0.0028454950764583123, 0.0029120930863884217, 0.0017688745344287295, 0.0017018042860789877, 0.001949289460973423, 0.004018222624777088, 0.0019191596129307029, 0.0021253368833939377, 0.002907231231163154, 0.001946389998060421, 0.001608468199314924, 0.0031207232516884805], [0.0021030074012612274, 0.0015904684226180305, 0.0015983426441571213, 0.0015828645078421492, 0.002271381643315307, 0.0026036925463216796, 0.0018335132235396234, 0.0017185549776039105, 0.0016068467096274424, 0.002134390335321102, 0.002433874466080582, 0.0035572174438015724, 0.00183485037607669, 0.003568033869262414, 0.0019135160510000335, 0.0017956974772053516, 0.0027266137346978114, 0.002070878466656141, 0.0023967705062040577, 0.001884893617789666], [0.0034224020239993842, 0.0015521957655756343, 0.0017787633115090658, 0.0014434467085866912, 0.0022982259790104236, 0.0023949555214578767, 0.0030779691688601956, 0.003743167237653461, 0.001961769259811983, 0.0024141829417542145, 0.0015302307595836777, 0.0027381558644024276, 0.0034356161666025545, 0.0024305443321842994, 0.0015111809903164334, 0.0022922651576607273, 0.002628269884647667, 0.0015458114994096061, 0.0036027645097784313, 0.0021264033665879738], [0.0030570057031034095, 0.0021181368485322294, 0.0016179232354934462, 0.002411193283348535, 0.001792924123121214, 0.001871892154580097, 0.0022236172036130663, 0.0018364722700434553, 0.0035321609134132473, 0.0022822124656268834, 0.0018835076122351868, 0.002241104475549548, 0.002654904628523955, 0.0025906193338678923, 0.0018518564731993185, 0.0025966420871266303, 0.004024002396672531, 0.002684743882355427, 0.0025660991294616294, 0.0016959511459907223], [0.0017037100158618413, 0.003973858454194758, 0.0017893462308044804, 0.001521649333047677, 0.004196931584991011, 0.0037227301296409786, 0.0025726754489214976, 0.0017302419892559356, 0.002876581494615493, 0.0022954957017035822, 0.003518474962151649, 0.002453198936951246, 0.0029850945063403635, 0.004429966370837886, 0.002253176680370434, 0.0022778313144464738, 0.0019454589177537705, 0.0019245625251186923, 0.0029373739475532065, 0.003142501450193528], [0.0018500170401087239, 0.0022094936679906744, 0.0017963603441851967, 0.0020715532770403263, 0.003384890194592652, 0.0022073734052242776, 0.002347022109608065, 0.0015868192484773528, 0.001638130664616063, 0.0027875545415688794, 0.0011494336198193955, 0.002724224048861899, 0.0022603106973852196, 0.0021766711155637468, 0.0011220800911809505, 0.0027885445040428864, 0.001399594503837401, 0.0018304807502089327, 0.0027599659386583195, 0.0031715155293536544], [0.0022556859116237907, 0.003171276099559496, 0.0012166068847146933, 0.0014243916029399583, 0.0025866884073095543, 0.0024115124753050507, 0.0015734151164283258, 0.001961179867349483, 0.0026121269902466826, 0.0028473169356656733, 0.0013626252785639559, 0.0018549624966903604, 0.0024148894322860437, 0.002731101177962273, 0.0018046262896799072, 0.0023467591335845058, 0.003025737103127919, 0.002215561442667635, 0.0030488056674948185, 0.0026540910230146274]]"
random_20x20_d1,11,1,20,20,20000,40000,0.07,20.0,5.0,0.37947167506788515,0.38519732107442545,1,0.07000000000000028,0.0699999999999994,8.881784197001252e-16,0.7162264268863741,0.1347299120599268,0.1386887713281971,0.04487085254701784,0.08911568726919718,0.0006551073770314739,0.00016871675306989528,13.102147540629478,6.7486701227958115,0.0,0.0,0.0,0.0,False,moderate,Moderate,variant_1,400,50.0,100.0,2.0,0.0,0.0,0.0,0.0,0.07070297329182572,0.07227233948304597,0.08765283126050961,0.13426659991995157,"[[0.0017475264664520485, 0.0016928259911038236, 0.0023809771867098176, 0.0021415400627042246, 0.00542376354224269, 0.0012771083994370035, 0.001660113226291358, 0.0022396016255609424, 0.00163821685258388, 0.00289521840296034, 0.002817180753251557, 0.00220131999467948, 0.0010605271623959935, 0.003372923269948508, 0.001737757591535213, 0.0010431596205786513, 0.0036246302363941185, 0.002422724872684502, 0.0027562669147685025, 0.00109066678824573], [0.0015037859946172613, 0.0031013129890293248, 0.0017815744187087616, 0.0030821672973869426, 0.0052268087907100655, 0.003516415910118654, 0.0026098554386908205, 0.0034103373032774963, 0.000855251612268837, 0.001777755215583247, 0.0025091545274278813, 0.0025244664369353472, 0.0006551073770314739, 0.0011543203563563987, 0.002868130321368162, 0.0014461585821750767, 0.0019247148148068178, 0.0019967835659733184, 0.004744059726861076, 0.0021999328318593665], [0.0014845055116835448, 0.0012997501888373907, 0.0015089906485314783, 0.0033149863768079943, 0.0011019296710698813, 0.0028438295831525787, 0.0007757687834195334, 0.0011848004433181495, 0.000856446644293795, 0.0017924355811185426, 0.000749237738072781, 0.0013222792343083915, 0.0010343774880683303, 0.0012700784082488737, 0.0021909013179995324, 0.002070655586872727, 0.003653142034199063, 0.0027446564259304587, 0.0016525888573490999, 0.001307582515500082], [0.001706044734324339, 0.0008548074572585952, 0.002265881707016035, 0.0010926939062858194, 0.0025021906968080124, 0.0016381432550979583, 0.0008416555846255028, 0.0017035158214064098, 0.0012363556092064455, 0.0017865395099589984, 0.0011448501874990848, 0.0014202649866163987, 0.001372193292597325, 0.0007597636198454358, 0.001168506095912607, 0.0009527736571267996, 0.0015469334684181666, 0.002054686683965019, 0.002699395081458822, 0.0010438285550719321], [0.0020472351003882282, 0.003121376298368443, 0.003264349994061448, 0.002990089421337681, 0.001748739868597088, 0.005379097210397114, 0.002217563561953289, 0.006837182421821589, 0.002777279726491501, 0.0008740314231403437, 0.004850045926528223, 0.0021755755053688556, 0.0019281606010854119, 0.001675452030432011, 0.004979526840669914, 0.0016364892290441654, 0.0036064000071722004, 0.0015796227601184859, 0.0024342511572631232, 0.0044025451641191695], [0.001252822100984478, 0.0019013165275217916, 0.0018907688959034265, 0.0016430069931857858, 0.003613859092184854, 0.0015587003421393497, 0.0026652482092088784, 0.0029511497544904325, 0.002349367197273677, 0.002574160737970857, 0.0026994104497706536, 0.0030732217200031115, 0.0016608356864759876, 0.0020081677656410587, 0.0010092751144813574, 0.0031114317204354587, 0.0035473013783632644, 0.001274521065665321, 0.002865905071765676, 0.0010949653290631314], [0.0030583480560730713, 0.0019170533852880794, 0.002711498838628961, 0.0035960889272377587, 0.006006977138578934, 0.0018845936186644686, 0.001964561685791676, 0.004963852966231761, 0.0024149309434820026, 0.006801600755565693, 0.0027157869874454466, 0.004037198163816311, 0.0020468521044552613, 0.0042199334147634765, 0.001671618755004317, 0.0017201390461773919, 0.004477261315412991, 0.0028596624172920935, 0.00477874752216873, 0.002197035660836917], [0.0015041097257787418, 0.0029491770380768423, 0.0014968140721231392, 0.0007223850427046614, 0.0031886609407364343, 0.004342527128692781, 0.001146656873463961, 0.0055951836285898955, 0.0017820517073991115, 0.0015375551132047493, 0.0030213403653603643, 0.0011384060635856311, 0.0017411533487396449, 0.003070817130970522, 0.0016018279144999874, 0.0023494292777666015, 0.005660283256070828, 0.007954614067006002, 0.0018837530844966117, 0.0026728387724359866], [0.003049821112180858, 0.001994977554971708, 0.0034839157493591457, 0.004444923285964397, 0.004736864203728715, 0.003762894599300414, 0.0017522828954029, 0.0026815495336938305, 0.002038096685489463, 0.001378706783836284, 0.001346258218941777, 0.0016880266582378989, 0.001333977117016263, 0.002676989689724797, 0.0007271579916024703, 0.0014153188930779235, 0.0018388119019953028, 0.0044785968823104465, 0.0022014121210261984, 0.0020115547711899674], [0.0020762721232704304, 0.0027478128060265342, 0.0025992314328890805, 0.001880090340466218, 0.0032445523387683614, 0.004112089834175689, 0.0019788010720447166, 0.00309453776621262, 0.0025503250635046455, 0.0012192342407955914, 0.0016786854302966773, 0.0036352913550687206, 0.002690596369401265, 0.003711704506116948, 0.002328115827316172, 0.004138709099156161, 0.002720265808174721, 0.003675216764467565, 0.0035743211505592657, 0.003425747979152546], [0.001823264572846286, 0.0033051423645796773, 0.00266822756722332, 0.001549224363004486, 0.002184693635019828, 0.0013445781577249036, 0.0010227233008806, 0.0016953244958004064, 0.0031163636563431665, 0.0017946499757998584, 0.0016370490482501665, 0.002459003979983873, 0.002952319453490727, 0.0012436413050291397, 0.003194789643885991, 0.0025937714098189526, 0.0015090458316853233, 0.0017418231198343306, 0.002644729843514058, 0.001861780080727919], [0.0019327452095678375, 0.0032675510156672375, 0.0016288275553045248, 0.001627184828821638, 0.0016565379227671594, 0.0022200062875175766, 0.0010420260189123137, 0.0022283213647136613, 0.0024010906866874797, 0.00147878099246287, 0.0010760642312893911, 0.0016584972517948234, 0.0013807782116206614, 0.0017502856423144328, 0.0026801120243592495, 0.002859240101063687, 0.001885778343316393, 0.004022308786993535, 0.0036802485690698734, 0.0029206871973086823], [0.0022327972562436213, 0.003839905052344538, 0.002871003640823009, 0.0019873115984254458, 0.005617649205772949, 0.004905832319948705, 0.0017829413132300818, 0.004100312322318529, 0.003191017844357216, 0.00461944229757144, 0.0034443605502247885, 0.004796171122162914, 0.0013109664037068687, 0.00460660073798006, 0.003144113977745536, 0.005029662702105618, 0.002942669365776508, 0.005001456811328895, 0.003131874374073987, 0.002146884395685013], [0.002416037975139812, 0.0017725176827712318, 0.00163563169588993, 0.0012605753346038179, 0.003450720713665175, 0.0026248736785141383, 0.003008808704300542, 0.0015766030148831787, 0.002722412465148511, 0.00200735401847807, 0.001864253562569952, 0.0036831213538357065, 0.0013692179981213365, 0.001698192961039303, 0.003055213065436567, 0.0021620909982096917, 0.0016057908760466126, 0.004311508447558273, 0.001810647638347567, 0.0023112282143915803], [0.001585171366783703, 0.0027145485466987, 0.0024956853920160547, 0.0020733899856906707, 0.0024938442313810765, 0.002734696966677706, 0.003631933276319933, 0.0036498683892584654, 0.0029515377370654956, 0.0009479450924830465, 0.001886906025123298, 0.0019603404163417663, 0.0011896139553086306, 0.0019528728001180896, 0.002403928658299202, 0.0011150507125052699, 0.0029151480384051395, 0.0021076297435839576, 0.002919607108211269, 0.0019746716431682182], [0.002669688443678267, 0.0024812907932529387, 0.002385398331917416, 0.001683796888168606, 0.0019147746877515013, 0.0024597954988066963, 0.0022039191442191305, 0.0035171045861400897, 0.0031655204305032383, 0.0013988864065617537, 0.0029813961520134824, 0.0030301830095241147, 0.002419445612536473, 0.0040006367127255514, 0.0018902765763204124, 0.0020637395091733287, 0.0033753861792096673, 0.005074329019391841, 0.0026108992354010314, 0.003442753521797919], [0.0016469483962293975, 0.002257014214202665, 0.002743354003373362, 0.0016729703188726752, 0.005346338400636027, 0.006108840790936146, 0.0020770278380480367, 0.002152613785725908, 0.0030811597855444463, 0.0018594013787103418, 0.0020379399808056705, 0.002295176075045674, 0.0024588612320163815, 0.002166103587876309, 0.00405428281218711, 0.0016267305034654044, 0.0024009368057572103, 0.005186737972940733, 0.0012886542624679738, 0.0013278152709069473], [0.0011761901548464771, 0.001569727889479185, 0.0026488406859863957, 0.002872983061711964, 0.0014781383718208917, 0.002873066656828289, 0.0019614350598234423, 0.0011981000028099644, 0.006055439056987115, 0.0014728526220773794, 0.0021283711800863217, 0.002406436988644761, 0.0019953870447190106, 0.001604236322585219, 0.0028234718511617116, 0.0020225694397853137, 0.0016596272790588822, 0.002416483901420644, 0.0023491241145765776, 0.003116490338362196], [0.002529548809064726, 0.0019817001668327064, 0.002337409735669282, 0.001230696334111693, 0.002136783170369705, 0.0009043803860746699, 0.0016377302244475031, 0.003634177557588975, 0.002097808697675272, 0.0018591050181964391, 0.0016159693674351859, 0.0026137867503170193, 0.0016910879131609294, 0.002849988031971676, 0.0015405229489071778, 0.0037612474672438665, 0.001776368593750065, 0.0044165040673123795, 0.002389910955837536, 0.0014174278489982642], [0.0024115179542738277, 0.0018287076357730034, 0.006264648390576573, 0.003297956615429209, 0.002135374870855974, 0.0022851883445197435, 0.003058426239815175, 0.006528360432965401, 0.004404391754087756, 0.002884506121507238, 0.0030614617016541594, 0.0021987016471747244, 0.0010829659878243763, 0.0019607663851038955, 0.00127760841507757, 0.0022180729216042484, 0.0039055989056931946, 0.006952472107268166, 0.0017326126645742707, 0.002348401825014321]]","[[0.0030246629548541805, 0.005552386057923337, 0.007019051940862614, 0.0022443824402823575, 0.0008149763596237969, 0.0027269202589434486, 0.004616286481257692, 0.0024360635953081726, 0.0011187403041874875, 0.007293624617611072, 0.003665309017180193, 0.0068710639795574804, 0.006090365386490595, 0.004904567203911163, 0.0022122393863560404, 0.0029952418732103318, 0.0080736065577467, 0.006862312602986324, 0.007690939228368257, 0.0014400910138483583], [0.0005880051565027437, 0.0014227956427776127, 0.0034143608100029687, 0.00046197639486217644, 0.00020977871009060053, 0.0011114352008661295, 0.0003314149116620617, 0.000625618284096978, 0.0005051666877183829, 0.000843044227733363, 0.0005538819618647627, 0.0010580383934150493, 0.0017549839827913148, 0.0008425034532639065, 0.00043571259797628133, 0.0007760029985593422, 0.000579609908031676, 0.0018134197316254967, 0.0017244264474320517, 0.00016871675306989528], [0.0023638756132505117, 0.0019716804161437947, 0.006781617311037714, 0.0012948300715867694, 0.0015086392735307699, 0.0075418098531909285, 0.0010856352523979666, 0.0017842256207502203, 0.0006719344724092684, 0.0016282472341290614, 0.0010720783182580958, 0.0028663219469655036, 0.002816653885876289, 0.0013086182930273883, 0.002249110253640641, 0.002002953193095632, 0.0015053752099804744, 0.008021746886284485, 0.0037631644619910633, 0.0003256102526383847], [0.006114168510238878, 0.002033811506405408, 0.012263065644193723, 0.002099826728695767, 0.003864768574046777, 0.0035922788731276513, 0.001099634188198936, 0.0053520673844273305, 0.0019560221459483437, 0.0032959461202590554, 0.0019214944312137586, 0.0049928935503033, 0.009328330323585854, 0.004787692394390858, 0.0013532799590535338, 0.0030255770807821204, 0.005870487297598092, 0.0053206624906183345, 0.0032688451135666967, 0.0012818768046815613], [0.0014024222378829997, 0.00223838994138328, 0.004498345523724077, 0.0012804311817659884, 0.0006500619314598404, 0.003619240931626859, 0.0005527778238903471, 0.0020891272743490067, 0.0008404780845823022, 0.0013749900915348615, 0.001274328047080769, 0.0012521939389634623, 0.0028531447377345602, 0.0025367685556070795, 0.0006547152583162115, 0.000783017906829653, 0.0011474308366928477, 0.004395464196125504, 0.006430330036097487, 0.001013580695566795], [0.00230412964144156, 0.002336625782337365, 0.006579497428527311, 0.0012651764666660188, 0.0012979447723270772, 0.002150584249913649, 0.001298681561877056, 0.0018993591444538451, 0.00076808935518803, 0.0020013543539851904, 0.0009275111999054455, 0.0037428816413238586, 0.004230410873403177, 0.0029032465050749918, 0.0032620788184239457, 0.0022433279314657733, 0.005333192740872408, 0.002666888037686027, 0.0068089986681822414, 0.0013406618812038108], [0.001300756776918805, 0.0018899280471911843, 0.0038790487336116423, 0.0017549975535371663, 0.000861359946719778, 0.0038365000210612015, 0.002985499361783964, 0.0015517655769647922, 0.0013588683257708825, 0.0025340359449121906, 0.0019636345727607196, 0.00217047450026335, 0.005337655231269997, 0.001144136064222559, 0.0009703139117773077, 0.0027161403350839256, 0.0030353303882461394, 0.0034934247669305522, 0.0024084034746626867, 0.0017822934173031483], [0.002166430571874311, 0.002709105786942984, 0.006742281832860771, 0.0011201662651216973, 0.0004842929537574857, 0.004205346434495987, 0.000835561670115343, 0.002021615832932795, 0.00024687765684058415, 0.0019142337538325773, 0.0012957271823960872, 0.001687437559433093, 0.0019115435614511654, 0.0014052693407873734, 0.0008418622543025623, 0.0023720103100262676, 0.0019862312427455127, 0.0030528788406671836, 0.0037416347839022614, 0.0007324223236522964], [0.0016511551364430865, 0.004914261653381383, 0.005012375401531035, 0.0017112698030588994, 0.0008759217056869333, 0.00343874458567312, 0.0010861355044674017, 0.001733041451645482, 0.0018725120696815524, 0.0017559565276679303, 0.002089533243464733, 0.0014412887473708906, 0.007855854644475553, 0.0012687253267347496, 0.0011378239784473297, 0.0015053857957326208, 0.003384238900902384, 0.0023579479490989878, 0.006302973923791574, 0.0012569316322243171], [0.0005795203655338148, 0.0009962307221044588, 0.0014381073414142175, 0.00089967252774241, 0.000305176875158155, 0.0004675293870350974, 0.00030967835710338985, 0.0008485876464042443, 0.00046892001406492533, 0.0010078024866289554, 0.0005048271155666964, 0.0013325313487427797, 0.0021861237279126207, 0.0006188486199857532, 0.0007748491015316768, 0.00139800093696003, 0.0016467571518140938, 0.0013683145907965354, 0.002206909007216906, 0.0006615461175826029], [0.001750366460611558, 0.0021747621300942524, 0.005524816842423291, 0.0007943720577989426, 0.0004890017674018965, 0.002065076780786295, 0.00053169915109989, 0.0005449040328770732, 0.0003361563584533706, 0.000603450830321203, 0.0003994488831860412, 0.0011866737873666643, 0.0015643320918492677, 0.000752018803404597, 0.0010786599664729688, 0.0009310914072597034, 0.0017167018839150173, 0.0033241670760057822, 0.002890614109516921, 0.0002796869593368282], [0.0061832375341219535, 0.0018386840629725353, 0.01005604877372497, 0.002164417758444118, 0.0010998430469577835, 0.003645214076640168, 0.0020054708200438628, 0.005066497595502547, 0.0015961847713329563, 0.002847818229501277, 0.002958877579036184, 0.002948667583272952, 0.007105715683814469, 0.0029253653532743283, 0.002874449313618352, 0.00268335738708909, 0.004278303826690829, 0.008196924104835898, 0.010066057131828501, 0.0017492313257018305], [0.002231558953104541, 0.0018755126749942883, 0.010939304478523962, 0.001324680737964577, 0.0009478660218204286, 0.003555179088064635, 0.0021502430667817178, 0.0026808395218138967, 0.0006501478884475084, 0.002248765620158696, 0.0025013822140589467, 0.004336379317039085, 0.002301881566896077, 0.0023722542755845247, 0.0008893559534176249, 0.0015469216096312345, 0.002160520187761738, 0.0044028164325038525, 0.0024809033652514532, 0.0008983877948783807], [0.0012175688033514622, 0.0037137683670998662, 0.006958527707304686, 0.0011133388351189557, 0.00148328638829831, 0.002075100668798048, 0.001103097509084377, 0.0026079256930802257, 0.0008565730915612266, 0.0015117060186408166, 0.0025282664467390333, 0.002247622997737947, 0.003402211445096692, 0.0012755853233805082, 0.001169372339884564, 0.0010607182014193296, 0.001142909150494427, 0.0031409779148489623, 0.00293131049582174, 0.0010757559220456805], [0.0009435333716352697, 0.0012189567726288081, 0.005429800709078419, 0.0018102769015062158, 0.0005892969379443846, 0.0014236758591014875, 0.0007457119689158862, 0.004191621897305382, 0.0008207830988591616, 0.0017308977311023723, 0.002993139507066336, 0.004566386153637275, 0.0014959921429362206, 0.0014108428717791686, 0.0009724541638727981, 0.0019565215819321883, 0.0008688277667840512, 0.0033828525638910636, 0.0013431880844655569, 0.0008976888792387195], [0.001968355651302057, 0.0020625941586003196, 0.006047565905952077, 0.0015939339904062215, 0.0006410758345529363, 0.0015863705315523802, 0.0011413170475120067, 0.0015234909908001385, 0.002138998949604728, 0.0011077907185303264, 0.0018080674210527443, 0.0018896419490858373, 0.0037862529033289797, 0.0024547521456829155, 0.002255815367099585, 0.0022859247982634336, 0.00190979919286876, 0.004378233245533607, 0.004897740703701648, 0.0008497285673957602], [0.0026750920249274347, 0.0029191001986037845, 0.008155537033247989, 0.0021477544257449454, 0.0007415807655462715, 0.0018266962860977584, 0.002750073818223089, 0.0028673321324947246, 0.0019429282855129375, 0.002250702304441039, 0.002425401637231682, 0.0035674231400191596, 0.0067125472632742446, 0.0025724271055720814, 0.0018411170984057876, 0.003094852290305887, 0.006416872981970484, 0.008940893893330968, 0.009418521030711747, 0.0014495726497587916], [0.0014812339209904228, 0.003459531132619729, 0.014360437181217541, 0.0012348149346915133, 0.001095145566777791, 0.003283263736839705, 0.001304847621319851, 0.0036553232194048734, 0.0009318634971178654, 0.0014756191067166846, 0.0012900605056138737, 0.0014493352487674786, 0.0027026896779796896, 0.0015613632774269578, 0.0021535531961869446, 0.004187124545920259, 0.0017657899289022048, 0.003439379682778802, 0.0057730580298327935, 0.000819221448733343], [0.0012872592073283366, 0.0032191598317702144, 0.007215154484046607, 0.0016336189657795595, 0.0005641317320472924, 0.0019560521174422974, 0.0018988325258125762, 0.0026342001192367686, 0.002318744057355968, 0.0015882709991967342, 0.0009087920058565301, 0.0026537812739897484, 0.0038075095387270484, 0.0034098356860226262, 0.0019468502180816688, 0.0021507404754412475, 0.0021954523070344422, 0.0064069044982283515, 0.004148988042633446, 0.0005508580458617803], [0.0009269732230243131, 0.003062817203056846, 0.0019516548366659424, 0.0011538294712829203, 0.0013260320900597715, 0.0009018328793996549, 0.0005232406419035526, 0.0009580170980407194, 0.000679483052502941, 0.0004380511498658207, 0.0007958222655655855, 0.0017722056505232186, 0.0016060869538060026, 0.000774954105115681, 0.0005464742559553338, 0.001010043612002154, 0.0009255782913141869, 0.002532512971211719, 0.0021684374925789924, 0.0002239750616191193]]"
random_20x20_d2,11,2,20,20,10000,40000,0.15,5.0,1.2,0.5943451706352358,0.5456595078593791,1,0.14999999999999192,0.15000000000000124,-9.325873406851315e-15,1.2422863290195894,0.2859893106251145,0.28278283101728197,0.13619617212033486,0.26582742494955436,0.00010889283548992682,4.316966050246787e-06,1.0889283548992683,0.17267864200987149,0.0,0.0075,0.065,0.0925,True,sparse_imbalanced,Sparse and imbalanced,variant_1,400,25.0,100.0,4.0,0.0,0.025,0.13,0.125,0.09944397374398524,0.12081776551699625,0.1283126167099859,0.2224539563443512,"[[0.0022465102355702974, 0.003489815260806058, 0.004686793138737252, 0.0006980095533367631, 0.0034300657142327983, 0.00119396189612199, 0.0014161541039873083, 0.003907360266764272, 0.0008817952644540469, 0.0008962022220000062, 0.0017827670928687064, 0.004118691950222253, 0.0009294456787547114, 0.0028355633474757428, 0.0034963761165137637, 0.0017357797899026672, 0.0006574409893336713, 0.00011988216194653997, 0.0037373553123362757, 0.00010889283548992682], [0.015535579915000241, 0.0016559879940237297, 0.0032483623597319364, 0.0012678413367530617, 0.0022120556281533792, 0.003137248797130486, 0.0012837917141776418, 0.008488113988915158, 0.0026346599576748107, 0.0025360883292096653, 0.01505732991928508, 0.005872037707893063, 0.005414149839625423, 0.0028570647795818217, 0.0025495078792845656, 0.0033155130272983797, 0.0011782575271458771, 0.000678293117223109, 0.004142592808445344, 0.0003521827346707752], [0.004544534960110166, 0.003267975371880813, 0.001505671518598841, 0.0006337921694510709, 0.00045402623598763325, 0.0008568402746563162, 0.0015237755673477096, 0.0009118429604559677, 0.0012926522618592407, 0.0006061661871122439, 0.002147314554583846, 0.0030157290975764204, 0.0007173580556069048, 0.0021736066720397583, 0.0021214972203634167, 0.0006723726539303513, 0.0008843023225725234, 0.00021750006060943522, 0.001649652989193474, 0.00042749850844636683], [0.006330302676967335, 0.0017610864889020578, 0.0035019199434105433, 0.003215317609692949, 0.00458935687302738, 0.006749537033551144, 0.0010478318662247104, 0.006582175131343419, 0.0024222363424245543, 0.0006267091940634508, 0.004512032621286835, 0.00046781086919146526, 0.0034540531353608648, 0.0037952413240632124, 0.0013941293136739447, 0.0032033857783954744, 0.0013499818376271008, 0.0005524012891231435, 0.0005818408268059125, 0.0009300652830581444], [0.005607121145381904, 0.0014704787991998973, 0.0018185539246108001, 0.0007291049521611861, 0.0017311860302789666, 0.0010454407329745132, 0.0009359750951539017, 0.0015061435554845168, 0.0008328287000122748, 0.0013362703183738484, 0.0011869102727741143, 0.0036937413245857384, 0.0019713492969936847, 0.005177652108303068, 0.001991889020198457, 0.0008624759375436456, 0.0010033163602848783, 0.0005084041253128586, 0.0028956799490772755, 0.0003211503952372812], [0.007509078701692551, 0.0038865123603223036, 0.004470695429841115, 0.000872900271156341, 0.000945582000326273, 0.0028019065147473826, 0.005555535178171718, 0.004499074649409718, 0.0012963798214538536, 0.0015267101450117644, 0.012805758374769851, 0.006409677097808014, 0.00350055580587475, 0.005677222588310147, 0.006918590285855515, 0.008295697075237354, 0.0011382763730444752, 0.001607633829511174, 0.0008651556859121709, 0.0009922950288747787], [0.0011946631308504142, 0.004807744947866994, 0.0012483019715549522, 0.00017208141655975415, 0.0019388026375059865, 0.0006142854484914591, 0.0003421478530144167, 0.0005377184461229964, 0.00028399794308884364, 0.0002872457689299236, 0.0006560736367524524, 0.0011054710982131887, 0.0015086452182631232, 0.002099002235719105, 0.0009153360554097218, 0.000687263218593533, 0.0004069089491920253, 0.0002024805321718434, 0.000988318057091887, 0.00022057857751329595], [0.0028516380715868624, 0.0031373150823857765, 0.0038335058530693513, 0.0014975517851994777, 0.0011013580338031942, 0.002205861661915772, 0.0011413855805533606, 0.0041301973960487836, 0.002113290074831591, 0.004422360101720781, 0.0036161579624032422, 0.005732049447942007, 0.002797745605057033, 0.004998702158420688, 0.009199254729439912, 0.0017894695063308242, 0.0003181448780075145, 0.0010833821497549245, 0.004128230000622869, 0.00012287829441545885], [0.007086945493243784, 0.003645683430703064, 0.003365483662948431, 0.0009055835271452043, 0.0008993242532068607, 0.0005798896752441035, 0.0013918551820633455, 0.003667610677821635, 0.0013202504291859585, 0.0002292714683502256, 0.005276624538006652, 0.001235002570960049, 0.001825016139597451, 0.005374727350801421, 0.0020010887984558603, 0.005548650701689588, 0.0008508662221555632, 0.0005852310083030569, 0.00042373102103403183, 0.0007545349943003447], [0.009707713379886658, 0.0005411764896160473, 0.001985241782808079, 0.0013675526808622376, 0.0011687637061509066, 0.0002475245810917342, 0.0012570322223684717, 0.0045369771343358924, 0.0010187827091979258, 0.0011949772080025005, 0.000991999737896885, 0.0030276697262623478, 0.0019369650784448141, 0.004905945488109525, 0.0037551325612235195, 0.0004951871831671076, 0.001061737271657562, 0.00045007954073417384, 0.00030073723103002067, 0.0002361147587530656], [0.006797414993752434, 0.007712531722778113, 0.002154071511700886, 0.0003568608606758112, 0.0008456078727331457, 0.002037226774352064, 0.0009271137446207776, 0.00141676379907453, 0.0004793442494596407, 0.001528042760931722, 0.0016346425366483555, 0.0013464503576999238, 0.001590668682989094, 0.002158790598967253, 0.001582492979726019, 0.0004909168300816405, 0.0027303639054155446, 0.00015274000364410873, 0.0010320934319100528, 0.00027818140756051253], [0.0014576868324731242, 0.0004611020124787196, 0.0017572472994683442, 0.0006629484690547376, 0.0008693953009245324, 0.0010779802963919634, 0.0010185491686169714, 0.002265702552149115, 0.000566539938832147, 0.0005941937593724159, 0.0018959396973780628, 0.004943707928661472, 0.0006749886705376833, 0.00448840308971878, 0.0010659616943378258, 0.0010083958425495428, 0.000962309307564243, 0.00018907365139564277, 0.0010410939822565349, 0.000855049125930732], [0.0059578194121089065, 0.0010414557490844596, 0.0039958939166268165, 0.0006233340035010274, 0.00048718302872742314, 0.0003068428159726645, 0.0010925325194955896, 0.0009528005556989913, 0.0007459906362643406, 0.0003065644053081224, 0.0018651092596215402, 0.0009123110322269095, 0.00022327597792119698, 0.002849514774628811, 0.002720432945126052, 0.001086599144176192, 0.0004139094810799948, 0.000548591126127927, 0.0026006359156238133, 0.0003367812163163165], [0.009973288070142042, 0.0019758080461450157, 0.020500148866094837, 0.001681419048263021, 0.0021255196363420457, 0.008912879972269219, 0.005761849123915554, 0.014314710841643492, 0.0012162936263708916, 0.0014357582513594873, 0.0076542011485865235, 0.0019378534729155169, 0.0035451945511810064, 0.0023492215747705995, 0.0053154370220318626, 0.0043523386248395385, 0.0022851712524441696, 0.00045538581484025944, 0.0028411377134258246, 0.0008103570864043532], [0.010803075586770279, 0.0009741160084346543, 0.004647605970210852, 0.001318097512314407, 0.001960126288347982, 0.0038615109868073436, 0.002650290128449014, 0.00818537973491392, 0.004119879430535001, 0.0008604118080638243, 0.0020930324538072165, 0.0049777459579377235, 0.007303192720571998, 0.005740046701074981, 0.006757280870235913, 0.0021924374986397105, 0.001425068938104748, 0.0003757432892018081, 0.003228883262520545, 0.0013408648819985614], [0.0041169816978816115, 0.0019522953491413705, 0.001835634475840422, 0.000807449579595503, 0.0006422898288136673, 0.003908182297210343, 0.0017632718537297872, 0.0012876369317793462, 0.0008988017545649556, 0.000684586490521305, 0.0031017378079623275, 0.0013955585053484346, 0.0009128568398499305, 0.0043175728751723265, 0.002289275614318409, 0.0012792987199163107, 0.0021829022433231178, 0.00037070675180255445, 0.002165902962602798, 0.0014321753098786377], [0.006398950121519951, 0.0028701169047344937, 0.001904195027776132, 0.0017833669353978095, 0.001313059148328679, 0.001974311719981638, 0.0020333215027074562, 0.012699130696879685, 0.0008381324211786865, 0.0014903225977148482, 0.0048436969483848825, 0.006832305833539706, 0.0019230839637704507, 0.003841021861079261, 0.0024041405327104547, 0.00297217865465925, 0.0024362522392738185, 0.0006910116921545841, 0.00554019867426923, 0.00044583780761553557], [0.005266671284257208, 0.004271053532461221, 0.0036606770447602023, 0.0005950205275423917, 0.0038365517151885365, 0.005603096448178739, 0.0015199141950678326, 0.0031400350624930552, 0.0010311081323812336, 0.0023025801368390052, 0.008129065578575251, 0.002423837690706931, 0.00233661729291598, 0.005418197417355891, 0.004521229767171173, 0.007497171903829436, 0.00084456234157134, 0.00032142313986101723, 0.001405246206278155, 0.00036460923391035805], [0.00239778326682736, 0.0003545277785275844, 0.0010769041433682312, 0.00023650195828127466, 0.0006156088373804961, 0.00047629432931420654, 0.0009065953553044661, 0.002197404262070542, 0.0006323876225906764, 0.0020183111951789876, 0.002440497648422997, 0.0002983208429666272, 0.0025819767814360523, 0.001858597066591963, 0.0009503953095427793, 0.0005358850360565296, 0.0005406302300089354, 0.0003936662984397882, 0.0009901524825020249, 0.0005365039869151923], [0.005034006540973139, 0.0013843465025974153, 0.002203980500411974, 0.0003500571508109424, 0.0011676558785497716, 0.002265429477471587, 0.001167972402206491, 0.0031920433713846117, 0.0004840588441914026, 0.0005155871153764912, 0.004399429333194602, 0.0027579567191563683, 0.0006195503949966353, 0.007977128956431118, 0.004373348751831646, 0.0032494564110985766, 0.0014124387762818687, 0.00029298656846912346, 0.0011915022281951209, 0.00014858471983241316]]","[[0.0001124221364374667, 7.327976638519261e-05, 0.0003371290368301736, 0.0007394371102837005, 0.000271910744132084, 0.00022124215874542278, 0.0009536270952201145, 0.0007306053254490458, 0.0002315313593531765, 1.5112174375381612e-05, 7.05580673410883e-05, 8.208537966197413e-05, 1.8317830445211926e-05, 0.000541405111920584, 0.0014277913200800257, 0.00043772122384647924, 0.0010676042891413701, 0.0007485562812884043, 0.008005863925893718, 0.0003120986938137772], [0.0022693929025799464, 0.0005185310680710983, 0.000414785645250324, 0.0016058836555049812, 0.0016364766501042116, 0.0005687558025079472, 0.007914425574598373, 0.004054024736494658, 0.001314104983810057, 0.00022216778615528643, 0.0004699469487906616, 0.0003703025082534033, 0.0003055682431524915, 0.0022832880199353273, 0.007653134239555756, 0.006607593509638165, 0.004909441007721394, 0.0015438161813215408, 0.01804830344643108, 0.0021607075195370956], [0.00016726291030904906, 8.65411108140608e-05, 0.0006815141911563959, 0.00044334512337369135, 0.0002910928119095502, 0.0002074294593933896, 0.0015772445139148592, 0.0005087226208142229, 0.00018188109111697237, 0.00014815518469495418, 0.00011482788242369443, 0.00041575037277071067, 2.933162242946946e-05, 0.0007823479447088048, 0.0007080814707833154, 0.000908422373247836, 0.0021543181543112666, 0.0013862299900260864, 0.004078213760546511, 0.001135030257588085], [0.0010426109604986722, 0.00022793372492834417, 0.0010993641669025556, 0.0007853449576718522, 0.0007124228162853691, 0.0006397536680380876, 0.018329002086061547, 0.002882699142890878, 0.0005551009663285209, 0.00010391572466340763, 0.0004981607308235813, 0.0010611902824607365, 4.712664275321456e-05, 0.005126511123779505, 0.0037404300896113026, 0.0012453335655210158, 0.010683805993299619, 0.004464643689014802, 0.013453642845594591, 0.002818182789021198], [0.0007519546504429476, 0.0008027853492638072, 0.00919414620000662, 0.007903987078838872, 0.00042729579347285465, 0.0006869233585401885, 0.01035924123684996, 0.00975265151248055, 0.005106686346747163, 0.0002957638297950098, 0.0006624478716948094, 0.0054243056794230984, 0.00041221268787390363, 0.005939577202212835, 0.006501889406600942, 0.005138842356727693, 0.025913621418018788, 0.009743603142436667, 0.01575607309584036, 0.004418202045328855], [0.0009750298898641193, 0.00026774200300498977, 0.0040852874841969325, 0.004954441157444953, 0.0009900821028801699, 0.0010664454140638022, 0.008065087012742616, 0.0018326316657092953, 0.001133043690950644, 0.00020922719695615945, 0.0006123467636683945, 0.001408910629467204, 0.00021812635970167452, 0.0016166860395466233, 0.007356486822660092, 0.006036039048801544, 0.040646969012825336, 0.011111295108411813, 0.014001963240248851, 0.001901281024485848], [0.000163057435883462, 9.188060378722444e-05, 0.00016117482338685657, 0.0005017877854615227, 0.0003525349097705206, 0.0005361521052614208, 0.0029712612448373993, 0.00044000259374395753, 0.0002098640672388562, 3.8395475645947556e-05, 0.00013302075628314177, 0.00046857486339981587, 4.311963673381211e-05, 0.000349034519975322, 0.001846825226610034, 0.0013121504078652377, 0.0011651441397610108, 0.00041123068384368947, 0.009886875599446697, 0.0009756403419561723], [0.00037146834053596636, 8.372949444583151e-05, 0.0011100138647296867, 0.0013511805839828868, 0.00040409847517289553, 0.0008638017593004671, 0.002718069795051195, 0.0020342434078938856, 0.0002353807227880433, 4.130116602220295e-05, 0.00022765398050675375, 0.0007466967425564638, 3.479481417806014e-05, 0.0006717749105905369, 0.0060424930098902895, 0.0013327489633874372, 0.0025811858510977805, 0.00166795978616234, 0.009332361343838946, 0.0017983753235583208], [0.00011970559549092882, 0.00015126056714735562, 0.0009167080066887008, 0.0011506870539043528, 0.0005054071388298857, 0.00024166322546808252, 0.0031980497433605954, 0.001232304882132748, 0.0008792890459324568, 0.00010373954145009833, 0.0005370190782550538, 0.00023699681472403336, 4.830109761421307e-05, 0.0015931424112591672, 0.00275676898177504, 0.000843772486366405, 0.002799167286806242, 0.0007200536067713937, 0.003628281735408875, 0.002097367064999117], [0.0004124956774830626, 0.0002967174424040923, 0.00113378561236521, 0.002298731132932028, 0.0007395039983153249, 0.000602843623884511, 0.00192116653960699, 0.0014054592957955083, 0.001067476762254776, 9.684026516038562e-05, 0.00046189358557627123, 0.00036577713188904777, 7.895919199153728e-05, 0.0008875797494385794, 0.0025887273112742025, 0.0006020302043517614, 0.00363560775953363, 0.0008192213371551722, 0.016990872309886787, 0.0028932837009973665], [0.00016228188517663906, 0.00010006629684356022, 0.0001525209623616616, 0.0005010689085054543, 0.0007104717278363698, 7.289695834210454e-05, 0.0012079329104710643, 0.0005945130806859506, 0.0003424207710584114, 2.294264849246261e-05, 0.0001361921492300906, 0.00014499969859012426, 8.661770263232907e-05, 0.0004586137410349635, 0.0005333361483260794, 0.0008437097964716962, 0.0013339994765351575, 0.00042088628601336857, 0.007532677828616667, 0.001366065796048353], [0.0010820839257883023, 0.00020133366875254912, 0.0006864719137739246, 0.007105800802623946, 0.0003541854021199927, 0.001390877343386712, 0.001342561987489954, 0.001037489940731798, 0.001047917128288547, 0.0002772538768660001, 0.00044026890613937356, 0.0005622163111254228, 0.00017162360793509038, 0.001986105674175387, 0.01251504163559833, 0.0051016780399925025, 0.004091983538255642, 0.0015761481704814376, 0.024286456650679404, 0.0013562348975699845], [5.079245810712647e-05, 0.00012105135493180713, 0.0005271714943442289, 0.0009110944816155274, 0.00022622307135011818, 0.00018504223600557251, 0.003243634169709179, 0.0004893800896473986, 0.00024508357251296276, 1.8657810583327183e-05, 0.00028656219010608476, 0.00023076560269159134, 3.582511909334164e-05, 0.00045757335857755677, 0.0021032616743345057, 0.0011741259200497305, 0.0021783200789617257, 0.00040191170554901696, 0.0138814902091029, 0.0009215009304092118], [0.0012632854878901318, 0.0005722185953414159, 0.002693839665738326, 0.0019176435631963321, 0.0014957148802185293, 0.0006940224881340083, 0.006808535335723491, 0.003953322629125159, 0.00040802470070998103, 0.00018100164390502375, 0.0012649769414253748, 0.0004256429465048243, 0.00010449219225722616, 0.0029218585564188214, 0.006768250079325644, 0.003566018810924403, 0.004976442885270502, 0.0008696119767613151, 0.015204512491879159, 0.0009590468316985405], [1.814058597234562e-05, 1.9009153972711785e-05, 2.679506199784034e-05, 6.817965993809506e-05, 2.792775750485405e-05, 7.36842509977881e-05, 0.0002649640668162989, 0.00018854988091455532, 2.5528067052603145e-05, 4.316966050246787e-06, 1.2252504886335314e-05, 9.394865562417325e-05, 1.0342622954728216e-05, 0.0001075681818664506, 0.0002555794197720916, 0.0001049568655053182, 0.00041050448565889934, 0.0001658393247591542, 0.0007149137040629445, 8.87919720313444e-05], [0.00019575732726774902, 0.00048691569634087123, 0.0008142119340202747, 0.002657703294423128, 0.0015001651692869754, 0.0013250121620261982, 0.019527184103049523, 0.002672121911663639, 0.00028171666226972614, 3.554056947825001e-05, 0.001263323106606091, 0.001779442279857694, 9.062383974678683e-05, 0.0006059808055379407, 0.005061935790607472, 0.001569981680885422, 0.006853638335287888, 0.0014135975583670325, 0.015843888167722992, 0.004337355303615144], [0.0005277047415755879, 0.0024962013862019792, 0.002072298114348412, 0.006632496516522798, 0.00229724423286625, 0.002794028485074451, 0.023637753055199582, 0.013913803009493032, 0.0011130765948043253, 0.000332237095509389, 0.0012771280570172804, 0.0020499962011154447, 0.0003112460023155427, 0.0031837016993786337, 0.014161641285136516, 0.003515474844403681, 0.00987408510798953, 0.014534771010298892, 0.017740773274951094, 0.005846955995783493], [0.00023758184055148044, 0.0001465148361196815, 0.0004036769915522315, 0.003655360019575272, 0.0008245724217371916, 0.0008098327738306359, 0.0033543074370053806, 0.0037259488386164235, 0.0003849346599710942, 0.00015874186140248857, 0.001060412979583219, 0.0005157977576865981, 0.00030582167864100945, 0.0013573690804203802, 0.010738430824796447, 0.0012159474924420424, 0.009053697828842865, 0.003780290386540304, 0.005027949366760949, 0.002527676392407112], [0.00017448004430689658, 0.0004915609471241966, 0.001255922262785851, 0.0025334125767848374, 0.000600775051661919, 0.001492841883214656, 0.007872409860527778, 0.0012137442716760594, 0.00039680519173479657, 0.00028778507495921075, 0.00021335119362484456, 0.0009022840690429245, 7.824423919759178e-05, 0.0028316371357672413, 0.008370629667239142, 0.00540092099234627, 0.007453024493382986, 0.0024328361427200258, 0.006804106731687745, 0.0019685839557770685], [0.0002362678524769741, 0.0001262506114791682, 0.0003993734394696727, 0.00039357621875009755, 0.0002009451304640791, 0.00015357798903314736, 0.0007924011362909506, 0.0012946458719460651, 0.0002280351067522311, 1.5846703884968548e-05, 0.00019584807000671057, 0.00015359143241841654, 6.74583343478354e-05, 0.0006670645735403277, 0.0012997487024973924, 0.0005639403605740093, 0.0013143609779989838, 0.0004721728298052783, 0.002234736615750902, 0.0005046350108743773]]"
random_20x20_d3,11,3,20,20,80000,80000,0.03,1.0,0.5,0.25106606362752193,0.26504370809113886,1,0.029999999999999805,0.029999999999961613,3.8191672047105385e-14,1.601134117828404,0.05948249110183651,0.058371032694374374,0.138765610013182,0.22030665549124553,9.093599222710274e-07,2.686425099822061e-07,0.07274879378168218,0.02149140079857649,0.04,0.05,0.1575,0.14,False,well_sampled,Well sampled,variant_2,400,200.0,200.0,1.0,0.0475,0.0525,0.1825,0.1575,0.22417190333202597,0.31242712386264826,0.16655418853847462,0.20821292978451028,"[[0.0008983451580068964, 0.001748135737691865, 0.008524569563863223, 0.006098000924829631, 0.0064359667696343905, 0.01069520587797098, 7.623092273280606e-05, 0.010853129415620857, 0.009316505023623335, 0.0005553870187509487, 0.01604662220895024, 0.002351638028388169, 0.0021798065548835214, 0.03610256318959895, 0.003609746689194864, 0.000708380810604455, 0.00127145619112076, 0.014537326416728499, 0.004263477406678243, 0.014949596718663798], [2.791972109661082e-05, 5.2954665740536295e-05, 0.00013580732370197706, 0.000273784292544602, 9.429960794241424e-05, 0.00017758058858449976, 2.6070847197882414e-06, 0.0004257964968937126, 0.00031106767457220625, 9.583970378990172e-06, 0.0003424660327650684, 9.800528889368077e-05, 6.52311767004417e-05, 0.0019360050508502123, 0.00010880904025506871, 1.3863991215441199e-05, 2.6460618612640782e-05, 0.0002616430002961965, 4.026667433950709e-05, 0.0004905426575252917], [4.828247479825451e-05, 9.353460024222467e-05, 0.0004770584721891087, 0.0002616501126643892, 0.00027205084801180116, 0.0005676268889023916, 6.143768837288215e-06, 0.00036116605192192765, 0.0006836454525541331, 2.8632329712153236e-05, 0.0006095636114605704, 0.00020148830882665437, 8.889694664486896e-05, 0.0028040030024194073, 0.0002976095087983645, 3.367696238974138e-05, 5.770931469977194e-05, 0.0007210121088096023, 0.00011810484638085666, 0.0007387161619763355], [3.610752867795749e-05, 0.00012828112894834064, 0.00033274892721361855, 0.0002741540422981152, 0.0003032867322370877, 0.0002339821209345831, 6.278885419789212e-06, 0.0003619059496890259, 0.0006999230673376444, 3.399206296544348e-05, 0.0007860740996298767, 0.00018979622640636956, 8.69003338031991e-05, 0.0030897422748101294, 0.0003941169378470446, 3.45316261890974e-05, 6.635257622653162e-05, 0.0005099542943377221, 9.708225877850996e-05, 0.0007452943387688054], [6.636589559740951e-05, 0.00021803122902987884, 0.000630441098689511, 0.0010246585686742573, 0.0007452772640486144, 0.0006277714669814707, 1.4195989931231969e-05, 0.0007445773746631996, 0.0012914317430035049, 4.2684692063225046e-05, 0.0008214912786186908, 0.00045760782788849665, 0.00018486975910663933, 0.00579209663637314, 0.00038444383561513735, 6.849643152606079e-05, 9.657751567925435e-05, 0.001480574617794134, 0.0002990842603264922, 0.0025979490240115675], [0.00046737845513510653, 0.0008793763353352414, 0.0025068050716371745, 0.002371596511439928, 0.0029435534860798754, 0.0024491683865583117, 4.014646403313493e-05, 0.003962686420879421, 0.004070737637745836, 0.00017586816609303297, 0.007166485096043893, 0.0018407138945892697, 0.0009858229970701475, 0.017945376978688192, 0.0019340197287909713, 0.00027398051341680777, 0.0005593095221385533, 0.004399168171751511, 0.0009983450052083267, 0.008780725742051786], [5.239636815676651e-06, 1.7850306878261887e-05, 5.703318812227099e-05, 5.381332123242529e-05, 4.4982083572296806e-05, 4.1259157583031374e-05, 9.162261713466935e-07, 5.98756304476664e-05, 5.7510085026356964e-05, 3.955222626856284e-06, 0.00014309465493881333, 3.43481479053072e-05, 1.7232615766734914e-05, 0.00036957010352806275, 3.509420071477806e-05, 6.614524442860148e-06, 5.9088286692006754e-06, 6.879209210781152e-05, 1.8495038286841682e-05, 8.525414146745924e-05], [0.00012257319269193303, 0.00033457033506794547, 0.0007847235414056595, 0.0011405531359364085, 0.000758370253566803, 0.0007228649716470669, 1.9393953335087053e-05, 0.0021666249731531694, 0.0012419387389220058, 5.5088945473028196e-05, 0.0022878466906482288, 0.0004885047111723776, 0.0002516923258045617, 0.007681817209345768, 0.0009218383367045742, 0.00011671703920196997, 0.00013011826542942508, 0.0011416804586539782, 0.0003417525572892118, 0.0019550864170650075], [0.00035368689185746443, 0.0008232430698951654, 0.002339617490639375, 0.0017776585716652762, 0.0025080061735974542, 0.0023908823201232456, 3.168148903027197e-05, 0.0021616853776578017, 0.002296588678534873, 0.00012764670598592207, 0.002357404246115459, 0.001144114876362901, 0.0008523961030223804, 0.012330678890141791, 0.0018962318120186266, 0.00020518825192919113, 0.00011899349517964356, 0.004524811573339784, 0.0007921058967245522, 0.004404824795068077], [0.001138448512866909, 0.0028296711425126876, 0.004164178364786623, 0.0061021912156654645, 0.008219979771509513, 0.008103848159619086, 0.0001345619302032978, 0.005869161228967936, 0.017146060279318386, 0.00047985679806691157, 0.01061825956548113, 0.006333747799011604, 0.0012642233465103851, 0.038206506592922886, 0.003795565892923536, 0.0007572201406714404, 0.000865275086882055, 0.01402868302585327, 0.002297047020372788, 0.010750352689141903], [0.000373599389619161, 0.001011667005134161, 0.003867814003018507, 0.0034896255988130687, 0.0053671597886373445, 0.0029571289983192335, 8.560730169939495e-05, 0.0034332414930069, 0.006666886087722987, 0.00026179376988405133, 0.0081369776017236, 0.001941927374042237, 0.0011009843898839846, 0.045501094231955384, 0.0023880509406993596, 0.0003136976041714623, 0.0003989690115293939, 0.007023107435212211, 0.0008922220615065774, 0.012066006225530685], [0.0003118499428913167, 0.0010046266760179601, 0.0019392419293380871, 0.0021022855757517065, 0.003119895918821605, 0.0018800489738643126, 5.263476049411326e-05, 0.0035526754234778287, 0.00354910376989672, 0.00013121805464359938, 0.003921499065622589, 0.000978497384858156, 0.0007036872903008088, 0.023961748189602602, 0.0020237168752574295, 0.0002099143504545225, 0.00022637545024736943, 0.003886352264602052, 0.0007479832213787361, 0.004593747105885936], [0.00014340248549160966, 0.0003024390286120458, 0.0010944402173461236, 0.0013802535927958277, 0.0012236194969132079, 0.0016155787553420273, 2.5991775466903648e-05, 0.0012495016936439152, 0.0020360078163053994, 5.009354030480718e-05, 0.002266845089266843, 0.00047535855345028354, 0.0002748049265211162, 0.008456858083721687, 0.0011749719142728076, 0.00018401051790713682, 0.00019495957176583447, 0.0014762043925109385, 0.00030197559396575436, 0.0016636809331576313], [0.00018889271758959296, 0.000540668377486628, 0.0014508214967455582, 0.0014852648591827393, 0.0018668281812999645, 0.002008797630961762, 1.2449212144448112e-05, 0.0012703980050020071, 0.0022592942895496033, 9.501093499374089e-05, 0.0027975878395288378, 0.001080723381519322, 0.0007229088640789865, 0.01426815553797444, 0.0013751125179443005, 0.00014962916653711502, 0.00030598787838374386, 0.0019213399362311414, 0.000390393924644993, 0.0026898429994981696], [4.373251705325256e-05, 8.778628449093723e-05, 0.00028007736042513895, 0.00043318049893841676, 0.00033856926018204745, 0.0006013126786569013, 1.1273818114046047e-05, 0.0003255914420601439, 0.0004429559973635789, 3.075818079581573e-05, 0.000659813232640203, 0.0001323108474755412, 0.00010515564043422386, 0.003351562669477508, 0.00023923197693165427, 2.560133244104872e-05, 3.6021757777573505e-05, 0.0007755412261317983, 0.00015363908693154764, 0.0009420426215263105], [6.020244163461952e-06, 1.7929686529217085e-05, 3.935197670189373e-05, 4.3417655912459215e-05, 5.0461879506359225e-05, 4.6978058911679825e-05, 9.093599222710274e-07, 3.8113456097715964e-05, 0.00011348389771889976, 4.040747001851879e-06, 0.00011122031272903669, 2.7606628985149253e-05, 1.753224189970211e-05, 0.0006698240972568772, 3.966504506013273e-05, 7.784811090443744e-06, 9.035479359705178e-06, 0.00011247896920905908, 1.964276108308476e-05, 0.00010903611488178302], [2.6257511981709387e-05, 9.847825870834625e-05, 0.0001900499995331474, 0.00022390934467444266, 0.00017047409220690202, 0.00016872632447352803, 4.903158214232803e-06, 0.00020031462063656985, 0.00042103801080141097, 1.0773003760508332e-05, 0.00048111348086515366, 0.00011355876412331394, 3.43809800049935e-05, 0.0016127882768855355, 0.00016385901557215425, 2.033895106703076e-05, 3.849773090021186e-05, 0.00036847970823882095, 8.471443638384905e-05, 0.0003754274871263235], [0.00136813689272539, 0.006949566143239889, 0.012292613240191399, 0.011553287407376127, 0.008221327466872118, 0.011638554603242179, 0.00027922427446523554, 0.008471908163424559, 0.008252434300740878, 0.0004900380246821515, 0.025455236235314902, 0.00584508056513609, 0.00212424828117588, 0.06996523370366776, 0.003877302465150388, 0.0008668068068408423, 0.002031281638268863, 0.019779496235091155, 0.0045119126085426545, 0.02019821427587755], [0.00034392294557934126, 0.0008753193897126124, 0.002105182757091358, 0.0018765764780021448, 0.001858078277976681, 0.0036183017228157773, 5.684458234409314e-05, 0.003465576870772719, 0.00401942744267898, 0.00019058054905044035, 0.006994118925691262, 0.001908758572705818, 0.0006561347461938915, 0.01313308541495194, 0.0017502230712394314, 0.00014491911975919553, 0.00047310726446970277, 0.003408605753894934, 0.0011516248473754213, 0.005238225185493666], [8.738705717036456e-05, 0.00014563679140608537, 0.00031546318856165185, 0.0008478322630372067, 0.000499862186763958, 0.0006131433397137238, 5.846015669088236e-06, 0.0006221886703810478, 0.0008767177933997772, 3.284745100223021e-05, 0.0011732857777788114, 0.000155776466735276, 9.422652710470479e-05, 0.005248413728475971, 0.0002780072863605649, 4.2785900812221384e-05, 5.559002414706924e-05, 0.0005800719190962091, 0.00019065819126204927, 0.001068564500466108]]","[[0.004027300825205761, 0.003994924830736204, 0.00527565891162835, 1.3316525333070164e-05, 0.002505052959792171, 0.007103428521986296, 0.012410192137104719, 0.0003773300369522929, 0.0010364760376755325, 0.00030431950076179233, 0.0004335856411915131, 0.0012574113600149887, 0.00011789418283856068, 0.0008900874199692195, 0.0014817226683888276, 0.005673705798904235, 0.005362612143976054, 0.004981357867585964, 0.0016952872947122702, 0.003901895970655344], [0.0047508203332437896, 0.004994746782470332, 0.007009401069101805, 1.2195205323692838e-05, 0.002517166368273122, 0.00543115316628665, 0.015667458015312535, 0.0007651274239509812, 0.0011104073595659028, 0.0002727361673110321, 0.0014959428457552474, 0.0022745079404002154, 0.00027183180625150083, 0.0009851219278829244, 0.001492072422581503, 0.0035826388633378413, 0.0046688929578903955, 0.004301342946864827, 0.0034349282030788253, 0.003365670817422589], [0.0015708859446238058, 0.0031350111617760583, 0.006972742941374318, 1.3774059884645834e-05, 0.004963458722771929, 0.011187359161537774, 0.011900394887675456, 0.0008176469781860492, 0.0017546183096003743, 0.00018794603793878003, 0.0006050148922116924, 0.001639161036855431, 0.00021831685629362203, 0.001169408814667719, 0.001737497128837617, 0.005347393036925729, 0.005249229290675014, 0.005970217911625617, 0.0018692293132630728, 0.003520602296229039], [0.0001134625116371591, 4.580157020711545e-05, 6.037968912486948e-05, 2.686425099822061e-07, 4.810383792405598e-05, 0.00012103893162490954, 0.00038150266587874606, 6.522188417452643e-06, 2.325457352784504e-05, 6.637272506917888e-06, 1.3986331814859754e-05, 3.5391029479959585e-05, 3.7099026611363567e-06, 1.9955266930881527e-05, 4.972518294258144e-05, 5.977990372391148e-05, 7.761318720836078e-05, 8.970055821024135e-05, 4.9060752957143705e-05, 0.00013458451593236767], [0.00191262008253374, 0.0010064944834351085, 0.00212246721329869, 5.036152315534933e-06, 0.000717677354646992, 0.002783714010624038, 0.0033758958139865525, 0.00019502831495227767, 0.0003186456954688007, 0.00011305064368813048, 0.0002826798553281448, 0.0003733208606337681, 0.00013921922622382786, 0.0003692720001414863, 0.0004633535124670628, 0.002001723361070053, 0.002768501131200475, 0.001944976277641168, 0.0009897610333370664, 0.0015038048753625711], [0.006180263294611991, 0.0035566563858713133, 0.010998267036313802, 1.1202668631440197e-05, 0.0029520939012444634, 0.005222264651292942, 0.02684305919744564, 0.00045866070515411376, 0.0012090205399492462, 0.0005632084044261496, 0.0008984957855471378, 0.0022102953139738787, 0.00021820179009847293, 0.0019410181950975922, 0.0021538319778951916, 0.003192051766539238, 0.0070382183125510265, 0.00679882435786094, 0.003205822670250503, 0.00432815785096038], [0.0027065370862670566, 0.0013761477633754554, 0.0029658136340437046, 7.392875210248359e-06, 0.002626505585153249, 0.005613056066954911, 0.005696501412713199, 0.0003785096100995847, 0.0010144961953146236, 0.0004686638664337944, 0.0007529227796972116, 0.0012561968217277124, 0.00010308521704756207, 0.0006627762936251365, 0.0008353523318557843, 0.003361066456898027, 0.0038970256898622595, 0.003017727563494868, 0.0018138407088486113, 0.004334085746938403], [0.010344487553974048, 0.006880423373333266, 0.015734999584871425, 2.593759971073503e-05, 0.0036452764563639933, 0.015076985388270589, 0.031137929398723792, 0.0013514928007448785, 0.0025747563369794588, 0.0003715543878087107, 0.0034232530139538518, 0.005072683138443507, 0.0006724261216139777, 0.0031379833997100884, 0.0029856228309685473, 0.009817832781970045, 0.012885752793542633, 0.016295881522821458, 0.012258757899168866, 0.012860152155500732], [9.732815885968391e-05, 0.0001231160521610714, 0.00018044683831678444, 4.967734887302739e-07, 0.00017281801254831448, 0.0001930350132873693, 0.0004069766921914692, 1.4356101813052419e-05, 1.6950248578618954e-05, 1.1100959241205212e-05, 2.7437179571500815e-05, 5.7780807320316236e-05, 3.5804640092125782e-06, 4.6754799190732865e-05, 6.181949263834646e-05, 0.0001281002103087763, 0.00015900520917087231, 0.0001542612872095633, 7.107386056352178e-05, 0.0001129863506687459], [0.00011955805138187191, 0.00018878373420660628, 0.00029427839296366023, 5.234015893373954e-07, 0.00012403030418780344, 0.00022038851678733042, 0.0006574499508747931, 2.63511554357145e-05, 4.5008027861504214e-05, 9.979801945651115e-06, 5.0589275352882686e-05, 5.762697892262547e-05, 1.0057179316977456e-05, 4.720100200260124e-05, 9.834894396663878e-05, 0.0002472435149917391, 0.00011866530619666296, 0.0003793999509592226, 8.584745098316106e-05, 0.00020886629401015844], [0.0011922056991173682, 0.000716916506009367, 0.0015422024723645207, 4.208397600134283e-06, 0.000450835657925783, 0.0020631108726805584, 0.0029663117514483963, 0.00010476077876503471, 0.0003686726609451021, 8.824551018071261e-05, 0.0003229372218981083, 0.000337171164972185, 5.4550456823284026e-05, 0.00029518844550421527, 0.00041494774699731815, 0.0017825627095546903, 0.0013741965397067357, 0.0008787588759097454, 0.0007870248598835092, 0.001279716086150799], [0.0018691680697064381, 0.0018287079099164733, 0.0015610964489553378, 9.884593320549911e-06, 0.002050901305434399, 0.0023207809627756562, 0.004893528983115379, 0.00030550794527019003, 0.0003946970090316313, 0.0001587223037440549, 0.0005098056418569067, 0.0007993204656566725, 6.813144996091982e-05, 0.0005091326491045654, 0.0006556631892538846, 0.002659204023200409, 0.0021511551453314505, 0.0020900715219245654, 0.000993888299181813, 0.002163520827195379], [0.000173530399862702, 0.00010022564661115844, 0.00022408050941759514, 7.412459603532844e-07, 0.00011002455431153663, 0.0004131491582130247, 0.0006282252374124071, 2.1571659830272076e-05, 5.2554427473556246e-05, 1.4613839381552805e-05, 3.9194004826821164e-05, 6.931897870913425e-05, 1.3824514009887412e-05, 5.1008551537092646e-05, 5.7742566268123704e-05, 0.00028083338893078696, 0.00018906821905935185, 0.0002838167573333351, 0.00011629750634817286, 0.00032577787618972567], [0.005101127049539817, 0.010012167873855919, 0.01998592960507003, 2.9173223070879968e-05, 0.004718837975893984, 0.019191738048690725, 0.03428825142166096, 0.0006301115378616356, 0.0026696670309551123, 0.0005667433483584466, 0.0020799404181765075, 0.0016778115280383773, 0.0005850955328359674, 0.0023300174694391787, 0.0031871669537399737, 0.01093824714896959, 0.009799080191833811, 0.009058727857805269, 0.0047612864452660445, 0.010994314564584714], [0.0002960579058925322, 0.00028044846562139586, 0.0005121740340816847, 9.165614496875876e-07, 0.00029918891844631773, 0.00047816249882436356, 0.0007624100953528999, 5.664036759615486e-05, 7.790093913003178e-05, 2.016801659179904e-05, 5.729705161828716e-05, 0.00015075741050721108, 1.756723783638597e-05, 5.559450284889205e-05, 0.00010747953939437052, 0.0002443287676215523, 0.00031237206516292366, 0.00047182156529215085, 0.00018343378507177936, 0.00026013039956329024], [0.0026794768500149045, 0.0015925874763715892, 0.0031068290182346605, 4.166531292913127e-06, 0.001370188346546339, 0.0034729061280350786, 0.004482970266323777, 0.00023561455151058225, 0.0003143975559026136, 0.0001074514439991955, 0.0002875821642477309, 0.0006456494302525971, 0.00010085617743330992, 0.0004860356173564812, 0.0006633594180274703, 0.0028391644882933154, 0.0017127298121899313, 0.0015875872914351279, 0.0015242484655137187, 0.0015236286123513504], [0.0034977566934936647, 0.0022268667768502006, 0.010741057258624113, 1.6727724900949042e-05, 0.0036284135304782287, 0.007514870892513549, 0.01616571090697738, 0.0006920753999728345, 0.0008002058207702747, 0.00038751927009820814, 0.00123498030487907, 0.0022747490451050607, 0.00026100863763919233, 0.0010432869967170369, 0.0015956871332660205, 0.0030640503155718816, 0.006715909962143605, 0.004664088071386933, 0.002034124309595905, 0.005235080257244663], [0.0007424975215462485, 0.0003624950671470292, 0.00137706300110564, 2.1169434125344523e-06, 0.00037814465004526107, 0.0012353839000368307, 0.0013752338601490497, 7.47494806598277e-05, 0.00014960358911662462, 4.377288244710245e-05, 0.0001323085993065522, 0.0002748336969741893, 3.1426780578840064e-05, 0.00021814887501268542, 0.0002619607004285364, 0.0006114197391982922, 0.0011417961177176007, 0.0009949636232078067, 0.00029291171255759943, 0.0007118038572208422], [0.0018451321308737422, 0.001835617275354498, 0.0030055653808214403, 4.172594581685054e-06, 0.0020519752871075536, 0.0034091455917009948, 0.008764437977252416, 0.00033663028893213606, 0.0004315551697281992, 0.00017222807443755756, 0.0002737921218331708, 0.0007722880760365192, 0.00010489112784026284, 0.00044380922874106074, 0.000867375400055409, 0.0016332232166474748, 0.0016753998483110123, 0.002292287934218718, 0.0010262503117713638, 0.002241342453592894], [0.00508844500775217, 0.008839950282375, 0.010301012652141247, 2.7314838567936515e-05, 0.005882477333375517, 0.012697424020780583, 0.0254084891129107, 0.0012312804746707528, 0.0013251764293526406, 0.0005726621513657096, 0.0013931469616185587, 0.0034675639794759412, 0.0004144620209792576, 0.001139041288826719, 0.0035505063596550143, 0.005689411452745763, 0.009301288452403252, 0.010194407455745996, 0.003808001850267114, 0.007846806031035065]]"
random_20x20_d4,11,4,20,20,8000,16000,0.07,10.0,0.8,0.371338057560803,0.4461622167300324,1,0.07000000000000028,0.07000000000007578,-7.549516567451064e-14,1.1747438006124278,0.13933631761964785,0.1360839576896597,0.07451867602464546,0.14772208637771733,0.00042725404708898697,2.145359941353095e-06,3.4180323767118956,0.03432575906164952,0.0,0.145,0.0075,0.3625,False,moderate,Moderate,variant_2,400,20.0,40.0,2.0,0.0,0.1575,0.0275,0.3675,0.08608339080450865,0.08433941454923474,0.1876741720791255,0.18208245590777491,"[[0.0033893964950050676, 0.0013454239704874132, 0.00232119179689679, 0.0010651705757677597, 0.0011859800968740998, 0.001204760613540809, 0.00217583225952845, 0.0016525977551758286, 0.0014800934212226755, 0.0033502005024131005, 0.0037138146211098326, 0.0030902800051896564, 0.0028607446757163025, 0.0014464890593305095, 0.0025820891456068387, 0.0025165464474939396, 0.0009592374297166689, 0.002129102524177164, 0.004018647677414707, 0.003142103902838396], [0.0026213744164159695, 0.003287295568486695, 0.0016480706349978548, 0.0010457399527304438, 0.0028090056219425372, 0.001063452205429951, 0.001504390621708828, 0.0014627893882892234, 0.003173166937987605, 0.0030893432881498426, 0.0014446520944734562, 0.0013076766788087564, 0.0019100231708535304, 0.0018335399956716102, 0.0015579640820789112, 0.0025751090961654358, 0.0010204412902284025, 0.0016840427955052612, 0.0015158495857723723, 0.0014059174341436794], [0.004514937199904341, 0.00320932401165337, 0.0035304856109394465, 0.0021863237678468915, 0.0021815852937020624, 0.0006302171479636846, 0.0013760832530958003, 0.0015948790625764143, 0.004078775355776858, 0.003459146831205841, 0.0027780282211435224, 0.0025691279130550756, 0.002778442588164662, 0.0020753877527564957, 0.0037103737318335073, 0.0026046226769712885, 0.001259664806385294, 0.00266677269134355, 0.003337227294468539, 0.0016832125794614152], [0.002482342551955896, 0.0018824074914068195, 0.003912112315640232, 0.000996354312638464, 0.0005730751847629556, 0.0010151523887815892, 0.0007828722069254607, 0.0014637824125318761, 0.0019254477512986408, 0.0013359277468652055, 0.0009063636356236079, 0.0012697249686436857, 0.0011232547913958032, 0.0013280214974837872, 0.0008374290279777772, 0.001056560699837512, 0.00042725404708898697, 0.0006873750712452168, 0.0010994252733513513, 0.002917646393603828], [0.00542268775866877, 0.0033790275638059175, 0.0034553296524287174, 0.0011963018335257056, 0.002571054998344753, 0.0006470121232937254, 0.0025346398306644174, 0.0009307433077447815, 0.007721295083544543, 0.0037899785294645333, 0.0014853724444000038, 0.0028930332987233587, 0.004615020787593862, 0.001279349987981581, 0.0021033304563120195, 0.0025159661909250597, 0.0009694588636132059, 0.001993548442839995, 0.0013766674000218733, 0.001803062934207892], [0.003245057382892231, 0.0017699768780599394, 0.0026526166932104023, 0.0016240292620068666, 0.003935003430624437, 0.0004960846092455361, 0.0029016533653342612, 0.0034602665931630443, 0.004100988859793954, 0.004510803894416528, 0.001914687741997648, 0.0011183524077092223, 0.0025830454412417983, 0.0048472206819573874, 0.002385935288840243, 0.002287865623811823, 0.0011789068777484648, 0.0015210610270850837, 0.002735690047953209, 0.001986833326906946], [0.004647517882949424, 0.002305779247458682, 0.003298281226913657, 0.0022102204153586834, 0.0020931308129122196, 0.0005213278843018353, 0.0022067313425728585, 0.0022279745026686547, 0.0032840517089595803, 0.0021813718655331943, 0.002986222439021286, 0.00221796667353488, 0.0016381562050297005, 0.0017363845211371418, 0.0038449823350326096, 0.00288670423560546, 0.002698465776479831, 0.0010528277371977775, 0.0023530728504211553, 0.002283511537337541], [0.003441822642316356, 0.0012530861483259718, 0.0033364788864421848, 0.0017870773004021376, 0.0019705021787310845, 0.0012011698963743612, 0.0013643316573031669, 0.0019765744199552004, 0.0034856611826472343, 0.003347151280790777, 0.0018039775939419447, 0.0014116222001753537, 0.0032777572478024054, 0.0015054582179973523, 0.004956730097516006, 0.0025233042939726527, 0.0012079703672283582, 0.002316847111431534, 0.002052030277572026, 0.0027528873058155633], [0.004341576964500653, 0.0011823264127816017, 0.001782068266537127, 0.0011632795018115445, 0.0018270158564304914, 0.0006690666516402212, 0.0016684445069578729, 0.0022172176620380763, 0.0028165108546079174, 0.0022377270449795528, 0.0016542958091031778, 0.0007452367728478453, 0.001671490784170729, 0.0008860817861923757, 0.003529150072390515, 0.001588711133307225, 0.0008279439112492343, 0.0005519222289748967, 0.003432468343554316, 0.0026463328698486995], [0.0022405427222373354, 0.0016983432111429913, 0.002576122323631494, 0.0016391733054997627, 0.0009848868448366123, 0.0005819560817054137, 0.00047141452523306415, 0.001277438058070012, 0.002257390367376475, 0.0022973003648219348, 0.0008005988336361947, 0.0016245124943386716, 0.001545551258959899, 0.0009464058898794815, 0.0017058242017263048, 0.0012051620359226642, 0.00056556212367999, 0.0010017539654473633, 0.0018344214684727577, 0.0019127053004434143], [0.005663235693521748, 0.007458560153745584, 0.004625161156548683, 0.0014016991991183964, 0.00410694140637795, 0.0014423096310533102, 0.0018234101244020667, 0.003567774467592795, 0.0026538315732290195, 0.003370841080604685, 0.0033323054012085944, 0.0023707280501719242, 0.0032460040938943535, 0.0037795040609215724, 0.001593683462409422, 0.0029771974243795714, 0.0009613506445166706, 0.0021648108827947853, 0.0018599593574311457, 0.0033286737621573683], [0.0025559635364572095, 0.003380591178680063, 0.0028405464270128337, 0.0023362591335578547, 0.004994744429980599, 0.0008392132474204229, 0.002048515087655917, 0.001462924243127191, 0.0034872476492633893, 0.003330628113366104, 0.0009281747247252831, 0.001337078782844268, 0.003843404474510995, 0.0019023864097042855, 0.0022274654755782136, 0.005514826079553796, 0.0010345854370825789, 0.0023555721311271857, 0.0030984919517075735, 0.004143611952784236], [0.004635734264779128, 0.0008425011033051294, 0.003123205083237674, 0.0012897293712572284, 0.0015275599653148564, 0.0005666926131281464, 0.0006899704569899448, 0.0011722919324037501, 0.002487825750529654, 0.002807513539263793, 0.0020432601513167216, 0.0006790089861706367, 0.0012000847291171797, 0.000853525310153812, 0.0015513973701755835, 0.0011399060893477477, 0.0014013664848480717, 0.0009540374032731434, 0.0017054949995166143, 0.0008997515382814182], [0.0038038782788979396, 0.004522001716895462, 0.0030369285351599246, 0.004192648302116203, 0.00493177832527973, 0.0021889675898486166, 0.00274815310802254, 0.002782050978747807, 0.005403619352993811, 0.004605403991426198, 0.0026233968654812544, 0.007762708117376146, 0.0023285904679480104, 0.0020059463786025007, 0.004687483765047851, 0.003827107040273359, 0.0019826266117574398, 0.0016240160150713218, 0.0024436320745409583, 0.002707910454627829], [0.006925362236856246, 0.00365343419791397, 0.0017535063926157812, 0.002340725137141539, 0.0034958497675761017, 0.0006232097506862294, 0.0014075594694085232, 0.0011992039052818953, 0.0021213076222978762, 0.005005564115503849, 0.0013540071157867532, 0.0011286816237773049, 0.001515924337746461, 0.0027059884083135777, 0.0018401225767423598, 0.003187979032257125, 0.0006887989404015377, 0.0016228038760762187, 0.0032415339062937553, 0.0010156732304612628], [0.004555875626304529, 0.002036373093050102, 0.001738689189592834, 0.0027544132123510077, 0.0012765713394510129, 0.0012414960214959339, 0.003967040836301286, 0.003983854087621492, 0.0038715260190158177, 0.003864756683597672, 0.0019174447115285936, 0.001642206492938838, 0.003052968223412254, 0.0020526557905550156, 0.004398030855169564, 0.0033735235819552832, 0.002227551300691867, 0.0015706630888272575, 0.003784357675324427, 0.0031061564799755755], [0.008288559064846034, 0.0030911424572700966, 0.0013957563761997015, 0.0011834136335432328, 0.003781119886823891, 0.0011727048120281673, 0.0014457658021435206, 0.001436545539054988, 0.002313018183608851, 0.0040888123039949835, 0.0021139276348724734, 0.001579445480786954, 0.002146428781820097, 0.003505487395862739, 0.0066698824756052065, 0.002157888866260029, 0.001496723169779074, 0.001676827998603656, 0.0008035929159443767, 0.0021203615520659067], [0.0015835096438973667, 0.0017088787799878745, 0.0015177244439836097, 0.002178279959574107, 0.0030099496043565644, 0.00048158286804276894, 0.0011330360054137491, 0.002787901079854603, 0.0034829661241499647, 0.002639964411163723, 0.0020001930811972836, 0.0018341068466285189, 0.00148944025068627, 0.0007278244115898176, 0.002839428876974663, 0.0031140418974686308, 0.0013848229270098972, 0.0011322283606944109, 0.0016404562334602314, 0.001505148644497907], [0.0041472324222024655, 0.004288726350158472, 0.010842539750437178, 0.0018851743299339468, 0.001640723404739658, 0.0010578542524448957, 0.0016706384689088407, 0.0023442622725864046, 0.0066940685393314355, 0.005966766978967691, 0.003095903098454041, 0.0014544249437827058, 0.0036284771824350204, 0.0025170149143745497, 0.004671912239986504, 0.009901072892025364, 0.0018127008432219222, 0.0022849286424452783, 0.0014565725720173488, 0.0014547085233375461], [0.005832807764626045, 0.004360733006175125, 0.0021583104413417614, 0.004462036134345538, 0.006482618113334452, 0.0014948612480178243, 0.0025731807621179226, 0.007622038783191271, 0.004604551991350893, 0.0047525897023396905, 0.004055311518713961, 0.0032357973407764378, 0.005691422797606536, 0.004873942200350921, 0.0057761980303172745, 0.0052634093289983955, 0.003270131283570237, 0.0022642025923112936, 0.003055131439998141, 0.004254116325024941]]","[[0.00010259986999099977, 0.003629917814514622, 0.0034086961397910317, 0.0003134014856743029, 0.0053536141045602914, 8.380854368434541e-05, 7.438746306768194e-05, 0.0009051128951186509, 0.0031839897445416704, 0.0020617202086926825, 0.002563574638438647, 0.0003534179383028663, 0.0010794634292840282, 0.0008407190482342015, 3.353827825048268e-05, 0.00377580340002263, 0.0016833811952078096, 0.0008173722354098172, 0.0016081742598599328, 0.00017986951580898651], [3.0260302697700626e-06, 6.564175253082996e-05, 0.0002150425531546463, 7.931910301353228e-06, 0.0003496164276002954, 2.1753591430886713e-06, 2.81233606719078e-06, 3.478536779015883e-05, 5.440305925949697e-05, 0.00010103566638725452, 4.4968338180758476e-05, 1.6411626188714944e-05, 2.023208476196885e-05, 1.6059493722628133e-05, 2.145359941353095e-06, 0.00019317547213289508, 4.128437845264184e-05, 2.3752794127844933e-05, 6.483137532758031e-05, 3.7224136790247447e-06], [7.41717312233589e-05, 0.005100391728769359, 0.004638524373390197, 0.00010355663363846071, 0.007701000868820376, 0.00015134762210207152, 0.00021045283200944628, 0.0012630674495601548, 0.0041831126776279695, 0.0041979658741495155, 0.0013924229543657465, 0.0010864930263679998, 0.0024626733636287086, 0.0007940361538055884, 6.279041022826583e-05, 0.0029915827544082876, 0.003151516655747965, 0.0009348009059437359, 0.0037648207081274654, 0.00021445416989369486], [4.895865918140538e-05, 0.0005521800698114301, 0.0008571169352195869, 2.960249582078498e-05, 0.0009996234970810558, 1.3621419871089737e-05, 1.497817617815563e-05, 0.00027265886149703956, 0.0007522661494721499, 0.00017715371593161845, 0.0005089521622318016, 0.00025491500190497334, 0.00019379110536762106, 0.00030982937078746374, 1.598281675733533e-05, 0.002941994867425433, 0.0007929170977316064, 6.821288075611864e-05, 0.0005546738342494576, 2.460572939429005e-05], [0.001891352307113827, 0.013861417824983468, 0.011821306001687161, 0.0006794315873373621, 0.015051693443042162, 0.00020353164354956684, 0.0003527601279417371, 0.005571100439069336, 0.02272578914535416, 0.019721664168303458, 0.006630159030166293, 0.0012537365583133496, 0.007710672860190316, 0.002252194095827395, 0.00020751881113413763, 0.04671005084729376, 0.015877785139329505, 0.0012793766235766535, 0.01362470173264489, 0.0002479296922669765], [0.00011673940924063794, 0.0028420944591076055, 0.002731825034108026, 7.259481645847695e-05, 0.004203161998566738, 8.675488402810386e-05, 6.9909704296664e-05, 0.0021598309299892945, 0.00282434278243962, 0.002904342235908943, 0.0020974656148878123, 0.000436441416734687, 0.0005738111291785799, 0.0006271798393937194, 6.171554071425587e-05, 0.005999014222310785, 0.00038751312209111513, 0.00016365945771729497, 0.002834816810576158, 8.474259619014217e-05], [0.0009208819782250056, 0.030521254979153537, 0.017036368473729, 0.0004057437582923781, 0.01849686725574715, 0.00045722112202138465, 0.0003587526214681836, 0.004896721940972, 0.010241453867437234, 0.01873620297081347, 0.014980209224942044, 0.007082684959200195, 0.004197227895855074, 0.0027292120144314876, 0.000416484595980461, 0.027998192978152998, 0.007193572235417957, 0.004239936398460354, 0.012622054551299819, 0.0003963549780356016], [1.5460146147115566e-05, 0.000868536498949003, 0.0011861259231702465, 8.842142270115377e-05, 0.0002458680031599552, 2.002224664328957e-05, 1.0128888234389598e-05, 0.0003734425479987468, 0.0008442783261628834, 0.0008514322131731622, 0.0003346161305688333, 0.00011406104073478647, 0.00015044506437226005, 0.00014738969172340088, 2.8298933454086057e-05, 0.0012071859896896954, 0.0007419271866107465, 5.26780109793249e-05, 0.0007704573082334132, 2.0702779547078625e-05], [0.00035702392394942965, 0.011667501086552566, 0.018279603864243286, 0.0013143464129094064, 0.013927590337050422, 0.00011830409652762012, 0.00020227877767487243, 0.004814594479921898, 0.007758472180539586, 0.013739642427540161, 0.009984142881538816, 0.004172270558078161, 0.001492685644554704, 0.0030381706834252697, 0.00038487976081393976, 0.03793619584914832, 0.004983353915733412, 0.004184102146822103, 0.002783665069403648, 0.0007689608809307251], [6.923581152864472e-05, 0.002091537078041287, 0.002788479685107031, 0.00036192388050970925, 0.0020992017986950886, 5.341922229922109e-05, 2.6962710682297127e-05, 0.0030660886765258243, 0.0017080757662865465, 0.003319898484992103, 0.0005816100774314197, 0.0002921283321560142, 0.0005237660698091484, 0.00040624727470407247, 5.304909248838978e-05, 0.0028420405392154506, 0.0012126585953612535, 0.000363040218995592, 0.0009718303199759815, 3.4005416570364484e-05], [0.00027553149523720793, 0.003053799881181989, 0.005155785538466177, 0.0003117531359348524, 0.008062275334585372, 6.741886224153757e-05, 8.731877448241884e-05, 0.0019807580173888018, 0.0038308849425078605, 0.005401183419120265, 0.0033022191103032643, 0.0017308435179224791, 0.0009479343566381359, 0.000907657739368964, 9.753223920109323e-05, 0.0033895044964382, 0.001591055459317154, 0.0013460574048146433, 0.008902235782004043, 0.00014734398718290438], [0.00016550325752896365, 0.0019601635225394883, 0.003598079976975655, 9.506609924194919e-05, 0.0020498044289244373, 5.747482084184069e-05, 4.281648408348375e-05, 0.000763985193079705, 0.0012299050448611672, 0.0009182573858627908, 0.0016058559999127821, 0.00023723745291794689, 0.0005738655314102057, 0.0005624228562756899, 3.1229737244025555e-05, 0.0030781510016448027, 0.0012614004636723269, 0.0004503732099978883, 0.0008232145235354416, 3.518141325858579e-05], [2.7727565119154337e-05, 0.0009834545943029941, 0.0004711023355996365, 3.4917778455835916e-05, 0.0020078019844511374, 1.9715065114500584e-05, 1.2985677481606888e-05, 0.0003607870616525495, 0.00048491965076364333, 0.0007322469534617783, 0.00031411903122994486, 0.00014843838721600978, 0.00015471100431014786, 0.00011041688403349582, 2.1569993256264024e-05, 0.0008411319254003943, 0.0005306143421675444, 0.00013922961551103224, 0.0009994520168012837, 3.952012251894135e-05], [0.0005819950111242735, 0.0043603002168105184, 0.00839185334122801, 0.00030877082335492616, 0.0037082935026464658, 7.981629790242653e-05, 0.0002818302515096849, 0.0022767316672523174, 0.0014914603508584577, 0.003462473958088236, 0.0020710214401394216, 0.0015253001927009544, 0.0010747009375923625, 0.0008942158055063428, 0.00011043596895337746, 0.006269153674249696, 0.0019546228586777158, 0.00038051496538561247, 0.002692097418504615, 0.00011617176875352805], [6.795759461920588e-05, 0.00133740105788201, 0.0008481150829768282, 7.503862225068884e-05, 0.0012365243982150893, 2.7455845584999248e-05, 2.067298420201312e-05, 0.0006223112993083588, 0.003952692920252197, 0.002750180074444195, 0.0008373389762350931, 0.0003329691495493114, 0.00031418344510782576, 0.00021149307060492812, 3.0163830445649248e-05, 0.002017662673996534, 0.00046892845518691943, 0.00025407162594834185, 0.0013230350387761038, 3.665713550703835e-05], [0.00033421173430810505, 0.008356005204620263, 0.004737098758418987, 0.00017737118275075616, 0.011622674267217437, 0.0005946736797103867, 0.00014948709883197053, 0.0033326187062828047, 0.004839651715726351, 0.007248092259498773, 0.004748176971417963, 0.002059310510086463, 0.0062890839260976855, 0.0016203310406375593, 0.00032651911442382284, 0.014847888845619338, 0.005157131794331647, 0.0016958022311106134, 0.004256815440050588, 0.00029655913172535844], [3.138228907710214e-05, 0.0009272008767344192, 0.001631895811789357, 3.882219496312157e-05, 0.0013472050651511136, 2.721802663734721e-05, 1.2486788292926473e-05, 0.00036273357648151293, 0.0007876091379943569, 0.0009820136389481675, 0.0006226252882559176, 8.96443508228854e-05, 0.0001558839386863372, 0.0002560051064821237, 1.2326441308149868e-05, 0.0007311851389824637, 0.0004884312228474081, 0.0002247698372946591, 0.0007015204776967273, 2.3377069228886685e-05], [0.00023661430128037186, 0.008369252685602664, 0.0065680930002218725, 0.00062588106203995, 0.017258415472768785, 0.00017584730852071275, 0.00023302564686564434, 0.0032786325769546703, 0.004384015920262315, 0.012248919288743205, 0.005224022288305539, 0.002523486655801761, 0.002122775972362215, 0.0023556435247700904, 0.00022128994887214552, 0.01642858454635175, 0.004220455999067971, 0.0013928221997627035, 0.005791573304311971, 0.0003246604270328069], [9.696357406054528e-06, 0.0013221312478322866, 0.00043699029539294204, 8.648919757859651e-05, 0.00038011135827140986, 5.6177275255532425e-05, 2.5667395773547476e-05, 0.0003537615336178647, 0.0005262523089482423, 0.0005371160419309557, 0.0003862164870758059, 0.00011733458022997173, 0.0002807857985144256, 0.0003403659359033234, 4.069673474196781e-05, 0.0015083821015523307, 0.0003005372534862689, 0.00014860216296682657, 0.0010944739141339824, 1.743132727508177e-05], [1.7534490253870742e-05, 0.0005192927434874531, 0.0016638084923738124, 2.4221009300140164e-05, 0.0003086179240414301, 1.4694282894833859e-05, 8.879222876629927e-06, 0.0003513510557545057, 0.0003898316020220479, 0.0004640346923655303, 0.0002562706637423878, 9.337219485994242e-05, 0.0003017968935658594, 0.00020841925818472075, 1.8081693831514732e-05, 0.0003755745837392246, 0.00017913677559222652, 0.00010273626281279758, 0.00033526926607636517, 6.624932928786132e-06]]"
random_20x20_d5,11,5,20,20,4000,16000,0.15,2.0,20.0,0.5784746236357082,0.5610238805230058,1,0.1499999999999999,0.15000000000000124,-1.3322676295501878e-15,1.0081732040211304,0.2921510139507746,0.29502515003003066,0.11351801598421574,0.2268072550257224,6.365483447312969e-06,0.000185752200605349,0.025461933789251875,2.972035209685584,0.095,0.0,0.405,0.0,False,sparse_imbalanced,Sparse and imbalanced,variant_2,400,10.0,40.0,4.0,0.135,0.0,0.465,0.005,0.13625120595163392,0.1142576326208748,0.06796682104905438,0.06770380383198571,"[[0.0011832827450234638, 0.008226135293304244, 0.0031772492418175786, 0.008631466252699272, 0.0008813149877901534, 0.009769915026758199, 0.006912649519188721, 0.005114786327435307, 0.0038118403671595948, 0.010844172482937987, 0.009052080169886498, 0.00923761766091313, 0.00010657986918449253, 0.0028785042028046594, 0.005016913549762555, 0.003630372041441434, 0.0013173476660106797, 0.008124171245131855, 0.012561903401999227, 0.010413657427296252], [7.214843242218682e-05, 0.00046995157197137237, 0.0003668801932183223, 0.0005528557122440846, 0.0002262221622487608, 0.004479376321869106, 0.0012609756362939877, 0.0007157496340619141, 0.0018063776763609146, 0.0015625975524205071, 0.000896538934898822, 0.0035298643514442823, 5.4221740923627845e-05, 0.002026960926842581, 0.0006825372465358912, 0.0005569741197684306, 0.00011405750907495759, 0.0018330037547803952, 0.004834772809188491, 0.001073148668724677], [0.0004640573100258755, 0.0020715863612600334, 0.002073348396907824, 0.022086486516348716, 0.0012659327448526793, 0.004941887386769342, 0.02031435342149114, 0.0043426650694959835, 0.013327577902012824, 0.005089727365687502, 0.002528202897675845, 0.0024416923291209736, 0.00021378677816509978, 0.006433865059334255, 0.0034095422802999983, 0.0023730256692984886, 0.0019656918951490494, 0.007631009429446404, 0.029250628629101497, 0.004026138509190405], [0.00010852574015439561, 0.000323844104042556, 0.000483444597766214, 0.0028670078687197437, 0.00016882228458440845, 0.001283189943998335, 0.0026365121370805445, 0.0002876935735298014, 0.0008662763422072699, 0.0012154891368268228, 0.0006157620018833793, 0.003116956214401347, 1.763081336972878e-05, 0.0011883473482551738, 0.0005730532896858907, 0.0004959961203489016, 0.0003325567752170834, 0.001662571597189402, 0.003396216263489279, 0.0017314545296428173], [0.00039743458744774437, 0.002810166054044455, 0.004379519304360476, 0.0068457005805689026, 0.0016914612873366191, 0.009319437347926169, 0.00578619791718074, 0.003647775273602116, 0.013374462147452814, 0.010606825429180943, 0.0024959672996961424, 0.009056476456346815, 0.001336208790283872, 0.007599748638286988, 0.006431583828486768, 0.0041088749949363375, 0.0027829988034049906, 0.01756058997423039, 0.01269586535641999, 0.003411429363108978], [0.0001214347799229255, 0.0016447421665462363, 0.0006116233546078039, 0.0016192885715040363, 0.00018871236910542998, 0.0011606038654506843, 0.0005161415873487187, 0.0004018557048790323, 0.008570412874984834, 0.001161214071860433, 0.0010172662760091578, 0.001208971454966201, 1.6726898044803285e-05, 0.001425085169691517, 0.0003172972588211158, 0.0011284744066570825, 0.00035304873220482586, 0.0015060674766315576, 0.0012789317485986094, 0.0005508274508092251], [5.808109815123318e-05, 0.0011410087385809616, 0.003704820744183745, 0.0067372678826764145, 0.00013245948656106713, 0.0019614414358554676, 0.0006579065286508033, 0.0014895015350916735, 0.007762847064483318, 0.0007865436594661452, 0.000733888431643019, 0.001277157641802828, 2.9455285842603922e-05, 0.000923546236100859, 0.0015202859938490973, 0.0007665549564266991, 0.0010763074481563847, 0.003065003483718905, 0.0017442868670250777, 0.003412255027645965], [0.00016067193048393213, 0.00030414885978379295, 0.0004491291583773718, 0.0011274957093231862, 6.368825997455316e-05, 0.0013277173203927438, 0.0010110572168143207, 0.00018290190684675916, 0.002110246488803653, 0.0008030685199116175, 0.0018234077282815733, 0.0012423686225652452, 3.208038795171655e-05, 0.0004834503915872956, 0.0005061855898729361, 0.0003724252377009439, 0.00014299587240260242, 0.004554818519464728, 0.0006948050567951528, 0.0006471475168115138], [0.00012826038671374007, 0.001040490561125477, 0.0007907304816310081, 0.00514670771295811, 0.0003919993526203739, 0.0026637636192515615, 0.004196284402400328, 0.0017945992267637963, 0.0019701520836506465, 0.0009054240930015616, 0.0006696256127471707, 0.004875135929325517, 4.31244113207814e-05, 0.0014894521857941614, 0.0008664237832244224, 0.0009924956846766866, 0.0014333223917346101, 0.0035061297088850663, 0.004170398283871864, 0.0008045903079907223], [9.848915718670708e-05, 0.002647970306505798, 0.004331166480231072, 0.003661919716640164, 0.00019205347966342974, 0.001635540088002094, 0.001303928805166589, 0.0017519409147634232, 0.010744879677774053, 0.0025038573873412905, 0.0022529308565235506, 0.002484483377878104, 4.7247953434312746e-05, 0.0017390771986136246, 0.002732215210905264, 0.0008755079826974782, 0.0010428484472967182, 0.004255077785743044, 0.012640762300191183, 0.0009487030316627522], [0.00036452874471701796, 0.0007425743187937911, 0.0005101167175887505, 0.0015745518991436278, 0.0002613937893202197, 0.0030436328771798696, 0.0006281379901079989, 0.0013012382677209519, 0.0020810513142914223, 0.0020538228392151673, 0.0024159783146299693, 0.001507352422958469, 3.128742775205786e-05, 0.00381009957314602, 0.00158779595280671, 0.00034710780822441376, 0.0008915764115461226, 0.0014657888464052595, 0.0016789834115415543, 0.0006860481704834866], [0.00021303828745772736, 0.0025700801516240516, 0.0009521954971184037, 0.009348649542769384, 0.0006269623687524681, 0.004815011000971935, 0.002168873827462155, 0.00035881356997605077, 0.0012685361484226336, 0.0035558142913993053, 0.001416410430869852, 0.008759864616582092, 5.527170043575817e-05, 0.005350868032242105, 0.004141334281339284, 0.0024612069257421605, 0.0008035486134702447, 0.003888621378722614, 0.0025167307003363545, 0.0022610135169096], [9.471884956536264e-05, 0.0020724583475242838, 0.0004598456229052111, 0.0028470655544598914, 0.0001528210130963513, 0.0010890094200986667, 0.0014016154537314052, 0.0003039940683237976, 0.0006332202808658229, 0.0009156760193772884, 0.0008567626793407423, 0.0010791041156951136, 2.571698783772667e-05, 0.00034524642039589833, 0.0011797222998832337, 0.00034359023412822273, 0.0009008477561224104, 0.011119712097930487, 0.0024999158193169395, 0.000521278622237012], [0.00044438553010432463, 0.005997839671739534, 0.0031791807730063844, 0.005330272780045615, 0.0008325869636413667, 0.005822246821718612, 0.007255235982918563, 0.0014231128041913574, 0.0058427594806087155, 0.004185921362619219, 0.001759691955859069, 0.011979665549325027, 9.802314718770229e-05, 0.002552177230854736, 0.0033504574162609916, 0.006193307856887554, 0.003772532714011361, 0.004418636845088223, 0.007503398711167867, 0.0026178068800725668], [0.00010335967191908845, 0.001993626283849305, 0.0038389482305151565, 0.0036478237743372134, 0.0006362270416847118, 0.002097980275275772, 0.0026640206970828906, 0.0010085368743513931, 0.0010886334801061416, 0.002881387957403975, 0.0022723904955013583, 0.0007043269172287245, 6.835059704555126e-05, 0.001809836165510618, 0.00042026579050797187, 0.0027595330748411695, 0.000494601460771868, 0.0035284623870825193, 0.004243947132563723, 0.0012741076309262583], [0.00044515017313215684, 0.0003224146058018005, 0.0004905744232252048, 0.003711292198397119, 0.00035391111174530745, 0.0045172481331103775, 0.0014424063014183205, 0.002169304883011954, 0.0033201579630649128, 0.0013054628725508496, 0.0009160576589912872, 0.0010224768438071882, 4.3638980237012116e-05, 0.002494221847609549, 0.0011513069922195296, 0.0012233703514888, 0.000818798249315559, 0.0030986164234586048, 0.003209773464113499, 0.002560329599855483], [0.00017556027985282573, 0.0016151105888379481, 0.0006508978315313351, 0.0021911340830488035, 0.00047111625475035015, 0.0030410618462410255, 0.0015677094117612657, 0.000717858153282467, 0.0008155627115341914, 0.0012789429173996935, 0.0011794735589372757, 0.0005398661130810605, 1.7954900835533797e-05, 0.0014450013385711093, 0.0006055399192421192, 0.001191518448533763, 0.00012110660370692123, 0.0020576372113190007, 0.002279939938491131, 0.0006714432184221995], [9.788412120740131e-05, 0.0009264784924364205, 0.0008685800486528082, 0.0012117997923054456, 7.09117585150078e-05, 0.0011984094892942881, 0.0013009877834823937, 0.0010788925653409805, 0.0009742191532893956, 0.0006676134012476731, 0.0014561369464531867, 0.0009423719328858723, 7.533785950924079e-05, 0.0018453342482383345, 0.0016450761687039686, 0.002263085906889627, 0.000178075114957373, 0.010683590330091365, 0.0015962588232411215, 0.001761367548580151], [1.2094292881007537e-05, 0.0009564428678782843, 0.00012711387592382781, 0.0010487947777871286, 9.509130791013206e-05, 0.0008131270830858864, 0.0001662856889460948, 0.00022544315175739444, 0.0005145996707253384, 0.00014021651645675418, 0.00017186519801993765, 0.001824649597633536, 6.365483447312969e-06, 0.000436706890333122, 0.00036395246518126895, 0.0002958864748211442, 7.838433411530564e-05, 0.0011094050163708575, 0.000770857917345614, 5.018490602212676e-05], [0.00016874342229912203, 0.002292641988707637, 0.001858115332718673, 0.008780781817680293, 0.00029933742672482946, 0.002053048562291864, 0.0018650365436873218, 0.0014538802382529185, 0.004697354603831219, 0.0016633869861654225, 0.003897307764133875, 0.004104820824779261, 0.00013521099388592669, 0.0023720078734862714, 0.0022386437196371327, 0.003252806851478956, 0.0008141435734060501, 0.008234468495452922, 0.004689255986076628, 0.0008170185897994731]]","[[0.002031495535079402, 0.003604121607211705, 0.003507792673257073, 0.0015167254565018374, 0.002024096678455108, 0.003441625491742565, 0.0022413845054480206, 0.0014900561269847728, 0.0009361707042785386, 0.002835449261023801, 0.0020945512062342593, 0.0015869789170167537, 0.002370608289468531, 0.0026983545036309824, 0.0014378326837492612, 0.0021820310247787408, 0.004284500181782909, 0.003689030940362642, 0.0014788072263188473, 0.0022607912044831494], [0.0013179165733654165, 0.0011906467964369707, 0.00324245192153682, 0.0018415276594388643, 0.0007899847042530795, 0.001769389279152778, 0.001998275356413481, 0.002129808685456758, 0.0005368354188736709, 0.0031311766398204217, 0.0021080056130314494, 0.0014628183470060394, 0.001977340625728828, 0.006757982046940227, 0.0011985409117085735, 0.0029810996755845276, 0.007483154457353469, 0.0033944505321831945, 0.001921152499014115, 0.005247575497994268], [0.0014486519098364148, 0.0010645812268155002, 0.002648865653075584, 0.0033654038461872313, 0.002336235892897533, 0.0013286678488462313, 0.005589169856314812, 0.001530983624804786, 0.002048792547363456, 0.0034043590645451084, 0.006924153974934882, 0.0036887205913647613, 0.003886606871710595, 0.0031142106423412332, 0.002387520491476273, 0.0010230499077890788, 0.0029168169705850295, 0.0031637093483134378, 0.0011253334469628886, 0.003538856771421046], [0.0004606174771759514, 0.0024885560353470203, 0.0014480721212202362, 0.004815234412546279, 0.0006469485103780869, 0.001459925129103777, 0.0016542122977180756, 0.0013089815955781442, 0.0009266763026727226, 0.011383316266603953, 0.0014888955966156532, 0.001632732724710064, 0.005822208587469593, 0.0023556518974948417, 0.0042894578284141975, 0.0010370076785006005, 0.0006242429066228156, 0.002344505024634834, 0.0009851640313336156, 0.0007964444887104046], [0.0014169735838843324, 0.0031191792778558543, 0.0031449353995965826, 0.0009918724330913637, 0.0019302816201938304, 0.0003400736122285398, 0.0009467769833986259, 0.002341000817354461, 0.0007142520998727962, 0.0009930139391415415, 0.0009949384819193075, 0.0014357681355470493, 0.0013152999037890501, 0.003294485536445234, 0.00225888996344473, 0.0024010738500382573, 0.0009537460434855053, 0.0019095908257765741, 0.00018638303421989342, 0.0019154720664949388], [0.003337577762605742, 0.000882246328011354, 0.0026459232392823475, 0.0029032872501400762, 0.0010427762369696447, 0.0022106099411170733, 0.002078283492540016, 0.0016287264548257288, 0.0012287831198819277, 0.001690203017781686, 0.0017892261055549698, 0.0031311291119483975, 0.004876946728477141, 0.0010755997499626423, 0.0014283701100808698, 0.0019255999025482738, 0.0022490113990795055, 0.0008661038285539645, 0.000185752200605349, 0.0022419587600044826], [0.005637962388184494, 0.005227340929880229, 0.007671599026007951, 0.005048239279351971, 0.001275101432966773, 0.005322067278671632, 0.002107590524861823, 0.004328742054000574, 0.00414445580738256, 0.0015053758391292186, 0.003739616831517009, 0.0004859961694990236, 0.0024464033225779767, 0.002921909051493436, 0.003914775148907162, 0.0011849148486495877, 0.0037371094998076165, 0.0025422179391003568, 0.0007188874353705859, 0.004006516241694401], [0.0022289861832467455, 0.0023177605805772264, 0.004522341734959282, 0.002396669221433058, 0.004731744031377623, 0.002273562663024503, 0.003948330193767073, 0.003768632553261347, 0.0014824945183215777, 0.0020232240901979434, 0.0018312452271220683, 0.0026647902299583135, 0.001998254018792639, 0.0045720479144380965, 0.002908443083240277, 0.0023882852990911602, 0.004378479592123887, 0.001602750649355592, 0.0016036814044217008, 0.0022107197383196835], [0.003105248780576165, 0.002825529007581761, 0.002974293214523449, 0.001170367235519714, 0.003393281905069398, 0.001096990311997178, 0.0010285282535276359, 0.0012571219789341453, 0.0012215909310998995, 0.00331076122814603, 0.0038645116922201334, 0.0011309508558378619, 0.0029569743250075363, 0.0034130910425646424, 0.0016374184535802013, 0.0014344056217649506, 0.004312758389860391, 0.0029616717927578536, 0.003073837718246894, 0.001374494913254368], [0.0019087528610054116, 0.0010667791365611458, 0.003853621630054382, 0.0033163047373848467, 0.00242705940897819, 0.0026149388807851035, 0.001296363347902739, 0.0018942902758517601, 0.0020419449246527467, 0.0023210628606982007, 0.004587021943324102, 0.002187498673662454, 0.0019101667026404968, 0.001240181352507841, 0.0027020092094043433, 0.0023252551344430795, 0.0010480866844552682, 0.005550426608998909, 0.0005763887258789991, 0.002069494657029993], [0.002001392555263906, 0.003898588334826371, 0.0022069026405560624, 0.0024154408672673005, 0.0005798069369544712, 0.002600523087996022, 0.002286547877726041, 0.004295591002492471, 0.0014244334345901199, 0.0009232369125150756, 0.000946881401202089, 0.000896446471678047, 0.0010184766757485744, 0.0016851776156341356, 0.002057646479822886, 0.001139620732010041, 0.0012777047364609512, 0.0009272883400739618, 0.0008909971947757651, 0.012260683113925594], [0.004203171068002047, 0.005603809292943731, 0.002109787601108673, 0.004054424115278151, 0.0014151377326192174, 0.0059858001575805375, 0.0049140911579493955, 0.0021339955735264014, 0.0023539867592390438, 0.004619758675579355, 0.0017042784764966811, 0.0013655489375500912, 0.004939366038104409, 0.002459528525772021, 0.0018954833386452725, 0.0007223106880496483, 0.0031800792727338795, 0.0022200370085938485, 0.0032930598697423524, 0.001188310062492928], [0.0033881904970752934, 0.0014753902964611692, 0.0010620137396839039, 0.0014682578076911199, 0.0013703048431568054, 0.004337884244213505, 0.0017074894762287413, 0.0020804527619375924, 0.0013554380208918766, 0.001904729481197789, 0.001750727018434562, 0.01114749075009858, 0.0009224177416224399, 0.003386969706311692, 0.002551171304710275, 0.0033446830577605817, 0.0018109631221979489, 0.0009047383837617658, 0.003838718439585248, 0.0018540020205678974], [0.0009625522653031138, 0.002465793464646244, 0.0013078440293090062, 0.0008876079806208867, 0.0014302007195008638, 0.0015403957779562482, 0.0005234119319319268, 0.000845071581003312, 0.0006289087626889167, 0.0016891204840980925, 0.002216791878820444, 0.0005328697453851288, 0.0004923408149016062, 0.002098836523835141, 0.0005953338284552733, 0.0008901339022184485, 0.002108788431598201, 0.00406123555581699, 0.0008867825227017641, 0.0014090940011561358], [0.001327788461545137, 0.005677483692172147, 0.0030060063271549905, 0.00310204211947935, 0.002689599747405707, 0.0045630762251925, 0.006275972915470993, 0.006733281439367518, 0.00260613597136907, 0.002606222934417426, 0.0014409463579147705, 0.0019026031941915605, 0.002602734835836062, 0.0011792800490699042, 0.0034507697692679105, 0.0047434113608535305, 0.0046843815725922805, 0.001941524836939833, 0.0007236152732317058, 0.001623363169627976], [0.0017068934266120269, 0.00299624681904056, 0.004704795782958399, 0.002075035483673588, 0.0012847594217035307, 0.006721522951041259, 0.0018118623138737163, 0.0009209826974355852, 0.0009272064096473326, 0.003965424287450161, 0.0025611337000086827, 0.0009561736920855419, 0.003208382507702302, 0.0035216352609806975, 0.004300205365378531, 0.003453004070466016, 0.0017327929597399812, 0.0017886393135813738, 0.006829286189216031, 0.0025290915945951286], [0.0049049794022112654, 0.0018016801384848845, 0.0024313169914446636, 0.0031623654121186876, 0.002411895487772802, 0.0013930488594397137, 0.002527591646714607, 0.003622913358082433, 0.007536008191003557, 0.006233574603493942, 0.004678142353223236, 0.004189140700458927, 0.0036247471742872498, 0.0018765236909386194, 0.004524979249201341, 0.0008471861913311361, 0.002916076098231164, 0.003219632501013338, 0.0007800661911622462, 0.0036449692522178686], [0.00355201121099776, 0.0016466673036722136, 0.002779231280694089, 0.0026668553118795717, 0.0009382610851886142, 0.0033820454296111134, 0.00037590130464073673, 0.004375144469802487, 0.0009645769466263265, 0.003489762875415383, 0.0007893309233295418, 0.0008295438733567753, 0.0013919326203652082, 0.0023888850186872725, 0.0024377086892142974, 0.0016352732141235776, 0.0024993765115529617, 0.0014632818629427432, 0.0012148261803331135, 0.0039719143831136155], [0.004437272107820684, 0.001129072259972092, 0.003601784607641944, 0.0015846370415113482, 0.002624744104842013, 0.0020662704210427283, 0.0011809671196673264, 0.001128891201955194, 0.0008488106334968996, 0.005706736205421729, 0.0007951120575945984, 0.003807023233493137, 0.0018885344715395798, 0.0031470417726106063, 0.002413190052466266, 0.0025177293847253117, 0.0015608370166653005, 0.0019474117043204952, 0.0031544042006755777, 0.006007222498922105], [0.000984403043855941, 0.0016257637501048523, 0.0025160678701820634, 0.0009009245964762658, 0.0020683349589349378, 0.0019884150420738955, 0.0013196370874961792, 0.00043068621771206366, 0.0005265332695858891, 0.003967295165308858, 0.002745469633599232, 0.003492050763896657, 0.001739213199063471, 0.0012686528754981164, 0.0020158409873699693, 0.001425961752811948, 0.003602898756843223, 0.00286174443448658, 0.001204486796190321, 0.0014238069427279939]]"
