scenario_id,shape_index,design_index,rows,columns,n_p,n_q,target_mi,margin_alpha_p,margin_alpha_q,association_p,association_q,generation_attempts,true_mi_p,true_mi_q,true_delta,distribution_l1,population_variance_p,population_variance_q,pooled_mixture_mi,pooled_mixture_variance,min_probability_p,min_probability_q,min_joint_expected_p,min_joint_expected_q,independence_expected_below_1_p,independence_expected_below_1_q,independence_expected_below_5_p,independence_expected_below_5_q,is_permutation_anchor,regime,regime_label,variant,cells,observations_per_cell_p,observations_per_cell_q,sample_size_ratio_q_to_p,minimum_joint_expected_pair,joint_expected_below_1_p,joint_expected_below_1_q,joint_expected_below_5_p,joint_expected_below_5_q,minimum_row_expected_p,minimum_row_expected_q,minimum_column_expected_p,minimum_column_expected_q,maximum_row_margin_p,maximum_column_margin_p,maximum_row_margin_q,maximum_column_margin_q,probability_p_json,probability_q_json,simulation_seed,replicates,estimator_valid_replicates,estimator_valid_rate,common_valid_replicates,common_valid_rate,mean_delta_error,empirical_delta_sd,mean_standard_error,mean_sample_zero_fraction_p,mean_sample_zero_fraction_q,mean_sample_expected_below_1_p,mean_sample_expected_below_1_q,mean_sample_expected_below_5_p,mean_sample_expected_below_5_q,mean_sample_minimum_expected_p,mean_sample_minimum_expected_q,mean_sample_empty_row_fraction_p,mean_sample_empty_row_fraction_q,mean_sample_empty_column_fraction_p,mean_sample_empty_column_fraction_q,mean_sample_has_empty_margin_p,mean_sample_has_empty_margin_q,method,method_label,valid_replicates,valid_rate,acceptable_validity,coverage_95,median_effective_df,p05_effective_df,fpr_10,fpr_10_low,fpr_10_high,absolute_fpr_error_10,unconditional_fpr_10,common_valid_fpr_10,adequate_size_control_10,fpr_05,fpr_05_low,fpr_05_high,absolute_fpr_error_05,unconditional_fpr_05,common_valid_fpr_05,adequate_size_control_05,fpr_01,fpr_01_low,fpr_01_high,absolute_fpr_error_01,unconditional_fpr_01,common_valid_fpr_01,adequate_size_control_01
strong_null_2x2_d-2,0,-2,2,2,200,200,0.1,50.0,50.0,0.4837075801878786,0.4837075801878786,1,0.09999999999999998,0.09999999999999998,0.0,0.0,0.177341490149908,0.177341490149908,0.09999999999999998,0.177341490149908,0.095500846469002,0.095500846469002,19.100169293800402,19.100169293800402,0.0,0.0,0.0,0.0,False,strong_null,Strong null (P = Q),variant_1,4,50.0,50.0,1.0,19.100169293800402,0.0,0.0,0.0,0.0,83.96923421768258,83.96923421768258,96.94260273985829,96.94260273985829,0.5801538289115871,0.5152869863007086,0.5801538289115871,0.5152869863007086,"[[0.38921216723028945, 0.19094166168129767], [0.095500846469002, 0.3243453246194109]]","[[0.38921216723028945, 0.19094166168129767], [0.095500846469002, 0.3243453246194109]]",2477831945,10000,10000,1.0,10000,1.0,-0.00043920390052064746,0.042655741711611864,0.04212207845035963,0.0,0.0,0.0,0.0,0.0,0.0,39.2828,39.397742,0.0,0.0,0.0,0.0,0.0,0.0,normal_wald,Normal Wald,10000,1.0,True,0.949,,,0.1,0.09427283017063044,0.10603436852591082,0.0,0.1,0.1,True,0.051,0.04685792060889767,0.0554869099279699,0.000999999999999994,0.051,0.051,True,0.0107,0.008863014753198816,0.012912766052345299,0.0006999999999999992,0.0107,0.0107,True
strong_null_2x2_d-2,0,-2,2,2,200,200,0.1,50.0,50.0,0.4837075801878786,0.4837075801878786,1,0.09999999999999998,0.09999999999999998,0.0,0.0,0.177341490149908,0.177341490149908,0.09999999999999998,0.177341490149908,0.095500846469002,0.095500846469002,19.100169293800402,19.100169293800402,0.0,0.0,0.0,0.0,False,strong_null,Strong null (P = Q),variant_1,4,50.0,50.0,1.0,19.100169293800402,0.0,0.0,0.0,0.0,83.96923421768258,83.96923421768258,96.94260273985829,96.94260273985829,0.5801538289115871,0.5152869863007086,0.5801538289115871,0.5152869863007086,"[[0.38921216723028945, 0.19094166168129767], [0.095500846469002, 0.3243453246194109]]","[[0.38921216723028945, 0.19094166168129767], [0.095500846469002, 0.3243453246194109]]",2477831945,10000,10000,1.0,10000,1.0,-0.00043920390052064746,0.042655741711611864,0.04212207845035963,0.0,0.0,0.0,0.0,0.0,0.0,39.2828,39.397742,0.0,0.0,0.0,0.0,0.0,0.0,simple_welch,Simple Welch,10000,1.0,True,0.9492,392.10366886586473,351.92362547062226,0.0996,0.093883441847563,0.10562406404767477,0.00040000000000001146,0.0996,0.0996,True,0.0508,0.04666599590665273,0.05527898822956312,0.0007999999999999952,0.0508,0.0508,True,0.0104,0.008591159114003776,0.012584852090562745,0.0003999999999999993,0.0104,0.0104,True
strong_null_2x2_d-2,0,-2,2,2,200,200,0.1,50.0,50.0,0.4837075801878786,0.4837075801878786,1,0.09999999999999998,0.09999999999999998,0.0,0.0,0.177341490149908,0.177341490149908,0.09999999999999998,0.177341490149908,0.095500846469002,0.095500846469002,19.100169293800402,19.100169293800402,0.0,0.0,0.0,0.0,False,strong_null,Strong null (P = Q),variant_1,4,50.0,50.0,1.0,19.100169293800402,0.0,0.0,0.0,0.0,83.96923421768258,83.96923421768258,96.94260273985829,96.94260273985829,0.5801538289115871,0.5152869863007086,0.5801538289115871,0.5152869863007086,"[[0.38921216723028945, 0.19094166168129767], [0.095500846469002, 0.3243453246194109]]","[[0.38921216723028945, 0.19094166168129767], [0.095500846469002, 0.3243453246194109]]",2477831945,10000,10000,1.0,10000,1.0,-0.00043920390052064746,0.042655741711611864,0.04212207845035963,0.0,0.0,0.0,0.0,0.0,0.0,39.2828,39.397742,0.0,0.0,0.0,0.0,0.0,0.0,expanded_welch,Expanded Welch,10000,1.0,True,0.9532,61.521587637428325,36.53112051491639,0.0951,0.08950486929718723,0.10100609258338666,0.004900000000000002,0.0951,0.0951,True,0.0468,0.042831521462622445,0.051116534660558814,0.0032000000000000015,0.0468,0.0468,True,0.0083,0.006700968940935741,0.010276655056787622,0.0017000000000000001,0.0083,0.0083,True
strong_null_2x2_d-1,0,-1,2,2,100,200,0.15,8.0,8.0,0.6201626908958151,0.6201626908958151,1,0.15000000000000235,0.15000000000000235,0.0,0.0,0.247239151292976,0.247239151292976,0.15000000000000235,0.24723915129297597,0.06880400719088714,0.06880400719088714,6.880400719088714,13.760801438177428,0.0,0.0,0.0,0.0,False,strong_null,Strong null (P = Q),variant_2,4,25.0,50.0,2.0,6.880400719088714,0.0,0.0,0.0,0.0,49.15253681344409,98.30507362688817,40.46145950481557,80.92291900963114,0.5084746318655591,0.5953854049518442,0.5084746318655591,0.5953854049518442,"[[0.17266404400829052, 0.3358105878572686], [0.4227213609435537, 0.06880400719088714]]","[[0.17266404400829052, 0.3358105878572686], [0.4227213609435537, 0.06880400719088714]]",2764902787,10000,10000,1.0,10000,1.0,0.0009575973923454814,0.06184631269739624,0.0605290581082322,0.0003,0.0,0.0,0.0,0.0,0.0,18.520177,38.073623,0.0,0.0,0.0,0.0,0.0,0.0,normal_wald,Normal Wald,10000,1.0,True,0.9448,,,0.1061,0.10021450654943583,0.1122880073669832,0.006099999999999994,0.1061,0.1061,True,0.0552,0.0508924294278944,0.05984917552265949,0.005199999999999996,0.0552,0.0552,True,0.0152,0.012981435254342082,0.017790889565865945,0.0052,0.0152,0.0152,False
strong_null_2x2_d-1,0,-1,2,2,100,200,0.15,8.0,8.0,0.6201626908958151,0.6201626908958151,1,0.15000000000000235,0.15000000000000235,0.0,0.0,0.247239151292976,0.247239151292976,0.15000000000000235,0.24723915129297597,0.06880400719088714,0.06880400719088714,6.880400719088714,13.760801438177428,0.0,0.0,0.0,0.0,False,strong_null,Strong null (P = Q),variant_2,4,25.0,50.0,2.0,6.880400719088714,0.0,0.0,0.0,0.0,49.15253681344409,98.30507362688817,40.46145950481557,80.92291900963114,0.5084746318655591,0.5953854049518442,0.5084746318655591,0.5953854049518442,"[[0.17266404400829052, 0.3358105878572686], [0.4227213609435537, 0.06880400719088714]]","[[0.17266404400829052, 0.3358105878572686], [0.4227213609435537, 0.06880400719088714]]",2764902787,10000,10000,1.0,10000,1.0,0.0009575973923454814,0.06184631269739624,0.0605290581082322,0.0003,0.0,0.0,0.0,0.0,0.0,18.520177,38.073623,0.0,0.0,0.0,0.0,0.0,0.0,simple_welch,Simple Welch,10000,1.0,True,0.9464,197.56288730596276,161.7419470780453,0.1034,0.0975837861266544,0.10952080138096627,0.0034000000000000002,0.1034,0.1034,True,0.0536,0.049354575868798316,0.05818825787654174,0.003599999999999999,0.0536,0.0536,True,0.0145,0.012336538166067392,0.017036324251859584,0.0045000000000000005,0.0145,0.0145,True
strong_null_2x2_d-1,0,-1,2,2,100,200,0.15,8.0,8.0,0.6201626908958151,0.6201626908958151,1,0.15000000000000235,0.15000000000000235,0.0,0.0,0.247239151292976,0.247239151292976,0.15000000000000235,0.24723915129297597,0.06880400719088714,0.06880400719088714,6.880400719088714,13.760801438177428,0.0,0.0,0.0,0.0,False,strong_null,Strong null (P = Q),variant_2,4,25.0,50.0,2.0,6.880400719088714,0.0,0.0,0.0,0.0,49.15253681344409,98.30507362688817,40.46145950481557,80.92291900963114,0.5084746318655591,0.5953854049518442,0.5084746318655591,0.5953854049518442,"[[0.17266404400829052, 0.3358105878572686], [0.4227213609435537, 0.06880400719088714]]","[[0.17266404400829052, 0.3358105878572686], [0.4227213609435537, 0.06880400719088714]]",2764902787,10000,10000,1.0,10000,1.0,0.0009575973923454814,0.06184631269739624,0.0605290581082322,0.0003,0.0,0.0,0.0,0.0,0.0,18.520177,38.073623,0.0,0.0,0.0,0.0,0.0,0.0,expanded_welch,Expanded Welch,10000,1.0,True,0.9497,61.131794199213374,31.02544642946881,0.1003,0.09456489044619147,0.10634207785132739,0.0002999999999999947,0.1003,0.1003,True,0.0503,0.046186265119679236,0.054759103014907294,0.0002999999999999947,0.0503,0.0503,True,0.0124,0.0104106360968032,0.014763839114280615,0.0023999999999999994,0.0124,0.0124,True
fixed_2x2_d0,0,0,2,2,200,200,0.1,50.0,50.0,0.4881928986209399,0.4825625601634977,1,0.09999999999994524,0.09999999999999998,-5.473399511402022e-14,0.8621101690165509,0.17733995399864666,0.17812019101041426,2.668842234787583e-05,5.337058845830382e-05,0.09113777808324935,0.09976268401496612,18.22755561664987,19.952536802993222,0.0,0.0,0.0,0.0,True,well_sampled,Well sampled,variant_1,4,50.0,50.0,1.0,18.22755561664987,0.0,0.0,0.0,0.0,99.59268209145571,82.69089148748483,78.96688430350643,99.49389195859426,0.5020365895427215,0.6051655784824678,0.5865455425625759,0.5025305402070287,"[[0.09113777808324935, 0.41089881145947205], [0.3036966434342828, 0.19426676702299575]]","[[0.313691773422458, 0.09976268401496612], [0.18377768637051328, 0.40276785619206257]]",3881087075,10000,10000,1.0,10000,1.0,-0.00016929845265313228,0.04274672524667108,0.04215624100563492,0.0,0.0,0.0,0.0,0.0,0.0,37.3073565,38.930288999999995,0.0,0.0,0.0,0.0,0.0,0.0,normal_wald,Normal Wald,10000,1.0,True,0.9501,,,0.1039,0.09807086253470189,0.11003334097454813,0.0039000000000000007,0.1039,0.1039,True,0.0499,0.04580256463405875,0.054343110699224324,0.00010000000000000286,0.0499,0.0499,True,0.0088,0.0071487758942133965,0.01082846410513929,0.0011999999999999997,0.0088,0.0088,True
fixed_2x2_d0,0,0,2,2,200,200,0.1,50.0,50.0,0.4881928986209399,0.4825625601634977,1,0.09999999999994524,0.09999999999999998,-5.473399511402022e-14,0.8621101690165509,0.17733995399864666,0.17812019101041426,2.668842234787583e-05,5.337058845830382e-05,0.09113777808324935,0.09976268401496612,18.22755561664987,19.952536802993222,0.0,0.0,0.0,0.0,True,well_sampled,Well sampled,variant_1,4,50.0,50.0,1.0,18.22755561664987,0.0,0.0,0.0,0.0,99.59268209145571,82.69089148748483,78.96688430350643,99.49389195859426,0.5020365895427215,0.6051655784824678,0.5865455425625759,0.5025305402070287,"[[0.09113777808324935, 0.41089881145947205], [0.3036966434342828, 0.19426676702299575]]","[[0.313691773422458, 0.09976268401496612], [0.18377768637051328, 0.40276785619206257]]",3881087075,10000,10000,1.0,10000,1.0,-0.00016929845265313228,0.04274672524667108,0.04215624100563492,0.0,0.0,0.0,0.0,0.0,0.0,37.3073565,38.930288999999995,0.0,0.0,0.0,0.0,0.0,0.0,simple_welch,Simple Welch,10000,1.0,True,0.9507,392.1251826895052,351.4037998664488,0.1031,0.09729156106188178,0.10921325684476133,0.0030999999999999917,0.1031,0.1031,True,0.0493,0.04522715614597424,0.05371897998535363,0.0007000000000000062,0.0493,0.0493,True,0.0083,0.006700968940935741,0.010276655056787622,0.0017000000000000001,0.0083,0.0083,True
fixed_2x2_d0,0,0,2,2,200,200,0.1,50.0,50.0,0.4881928986209399,0.4825625601634977,1,0.09999999999994524,0.09999999999999998,-5.473399511402022e-14,0.8621101690165509,0.17733995399864666,0.17812019101041426,2.668842234787583e-05,5.337058845830382e-05,0.09113777808324935,0.09976268401496612,18.22755561664987,19.952536802993222,0.0,0.0,0.0,0.0,True,well_sampled,Well sampled,variant_1,4,50.0,50.0,1.0,18.22755561664987,0.0,0.0,0.0,0.0,99.59268209145571,82.69089148748483,78.96688430350643,99.49389195859426,0.5020365895427215,0.6051655784824678,0.5865455425625759,0.5025305402070287,"[[0.09113777808324935, 0.41089881145947205], [0.3036966434342828, 0.19426676702299575]]","[[0.313691773422458, 0.09976268401496612], [0.18377768637051328, 0.40276785619206257]]",3881087075,10000,10000,1.0,10000,1.0,-0.00016929845265313228,0.04274672524667108,0.04215624100563492,0.0,0.0,0.0,0.0,0.0,0.0,37.3073565,38.930288999999995,0.0,0.0,0.0,0.0,0.0,0.0,expanded_welch,Expanded Welch,10000,1.0,True,0.9539,61.554871299591255,36.56828899795507,0.098,0.09232618158514344,0.10398255310488053,0.0020000000000000018,0.098,0.098,True,0.0461,0.0421613141098896,0.05038727961101061,0.0039000000000000007,0.0461,0.0461,True,0.0074,0.005899086359582838,0.009279228835207744,0.0026,0.0074,0.0074,True
fixed_2x2_d1,0,1,2,2,200,200,0.15,50.0,50.0,0.6117143071268935,0.5989932613450347,1,0.15000000000000013,0.14999999999997582,2.4313884239290928e-14,0.1323483623694715,0.24829786064964243,0.2526966722513749,0.14975361764734563,0.25046678374075304,0.07507746739170693,0.09780317887167048,15.015493478341385,19.560635774334095,0.0,0.0,0.0,0.0,False,well_sampled,Well sampled,variant_2,4,50.0,50.0,1.0,15.015493478341385,0.0,0.0,0.0,0.0,93.66929783662383,90.94599218649329,88.17325665878603,98.59190710426682,0.5316535108168808,0.5591337167060698,0.5452700390675336,0.5070404644786659,"[[0.16586469491465758, 0.36578881590222323], [0.3932690217914122, 0.07507746739170693]]","[[0.13603275346053814, 0.40923728560699546], [0.3569267820607959, 0.09780317887167048]]",2198623536,10000,10000,1.0,10000,1.0,1.77227133813469e-06,0.050251465450387604,0.049886957582474696,0.0,0.0,0.0,0.0,0.0,0.0,40.5095645,42.583879499999995,0.0,0.0,0.0,0.0,0.0,0.0,normal_wald,Normal Wald,10000,1.0,True,0.9489,,,0.1004,0.09466224748391437,0.10644464401393035,0.0003999999999999976,0.1004,0.1004,True,0.0511,0.04695388984871269,0.055590863888480745,0.0010999999999999968,0.0511,0.0511,True,0.0123,0.01031929142332744,0.01465526058743051,0.0023,0.0123,0.0123,True
fixed_2x2_d1,0,1,2,2,200,200,0.15,50.0,50.0,0.6117143071268935,0.5989932613450347,1,0.15000000000000013,0.14999999999997582,2.4313884239290928e-14,0.1323483623694715,0.24829786064964243,0.2526966722513749,0.14975361764734563,0.25046678374075304,0.07507746739170693,0.09780317887167048,15.015493478341385,19.560635774334095,0.0,0.0,0.0,0.0,False,well_sampled,Well sampled,variant_2,4,50.0,50.0,1.0,15.015493478341385,0.0,0.0,0.0,0.0,93.66929783662383,90.94599218649329,88.17325665878603,98.59190710426682,0.5316535108168808,0.5591337167060698,0.5452700390675336,0.5070404644786659,"[[0.16586469491465758, 0.36578881590222323], [0.3932690217914122, 0.07507746739170693]]","[[0.13603275346053814, 0.40923728560699546], [0.3569267820607959, 0.09780317887167048]]",2198623536,10000,10000,1.0,10000,1.0,1.77227133813469e-06,0.050251465450387604,0.049886957582474696,0.0,0.0,0.0,0.0,0.0,0.0,40.5095645,42.583879499999995,0.0,0.0,0.0,0.0,0.0,0.0,simple_welch,Simple Welch,10000,1.0,True,0.95,394.99121104059475,371.9549688449376,0.0996,0.093883441847563,0.10562406404767477,0.00040000000000001146,0.0996,0.0996,True,0.05,0.04589848269058477,0.05444711584302416,0.0,0.05,0.05,True,0.0119,0.009954278775904261,0.014220580433550234,0.0019000000000000006,0.0119,0.0119,True
fixed_2x2_d1,0,1,2,2,200,200,0.15,50.0,50.0,0.6117143071268935,0.5989932613450347,1,0.15000000000000013,0.14999999999997582,2.4313884239290928e-14,0.1323483623694715,0.24829786064964243,0.2526966722513749,0.14975361764734563,0.25046678374075304,0.07507746739170693,0.09780317887167048,15.015493478341385,19.560635774334095,0.0,0.0,0.0,0.0,False,well_sampled,Well sampled,variant_2,4,50.0,50.0,1.0,15.015493478341385,0.0,0.0,0.0,0.0,93.66929783662383,90.94599218649329,88.17325665878603,98.59190710426682,0.5316535108168808,0.5591337167060698,0.5452700390675336,0.5070404644786659,"[[0.16586469491465758, 0.36578881590222323], [0.3932690217914122, 0.07507746739170693]]","[[0.13603275346053814, 0.40923728560699546], [0.3569267820607959, 0.09780317887167048]]",2198623536,10000,10000,1.0,10000,1.0,1.77227133813469e-06,0.050251465450387604,0.049886957582474696,0.0,0.0,0.0,0.0,0.0,0.0,40.5095645,42.583879499999995,0.0,0.0,0.0,0.0,0.0,0.0,expanded_welch,Expanded Welch,10000,1.0,True,0.9511,115.88581501011691,70.70222048951014,0.0979,0.09222886853362255,0.10387994295607555,0.0021000000000000046,0.0979,0.0979,True,0.0489,0.04484364658855718,0.05330279674146724,0.0011000000000000038,0.0489,0.0489,True,0.0113,0.009407908789372999,0.013567411218126301,0.001299999999999999,0.0113,0.0113,True
fixed_2x2_d2,0,2,2,2,100,100,0.1,8.0,4.0,0.48163716271189455,0.5045102204813365,1,0.09999999999999998,0.0999999999999901,9.880984919163893e-15,0.8373023175253639,0.1793341216192113,0.17210561514942838,0.0002846053088103595,0.0005690448781938903,0.10697280112240691,0.0692733935169755,10.69728011224069,6.927339351697551,0.0,0.0,0.0,0.0,True,moderate,Moderate,variant_1,4,25.0,25.0,1.0,6.927339351697551,0.0,0.0,0.0,0.0,47.09106458143432,42.623222613122614,40.601351936795304,40.98084483566107,0.529089354185657,0.5939864806320471,0.5737677738687739,0.5901915516433893,"[[0.4221165530632501, 0.10697280112240691], [0.17186992756879702, 0.2990407182455461]]","[[0.0692733935169755, 0.3569588326142506], [0.3405350548396352, 0.2332327190291387]]",2768931447,10000,10000,1.0,10000,1.0,-0.0010252794050850682,0.060618039073165424,0.05916539739203612,0.0,0.0001,0.0,0.0,0.0,0.0,18.374065,17.228847000000002,0.0,0.0,0.0,0.0,0.0,0.0,normal_wald,Normal Wald,10000,1.0,True,0.9501,,,0.101,0.09524642747470848,0.10706000322509145,0.0010000000000000009,0.101,0.101,True,0.0499,0.04580256463405875,0.054343110699224324,0.00010000000000000286,0.0499,0.0499,True,0.0079,0.006343878268779697,0.00983405292764021,0.0020999999999999994,0.0079,0.0079,True
fixed_2x2_d2,0,2,2,2,100,100,0.1,8.0,4.0,0.48163716271189455,0.5045102204813365,1,0.09999999999999998,0.0999999999999901,9.880984919163893e-15,0.8373023175253639,0.1793341216192113,0.17210561514942838,0.0002846053088103595,0.0005690448781938903,0.10697280112240691,0.0692733935169755,10.69728011224069,6.927339351697551,0.0,0.0,0.0,0.0,True,moderate,Moderate,variant_1,4,25.0,25.0,1.0,6.927339351697551,0.0,0.0,0.0,0.0,47.09106458143432,42.623222613122614,40.601351936795304,40.98084483566107,0.529089354185657,0.5939864806320471,0.5737677738687739,0.5901915516433893,"[[0.4221165530632501, 0.10697280112240691], [0.17186992756879702, 0.2990407182455461]]","[[0.0692733935169755, 0.3569588326142506], [0.3405350548396352, 0.2332327190291387]]",2768931447,10000,10000,1.0,10000,1.0,-0.0010252794050850682,0.060618039073165424,0.05916539739203612,0.0,0.0001,0.0,0.0,0.0,0.0,18.374065,17.228847000000002,0.0,0.0,0.0,0.0,0.0,0.0,simple_welch,Simple Welch,10000,1.0,True,0.9516,192.198930587626,158.34662636350808,0.0986,0.09291009889451794,0.1045981749974612,0.0014000000000000123,0.0986,0.0986,True,0.0484,0.04436436932890414,0.05278245799949095,0.0016000000000000042,0.0484,0.0484,True,0.0069,0.005456205431184982,0.008722493761976277,0.0031000000000000003,0.0069,0.0069,True
fixed_2x2_d2,0,2,2,2,100,100,0.1,8.0,4.0,0.48163716271189455,0.5045102204813365,1,0.09999999999999998,0.0999999999999901,9.880984919163893e-15,0.8373023175253639,0.1793341216192113,0.17210561514942838,0.0002846053088103595,0.0005690448781938903,0.10697280112240691,0.0692733935169755,10.69728011224069,6.927339351697551,0.0,0.0,0.0,0.0,True,moderate,Moderate,variant_1,4,25.0,25.0,1.0,6.927339351697551,0.0,0.0,0.0,0.0,47.09106458143432,42.623222613122614,40.601351936795304,40.98084483566107,0.529089354185657,0.5939864806320471,0.5737677738687739,0.5901915516433893,"[[0.4221165530632501, 0.10697280112240691], [0.17186992756879702, 0.2990407182455461]]","[[0.0692733935169755, 0.3569588326142506], [0.3405350548396352, 0.2332327190291387]]",2768931447,10000,10000,1.0,10000,1.0,-0.0010252794050850682,0.060618039073165424,0.05916539739203612,0.0,0.0001,0.0,0.0,0.0,0.0,18.374065,17.228847000000002,0.0,0.0,0.0,0.0,0.0,0.0,expanded_welch,Expanded Welch,10000,1.0,True,0.9569,32.95405088546328,15.068501117133152,0.0904,0.08493588951941441,0.09617868194584381,0.009600000000000011,0.0904,0.0904,True,0.0431,0.03929200902750815,0.04725888868361612,0.006900000000000003,0.0431,0.0431,True,0.0059,0.004577046502138715,0.007602420687763897,0.0041,0.0059,0.0059,True
fixed_2x2_d3,0,3,2,2,100,200,0.15,8.0,2.0,0.6719725526060119,1.0637097100809934,1,0.15000000000007208,0.15000000000000002,7.205347429817266e-14,0.5383142976028367,0.23908503187303454,0.15780689203134682,0.15209476175901726,0.20244298273018585,0.04426962763646203,0.004710610672244755,4.426962763646203,0.942122134448951,0.0,0.0,0.0,0.0,False,moderate,Moderate,variant_2,4,25.0,50.0,2.0,0.942122134448951,0.0,0.25,0.25,0.25,48.238416805447514,49.691736628821296,32.353388468616764,87.5984824420298,0.5176158319455249,0.6764661153138323,0.7515413168558935,0.5620075877898509,"[[0.47334620430906277, 0.04426962763646203], [0.2031199110047695, 0.27926425704970564]]","[[0.24374807247186173, 0.004710610672244755], [0.31825951531798924, 0.43328180153790424]]",880372142,10000,10000,1.0,10000,1.0,-0.00015222562532141244,0.05686168601092039,0.054993225654944036,0.0029,0.098325,0.0,0.0,0.0,0.0,14.824675,21.574885,0.0,0.0,0.0,0.0,0.0,0.0,normal_wald,Normal Wald,10000,1.0,True,0.9332,,,0.1187,0.11250673191485934,0.12518610524261864,0.018699999999999994,0.1187,0.1187,True,0.0668,0.06207091451173876,0.07186178167661543,0.016799999999999995,0.0668,0.0668,True,0.02,0.01743471167513658,0.022933926760712948,0.01,0.02,0.02,False
fixed_2x2_d3,0,3,2,2,100,200,0.15,8.0,2.0,0.6719725526060119,1.0637097100809934,1,0.15000000000007208,0.15000000000000002,7.205347429817266e-14,0.5383142976028367,0.23908503187303454,0.15780689203134682,0.15209476175901726,0.20244298273018585,0.04426962763646203,0.004710610672244755,4.426962763646203,0.942122134448951,0.0,0.0,0.0,0.0,False,moderate,Moderate,variant_2,4,25.0,50.0,2.0,0.942122134448951,0.0,0.25,0.25,0.25,48.238416805447514,49.691736628821296,32.353388468616764,87.5984824420298,0.5176158319455249,0.6764661153138323,0.7515413168558935,0.5620075877898509,"[[0.47334620430906277, 0.04426962763646203], [0.2031199110047695, 0.27926425704970564]]","[[0.24374807247186173, 0.004710610672244755], [0.31825951531798924, 0.43328180153790424]]",880372142,10000,10000,1.0,10000,1.0,-0.00015222562532141244,0.05686168601092039,0.054993225654944036,0.0029,0.098325,0.0,0.0,0.0,0.0,14.824675,21.574885,0.0,0.0,0.0,0.0,0.0,0.0,simple_welch,Simple Welch,10000,1.0,True,0.9354,160.75691469693038,134.32676133937954,0.1168,0.110651589078292,0.12324270727299455,0.016799999999999995,0.1168,0.1168,True,0.0646,0.059947259118454214,0.06958712666273097,0.014600000000000002,0.0646,0.0646,True,0.0191,0.0165960994873741,0.021973230145542654,0.009099999999999999,0.0191,0.0191,False
fixed_2x2_d3,0,3,2,2,100,200,0.15,8.0,2.0,0.6719725526060119,1.0637097100809934,1,0.15000000000007208,0.15000000000000002,7.205347429817266e-14,0.5383142976028367,0.23908503187303454,0.15780689203134682,0.15209476175901726,0.20244298273018585,0.04426962763646203,0.004710610672244755,4.426962763646203,0.942122134448951,0.0,0.0,0.0,0.0,False,moderate,Moderate,variant_2,4,25.0,50.0,2.0,0.942122134448951,0.0,0.25,0.25,0.25,48.238416805447514,49.691736628821296,32.353388468616764,87.5984824420298,0.5176158319455249,0.6764661153138323,0.7515413168558935,0.5620075877898509,"[[0.47334620430906277, 0.04426962763646203], [0.2031199110047695, 0.27926425704970564]]","[[0.24374807247186173, 0.004710610672244755], [0.31825951531798924, 0.43328180153790424]]",880372142,10000,10000,1.0,10000,1.0,-0.00015222562532141244,0.05686168601092039,0.054993225654944036,0.0029,0.098325,0.0,0.0,0.0,0.0,14.824675,21.574885,0.0,0.0,0.0,0.0,0.0,0.0,expanded_welch,Expanded Welch,10000,1.0,True,0.9408,56.25384815689937,24.463241714811456,0.1118,0.10577221206058365,0.11812592427440965,0.011799999999999991,0.1118,0.1118,True,0.0592,0.05474156957770626,0.06399696338588222,0.0092,0.0592,0.0592,True,0.0151,0.01288922549293397,0.017683176126948193,0.0051,0.0151,0.0151,False
stress_2x2_d4,0,4,2,2,52,52,0.1,2.0,2.0,0.5928880463046017,0.5071218371202575,3,0.09999999999999998,0.10000000000000009,-1.1102230246251565e-16,0.45375052137378635,0.20251852566928819,0.17815649405513603,0.10552808096390776,0.19745902125055814,0.08961383723484147,0.07829936031018947,4.659919536211756,4.071566736129853,0.0,0.0,0.25,0.0,False,highly_sparse,Highly skewed and sparse,variant_1,4,13.0,13.0,1.0,4.071566736129853,0.0,0.0,0.25,0.25,11.751563219175424,23.54907677489387,12.097558349790392,17.245217145110406,0.7740083996312418,0.7673546471194156,0.5471331389443487,0.6683612087478769,"[[0.1363777631339167, 0.08961383723484147], [0.09626758974666776, 0.6777408098845741]]","[[0.25333943094193373, 0.19952743011371762], [0.07829936031018947, 0.4688337786341592]]",3260596029,10000,10000,1.0,10000,1.0,0.0002645134613493366,0.08959136186400024,0.08481947688930362,0.00315,0.0039,0.008975,0.0,0.248725,0.023525,2.8087596153846155,7.491567307692308,0.0,0.0,0.0,0.0,0.0,0.0,normal_wald,Normal Wald,10000,1.0,True,0.9443,,,0.1066,0.1007018122439457,0.11280031767410265,0.006599999999999995,0.1066,0.1066,True,0.0557,0.05137322611668911,0.0603679948354941,0.005699999999999997,0.0557,0.0557,True,0.0132,0.011142645756042856,0.015631215057647876,0.0031999999999999997,0.0132,0.0132,True
stress_2x2_d4,0,4,2,2,52,52,0.1,2.0,2.0,0.5928880463046017,0.5071218371202575,3,0.09999999999999998,0.10000000000000009,-1.1102230246251565e-16,0.45375052137378635,0.20251852566928819,0.17815649405513603,0.10552808096390776,0.19745902125055814,0.08961383723484147,0.07829936031018947,4.659919536211756,4.071566736129853,0.0,0.0,0.25,0.0,False,highly_sparse,Highly skewed and sparse,variant_1,4,13.0,13.0,1.0,4.071566736129853,0.0,0.0,0.25,0.25,11.751563219175424,23.54907677489387,12.097558349790392,17.245217145110406,0.7740083996312418,0.7673546471194156,0.5471331389443487,0.6683612087478769,"[[0.1363777631339167, 0.08961383723484147], [0.09626758974666776, 0.6777408098845741]]","[[0.25333943094193373, 0.19952743011371762], [0.07829936031018947, 0.4688337786341592]]",3260596029,10000,10000,1.0,10000,1.0,0.0002645134613493366,0.08959136186400024,0.08481947688930362,0.00315,0.0039,0.008975,0.0,0.248725,0.023525,2.8087596153846155,7.491567307692308,0.0,0.0,0.0,0.0,0.0,0.0,simple_welch,Simple Welch,10000,1.0,True,0.9485,95.8799175770227,64.43776765574559,0.1023,0.09651237094027788,0.1083930613637583,0.0022999999999999965,0.1023,0.1023,True,0.0515,0.047337812436656745,0.05600663410184015,0.0014999999999999944,0.0515,0.0515,True,0.0106,0.008772350992874956,0.012803506612343295,0.0005999999999999998,0.0106,0.0106,True
stress_2x2_d4,0,4,2,2,52,52,0.1,2.0,2.0,0.5928880463046017,0.5071218371202575,3,0.09999999999999998,0.10000000000000009,-1.1102230246251565e-16,0.45375052137378635,0.20251852566928819,0.17815649405513603,0.10552808096390776,0.19745902125055814,0.08961383723484147,0.07829936031018947,4.659919536211756,4.071566736129853,0.0,0.0,0.25,0.0,False,highly_sparse,Highly skewed and sparse,variant_1,4,13.0,13.0,1.0,4.071566736129853,0.0,0.0,0.25,0.25,11.751563219175424,23.54907677489387,12.097558349790392,17.245217145110406,0.7740083996312418,0.7673546471194156,0.5471331389443487,0.6683612087478769,"[[0.1363777631339167, 0.08961383723484147], [0.09626758974666776, 0.6777408098845741]]","[[0.25333943094193373, 0.19952743011371762], [0.07829936031018947, 0.4688337786341592]]",3260596029,10000,10000,1.0,10000,1.0,0.0002645134613493366,0.08959136186400024,0.08481947688930362,0.00315,0.0039,0.008975,0.0,0.248725,0.023525,2.8087596153846155,7.491567307692308,0.0,0.0,0.0,0.0,0.0,0.0,expanded_welch,Expanded Welch,10000,1.0,True,0.9556,16.652873500627486,5.074556713598153,0.0899,0.08445009205861063,0.09566486340501827,0.010100000000000012,0.0899,0.0899,True,0.0444,0.040534759561565194,0.048615139753795326,0.005600000000000001,0.0444,0.0444,True,0.0094,0.007688088248246492,0.011488690953061383,0.0005999999999999998,0.0094,0.0094,True
stress_2x2_d5,0,5,2,2,54,108,0.15,10.0,2.0,0.6170743073122069,0.6719712540017854,3,0.1499999999999998,0.15000000000008473,-8.493206138382448e-14,1.0277603160507265,0.2519608658292071,0.23588976282330498,0.010980952402788846,0.02172117574485372,0.07779545884278741,0.04279413499646936,4.20095477751052,4.621766579618691,0.0,0.0,0.0,0.0,False,highly_sparse,Highly skewed and sparse,variant_2,4,13.5,27.0,2.0,4.20095477751052,0.0,0.0,0.25,0.25,24.85473850305449,53.25174438602401,20.736590862454097,36.530960231195465,0.5397270647582502,0.6159890581027019,0.506928292722,0.6617503682296717,"[[0.30621548305451074, 0.1540574521872391], [0.07779545884278741, 0.4619316059154628]]","[[0.21147279594814095, 0.29545549677385907], [0.4502775722815307, 0.04279413499646936]]",3227718042,10000,10000,1.0,10000,1.0,0.0005699770952703493,0.08584943201736926,0.0814223882804324,0.00285,0.00245,0.0,0.0,0.006025,0.0,9.064924074074073,16.851144444444444,0.0,0.0,0.0,0.0,0.0,0.0,normal_wald,Normal Wald,10000,1.0,True,0.9295,,,0.1231,0.11680483889680073,0.1296846190750153,0.023099999999999996,0.1231,0.1231,True,0.0705,0.06564591163523723,0.07568394296517394,0.02049999999999999,0.0705,0.0705,True,0.0215,0.01883554672192749,0.024531939718810007,0.011499999999999998,0.0215,0.0215,False
stress_2x2_d5,0,5,2,2,54,108,0.15,10.0,2.0,0.6170743073122069,0.6719712540017854,3,0.1499999999999998,0.15000000000008473,-8.493206138382448e-14,1.0277603160507265,0.2519608658292071,0.23588976282330498,0.010980952402788846,0.02172117574485372,0.07779545884278741,0.04279413499646936,4.20095477751052,4.621766579618691,0.0,0.0,0.0,0.0,False,highly_sparse,Highly skewed and sparse,variant_2,4,13.5,27.0,2.0,4.20095477751052,0.0,0.0,0.25,0.25,24.85473850305449,53.25174438602401,20.736590862454097,36.530960231195465,0.5397270647582502,0.6159890581027019,0.506928292722,0.6617503682296717,"[[0.30621548305451074, 0.1540574521872391], [0.07779545884278741, 0.4619316059154628]]","[[0.21147279594814095, 0.29545549677385907], [0.4502775722815307, 0.04279413499646936]]",3227718042,10000,10000,1.0,10000,1.0,0.0005699770952703493,0.08584943201736926,0.0814223882804324,0.00285,0.00245,0.0,0.0,0.006025,0.0,9.064924074074073,16.851144444444444,0.0,0.0,0.0,0.0,0.0,0.0,simple_welch,Simple Welch,10000,1.0,True,0.9327,102.5395384771818,79.91740685860344,0.1198,0.11358100130889932,0.12631099105216315,0.019799999999999998,0.1198,0.1198,True,0.0673,0.0625537780339997,0.0723785341559838,0.017299999999999996,0.0673,0.0673,True,0.0192,0.01668920465531217,0.02208004817793044,0.009199999999999998,0.0192,0.0192,False
stress_2x2_d5,0,5,2,2,54,108,0.15,10.0,2.0,0.6170743073122069,0.6719712540017854,3,0.1499999999999998,0.15000000000008473,-8.493206138382448e-14,1.0277603160507265,0.2519608658292071,0.23588976282330498,0.010980952402788846,0.02172117574485372,0.07779545884278741,0.04279413499646936,4.20095477751052,4.621766579618691,0.0,0.0,0.0,0.0,False,highly_sparse,Highly skewed and sparse,variant_2,4,13.5,27.0,2.0,4.20095477751052,0.0,0.0,0.25,0.25,24.85473850305449,53.25174438602401,20.736590862454097,36.530960231195465,0.5397270647582502,0.6159890581027019,0.506928292722,0.6617503682296717,"[[0.30621548305451074, 0.1540574521872391], [0.07779545884278741, 0.4619316059154628]]","[[0.21147279594814095, 0.29545549677385907], [0.4502775722815307, 0.04279413499646936]]",3227718042,10000,10000,1.0,10000,1.0,0.0005699770952703493,0.08584943201736926,0.0814223882804324,0.00285,0.00245,0.0,0.0,0.006025,0.0,9.064924074074073,16.851144444444444,0.0,0.0,0.0,0.0,0.0,0.0,expanded_welch,Expanded Welch,10000,1.0,True,0.9393,31.624365723192337,13.294022954628849,0.1111,0.10508940612398696,0.11740926780872532,0.011099999999999999,0.1111,0.1111,True,0.0607,0.056186562824427175,0.06555081814404927,0.010699999999999994,0.0607,0.0607,True,0.0138,0.01169303356334014,0.01628036645230578,0.0037999999999999996,0.0138,0.0138,True
stress_2x2_d6,0,6,2,2,142,142,0.1,0.8,0.8,0.8636674890104061,1.562393568719756,1,0.09999999999999987,0.10000000000000009,-2.220446049250313e-16,1.0587015651829432,0.11775793017076927,0.08941666993443362,0.009038200225676807,0.017573278011680904,0.006768351117387663,0.00036364673257752574,0.9611058586690481,0.05163783602600865,0.0,0.0,0.0,0.0,False,ultra_sparse,Ultra-skewed and sparse,variant_1,4,35.5,35.5,1.0,0.05163783602600865,0.25,0.25,0.25,0.25,29.131855088464267,65.81944517731597,59.55878883758513,17.159806264487216,0.794846090926308,0.580571909594471,0.5364827804414367,0.8791562939120617,"[[0.4126597392881414, 0.3821863516381666], [0.006768351117387663, 0.19838555795630436]]","[[0.3430371602032025, 0.12048005935536063], [0.5361191337088592, 0.00036364673257752574]]",1814125591,10000,10000,1.0,10000,1.0,0.0027990734757978126,0.03814507089059711,0.03580219387117454,0.0953,0.239075,0.0,0.0,0.0,0.021725,12.119284507042252,7.796897183098592,0.0,0.0,0.0,0.0,0.0,0.0,normal_wald,Normal Wald,10000,1.0,True,0.9295,,,0.1283,0.12188785549857352,0.13499760889018744,0.028299999999999992,0.1283,0.1283,True,0.0705,0.06564591163523723,0.07568394296517394,0.02049999999999999,0.0705,0.0705,True,0.0181,0.015666115469572122,0.020903982160085984,0.008100000000000001,0.0181,0.0181,False
stress_2x2_d6,0,6,2,2,142,142,0.1,0.8,0.8,0.8636674890104061,1.562393568719756,1,0.09999999999999987,0.10000000000000009,-2.220446049250313e-16,1.0587015651829432,0.11775793017076927,0.08941666993443362,0.009038200225676807,0.017573278011680904,0.006768351117387663,0.00036364673257752574,0.9611058586690481,0.05163783602600865,0.0,0.0,0.0,0.0,False,ultra_sparse,Ultra-skewed and sparse,variant_1,4,35.5,35.5,1.0,0.05163783602600865,0.25,0.25,0.25,0.25,29.131855088464267,65.81944517731597,59.55878883758513,17.159806264487216,0.794846090926308,0.580571909594471,0.5364827804414367,0.8791562939120617,"[[0.4126597392881414, 0.3821863516381666], [0.006768351117387663, 0.19838555795630436]]","[[0.3430371602032025, 0.12048005935536063], [0.5361191337088592, 0.00036364673257752574]]",1814125591,10000,10000,1.0,10000,1.0,0.0027990734757978126,0.03814507089059711,0.03580219387117454,0.0953,0.239075,0.0,0.0,0.0,0.021725,12.119284507042252,7.796897183098592,0.0,0.0,0.0,0.0,0.0,0.0,simple_welch,Simple Welch,10000,1.0,True,0.9301,275.015769862086,240.665941720983,0.1274,0.12100784418697619,0.13407831139885207,0.027400000000000008,0.1274,0.1274,True,0.0699,0.06506590342515883,0.07506441197329716,0.0199,0.0699,0.0699,True,0.0174,0.01501633825974075,0.020154296967636303,0.007399999999999999,0.0174,0.0174,False
stress_2x2_d6,0,6,2,2,142,142,0.1,0.8,0.8,0.8636674890104061,1.562393568719756,1,0.09999999999999987,0.10000000000000009,-2.220446049250313e-16,1.0587015651829432,0.11775793017076927,0.08941666993443362,0.009038200225676807,0.017573278011680904,0.006768351117387663,0.00036364673257752574,0.9611058586690481,0.05163783602600865,0.0,0.0,0.0,0.0,False,ultra_sparse,Ultra-skewed and sparse,variant_1,4,35.5,35.5,1.0,0.05163783602600865,0.25,0.25,0.25,0.25,29.131855088464267,65.81944517731597,59.55878883758513,17.159806264487216,0.794846090926308,0.580571909594471,0.5364827804414367,0.8791562939120617,"[[0.4126597392881414, 0.3821863516381666], [0.006768351117387663, 0.19838555795630436]]","[[0.3430371602032025, 0.12048005935536063], [0.5361191337088592, 0.00036364673257752574]]",1814125591,10000,10000,1.0,10000,1.0,0.0027990734757978126,0.03814507089059711,0.03580219387117454,0.0953,0.239075,0.0,0.0,0.0,0.021725,12.119284507042252,7.796897183098592,0.0,0.0,0.0,0.0,0.0,0.0,expanded_welch,Expanded Welch,10000,1.0,True,0.9338,67.89437104446367,45.16040411854343,0.1228,0.1165116998712388,0.12937798849959964,0.0228,0.1228,0.1228,True,0.0662,0.061491582009754686,0.07124157497664432,0.016199999999999992,0.0662,0.0662,True,0.0146,0.01242858335998111,0.01714420225827173,0.0046,0.0146,0.0146,True
stress_2x2_d7,0,7,2,2,51,510,0.15,10.0,0.8,0.7906120896977611,1.9699916653585776,57,0.14999999999998725,0.1499999999999997,-1.2434497875801753e-14,0.4564063016144403,0.20580354125709066,0.1614029852731589,0.15238247645433145,0.1848058657664596,0.018902122452840557,0.00014330794921974034,0.9640082450948684,0.07308705410206758,0.0,0.0,0.0,0.0,False,ultra_sparse,Ultra-skewed and sparse,variant_2,4,12.75,127.5,10.0,0.07308705410206758,0.25,0.25,0.25,0.25,15.08263242805503,62.55236858474691,23.13744872652621,171.80890121990228,0.7042621092538229,0.5463245347739959,0.8773482968926531,0.6631198015296035,"[[0.43477334277316354, 0.2694887664806594], [0.018902122452840557, 0.2768357682933365]]","[[0.6629764935803837, 0.2143718033122695], [0.00014330794921974034, 0.12250839515812714]]",3974158138,10000,10000,1.0,10000,1.0,0.0022483653337985374,0.06694125978325258,0.06022108394092135,0.0945,0.232875,0.0,0.0,0.043625,0.0,6.468662745098039,21.148318039215685,0.0,0.0,0.0,0.0,0.0,0.0,normal_wald,Normal Wald,10000,1.0,True,0.9047,,,0.1566,0.14960904775000278,0.16385468233097794,0.056599999999999984,0.1566,0.1566,False,0.0953,0.08969939098825978,0.10121141729296583,0.04529999999999999,0.0953,0.0953,False,0.0334,0.030053655869076303,0.0371046914104391,0.023399999999999997,0.0334,0.0334,False
stress_2x2_d7,0,7,2,2,51,510,0.15,10.0,0.8,0.7906120896977611,1.9699916653585776,57,0.14999999999998725,0.1499999999999997,-1.2434497875801753e-14,0.4564063016144403,0.20580354125709066,0.1614029852731589,0.15238247645433145,0.1848058657664596,0.018902122452840557,0.00014330794921974034,0.9640082450948684,0.07308705410206758,0.0,0.0,0.0,0.0,False,ultra_sparse,Ultra-skewed and sparse,variant_2,4,12.75,127.5,10.0,0.07308705410206758,0.25,0.25,0.25,0.25,15.08263242805503,62.55236858474691,23.13744872652621,171.80890121990228,0.7042621092538229,0.5463245347739959,0.8773482968926531,0.6631198015296035,"[[0.43477334277316354, 0.2694887664806594], [0.018902122452840557, 0.2768357682933365]]","[[0.6629764935803837, 0.2143718033122695], [0.00014330794921974034, 0.12250839515812714]]",3974158138,10000,10000,1.0,10000,1.0,0.0022483653337985374,0.06694125978325258,0.06022108394092135,0.0945,0.232875,0.0,0.0,0.043625,0.0,6.468662745098039,21.148318039215685,0.0,0.0,0.0,0.0,0.0,0.0,simple_welch,Simple Welch,10000,1.0,True,0.9104,59.75195474632539,55.39057519624262,0.1497,0.1428418604672683,0.15682716879122774,0.049699999999999994,0.1497,0.1497,True,0.0896,0.0841586386374333,0.09535654722521804,0.039599999999999996,0.0896,0.0896,False,0.0296,0.026454593750792676,0.03310667191633986,0.0196,0.0296,0.0296,False
stress_2x2_d7,0,7,2,2,51,510,0.15,10.0,0.8,0.7906120896977611,1.9699916653585776,57,0.14999999999998725,0.1499999999999997,-1.2434497875801753e-14,0.4564063016144403,0.20580354125709066,0.1614029852731589,0.15238247645433145,0.1848058657664596,0.018902122452840557,0.00014330794921974034,0.9640082450948684,0.07308705410206758,0.0,0.0,0.0,0.0,False,ultra_sparse,Ultra-skewed and sparse,variant_2,4,12.75,127.5,10.0,0.07308705410206758,0.25,0.25,0.25,0.25,15.08263242805503,62.55236858474691,23.13744872652621,171.80890121990228,0.7042621092538229,0.5463245347739959,0.8773482968926531,0.6631198015296035,"[[0.43477334277316354, 0.2694887664806594], [0.018902122452840557, 0.2768357682933365]]","[[0.6629764935803837, 0.2143718033122695], [0.00014330794921974034, 0.12250839515812714]]",3974158138,10000,10000,1.0,10000,1.0,0.0022483653337985374,0.06694125978325258,0.06022108394092135,0.0945,0.232875,0.0,0.0,0.043625,0.0,6.468662745098039,21.148318039215685,0.0,0.0,0.0,0.0,0.0,0.0,expanded_welch,Expanded Welch,10000,1.0,True,0.9384,24.284681037356762,6.659410884182508,0.1286,0.1221812162006851,0.13530401778905352,0.028599999999999987,0.1286,0.1286,True,0.0616,0.05705394834141747,0.06648274142999176,0.0116,0.0616,0.0616,True,0.0063,0.004927565458326495,0.008051594532879576,0.0037,0.0063,0.0063,True
adversarial_2x2_d8,0,8,2,2,50,50,0.1,0.35,0.35,1.7583558981032545,1.6310915346615071,37,0.10000000000000012,0.10000000000000014,-2.7755575615628914e-17,1.8151838436997658,0.2640509808701512,0.23582865382787488,0.0025201101234738066,0.004869185105446329,0.0008478840873879246,0.000954188598506339,0.042394204369396234,0.04770942992531695,0.25,0.25,0.75,0.75,False,widespread_sparse,Widespread sparsity,variant_1,4,12.5,12.5,1.0,0.042394204369396234,0.25,0.25,0.75,0.75,1.7922183786997212,4.884093010273381,3.4429930539762648,2.0946710466334957,0.9641556324260055,0.9311401389204746,0.9023181397945322,0.9581065790673299,"[[0.0349964834866065, 0.0008478840873879246], [0.03386337759291879, 0.9302922548330868]]","[[0.000954188598506339, 0.9013639511960259], [0.04093923233416358, 0.056742627871304054]]",3229974002,10000,9790,0.979,7378,0.7378,0.0004251048252798599,0.10206759434593618,0.09272018599623782,0.327975,0.284125,0.38515,0.345475,0.714575,0.65505,0.15772800000000003,0.24206600000000003,0.08225,0.0033,0.0136,0.05865,0.1656,0.1176,normal_wald,Normal Wald,9790,0.979,True,0.9156281920326864,,,0.13871297242083758,0.13200773194259757,0.14570162962472744,0.03871297242083757,0.1358,0.059907834101382486,True,0.08437180796731358,0.07902776592581304,0.090041895430547,0.03437180796731358,0.0826,0.02385470317159122,False,0.016547497446373852,0.014203545247721081,0.019270700807735342,0.006547497446373852,0.0162,0.004201680672268907,False
adversarial_2x2_d8,0,8,2,2,50,50,0.1,0.35,0.35,1.7583558981032545,1.6310915346615071,37,0.10000000000000012,0.10000000000000014,-2.7755575615628914e-17,1.8151838436997658,0.2640509808701512,0.23582865382787488,0.0025201101234738066,0.004869185105446329,0.0008478840873879246,0.000954188598506339,0.042394204369396234,0.04770942992531695,0.25,0.25,0.75,0.75,False,widespread_sparse,Widespread sparsity,variant_1,4,12.5,12.5,1.0,0.042394204369396234,0.25,0.25,0.75,0.75,1.7922183786997212,4.884093010273381,3.4429930539762648,2.0946710466334957,0.9641556324260055,0.9311401389204746,0.9023181397945322,0.9581065790673299,"[[0.0349964834866065, 0.0008478840873879246], [0.03386337759291879, 0.9302922548330868]]","[[0.000954188598506339, 0.9013639511960259], [0.04093923233416358, 0.056742627871304054]]",3229974002,10000,9790,0.979,7378,0.7378,0.0004251048252798599,0.10206759434593618,0.09272018599623782,0.327975,0.284125,0.38515,0.345475,0.714575,0.65505,0.15772800000000003,0.24206600000000003,0.08225,0.0033,0.0136,0.05865,0.1656,0.1176,simple_welch,Simple Welch,9790,0.979,True,0.9294177732379979,90.19302933227742,49.0,0.13472931562819204,0.12810901539475295,0.14163615762327203,0.03472931562819204,0.1319,0.0546218487394958,True,0.07058222676200204,0.06567533148246908,0.07582598489554458,0.02058222676200204,0.0691,0.021821631878557873,True,0.012768130745658836,0.010727501935735753,0.01519097549602573,0.0027681307456588356,0.0125,0.0033884521550555705,True
adversarial_2x2_d8,0,8,2,2,50,50,0.1,0.35,0.35,1.7583558981032545,1.6310915346615071,37,0.10000000000000012,0.10000000000000014,-2.7755575615628914e-17,1.8151838436997658,0.2640509808701512,0.23582865382787488,0.0025201101234738066,0.004869185105446329,0.0008478840873879246,0.000954188598506339,0.042394204369396234,0.04770942992531695,0.25,0.25,0.75,0.75,False,widespread_sparse,Widespread sparsity,variant_1,4,12.5,12.5,1.0,0.042394204369396234,0.25,0.25,0.75,0.75,1.7922183786997212,4.884093010273381,3.4429930539762648,2.0946710466334957,0.9641556324260055,0.9311401389204746,0.9023181397945322,0.9581065790673299,"[[0.0349964834866065, 0.0008478840873879246], [0.03386337759291879, 0.9302922548330868]]","[[0.000954188598506339, 0.9013639511960259], [0.04093923233416358, 0.056742627871304054]]",3229974002,10000,9790,0.979,7378,0.7378,0.0004251048252798599,0.10206759434593618,0.09272018599623782,0.327975,0.284125,0.38515,0.345475,0.714575,0.65505,0.15772800000000003,0.24206600000000003,0.08225,0.0033,0.0136,0.05865,0.1656,0.1176,expanded_welch,Expanded Welch,7378,0.7378,False,0.9825155868799132,18.23691442026916,5.527532238011072,0.05028462998102467,0.04552799708601301,0.05550932036131239,0.04971537001897534,0.0371,0.05028462998102467,True,0.017484413120086743,0.014735055876377311,0.02073596585734132,0.03251558687991326,0.0129,0.017484413120086743,False,0.003117375982651125,0.0020782352546870105,0.004673665216046844,0.006882624017348875,0.0023,0.003117375982651125,False
adversarial_2x2_d9,0,9,2,2,50,100,0.15,1.0,0.35,1.4658379735265517,1.5648422887931965,5509,0.14999999999999997,0.15000000000000002,-5.551115123125783e-17,1.8806953032278562,0.3899090574183587,0.3572404008200452,0.005400174549018422,0.011157282442813408,0.010110669526101436,0.0031151807596221685,0.5055334763050718,0.31151807596221687,0.25,0.25,0.75,0.25,False,widespread_sparse,Widespread sparsity,variant_2,4,12.5,25.0,2.0,0.31151807596221687,0.5,0.25,0.75,0.5,3.2591016897900142,6.090890495767333,3.4660125438498666,8.997133569110108,0.9348179662041997,0.9306797491230026,0.9390910950423268,0.9100286643088991,"[[0.010110669526101436, 0.055071364269698844], [0.9205690795969012, 0.014248886607298486]]","[[0.9069134835492769, 0.03217761149304991], [0.0031151807596221685, 0.05779372419805116]]",606157434,10000,9997,0.9997,9535,0.9535,0.0010768806553338236,0.10582830390639442,0.09749608160247139,0.2869,0.19155,0.308975,0.2191,0.693325,0.3802,0.276104,0.6012649999999999,0.01735,0.00095,0.0134,0.0001,0.0449,0.0019,normal_wald,Normal Wald,9997,0.9997,True,0.8988696608982695,,,0.15304591377413224,0.1461217293357014,0.16023663775134017,0.05304591377413223,0.153,0.11588883062401678,False,0.10113033910173051,0.09537249746120156,0.10719460323350162,0.05113033910173051,0.1011,0.06460409019402202,False,0.04771431429428829,0.043706727468754134,0.05206935925001717,0.03771431429428829,0.0477,0.020346093340325118,False
adversarial_2x2_d9,0,9,2,2,50,100,0.15,1.0,0.35,1.4658379735265517,1.5648422887931965,5509,0.14999999999999997,0.15000000000000002,-5.551115123125783e-17,1.8806953032278562,0.3899090574183587,0.3572404008200452,0.005400174549018422,0.011157282442813408,0.010110669526101436,0.0031151807596221685,0.5055334763050718,0.31151807596221687,0.25,0.25,0.75,0.25,False,widespread_sparse,Widespread sparsity,variant_2,4,12.5,25.0,2.0,0.31151807596221687,0.5,0.25,0.75,0.5,3.2591016897900142,6.090890495767333,3.4660125438498666,8.997133569110108,0.9348179662041997,0.9306797491230026,0.9390910950423268,0.9100286643088991,"[[0.010110669526101436, 0.055071364269698844], [0.9205690795969012, 0.014248886607298486]]","[[0.9069134835492769, 0.03217761149304991], [0.0031151807596221685, 0.05779372419805116]]",606157434,10000,9997,0.9997,9535,0.9535,0.0010768806553338236,0.10582830390639442,0.09749608160247139,0.2869,0.19155,0.308975,0.2191,0.693325,0.3802,0.276104,0.6012649999999999,0.01735,0.00095,0.0134,0.0001,0.0449,0.0019,simple_welch,Simple Welch,9997,0.9997,True,0.902070621186356,97.17039811194054,72.52847475419318,0.1479443833149945,0.14111984040866238,0.15503938489416097,0.04794438331499448,0.1479,0.11064499213424227,True,0.0979293788136441,0.09225662965286104,0.10391100953017583,0.04792937881364409,0.0979,0.06187729417933928,False,0.04451335400620186,0.04064261168287963,0.04873401352422536,0.03451335400620186,0.0445,0.01845831148400629,False
adversarial_2x2_d9,0,9,2,2,50,100,0.15,1.0,0.35,1.4658379735265517,1.5648422887931965,5509,0.14999999999999997,0.15000000000000002,-5.551115123125783e-17,1.8806953032278562,0.3899090574183587,0.3572404008200452,0.005400174549018422,0.011157282442813408,0.010110669526101436,0.0031151807596221685,0.5055334763050718,0.31151807596221687,0.25,0.25,0.75,0.25,False,widespread_sparse,Widespread sparsity,variant_2,4,12.5,25.0,2.0,0.31151807596221687,0.5,0.25,0.75,0.5,3.2591016897900142,6.090890495767333,3.4660125438498666,8.997133569110108,0.9348179662041997,0.9306797491230026,0.9390910950423268,0.9100286643088991,"[[0.010110669526101436, 0.055071364269698844], [0.9205690795969012, 0.014248886607298486]]","[[0.9069134835492769, 0.03217761149304991], [0.0031151807596221685, 0.05779372419805116]]",606157434,10000,9997,0.9997,9535,0.9535,0.0010768806553338236,0.10582830390639442,0.09749608160247139,0.2869,0.19155,0.308975,0.2191,0.693325,0.3802,0.276104,0.6012649999999999,0.01735,0.00095,0.0134,0.0001,0.0449,0.0019,expanded_welch,Expanded Welch,9535,0.9535,True,0.945883586785527,36.984549154777035,7.705730489125142,0.10277923439958049,0.09684310052248596,0.10903530382028709,0.0027792343995804852,0.098,0.10277923439958049,True,0.054116413214473,0.0497521386039827,0.058839818112400036,0.004116413214472994,0.0516,0.054116413214473,True,0.015312008390141584,0.013035340253863763,0.01797906124319913,0.005312008390141584,0.0146,0.015312008390141584,False
strong_null_2x5_d-2,1,-2,2,5,200,200,0.1,50.0,50.0,0.501835069520702,0.501835069520702,1,0.09999999999999609,0.09999999999999609,0.0,0.0,0.1703894973686612,0.1703894973686612,0.09999999999999609,0.1703894973686612,0.024563360584307144,0.024563360584307144,4.912672116861429,4.912672116861429,0.0,0.0,0.0,0.0,False,strong_null,Strong null (P = Q),variant_1,10,20.0,20.0,1.0,4.912672116861429,0.0,0.0,0.1,0.1,84.92186318451469,84.92186318451469,34.602698012148785,34.602698012148785,0.5753906840774267,0.22156852234761132,0.5753906840774267,0.22156852234761132,"[[0.12092225379126949, 0.15994333239695138, 0.06643710805604226, 0.024563360584307144, 0.05274326109400319], [0.10064626855634183, 0.05443458094606975, 0.13658739243437615, 0.16345221317389813, 0.12027022896674074]]","[[0.12092225379126949, 0.15994333239695138, 0.06643710805604226, 0.024563360584307144, 0.05274326109400319], [0.10064626855634183, 0.05443458094606975, 0.13658739243437615, 0.16345221317389813, 0.12027022896674074]]",2674302760,10000,10000,1.0,10000,1.0,0.000530016938540212,0.042960390425513625,0.04222201760847086,0.00085,0.00065,0.0,0.0,0.0,0.0,13.328999,13.356928000000003,0.0,0.0,0.0,0.0,0.0,0.0,normal_wald,Normal Wald,10000,1.0,True,0.9455,,,0.1023,0.09651237094027788,0.1083930613637583,0.0022999999999999965,0.1023,0.1023,True,0.0545,0.05021948667736562,0.05912265587090721,0.004499999999999997,0.0545,0.0545,True,0.0111,0.00922610769453467,0.013349365912312904,0.0011000000000000003,0.0111,0.0111,True
strong_null_2x5_d-2,1,-2,2,5,200,200,0.1,50.0,50.0,0.501835069520702,0.501835069520702,1,0.09999999999999609,0.09999999999999609,0.0,0.0,0.1703894973686612,0.1703894973686612,0.09999999999999609,0.1703894973686612,0.024563360584307144,0.024563360584307144,4.912672116861429,4.912672116861429,0.0,0.0,0.0,0.0,False,strong_null,Strong null (P = Q),variant_1,10,20.0,20.0,1.0,4.912672116861429,0.0,0.0,0.1,0.1,84.92186318451469,84.92186318451469,34.602698012148785,34.602698012148785,0.5753906840774267,0.22156852234761132,0.5753906840774267,0.22156852234761132,"[[0.12092225379126949, 0.15994333239695138, 0.06643710805604226, 0.024563360584307144, 0.05274326109400319], [0.10064626855634183, 0.05443458094606975, 0.13658739243437615, 0.16345221317389813, 0.12027022896674074]]","[[0.12092225379126949, 0.15994333239695138, 0.06643710805604226, 0.024563360584307144, 0.05274326109400319], [0.10064626855634183, 0.05443458094606975, 0.13658739243437615, 0.16345221317389813, 0.12027022896674074]]",2674302760,10000,10000,1.0,10000,1.0,0.000530016938540212,0.042960390425513625,0.04222201760847086,0.00085,0.00065,0.0,0.0,0.0,0.0,13.328999,13.356928000000003,0.0,0.0,0.0,0.0,0.0,0.0,simple_welch,Simple Welch,10000,1.0,True,0.9462,393.6220108905859,361.4894133164338,0.1017,0.09592805211846214,0.10777784098361881,0.0016999999999999932,0.1017,0.1017,True,0.0538,0.04954674862078317,0.05839593152520862,0.003799999999999998,0.0538,0.0538,True,0.0109,0.009044474829555112,0.013131152376640733,0.0008999999999999998,0.0109,0.0109,True
strong_null_2x5_d-2,1,-2,2,5,200,200,0.1,50.0,50.0,0.501835069520702,0.501835069520702,1,0.09999999999999609,0.09999999999999609,0.0,0.0,0.1703894973686612,0.1703894973686612,0.09999999999999609,0.1703894973686612,0.024563360584307144,0.024563360584307144,4.912672116861429,4.912672116861429,0.0,0.0,0.0,0.0,False,strong_null,Strong null (P = Q),variant_1,10,20.0,20.0,1.0,4.912672116861429,0.0,0.0,0.1,0.1,84.92186318451469,84.92186318451469,34.602698012148785,34.602698012148785,0.5753906840774267,0.22156852234761132,0.5753906840774267,0.22156852234761132,"[[0.12092225379126949, 0.15994333239695138, 0.06643710805604226, 0.024563360584307144, 0.05274326109400319], [0.10064626855634183, 0.05443458094606975, 0.13658739243437615, 0.16345221317389813, 0.12027022896674074]]","[[0.12092225379126949, 0.15994333239695138, 0.06643710805604226, 0.024563360584307144, 0.05274326109400319], [0.10064626855634183, 0.05443458094606975, 0.13658739243437615, 0.16345221317389813, 0.12027022896674074]]",2674302760,10000,10000,1.0,10000,1.0,0.000530016938540212,0.042960390425513625,0.04222201760847086,0.00085,0.00065,0.0,0.0,0.0,0.0,13.328999,13.356928000000003,0.0,0.0,0.0,0.0,0.0,0.0,expanded_welch,Expanded Welch,10000,1.0,True,0.9491,78.14196828865711,45.39621113373481,0.0993,0.09359141972340693,0.10531631657085327,0.0007000000000000062,0.0993,0.0993,True,0.0509,0.046761955957285946,0.05538295137925577,0.000899999999999998,0.0509,0.0509,True,0.0101,0.008319720104246149,0.012256521499342778,9.99999999999994e-05,0.0101,0.0101,True
strong_null_2x5_d-1,1,-1,2,5,100,200,0.15,8.0,8.0,0.6455405549136863,0.6455405549136863,1,0.15000000000000457,0.15000000000000457,0.0,0.0,0.22911987071012163,0.22911987071012163,0.1500000000000048,0.2291198707101215,0.02609522850578036,0.02609522850578036,2.609522850578036,5.219045701156072,0.0,0.0,0.2,0.0,False,strong_null,Strong null (P = Q),variant_2,10,10.0,20.0,2.0,2.609522850578036,0.0,0.0,0.3,0.0,32.5020570010369,65.0041140020738,13.506070812025198,27.012141624050397,0.674979429989631,0.3877368994759413,0.674979429989631,0.3877368994759413,"[[0.10896547961447162, 0.07905476193110789, 0.026928721791897568, 0.06194483642602843, 0.04812677024686355], [0.02609522850578036, 0.09315197704621696, 0.3608081776840437, 0.08813721057218546, 0.10678683618140454]]","[[0.10896547961447162, 0.07905476193110789, 0.026928721791897568, 0.06194483642602843, 0.04812677024686355], [0.02609522850578036, 0.09315197704621696, 0.3608081776840437, 0.08813721057218546, 0.10678683618140454]]",3380239290,10000,10000,1.0,10000,1.0,0.0018130572744649211,0.060842538182358755,0.059168787743951165,0.014750000000000003,0.0012,0.00011,0.0,0.21493,0.00237,3.676040000000001,7.9225845,0.0,0.0,0.0,0.0,0.0,0.0,normal_wald,Normal Wald,10000,1.0,True,0.9376,,,0.1158,0.1096754115473551,0.12221965280067279,0.015799999999999995,0.1158,0.1158,True,0.0624,0.0578251970299051,0.06731087834411104,0.012399999999999994,0.0624,0.0624,True,0.0178,0.015387513024217675,0.020582815004462837,0.0078,0.0178,0.0178,False
strong_null_2x5_d-1,1,-1,2,5,100,200,0.15,8.0,8.0,0.6455405549136863,0.6455405549136863,1,0.15000000000000457,0.15000000000000457,0.0,0.0,0.22911987071012163,0.22911987071012163,0.1500000000000048,0.2291198707101215,0.02609522850578036,0.02609522850578036,2.609522850578036,5.219045701156072,0.0,0.0,0.2,0.0,False,strong_null,Strong null (P = Q),variant_2,10,10.0,20.0,2.0,2.609522850578036,0.0,0.0,0.3,0.0,32.5020570010369,65.0041140020738,13.506070812025198,27.012141624050397,0.674979429989631,0.3877368994759413,0.674979429989631,0.3877368994759413,"[[0.10896547961447162, 0.07905476193110789, 0.026928721791897568, 0.06194483642602843, 0.04812677024686355], [0.02609522850578036, 0.09315197704621696, 0.3608081776840437, 0.08813721057218546, 0.10678683618140454]]","[[0.10896547961447162, 0.07905476193110789, 0.026928721791897568, 0.06194483642602843, 0.04812677024686355], [0.02609522850578036, 0.09315197704621696, 0.3608081776840437, 0.08813721057218546, 0.10678683618140454]]",3380239290,10000,10000,1.0,10000,1.0,0.0018130572744649211,0.060842538182358755,0.059168787743951165,0.014750000000000003,0.0012,0.00011,0.0,0.21493,0.00237,3.676040000000001,7.9225845,0.0,0.0,0.0,0.0,0.0,0.0,simple_welch,Simple Welch,10000,1.0,True,0.9388,197.77488081528298,167.09638310072444,0.1141,0.1080162534045664,0.1204801165379218,0.014099999999999988,0.1141,0.1141,True,0.0612,0.05666840814896297,0.0660685888211428,0.011199999999999995,0.0612,0.0612,True,0.0168,0.014460231994417773,0.019510864031004094,0.006799999999999999,0.0168,0.0168,False
strong_null_2x5_d-1,1,-1,2,5,100,200,0.15,8.0,8.0,0.6455405549136863,0.6455405549136863,1,0.15000000000000457,0.15000000000000457,0.0,0.0,0.22911987071012163,0.22911987071012163,0.1500000000000048,0.2291198707101215,0.02609522850578036,0.02609522850578036,2.609522850578036,5.219045701156072,0.0,0.0,0.2,0.0,False,strong_null,Strong null (P = Q),variant_2,10,10.0,20.0,2.0,2.609522850578036,0.0,0.0,0.3,0.0,32.5020570010369,65.0041140020738,13.506070812025198,27.012141624050397,0.674979429989631,0.3877368994759413,0.674979429989631,0.3877368994759413,"[[0.10896547961447162, 0.07905476193110789, 0.026928721791897568, 0.06194483642602843, 0.04812677024686355], [0.02609522850578036, 0.09315197704621696, 0.3608081776840437, 0.08813721057218546, 0.10678683618140454]]","[[0.10896547961447162, 0.07905476193110789, 0.026928721791897568, 0.06194483642602843, 0.04812677024686355], [0.02609522850578036, 0.09315197704621696, 0.3608081776840437, 0.08813721057218546, 0.10678683618140454]]",3380239290,10000,10000,1.0,10000,1.0,0.0018130572744649211,0.060842538182358755,0.059168787743951165,0.014750000000000003,0.0012,0.00011,0.0,0.21493,0.00237,3.676040000000001,7.9225845,0.0,0.0,0.0,0.0,0.0,0.0,expanded_welch,Expanded Welch,10000,1.0,True,0.9415,90.64199149520053,39.80073735972842,0.111,0.10499186871008465,0.11730688202230174,0.010999999999999996,0.111,0.111,True,0.0585,0.05406752392995941,0.06327154663134801,0.0085,0.0585,0.0585,True,0.0154,0.013165934022359623,0.01800623719850013,0.0054,0.0154,0.0154,False
fixed_2x5_d0,1,0,2,5,200,200,0.1,50.0,50.0,0.5093063819040153,0.49289214462912,1,0.09999999999999876,0.09999999999999964,-8.881784197001252e-16,0.2030960283339527,0.1638617213905951,0.16980789247747258,0.09906319178414402,0.16596601771423508,0.0279858077111642,0.032627951811745604,5.59716154223284,6.525590362349121,0.0,0.0,0.0,0.0,False,well_sampled,Well sampled,variant_1,10,20.0,20.0,1.0,5.59716154223284,0.0,0.0,0.0,0.0,96.55656022001197,84.62915873146667,38.11352988547126,32.04629046590769,0.5172171988999402,0.21000610186311947,0.5768542063426668,0.2358266299797615,"[[0.07636076627787372, 0.04594432195274531, 0.18202029415195528, 0.10782920270507887, 0.10506261381228697], [0.12880943126688663, 0.1491222246265131, 0.0279858077111642, 0.08273844672227743, 0.09412689077321851]]","[[0.08140074375558096, 0.032627951811745604, 0.1628157684258485, 0.07992963705392325, 0.06637169261023501], [0.15442588622418055, 0.1821342325444471, 0.04413485416516032, 0.08030181527561518, 0.11585741813326364]]",65349617,10000,10000,1.0,10000,1.0,0.00011551729546942669,0.04229637036777699,0.041849840425082524,0.00039000000000000005,0.00011999999999999999,0.0,0.0,0.0,0.0,15.294401,12.6900195,0.0,0.0,0.0,0.0,0.0,0.0,normal_wald,Normal Wald,10000,1.0,True,0.948,,,0.1,0.09427283017063044,0.10603436852591082,0.0,0.1,0.1,True,0.052,0.047817817398564263,0.05652624514156196,0.001999999999999995,0.052,0.052,True,0.0116,0.009680916376468826,0.013894173232008068,0.001599999999999999,0.0116,0.0116,True
fixed_2x5_d0,1,0,2,5,200,200,0.1,50.0,50.0,0.5093063819040153,0.49289214462912,1,0.09999999999999876,0.09999999999999964,-8.881784197001252e-16,0.2030960283339527,0.1638617213905951,0.16980789247747258,0.09906319178414402,0.16596601771423508,0.0279858077111642,0.032627951811745604,5.59716154223284,6.525590362349121,0.0,0.0,0.0,0.0,False,well_sampled,Well sampled,variant_1,10,20.0,20.0,1.0,5.59716154223284,0.0,0.0,0.0,0.0,96.55656022001197,84.62915873146667,38.11352988547126,32.04629046590769,0.5172171988999402,0.21000610186311947,0.5768542063426668,0.2358266299797615,"[[0.07636076627787372, 0.04594432195274531, 0.18202029415195528, 0.10782920270507887, 0.10506261381228697], [0.12880943126688663, 0.1491222246265131, 0.0279858077111642, 0.08273844672227743, 0.09412689077321851]]","[[0.08140074375558096, 0.032627951811745604, 0.1628157684258485, 0.07992963705392325, 0.06637169261023501], [0.15442588622418055, 0.1821342325444471, 0.04413485416516032, 0.08030181527561518, 0.11585741813326364]]",65349617,10000,10000,1.0,10000,1.0,0.00011551729546942669,0.04229637036777699,0.041849840425082524,0.00039000000000000005,0.00011999999999999999,0.0,0.0,0.0,0.0,15.294401,12.6900195,0.0,0.0,0.0,0.0,0.0,0.0,simple_welch,Simple Welch,10000,1.0,True,0.9486,393.7602215013692,364.3124673592619,0.0996,0.093883441847563,0.10562406404767477,0.00040000000000001146,0.0996,0.0996,True,0.0514,0.04724182497055032,0.05590269836762071,0.0013999999999999985,0.0514,0.0514,True,0.0112,0.009316987490236137,0.013458409316937302,0.0011999999999999997,0.0112,0.0112,True
fixed_2x5_d0,1,0,2,5,200,200,0.1,50.0,50.0,0.5093063819040153,0.49289214462912,1,0.09999999999999876,0.09999999999999964,-8.881784197001252e-16,0.2030960283339527,0.1638617213905951,0.16980789247747258,0.09906319178414402,0.16596601771423508,0.0279858077111642,0.032627951811745604,5.59716154223284,6.525590362349121,0.0,0.0,0.0,0.0,False,well_sampled,Well sampled,variant_1,10,20.0,20.0,1.0,5.59716154223284,0.0,0.0,0.0,0.0,96.55656022001197,84.62915873146667,38.11352988547126,32.04629046590769,0.5172171988999402,0.21000610186311947,0.5768542063426668,0.2358266299797615,"[[0.07636076627787372, 0.04594432195274531, 0.18202029415195528, 0.10782920270507887, 0.10506261381228697], [0.12880943126688663, 0.1491222246265131, 0.0279858077111642, 0.08273844672227743, 0.09412689077321851]]","[[0.08140074375558096, 0.032627951811745604, 0.1628157684258485, 0.07992963705392325, 0.06637169261023501], [0.15442588622418055, 0.1821342325444471, 0.04413485416516032, 0.08030181527561518, 0.11585741813326364]]",65349617,10000,10000,1.0,10000,1.0,0.00011551729546942669,0.04229637036777699,0.041849840425082524,0.00039000000000000005,0.00011999999999999999,0.0,0.0,0.0,0.0,15.294401,12.6900195,0.0,0.0,0.0,0.0,0.0,0.0,expanded_welch,Expanded Welch,10000,1.0,True,0.9504,84.37949179249274,48.42863635892278,0.0957,0.09008845753592307,0.101622043546606,0.004300000000000012,0.0957,0.0957,True,0.0496,0.04551483891184552,0.05403106682045995,0.0004000000000000045,0.0496,0.0496,True,0.0101,0.008319720104246149,0.012256521499342778,9.99999999999994e-05,0.0101,0.0101,True
fixed_2x5_d1,1,1,2,5,200,200,0.15,50.0,50.0,0.7971853569016992,0.6425992123240246,1,0.14999999999998104,0.1499999999999999,-1.887379141862766e-14,0.6044727973437745,0.19811490849578997,0.2237077267566783,0.08566239248714735,0.15238544702844434,0.0069239342576799656,0.02101383718780397,1.3847868515359931,4.202767437560794,0.0,0.0,0.0,0.0,True,well_sampled,Well sampled,variant_2,10,20.0,20.0,1.0,1.3847868515359931,0.0,0.0,0.1,0.1,89.81338767561921,92.3190409543944,33.5124953785758,31.58493932277992,0.550933061621904,0.24009740084863748,0.538404795228028,0.24978131946349405,"[[0.06547685986539255, 0.09901247734638575, 0.08059898680428888, 0.04334007172682983, 0.16063854263519903], [0.10885002401829649, 0.09347226208207765, 0.14492951214204225, 0.19675732912180766, 0.0069239342576799656]]","[[0.0680302925893532, 0.208563243842594, 0.07791422574519165, 0.03422582098434026, 0.07286162161049294], [0.18175102687414085, 0.02101383718780397, 0.08001047086870795, 0.1314743294438213, 0.12415513085355384]]",796464720,10000,10000,1.0,10000,1.0,-0.0007051295307249775,0.04759020750232275,0.04593610166047153,0.025060000000000002,0.0016700000000000003,0.0,0.0,0.0,0.0,13.4931085,13.1038345,0.0,0.0,0.0,0.0,0.0,0.0,normal_wald,Normal Wald,10000,1.0,True,0.9397,,,0.1149,0.10879697941337563,0.1212987761317195,0.014899999999999997,0.1149,0.1149,True,0.0603,0.05580115113730913,0.06513653702986386,0.010299999999999997,0.0603,0.0603,True,0.0162,0.013904949781854473,0.018866607041612204,0.006199999999999999,0.0162,0.0162,False
fixed_2x5_d1,1,1,2,5,200,200,0.15,50.0,50.0,0.7971853569016992,0.6425992123240246,1,0.14999999999998104,0.1499999999999999,-1.887379141862766e-14,0.6044727973437745,0.19811490849578997,0.2237077267566783,0.08566239248714735,0.15238544702844434,0.0069239342576799656,0.02101383718780397,1.3847868515359931,4.202767437560794,0.0,0.0,0.0,0.0,True,well_sampled,Well sampled,variant_2,10,20.0,20.0,1.0,1.3847868515359931,0.0,0.0,0.1,0.1,89.81338767561921,92.3190409543944,33.5124953785758,31.58493932277992,0.550933061621904,0.24009740084863748,0.538404795228028,0.24978131946349405,"[[0.06547685986539255, 0.09901247734638575, 0.08059898680428888, 0.04334007172682983, 0.16063854263519903], [0.10885002401829649, 0.09347226208207765, 0.14492951214204225, 0.19675732912180766, 0.0069239342576799656]]","[[0.0680302925893532, 0.208563243842594, 0.07791422574519165, 0.03422582098434026, 0.07286162161049294], [0.18175102687414085, 0.02101383718780397, 0.08001047086870795, 0.1314743294438213, 0.12415513085355384]]",796464720,10000,10000,1.0,10000,1.0,-0.0007051295307249775,0.04759020750232275,0.04593610166047153,0.025060000000000002,0.0016700000000000003,0.0,0.0,0.0,0.0,13.4931085,13.1038345,0.0,0.0,0.0,0.0,0.0,0.0,simple_welch,Simple Welch,10000,1.0,True,0.9407,394.31954485243745,370.6416503218106,0.1142,0.1081138388450483,0.12058245429776576,0.01419999999999999,0.1142,0.1142,True,0.0593,0.054837876757090474,0.06410057940682387,0.009299999999999996,0.0593,0.0593,True,0.0157,0.013442876541463035,0.01832906428037432,0.0056999999999999985,0.0157,0.0157,False
fixed_2x5_d1,1,1,2,5,200,200,0.15,50.0,50.0,0.7971853569016992,0.6425992123240246,1,0.14999999999998104,0.1499999999999999,-1.887379141862766e-14,0.6044727973437745,0.19811490849578997,0.2237077267566783,0.08566239248714735,0.15238544702844434,0.0069239342576799656,0.02101383718780397,1.3847868515359931,4.202767437560794,0.0,0.0,0.0,0.0,True,well_sampled,Well sampled,variant_2,10,20.0,20.0,1.0,1.3847868515359931,0.0,0.0,0.1,0.1,89.81338767561921,92.3190409543944,33.5124953785758,31.58493932277992,0.550933061621904,0.24009740084863748,0.538404795228028,0.24978131946349405,"[[0.06547685986539255, 0.09901247734638575, 0.08059898680428888, 0.04334007172682983, 0.16063854263519903], [0.10885002401829649, 0.09347226208207765, 0.14492951214204225, 0.19675732912180766, 0.0069239342576799656]]","[[0.0680302925893532, 0.208563243842594, 0.07791422574519165, 0.03422582098434026, 0.07286162161049294], [0.18175102687414085, 0.02101383718780397, 0.08001047086870795, 0.1314743294438213, 0.12415513085355384]]",796464720,10000,10000,1.0,10000,1.0,-0.0007051295307249775,0.04759020750232275,0.04593610166047153,0.025060000000000002,0.0016700000000000003,0.0,0.0,0.0,0.0,13.4931085,13.1038345,0.0,0.0,0.0,0.0,0.0,0.0,expanded_welch,Expanded Welch,10000,1.0,True,0.9418,171.66278981492925,103.40366920692482,0.1133,0.10723562483853583,0.11966135950134546,0.013299999999999992,0.1133,0.1133,True,0.0582,0.05377870375669845,0.06296059720363138,0.008199999999999999,0.0582,0.0582,True,0.015,0.012797042489119614,0.017575435930436683,0.004999999999999999,0.015,0.015,True
fixed_2x5_d2,1,2,2,5,100,100,0.1,8.0,4.0,0.556078605743172,0.539040126458219,1,0.09999999999999987,0.09999999999999987,0.0,0.8102848685388164,0.16433360320611867,0.1398727613007258,0.015296996665822293,0.030521971049377403,0.017019950912172586,0.017383831083003898,1.7019950912172586,1.7383831083003898,0.0,0.0,0.1,0.1,False,moderate,Moderate,variant_1,10,10.0,10.0,1.0,1.7019950912172586,0.0,0.0,0.1,0.2,32.64538241087346,36.01475339812854,12.32036276174085,9.94049035452513,0.6735461758912654,0.3096614335591146,0.6398524660187147,0.29198767936702097,"[[0.24198218152117462, 0.061610374481982325, 0.05891608849520361, 0.22477620249397098, 0.08626132889893388], [0.06767925203793995, 0.09350807936677169, 0.06428753912220488, 0.017019950912172586, 0.08395900266964548]]","[[0.06523898487963116, 0.27453157200480277, 0.09821271720456264, 0.14331664117320214, 0.058552550756515984], [0.07548150075105245, 0.017383831083003898, 0.07775881116467492, 0.14867103819381883, 0.04085235278873531]]",478364860,10000,10000,1.0,10000,1.0,-0.00037208551194251564,0.0595023914579591,0.05708450848340376,0.018270000000000005,0.019839999999999997,7.999999999999999e-05,0.00062,0.1773,0.189,3.6575359999999995,3.3714739999999996,0.0,0.0,0.0,2e-05,0.0,0.0001,normal_wald,Normal Wald,10000,1.0,True,0.9367,,,0.1183,0.11211613177503217,0.12477701258114236,0.018299999999999997,0.1183,0.1183,True,0.0633,0.0586931158487559,0.06824226832819304,0.013299999999999992,0.0633,0.0633,True,0.0157,0.013442876541463035,0.01832906428037432,0.0056999999999999985,0.0157,0.0157,False
fixed_2x5_d2,1,2,2,5,100,100,0.1,8.0,4.0,0.556078605743172,0.539040126458219,1,0.09999999999999987,0.09999999999999987,0.0,0.8102848685388164,0.16433360320611867,0.1398727613007258,0.015296996665822293,0.030521971049377403,0.017019950912172586,0.017383831083003898,1.7019950912172586,1.7383831083003898,0.0,0.0,0.1,0.1,False,moderate,Moderate,variant_1,10,10.0,10.0,1.0,1.7019950912172586,0.0,0.0,0.1,0.2,32.64538241087346,36.01475339812854,12.32036276174085,9.94049035452513,0.6735461758912654,0.3096614335591146,0.6398524660187147,0.29198767936702097,"[[0.24198218152117462, 0.061610374481982325, 0.05891608849520361, 0.22477620249397098, 0.08626132889893388], [0.06767925203793995, 0.09350807936677169, 0.06428753912220488, 0.017019950912172586, 0.08395900266964548]]","[[0.06523898487963116, 0.27453157200480277, 0.09821271720456264, 0.14331664117320214, 0.058552550756515984], [0.07548150075105245, 0.017383831083003898, 0.07775881116467492, 0.14867103819381883, 0.04085235278873531]]",478364860,10000,10000,1.0,10000,1.0,-0.00037208551194251564,0.0595023914579591,0.05708450848340376,0.018270000000000005,0.019839999999999997,7.999999999999999e-05,0.00062,0.1773,0.189,3.6575359999999995,3.3714739999999996,0.0,0.0,0.0,2e-05,0.0,0.0001,simple_welch,Simple Welch,10000,1.0,True,0.9388,193.65149549497264,168.18416566999917,0.117,0.11084684235929051,0.12344730039264776,0.017,0.117,0.117,True,0.0612,0.05666840814896297,0.0660685888211428,0.011199999999999995,0.0612,0.0612,True,0.0146,0.01242858335998111,0.01714420225827173,0.0046,0.0146,0.0146,True
fixed_2x5_d2,1,2,2,5,100,100,0.1,8.0,4.0,0.556078605743172,0.539040126458219,1,0.09999999999999987,0.09999999999999987,0.0,0.8102848685388164,0.16433360320611867,0.1398727613007258,0.015296996665822293,0.030521971049377403,0.017019950912172586,0.017383831083003898,1.7019950912172586,1.7383831083003898,0.0,0.0,0.1,0.1,False,moderate,Moderate,variant_1,10,10.0,10.0,1.0,1.7019950912172586,0.0,0.0,0.1,0.2,32.64538241087346,36.01475339812854,12.32036276174085,9.94049035452513,0.6735461758912654,0.3096614335591146,0.6398524660187147,0.29198767936702097,"[[0.24198218152117462, 0.061610374481982325, 0.05891608849520361, 0.22477620249397098, 0.08626132889893388], [0.06767925203793995, 0.09350807936677169, 0.06428753912220488, 0.017019950912172586, 0.08395900266964548]]","[[0.06523898487963116, 0.27453157200480277, 0.09821271720456264, 0.14331664117320214, 0.058552550756515984], [0.07548150075105245, 0.017383831083003898, 0.07775881116467492, 0.14867103819381883, 0.04085235278873531]]",478364860,10000,10000,1.0,10000,1.0,-0.00037208551194251564,0.0595023914579591,0.05708450848340376,0.018270000000000005,0.019839999999999997,7.999999999999999e-05,0.00062,0.1773,0.189,3.6575359999999995,3.3714739999999996,0.0,0.0,0.0,2e-05,0.0,0.0001,expanded_welch,Expanded Welch,10000,1.0,True,0.9458,41.48950692165802,21.944405365127533,0.1099,0.10391906174443061,0.11618053378437129,0.009899999999999992,0.1099,0.1099,True,0.0542,0.04993114508580032,0.058811227861494925,0.004199999999999995,0.0542,0.0542,True,0.011,0.009135269953194405,0.013240280453327305,0.0009999999999999992,0.011,0.011,True
fixed_2x5_d3,1,3,2,5,100,200,0.15,8.0,2.0,0.6915873906449009,0.966107714348698,1,0.150000000000017,0.1499999999999997,1.7319479184152442e-14,0.630472128299395,0.24339529869865315,0.18385483940608646,0.10003935670991537,0.16358950459546945,0.01655666403869454,0.002637765121832022,1.655666403869454,0.5275530243664044,0.0,0.0,0.1,0.0,False,moderate,Moderate,variant_2,10,10.0,20.0,2.0,0.5275530243664044,0.0,0.1,0.4,0.2,33.77288094699638,86.4043423377318,8.869877674768922,29.18764800640502,0.662271190530036,0.29342875250287853,0.5679782883113411,0.31159653727193654,"[[0.01655666403869454, 0.13302898898627924, 0.020457782179978602, 0.03969922551460922, 0.1279861487504022], [0.17537958342580098, 0.026708079252404635, 0.06824099456771061, 0.22649992953164347, 0.16544260375247632]]","[[0.04583135236688837, 0.15682479348915843, 0.002637765121832022, 0.08822489757990941, 0.13850290313087074], [0.11349428512157156, 0.1547717437827781, 0.14330047491019307, 0.13734123518482277, 0.019070549311975576]]",1317290562,10000,10000,1.0,10000,1.0,0.0024834127180602115,0.060232364222222966,0.05661202648567211,0.04019,0.06106999999999999,0.00114,0.0,0.19118000000000002,1e-05,2.9261389999999996,11.227925,0.0,0.0,0.0,0.0,0.0,0.0,normal_wald,Normal Wald,10000,1.0,True,0.9284,,,0.1276,0.12120339304851928,0.13428260893796065,0.027599999999999986,0.1276,0.1276,True,0.0716,0.06670953165616857,0.07681947814782712,0.021599999999999994,0.0716,0.0716,True,0.0227,0.019958819233930947,0.025807745610716935,0.012700000000000001,0.0227,0.0227,False
fixed_2x5_d3,1,3,2,5,100,200,0.15,8.0,2.0,0.6915873906449009,0.966107714348698,1,0.150000000000017,0.1499999999999997,1.7319479184152442e-14,0.630472128299395,0.24339529869865315,0.18385483940608646,0.10003935670991537,0.16358950459546945,0.01655666403869454,0.002637765121832022,1.655666403869454,0.5275530243664044,0.0,0.0,0.1,0.0,False,moderate,Moderate,variant_2,10,10.0,20.0,2.0,0.5275530243664044,0.0,0.1,0.4,0.2,33.77288094699638,86.4043423377318,8.869877674768922,29.18764800640502,0.662271190530036,0.29342875250287853,0.5679782883113411,0.31159653727193654,"[[0.01655666403869454, 0.13302898898627924, 0.020457782179978602, 0.03969922551460922, 0.1279861487504022], [0.17537958342580098, 0.026708079252404635, 0.06824099456771061, 0.22649992953164347, 0.16544260375247632]]","[[0.04583135236688837, 0.15682479348915843, 0.002637765121832022, 0.08822489757990941, 0.13850290313087074], [0.11349428512157156, 0.1547717437827781, 0.14330047491019307, 0.13734123518482277, 0.019070549311975576]]",1317290562,10000,10000,1.0,10000,1.0,0.0024834127180602115,0.060232364222222966,0.05661202648567211,0.04019,0.06106999999999999,0.00114,0.0,0.19118000000000002,1e-05,2.9261389999999996,11.227925,0.0,0.0,0.0,0.0,0.0,0.0,simple_welch,Simple Welch,10000,1.0,True,0.9301,173.67720813982368,148.2819715889569,0.125,0.11866167283006009,0.13162632594794738,0.024999999999999994,0.125,0.125,True,0.0699,0.06506590342515883,0.07506441197329716,0.0199,0.0699,0.0699,True,0.0204,0.017807894923034105,0.02336043631411889,0.010400000000000001,0.0204,0.0204,False
fixed_2x5_d3,1,3,2,5,100,200,0.15,8.0,2.0,0.6915873906449009,0.966107714348698,1,0.150000000000017,0.1499999999999997,1.7319479184152442e-14,0.630472128299395,0.24339529869865315,0.18385483940608646,0.10003935670991537,0.16358950459546945,0.01655666403869454,0.002637765121832022,1.655666403869454,0.5275530243664044,0.0,0.0,0.1,0.0,False,moderate,Moderate,variant_2,10,10.0,20.0,2.0,0.5275530243664044,0.0,0.1,0.4,0.2,33.77288094699638,86.4043423377318,8.869877674768922,29.18764800640502,0.662271190530036,0.29342875250287853,0.5679782883113411,0.31159653727193654,"[[0.01655666403869454, 0.13302898898627924, 0.020457782179978602, 0.03969922551460922, 0.1279861487504022], [0.17537958342580098, 0.026708079252404635, 0.06824099456771061, 0.22649992953164347, 0.16544260375247632]]","[[0.04583135236688837, 0.15682479348915843, 0.002637765121832022, 0.08822489757990941, 0.13850290313087074], [0.11349428512157156, 0.1547717437827781, 0.14330047491019307, 0.13734123518482277, 0.019070549311975576]]",1317290562,10000,10000,1.0,10000,1.0,0.0024834127180602115,0.060232364222222966,0.05661202648567211,0.04019,0.06106999999999999,0.00114,0.0,0.19118000000000002,1e-05,2.9261389999999996,11.227925,0.0,0.0,0.0,0.0,0.0,0.0,expanded_welch,Expanded Welch,10000,1.0,True,0.935,72.76143358749874,30.743415212982708,0.1215,0.11524157521223531,0.12804911155436688,0.02149999999999999,0.1215,0.1215,True,0.065,0.06033326197917361,0.07000081660331503,0.015,0.065,0.065,True,0.0176,0.015201882893054925,0.020368598734973858,0.007600000000000001,0.0176,0.0176,False
stress_2x5_d4,1,4,2,5,190,190,0.1,2.0,2.0,0.5760910469504231,0.5519611266493754,1,0.09999999999998455,0.10000000000006293,-7.838174553853605e-14,0.9294501493951477,0.1827372698601313,0.16503425504581656,0.022180955381509992,0.04332202753408358,0.00829174631364714,0.01922604948995667,1.5754317995929568,3.6529494030917675,0.0,0.0,0.1,0.0,False,highly_sparse,Highly skewed and sparse,variant_1,10,19.0,19.0,1.0,1.5754317995929568,0.0,0.0,0.2,0.1,50.78560125660051,80.78922928240372,16.12686697892517,29.166547902409114,0.7327073618073658,0.36140646326659787,0.5747935300926119,0.2825421622063576,"[[0.05778955770775594, 0.14808480211696504, 0.07658650094385376, 0.13601877422069195, 0.31422772681809913], [0.09878188363616365, 0.10078069185570498, 0.00829174631364714, 0.01225957993861975, 0.04717873644849875]]","[[0.13428209736482813, 0.1046246656574964, 0.0655824288919828, 0.06610739503961997, 0.054609882953460705], [0.01922604948995667, 0.09960488286138804, 0.21695973331437476, 0.12479777724699177, 0.11420508717990072]]",4095152891,10000,10000,1.0,10000,1.0,0.0009456068365980037,0.044421929927906466,0.043233010119907295,0.03047,0.0025000000000000005,0.0,0.0,0.08200999999999999,8.999999999999999e-05,4.278970526315789,11.368096842105265,0.0,0.0,0.0,0.0,0.0,0.0,normal_wald,Normal Wald,10000,1.0,True,0.9418,,,0.1087,0.10274894765250892,0.11495156947238261,0.0087,0.1087,0.1087,True,0.0582,0.05377870375669845,0.06296059720363138,0.008199999999999999,0.0582,0.0582,True,0.0133,0.011234297618199402,0.015739486395817195,0.003299999999999999,0.0133,0.0133,True
stress_2x5_d4,1,4,2,5,190,190,0.1,2.0,2.0,0.5760910469504231,0.5519611266493754,1,0.09999999999998455,0.10000000000006293,-7.838174553853605e-14,0.9294501493951477,0.1827372698601313,0.16503425504581656,0.022180955381509992,0.04332202753408358,0.00829174631364714,0.01922604948995667,1.5754317995929568,3.6529494030917675,0.0,0.0,0.1,0.0,False,highly_sparse,Highly skewed and sparse,variant_1,10,19.0,19.0,1.0,1.5754317995929568,0.0,0.0,0.2,0.1,50.78560125660051,80.78922928240372,16.12686697892517,29.166547902409114,0.7327073618073658,0.36140646326659787,0.5747935300926119,0.2825421622063576,"[[0.05778955770775594, 0.14808480211696504, 0.07658650094385376, 0.13601877422069195, 0.31422772681809913], [0.09878188363616365, 0.10078069185570498, 0.00829174631364714, 0.01225957993861975, 0.04717873644849875]]","[[0.13428209736482813, 0.1046246656574964, 0.0655824288919828, 0.06610739503961997, 0.054609882953460705], [0.01922604948995667, 0.09960488286138804, 0.21695973331437476, 0.12479777724699177, 0.11420508717990072]]",4095152891,10000,10000,1.0,10000,1.0,0.0009456068365980037,0.044421929927906466,0.043233010119907295,0.03047,0.0025000000000000005,0.0,0.0,0.08200999999999999,8.999999999999999e-05,4.278970526315789,11.368096842105265,0.0,0.0,0.0,0.0,0.0,0.0,simple_welch,Simple Welch,10000,1.0,True,0.9427,373.3151744429523,340.83104141299026,0.108,0.10206648877464242,0.11423456594796805,0.007999999999999993,0.108,0.108,True,0.0573,0.05291244988627402,0.062027542271123025,0.007299999999999994,0.0573,0.0573,True,0.0121,0.010136711003799977,0.014437994606306244,0.0020999999999999994,0.0121,0.0121,True
stress_2x5_d4,1,4,2,5,190,190,0.1,2.0,2.0,0.5760910469504231,0.5519611266493754,1,0.09999999999998455,0.10000000000006293,-7.838174553853605e-14,0.9294501493951477,0.1827372698601313,0.16503425504581656,0.022180955381509992,0.04332202753408358,0.00829174631364714,0.01922604948995667,1.5754317995929568,3.6529494030917675,0.0,0.0,0.1,0.0,False,highly_sparse,Highly skewed and sparse,variant_1,10,19.0,19.0,1.0,1.5754317995929568,0.0,0.0,0.2,0.1,50.78560125660051,80.78922928240372,16.12686697892517,29.166547902409114,0.7327073618073658,0.36140646326659787,0.5747935300926119,0.2825421622063576,"[[0.05778955770775594, 0.14808480211696504, 0.07658650094385376, 0.13601877422069195, 0.31422772681809913], [0.09878188363616365, 0.10078069185570498, 0.00829174631364714, 0.01225957993861975, 0.04717873644849875]]","[[0.13428209736482813, 0.1046246656574964, 0.0655824288919828, 0.06610739503961997, 0.054609882953460705], [0.01922604948995667, 0.09960488286138804, 0.21695973331437476, 0.12479777724699177, 0.11420508717990072]]",4095152891,10000,10000,1.0,10000,1.0,0.0009456068365980037,0.044421929927906466,0.043233010119907295,0.03047,0.0025000000000000005,0.0,0.0,0.08200999999999999,8.999999999999999e-05,4.278970526315789,11.368096842105265,0.0,0.0,0.0,0.0,0.0,0.0,expanded_welch,Expanded Welch,10000,1.0,True,0.9464,70.57561605176402,40.75766213007423,0.1055,0.0996297950153268,0.11167317969913705,0.005499999999999991,0.1055,0.1055,True,0.0536,0.049354575868798316,0.05818825787654174,0.003599999999999999,0.0536,0.0536,True,0.0107,0.008863014753198816,0.012912766052345299,0.0006999999999999992,0.0107,0.0107,True
stress_2x5_d5,1,5,2,5,158,316,0.15,10.0,2.0,0.6408044547495038,0.8336544328399543,2,0.15000000000000036,0.15000000000000013,2.220446049250313e-16,0.6132616832322576,0.24040004678883764,0.20271157634632617,0.1288534259550136,0.199464682736324,0.022655734538838193,0.0051657449326313176,3.5796060571364343,1.6323753987114964,0.0,0.0,0.0,0.0,False,highly_sparse,Highly skewed and sparse,variant_2,10,15.8,31.6,2.0,1.6323753987114964,0.0,0.0,0.2,0.1,75.67084643952994,123.95307896017887,24.562883858065145,35.97097476709329,0.5210705921548738,0.2903752913837473,0.6077434210120921,0.31520184877105356,"[[0.11514422376604098, 0.14720327864378754, 0.11007772802485565, 0.07600432072805212, 0.030499856682389852], [0.078752369847198, 0.022655734538838193, 0.04538356221606302, 0.21437097065569516, 0.1599079548970795]]","[[0.07594487659374136, 0.2806438413757731, 0.13029102037144502, 0.0051657449326313176, 0.1156979377385013], [0.0717655136305477, 0.03455800739528047, 0.10126019484106309, 0.10866645369741072, 0.07600640942360581]]",3564677104,10000,10000,1.0,10000,1.0,0.0006902607484000953,0.04816342163218605,0.04655933065657698,0.00346,0.01905,0.0,0.0,0.00014000000000000001,0.0,10.199013924050632,13.962004746835444,0.0,0.0,0.0,0.0,0.0,0.0,normal_wald,Normal Wald,10000,1.0,True,0.9371,,,0.1151,0.10899217603704557,0.12150342590870129,0.015099999999999988,0.1151,0.1151,True,0.0629,0.058307339969230446,0.06782835140641504,0.012899999999999995,0.0629,0.0629,True,0.0142,0.012060574139796656,0.016712518677152722,0.004200000000000001,0.0142,0.0142,True
stress_2x5_d5,1,5,2,5,158,316,0.15,10.0,2.0,0.6408044547495038,0.8336544328399543,2,0.15000000000000036,0.15000000000000013,2.220446049250313e-16,0.6132616832322576,0.24040004678883764,0.20271157634632617,0.1288534259550136,0.199464682736324,0.022655734538838193,0.0051657449326313176,3.5796060571364343,1.6323753987114964,0.0,0.0,0.0,0.0,False,highly_sparse,Highly skewed and sparse,variant_2,10,15.8,31.6,2.0,1.6323753987114964,0.0,0.0,0.2,0.1,75.67084643952994,123.95307896017887,24.562883858065145,35.97097476709329,0.5210705921548738,0.2903752913837473,0.6077434210120921,0.31520184877105356,"[[0.11514422376604098, 0.14720327864378754, 0.11007772802485565, 0.07600432072805212, 0.030499856682389852], [0.078752369847198, 0.022655734538838193, 0.04538356221606302, 0.21437097065569516, 0.1599079548970795]]","[[0.07594487659374136, 0.2806438413757731, 0.13029102037144502, 0.0051657449326313176, 0.1156979377385013], [0.0717655136305477, 0.03455800739528047, 0.10126019484106309, 0.10866645369741072, 0.07600640942360581]]",3564677104,10000,10000,1.0,10000,1.0,0.0006902607484000953,0.04816342163218605,0.04655933065657698,0.00346,0.01905,0.0,0.0,0.00014000000000000001,0.0,10.199013924050632,13.962004746835444,0.0,0.0,0.0,0.0,0.0,0.0,simple_welch,Simple Welch,10000,1.0,True,0.938,288.28327411288,251.42903006369232,0.1139,0.1078210870929174,0.12027543644891908,0.013899999999999996,0.1139,0.1139,True,0.062,0.057439544804129716,0.06689683776858298,0.011999999999999997,0.062,0.062,True,0.0133,0.011234297618199402,0.015739486395817195,0.003299999999999999,0.0133,0.0133,True
stress_2x5_d5,1,5,2,5,158,316,0.15,10.0,2.0,0.6408044547495038,0.8336544328399543,2,0.15000000000000036,0.15000000000000013,2.220446049250313e-16,0.6132616832322576,0.24040004678883764,0.20271157634632617,0.1288534259550136,0.199464682736324,0.022655734538838193,0.0051657449326313176,3.5796060571364343,1.6323753987114964,0.0,0.0,0.0,0.0,False,highly_sparse,Highly skewed and sparse,variant_2,10,15.8,31.6,2.0,1.6323753987114964,0.0,0.0,0.2,0.1,75.67084643952994,123.95307896017887,24.562883858065145,35.97097476709329,0.5210705921548738,0.2903752913837473,0.6077434210120921,0.31520184877105356,"[[0.11514422376604098, 0.14720327864378754, 0.11007772802485565, 0.07600432072805212, 0.030499856682389852], [0.078752369847198, 0.022655734538838193, 0.04538356221606302, 0.21437097065569516, 0.1599079548970795]]","[[0.07594487659374136, 0.2806438413757731, 0.13029102037144502, 0.0051657449326313176, 0.1156979377385013], [0.0717655136305477, 0.03455800739528047, 0.10126019484106309, 0.10866645369741072, 0.07600640942360581]]",3564677104,10000,10000,1.0,10000,1.0,0.0006902607484000953,0.04816342163218605,0.04655933065657698,0.00346,0.01905,0.0,0.0,0.00014000000000000001,0.0,10.199013924050632,13.962004746835444,0.0,0.0,0.0,0.0,0.0,0.0,expanded_welch,Expanded Welch,10000,1.0,True,0.9396,111.44623945375574,60.96554035995374,0.1123,0.10625997753217721,0.11863777480444544,0.012299999999999991,0.1123,0.1123,True,0.0604,0.05589749864483998,0.06524011272265888,0.0104,0.0604,0.0604,True,0.0121,0.010136711003799977,0.014437994606306244,0.0020999999999999994,0.0121,0.0121,True
stress_2x5_d6,1,6,2,5,121,121,0.1,0.8,0.8,0.7052950440353095,0.5978610607020286,5,0.10000000000000009,0.09999999999999942,6.661338147750939e-16,1.2712002987992648,0.12915170802478637,0.1743848766684066,0.0673542120045365,0.11959187649486631,0.005204787379218913,0.0010692740881566337,0.6297792728854885,0.12938216466695268,0.0,0.2,0.1,0.4,False,ultra_sparse,Ultra-skewed and sparse,variant_1,10,12.1,12.1,1.0,0.12938216466695268,0.1,0.3,0.2,0.4,53.831858876274424,54.22586588885211,9.386325030261407,0.35605086646067907,0.5551086043283107,0.47751421347711087,0.5518523480260157,0.4631628517873661,"[[0.005204787379218913, 0.04550165782571638, 0.019566582004705815, 0.12200674133491249, 0.25261162712713586], [0.15177285734668403, 0.055525921850576275, 0.05800635212968599, 0.06490088665138942, 0.224902586349975]]","[[0.11618608105600546, 0.09182102519962308, 0.23731566387297134, 0.0010692740881566337, 0.0017556077572279114], [0.34697677073136063, 0.08749022439536767, 0.09138854268089151, 0.001873295056146499, 0.02412351516224935]]",3875519215,10000,10000,1.0,10000,1.0,0.004294258932666142,0.05178910445017371,0.05000892295635315,0.06287000000000001,0.25425,0.0005600000000000001,0.25016000000000005,0.1804,0.4004300000000001,3.7992438016528927,0.1429173553719008,0.0,0.0,0.0,0.14940000000000003,0.0,0.7201,normal_wald,Normal Wald,10000,1.0,True,0.9393,,,0.114,0.1079186694866081,0.12037777725555425,0.013999999999999999,0.114,0.114,True,0.0607,0.056186562824427175,0.06555081814404927,0.010699999999999994,0.0607,0.0607,True,0.0155,0.013258222525509157,0.018113871895676467,0.0055,0.0155,0.0155,False
stress_2x5_d6,1,6,2,5,121,121,0.1,0.8,0.8,0.7052950440353095,0.5978610607020286,5,0.10000000000000009,0.09999999999999942,6.661338147750939e-16,1.2712002987992648,0.12915170802478637,0.1743848766684066,0.0673542120045365,0.11959187649486631,0.005204787379218913,0.0010692740881566337,0.6297792728854885,0.12938216466695268,0.0,0.2,0.1,0.4,False,ultra_sparse,Ultra-skewed and sparse,variant_1,10,12.1,12.1,1.0,0.12938216466695268,0.1,0.3,0.2,0.4,53.831858876274424,54.22586588885211,9.386325030261407,0.35605086646067907,0.5551086043283107,0.47751421347711087,0.5518523480260157,0.4631628517873661,"[[0.005204787379218913, 0.04550165782571638, 0.019566582004705815, 0.12200674133491249, 0.25261162712713586], [0.15177285734668403, 0.055525921850576275, 0.05800635212968599, 0.06490088665138942, 0.224902586349975]]","[[0.11618608105600546, 0.09182102519962308, 0.23731566387297134, 0.0010692740881566337, 0.0017556077572279114], [0.34697677073136063, 0.08749022439536767, 0.09138854268089151, 0.001873295056146499, 0.02412351516224935]]",3875519215,10000,10000,1.0,10000,1.0,0.004294258932666142,0.05178910445017371,0.05000892295635315,0.06287000000000001,0.25425,0.0005600000000000001,0.25016000000000005,0.1804,0.4004300000000001,3.7992438016528927,0.1429173553719008,0.0,0.0,0.0,0.14940000000000003,0.0,0.7201,simple_welch,Simple Welch,10000,1.0,True,0.9411,230.53547452176764,193.1636020761113,0.1119,0.10586976203498188,0.11822829750033731,0.011899999999999994,0.1119,0.1119,True,0.0589,0.05445267038436707,0.06368609297824382,0.008899999999999998,0.0589,0.0589,True,0.0151,0.01288922549293397,0.017683176126948193,0.0051,0.0151,0.0151,False
stress_2x5_d6,1,6,2,5,121,121,0.1,0.8,0.8,0.7052950440353095,0.5978610607020286,5,0.10000000000000009,0.09999999999999942,6.661338147750939e-16,1.2712002987992648,0.12915170802478637,0.1743848766684066,0.0673542120045365,0.11959187649486631,0.005204787379218913,0.0010692740881566337,0.6297792728854885,0.12938216466695268,0.0,0.2,0.1,0.4,False,ultra_sparse,Ultra-skewed and sparse,variant_1,10,12.1,12.1,1.0,0.12938216466695268,0.1,0.3,0.2,0.4,53.831858876274424,54.22586588885211,9.386325030261407,0.35605086646067907,0.5551086043283107,0.47751421347711087,0.5518523480260157,0.4631628517873661,"[[0.005204787379218913, 0.04550165782571638, 0.019566582004705815, 0.12200674133491249, 0.25261162712713586], [0.15177285734668403, 0.055525921850576275, 0.05800635212968599, 0.06490088665138942, 0.224902586349975]]","[[0.11618608105600546, 0.09182102519962308, 0.23731566387297134, 0.0010692740881566337, 0.0017556077572279114], [0.34697677073136063, 0.08749022439536767, 0.09138854268089151, 0.001873295056146499, 0.02412351516224935]]",3875519215,10000,10000,1.0,10000,1.0,0.004294258932666142,0.05178910445017371,0.05000892295635315,0.06287000000000001,0.25425,0.0005600000000000001,0.25016000000000005,0.1804,0.4004300000000001,3.7992438016528927,0.1429173553719008,0.0,0.0,0.0,0.14940000000000003,0.0,0.7201,expanded_welch,Expanded Welch,10000,1.0,True,0.9465,40.909877752629754,22.87615934576295,0.105,0.09914258179426233,0.11116077691857218,0.0049999999999999906,0.105,0.105,True,0.0535,0.04925849590206199,0.0580844146429522,0.003499999999999996,0.0535,0.0535,True,0.011,0.009135269953194405,0.013240280453327305,0.0009999999999999992,0.011,0.011,True
stress_2x5_d7,1,7,2,5,69,690,0.15,10.0,0.8,0.7104250547156995,0.8079579859014765,6,0.14999999999999947,0.1499999999999997,-2.220446049250313e-16,1.07686404874498,0.23184480129699975,0.21090525341188138,0.10108382636802205,0.16499802327710483,0.011178913582634177,0.000916325602179474,0.7713450372017583,0.6322646655038371,0.0,0.0,0.4,0.0,False,ultra_sparse,Ultra-skewed and sparse,variant_2,10,6.9,69.0,10.0,0.6322646655038371,0.1,0.1,0.3,0.1,31.59125806459329,238.20451899995868,8.20056304487701,25.17425891709124,0.5421556802232856,0.288011356524226,0.6547760594203498,0.3864747407957698,"[[0.20919525682360143, 0.011178913582634177, 0.1847396414077643, 0.09640446986589614, 0.040637398543389505], [0.07881609970062456, 0.1121268119924656, 0.030507075074921026, 0.15818299177126643, 0.07821134123743673]]","[[0.018462407133202324, 0.18065473832628298, 0.0078777031265666, 0.1373127663914189, 0.000916325602179474], [0.3126182472513873, 0.20582000246948687, 0.031059640150455557, 0.06971006193802379, 0.035568107610996234]]",2786888119,10000,10000,1.0,10000,1.0,0.003086931283788575,0.06454152211155766,0.05845815067527191,0.06452999999999999,0.05322999999999999,0.0016400000000000002,0.0,0.31809,0.00165,2.9612420289855073,7.956749420289854,0.0,0.0,6.000000000000001e-05,0.0,0.0003,0.0,normal_wald,Normal Wald,10000,1.0,True,0.9106,,,0.1474,0.14058725764493432,0.15448353800606682,0.0474,0.1474,0.1474,True,0.0894,0.08396434684878565,0.09515099261321394,0.03939999999999999,0.0894,0.0894,False,0.0307,0.027495050002468435,0.034265370868248615,0.020700000000000003,0.0307,0.0307,False
stress_2x5_d7,1,7,2,5,69,690,0.15,10.0,0.8,0.7104250547156995,0.8079579859014765,6,0.14999999999999947,0.1499999999999997,-2.220446049250313e-16,1.07686404874498,0.23184480129699975,0.21090525341188138,0.10108382636802205,0.16499802327710483,0.011178913582634177,0.000916325602179474,0.7713450372017583,0.6322646655038371,0.0,0.0,0.4,0.0,False,ultra_sparse,Ultra-skewed and sparse,variant_2,10,6.9,69.0,10.0,0.6322646655038371,0.1,0.1,0.3,0.1,31.59125806459329,238.20451899995868,8.20056304487701,25.17425891709124,0.5421556802232856,0.288011356524226,0.6547760594203498,0.3864747407957698,"[[0.20919525682360143, 0.011178913582634177, 0.1847396414077643, 0.09640446986589614, 0.040637398543389505], [0.07881609970062456, 0.1121268119924656, 0.030507075074921026, 0.15818299177126643, 0.07821134123743673]]","[[0.018462407133202324, 0.18065473832628298, 0.0078777031265666, 0.1373127663914189, 0.000916325602179474], [0.3126182472513873, 0.20582000246948687, 0.031059640150455557, 0.06971006193802379, 0.035568107610996234]]",2786888119,10000,10000,1.0,10000,1.0,0.003086931283788575,0.06454152211155766,0.05845815067527191,0.06452999999999999,0.05322999999999999,0.0016400000000000002,0.0,0.31809,0.00165,2.9612420289855073,7.956749420289854,0.0,0.0,6.000000000000001e-05,0.0,0.0003,0.0,simple_welch,Simple Welch,10000,1.0,True,0.9151,81.6096259261611,77.00316352231137,0.1435,0.13676556977562518,0.15050822106266723,0.04349999999999998,0.1435,0.1435,True,0.0849,0.07959505831172307,0.09052373713561261,0.0349,0.0849,0.0849,False,0.0281,0.02503775667284723,0.03152466098939734,0.018099999999999998,0.0281,0.0281,False
stress_2x5_d7,1,7,2,5,69,690,0.15,10.0,0.8,0.7104250547156995,0.8079579859014765,6,0.14999999999999947,0.1499999999999997,-2.220446049250313e-16,1.07686404874498,0.23184480129699975,0.21090525341188138,0.10108382636802205,0.16499802327710483,0.011178913582634177,0.000916325602179474,0.7713450372017583,0.6322646655038371,0.0,0.0,0.4,0.0,False,ultra_sparse,Ultra-skewed and sparse,variant_2,10,6.9,69.0,10.0,0.6322646655038371,0.1,0.1,0.3,0.1,31.59125806459329,238.20451899995868,8.20056304487701,25.17425891709124,0.5421556802232856,0.288011356524226,0.6547760594203498,0.3864747407957698,"[[0.20919525682360143, 0.011178913582634177, 0.1847396414077643, 0.09640446986589614, 0.040637398543389505], [0.07881609970062456, 0.1121268119924656, 0.030507075074921026, 0.15818299177126643, 0.07821134123743673]]","[[0.018462407133202324, 0.18065473832628298, 0.0078777031265666, 0.1373127663914189, 0.000916325602179474], [0.3126182472513873, 0.20582000246948687, 0.031059640150455557, 0.06971006193802379, 0.035568107610996234]]",2786888119,10000,10000,1.0,10000,1.0,0.003086931283788575,0.06454152211155766,0.05845815067527191,0.06452999999999999,0.05322999999999999,0.0016400000000000002,0.0,0.31809,0.00165,2.9612420289855073,7.956749420289854,0.0,0.0,6.000000000000001e-05,0.0,0.0003,0.0,expanded_welch,Expanded Welch,10000,1.0,True,0.9289,32.31289005573561,12.07546268393756,0.1332,0.1266808633190313,0.1400008378856971,0.03320000000000001,0.1332,0.1332,True,0.0711,0.06622602477244359,0.07630336902992278,0.021099999999999994,0.0711,0.0711,True,0.016,0.01372004651900256,0.01865166390381239,0.006,0.016,0.016,False
adversarial_2x5_d8,1,8,2,5,50,50,0.1,0.35,0.35,2.0199988017833115,0.7453117644716727,1,0.09999999999997944,0.09999999999999987,-2.042810365310288e-14,1.3035637939737517,0.17346985317570324,0.14979171472015906,0.06371866176100771,0.1130767846324881,6.653837992259074e-08,0.0007621813324269518,3.3269189961295373e-06,0.03810906662134759,0.4,0.1,0.7,0.7,False,widespread_sparse,Widespread sparsity,variant_1,10,5.0,5.0,1.0,3.3269189961295373e-06,0.5,0.3,0.6,0.6,13.453733592500491,15.553685510666915,0.012193704425795104,2.4471364578388592,0.7309253281499901,0.5848892372033064,0.6889262897866619,0.5165373015022672,"[[6.653837992259074e-08, 0.48513377719387396, 0.12620309415369926, 0.119518570682882, 6.981958115499165e-05], [0.00024380755013597946, 0.0997554600094325, 0.16484348285723957, 0.0034621241070594156, 0.0007697973261423719]]","[[0.039993718309463154, 0.077786957394858, 0.20049469618590363, 0.11084765248156732, 0.2598032654148698], [0.008949010847314033, 0.0007621813324269518, 0.028072602547700172, 0.016555879398499816, 0.2567340360873973]]",4287286767,10000,10000,1.0,10000,1.0,-0.018909713509678596,0.08149924089117094,0.075965595742062,0.47989000000000004,0.24101,0.4183300000000001,0.15783000000000003,0.6436199999999999,0.66658,6.6e-05,0.614302,0.0,0.0,0.39044000000000006,0.019500000000000003,0.9997,0.0959,normal_wald,Normal Wald,10000,1.0,True,0.9194,,,0.1384,0.1317705944296222,0.14530711319205114,0.03839999999999999,0.1384,0.1384,True,0.0806,0.07542423209623754,0.08609786573708599,0.030600000000000002,0.0806,0.0806,False,0.0226,0.019865129825443677,0.025701511818878333,0.012599999999999998,0.0226,0.0226,False
adversarial_2x5_d8,1,8,2,5,50,50,0.1,0.35,0.35,2.0199988017833115,0.7453117644716727,1,0.09999999999997944,0.09999999999999987,-2.042810365310288e-14,1.3035637939737517,0.17346985317570324,0.14979171472015906,0.06371866176100771,0.1130767846324881,6.653837992259074e-08,0.0007621813324269518,3.3269189961295373e-06,0.03810906662134759,0.4,0.1,0.7,0.7,False,widespread_sparse,Widespread sparsity,variant_1,10,5.0,5.0,1.0,3.3269189961295373e-06,0.5,0.3,0.6,0.6,13.453733592500491,15.553685510666915,0.012193704425795104,2.4471364578388592,0.7309253281499901,0.5848892372033064,0.6889262897866619,0.5165373015022672,"[[6.653837992259074e-08, 0.48513377719387396, 0.12620309415369926, 0.119518570682882, 6.981958115499165e-05], [0.00024380755013597946, 0.0997554600094325, 0.16484348285723957, 0.0034621241070594156, 0.0007697973261423719]]","[[0.039993718309463154, 0.077786957394858, 0.20049469618590363, 0.11084765248156732, 0.2598032654148698], [0.008949010847314033, 0.0007621813324269518, 0.028072602547700172, 0.016555879398499816, 0.2567340360873973]]",4287286767,10000,10000,1.0,10000,1.0,-0.018909713509678596,0.08149924089117094,0.075965595742062,0.47989000000000004,0.24101,0.4183300000000001,0.15783000000000003,0.6436199999999999,0.66658,6.6e-05,0.614302,0.0,0.0,0.39044000000000006,0.019500000000000003,0.9997,0.0959,simple_welch,Simple Welch,10000,1.0,True,0.9242,91.60260381731251,66.54021742656444,0.1338,0.12726797093584832,0.14061326947083522,0.0338,0.1338,0.1338,True,0.0758,0.07077374054640673,0.08115204367127532,0.025800000000000003,0.0758,0.0758,False,0.0192,0.01668920465531217,0.02208004817793044,0.009199999999999998,0.0192,0.0192,False
adversarial_2x5_d8,1,8,2,5,50,50,0.1,0.35,0.35,2.0199988017833115,0.7453117644716727,1,0.09999999999997944,0.09999999999999987,-2.042810365310288e-14,1.3035637939737517,0.17346985317570324,0.14979171472015906,0.06371866176100771,0.1130767846324881,6.653837992259074e-08,0.0007621813324269518,3.3269189961295373e-06,0.03810906662134759,0.4,0.1,0.7,0.7,False,widespread_sparse,Widespread sparsity,variant_1,10,5.0,5.0,1.0,3.3269189961295373e-06,0.5,0.3,0.6,0.6,13.453733592500491,15.553685510666915,0.012193704425795104,2.4471364578388592,0.7309253281499901,0.5848892372033064,0.6889262897866619,0.5165373015022672,"[[6.653837992259074e-08, 0.48513377719387396, 0.12620309415369926, 0.119518570682882, 6.981958115499165e-05], [0.00024380755013597946, 0.0997554600094325, 0.16484348285723957, 0.0034621241070594156, 0.0007697973261423719]]","[[0.039993718309463154, 0.077786957394858, 0.20049469618590363, 0.11084765248156732, 0.2598032654148698], [0.008949010847314033, 0.0007621813324269518, 0.028072602547700172, 0.016555879398499816, 0.2567340360873973]]",4287286767,10000,10000,1.0,10000,1.0,-0.018909713509678596,0.08149924089117094,0.075965595742062,0.47989000000000004,0.24101,0.4183300000000001,0.15783000000000003,0.6436199999999999,0.66658,6.6e-05,0.614302,0.0,0.0,0.39044000000000006,0.019500000000000003,0.9997,0.0959,expanded_welch,Expanded Welch,10000,1.0,True,0.9431,14.31307995624277,5.700956984833715,0.115,0.10889457697171259,0.12140110177370839,0.015,0.115,0.115,True,0.0569,0.0525275489648483,0.06161275039124529,0.006899999999999996,0.0569,0.0569,True,0.0115,0.009589873754053872,0.013785292654097161,0.0014999999999999996,0.0115,0.0115,True
adversarial_2x5_d9,1,9,2,5,50,100,0.15,1.0,0.35,3.1060401316613926,0.7635867745624513,2,0.14999999999999902,0.1499999999999534,4.5630166312093934e-14,1.4448062769235677,0.1835926473872635,0.24893406776089788,0.1846249970056828,0.29137046887034523,2.1855642350552452e-08,0.00010756130528866481,1.0927821175276225e-06,0.010756130528866481,0.3,0.4,0.8,0.4,False,widespread_sparse,Widespread sparsity,variant_2,10,5.0,10.0,2.0,1.0927821175276225e-06,0.4,0.3,0.7,0.5,5.347708320865275,47.36197558357505,1.86806040395148,0.19915437451555235,0.8930458335826943,0.5595732300499374,0.5263802441642494,0.5657203981903616,"[[0.09129697644086085, 0.042651574308947386, 0.5595732081942951, 0.16216296386858714, 0.03736111077000387], [1.4719908690862545e-05, 0.003504819089994058, 2.1855642350552452e-08, 0.10343450825395249, 9.730902573036827e-08]]","[[0.18851930734889052, 0.0018839824398668586, 0.13126198486391905, 0.015006618467931084, 0.13694786271514295], [0.05206634408701432, 0.00010756130528866481, 0.04477001511974125, 0.0006637881769866316, 0.4287725354752186]]",2851230002,10000,10000,1.0,9965,0.9965,-0.026488105684068796,0.08111995678695066,0.07809177793992558,0.41186000000000006,0.29807999999999996,0.41018999999999994,0.32733999999999996,0.7626000000000001,0.4060000000000001,0.125472,0.069576,0.0019,0.0,0.05124000000000001,0.20410000000000003,0.2425,0.8574,normal_wald,Normal Wald,10000,1.0,True,0.9185,,,0.1368,0.1302041737958663,0.1436747626205932,0.0368,0.1368,0.1337681886603111,True,0.0815,0.07629683534911798,0.08702457128713832,0.0315,0.0815,0.07827395885599599,False,0.0297,0.026549131566489234,0.03321205730096917,0.019700000000000002,0.0297,0.026292022077270445,False
adversarial_2x5_d9,1,9,2,5,50,100,0.15,1.0,0.35,3.1060401316613926,0.7635867745624513,2,0.14999999999999902,0.1499999999999534,4.5630166312093934e-14,1.4448062769235677,0.1835926473872635,0.24893406776089788,0.1846249970056828,0.29137046887034523,2.1855642350552452e-08,0.00010756130528866481,1.0927821175276225e-06,0.010756130528866481,0.3,0.4,0.8,0.4,False,widespread_sparse,Widespread sparsity,variant_2,10,5.0,10.0,2.0,1.0927821175276225e-06,0.4,0.3,0.7,0.5,5.347708320865275,47.36197558357505,1.86806040395148,0.19915437451555235,0.8930458335826943,0.5595732300499374,0.5263802441642494,0.5657203981903616,"[[0.09129697644086085, 0.042651574308947386, 0.5595732081942951, 0.16216296386858714, 0.03736111077000387], [1.4719908690862545e-05, 0.003504819089994058, 2.1855642350552452e-08, 0.10343450825395249, 9.730902573036827e-08]]","[[0.18851930734889052, 0.0018839824398668586, 0.13126198486391905, 0.015006618467931084, 0.13694786271514295], [0.05206634408701432, 0.00010756130528866481, 0.04477001511974125, 0.0006637881769866316, 0.4287725354752186]]",2851230002,10000,10000,1.0,9965,0.9965,-0.026488105684068796,0.08111995678695066,0.07809177793992558,0.41186000000000006,0.29807999999999996,0.41018999999999994,0.32733999999999996,0.7626000000000001,0.4060000000000001,0.125472,0.069576,0.0019,0.0,0.05124000000000001,0.20410000000000003,0.2425,0.8574,simple_welch,Simple Welch,10000,1.0,True,0.9205,111.87389655304918,81.1749545661493,0.1331,0.12658301640861294,0.13989876159578954,0.03309999999999999,0.1331,0.1300551931761164,True,0.0795,0.0743579839949972,0.08496495863474181,0.0295,0.0795,0.07626693426994481,False,0.0283,0.025226531864319626,0.03173573219857667,0.018299999999999997,0.0283,0.02488710486703462,False
adversarial_2x5_d9,1,9,2,5,50,100,0.15,1.0,0.35,3.1060401316613926,0.7635867745624513,2,0.14999999999999902,0.1499999999999534,4.5630166312093934e-14,1.4448062769235677,0.1835926473872635,0.24893406776089788,0.1846249970056828,0.29137046887034523,2.1855642350552452e-08,0.00010756130528866481,1.0927821175276225e-06,0.010756130528866481,0.3,0.4,0.8,0.4,False,widespread_sparse,Widespread sparsity,variant_2,10,5.0,10.0,2.0,1.0927821175276225e-06,0.4,0.3,0.7,0.5,5.347708320865275,47.36197558357505,1.86806040395148,0.19915437451555235,0.8930458335826943,0.5595732300499374,0.5263802441642494,0.5657203981903616,"[[0.09129697644086085, 0.042651574308947386, 0.5595732081942951, 0.16216296386858714, 0.03736111077000387], [1.4719908690862545e-05, 0.003504819089994058, 2.1855642350552452e-08, 0.10343450825395249, 9.730902573036827e-08]]","[[0.18851930734889052, 0.0018839824398668586, 0.13126198486391905, 0.015006618467931084, 0.13694786271514295], [0.05206634408701432, 0.00010756130528866481, 0.04477001511974125, 0.0006637881769866316, 0.4287725354752186]]",2851230002,10000,10000,1.0,9965,0.9965,-0.026488105684068796,0.08111995678695066,0.07809177793992558,0.41186000000000006,0.29807999999999996,0.41018999999999994,0.32733999999999996,0.7626000000000001,0.4060000000000001,0.125472,0.069576,0.0019,0.0,0.05124000000000001,0.20410000000000003,0.2425,0.8574,expanded_welch,Expanded Welch,9965,0.9965,True,0.9333667837431009,34.713943122756696,16.177264258046453,0.12112393376818865,0.11486348363889705,0.12767638107941728,0.02112393376818865,0.1207,0.12112393376818865,True,0.06663321625689915,0.06190186235682646,0.0716985629606256,0.016633216256899147,0.0664,0.06663321625689915,True,0.01926743602609132,0.01674789196292276,0.022157477374405977,0.009267436026091319,0.0192,0.01926743602609132,False
strong_null_3x3_d-2,2,-2,3,3,200,200,0.1,50.0,50.0,0.5171477028386519,0.5171477028386519,1,0.09999999999999631,0.09999999999999631,0.0,0.0,0.16990960668504523,0.16990960668504523,0.09999999999999631,0.16990960668504523,0.03155849384347145,0.03155849384347145,6.31169876869429,6.31169876869429,0.0,0.0,0.0,0.0,False,strong_null,Strong null (P = Q),variant_1,9,22.22222222222222,22.22222222222222,1.0,6.31169876869429,0.0,0.0,0.0,0.0,58.97841707307671,58.97841707307671,61.52794865712987,61.52794865712987,0.37911676298638675,0.3577261534153203,0.37911676298638675,0.3577261534153203,"[[0.12065393051830427, 0.03155849384347145, 0.17377872728645385], [0.16325802243217577, 0.14497215259381294, 0.07088658796039801], [0.07381420046484027, 0.15810345686174576, 0.06297442803879752]]","[[0.12065393051830427, 0.03155849384347145, 0.17377872728645385], [0.16325802243217577, 0.14497215259381294, 0.07088658796039801], [0.07381420046484027, 0.15810345686174576, 0.06297442803879752]]",1014955703,10000,10000,1.0,10000,1.0,-0.00025695205677079793,0.04250310114076665,0.042347669399664827,0.00024444444444444443,0.0002111111111111111,0.0,0.0,0.0,0.0,16.6405915,16.662291500000002,0.0,0.0,0.0,0.0,0.0,0.0,normal_wald,Normal Wald,10000,1.0,True,0.9497,,,0.0974,0.09174233128564133,0.10336686420242747,0.002600000000000005,0.0974,0.0974,True,0.0503,0.046186265119679236,0.054759103014907294,0.0002999999999999947,0.0503,0.0503,True,0.0101,0.008319720104246149,0.012256521499342778,9.99999999999994e-05,0.0101,0.0101,True
strong_null_3x3_d-2,2,-2,3,3,200,200,0.1,50.0,50.0,0.5171477028386519,0.5171477028386519,1,0.09999999999999631,0.09999999999999631,0.0,0.0,0.16990960668504523,0.16990960668504523,0.09999999999999631,0.16990960668504523,0.03155849384347145,0.03155849384347145,6.31169876869429,6.31169876869429,0.0,0.0,0.0,0.0,False,strong_null,Strong null (P = Q),variant_1,9,22.22222222222222,22.22222222222222,1.0,6.31169876869429,0.0,0.0,0.0,0.0,58.97841707307671,58.97841707307671,61.52794865712987,61.52794865712987,0.37911676298638675,0.3577261534153203,0.37911676298638675,0.3577261534153203,"[[0.12065393051830427, 0.03155849384347145, 0.17377872728645385], [0.16325802243217577, 0.14497215259381294, 0.07088658796039801], [0.07381420046484027, 0.15810345686174576, 0.06297442803879752]]","[[0.12065393051830427, 0.03155849384347145, 0.17377872728645385], [0.16325802243217577, 0.14497215259381294, 0.07088658796039801], [0.07381420046484027, 0.15810345686174576, 0.06297442803879752]]",1014955703,10000,10000,1.0,10000,1.0,-0.00025695205677079793,0.04250310114076665,0.042347669399664827,0.00024444444444444443,0.0002111111111111111,0.0,0.0,0.0,0.0,16.6405915,16.662291500000002,0.0,0.0,0.0,0.0,0.0,0.0,simple_welch,Simple Welch,10000,1.0,True,0.951,393.0128116002607,359.9496474686559,0.0969,0.09125584095556179,0.10285373853087766,0.0031000000000000055,0.0969,0.0969,True,0.049,0.044939516707863926,0.053406849822486356,0.0010000000000000009,0.049,0.049,True,0.0098,0.008048716055211168,0.011927755947400165,0.00020000000000000052,0.0098,0.0098,True
strong_null_3x3_d-2,2,-2,3,3,200,200,0.1,50.0,50.0,0.5171477028386519,0.5171477028386519,1,0.09999999999999631,0.09999999999999631,0.0,0.0,0.16990960668504523,0.16990960668504523,0.09999999999999631,0.16990960668504523,0.03155849384347145,0.03155849384347145,6.31169876869429,6.31169876869429,0.0,0.0,0.0,0.0,False,strong_null,Strong null (P = Q),variant_1,9,22.22222222222222,22.22222222222222,1.0,6.31169876869429,0.0,0.0,0.0,0.0,58.97841707307671,58.97841707307671,61.52794865712987,61.52794865712987,0.37911676298638675,0.3577261534153203,0.37911676298638675,0.3577261534153203,"[[0.12065393051830427, 0.03155849384347145, 0.17377872728645385], [0.16325802243217577, 0.14497215259381294, 0.07088658796039801], [0.07381420046484027, 0.15810345686174576, 0.06297442803879752]]","[[0.12065393051830427, 0.03155849384347145, 0.17377872728645385], [0.16325802243217577, 0.14497215259381294, 0.07088658796039801], [0.07381420046484027, 0.15810345686174576, 0.06297442803879752]]",1014955703,10000,10000,1.0,10000,1.0,-0.00025695205677079793,0.04250310114076665,0.042347669399664827,0.00024444444444444443,0.0002111111111111111,0.0,0.0,0.0,0.0,16.6405915,16.662291500000002,0.0,0.0,0.0,0.0,0.0,0.0,expanded_welch,Expanded Welch,10000,1.0,True,0.9538,70.11338491450152,42.994437652190825,0.0938,0.08824066821768084,0.09967129205865682,0.006200000000000011,0.0938,0.0938,True,0.0462,0.0422570422586087,0.05049147466261737,0.0038000000000000048,0.0462,0.0462,True,0.008,0.0064330500511970085,0.00994480434554876,0.002,0.008,0.008,True
strong_null_3x3_d-1,2,-1,3,3,100,200,0.15,8.0,8.0,0.6088062267508461,0.6088062267508461,1,0.1500000000000008,0.1500000000000008,0.0,0.0,0.24906261793043938,0.24906261793043938,0.1500000000000008,0.2490626179304394,0.03194429295772085,0.03194429295772085,3.1944292957720855,6.388858591544171,0.0,0.0,0.0,0.0,False,strong_null,Strong null (P = Q),variant_2,9,11.11111111111111,22.22222222222222,2.0,3.1944292957720855,0.0,0.0,0.2222222222222222,0.0,25.510208644053993,51.020417288107986,26.71121087802812,53.42242175605624,0.3943825528656402,0.3862697331364516,0.3943825528656402,0.3862697331364516,"[[0.1626389504561337, 0.13085402381904224, 0.05702238641864391], [0.1050737719887566, 0.03194429295772085, 0.2573644879191628], [0.11855701069156126, 0.1043137920035181, 0.03223128374546057]]","[[0.1626389504561337, 0.13085402381904224, 0.05702238641864391], [0.1050737719887566, 0.03194429295772085, 0.2573644879191628], [0.11855701069156126, 0.1043137920035181, 0.03223128374546057]]",1303512339,10000,10000,1.0,10000,1.0,0.0006386823560573198,0.06364742561075894,0.061745175237683074,0.009222222222222224,0.0003555555555555556,0.0,0.0,0.017555555555555553,0.0,6.515574,13.502937,0.0,0.0,0.0,0.0,0.0,0.0,normal_wald,Normal Wald,10000,1.0,True,0.9396,,,0.1119,0.10586976203498188,0.11822829750033731,0.011899999999999994,0.1119,0.1119,True,0.0604,0.05589749864483998,0.06524011272265888,0.0104,0.0604,0.0604,True,0.0162,0.013904949781854473,0.018866607041612204,0.006199999999999999,0.0162,0.0162,False
strong_null_3x3_d-1,2,-1,3,3,100,200,0.15,8.0,8.0,0.6088062267508461,0.6088062267508461,1,0.1500000000000008,0.1500000000000008,0.0,0.0,0.24906261793043938,0.24906261793043938,0.1500000000000008,0.2490626179304394,0.03194429295772085,0.03194429295772085,3.1944292957720855,6.388858591544171,0.0,0.0,0.0,0.0,False,strong_null,Strong null (P = Q),variant_2,9,11.11111111111111,22.22222222222222,2.0,3.1944292957720855,0.0,0.0,0.2222222222222222,0.0,25.510208644053993,51.020417288107986,26.71121087802812,53.42242175605624,0.3943825528656402,0.3862697331364516,0.3943825528656402,0.3862697331364516,"[[0.1626389504561337, 0.13085402381904224, 0.05702238641864391], [0.1050737719887566, 0.03194429295772085, 0.2573644879191628], [0.11855701069156126, 0.1043137920035181, 0.03223128374546057]]","[[0.1626389504561337, 0.13085402381904224, 0.05702238641864391], [0.1050737719887566, 0.03194429295772085, 0.2573644879191628], [0.11855701069156126, 0.1043137920035181, 0.03223128374546057]]",1303512339,10000,10000,1.0,10000,1.0,0.0006386823560573198,0.06364742561075894,0.061745175237683074,0.009222222222222224,0.0003555555555555556,0.0,0.0,0.017555555555555553,0.0,6.515574,13.502937,0.0,0.0,0.0,0.0,0.0,0.0,simple_welch,Simple Welch,10000,1.0,True,0.942,197.6262748370801,162.48835790212848,0.1103,0.10430915111284116,0.1165901372172642,0.01029999999999999,0.1103,0.1103,True,0.058,0.05358617600055701,0.06275327855912109,0.008,0.058,0.058,True,0.0156,0.013350536779147538,0.01822148084236395,0.005599999999999999,0.0156,0.0156,False
strong_null_3x3_d-1,2,-1,3,3,100,200,0.15,8.0,8.0,0.6088062267508461,0.6088062267508461,1,0.1500000000000008,0.1500000000000008,0.0,0.0,0.24906261793043938,0.24906261793043938,0.1500000000000008,0.2490626179304394,0.03194429295772085,0.03194429295772085,3.1944292957720855,6.388858591544171,0.0,0.0,0.0,0.0,False,strong_null,Strong null (P = Q),variant_2,9,11.11111111111111,22.22222222222222,2.0,3.1944292957720855,0.0,0.0,0.2222222222222222,0.0,25.510208644053993,51.020417288107986,26.71121087802812,53.42242175605624,0.3943825528656402,0.3862697331364516,0.3943825528656402,0.3862697331364516,"[[0.1626389504561337, 0.13085402381904224, 0.05702238641864391], [0.1050737719887566, 0.03194429295772085, 0.2573644879191628], [0.11855701069156126, 0.1043137920035181, 0.03223128374546057]]","[[0.1626389504561337, 0.13085402381904224, 0.05702238641864391], [0.1050737719887566, 0.03194429295772085, 0.2573644879191628], [0.11855701069156126, 0.1043137920035181, 0.03223128374546057]]",1303512339,10000,10000,1.0,10000,1.0,0.0006386823560573198,0.06364742561075894,0.061745175237683074,0.009222222222222224,0.0003555555555555556,0.0,0.0,0.017555555555555553,0.0,6.515574,13.502937,0.0,0.0,0.0,0.0,0.0,0.0,expanded_welch,Expanded Welch,10000,1.0,True,0.9451,65.82101244608656,34.3679603409264,0.1078,0.10187151522049265,0.11402969310146607,0.007800000000000001,0.1078,0.1078,True,0.0549,0.05060400056424119,0.0595378347853351,0.004899999999999995,0.0549,0.0549,True,0.0131,0.011051026492993674,0.015522911120371194,0.0031000000000000003,0.0131,0.0131,True
fixed_3x3_d0,2,0,3,3,200,200,0.1,50.0,50.0,0.44442746954332335,0.507990824433372,1,0.09999999999997189,0.09999999999999054,-1.865174681370263e-14,0.6394639905799173,0.18861871133048155,0.17145519116405328,0.042340880704923256,0.07647154722891485,0.04541797091594001,0.030557209114501608,9.083594183188003,6.111441822900321,0.0,0.0,0.0,0.0,False,well_sampled,Well sampled,variant_1,9,22.22222222222222,22.22222222222222,1.0,6.111441822900321,0.0,0.0,0.0,0.0,59.94249837602668,54.71008888050377,45.70259996864669,52.759664792143354,0.3597156000902491,0.45585773366639915,0.39778715958578204,0.37135941461936584,"[[0.05950386500304133, 0.12447064050427038, 0.1757410945829374], [0.11904639023649116, 0.08619590065215221, 0.09447020099149003], [0.049962744603700954, 0.2451911925099766, 0.04541797091594001]]","[[0.05543687066250929, 0.21026725353599215, 0.06295827181319769], [0.09297629733500776, 0.030557209114501608, 0.15001693795300952], [0.1153851559631997, 0.12401779876942372, 0.15838420485315863]]",3155669485,10000,10000,1.0,10000,1.0,-0.0004225597679308116,0.043796527292005664,0.04354086647358634,0.0,0.0002111111111111111,0.0,0.0,0.0,0.0,13.175878499999998,14.167419999999998,0.0,0.0,0.0,0.0,0.0,0.0,normal_wald,Normal Wald,10000,1.0,True,0.9494,,,0.0969,0.09125584095556179,0.10285373853087766,0.0031000000000000055,0.0969,0.0969,True,0.0506,0.04647408965973443,0.05507104807582969,0.0005999999999999964,0.0506,0.0506,True,0.0096,0.007868298014665221,0.011708327587294383,0.00040000000000000105,0.0096,0.0096,True
fixed_3x3_d0,2,0,3,3,200,200,0.1,50.0,50.0,0.44442746954332335,0.507990824433372,1,0.09999999999997189,0.09999999999999054,-1.865174681370263e-14,0.6394639905799173,0.18861871133048155,0.17145519116405328,0.042340880704923256,0.07647154722891485,0.04541797091594001,0.030557209114501608,9.083594183188003,6.111441822900321,0.0,0.0,0.0,0.0,False,well_sampled,Well sampled,variant_1,9,22.22222222222222,22.22222222222222,1.0,6.111441822900321,0.0,0.0,0.0,0.0,59.94249837602668,54.71008888050377,45.70259996864669,52.759664792143354,0.3597156000902491,0.45585773366639915,0.39778715958578204,0.37135941461936584,"[[0.05950386500304133, 0.12447064050427038, 0.1757410945829374], [0.11904639023649116, 0.08619590065215221, 0.09447020099149003], [0.049962744603700954, 0.2451911925099766, 0.04541797091594001]]","[[0.05543687066250929, 0.21026725353599215, 0.06295827181319769], [0.09297629733500776, 0.030557209114501608, 0.15001693795300952], [0.1153851559631997, 0.12401779876942372, 0.15838420485315863]]",3155669485,10000,10000,1.0,10000,1.0,-0.0004225597679308116,0.043796527292005664,0.04354086647358634,0.0,0.0002111111111111111,0.0,0.0,0.0,0.0,13.175878499999998,14.167419999999998,0.0,0.0,0.0,0.0,0.0,0.0,simple_welch,Simple Welch,10000,1.0,True,0.9506,392.04766437666694,354.2923463122078,0.096,0.09038027763137998,0.10192999305212669,0.0040000000000000036,0.096,0.096,True,0.0494,0.04532304560552551,0.05382301372612823,0.0006000000000000033,0.0494,0.0494,True,0.009,0.007328320093401381,0.011048766306603034,0.0010000000000000009,0.009,0.009,True
fixed_3x3_d0,2,0,3,3,200,200,0.1,50.0,50.0,0.44442746954332335,0.507990824433372,1,0.09999999999997189,0.09999999999999054,-1.865174681370263e-14,0.6394639905799173,0.18861871133048155,0.17145519116405328,0.042340880704923256,0.07647154722891485,0.04541797091594001,0.030557209114501608,9.083594183188003,6.111441822900321,0.0,0.0,0.0,0.0,False,well_sampled,Well sampled,variant_1,9,22.22222222222222,22.22222222222222,1.0,6.111441822900321,0.0,0.0,0.0,0.0,59.94249837602668,54.71008888050377,45.70259996864669,52.759664792143354,0.3597156000902491,0.45585773366639915,0.39778715958578204,0.37135941461936584,"[[0.05950386500304133, 0.12447064050427038, 0.1757410945829374], [0.11904639023649116, 0.08619590065215221, 0.09447020099149003], [0.049962744603700954, 0.2451911925099766, 0.04541797091594001]]","[[0.05543687066250929, 0.21026725353599215, 0.06295827181319769], [0.09297629733500776, 0.030557209114501608, 0.15001693795300952], [0.1153851559631997, 0.12401779876942372, 0.15838420485315863]]",3155669485,10000,10000,1.0,10000,1.0,-0.0004225597679308116,0.043796527292005664,0.04354086647358634,0.0,0.0002111111111111111,0.0,0.0,0.0,0.0,13.175878499999998,14.167419999999998,0.0,0.0,0.0,0.0,0.0,0.0,expanded_welch,Expanded Welch,10000,1.0,True,0.9536,62.81111487791086,39.53580812208881,0.0919,0.086393591536865,0.09771982793328123,0.00810000000000001,0.0919,0.0919,True,0.0464,0.04244851437936255,0.05069984894251525,0.003600000000000006,0.0464,0.0464,True,0.0076,0.006076784264021833,0.00950137733142048,0.0024000000000000002,0.0076,0.0076,True
fixed_3x3_d1,2,1,3,3,200,200,0.15,50.0,50.0,0.563062041253019,0.7393393300264027,1,0.1499999999999999,0.15000000000000013,-2.220446049250313e-16,0.6292749947439034,0.2794257178289715,0.2045035184180799,0.08503992530124505,0.1465129425175319,0.036072157654403775,0.018331858943171336,7.214431530880755,3.666371788634267,0.0,0.0,0.0,0.0,False,well_sampled,Well sampled,variant_2,9,22.22222222222222,22.22222222222222,1.0,3.666371788634267,0.0,0.0,0.0,0.1111111111111111,63.83913356306905,55.52496771373148,55.829400054238555,57.44818791451933,0.3470003722849924,0.38461196097077505,0.3992180189832977,0.3732596200948911,"[[0.08980282647113365, 0.19332068368980782, 0.036072157654403775], [0.049709162835464046, 0.10388732644031903, 0.19340388300920935], [0.19672904945143463, 0.08740395084064818, 0.049670959607579626]]","[[0.029171265532764338, 0.09579645766403579, 0.15265711537185728], [0.132303834045116, 0.0746013431453609, 0.11625196525756805], [0.17802434075463197, 0.20286181928549438, 0.018331858943171336]]",3915028103,10000,10000,1.0,10000,1.0,0.00013886779760145215,0.050356241514783365,0.04955144201909797,0.0001555555555555556,0.0032,0.0,0.0,0.0,0.0,16.283314999999998,15.240531500000003,0.0,0.0,0.0,0.0,0.0,0.0,normal_wald,Normal Wald,10000,1.0,True,0.9453,,,0.1082,0.10226146887389521,0.11443943224936697,0.008199999999999999,0.1082,0.1082,True,0.0547,0.05041173530937794,0.05933025363954662,0.004699999999999996,0.0547,0.0547,True,0.012,0.010045476139717912,0.014329306270062445,0.002,0.012,0.012,True
fixed_3x3_d1,2,1,3,3,200,200,0.15,50.0,50.0,0.563062041253019,0.7393393300264027,1,0.1499999999999999,0.15000000000000013,-2.220446049250313e-16,0.6292749947439034,0.2794257178289715,0.2045035184180799,0.08503992530124505,0.1465129425175319,0.036072157654403775,0.018331858943171336,7.214431530880755,3.666371788634267,0.0,0.0,0.0,0.0,False,well_sampled,Well sampled,variant_2,9,22.22222222222222,22.22222222222222,1.0,3.666371788634267,0.0,0.0,0.0,0.1111111111111111,63.83913356306905,55.52496771373148,55.829400054238555,57.44818791451933,0.3470003722849924,0.38461196097077505,0.3992180189832977,0.3732596200948911,"[[0.08980282647113365, 0.19332068368980782, 0.036072157654403775], [0.049709162835464046, 0.10388732644031903, 0.19340388300920935], [0.19672904945143463, 0.08740395084064818, 0.049670959607579626]]","[[0.029171265532764338, 0.09579645766403579, 0.15265711537185728], [0.132303834045116, 0.0746013431453609, 0.11625196525756805], [0.17802434075463197, 0.20286181928549438, 0.018331858943171336]]",3915028103,10000,10000,1.0,10000,1.0,0.00013886779760145215,0.050356241514783365,0.04955144201909797,0.0001555555555555556,0.0032,0.0,0.0,0.0,0.0,16.283314999999998,15.240531500000003,0.0,0.0,0.0,0.0,0.0,0.0,simple_welch,Simple Welch,10000,1.0,True,0.9463,387.655058504783,354.9272555835174,0.1073,0.10138411007512683,0.11351748224520257,0.007300000000000001,0.1073,0.1073,True,0.0537,0.049450660112119696,0.05829209683354622,0.003699999999999995,0.0537,0.0537,True,0.0116,0.009680916376468826,0.013894173232008068,0.001599999999999999,0.0116,0.0116,True
fixed_3x3_d1,2,1,3,3,200,200,0.15,50.0,50.0,0.563062041253019,0.7393393300264027,1,0.1499999999999999,0.15000000000000013,-2.220446049250313e-16,0.6292749947439034,0.2794257178289715,0.2045035184180799,0.08503992530124505,0.1465129425175319,0.036072157654403775,0.018331858943171336,7.214431530880755,3.666371788634267,0.0,0.0,0.0,0.0,False,well_sampled,Well sampled,variant_2,9,22.22222222222222,22.22222222222222,1.0,3.666371788634267,0.0,0.0,0.0,0.1111111111111111,63.83913356306905,55.52496771373148,55.829400054238555,57.44818791451933,0.3470003722849924,0.38461196097077505,0.3992180189832977,0.3732596200948911,"[[0.08980282647113365, 0.19332068368980782, 0.036072157654403775], [0.049709162835464046, 0.10388732644031903, 0.19340388300920935], [0.19672904945143463, 0.08740395084064818, 0.049670959607579626]]","[[0.029171265532764338, 0.09579645766403579, 0.15265711537185728], [0.132303834045116, 0.0746013431453609, 0.11625196525756805], [0.17802434075463197, 0.20286181928549438, 0.018331858943171336]]",3915028103,10000,10000,1.0,10000,1.0,0.00013886779760145215,0.050356241514783365,0.04955144201909797,0.0001555555555555556,0.0032,0.0,0.0,0.0,0.0,16.283314999999998,15.240531500000003,0.0,0.0,0.0,0.0,0.0,0.0,expanded_welch,Expanded Welch,10000,1.0,True,0.9483,106.42271122772885,71.51080837072567,0.1043,0.09846055467228472,0.11044334163826876,0.004299999999999998,0.1043,0.1043,True,0.0517,0.04752980093219832,0.0562144920069503,0.0017000000000000001,0.0517,0.0517,True,0.0106,0.008772350992874956,0.012803506612343295,0.0005999999999999998,0.0106,0.0106,True
fixed_3x3_d2,2,2,3,3,100,100,0.1,8.0,4.0,0.600078781248396,0.5273179693155323,1,0.10000000000000564,0.09999999999999987,5.773159728050814e-15,0.6611179657678478,0.15182244150140944,0.16790436925676802,0.06990919925183725,0.12339904358798098,0.017579764821994453,0.02727218722563609,1.7579764821994452,2.727218722563609,0.0,0.0,0.0,0.1111111111111111,False,moderate,Moderate,variant_1,9,11.11111111111111,11.11111111111111,1.0,1.7579764821994452,0.0,0.0,0.2222222222222222,0.3333333333333333,29.26769400267987,17.893997070774123,25.194874417777548,19.472311157125706,0.37382384809976404,0.4467434472045661,0.5407355164395666,0.5171794516718664,"[[0.0466638559210545, 0.13400775367348539, 0.19315223850522417], [0.0837440348290911, 0.1003612256822956, 0.10857167951541202], [0.17089991786751296, 0.017579764821994453, 0.1450195291839299]]","[[0.04053286002528994, 0.3517178064845892, 0.14848484992968752], [0.10646323885081335, 0.06152087440032582, 0.11234039960155288], [0.047727012695153774, 0.10394077078695137, 0.02727218722563609]]",1035720000,10000,10000,1.0,10000,1.0,-0.00030759027548020814,0.06104203332007176,0.05889226234321381,0.020311111111111113,0.00942222222222222,0.0,8.88888888888889e-05,0.013011111111111112,0.20335555555555562,6.571823999999999,3.4357560000000005,0.0,0.0,0.0,0.0,0.0,0.0,normal_wald,Normal Wald,10000,1.0,True,0.9387,,,0.113,0.10694291443138754,0.11935430030751615,0.012999999999999998,0.113,0.113,True,0.0613,0.05676478789369582,0.06617213227673581,0.011299999999999998,0.0613,0.0613,True,0.0157,0.013442876541463035,0.01832906428037432,0.0056999999999999985,0.0157,0.0157,False
fixed_3x3_d2,2,2,3,3,100,100,0.1,8.0,4.0,0.600078781248396,0.5273179693155323,1,0.10000000000000564,0.09999999999999987,5.773159728050814e-15,0.6611179657678478,0.15182244150140944,0.16790436925676802,0.06990919925183725,0.12339904358798098,0.017579764821994453,0.02727218722563609,1.7579764821994452,2.727218722563609,0.0,0.0,0.0,0.1111111111111111,False,moderate,Moderate,variant_1,9,11.11111111111111,11.11111111111111,1.0,1.7579764821994452,0.0,0.0,0.2222222222222222,0.3333333333333333,29.26769400267987,17.893997070774123,25.194874417777548,19.472311157125706,0.37382384809976404,0.4467434472045661,0.5407355164395666,0.5171794516718664,"[[0.0466638559210545, 0.13400775367348539, 0.19315223850522417], [0.0837440348290911, 0.1003612256822956, 0.10857167951541202], [0.17089991786751296, 0.017579764821994453, 0.1450195291839299]]","[[0.04053286002528994, 0.3517178064845892, 0.14848484992968752], [0.10646323885081335, 0.06152087440032582, 0.11234039960155288], [0.047727012695153774, 0.10394077078695137, 0.02727218722563609]]",1035720000,10000,10000,1.0,10000,1.0,-0.00030759027548020814,0.06104203332007176,0.05889226234321381,0.020311111111111113,0.00942222222222222,0.0,8.88888888888889e-05,0.013011111111111112,0.20335555555555562,6.571823999999999,3.4357560000000005,0.0,0.0,0.0,0.0,0.0,0.0,simple_welch,Simple Welch,10000,1.0,True,0.9403,193.84590279821015,168.8565117852868,0.1116,0.10557711680446394,0.11792117312987765,0.0116,0.1116,0.1116,True,0.0597,0.05522314248169482,0.06451500648352297,0.0097,0.0597,0.0597,True,0.0151,0.01288922549293397,0.017683176126948193,0.0051,0.0151,0.0151,False
fixed_3x3_d2,2,2,3,3,100,100,0.1,8.0,4.0,0.600078781248396,0.5273179693155323,1,0.10000000000000564,0.09999999999999987,5.773159728050814e-15,0.6611179657678478,0.15182244150140944,0.16790436925676802,0.06990919925183725,0.12339904358798098,0.017579764821994453,0.02727218722563609,1.7579764821994452,2.727218722563609,0.0,0.0,0.0,0.1111111111111111,False,moderate,Moderate,variant_1,9,11.11111111111111,11.11111111111111,1.0,1.7579764821994452,0.0,0.0,0.2222222222222222,0.3333333333333333,29.26769400267987,17.893997070774123,25.194874417777548,19.472311157125706,0.37382384809976404,0.4467434472045661,0.5407355164395666,0.5171794516718664,"[[0.0466638559210545, 0.13400775367348539, 0.19315223850522417], [0.0837440348290911, 0.1003612256822956, 0.10857167951541202], [0.17089991786751296, 0.017579764821994453, 0.1450195291839299]]","[[0.04053286002528994, 0.3517178064845892, 0.14848484992968752], [0.10646323885081335, 0.06152087440032582, 0.11234039960155288], [0.047727012695153774, 0.10394077078695137, 0.02727218722563609]]",1035720000,10000,10000,1.0,10000,1.0,-0.00030759027548020814,0.06104203332007176,0.05889226234321381,0.020311111111111113,0.00942222222222222,0.0,8.88888888888889e-05,0.013011111111111112,0.20335555555555562,6.571823999999999,3.4357560000000005,0.0,0.0,0.0,0.0,0.0,0.0,expanded_welch,Expanded Welch,10000,1.0,True,0.9445,43.1092307950575,21.463115115659395,0.1049,0.09904514423629898,0.11105829127620967,0.004899999999999988,0.1049,0.1049,True,0.0555,0.05118089521628427,0.06016047933524721,0.005499999999999998,0.0555,0.0555,True,0.0127,0.010684882862923493,0.015089361949137917,0.0026999999999999993,0.0127,0.0127,True
fixed_3x3_d3,2,3,3,3,100,200,0.15,8.0,2.0,0.6425555914549033,0.4806637504738776,1,0.15000000000000013,0.14999999999993274,6.7390537594747e-14,0.7759306528328864,0.2480441210775219,0.24877438242947225,0.13809190028828366,0.23017853563651214,0.011778337084105596,0.015675454234436934,1.1778337084105595,3.135090846887387,0.0,0.0,0.0,0.2222222222222222,False,moderate,Moderate,variant_2,9,11.11111111111111,22.22222222222222,2.0,1.1778337084105595,0.0,0.0,0.2222222222222222,0.2222222222222222,24.53378151818711,35.25511644382801,23.813355302308914,13.636462515132827,0.41850205613302816,0.4766783568400036,0.46600823191017315,0.5000951135453744,"[[0.08481692784227526, 0.07486207021836379, 0.17648113062446172], [0.011778337084105596, 0.211794897878445, 0.021764580219320515], [0.14153828809670826, 0.1900213887431948, 0.08694237929312512]]","[[0.3503753587621075, 0.07929248243235798, 0.036340390715707646], [0.0747763990864364, 0.26677331915873104, 0.01616646762551956], [0.07494335569683044, 0.08565677228787263, 0.015675454234436934]]",127500412,10000,10000,1.0,10000,1.0,0.001304274537567411,0.06309203365616066,0.060654954022790364,0.046422222222222226,0.009177777777777778,0.0,0.0013555555555555558,0.0437,0.19744444444444448,5.426905000000001,2.412187,0.0,0.0,0.0,0.0,0.0,0.0,normal_wald,Normal Wald,10000,1.0,True,0.9398,,,0.1173,0.1111397333282864,0.12375417902462947,0.017299999999999996,0.1173,0.1173,True,0.0602,0.05570480725325504,0.06503295771359209,0.010199999999999994,0.0602,0.0602,True,0.0149,0.012704886505102705,0.017467668714127728,0.0049,0.0149,0.0149,True
fixed_3x3_d3,2,3,3,3,100,200,0.15,8.0,2.0,0.6425555914549033,0.4806637504738776,1,0.15000000000000013,0.14999999999993274,6.7390537594747e-14,0.7759306528328864,0.2480441210775219,0.24877438242947225,0.13809190028828366,0.23017853563651214,0.011778337084105596,0.015675454234436934,1.1778337084105595,3.135090846887387,0.0,0.0,0.0,0.2222222222222222,False,moderate,Moderate,variant_2,9,11.11111111111111,22.22222222222222,2.0,1.1778337084105595,0.0,0.0,0.2222222222222222,0.2222222222222222,24.53378151818711,35.25511644382801,23.813355302308914,13.636462515132827,0.41850205613302816,0.4766783568400036,0.46600823191017315,0.5000951135453744,"[[0.08481692784227526, 0.07486207021836379, 0.17648113062446172], [0.011778337084105596, 0.211794897878445, 0.021764580219320515], [0.14153828809670826, 0.1900213887431948, 0.08694237929312512]]","[[0.3503753587621075, 0.07929248243235798, 0.036340390715707646], [0.0747763990864364, 0.26677331915873104, 0.01616646762551956], [0.07494335569683044, 0.08565677228787263, 0.015675454234436934]]",127500412,10000,10000,1.0,10000,1.0,0.001304274537567411,0.06309203365616066,0.060654954022790364,0.046422222222222226,0.009177777777777778,0.0,0.0013555555555555558,0.0437,0.19744444444444448,5.426905000000001,2.412187,0.0,0.0,0.0,0.0,0.0,0.0,simple_welch,Simple Welch,10000,1.0,True,0.9409,204.2926599448561,164.79812677194582,0.1156,0.10948019390904119,0.12201502403833499,0.015599999999999989,0.1156,0.1156,True,0.0591,0.05464526611656369,0.06389334364669892,0.009099999999999997,0.0591,0.0591,True,0.0141,0.011968644299765751,0.016604525316857764,0.0040999999999999995,0.0141,0.0141,True
fixed_3x3_d3,2,3,3,3,100,200,0.15,8.0,2.0,0.6425555914549033,0.4806637504738776,1,0.15000000000000013,0.14999999999993274,6.7390537594747e-14,0.7759306528328864,0.2480441210775219,0.24877438242947225,0.13809190028828366,0.23017853563651214,0.011778337084105596,0.015675454234436934,1.1778337084105595,3.135090846887387,0.0,0.0,0.0,0.2222222222222222,False,moderate,Moderate,variant_2,9,11.11111111111111,22.22222222222222,2.0,1.1778337084105595,0.0,0.0,0.2222222222222222,0.2222222222222222,24.53378151818711,35.25511644382801,23.813355302308914,13.636462515132827,0.41850205613302816,0.4766783568400036,0.46600823191017315,0.5000951135453744,"[[0.08481692784227526, 0.07486207021836379, 0.17648113062446172], [0.011778337084105596, 0.211794897878445, 0.021764580219320515], [0.14153828809670826, 0.1900213887431948, 0.08694237929312512]]","[[0.3503753587621075, 0.07929248243235798, 0.036340390715707646], [0.0747763990864364, 0.26677331915873104, 0.01616646762551956], [0.07494335569683044, 0.08565677228787263, 0.015675454234436934]]",127500412,10000,10000,1.0,10000,1.0,0.001304274537567411,0.06309203365616066,0.060654954022790364,0.046422222222222226,0.009177777777777778,0.0,0.0013555555555555558,0.0437,0.19744444444444448,5.426905000000001,2.412187,0.0,0.0,0.0,0.0,0.0,0.0,expanded_welch,Expanded Welch,10000,1.0,True,0.9454,59.08260457522917,33.33432754316985,0.1115,0.10547957152641464,0.11781879520760109,0.011499999999999996,0.1115,0.1115,True,0.0546,0.05031560891015105,0.059226456838447655,0.0046,0.0546,0.0546,True,0.0112,0.009316987490236137,0.013458409316937302,0.0011999999999999997,0.0112,0.0112,True
stress_3x3_d4,2,4,3,3,277,277,0.1,2.0,2.0,0.6076308036434855,0.5679366391167211,3,0.10000000000006037,0.10000000000001152,4.884981308350689e-14,0.6787429568903429,0.19656955743773435,0.15617017157418575,0.01092719533874087,0.02243164487684336,0.004928002775971025,0.01422238431363817,1.3650567689439739,3.939600454877773,0.0,0.0,0.0,0.0,True,highly_sparse,Highly skewed and sparse,variant_1,9,30.77777777777778,30.77777777777778,1.0,1.3650567689439739,0.0,0.0,0.1111111111111111,0.1111111111111111,33.82803012928799,28.1333048013617,48.290114337799594,69.7227587846989,0.5017648804482129,0.593048937369101,0.47187800424801746,0.45234322486075773,"[[0.07891038107681057, 0.038284468599521594, 0.004928002775971025], [0.05602885764972045, 0.2939344342338417, 0.026148975215921764], [0.09767928116862937, 0.2608300345357377, 0.14325556474384582]]","[[0.01422238431363817, 0.04423063895630976, 0.04311125399128563], [0.15314042206795908, 0.1363243215264785, 0.18241326065357988], [0.12858725834356968, 0.27178826437796944, 0.02618219576920996]]",2766434811,10000,10000,1.0,10000,1.0,0.00031632463574325507,0.03668838467587101,0.03596899607211116,0.028333333333333332,0.002133333333333333,0.0,0.0,0.029011111111111116,0.010066666666666666,5.863548736462093,6.979531768953068,0.0,0.0,0.0,0.0,0.0,0.0,normal_wald,Normal Wald,10000,1.0,True,0.9488,,,0.106,0.10011705042730643,0.11218554028878674,0.0059999999999999915,0.106,0.106,True,0.0512,0.04704986366401762,0.05569481327350168,0.0011999999999999997,0.0512,0.0512,True,0.0102,0.008410152377830622,0.012366012426084174,0.00020000000000000052,0.0102,0.0102,True
stress_3x3_d4,2,4,3,3,277,277,0.1,2.0,2.0,0.6076308036434855,0.5679366391167211,3,0.10000000000006037,0.10000000000001152,4.884981308350689e-14,0.6787429568903429,0.19656955743773435,0.15617017157418575,0.01092719533874087,0.02243164487684336,0.004928002775971025,0.01422238431363817,1.3650567689439739,3.939600454877773,0.0,0.0,0.0,0.0,True,highly_sparse,Highly skewed and sparse,variant_1,9,30.77777777777778,30.77777777777778,1.0,1.3650567689439739,0.0,0.0,0.1111111111111111,0.1111111111111111,33.82803012928799,28.1333048013617,48.290114337799594,69.7227587846989,0.5017648804482129,0.593048937369101,0.47187800424801746,0.45234322486075773,"[[0.07891038107681057, 0.038284468599521594, 0.004928002775971025], [0.05602885764972045, 0.2939344342338417, 0.026148975215921764], [0.09767928116862937, 0.2608300345357377, 0.14325556474384582]]","[[0.01422238431363817, 0.04423063895630976, 0.04311125399128563], [0.15314042206795908, 0.1363243215264785, 0.18241326065357988], [0.12858725834356968, 0.27178826437796944, 0.02618219576920996]]",2766434811,10000,10000,1.0,10000,1.0,0.00031632463574325507,0.03668838467587101,0.03596899607211116,0.028333333333333332,0.002133333333333333,0.0,0.0,0.029011111111111116,0.010066666666666666,5.863548736462093,6.979531768953068,0.0,0.0,0.0,0.0,0.0,0.0,simple_welch,Simple Welch,10000,1.0,True,0.95,543.2890530724117,498.3059871052602,0.1056,0.09972724273090192,0.1117756551838878,0.005599999999999994,0.1056,0.1056,True,0.05,0.04589848269058477,0.05444711584302416,0.0,0.05,0.05,True,0.0096,0.007868298014665221,0.011708327587294383,0.00040000000000000105,0.0096,0.0096,True
stress_3x3_d4,2,4,3,3,277,277,0.1,2.0,2.0,0.6076308036434855,0.5679366391167211,3,0.10000000000006037,0.10000000000001152,4.884981308350689e-14,0.6787429568903429,0.19656955743773435,0.15617017157418575,0.01092719533874087,0.02243164487684336,0.004928002775971025,0.01422238431363817,1.3650567689439739,3.939600454877773,0.0,0.0,0.0,0.0,True,highly_sparse,Highly skewed and sparse,variant_1,9,30.77777777777778,30.77777777777778,1.0,1.3650567689439739,0.0,0.0,0.1111111111111111,0.1111111111111111,33.82803012928799,28.1333048013617,48.290114337799594,69.7227587846989,0.5017648804482129,0.593048937369101,0.47187800424801746,0.45234322486075773,"[[0.07891038107681057, 0.038284468599521594, 0.004928002775971025], [0.05602885764972045, 0.2939344342338417, 0.026148975215921764], [0.09767928116862937, 0.2608300345357377, 0.14325556474384582]]","[[0.01422238431363817, 0.04423063895630976, 0.04311125399128563], [0.15314042206795908, 0.1363243215264785, 0.18241326065357988], [0.12858725834356968, 0.27178826437796944, 0.02618219576920996]]",2766434811,10000,10000,1.0,10000,1.0,0.00031632463574325507,0.03668838467587101,0.03596899607211116,0.028333333333333332,0.002133333333333333,0.0,0.0,0.029011111111111116,0.010066666666666666,5.863548736462093,6.979531768953068,0.0,0.0,0.0,0.0,0.0,0.0,expanded_welch,Expanded Welch,10000,1.0,True,0.9525,84.59863618551425,56.20024073164279,0.1021,0.09631759094359657,0.10818799495978784,0.0020999999999999908,0.1021,0.1021,True,0.0475,0.043501982834794964,0.051845535690667355,0.0025000000000000022,0.0475,0.0475,True,0.0079,0.006343878268779697,0.00983405292764021,0.0020999999999999994,0.0079,0.0079,True
stress_3x3_d5,2,5,3,3,433,866,0.15,10.0,2.0,0.6945959883512957,0.9497124069513044,4,0.15000000000000258,0.15000000000000002,2.55351295663786e-15,1.3233119190720206,0.23802482310060527,0.24047548469943922,0.10710428062934363,0.1951962995956709,0.009646039140788472,0.001364100937660567,4.176734947961408,1.181311412014051,0.0,0.0,0.0,0.1111111111111111,False,highly_sparse,Highly skewed and sparse,variant_2,9,48.111111111111114,96.22222222222223,2.0,1.181311412014051,0.0,0.0,0.1111111111111111,0.2222222222222222,92.99646694656752,34.907442711217705,89.75019726774832,70.59458499067317,0.41906722604925006,0.39895723587328297,0.642659138568238,0.7051830706818148,"[[0.13663083062059658, 0.18518668989462864, 0.09724970553402484], [0.18866727165238223, 0.016459130191973693, 0.009646039140788472], [0.0684693794801857, 0.19731141578668063, 0.10037953769873939]]","[[0.028682516712785596, 0.001364100937660567, 0.010262207651190907], [0.10101145020487326, 0.07808421714157399, 0.13793636878367765], [0.08360496587549951, 0.002069678445792207, 0.5569844942469463]]",3202765758,10000,10000,1.0,10000,1.0,0.0001338150999814298,0.02924541068629847,0.028687608300730322,0.0015222222222222223,0.05292222222222222,0.0,0.0,0.0,0.11470000000000005,19.241452655889145,2.842410969976905,0.0,0.0,0.0,0.0,0.0,0.0,normal_wald,Normal Wald,10000,1.0,True,0.9448,,,0.1054,0.0995323489873784,0.11157070252675957,0.005399999999999988,0.1054,0.1054,True,0.0552,0.0508924294278944,0.05984917552265949,0.005199999999999996,0.0552,0.0552,True,0.012,0.010045476139717912,0.014329306270062445,0.002,0.012,0.012,True
stress_3x3_d5,2,5,3,3,433,866,0.15,10.0,2.0,0.6945959883512957,0.9497124069513044,4,0.15000000000000258,0.15000000000000002,2.55351295663786e-15,1.3233119190720206,0.23802482310060527,0.24047548469943922,0.10710428062934363,0.1951962995956709,0.009646039140788472,0.001364100937660567,4.176734947961408,1.181311412014051,0.0,0.0,0.0,0.1111111111111111,False,highly_sparse,Highly skewed and sparse,variant_2,9,48.111111111111114,96.22222222222223,2.0,1.181311412014051,0.0,0.0,0.1111111111111111,0.2222222222222222,92.99646694656752,34.907442711217705,89.75019726774832,70.59458499067317,0.41906722604925006,0.39895723587328297,0.642659138568238,0.7051830706818148,"[[0.13663083062059658, 0.18518668989462864, 0.09724970553402484], [0.18866727165238223, 0.016459130191973693, 0.009646039140788472], [0.0684693794801857, 0.19731141578668063, 0.10037953769873939]]","[[0.028682516712785596, 0.001364100937660567, 0.010262207651190907], [0.10101145020487326, 0.07808421714157399, 0.13793636878367765], [0.08360496587549951, 0.002069678445792207, 0.5569844942469463]]",3202765758,10000,10000,1.0,10000,1.0,0.0001338150999814298,0.02924541068629847,0.028687608300730322,0.0015222222222222223,0.05292222222222222,0.0,0.0,0.0,0.11470000000000005,19.241452655889145,2.842410969976905,0.0,0.0,0.0,0.0,0.0,0.0,simple_welch,Simple Welch,10000,1.0,True,0.9456,861.9080300194161,775.9859950831242,0.1049,0.09904514423629898,0.11105829127620967,0.004899999999999988,0.1049,0.1049,True,0.0544,0.05012336862181132,0.059018850726135656,0.004399999999999994,0.0544,0.0544,True,0.012,0.010045476139717912,0.014329306270062445,0.002,0.012,0.012,True
stress_3x3_d5,2,5,3,3,433,866,0.15,10.0,2.0,0.6945959883512957,0.9497124069513044,4,0.15000000000000258,0.15000000000000002,2.55351295663786e-15,1.3233119190720206,0.23802482310060527,0.24047548469943922,0.10710428062934363,0.1951962995956709,0.009646039140788472,0.001364100937660567,4.176734947961408,1.181311412014051,0.0,0.0,0.0,0.1111111111111111,False,highly_sparse,Highly skewed and sparse,variant_2,9,48.111111111111114,96.22222222222223,2.0,1.181311412014051,0.0,0.0,0.1111111111111111,0.2222222222222222,92.99646694656752,34.907442711217705,89.75019726774832,70.59458499067317,0.41906722604925006,0.39895723587328297,0.642659138568238,0.7051830706818148,"[[0.13663083062059658, 0.18518668989462864, 0.09724970553402484], [0.18866727165238223, 0.016459130191973693, 0.009646039140788472], [0.0684693794801857, 0.19731141578668063, 0.10037953769873939]]","[[0.028682516712785596, 0.001364100937660567, 0.010262207651190907], [0.10101145020487326, 0.07808421714157399, 0.13793636878367765], [0.08360496587549951, 0.002069678445792207, 0.5569844942469463]]",3202765758,10000,10000,1.0,10000,1.0,0.0001338150999814298,0.02924541068629847,0.028687608300730322,0.0015222222222222223,0.05292222222222222,0.0,0.0,0.0,0.11470000000000005,19.241452655889145,2.842410969976905,0.0,0.0,0.0,0.0,0.0,0.0,expanded_welch,Expanded Welch,10000,1.0,True,0.9465,304.2635745933887,203.83621004280693,0.1043,0.09846055467228472,0.11044334163826876,0.004299999999999998,0.1043,0.1043,True,0.0535,0.04925849590206199,0.0580844146429522,0.003499999999999996,0.0535,0.0535,True,0.0119,0.009954278775904261,0.014220580433550234,0.0019000000000000006,0.0119,0.0119,True
stress_3x3_d6,2,6,3,3,64,64,0.1,0.8,0.8,0.6050975715924619,0.5268451119270967,2,0.09999999999999987,0.09999999999999987,0.0,1.1974831780004436,0.17617742805768277,0.18092780107115533,0.09592112910788764,0.1647969188609754,0.01262405942838684,0.00263202559592794,0.8079398034167578,0.16844963813938815,0.0,0.3333333333333333,0.4444444444444444,0.4444444444444444,False,ultra_sparse,Ultra-skewed and sparse,variant_1,9,7.111111111111111,7.111111111111111,1.0,0.16844963813938815,0.1111111111111111,0.3333333333333333,0.4444444444444444,0.5555555555555556,13.010138663951675,12.573851997775908,11.360041176510029,1.1935931098340098,0.557644779500569,0.4993960764536953,0.4196074120318765,0.6535859430303659,"[[0.01262405942838684, 0.10259472339914995, 0.08806463379670816], [0.04999108520870194, 0.1572262518270883, 0.03185446683939572], [0.26048813552624656, 0.2395751012274571, 0.057581542746865326]]","[[0.00263202559592794, 0.22525101275197507, 0.156043112154972], [0.009289344554251799, 0.05749841418017153, 0.3528196532974532], [0.006728522190976663, 0.04501473769633109, 0.1447231775779408]]",2867895330,10000,10000,1.0,10000,1.0,0.006047866043842861,0.0818499850914511,0.07611601552606809,0.0703888888888889,0.23670000000000005,0.007488888888888889,0.30565555555555557,0.4222666666666667,0.4345111111111111,2.1001703125,0.2360828125,0.0,0.0,0.0,0.10113333333333331,0.0,0.3034,normal_wald,Normal Wald,10000,1.0,True,0.9331,,,0.1223,0.11602316252975468,0.12886690983945445,0.0223,0.1223,0.1223,True,0.0669,0.062167480960355556,0.07196513842832448,0.0169,0.0669,0.0669,True,0.0169,0.014552860307057098,0.019618158918690627,0.006899999999999998,0.0169,0.0169,False
stress_3x3_d6,2,6,3,3,64,64,0.1,0.8,0.8,0.6050975715924619,0.5268451119270967,2,0.09999999999999987,0.09999999999999987,0.0,1.1974831780004436,0.17617742805768277,0.18092780107115533,0.09592112910788764,0.1647969188609754,0.01262405942838684,0.00263202559592794,0.8079398034167578,0.16844963813938815,0.0,0.3333333333333333,0.4444444444444444,0.4444444444444444,False,ultra_sparse,Ultra-skewed and sparse,variant_1,9,7.111111111111111,7.111111111111111,1.0,0.16844963813938815,0.1111111111111111,0.3333333333333333,0.4444444444444444,0.5555555555555556,13.010138663951675,12.573851997775908,11.360041176510029,1.1935931098340098,0.557644779500569,0.4993960764536953,0.4196074120318765,0.6535859430303659,"[[0.01262405942838684, 0.10259472339914995, 0.08806463379670816], [0.04999108520870194, 0.1572262518270883, 0.03185446683939572], [0.26048813552624656, 0.2395751012274571, 0.057581542746865326]]","[[0.00263202559592794, 0.22525101275197507, 0.156043112154972], [0.009289344554251799, 0.05749841418017153, 0.3528196532974532], [0.006728522190976663, 0.04501473769633109, 0.1447231775779408]]",2867895330,10000,10000,1.0,10000,1.0,0.006047866043842861,0.0818499850914511,0.07611601552606809,0.0703888888888889,0.23670000000000005,0.007488888888888889,0.30565555555555557,0.4222666666666667,0.4345111111111111,2.1001703125,0.2360828125,0.0,0.0,0.0,0.10113333333333331,0.0,0.3034,simple_welch,Simple Welch,10000,1.0,True,0.9358,121.04497892914662,95.37151088684253,0.1195,0.1132880015116636,0.1260042212484213,0.01949999999999999,0.1195,0.1195,True,0.0642,0.05956130891199605,0.06917338406788565,0.01419999999999999,0.0642,0.0642,True,0.0144,0.012244521370558361,0.016928417847042746,0.004399999999999999,0.0144,0.0144,True
stress_3x3_d6,2,6,3,3,64,64,0.1,0.8,0.8,0.6050975715924619,0.5268451119270967,2,0.09999999999999987,0.09999999999999987,0.0,1.1974831780004436,0.17617742805768277,0.18092780107115533,0.09592112910788764,0.1647969188609754,0.01262405942838684,0.00263202559592794,0.8079398034167578,0.16844963813938815,0.0,0.3333333333333333,0.4444444444444444,0.4444444444444444,False,ultra_sparse,Ultra-skewed and sparse,variant_1,9,7.111111111111111,7.111111111111111,1.0,0.16844963813938815,0.1111111111111111,0.3333333333333333,0.4444444444444444,0.5555555555555556,13.010138663951675,12.573851997775908,11.360041176510029,1.1935931098340098,0.557644779500569,0.4993960764536953,0.4196074120318765,0.6535859430303659,"[[0.01262405942838684, 0.10259472339914995, 0.08806463379670816], [0.04999108520870194, 0.1572262518270883, 0.03185446683939572], [0.26048813552624656, 0.2395751012274571, 0.057581542746865326]]","[[0.00263202559592794, 0.22525101275197507, 0.156043112154972], [0.009289344554251799, 0.05749841418017153, 0.3528196532974532], [0.006728522190976663, 0.04501473769633109, 0.1447231775779408]]",2867895330,10000,10000,1.0,10000,1.0,0.006047866043842861,0.0818499850914511,0.07611601552606809,0.0703888888888889,0.23670000000000005,0.007488888888888889,0.30565555555555557,0.4222666666666667,0.4345111111111111,2.1001703125,0.2360828125,0.0,0.0,0.0,0.10113333333333331,0.0,0.3034,expanded_welch,Expanded Welch,10000,1.0,True,0.9445,22.116553444534013,10.135216219146223,0.1064,0.10050688495767494,0.11259539855972168,0.006399999999999989,0.1064,0.1064,True,0.0555,0.05118089521628427,0.06016047933524721,0.005499999999999998,0.0555,0.0555,True,0.0094,0.007688088248246492,0.011488690953061383,0.0005999999999999998,0.0094,0.0094,True
stress_3x3_d7,2,7,3,3,70,700,0.15,10.0,0.8,0.7835213343455648,0.5932039955078146,3,0.15000000000000013,0.15000000000000002,1.1102230246251565e-16,0.9771531644326923,0.20435339636119548,0.25776281455657346,0.13562758307041134,0.24772280213121287,0.010967937048771016,0.0008713291420844542,0.767755593413971,0.609930399459118,0.0,0.0,0.2222222222222222,0.1111111111111111,False,ultra_sparse,Ultra-skewed and sparse,variant_2,9,7.777777777777778,77.77777777777777,10.0,0.609930399459118,0.1111111111111111,0.1111111111111111,0.3333333333333333,0.2222222222222222,17.721906885538772,30.356033541990495,13.226108621297756,52.54790626192903,0.4296835417479945,0.40826126871860347,0.576389931664719,0.6260952871062161,"[[0.16585264743909406, 0.07634951387697456, 0.010967937048771016], [0.17622500377043285, 0.085820204496844, 0.16763833348071763], [0.06618361750907652, 0.02677469050186369, 0.22418805187622576]]","[[0.46202447379157924, 0.05857226306618822, 0.05579319480695152], [0.12844068996190755, 0.23339970260252443, 0.018403913568005487], [0.03563012335272935, 0.006864309708029757, 0.0008713291420844542]]",4085902826,10000,10000,1.0,10000,1.0,0.0038885442843781164,0.06121233293432215,0.055841139432962004,0.07171111111111113,0.06116666666666669,0.00044444444444444447,4.444444444444444e-05,0.25015555555555563,0.11148888888888894,3.17112,2.269808857142857,0.0,0.0,0.0,0.0,0.0,0.0,normal_wald,Normal Wald,10000,1.0,True,0.9181,,,0.1432,0.13647166460830876,0.15020235662900608,0.04319999999999999,0.1432,0.1432,True,0.0819,0.076684721274765,0.08743637816279476,0.0319,0.0819,0.0819,False,0.0242,0.021365877393778255,0.02739953545575759,0.014199999999999999,0.0242,0.0242,False
stress_3x3_d7,2,7,3,3,70,700,0.15,10.0,0.8,0.7835213343455648,0.5932039955078146,3,0.15000000000000013,0.15000000000000002,1.1102230246251565e-16,0.9771531644326923,0.20435339636119548,0.25776281455657346,0.13562758307041134,0.24772280213121287,0.010967937048771016,0.0008713291420844542,0.767755593413971,0.609930399459118,0.0,0.0,0.2222222222222222,0.1111111111111111,False,ultra_sparse,Ultra-skewed and sparse,variant_2,9,7.777777777777778,77.77777777777777,10.0,0.609930399459118,0.1111111111111111,0.1111111111111111,0.3333333333333333,0.2222222222222222,17.721906885538772,30.356033541990495,13.226108621297756,52.54790626192903,0.4296835417479945,0.40826126871860347,0.576389931664719,0.6260952871062161,"[[0.16585264743909406, 0.07634951387697456, 0.010967937048771016], [0.17622500377043285, 0.085820204496844, 0.16763833348071763], [0.06618361750907652, 0.02677469050186369, 0.22418805187622576]]","[[0.46202447379157924, 0.05857226306618822, 0.05579319480695152], [0.12844068996190755, 0.23339970260252443, 0.018403913568005487], [0.03563012335272935, 0.006864309708029757, 0.0008713291420844542]]",4085902826,10000,10000,1.0,10000,1.0,0.0038885442843781164,0.06121233293432215,0.055841139432962004,0.07171111111111113,0.06116666666666669,0.00044444444444444447,4.444444444444444e-05,0.25015555555555563,0.11148888888888894,3.17112,2.269808857142857,0.0,0.0,0.0,0.0,0.0,0.0,simple_welch,Simple Welch,10000,1.0,True,0.9217,88.47597137893463,80.99503557704047,0.1385,0.1318685058677713,0.14540912495422795,0.038500000000000006,0.1385,0.1385,True,0.0783,0.07319514536363607,0.08372871886219256,0.028299999999999992,0.0783,0.0783,False,0.0223,0.01958415095628432,0.025382721087060096,0.0123,0.0223,0.0223,False
stress_3x3_d7,2,7,3,3,70,700,0.15,10.0,0.8,0.7835213343455648,0.5932039955078146,3,0.15000000000000013,0.15000000000000002,1.1102230246251565e-16,0.9771531644326923,0.20435339636119548,0.25776281455657346,0.13562758307041134,0.24772280213121287,0.010967937048771016,0.0008713291420844542,0.767755593413971,0.609930399459118,0.0,0.0,0.2222222222222222,0.1111111111111111,False,ultra_sparse,Ultra-skewed and sparse,variant_2,9,7.777777777777778,77.77777777777777,10.0,0.609930399459118,0.1111111111111111,0.1111111111111111,0.3333333333333333,0.2222222222222222,17.721906885538772,30.356033541990495,13.226108621297756,52.54790626192903,0.4296835417479945,0.40826126871860347,0.576389931664719,0.6260952871062161,"[[0.16585264743909406, 0.07634951387697456, 0.010967937048771016], [0.17622500377043285, 0.085820204496844, 0.16763833348071763], [0.06618361750907652, 0.02677469050186369, 0.22418805187622576]]","[[0.46202447379157924, 0.05857226306618822, 0.05579319480695152], [0.12844068996190755, 0.23339970260252443, 0.018403913568005487], [0.03563012335272935, 0.006864309708029757, 0.0008713291420844542]]",4085902826,10000,10000,1.0,10000,1.0,0.0038885442843781164,0.06121233293432215,0.055841139432962004,0.07171111111111113,0.06116666666666669,0.00044444444444444447,4.444444444444444e-05,0.25015555555555563,0.11148888888888894,3.17112,2.269808857142857,0.0,0.0,0.0,0.0,0.0,0.0,expanded_welch,Expanded Welch,10000,1.0,True,0.9329,28.090861524412983,12.861143364844194,0.1273,0.12091007173588296,0.1339761606496194,0.02729999999999999,0.1273,0.1273,True,0.0671,0.06236062325431023,0.07217184253502158,0.017100000000000004,0.0671,0.0671,True,0.0126,0.010593432231852846,0.014980889379882699,0.0026,0.0126,0.0126,True
adversarial_3x3_d8,2,8,3,3,50,50,0.1,0.35,0.35,0.7022884604898948,1.616867288453904,8,0.09999999999999998,0.09999999999999987,1.1102230246251565e-16,1.52032093733632,0.15444536594267633,0.1595193249198997,0.24151729276364464,0.26497010772748586,0.005350089385793636,1.0224133235295818e-05,0.2675044692896818,0.0005112066617647909,0.2222222222222222,0.3333333333333333,0.6666666666666666,0.7777777777777778,False,widespread_sparse,Widespread sparsity,variant_1,9,5.555555555555555,5.555555555555555,1.0,0.0005112066617647909,0.3333333333333333,0.4444444444444444,0.6666666666666666,0.6666666666666666,2.397114507162795,4.257123847944815,9.038996720684699,0.17025997815717467,0.8375888333363728,0.5174121548748578,0.7733966174469988,0.6989355214537148,"[[0.025915905903142734, 0.005758998334798165, 0.08279397228243064], [0.12929462318430246, 0.506303067154266, 0.20199114299780427], [0.02556940532624877, 0.005350089385793636, 0.017022795431213492]]","[[0.031401357145732695, 0.003379323482930133, 0.10668022496544212], [0.08151942224322926, 1.0224133235295818e-05, 0.003612830582431725], [0.1847384995941797, 1.5651946978064937e-05, 0.588642465905841]]",3741159399,10000,10000,1.0,10000,1.0,0.02110268911175145,0.07895301728764054,0.0766347726486741,0.2778111111111111,0.4328666666666667,0.3133444444444445,0.39157777777777775,0.6756999999999999,0.7182111111111111,0.40856000000000003,0.013590000000000001,0.028533333333333327,0.0041,0.0,0.2812333333333333,0.0856,0.8462,normal_wald,Normal Wald,10000,1.0,True,0.9339,,,0.1258,0.11944364430573305,0.13244374007488133,0.02579999999999999,0.1258,0.1258,True,0.0661,0.061395037686082815,0.07113819609999034,0.016100000000000003,0.0661,0.0661,True,0.0161,0.013812485972864774,0.018759147650276038,0.0060999999999999995,0.0161,0.0161,False
adversarial_3x3_d8,2,8,3,3,50,50,0.1,0.35,0.35,0.7022884604898948,1.616867288453904,8,0.09999999999999998,0.09999999999999987,1.1102230246251565e-16,1.52032093733632,0.15444536594267633,0.1595193249198997,0.24151729276364464,0.26497010772748586,0.005350089385793636,1.0224133235295818e-05,0.2675044692896818,0.0005112066617647909,0.2222222222222222,0.3333333333333333,0.6666666666666666,0.7777777777777778,False,widespread_sparse,Widespread sparsity,variant_1,9,5.555555555555555,5.555555555555555,1.0,0.0005112066617647909,0.3333333333333333,0.4444444444444444,0.6666666666666666,0.6666666666666666,2.397114507162795,4.257123847944815,9.038996720684699,0.17025997815717467,0.8375888333363728,0.5174121548748578,0.7733966174469988,0.6989355214537148,"[[0.025915905903142734, 0.005758998334798165, 0.08279397228243064], [0.12929462318430246, 0.506303067154266, 0.20199114299780427], [0.02556940532624877, 0.005350089385793636, 0.017022795431213492]]","[[0.031401357145732695, 0.003379323482930133, 0.10668022496544212], [0.08151942224322926, 1.0224133235295818e-05, 0.003612830582431725], [0.1847384995941797, 1.5651946978064937e-05, 0.588642465905841]]",3741159399,10000,10000,1.0,10000,1.0,0.02110268911175145,0.07895301728764054,0.0766347726486741,0.2778111111111111,0.4328666666666667,0.3133444444444445,0.39157777777777775,0.6756999999999999,0.7182111111111111,0.40856000000000003,0.013590000000000001,0.028533333333333327,0.0041,0.0,0.2812333333333333,0.0856,0.8462,simple_welch,Simple Welch,10000,1.0,True,0.9395,93.26455573937392,70.26999195186796,0.1205,0.11426471744636514,0.1270267373169784,0.02049999999999999,0.1205,0.1205,True,0.0605,0.055993849767443836,0.06534368480038087,0.010499999999999995,0.0605,0.0605,True,0.0124,0.0104106360968032,0.014763839114280615,0.0023999999999999994,0.0124,0.0124,True
adversarial_3x3_d8,2,8,3,3,50,50,0.1,0.35,0.35,0.7022884604898948,1.616867288453904,8,0.09999999999999998,0.09999999999999987,1.1102230246251565e-16,1.52032093733632,0.15444536594267633,0.1595193249198997,0.24151729276364464,0.26497010772748586,0.005350089385793636,1.0224133235295818e-05,0.2675044692896818,0.0005112066617647909,0.2222222222222222,0.3333333333333333,0.6666666666666666,0.7777777777777778,False,widespread_sparse,Widespread sparsity,variant_1,9,5.555555555555555,5.555555555555555,1.0,0.0005112066617647909,0.3333333333333333,0.4444444444444444,0.6666666666666666,0.6666666666666666,2.397114507162795,4.257123847944815,9.038996720684699,0.17025997815717467,0.8375888333363728,0.5174121548748578,0.7733966174469988,0.6989355214537148,"[[0.025915905903142734, 0.005758998334798165, 0.08279397228243064], [0.12929462318430246, 0.506303067154266, 0.20199114299780427], [0.02556940532624877, 0.005350089385793636, 0.017022795431213492]]","[[0.031401357145732695, 0.003379323482930133, 0.10668022496544212], [0.08151942224322926, 1.0224133235295818e-05, 0.003612830582431725], [0.1847384995941797, 1.5651946978064937e-05, 0.588642465905841]]",3741159399,10000,10000,1.0,10000,1.0,0.02110268911175145,0.07895301728764054,0.0766347726486741,0.2778111111111111,0.4328666666666667,0.3133444444444445,0.39157777777777775,0.6756999999999999,0.7182111111111111,0.40856000000000003,0.013590000000000001,0.028533333333333327,0.0041,0.0,0.2812333333333333,0.0856,0.8462,expanded_welch,Expanded Welch,10000,1.0,True,0.9544,17.405726710975497,7.515285280053448,0.1028,0.09699935165565274,0.10890569665001276,0.002799999999999997,0.1028,0.1028,True,0.0456,0.04168275313833823,0.04986622458093265,0.004400000000000001,0.0456,0.0456,True,0.0055,0.004228233256266612,0.007151541132332542,0.0045000000000000005,0.0055,0.0055,True
adversarial_3x3_d9,2,9,3,3,59,118,0.15,1.0,0.35,2.5232634850180995,0.8639431390042048,33,0.15000000000000013,0.14999999999999958,5.551115123125783e-16,1.600335418325207,0.1980547905298685,0.2530907700790458,0.24324025934853033,0.41417656576156037,7.119426944137832e-06,1.5034756980925131e-05,0.0004200461897041321,0.0017741013237491654,0.3333333333333333,0.3333333333333333,0.6666666666666666,0.5555555555555556,False,widespread_sparse,Widespread sparsity,variant_2,9,6.555555555555555,13.11111111111111,2.0,0.0004200461897041321,0.4444444444444444,0.3333333333333333,0.5555555555555556,0.5555555555555556,0.607448977246892,1.9358862670547732,14.165698901790499,2.9543052475693568,0.8165735249851016,0.39557332789845706,0.7030825146765723,0.5743333570898181,"[[0.0017996695153864707, 0.008488956434735358, 7.119426944137832e-06], [0.20638133126518365, 0.2315805890466879, 0.37861160467323], [0.1561490797652016, 2.704607434792154e-05, 0.016954603798282907]]","[[0.05413580652351428, 0.22475967267605743, 0.0016161903013579783], [0.001566235173930113, 0.014824545891587037, 1.5034756980925131e-05], [0.5186313153923737, 0.1610459391936446, 0.02340526009055395]]",2377483062,10000,10000,1.0,10000,1.0,-0.013182943528996353,0.0750359435805734,0.071231526237003,0.4292666666666667,0.32028888888888885,0.33118888888888887,0.3338666666666666,0.6230888888888889,0.5533555555555554,0.14576440677966102,0.04826440677966102,0.1833,0.04699999999999999,0.0,0.016466666666666664,0.5499,0.1828,normal_wald,Normal Wald,10000,1.0,True,0.9264,,,0.1323,0.1258002861754433,0.13908210622635225,0.032299999999999995,0.1323,0.1323,True,0.0736,0.06864426563940099,0.078883208171112,0.023599999999999996,0.0736,0.0736,True,0.0195,0.0169686324943054,0.022400389939914805,0.0095,0.0195,0.0195,False
adversarial_3x3_d9,2,9,3,3,59,118,0.15,1.0,0.35,2.5232634850180995,0.8639431390042048,33,0.15000000000000013,0.14999999999999958,5.551115123125783e-16,1.600335418325207,0.1980547905298685,0.2530907700790458,0.24324025934853033,0.41417656576156037,7.119426944137832e-06,1.5034756980925131e-05,0.0004200461897041321,0.0017741013237491654,0.3333333333333333,0.3333333333333333,0.6666666666666666,0.5555555555555556,False,widespread_sparse,Widespread sparsity,variant_2,9,6.555555555555555,13.11111111111111,2.0,0.0004200461897041321,0.4444444444444444,0.3333333333333333,0.5555555555555556,0.5555555555555556,0.607448977246892,1.9358862670547732,14.165698901790499,2.9543052475693568,0.8165735249851016,0.39557332789845706,0.7030825146765723,0.5743333570898181,"[[0.0017996695153864707, 0.008488956434735358, 7.119426944137832e-06], [0.20638133126518365, 0.2315805890466879, 0.37861160467323], [0.1561490797652016, 2.704607434792154e-05, 0.016954603798282907]]","[[0.05413580652351428, 0.22475967267605743, 0.0016161903013579783], [0.001566235173930113, 0.014824545891587037, 1.5034756980925131e-05], [0.5186313153923737, 0.1610459391936446, 0.02340526009055395]]",2377483062,10000,10000,1.0,10000,1.0,-0.013182943528996353,0.0750359435805734,0.071231526237003,0.4292666666666667,0.32028888888888885,0.33118888888888887,0.3338666666666666,0.6230888888888889,0.5533555555555554,0.14576440677966102,0.04826440677966102,0.1833,0.04699999999999999,0.0,0.016466666666666664,0.5499,0.1828,simple_welch,Simple Welch,10000,1.0,True,0.9289,132.66326936720657,98.40330208272057,0.1296,0.12315916980438536,0.1363252961886119,0.029599999999999987,0.1296,0.1296,True,0.0711,0.06622602477244359,0.07630336902992278,0.021099999999999994,0.0711,0.0711,True,0.0179,0.015480359711334967,0.02068989151767141,0.007899999999999999,0.0179,0.0179,False
adversarial_3x3_d9,2,9,3,3,59,118,0.15,1.0,0.35,2.5232634850180995,0.8639431390042048,33,0.15000000000000013,0.14999999999999958,5.551115123125783e-16,1.600335418325207,0.1980547905298685,0.2530907700790458,0.24324025934853033,0.41417656576156037,7.119426944137832e-06,1.5034756980925131e-05,0.0004200461897041321,0.0017741013237491654,0.3333333333333333,0.3333333333333333,0.6666666666666666,0.5555555555555556,False,widespread_sparse,Widespread sparsity,variant_2,9,6.555555555555555,13.11111111111111,2.0,0.0004200461897041321,0.4444444444444444,0.3333333333333333,0.5555555555555556,0.5555555555555556,0.607448977246892,1.9358862670547732,14.165698901790499,2.9543052475693568,0.8165735249851016,0.39557332789845706,0.7030825146765723,0.5743333570898181,"[[0.0017996695153864707, 0.008488956434735358, 7.119426944137832e-06], [0.20638133126518365, 0.2315805890466879, 0.37861160467323], [0.1561490797652016, 2.704607434792154e-05, 0.016954603798282907]]","[[0.05413580652351428, 0.22475967267605743, 0.0016161903013579783], [0.001566235173930113, 0.014824545891587037, 1.5034756980925131e-05], [0.5186313153923737, 0.1610459391936446, 0.02340526009055395]]",2377483062,10000,10000,1.0,10000,1.0,-0.013182943528996353,0.0750359435805734,0.071231526237003,0.4292666666666667,0.32028888888888885,0.33118888888888887,0.3338666666666666,0.6230888888888889,0.5533555555555554,0.14576440677966102,0.04826440677966102,0.1833,0.04699999999999999,0.0,0.016466666666666664,0.5499,0.1828,expanded_welch,Expanded Welch,10000,1.0,True,0.9375,36.27947755889437,15.421916615844339,0.1206,0.11436239686565423,0.12712898109801515,0.020599999999999993,0.1206,0.1206,True,0.0625,0.057921618740657516,0.0674143798336845,0.012499999999999997,0.0625,0.0625,True,0.0135,0.011417697708664352,0.015955932706003977,0.0034999999999999996,0.0135,0.0135,True
strong_null_3x5_d-2,3,-2,3,5,225,225,0.1,50.0,50.0,0.47059840921374996,0.47059840921374996,1,0.10000000000000031,0.10000000000000031,0.0,0.0,0.1839958532863011,0.1839958532863011,0.10000000000000031,0.1839958532863011,0.02249500660693277,0.02249500660693277,5.061376486559873,5.061376486559873,0.0,0.0,0.0,0.0,False,strong_null,Strong null (P = Q),variant_1,15,15.0,15.0,1.0,5.061376486559873,0.0,0.0,0.0,0.0,71.35799386969555,71.35799386969555,36.27733611979201,36.27733611979201,0.35596086505106606,0.23238779103518825,0.35596086505106606,0.23238779103518825,"[[0.09455735282838505, 0.04936182937332444, 0.05477702657163082, 0.057650366991409345, 0.060800063656119466], [0.027419927015746026, 0.07995533991182494, 0.08396057179828981, 0.03774550122696213, 0.12687952509824318], [0.045602480413289584, 0.10307062175003888, 0.02249500660693277, 0.11821795539012478, 0.03750643136767865]]","[[0.09455735282838505, 0.04936182937332444, 0.05477702657163082, 0.057650366991409345, 0.060800063656119466], [0.027419927015746026, 0.07995533991182494, 0.08396057179828981, 0.03774550122696213, 0.12687952509824318], [0.045602480413289584, 0.10307062175003888, 0.02249500660693277, 0.11821795539012478, 0.03750643136767865]]",980052219,10000,10000,1.0,10000,1.0,-2.7002932260178868e-05,0.04231724609365947,0.04252690232861347,0.00058,0.00045999999999999996,0.0,0.0,0.0,6.666666666666667e-06,9.899035999999999,9.888223555555555,0.0,0.0,0.0,0.0,0.0,0.0,normal_wald,Normal Wald,10000,1.0,True,0.9515,,,0.0961,0.09047755482691992,0.10203263905691261,0.0039000000000000007,0.0961,0.0961,True,0.0485,0.044460214954962926,0.05288653557375804,0.0015000000000000013,0.0485,0.0485,True,0.0085,0.006879905952442005,0.010497564445933088,0.0014999999999999996,0.0085,0.0085,True
strong_null_3x5_d-2,3,-2,3,5,225,225,0.1,50.0,50.0,0.47059840921374996,0.47059840921374996,1,0.10000000000000031,0.10000000000000031,0.0,0.0,0.1839958532863011,0.1839958532863011,0.10000000000000031,0.1839958532863011,0.02249500660693277,0.02249500660693277,5.061376486559873,5.061376486559873,0.0,0.0,0.0,0.0,False,strong_null,Strong null (P = Q),variant_1,15,15.0,15.0,1.0,5.061376486559873,0.0,0.0,0.0,0.0,71.35799386969555,71.35799386969555,36.27733611979201,36.27733611979201,0.35596086505106606,0.23238779103518825,0.35596086505106606,0.23238779103518825,"[[0.09455735282838505, 0.04936182937332444, 0.05477702657163082, 0.057650366991409345, 0.060800063656119466], [0.027419927015746026, 0.07995533991182494, 0.08396057179828981, 0.03774550122696213, 0.12687952509824318], [0.045602480413289584, 0.10307062175003888, 0.02249500660693277, 0.11821795539012478, 0.03750643136767865]]","[[0.09455735282838505, 0.04936182937332444, 0.05477702657163082, 0.057650366991409345, 0.060800063656119466], [0.027419927015746026, 0.07995533991182494, 0.08396057179828981, 0.03774550122696213, 0.12687952509824318], [0.045602480413289584, 0.10307062175003888, 0.02249500660693277, 0.11821795539012478, 0.03750643136767865]]",980052219,10000,10000,1.0,10000,1.0,-2.7002932260178868e-05,0.04231724609365947,0.04252690232861347,0.00058,0.00045999999999999996,0.0,0.0,0.0,6.666666666666667e-06,9.899035999999999,9.888223555555555,0.0,0.0,0.0,0.0,0.0,0.0,simple_welch,Simple Welch,10000,1.0,True,0.9524,442.93731258649814,408.2033475157098,0.0952,0.08960212917523011,0.10110875590566967,0.004799999999999999,0.0952,0.0952,True,0.0476,0.04359778345506978,0.05194965827071841,0.0023999999999999994,0.0476,0.0476,True,0.008,0.0064330500511970085,0.00994480434554876,0.002,0.008,0.008,True
strong_null_3x5_d-2,3,-2,3,5,225,225,0.1,50.0,50.0,0.47059840921374996,0.47059840921374996,1,0.10000000000000031,0.10000000000000031,0.0,0.0,0.1839958532863011,0.1839958532863011,0.10000000000000031,0.1839958532863011,0.02249500660693277,0.02249500660693277,5.061376486559873,5.061376486559873,0.0,0.0,0.0,0.0,False,strong_null,Strong null (P = Q),variant_1,15,15.0,15.0,1.0,5.061376486559873,0.0,0.0,0.0,0.0,71.35799386969555,71.35799386969555,36.27733611979201,36.27733611979201,0.35596086505106606,0.23238779103518825,0.35596086505106606,0.23238779103518825,"[[0.09455735282838505, 0.04936182937332444, 0.05477702657163082, 0.057650366991409345, 0.060800063656119466], [0.027419927015746026, 0.07995533991182494, 0.08396057179828981, 0.03774550122696213, 0.12687952509824318], [0.045602480413289584, 0.10307062175003888, 0.02249500660693277, 0.11821795539012478, 0.03750643136767865]]","[[0.09455735282838505, 0.04936182937332444, 0.05477702657163082, 0.057650366991409345, 0.060800063656119466], [0.027419927015746026, 0.07995533991182494, 0.08396057179828981, 0.03774550122696213, 0.12687952509824318], [0.045602480413289584, 0.10307062175003888, 0.02249500660693277, 0.11821795539012478, 0.03750643136767865]]",980052219,10000,10000,1.0,10000,1.0,-2.7002932260178868e-05,0.04231724609365947,0.04252690232861347,0.00058,0.00045999999999999996,0.0,0.0,0.0,6.666666666666667e-06,9.899035999999999,9.888223555555555,0.0,0.0,0.0,0.0,0.0,0.0,expanded_welch,Expanded Welch,10000,1.0,True,0.9554,73.52985281327423,48.694112502965254,0.0923,0.08678238959271946,0.0981307226787302,0.007700000000000012,0.0923,0.0923,True,0.0446,0.040726036772212044,0.048823708943800205,0.005400000000000002,0.0446,0.0446,True,0.0067,0.005279633317541979,0.00849921947496755,0.0033,0.0067,0.0067,True
strong_null_3x5_d-1,3,-1,3,5,120,240,0.15,8.0,8.0,0.6460614705908976,0.6460614705908976,1,0.14999999999997282,0.14999999999997282,0.0,0.0,0.2500359639652721,0.2500359639652721,0.14999999999997238,0.2500359639652721,0.010235389837951074,0.010235389837951074,1.2282467805541288,2.4564935611082577,0.0,0.0,0.0,0.0,False,strong_null,Strong null (P = Q),variant_2,15,8.0,16.0,2.0,1.2282467805541288,0.0,0.0,0.26666666666666666,0.2,34.83234789955212,69.66469579910424,18.360191179061232,36.720382358122464,0.3576179637167132,0.3056174387696646,0.3576179637167132,0.3056174387696646,"[[0.03953282338183559, 0.06949819980894138, 0.057328031934105524, 0.1254754337026063, 0.06578347488922441], [0.08908553088598722, 0.015804675819854765, 0.11512291598324749, 0.04360914079752135, 0.08849020696707505], [0.042630036808168695, 0.06769871753004743, 0.018361664740068697, 0.010235389837951074, 0.1513437569133651]]","[[0.03953282338183559, 0.06949819980894138, 0.057328031934105524, 0.1254754337026063, 0.06578347488922441], [0.08908553088598722, 0.015804675819854765, 0.11512291598324749, 0.04360914079752135, 0.08849020696707505], [0.042630036808168695, 0.06769871753004743, 0.018361664740068697, 0.010235389837951074, 0.1513437569133651]]",1246660382,10000,10000,1.0,10000,1.0,0.00209900941735372,0.058876067449241024,0.056618503889099156,0.03766666666666666,0.008213333333333333,0.0,0.0,0.11362666666666667,3.333333333333333e-05,4.3930333333333325,9.71823625,0.0,0.0,0.0,0.0,0.0,0.0,normal_wald,Normal Wald,10000,1.0,True,0.9404,,,0.1151,0.10899217603704557,0.12150342590870129,0.015099999999999988,0.1151,0.1151,True,0.0596,0.05512682051692743,0.06441140524796451,0.009599999999999997,0.0596,0.0596,True,0.0132,0.011142645756042856,0.015631215057647876,0.0031999999999999997,0.0132,0.0132,True
strong_null_3x5_d-1,3,-1,3,5,120,240,0.15,8.0,8.0,0.6460614705908976,0.6460614705908976,1,0.14999999999997282,0.14999999999997282,0.0,0.0,0.2500359639652721,0.2500359639652721,0.14999999999997238,0.2500359639652721,0.010235389837951074,0.010235389837951074,1.2282467805541288,2.4564935611082577,0.0,0.0,0.0,0.0,False,strong_null,Strong null (P = Q),variant_2,15,8.0,16.0,2.0,1.2282467805541288,0.0,0.0,0.26666666666666666,0.2,34.83234789955212,69.66469579910424,18.360191179061232,36.720382358122464,0.3576179637167132,0.3056174387696646,0.3576179637167132,0.3056174387696646,"[[0.03953282338183559, 0.06949819980894138, 0.057328031934105524, 0.1254754337026063, 0.06578347488922441], [0.08908553088598722, 0.015804675819854765, 0.11512291598324749, 0.04360914079752135, 0.08849020696707505], [0.042630036808168695, 0.06769871753004743, 0.018361664740068697, 0.010235389837951074, 0.1513437569133651]]","[[0.03953282338183559, 0.06949819980894138, 0.057328031934105524, 0.1254754337026063, 0.06578347488922441], [0.08908553088598722, 0.015804675819854765, 0.11512291598324749, 0.04360914079752135, 0.08849020696707505], [0.042630036808168695, 0.06769871753004743, 0.018361664740068697, 0.010235389837951074, 0.1513437569133651]]",1246660382,10000,10000,1.0,10000,1.0,0.00209900941735372,0.058876067449241024,0.056618503889099156,0.03766666666666666,0.008213333333333333,0.0,0.0,0.11362666666666667,3.333333333333333e-05,4.3930333333333325,9.71823625,0.0,0.0,0.0,0.0,0.0,0.0,simple_welch,Simple Welch,10000,1.0,True,0.9417,238.4817259958317,195.09232674186805,0.1139,0.1078210870929174,0.12027543644891908,0.013899999999999996,0.1139,0.1139,True,0.0583,0.05387497335175193,0.06306425080890377,0.008299999999999995,0.0583,0.0583,True,0.0124,0.0104106360968032,0.014763839114280615,0.0023999999999999994,0.0124,0.0124,True
strong_null_3x5_d-1,3,-1,3,5,120,240,0.15,8.0,8.0,0.6460614705908976,0.6460614705908976,1,0.14999999999997282,0.14999999999997282,0.0,0.0,0.2500359639652721,0.2500359639652721,0.14999999999997238,0.2500359639652721,0.010235389837951074,0.010235389837951074,1.2282467805541288,2.4564935611082577,0.0,0.0,0.0,0.0,False,strong_null,Strong null (P = Q),variant_2,15,8.0,16.0,2.0,1.2282467805541288,0.0,0.0,0.26666666666666666,0.2,34.83234789955212,69.66469579910424,18.360191179061232,36.720382358122464,0.3576179637167132,0.3056174387696646,0.3576179637167132,0.3056174387696646,"[[0.03953282338183559, 0.06949819980894138, 0.057328031934105524, 0.1254754337026063, 0.06578347488922441], [0.08908553088598722, 0.015804675819854765, 0.11512291598324749, 0.04360914079752135, 0.08849020696707505], [0.042630036808168695, 0.06769871753004743, 0.018361664740068697, 0.010235389837951074, 0.1513437569133651]]","[[0.03953282338183559, 0.06949819980894138, 0.057328031934105524, 0.1254754337026063, 0.06578347488922441], [0.08908553088598722, 0.015804675819854765, 0.11512291598324749, 0.04360914079752135, 0.08849020696707505], [0.042630036808168695, 0.06769871753004743, 0.018361664740068697, 0.010235389837951074, 0.1513437569133651]]",1246660382,10000,10000,1.0,10000,1.0,0.00209900941735372,0.058876067449241024,0.056618503889099156,0.03766666666666666,0.008213333333333333,0.0,0.0,0.11362666666666667,3.333333333333333e-05,4.3930333333333325,9.71823625,0.0,0.0,0.0,0.0,0.0,0.0,expanded_welch,Expanded Welch,10000,1.0,True,0.9455,63.94941168646575,41.51146866325949,0.11,0.10401658169254807,0.11628293703657969,0.009999999999999995,0.11,0.11,True,0.0545,0.05021948667736562,0.05912265587090721,0.004499999999999997,0.0545,0.0545,True,0.0109,0.009044474829555112,0.013131152376640733,0.0008999999999999998,0.0109,0.0109,True
fixed_3x5_d0,3,0,3,5,225,225,0.1,50.0,50.0,0.5525535172397241,0.5136887788884126,1,0.09999999999999765,0.09999999999996834,2.930988785010413e-14,0.5486380039175576,0.1655186076841643,0.17926939212942036,0.044908309928971546,0.08450655842492083,0.010851469265706586,0.011143335271827906,2.4415805847839818,2.507250436161279,0.0,0.0,0.0,0.0,False,well_sampled,Well sampled,variant_1,15,15.0,15.0,1.0,2.4415805847839818,0.0,0.0,0.06666666666666667,0.06666666666666667,66.83340767914954,64.01120014328426,38.28987813090251,38.00492111191738,0.3685235111248287,0.23616469277957286,0.379326415811785,0.27020489177084006,"[[0.02451797391946188, 0.07459288842116252, 0.0747723108826305, 0.029488549421899334, 0.09366564481773261], [0.09795321021312743, 0.08473287845047536, 0.07567216579464044, 0.05337390835907804, 0.05679134830750735], [0.06024590013431979, 0.010851469265706586, 0.08572021610230192, 0.126749201223065, 0.05087233468689128]]","[[0.038482219415234754, 0.08107449304204972, 0.08735108346008837, 0.0856796067582205, 0.08673901313619163], [0.011143335271827906, 0.04419276471365408, 0.0588835187355083, 0.046103017738396555, 0.1241715863996543], [0.1265041971083772, 0.05389429857973902, 0.022676158301813926, 0.07381041510424954, 0.059294292234994155]]",3343794369,10000,10000,1.0,10000,1.0,-0.0001097679380896381,0.04160643594347502,0.040966895832307136,0.006100000000000001,0.005766666666666667,0.0,0.0,0.0,2.6666666666666667e-05,10.128861777777779,9.431288888888888,0.0,0.0,0.0,0.0,0.0,0.0,normal_wald,Normal Wald,10000,1.0,True,0.9479,,,0.1034,0.0975837861266544,0.10952080138096627,0.0034000000000000002,0.1034,0.1034,True,0.0521,0.04791383183117402,0.05663015390927806,0.0020999999999999977,0.0521,0.0521,True,0.0117,0.00977199841537232,0.014003014393430442,0.0017000000000000001,0.0117,0.0117,True
fixed_3x5_d0,3,0,3,5,225,225,0.1,50.0,50.0,0.5525535172397241,0.5136887788884126,1,0.09999999999999765,0.09999999999996834,2.930988785010413e-14,0.5486380039175576,0.1655186076841643,0.17926939212942036,0.044908309928971546,0.08450655842492083,0.010851469265706586,0.011143335271827906,2.4415805847839818,2.507250436161279,0.0,0.0,0.0,0.0,False,well_sampled,Well sampled,variant_1,15,15.0,15.0,1.0,2.4415805847839818,0.0,0.0,0.06666666666666667,0.06666666666666667,66.83340767914954,64.01120014328426,38.28987813090251,38.00492111191738,0.3685235111248287,0.23616469277957286,0.379326415811785,0.27020489177084006,"[[0.02451797391946188, 0.07459288842116252, 0.0747723108826305, 0.029488549421899334, 0.09366564481773261], [0.09795321021312743, 0.08473287845047536, 0.07567216579464044, 0.05337390835907804, 0.05679134830750735], [0.06024590013431979, 0.010851469265706586, 0.08572021610230192, 0.126749201223065, 0.05087233468689128]]","[[0.038482219415234754, 0.08107449304204972, 0.08735108346008837, 0.0856796067582205, 0.08673901313619163], [0.011143335271827906, 0.04419276471365408, 0.0588835187355083, 0.046103017738396555, 0.1241715863996543], [0.1265041971083772, 0.05389429857973902, 0.022676158301813926, 0.07381041510424954, 0.059294292234994155]]",3343794369,10000,10000,1.0,10000,1.0,-0.0001097679380896381,0.04160643594347502,0.040966895832307136,0.006100000000000001,0.005766666666666667,0.0,0.0,0.0,2.6666666666666667e-05,10.128861777777779,9.431288888888888,0.0,0.0,0.0,0.0,0.0,0.0,simple_welch,Simple Welch,10000,1.0,True,0.9481,442.3375801161433,407.74116281356567,0.1027,0.09690195201038847,0.10880317309495117,0.002699999999999994,0.1027,0.1027,True,0.0519,0.04772180742973847,0.05642233191006188,0.001899999999999999,0.0519,0.0519,True,0.0114,0.00949887105305334,0.013676372154771828,0.0014000000000000002,0.0114,0.0114,True
fixed_3x5_d0,3,0,3,5,225,225,0.1,50.0,50.0,0.5525535172397241,0.5136887788884126,1,0.09999999999999765,0.09999999999996834,2.930988785010413e-14,0.5486380039175576,0.1655186076841643,0.17926939212942036,0.044908309928971546,0.08450655842492083,0.010851469265706586,0.011143335271827906,2.4415805847839818,2.507250436161279,0.0,0.0,0.0,0.0,False,well_sampled,Well sampled,variant_1,15,15.0,15.0,1.0,2.4415805847839818,0.0,0.0,0.06666666666666667,0.06666666666666667,66.83340767914954,64.01120014328426,38.28987813090251,38.00492111191738,0.3685235111248287,0.23616469277957286,0.379326415811785,0.27020489177084006,"[[0.02451797391946188, 0.07459288842116252, 0.0747723108826305, 0.029488549421899334, 0.09366564481773261], [0.09795321021312743, 0.08473287845047536, 0.07567216579464044, 0.05337390835907804, 0.05679134830750735], [0.06024590013431979, 0.010851469265706586, 0.08572021610230192, 0.126749201223065, 0.05087233468689128]]","[[0.038482219415234754, 0.08107449304204972, 0.08735108346008837, 0.0856796067582205, 0.08673901313619163], [0.011143335271827906, 0.04419276471365408, 0.0588835187355083, 0.046103017738396555, 0.1241715863996543], [0.1265041971083772, 0.05389429857973902, 0.022676158301813926, 0.07381041510424954, 0.059294292234994155]]",3343794369,10000,10000,1.0,10000,1.0,-0.0001097679380896381,0.04160643594347502,0.040966895832307136,0.006100000000000001,0.005766666666666667,0.0,0.0,0.0,2.6666666666666667e-05,10.128861777777779,9.431288888888888,0.0,0.0,0.0,0.0,0.0,0.0,expanded_welch,Expanded Welch,10000,1.0,True,0.9511,74.45563897744145,49.77949662987923,0.0997,0.09398078620203491,0.10572664289352875,0.0003000000000000086,0.0997,0.0997,True,0.0489,0.04484364658855718,0.05330279674146724,0.0011000000000000038,0.0489,0.0489,True,0.0096,0.007868298014665221,0.011708327587294383,0.00040000000000000105,0.0096,0.0096,True
fixed_3x5_d1,3,1,3,5,225,225,0.15,50.0,50.0,0.6057233202198667,0.5784020487122693,1,0.15000000000000013,0.14999999999999947,6.661338147750939e-16,0.7776609651423112,0.25309888672856506,0.2676378532982568,0.057086187295926294,0.09770269303949464,0.015988008590715978,0.024115599778079328,3.597301932911095,5.426009950067849,0.0,0.0,0.0,0.0,False,well_sampled,Well sampled,variant_2,15,15.0,15.0,1.0,3.597301932911095,0.0,0.0,0.13333333333333333,0.0,64.33278345555479,70.34775160731067,44.22636035680345,39.656351815078494,0.3670170445614853,0.2062963501970844,0.3723374347484909,0.2267120968925775,"[[0.021803017756440835, 0.04074858120197643, 0.11056997029528473, 0.12425431478666088, 0.06964116052112247], [0.10325400210240279, 0.015988008590715978, 0.057099855821634564, 0.04682709355239685, 0.06275452195753778], [0.08123933033824077, 0.14026730998105247, 0.03325933484589076, 0.028127579141509623, 0.06416591910713289]]","[[0.11929012593336767, 0.08562219223283442, 0.05273355211703126, 0.028496830991377387, 0.026513972535658827], [0.03291014791646362, 0.024115599778079328, 0.14023437218664786, 0.06331759076440958, 0.1117597241028905], [0.035367500136947415, 0.06651266050054626, 0.033744172588898384, 0.11735469785213062, 0.06202686036271681]]",318345911,10000,10000,1.0,10000,1.0,-0.0006195159834607336,0.04993046088438241,0.04925028175502242,0.002213333333333333,0.0006,0.0,0.0,6.666666666666667e-06,6.666666666666667e-06,10.469041777777779,10.48267688888889,0.0,0.0,0.0,0.0,0.0,0.0,normal_wald,Normal Wald,10000,1.0,True,0.9482,,,0.1018,0.09602543417296856,0.10788038212943828,0.001799999999999996,0.1018,0.1018,True,0.0518,0.047625801936872,0.056318414202602494,0.001799999999999996,0.0518,0.0518,True,0.0104,0.008591159114003776,0.012584852090562745,0.0003999999999999993,0.0104,0.0104,True
fixed_3x5_d1,3,1,3,5,225,225,0.15,50.0,50.0,0.6057233202198667,0.5784020487122693,1,0.15000000000000013,0.14999999999999947,6.661338147750939e-16,0.7776609651423112,0.25309888672856506,0.2676378532982568,0.057086187295926294,0.09770269303949464,0.015988008590715978,0.024115599778079328,3.597301932911095,5.426009950067849,0.0,0.0,0.0,0.0,False,well_sampled,Well sampled,variant_2,15,15.0,15.0,1.0,3.597301932911095,0.0,0.0,0.13333333333333333,0.0,64.33278345555479,70.34775160731067,44.22636035680345,39.656351815078494,0.3670170445614853,0.2062963501970844,0.3723374347484909,0.2267120968925775,"[[0.021803017756440835, 0.04074858120197643, 0.11056997029528473, 0.12425431478666088, 0.06964116052112247], [0.10325400210240279, 0.015988008590715978, 0.057099855821634564, 0.04682709355239685, 0.06275452195753778], [0.08123933033824077, 0.14026730998105247, 0.03325933484589076, 0.028127579141509623, 0.06416591910713289]]","[[0.11929012593336767, 0.08562219223283442, 0.05273355211703126, 0.028496830991377387, 0.026513972535658827], [0.03291014791646362, 0.024115599778079328, 0.14023437218664786, 0.06331759076440958, 0.1117597241028905], [0.035367500136947415, 0.06651266050054626, 0.033744172588898384, 0.11735469785213062, 0.06202686036271681]]",318345911,10000,10000,1.0,10000,1.0,-0.0006195159834607336,0.04993046088438241,0.04925028175502242,0.002213333333333333,0.0006,0.0,0.0,6.666666666666667e-06,6.666666666666667e-06,10.469041777777779,10.48267688888889,0.0,0.0,0.0,0.0,0.0,0.0,simple_welch,Simple Welch,10000,1.0,True,0.9492,444.5556906168591,420.9315758808674,0.1012,0.09544116846787132,0.10726510863258032,0.0011999999999999927,0.1012,0.1012,True,0.0508,0.04666599590665273,0.05527898822956312,0.0007999999999999952,0.0508,0.0508,True,0.01,0.008229336148148417,0.012146982255114645,0.0,0.01,0.01,True
fixed_3x5_d1,3,1,3,5,225,225,0.15,50.0,50.0,0.6057233202198667,0.5784020487122693,1,0.15000000000000013,0.14999999999999947,6.661338147750939e-16,0.7776609651423112,0.25309888672856506,0.2676378532982568,0.057086187295926294,0.09770269303949464,0.015988008590715978,0.024115599778079328,3.597301932911095,5.426009950067849,0.0,0.0,0.0,0.0,False,well_sampled,Well sampled,variant_2,15,15.0,15.0,1.0,3.597301932911095,0.0,0.0,0.13333333333333333,0.0,64.33278345555479,70.34775160731067,44.22636035680345,39.656351815078494,0.3670170445614853,0.2062963501970844,0.3723374347484909,0.2267120968925775,"[[0.021803017756440835, 0.04074858120197643, 0.11056997029528473, 0.12425431478666088, 0.06964116052112247], [0.10325400210240279, 0.015988008590715978, 0.057099855821634564, 0.04682709355239685, 0.06275452195753778], [0.08123933033824077, 0.14026730998105247, 0.03325933484589076, 0.028127579141509623, 0.06416591910713289]]","[[0.11929012593336767, 0.08562219223283442, 0.05273355211703126, 0.028496830991377387, 0.026513972535658827], [0.03291014791646362, 0.024115599778079328, 0.14023437218664786, 0.06331759076440958, 0.1117597241028905], [0.035367500136947415, 0.06651266050054626, 0.033744172588898384, 0.11735469785213062, 0.06202686036271681]]",318345911,10000,10000,1.0,10000,1.0,-0.0006195159834607336,0.04993046088438241,0.04925028175502242,0.002213333333333333,0.0006,0.0,0.0,6.666666666666667e-06,6.666666666666667e-06,10.469041777777779,10.48267688888889,0.0,0.0,0.0,0.0,0.0,0.0,expanded_welch,Expanded Welch,10000,1.0,True,0.951,120.85908298511858,83.16648576486357,0.0988,0.09310475279449394,0.10480336749813694,0.0012000000000000066,0.0988,0.0988,True,0.049,0.044939516707863926,0.053406849822486356,0.0010000000000000009,0.049,0.049,True,0.0091,0.0074181785377802605,0.01115883106255002,0.0008999999999999998,0.0091,0.0091,True
fixed_3x5_d2,3,2,3,5,120,120,0.1,8.0,4.0,0.4926357607467248,0.4552679114441142,1,0.10000000000000009,0.10000000000000031,-2.220446049250313e-16,0.68902559035119,0.1681972700658365,0.17958622730968554,0.0531555397906458,0.0888307265340697,0.014597109275759685,0.022293163244069773,1.7516531130911621,2.6751795892883727,0.0,0.0,0.3333333333333333,0.0,False,moderate,Moderate,variant_1,15,8.0,8.0,1.0,1.7516531130911621,0.0,0.0,0.3333333333333333,0.3333333333333333,18.754362456207314,32.0439968704235,21.277212426911344,21.066584523020627,0.564455852013922,0.25625746768713314,0.44940138271543206,0.23428001889918681,"[[0.0949231890162419, 0.18996029310990498, 0.15246822193767973, 0.06549509103392827, 0.06160905691616719], [0.014597109275759685, 0.04186420978314773, 0.022000675997574076, 0.029980918845601907, 0.04784343989964421], [0.06778980526559293, 0.024432964794080428, 0.018210916388071416, 0.08228115892890185, 0.08654294880770373]]","[[0.04315001210376671, 0.08342804866880466, 0.03378863814736386, 0.02886507893722035, 0.09433353217388322], [0.03735341765670734, 0.10616009343360566, 0.022293163244069773, 0.06512466384899297, 0.03610196907015338], [0.09505144126469783, 0.044691876796776504, 0.1517925485890774, 0.09047887436268152, 0.06738664170219878]]",2198185237,10000,10000,1.0,10000,1.0,2.5097248938983817e-05,0.06024850271975843,0.05810764447501815,0.029213333333333334,0.010126666666666667,9.333333333333333e-05,0.0,0.34329999999999994,0.11507999999999997,2.71959,4.400131666666667,0.0,0.0,0.0,0.0,0.0,0.0,normal_wald,Normal Wald,10000,1.0,True,0.9418,,,0.1085,0.10255395126002159,0.11474671946421819,0.008499999999999994,0.1085,0.1085,True,0.0582,0.05377870375669845,0.06296059720363138,0.008199999999999999,0.0582,0.0582,True,0.0169,0.014552860307057098,0.019618158918690627,0.006899999999999998,0.0169,0.0169,False
fixed_3x5_d2,3,2,3,5,120,120,0.1,8.0,4.0,0.4926357607467248,0.4552679114441142,1,0.10000000000000009,0.10000000000000031,-2.220446049250313e-16,0.68902559035119,0.1681972700658365,0.17958622730968554,0.0531555397906458,0.0888307265340697,0.014597109275759685,0.022293163244069773,1.7516531130911621,2.6751795892883727,0.0,0.0,0.3333333333333333,0.0,False,moderate,Moderate,variant_1,15,8.0,8.0,1.0,1.7516531130911621,0.0,0.0,0.3333333333333333,0.3333333333333333,18.754362456207314,32.0439968704235,21.277212426911344,21.066584523020627,0.564455852013922,0.25625746768713314,0.44940138271543206,0.23428001889918681,"[[0.0949231890162419, 0.18996029310990498, 0.15246822193767973, 0.06549509103392827, 0.06160905691616719], [0.014597109275759685, 0.04186420978314773, 0.022000675997574076, 0.029980918845601907, 0.04784343989964421], [0.06778980526559293, 0.024432964794080428, 0.018210916388071416, 0.08228115892890185, 0.08654294880770373]]","[[0.04315001210376671, 0.08342804866880466, 0.03378863814736386, 0.02886507893722035, 0.09433353217388322], [0.03735341765670734, 0.10616009343360566, 0.022293163244069773, 0.06512466384899297, 0.03610196907015338], [0.09505144126469783, 0.044691876796776504, 0.1517925485890774, 0.09047887436268152, 0.06738664170219878]]",2198185237,10000,10000,1.0,10000,1.0,2.5097248938983817e-05,0.06024850271975843,0.05810764447501815,0.029213333333333334,0.010126666666666667,9.333333333333333e-05,0.0,0.34329999999999994,0.11507999999999997,2.71959,4.400131666666667,0.0,0.0,0.0,0.0,0.0,0.0,simple_welch,Simple Welch,10000,1.0,True,0.9435,234.22320455147343,208.3632887793597,0.1072,0.10128663398903236,0.11341503513097119,0.007199999999999998,0.1072,0.1072,True,0.0565,0.05214271094253023,0.0611978956122599,0.006499999999999999,0.0565,0.0565,True,0.0159,0.013627631643843861,0.01854415557864522,0.005900000000000001,0.0159,0.0159,False
fixed_3x5_d2,3,2,3,5,120,120,0.1,8.0,4.0,0.4926357607467248,0.4552679114441142,1,0.10000000000000009,0.10000000000000031,-2.220446049250313e-16,0.68902559035119,0.1681972700658365,0.17958622730968554,0.0531555397906458,0.0888307265340697,0.014597109275759685,0.022293163244069773,1.7516531130911621,2.6751795892883727,0.0,0.0,0.3333333333333333,0.0,False,moderate,Moderate,variant_1,15,8.0,8.0,1.0,1.7516531130911621,0.0,0.0,0.3333333333333333,0.3333333333333333,18.754362456207314,32.0439968704235,21.277212426911344,21.066584523020627,0.564455852013922,0.25625746768713314,0.44940138271543206,0.23428001889918681,"[[0.0949231890162419, 0.18996029310990498, 0.15246822193767973, 0.06549509103392827, 0.06160905691616719], [0.014597109275759685, 0.04186420978314773, 0.022000675997574076, 0.029980918845601907, 0.04784343989964421], [0.06778980526559293, 0.024432964794080428, 0.018210916388071416, 0.08228115892890185, 0.08654294880770373]]","[[0.04315001210376671, 0.08342804866880466, 0.03378863814736386, 0.02886507893722035, 0.09433353217388322], [0.03735341765670734, 0.10616009343360566, 0.022293163244069773, 0.06512466384899297, 0.03610196907015338], [0.09505144126469783, 0.044691876796776504, 0.1517925485890774, 0.09047887436268152, 0.06738664170219878]]",2198185237,10000,10000,1.0,10000,1.0,2.5097248938983817e-05,0.06024850271975843,0.05810764447501815,0.029213333333333334,0.010126666666666667,9.333333333333333e-05,0.0,0.34329999999999994,0.11507999999999997,2.71959,4.400131666666667,0.0,0.0,0.0,0.0,0.0,0.0,expanded_welch,Expanded Welch,10000,1.0,True,0.9467,50.076876921116444,28.718931351213243,0.1019,0.09612281799686313,0.10798292150586956,0.001899999999999999,0.1019,0.1019,True,0.0533,0.04906634884357678,0.057876715300785676,0.0032999999999999974,0.0533,0.0533,True,0.013,0.010959440195307127,0.015414574217731876,0.002999999999999999,0.013,0.013,True
fixed_3x5_d3,3,3,3,5,100,200,0.15,8.0,2.0,0.7137808691129186,0.5365954689927253,1,0.1499999999999999,0.15000000000000058,-6.661338147750939e-16,0.8316701822298388,0.24674352223672485,0.2404200220846753,0.10345701416879916,0.17517166881130442,0.004368866217462105,0.010034945793032823,0.43688662174621046,2.0069891586065647,0.0,0.0,0.3333333333333333,0.2,True,moderate,Moderate,variant_2,15,6.666666666666667,13.333333333333334,2.0,0.43688662174621046,0.13333333333333333,0.0,0.4666666666666667,0.3333333333333333,24.90931495901794,44.24300489109534,11.330966951399466,17.02395293736358,0.44313305374503476,0.30593400851278846,0.4863102297671895,0.3148297932601649,"[[0.11687306691815001, 0.04477699851671144, 0.04539812110239222, 0.07532720960858436, 0.025398400518947848], [0.004368866217462105, 0.056168338758132604, 0.14922489737603448, 0.03440408354081083, 0.0049269636977394195], [0.05685479394088832, 0.046136771106559636, 0.11131099003436176, 0.14584619336591764, 0.08298430529730738]]","[[0.2014579236074559, 0.03323213725540606, 0.05404606708243922, 0.1508453356579051, 0.04672876616398324], [0.0439524894444217, 0.04526664213165093, 0.02103875181134585, 0.021000641250153607, 0.16121622113976175], [0.06283520936400419, 0.01940178682832671, 0.010034945793032823, 0.022058276513693065, 0.1068848059564199]]",731714546,10000,10000,1.0,10000,1.0,0.0016757129676546385,0.06411945708201593,0.06125846986895864,0.09418,0.012573333333333336,0.0006866666666666667,1.3333333333333333e-05,0.3732266666666666,0.1681666666666667,2.4725040000000003,3.4468980000000005,0.0,0.0,0.0,0.0,0.0,0.0,normal_wald,Normal Wald,10000,1.0,True,0.939,,,0.1178,0.11162791429463623,0.12426561405990896,0.017799999999999996,0.1178,0.1178,True,0.061,0.056475659314820306,0.06586149125463374,0.010999999999999996,0.061,0.061,True,0.0158,0.013535241574453728,0.01843662244770949,0.005800000000000001,0.0158,0.0158,False
fixed_3x5_d3,3,3,3,5,100,200,0.15,8.0,2.0,0.7137808691129186,0.5365954689927253,1,0.1499999999999999,0.15000000000000058,-6.661338147750939e-16,0.8316701822298388,0.24674352223672485,0.2404200220846753,0.10345701416879916,0.17517166881130442,0.004368866217462105,0.010034945793032823,0.43688662174621046,2.0069891586065647,0.0,0.0,0.3333333333333333,0.2,True,moderate,Moderate,variant_2,15,6.666666666666667,13.333333333333334,2.0,0.43688662174621046,0.13333333333333333,0.0,0.4666666666666667,0.3333333333333333,24.90931495901794,44.24300489109534,11.330966951399466,17.02395293736358,0.44313305374503476,0.30593400851278846,0.4863102297671895,0.3148297932601649,"[[0.11687306691815001, 0.04477699851671144, 0.04539812110239222, 0.07532720960858436, 0.025398400518947848], [0.004368866217462105, 0.056168338758132604, 0.14922489737603448, 0.03440408354081083, 0.0049269636977394195], [0.05685479394088832, 0.046136771106559636, 0.11131099003436176, 0.14584619336591764, 0.08298430529730738]]","[[0.2014579236074559, 0.03323213725540606, 0.05404606708243922, 0.1508453356579051, 0.04672876616398324], [0.0439524894444217, 0.04526664213165093, 0.02103875181134585, 0.021000641250153607, 0.16121622113976175], [0.06283520936400419, 0.01940178682832671, 0.010034945793032823, 0.022058276513693065, 0.1068848059564199]]",731714546,10000,10000,1.0,10000,1.0,0.0016757129676546385,0.06411945708201593,0.06125846986895864,0.09418,0.012573333333333336,0.0006866666666666667,1.3333333333333333e-05,0.3732266666666666,0.1681666666666667,2.4725040000000003,3.4468980000000005,0.0,0.0,0.0,0.0,0.0,0.0,simple_welch,Simple Welch,10000,1.0,True,0.9407,200.3321006203979,163.67538084687092,0.1164,0.1102611002513917,0.1228335032985914,0.016399999999999998,0.1164,0.1164,True,0.0593,0.054837876757090474,0.06410057940682387,0.009299999999999996,0.0593,0.0593,True,0.0151,0.01288922549293397,0.017683176126948193,0.0051,0.0151,0.0151,False
fixed_3x5_d3,3,3,3,5,100,200,0.15,8.0,2.0,0.7137808691129186,0.5365954689927253,1,0.1499999999999999,0.15000000000000058,-6.661338147750939e-16,0.8316701822298388,0.24674352223672485,0.2404200220846753,0.10345701416879916,0.17517166881130442,0.004368866217462105,0.010034945793032823,0.43688662174621046,2.0069891586065647,0.0,0.0,0.3333333333333333,0.2,True,moderate,Moderate,variant_2,15,6.666666666666667,13.333333333333334,2.0,0.43688662174621046,0.13333333333333333,0.0,0.4666666666666667,0.3333333333333333,24.90931495901794,44.24300489109534,11.330966951399466,17.02395293736358,0.44313305374503476,0.30593400851278846,0.4863102297671895,0.3148297932601649,"[[0.11687306691815001, 0.04477699851671144, 0.04539812110239222, 0.07532720960858436, 0.025398400518947848], [0.004368866217462105, 0.056168338758132604, 0.14922489737603448, 0.03440408354081083, 0.0049269636977394195], [0.05685479394088832, 0.046136771106559636, 0.11131099003436176, 0.14584619336591764, 0.08298430529730738]]","[[0.2014579236074559, 0.03323213725540606, 0.05404606708243922, 0.1508453356579051, 0.04672876616398324], [0.0439524894444217, 0.04526664213165093, 0.02103875181134585, 0.021000641250153607, 0.16121622113976175], [0.06283520936400419, 0.01940178682832671, 0.010034945793032823, 0.022058276513693065, 0.1068848059564199]]",731714546,10000,10000,1.0,10000,1.0,0.0016757129676546385,0.06411945708201593,0.06125846986895864,0.09418,0.012573333333333336,0.0006866666666666667,1.3333333333333333e-05,0.3732266666666666,0.1681666666666667,2.4725040000000003,3.4468980000000005,0.0,0.0,0.0,0.0,0.0,0.0,expanded_welch,Expanded Welch,10000,1.0,True,0.9453,53.6981704351935,32.929689977392385,0.1097,0.10372402664761456,0.1159757224805356,0.0097,0.1097,0.1097,True,0.0547,0.05041173530937794,0.05933025363954662,0.004699999999999996,0.0547,0.0547,True,0.0133,0.011234297618199402,0.015739486395817195,0.003299999999999999,0.0133,0.0133,True
stress_3x5_d4,3,4,3,5,414,414,0.1,2.0,2.0,0.6434845474377124,0.4938901977447677,4,0.10000000000000009,0.09999999999999964,4.440892098500626e-16,0.9140740790801808,0.1400999894845611,0.1634001385557331,0.057374681210083045,0.10199072310072584,0.005038169288435213,0.00794781927826557,2.085802085412178,3.2903971812019464,0.06666666666666667,0.0,0.2,0.0,False,highly_sparse,Highly skewed and sparse,variant_1,15,27.6,27.6,1.0,2.085802085412178,0.0,0.0,0.26666666666666666,0.06666666666666667,44.49880177095546,82.93861301451938,7.1824777450998765,38.55989409575979,0.5759121050424025,0.37431876095679373,0.4898888256349102,0.3385699275914384,"[[0.10896214597216217, 0.005038169288435213, 0.13027081742130028, 0.06567410016589355, 0.006657633677546867], [0.030066200359365674, 0.015111836343882312, 0.028065628209833784, 0.02912964304570154, 0.005111720473476263], [0.23529041462526593, 0.1764973107533579, 0.09977954716574401, 0.05876520658843004, 0.005579625909604591]]","[[0.044529421219738054, 0.10081474480966404, 0.20141916956608888, 0.0643901943426513, 0.07873529569676792], [0.11873309001087991, 0.08582472275835033, 0.043422753547352005, 0.020801827190097107, 0.04099396681367775], [0.06637555077600402, 0.019288511491711235, 0.09372800447799749, 0.00794781927826557, 0.012994928020754484]]",30925125,10000,10000,1.0,10000,1.0,0.0005814624847139016,0.028242879598550163,0.027816200756027372,0.0276,0.0026866666666666666,0.05674,0.0,0.18596000000000004,0.0009533333333333335,0.7706917874396134,7.681338405797102,0.0,0.0,0.00022,0.0,0.0011,0.0,normal_wald,Normal Wald,10000,1.0,True,0.948,,,0.1038,0.097973443800082,0.10993083650884214,0.003799999999999998,0.1038,0.1038,True,0.052,0.047817817398564263,0.05652624514156196,0.001999999999999995,0.052,0.052,True,0.0115,0.009589873754053872,0.013785292654097161,0.0014999999999999996,0.0115,0.0115,True
stress_3x5_d4,3,4,3,5,414,414,0.1,2.0,2.0,0.6434845474377124,0.4938901977447677,4,0.10000000000000009,0.09999999999999964,4.440892098500626e-16,0.9140740790801808,0.1400999894845611,0.1634001385557331,0.057374681210083045,0.10199072310072584,0.005038169288435213,0.00794781927826557,2.085802085412178,3.2903971812019464,0.06666666666666667,0.0,0.2,0.0,False,highly_sparse,Highly skewed and sparse,variant_1,15,27.6,27.6,1.0,2.085802085412178,0.0,0.0,0.26666666666666666,0.06666666666666667,44.49880177095546,82.93861301451938,7.1824777450998765,38.55989409575979,0.5759121050424025,0.37431876095679373,0.4898888256349102,0.3385699275914384,"[[0.10896214597216217, 0.005038169288435213, 0.13027081742130028, 0.06567410016589355, 0.006657633677546867], [0.030066200359365674, 0.015111836343882312, 0.028065628209833784, 0.02912964304570154, 0.005111720473476263], [0.23529041462526593, 0.1764973107533579, 0.09977954716574401, 0.05876520658843004, 0.005579625909604591]]","[[0.044529421219738054, 0.10081474480966404, 0.20141916956608888, 0.0643901943426513, 0.07873529569676792], [0.11873309001087991, 0.08582472275835033, 0.043422753547352005, 0.020801827190097107, 0.04099396681367775], [0.06637555077600402, 0.019288511491711235, 0.09372800447799749, 0.00794781927826557, 0.012994928020754484]]",30925125,10000,10000,1.0,10000,1.0,0.0005814624847139016,0.028242879598550163,0.027816200756027372,0.0276,0.0026866666666666666,0.05674,0.0,0.18596000000000004,0.0009533333333333335,0.7706917874396134,7.681338405797102,0.0,0.0,0.00022,0.0,0.0011,0.0,simple_welch,Simple Welch,10000,1.0,True,0.9481,817.8114908420728,766.5393214194845,0.1036,0.0977786115059429,0.10972582240232952,0.003599999999999992,0.1036,0.1036,True,0.0519,0.04772180742973847,0.05642233191006188,0.001899999999999999,0.0519,0.0519,True,0.0112,0.009316987490236137,0.013458409316937302,0.0011999999999999997,0.0112,0.0112,True
stress_3x5_d4,3,4,3,5,414,414,0.1,2.0,2.0,0.6434845474377124,0.4938901977447677,4,0.10000000000000009,0.09999999999999964,4.440892098500626e-16,0.9140740790801808,0.1400999894845611,0.1634001385557331,0.057374681210083045,0.10199072310072584,0.005038169288435213,0.00794781927826557,2.085802085412178,3.2903971812019464,0.06666666666666667,0.0,0.2,0.0,False,highly_sparse,Highly skewed and sparse,variant_1,15,27.6,27.6,1.0,2.085802085412178,0.0,0.0,0.26666666666666666,0.06666666666666667,44.49880177095546,82.93861301451938,7.1824777450998765,38.55989409575979,0.5759121050424025,0.37431876095679373,0.4898888256349102,0.3385699275914384,"[[0.10896214597216217, 0.005038169288435213, 0.13027081742130028, 0.06567410016589355, 0.006657633677546867], [0.030066200359365674, 0.015111836343882312, 0.028065628209833784, 0.02912964304570154, 0.005111720473476263], [0.23529041462526593, 0.1764973107533579, 0.09977954716574401, 0.05876520658843004, 0.005579625909604591]]","[[0.044529421219738054, 0.10081474480966404, 0.20141916956608888, 0.0643901943426513, 0.07873529569676792], [0.11873309001087991, 0.08582472275835033, 0.043422753547352005, 0.020801827190097107, 0.04099396681367775], [0.06637555077600402, 0.019288511491711235, 0.09372800447799749, 0.00794781927826557, 0.012994928020754484]]",30925125,10000,10000,1.0,10000,1.0,0.0005814624847139016,0.028242879598550163,0.027816200756027372,0.0276,0.0026866666666666666,0.05674,0.0,0.18596000000000004,0.0009533333333333335,0.7706917874396134,7.681338405797102,0.0,0.0,0.00022,0.0,0.0011,0.0,expanded_welch,Expanded Welch,10000,1.0,True,0.9496,137.99887102491897,97.50999867592326,0.1025,0.09670715796861108,0.10859812073607682,0.0024999999999999883,0.1025,0.1025,True,0.0504,0.04628220197159746,0.05486308936331493,0.0003999999999999976,0.0504,0.0504,True,0.0106,0.008772350992874956,0.012803506612343295,0.0005999999999999998,0.0106,0.0106,True
stress_3x5_d5,3,5,3,5,337,674,0.15,10.0,2.0,0.7210605303869138,0.6377846457551712,1,0.15000000000000013,0.1500000000000019,-1.7763568394002505e-15,1.0364131719410015,0.2450948553540393,0.23730196390189578,0.07818560097557437,0.14054069996416418,0.0043330322995660114,0.005633742901172242,1.460231884953746,3.7971427153900907,0.0,0.0,0.0,0.0,False,highly_sparse,Highly skewed and sparse,variant_2,15,22.466666666666665,44.93333333333333,2.0,1.460231884953746,0.0,0.0,0.26666666666666666,0.06666666666666667,93.1958919159039,93.55199554203612,21.5533749361082,54.336499974921644,0.4147771374397234,0.3828978074472262,0.44031562888021536,0.36700502447327443,"[[0.11338119520236385, 0.11277320573771403, 0.008824501440655773, 0.0043330322995660114, 0.03723373866066149], [0.099401664752777, 0.08092378597613234, 0.12955761794472287, 0.01322497101351745, 0.09166909775257374], [0.17011494749208533, 0.013662886436109042, 0.03147809257137403, 0.046398598871213864, 0.047022663848533104]]","[[0.11667304261924794, 0.08233988736488913, 0.10451852950341432, 0.0681152624637797, 0.04923646883902317], [0.021583349669126325, 0.03519762426113377, 0.025241349694046688, 0.031031115960272127, 0.025747740744851543], [0.034652219102967764, 0.24946751284725152, 0.014338576367224291, 0.13622357766159957, 0.005633742901172242]]",3324953407,10000,10000,1.0,10000,1.0,0.0009161333339758734,0.033316007977997615,0.03300943003190215,0.020093333333333335,0.0016133333333333334,0.0,0.0,0.0261,0.00114,5.860777151335312,7.539503709198812,0.0,0.0,0.0,0.0,0.0,0.0,normal_wald,Normal Wald,10000,1.0,True,0.9485,,,0.1044,0.09855798199552993,0.11054583751534941,0.004400000000000001,0.1044,0.1044,True,0.0515,0.047337812436656745,0.05600663410184015,0.0014999999999999944,0.0515,0.0515,True,0.0099,0.00813900122178111,0.01203739398115609,9.99999999999994e-05,0.0099,0.0099,True
stress_3x5_d5,3,5,3,5,337,674,0.15,10.0,2.0,0.7210605303869138,0.6377846457551712,1,0.15000000000000013,0.1500000000000019,-1.7763568394002505e-15,1.0364131719410015,0.2450948553540393,0.23730196390189578,0.07818560097557437,0.14054069996416418,0.0043330322995660114,0.005633742901172242,1.460231884953746,3.7971427153900907,0.0,0.0,0.0,0.0,False,highly_sparse,Highly skewed and sparse,variant_2,15,22.466666666666665,44.93333333333333,2.0,1.460231884953746,0.0,0.0,0.26666666666666666,0.06666666666666667,93.1958919159039,93.55199554203612,21.5533749361082,54.336499974921644,0.4147771374397234,0.3828978074472262,0.44031562888021536,0.36700502447327443,"[[0.11338119520236385, 0.11277320573771403, 0.008824501440655773, 0.0043330322995660114, 0.03723373866066149], [0.099401664752777, 0.08092378597613234, 0.12955761794472287, 0.01322497101351745, 0.09166909775257374], [0.17011494749208533, 0.013662886436109042, 0.03147809257137403, 0.046398598871213864, 0.047022663848533104]]","[[0.11667304261924794, 0.08233988736488913, 0.10451852950341432, 0.0681152624637797, 0.04923646883902317], [0.021583349669126325, 0.03519762426113377, 0.025241349694046688, 0.031031115960272127, 0.025747740744851543], [0.034652219102967764, 0.24946751284725152, 0.014338576367224291, 0.13622357766159957, 0.005633742901172242]]",3324953407,10000,10000,1.0,10000,1.0,0.0009161333339758734,0.033316007977997615,0.03300943003190215,0.020093333333333335,0.0016133333333333334,0.0,0.0,0.0261,0.00114,5.860777151335312,7.539503709198812,0.0,0.0,0.0,0.0,0.0,0.0,simple_welch,Simple Welch,10000,1.0,True,0.949,666.4536767194513,587.8095349223942,0.1041,0.09826570516805094,0.11023834474185079,0.0040999999999999925,0.1041,0.1041,True,0.051,0.04685792060889767,0.0554869099279699,0.000999999999999994,0.051,0.051,True,0.0094,0.007688088248246492,0.011488690953061383,0.0005999999999999998,0.0094,0.0094,True
stress_3x5_d5,3,5,3,5,337,674,0.15,10.0,2.0,0.7210605303869138,0.6377846457551712,1,0.15000000000000013,0.1500000000000019,-1.7763568394002505e-15,1.0364131719410015,0.2450948553540393,0.23730196390189578,0.07818560097557437,0.14054069996416418,0.0043330322995660114,0.005633742901172242,1.460231884953746,3.7971427153900907,0.0,0.0,0.0,0.0,False,highly_sparse,Highly skewed and sparse,variant_2,15,22.466666666666665,44.93333333333333,2.0,1.460231884953746,0.0,0.0,0.26666666666666666,0.06666666666666667,93.1958919159039,93.55199554203612,21.5533749361082,54.336499974921644,0.4147771374397234,0.3828978074472262,0.44031562888021536,0.36700502447327443,"[[0.11338119520236385, 0.11277320573771403, 0.008824501440655773, 0.0043330322995660114, 0.03723373866066149], [0.099401664752777, 0.08092378597613234, 0.12955761794472287, 0.01322497101351745, 0.09166909775257374], [0.17011494749208533, 0.013662886436109042, 0.03147809257137403, 0.046398598871213864, 0.047022663848533104]]","[[0.11667304261924794, 0.08233988736488913, 0.10451852950341432, 0.0681152624637797, 0.04923646883902317], [0.021583349669126325, 0.03519762426113377, 0.025241349694046688, 0.031031115960272127, 0.025747740744851543], [0.034652219102967764, 0.24946751284725152, 0.014338576367224291, 0.13622357766159957, 0.005633742901172242]]",3324953407,10000,10000,1.0,10000,1.0,0.0009161333339758734,0.033316007977997615,0.03300943003190215,0.020093333333333335,0.0016133333333333334,0.0,0.0,0.0261,0.00114,5.860777151335312,7.539503709198812,0.0,0.0,0.0,0.0,0.0,0.0,expanded_welch,Expanded Welch,10000,1.0,True,0.9501,168.68865777421064,127.81874584334943,0.1023,0.09651237094027788,0.1083930613637583,0.0022999999999999965,0.1023,0.1023,True,0.0499,0.04580256463405875,0.054343110699224324,0.00010000000000000286,0.0499,0.0499,True,0.0089,0.007238518896069928,0.010938644303608623,0.0011000000000000003,0.0089,0.0089,True
stress_3x5_d6,3,6,3,5,535,535,0.1,0.8,0.8,0.770221476678884,0.7821107609860835,1,0.09999999999999976,0.09999999999998921,1.0547118733938987e-14,1.4958713773703753,0.1752502323119461,0.17479126104525286,0.09117918467085762,0.17720805586597674,0.001329772011460398,0.0001568485472933698,0.711428026131313,0.08391397280195284,0.13333333333333333,0.0,0.4,0.2,False,ultra_sparse,Ultra-skewed and sparse,variant_1,15,35.666666666666664,35.666666666666664,1.0,0.08391397280195284,0.06666666666666667,0.06666666666666667,0.4666666666666667,0.26666666666666666,26.436552780186624,32.271479284526805,6.330591381410574,22.020800317235537,0.7053686767445054,0.45022168886313174,0.6798842188760528,0.4045252671414712,"[[0.023813779309190413, 0.0034600628716115215, 0.0021190714897871598, 0.017090788454688983, 0.00293041522086514], [0.2959505177404198, 0.018515858276950944, 0.008384037585501177, 0.3780487757043119, 0.004469487437321554], [0.12007899943470132, 0.0041237843880130905, 0.001329772011460398, 0.05508212470413089, 0.0646025253710457]]","[[0.02002286437418558, 0.02371476669308124, 0.04057588025144908, 0.005256054083696564, 0.1702256936943822], [0.1028185056929576, 0.012392458519700849, 0.3313286208449891, 0.06211119086954915, 0.17123344294885595], [0.004579638911317116, 0.00505314921195723, 0.03262076604503298, 0.0001568485472933698, 0.017910119311552213]]",224210588,10000,10000,1.0,10000,1.0,0.0011863668799773379,0.02611330899100178,0.025906938245501488,0.09239999999999998,0.07562666666666666,0.14078,0.012413333333333334,0.37531333333333333,0.21116000000000004,0.31226971962616823,1.3247000000000002,0.0,0.0,0.00034,0.0,0.0017,0.0,normal_wald,Normal Wald,10000,1.0,True,0.949,,,0.1015,0.09573329332686764,0.10757275337456162,0.0015000000000000013,0.1015,0.1015,True,0.051,0.04685792060889767,0.0554869099279699,0.000999999999999994,0.051,0.051,True,0.0115,0.009589873754053872,0.013785292654097161,0.0014999999999999996,0.0115,0.0115,True
stress_3x5_d6,3,6,3,5,535,535,0.1,0.8,0.8,0.770221476678884,0.7821107609860835,1,0.09999999999999976,0.09999999999998921,1.0547118733938987e-14,1.4958713773703753,0.1752502323119461,0.17479126104525286,0.09117918467085762,0.17720805586597674,0.001329772011460398,0.0001568485472933698,0.711428026131313,0.08391397280195284,0.13333333333333333,0.0,0.4,0.2,False,ultra_sparse,Ultra-skewed and sparse,variant_1,15,35.666666666666664,35.666666666666664,1.0,0.08391397280195284,0.06666666666666667,0.06666666666666667,0.4666666666666667,0.26666666666666666,26.436552780186624,32.271479284526805,6.330591381410574,22.020800317235537,0.7053686767445054,0.45022168886313174,0.6798842188760528,0.4045252671414712,"[[0.023813779309190413, 0.0034600628716115215, 0.0021190714897871598, 0.017090788454688983, 0.00293041522086514], [0.2959505177404198, 0.018515858276950944, 0.008384037585501177, 0.3780487757043119, 0.004469487437321554], [0.12007899943470132, 0.0041237843880130905, 0.001329772011460398, 0.05508212470413089, 0.0646025253710457]]","[[0.02002286437418558, 0.02371476669308124, 0.04057588025144908, 0.005256054083696564, 0.1702256936943822], [0.1028185056929576, 0.012392458519700849, 0.3313286208449891, 0.06211119086954915, 0.17123344294885595], [0.004579638911317116, 0.00505314921195723, 0.03262076604503298, 0.0001568485472933698, 0.017910119311552213]]",224210588,10000,10000,1.0,10000,1.0,0.0011863668799773379,0.02611330899100178,0.025906938245501488,0.09239999999999998,0.07562666666666666,0.14078,0.012413333333333334,0.37531333333333333,0.21116000000000004,0.31226971962616823,1.3247000000000002,0.0,0.0,0.00034,0.0,0.0017,0.0,simple_welch,Simple Welch,10000,1.0,True,0.9492,1062.6065279632858,1023.5819331514882,0.1015,0.09573329332686764,0.10757275337456162,0.0015000000000000013,0.1015,0.1015,True,0.0508,0.04666599590665273,0.05527898822956312,0.0007999999999999952,0.0508,0.0508,True,0.0113,0.009407908789372999,0.013567411218126301,0.001299999999999999,0.0113,0.0113,True
stress_3x5_d6,3,6,3,5,535,535,0.1,0.8,0.8,0.770221476678884,0.7821107609860835,1,0.09999999999999976,0.09999999999998921,1.0547118733938987e-14,1.4958713773703753,0.1752502323119461,0.17479126104525286,0.09117918467085762,0.17720805586597674,0.001329772011460398,0.0001568485472933698,0.711428026131313,0.08391397280195284,0.13333333333333333,0.0,0.4,0.2,False,ultra_sparse,Ultra-skewed and sparse,variant_1,15,35.666666666666664,35.666666666666664,1.0,0.08391397280195284,0.06666666666666667,0.06666666666666667,0.4666666666666667,0.26666666666666666,26.436552780186624,32.271479284526805,6.330591381410574,22.020800317235537,0.7053686767445054,0.45022168886313174,0.6798842188760528,0.4045252671414712,"[[0.023813779309190413, 0.0034600628716115215, 0.0021190714897871598, 0.017090788454688983, 0.00293041522086514], [0.2959505177404198, 0.018515858276950944, 0.008384037585501177, 0.3780487757043119, 0.004469487437321554], [0.12007899943470132, 0.0041237843880130905, 0.001329772011460398, 0.05508212470413089, 0.0646025253710457]]","[[0.02002286437418558, 0.02371476669308124, 0.04057588025144908, 0.005256054083696564, 0.1702256936943822], [0.1028185056929576, 0.012392458519700849, 0.3313286208449891, 0.06211119086954915, 0.17123344294885595], [0.004579638911317116, 0.00505314921195723, 0.03262076604503298, 0.0001568485472933698, 0.017910119311552213]]",224210588,10000,10000,1.0,10000,1.0,0.0011863668799773379,0.02611330899100178,0.025906938245501488,0.09239999999999998,0.07562666666666666,0.14078,0.012413333333333334,0.37531333333333333,0.21116000000000004,0.31226971962616823,1.3247000000000002,0.0,0.0,0.00034,0.0,0.0017,0.0,expanded_welch,Expanded Welch,10000,1.0,True,0.95,169.352881925423,119.90255968207283,0.0996,0.093883441847563,0.10562406404767477,0.00040000000000001146,0.0996,0.0996,True,0.05,0.04589848269058477,0.05444711584302416,0.0,0.05,0.05,True,0.0104,0.008591159114003776,0.012584852090562745,0.0003999999999999993,0.0104,0.0104,True
stress_3x5_d7,3,7,3,5,69,690,0.15,10.0,0.8,0.6560835282739748,1.502171717950776,1,0.15000000000000235,0.1499999999999999,2.4424906541753444e-15,0.9565889867740877,0.23721834512747383,0.20942824377166613,0.11172241374433756,0.1813026093990302,0.01277016454742693,8.261345662070577e-05,0.8811413537724582,0.05700328506828698,0.0,0.0,0.6666666666666666,0.0,False,ultra_sparse,Ultra-skewed and sparse,variant_2,15,4.6,46.0,10.0,0.05700328506828698,0.06666666666666667,0.06666666666666667,0.5333333333333333,0.13333333333333333,20.879515399011556,72.41122367434585,10.364849074870342,62.33434235638447,0.3676267027764736,0.25791446743171265,0.5384082274526178,0.32361392882582896,"[[0.062259688432917445, 0.0915725308367022, 0.11524527533217552, 0.021998799411252164, 0.03869533076103612], [0.08645392846421109, 0.0928196187647446, 0.06979907433834169, 0.01277016454742693, 0.04075888633471858], [0.10920085053458412, 0.026383307125073387, 0.016048127134008085, 0.11544624002494906, 0.10054817795785893]]","[[0.03414799814390285, 0.016177070097390302, 0.026319306193813993, 8.261345662070577e-05, 0.028216814534860336], [0.05468776489829427, 0.1079011906106438, 0.10855412027059068, 0.21729632133988236, 0.04996883033320677], [0.0015038635612586349, 0.19953566811779483, 0.053617540959238624, 0.07601001634715664, 0.025980881135345107]]",4175141723,10000,10000,1.0,10000,1.0,0.00898345454582219,0.06878423180582938,0.0609008354653153,0.08562666666666667,0.08654666666666666,0.001093333333333333,0.0,0.6298466666666667,0.00698,2.3452057971014493,6.4317568115942025,0.0,0.0,0.0,0.0,0.0,0.0,normal_wald,Normal Wald,10000,1.0,True,0.9061,,,0.1516,0.14470478895641128,0.1587627811082762,0.05160000000000001,0.1516,0.1516,False,0.0939,0.08833790268998898,0.09977398078667454,0.043899999999999995,0.0939,0.0939,False,0.033,0.029674198102348497,0.03668445637586345,0.023,0.033,0.033,False
stress_3x5_d7,3,7,3,5,69,690,0.15,10.0,0.8,0.6560835282739748,1.502171717950776,1,0.15000000000000235,0.1499999999999999,2.4424906541753444e-15,0.9565889867740877,0.23721834512747383,0.20942824377166613,0.11172241374433756,0.1813026093990302,0.01277016454742693,8.261345662070577e-05,0.8811413537724582,0.05700328506828698,0.0,0.0,0.6666666666666666,0.0,False,ultra_sparse,Ultra-skewed and sparse,variant_2,15,4.6,46.0,10.0,0.05700328506828698,0.06666666666666667,0.06666666666666667,0.5333333333333333,0.13333333333333333,20.879515399011556,72.41122367434585,10.364849074870342,62.33434235638447,0.3676267027764736,0.25791446743171265,0.5384082274526178,0.32361392882582896,"[[0.062259688432917445, 0.0915725308367022, 0.11524527533217552, 0.021998799411252164, 0.03869533076103612], [0.08645392846421109, 0.0928196187647446, 0.06979907433834169, 0.01277016454742693, 0.04075888633471858], [0.10920085053458412, 0.026383307125073387, 0.016048127134008085, 0.11544624002494906, 0.10054817795785893]]","[[0.03414799814390285, 0.016177070097390302, 0.026319306193813993, 8.261345662070577e-05, 0.028216814534860336], [0.05468776489829427, 0.1079011906106438, 0.10855412027059068, 0.21729632133988236, 0.04996883033320677], [0.0015038635612586349, 0.19953566811779483, 0.053617540959238624, 0.07601001634715664, 0.025980881135345107]]",4175141723,10000,10000,1.0,10000,1.0,0.00898345454582219,0.06878423180582938,0.0609008354653153,0.08562666666666667,0.08654666666666666,0.001093333333333333,0.0,0.6298466666666667,0.00698,2.3452057971014493,6.4317568115942025,0.0,0.0,0.0,0.0,0.0,0.0,simple_welch,Simple Welch,10000,1.0,True,0.9103,80.56343970254112,75.91131146825839,0.1478,0.14097932105097147,0.1548911674013331,0.04779999999999998,0.1478,0.1478,True,0.0897,0.08425578768255905,0.09545932138041814,0.0397,0.0897,0.0897,False,0.0303,0.02711656606925434,0.03384416200015925,0.0203,0.0303,0.0303,False
stress_3x5_d7,3,7,3,5,69,690,0.15,10.0,0.8,0.6560835282739748,1.502171717950776,1,0.15000000000000235,0.1499999999999999,2.4424906541753444e-15,0.9565889867740877,0.23721834512747383,0.20942824377166613,0.11172241374433756,0.1813026093990302,0.01277016454742693,8.261345662070577e-05,0.8811413537724582,0.05700328506828698,0.0,0.0,0.6666666666666666,0.0,False,ultra_sparse,Ultra-skewed and sparse,variant_2,15,4.6,46.0,10.0,0.05700328506828698,0.06666666666666667,0.06666666666666667,0.5333333333333333,0.13333333333333333,20.879515399011556,72.41122367434585,10.364849074870342,62.33434235638447,0.3676267027764736,0.25791446743171265,0.5384082274526178,0.32361392882582896,"[[0.062259688432917445, 0.0915725308367022, 0.11524527533217552, 0.021998799411252164, 0.03869533076103612], [0.08645392846421109, 0.0928196187647446, 0.06979907433834169, 0.01277016454742693, 0.04075888633471858], [0.10920085053458412, 0.026383307125073387, 0.016048127134008085, 0.11544624002494906, 0.10054817795785893]]","[[0.03414799814390285, 0.016177070097390302, 0.026319306193813993, 8.261345662070577e-05, 0.028216814534860336], [0.05468776489829427, 0.1079011906106438, 0.10855412027059068, 0.21729632133988236, 0.04996883033320677], [0.0015038635612586349, 0.19953566811779483, 0.053617540959238624, 0.07601001634715664, 0.025980881135345107]]",4175141723,10000,10000,1.0,10000,1.0,0.00898345454582219,0.06878423180582938,0.0609008354653153,0.08562666666666667,0.08654666666666666,0.001093333333333333,0.0,0.6298466666666667,0.00698,2.3452057971014493,6.4317568115942025,0.0,0.0,0.0,0.0,0.0,0.0,expanded_welch,Expanded Welch,10000,1.0,True,0.9239,28.148607832377422,12.756084401644616,0.1377,0.13108524770141056,0.14459299751798171,0.037699999999999984,0.1377,0.1377,True,0.0761,0.07106422354070369,0.0814613302779559,0.026099999999999998,0.0761,0.0761,False,0.02,0.01743471167513658,0.022933926760712948,0.01,0.02,0.02,False
adversarial_3x5_d8,3,8,3,5,55,55,0.1,0.35,0.35,1.5178583418891471,0.6546760018080796,5,0.1000000000000002,0.10000000000001363,-1.3433698597964394e-14,1.354706994644314,0.22689246085789658,0.16657050550564154,0.0951213238466484,0.18877823635244653,6.316589514964518e-06,0.003932058062894663,0.0003474124233230485,0.21626319345920647,0.4666666666666667,0.26666666666666666,0.8,0.7333333333333333,False,widespread_sparse,Widespread sparsity,variant_1,15,3.6666666666666665,3.6666666666666665,1.0,0.0003474124233230485,0.4,0.3333333333333333,0.8,0.7333333333333333,4.019974800699504,3.2139710916189173,1.1476371961014333,3.3939407214650053,0.6810588599211542,0.6603796048320797,0.6026260240346073,0.44102106019546367,"[[0.023004193237497566, 0.05473583283316699, 0.491733180565885, 0.018493887730034197, 0.09309176555457038], [0.0005463989146325285, 0.01694427793659911, 0.15259383594954629, 0.002365926518658719, 0.07340024983760009], [0.03137813700237827, 0.022069994750589926, 0.016052588316648343, 6.316589514964518e-06, 0.0035834142626776705]]","[[0.016659330296596525, 0.003932058062894663, 0.004323048050147176, 0.02218783872373016, 0.011333562896066336], [0.023043780633549844, 0.059357188466106305, 0.31138110783680284, 0.18082405777434002, 0.028019889323808275], [0.10945214190715932, 0.016413830827640044, 0.12531690430851367, 0.06540069999497387, 0.022354560897670944]]",2032883690,10000,10000,1.0,10000,1.0,-0.021418070260508237,0.09302562006379307,0.09055201912932792,0.37544666666666665,0.27086,0.45832000000000006,0.3239,0.8044800000000001,0.73582,0.07219454545454546,0.16241090909090908,0.004766666666666667,0.012199999999999999,0.0734,0.00762,0.3598,0.0731,normal_wald,Normal Wald,10000,1.0,True,0.9251,,,0.1289,0.12247458864326446,0.13561041494745166,0.02889999999999998,0.1289,0.1289,True,0.0749,0.06990243449340622,0.080224040921343,0.02489999999999999,0.0749,0.0749,True,0.0242,0.021365877393778255,0.02739953545575759,0.014199999999999999,0.0242,0.0242,False
adversarial_3x5_d8,3,8,3,5,55,55,0.1,0.35,0.35,1.5178583418891471,0.6546760018080796,5,0.1000000000000002,0.10000000000001363,-1.3433698597964394e-14,1.354706994644314,0.22689246085789658,0.16657050550564154,0.0951213238466484,0.18877823635244653,6.316589514964518e-06,0.003932058062894663,0.0003474124233230485,0.21626319345920647,0.4666666666666667,0.26666666666666666,0.8,0.7333333333333333,False,widespread_sparse,Widespread sparsity,variant_1,15,3.6666666666666665,3.6666666666666665,1.0,0.0003474124233230485,0.4,0.3333333333333333,0.8,0.7333333333333333,4.019974800699504,3.2139710916189173,1.1476371961014333,3.3939407214650053,0.6810588599211542,0.6603796048320797,0.6026260240346073,0.44102106019546367,"[[0.023004193237497566, 0.05473583283316699, 0.491733180565885, 0.018493887730034197, 0.09309176555457038], [0.0005463989146325285, 0.01694427793659911, 0.15259383594954629, 0.002365926518658719, 0.07340024983760009], [0.03137813700237827, 0.022069994750589926, 0.016052588316648343, 6.316589514964518e-06, 0.0035834142626776705]]","[[0.016659330296596525, 0.003932058062894663, 0.004323048050147176, 0.02218783872373016, 0.011333562896066336], [0.023043780633549844, 0.059357188466106305, 0.31138110783680284, 0.18082405777434002, 0.028019889323808275], [0.10945214190715932, 0.016413830827640044, 0.12531690430851367, 0.06540069999497387, 0.022354560897670944]]",2032883690,10000,10000,1.0,10000,1.0,-0.021418070260508237,0.09302562006379307,0.09055201912932792,0.37544666666666665,0.27086,0.45832000000000006,0.3239,0.8044800000000001,0.73582,0.07219454545454546,0.16241090909090908,0.004766666666666667,0.012199999999999999,0.0734,0.00762,0.3598,0.0731,simple_welch,Simple Welch,10000,1.0,True,0.9283,103.4989902311934,81.46343591001701,0.1257,0.11934589316060668,0.13234156801968183,0.0257,0.1257,0.1257,True,0.0717,0.0668062416135247,0.07692269139079684,0.021699999999999997,0.0717,0.0717,True,0.0215,0.01883554672192749,0.024531939718810007,0.011499999999999998,0.0215,0.0215,False
adversarial_3x5_d8,3,8,3,5,55,55,0.1,0.35,0.35,1.5178583418891471,0.6546760018080796,5,0.1000000000000002,0.10000000000001363,-1.3433698597964394e-14,1.354706994644314,0.22689246085789658,0.16657050550564154,0.0951213238466484,0.18877823635244653,6.316589514964518e-06,0.003932058062894663,0.0003474124233230485,0.21626319345920647,0.4666666666666667,0.26666666666666666,0.8,0.7333333333333333,False,widespread_sparse,Widespread sparsity,variant_1,15,3.6666666666666665,3.6666666666666665,1.0,0.0003474124233230485,0.4,0.3333333333333333,0.8,0.7333333333333333,4.019974800699504,3.2139710916189173,1.1476371961014333,3.3939407214650053,0.6810588599211542,0.6603796048320797,0.6026260240346073,0.44102106019546367,"[[0.023004193237497566, 0.05473583283316699, 0.491733180565885, 0.018493887730034197, 0.09309176555457038], [0.0005463989146325285, 0.01694427793659911, 0.15259383594954629, 0.002365926518658719, 0.07340024983760009], [0.03137813700237827, 0.022069994750589926, 0.016052588316648343, 6.316589514964518e-06, 0.0035834142626776705]]","[[0.016659330296596525, 0.003932058062894663, 0.004323048050147176, 0.02218783872373016, 0.011333562896066336], [0.023043780633549844, 0.059357188466106305, 0.31138110783680284, 0.18082405777434002, 0.028019889323808275], [0.10945214190715932, 0.016413830827640044, 0.12531690430851367, 0.06540069999497387, 0.022354560897670944]]",2032883690,10000,10000,1.0,10000,1.0,-0.021418070260508237,0.09302562006379307,0.09055201912932792,0.37544666666666665,0.27086,0.45832000000000006,0.3239,0.8044800000000001,0.73582,0.07219454545454546,0.16241090909090908,0.004766666666666667,0.012199999999999999,0.0734,0.00762,0.3598,0.0731,expanded_welch,Expanded Welch,10000,1.0,True,0.9421,20.4043440800697,8.57485892621836,0.1116,0.10557711680446394,0.11792117312987765,0.0116,0.1116,0.1116,True,0.0579,0.053489917857932376,0.06264961350141986,0.007899999999999997,0.0579,0.0579,True,0.0128,0.010776367996168325,0.015197800016218949,0.0028000000000000004,0.0128,0.0128,True
adversarial_3x5_d9,3,9,3,5,87,174,0.15,1.0,0.35,0.6078737944830701,4.883648120424251,2,0.15000000000000013,0.15000000000000013,0.0,1.5457149960266028,0.2827542906580282,0.26695798858738207,0.16625476453541665,0.2926392191505211,0.001692678160451278,3.0691303627389006e-12,0.14726299995926118,5.340286831165687e-10,0.26666666666666666,0.4666666666666667,0.5333333333333333,0.6,False,widespread_sparse,Widespread sparsity,variant_2,15,5.8,11.6,2.0,5.340286831165687e-10,0.26666666666666666,0.4666666666666667,0.6,0.6,18.14625986685788,1.2366812680404236,1.6358690222619197,8.536774186744784,0.4025451249304263,0.4208013535988304,0.9099127445200462,0.4963973943562785,"[[0.031583464732928855, 0.003914012974941602, 0.026083697625693538, 0.14109342004617656, 0.0059031042393155354], [0.14857158457038513, 0.013196401074514244, 0.1572786359867854, 0.04248851049763972, 0.02734204332119332], [0.24064630429551642, 0.001692678160451278, 0.0719393225728964, 0.0785938626584629, 0.009672957243099288]]","[[3.6066152378595745e-10, 0.005864976808959111, 0.0012422213852027568, 3.0691303627389006e-12, 1.650515352002892e-07], [0.04329616304255996, 2.457381652034665e-08, 0.03765147771401497, 3.317354990367918e-05, 0.001999052990231139], [0.005765757210254289, 0.4905323929735029, 0.23472917026134324, 0.049935495154061114, 0.12894992892088464]]",1604980699,10000,10000,1.0,10000,1.0,0.014682515984825492,0.0726216659306191,0.06888468770180364,0.2124333333333333,0.4822,0.25706666666666667,0.42577333333333334,0.48838000000000004,0.6129133333333333,0.29432068965517244,0.049159770114942526,0.0,0.09526666666666664,0.04354000000000001,0.00016,0.2142,0.2861,normal_wald,Normal Wald,10000,1.0,True,0.9327,,,0.1214,0.11514388309643125,0.12794688046984506,0.02139999999999999,0.1214,0.1214,True,0.0673,0.0625537780339997,0.0723785341559838,0.017299999999999996,0.0673,0.0673,True,0.0204,0.017807894923034105,0.02336043631411889,0.010400000000000001,0.0204,0.0204,False
adversarial_3x5_d9,3,9,3,5,87,174,0.15,1.0,0.35,0.6078737944830701,4.883648120424251,2,0.15000000000000013,0.15000000000000013,0.0,1.5457149960266028,0.2827542906580282,0.26695798858738207,0.16625476453541665,0.2926392191505211,0.001692678160451278,3.0691303627389006e-12,0.14726299995926118,5.340286831165687e-10,0.26666666666666666,0.4666666666666667,0.5333333333333333,0.6,False,widespread_sparse,Widespread sparsity,variant_2,15,5.8,11.6,2.0,5.340286831165687e-10,0.26666666666666666,0.4666666666666667,0.6,0.6,18.14625986685788,1.2366812680404236,1.6358690222619197,8.536774186744784,0.4025451249304263,0.4208013535988304,0.9099127445200462,0.4963973943562785,"[[0.031583464732928855, 0.003914012974941602, 0.026083697625693538, 0.14109342004617656, 0.0059031042393155354], [0.14857158457038513, 0.013196401074514244, 0.1572786359867854, 0.04248851049763972, 0.02734204332119332], [0.24064630429551642, 0.001692678160451278, 0.0719393225728964, 0.0785938626584629, 0.009672957243099288]]","[[3.6066152378595745e-10, 0.005864976808959111, 0.0012422213852027568, 3.0691303627389006e-12, 1.650515352002892e-07], [0.04329616304255996, 2.457381652034665e-08, 0.03765147771401497, 3.317354990367918e-05, 0.001999052990231139], [0.005765757210254289, 0.4905323929735029, 0.23472917026134324, 0.049935495154061114, 0.12894992892088464]]",1604980699,10000,10000,1.0,10000,1.0,0.014682515984825492,0.0726216659306191,0.06888468770180364,0.2124333333333333,0.4822,0.25706666666666667,0.42577333333333334,0.48838000000000004,0.6129133333333333,0.29432068965517244,0.049159770114942526,0.0,0.09526666666666664,0.04354000000000001,0.00016,0.2142,0.2861,simple_welch,Simple Welch,10000,1.0,True,0.9346,162.75008748260348,129.090559775401,0.1194,0.11319033777784819,0.12590196178191082,0.0194,0.1194,0.1194,True,0.0654,0.060719317043048886,0.0704144543407432,0.015399999999999997,0.0654,0.0654,True,0.0195,0.0169686324943054,0.022400389939914805,0.0095,0.0195,0.0195,False
adversarial_3x5_d9,3,9,3,5,87,174,0.15,1.0,0.35,0.6078737944830701,4.883648120424251,2,0.15000000000000013,0.15000000000000013,0.0,1.5457149960266028,0.2827542906580282,0.26695798858738207,0.16625476453541665,0.2926392191505211,0.001692678160451278,3.0691303627389006e-12,0.14726299995926118,5.340286831165687e-10,0.26666666666666666,0.4666666666666667,0.5333333333333333,0.6,False,widespread_sparse,Widespread sparsity,variant_2,15,5.8,11.6,2.0,5.340286831165687e-10,0.26666666666666666,0.4666666666666667,0.6,0.6,18.14625986685788,1.2366812680404236,1.6358690222619197,8.536774186744784,0.4025451249304263,0.4208013535988304,0.9099127445200462,0.4963973943562785,"[[0.031583464732928855, 0.003914012974941602, 0.026083697625693538, 0.14109342004617656, 0.0059031042393155354], [0.14857158457038513, 0.013196401074514244, 0.1572786359867854, 0.04248851049763972, 0.02734204332119332], [0.24064630429551642, 0.001692678160451278, 0.0719393225728964, 0.0785938626584629, 0.009672957243099288]]","[[3.6066152378595745e-10, 0.005864976808959111, 0.0012422213852027568, 3.0691303627389006e-12, 1.650515352002892e-07], [0.04329616304255996, 2.457381652034665e-08, 0.03765147771401497, 3.317354990367918e-05, 0.001999052990231139], [0.005765757210254289, 0.4905323929735029, 0.23472917026134324, 0.049935495154061114, 0.12894992892088464]]",1604980699,10000,10000,1.0,10000,1.0,0.014682515984825492,0.0726216659306191,0.06888468770180364,0.2124333333333333,0.4822,0.25706666666666667,0.42577333333333334,0.48838000000000004,0.6129133333333333,0.29432068965517244,0.049159770114942526,0.0,0.09526666666666664,0.04354000000000001,0.00016,0.2142,0.2861,expanded_welch,Expanded Welch,10000,1.0,True,0.9397,46.15885999278976,24.47364253951926,0.1145,0.10840660428425211,0.12088945845953955,0.014499999999999999,0.1145,0.1145,True,0.0603,0.05580115113730913,0.06513653702986386,0.010299999999999997,0.0603,0.0603,True,0.017,0.014645511303266186,0.019725431122807408,0.007000000000000001,0.017,0.017,False
strong_null_5x5_d-2,4,-2,5,5,375,375,0.1,50.0,50.0,0.531721679436936,0.531721679436936,1,0.10000000000000031,0.10000000000000031,0.0,0.0,0.17247992453918898,0.17247992453918898,0.10000000000000031,0.17247992453918898,0.005701376393244532,0.005701376393244532,2.138016147466699,2.138016147466699,0.0,0.0,0.0,0.0,False,strong_null,Strong null (P = Q),variant_1,25,15.0,15.0,1.0,2.138016147466699,0.0,0.0,0.08,0.08,58.600868598473284,58.600868598473284,66.73003846030561,66.73003846030561,0.2631551110243266,0.24759705346488892,0.2631551110243266,0.24759705346488892,"[[0.034377336980522956, 0.05655021960813076, 0.0501599501925912, 0.005701376393244532, 0.009480099754772625], [0.025447515321254312, 0.04017907429097023, 0.036123282575549004, 0.035185201820245836, 0.06307663096373889], [0.07313166384930914, 0.04029287944824309, 0.06082460799441897, 0.04737152100558007, 0.04153443872677533], [0.030837982886656963, 0.023457756647953094, 0.036833226440855495, 0.06011746746291741, 0.037056838623607743], [0.014152270189738279, 0.08711712346959173, 0.015862501600155697, 0.03177834648547652, 0.043350687267700166]]","[[0.034377336980522956, 0.05655021960813076, 0.0501599501925912, 0.005701376393244532, 0.009480099754772625], [0.025447515321254312, 0.04017907429097023, 0.036123282575549004, 0.035185201820245836, 0.06307663096373889], [0.07313166384930914, 0.04029287944824309, 0.06082460799441897, 0.04737152100558007, 0.04153443872677533], [0.030837982886656963, 0.023457756647953094, 0.036833226440855495, 0.06011746746291741, 0.037056838623607743], [0.014152270189738279, 0.08711712346959173, 0.015862501600155697, 0.03177834648547652, 0.043350687267700166]]",3929233077,10000,10000,1.0,10000,1.0,-0.00021237515043115015,0.032756260847028144,0.03231352075908009,0.006240000000000001,0.006016,0.0,0.0,4e-06,4e-06,9.296113333333333,9.306845333333333,0.0,0.0,0.0,0.0,0.0,0.0,normal_wald,Normal Wald,10000,1.0,True,0.9498,,,0.1038,0.097973443800082,0.10993083650884214,0.003799999999999998,0.1038,0.1038,True,0.0502,0.046090332946713386,0.05465511198754727,0.0001999999999999988,0.0502,0.0502,True,0.01,0.008229336148148417,0.012146982255114645,0.0,0.01,0.01,True
strong_null_5x5_d-2,4,-2,5,5,375,375,0.1,50.0,50.0,0.531721679436936,0.531721679436936,1,0.10000000000000031,0.10000000000000031,0.0,0.0,0.17247992453918898,0.17247992453918898,0.10000000000000031,0.17247992453918898,0.005701376393244532,0.005701376393244532,2.138016147466699,2.138016147466699,0.0,0.0,0.0,0.0,False,strong_null,Strong null (P = Q),variant_1,25,15.0,15.0,1.0,2.138016147466699,0.0,0.0,0.08,0.08,58.600868598473284,58.600868598473284,66.73003846030561,66.73003846030561,0.2631551110243266,0.24759705346488892,0.2631551110243266,0.24759705346488892,"[[0.034377336980522956, 0.05655021960813076, 0.0501599501925912, 0.005701376393244532, 0.009480099754772625], [0.025447515321254312, 0.04017907429097023, 0.036123282575549004, 0.035185201820245836, 0.06307663096373889], [0.07313166384930914, 0.04029287944824309, 0.06082460799441897, 0.04737152100558007, 0.04153443872677533], [0.030837982886656963, 0.023457756647953094, 0.036833226440855495, 0.06011746746291741, 0.037056838623607743], [0.014152270189738279, 0.08711712346959173, 0.015862501600155697, 0.03177834648547652, 0.043350687267700166]]","[[0.034377336980522956, 0.05655021960813076, 0.0501599501925912, 0.005701376393244532, 0.009480099754772625], [0.025447515321254312, 0.04017907429097023, 0.036123282575549004, 0.035185201820245836, 0.06307663096373889], [0.07313166384930914, 0.04029287944824309, 0.06082460799441897, 0.04737152100558007, 0.04153443872677533], [0.030837982886656963, 0.023457756647953094, 0.036833226440855495, 0.06011746746291741, 0.037056838623607743], [0.014152270189738279, 0.08711712346959173, 0.015862501600155697, 0.03177834648547652, 0.043350687267700166]]",3929233077,10000,10000,1.0,10000,1.0,-0.00021237515043115015,0.032756260847028144,0.03231352075908009,0.006240000000000001,0.006016,0.0,0.0,4e-06,4e-06,9.296113333333333,9.306845333333333,0.0,0.0,0.0,0.0,0.0,0.0,simple_welch,Simple Welch,10000,1.0,True,0.9502,742.7326197795645,706.610673806636,0.1032,0.09738896767995,0.10931577342701895,0.0031999999999999945,0.1032,0.1032,True,0.0498,0.04570665130975952,0.05423910082319768,0.00020000000000000573,0.0498,0.0498,True,0.0098,0.008048716055211168,0.011927755947400165,0.00020000000000000052,0.0098,0.0098,True
strong_null_5x5_d-2,4,-2,5,5,375,375,0.1,50.0,50.0,0.531721679436936,0.531721679436936,1,0.10000000000000031,0.10000000000000031,0.0,0.0,0.17247992453918898,0.17247992453918898,0.10000000000000031,0.17247992453918898,0.005701376393244532,0.005701376393244532,2.138016147466699,2.138016147466699,0.0,0.0,0.0,0.0,False,strong_null,Strong null (P = Q),variant_1,25,15.0,15.0,1.0,2.138016147466699,0.0,0.0,0.08,0.08,58.600868598473284,58.600868598473284,66.73003846030561,66.73003846030561,0.2631551110243266,0.24759705346488892,0.2631551110243266,0.24759705346488892,"[[0.034377336980522956, 0.05655021960813076, 0.0501599501925912, 0.005701376393244532, 0.009480099754772625], [0.025447515321254312, 0.04017907429097023, 0.036123282575549004, 0.035185201820245836, 0.06307663096373889], [0.07313166384930914, 0.04029287944824309, 0.06082460799441897, 0.04737152100558007, 0.04153443872677533], [0.030837982886656963, 0.023457756647953094, 0.036833226440855495, 0.06011746746291741, 0.037056838623607743], [0.014152270189738279, 0.08711712346959173, 0.015862501600155697, 0.03177834648547652, 0.043350687267700166]]","[[0.034377336980522956, 0.05655021960813076, 0.0501599501925912, 0.005701376393244532, 0.009480099754772625], [0.025447515321254312, 0.04017907429097023, 0.036123282575549004, 0.035185201820245836, 0.06307663096373889], [0.07313166384930914, 0.04029287944824309, 0.06082460799441897, 0.04737152100558007, 0.04153443872677533], [0.030837982886656963, 0.023457756647953094, 0.036833226440855495, 0.06011746746291741, 0.037056838623607743], [0.014152270189738279, 0.08711712346959173, 0.015862501600155697, 0.03177834648547652, 0.043350687267700166]]",3929233077,10000,10000,1.0,10000,1.0,-0.00021237515043115015,0.032756260847028144,0.03231352075908009,0.006240000000000001,0.006016,0.0,0.0,4e-06,4e-06,9.296113333333333,9.306845333333333,0.0,0.0,0.0,0.0,0.0,0.0,expanded_welch,Expanded Welch,10000,1.0,True,0.952,117.69772046245623,89.214792982178,0.1007,0.09495432940119516,0.10675233169762716,0.0006999999999999923,0.1007,0.1007,True,0.048,0.043981036388118365,0.05236609813897327,0.0020000000000000018,0.048,0.048,True,0.0092,0.007508093306449298,0.011268839494206848,0.0008000000000000004,0.0092,0.0092,True
strong_null_5x5_d-1,4,-1,5,5,200,400,0.15,8.0,8.0,0.7614065129336616,0.7614065129336616,1,0.15000000000000036,0.15000000000000036,0.0,0.0,0.21272401115798606,0.21272401115798606,0.15000000000000013,0.21272401115798606,0.0024155080374396337,0.0024155080374396337,0.48310160748792674,0.9662032149758535,0.0,0.0,0.2,0.0,False,strong_null,Strong null (P = Q),variant_2,25,8.0,16.0,2.0,0.48310160748792674,0.12,0.04,0.32,0.16,31.797616110790567,63.595232221581135,18.091394675416534,36.18278935083307,0.2505327300519831,0.3139433622865885,0.2505327300519831,0.3139433622865885,"[[0.03306958168631051, 0.04013448700106714, 0.0463465852594933, 0.02435654305918239, 0.01508088354789949], [0.026701800927746742, 0.08971960374992573, 0.09800199564511343, 0.0024155080374396337, 0.015651800338808898], [0.05836192411608497, 0.026309668721814478, 0.05460023233863275, 0.044102732637425986, 0.003801155735014008], [0.041612359799517704, 0.07174461835982628, 0.04182317222050308, 0.0043845106938789034, 0.011248106072331569], [0.036579337475370094, 0.01263190796142723, 0.0731713768228459, 0.08347508010931119, 0.0446750276830287]]","[[0.03306958168631051, 0.04013448700106714, 0.0463465852594933, 0.02435654305918239, 0.01508088354789949], [0.026701800927746742, 0.08971960374992573, 0.09800199564511343, 0.0024155080374396337, 0.015651800338808898], [0.05836192411608497, 0.026309668721814478, 0.05460023233863275, 0.044102732637425986, 0.003801155735014008], [0.041612359799517704, 0.07174461835982628, 0.04182317222050308, 0.0043845106938789034, 0.011248106072331569], [0.036579337475370094, 0.01263190796142723, 0.0731713768228459, 0.08347508010931119, 0.0446750276830287]]",3930232604,10000,10000,1.0,10000,1.0,0.0006835232884386016,0.043036876923007804,0.041010244980636996,0.071464,0.032052,9.6e-05,0.0,0.24030800000000005,0.020084,2.6087525,5.4615712499999995,0.0,0.0,0.0,0.0,0.0,0.0,normal_wald,Normal Wald,10000,1.0,True,0.9377,,,0.117,0.11084684235929051,0.12344730039264776,0.017,0.117,0.117,True,0.0623,0.05772877877310782,0.06720737340058246,0.012299999999999998,0.0623,0.0623,True,0.0155,0.013258222525509157,0.018113871895676467,0.0055,0.0155,0.0155,False
strong_null_5x5_d-1,4,-1,5,5,200,400,0.15,8.0,8.0,0.7614065129336616,0.7614065129336616,1,0.15000000000000036,0.15000000000000036,0.0,0.0,0.21272401115798606,0.21272401115798606,0.15000000000000013,0.21272401115798606,0.0024155080374396337,0.0024155080374396337,0.48310160748792674,0.9662032149758535,0.0,0.0,0.2,0.0,False,strong_null,Strong null (P = Q),variant_2,25,8.0,16.0,2.0,0.48310160748792674,0.12,0.04,0.32,0.16,31.797616110790567,63.595232221581135,18.091394675416534,36.18278935083307,0.2505327300519831,0.3139433622865885,0.2505327300519831,0.3139433622865885,"[[0.03306958168631051, 0.04013448700106714, 0.0463465852594933, 0.02435654305918239, 0.01508088354789949], [0.026701800927746742, 0.08971960374992573, 0.09800199564511343, 0.0024155080374396337, 0.015651800338808898], [0.05836192411608497, 0.026309668721814478, 0.05460023233863275, 0.044102732637425986, 0.003801155735014008], [0.041612359799517704, 0.07174461835982628, 0.04182317222050308, 0.0043845106938789034, 0.011248106072331569], [0.036579337475370094, 0.01263190796142723, 0.0731713768228459, 0.08347508010931119, 0.0446750276830287]]","[[0.03306958168631051, 0.04013448700106714, 0.0463465852594933, 0.02435654305918239, 0.01508088354789949], [0.026701800927746742, 0.08971960374992573, 0.09800199564511343, 0.0024155080374396337, 0.015651800338808898], [0.05836192411608497, 0.026309668721814478, 0.05460023233863275, 0.044102732637425986, 0.003801155735014008], [0.041612359799517704, 0.07174461835982628, 0.04182317222050308, 0.0043845106938789034, 0.011248106072331569], [0.036579337475370094, 0.01263190796142723, 0.0731713768228459, 0.08347508010931119, 0.0446750276830287]]",3930232604,10000,10000,1.0,10000,1.0,0.0006835232884386016,0.043036876923007804,0.041010244980636996,0.071464,0.032052,9.6e-05,0.0,0.24030800000000005,0.020084,2.6087525,5.4615712499999995,0.0,0.0,0.0,0.0,0.0,0.0,simple_welch,Simple Welch,10000,1.0,True,0.9382,394.55732611712494,337.3803758057021,0.1162,0.11006586473190991,0.12262889241742145,0.016199999999999992,0.1162,0.1162,True,0.0618,0.05724673957088127,0.06668979660117968,0.011799999999999998,0.0618,0.0618,True,0.0151,0.01288922549293397,0.017683176126948193,0.0051,0.0151,0.0151,False
strong_null_5x5_d-1,4,-1,5,5,200,400,0.15,8.0,8.0,0.7614065129336616,0.7614065129336616,1,0.15000000000000036,0.15000000000000036,0.0,0.0,0.21272401115798606,0.21272401115798606,0.15000000000000013,0.21272401115798606,0.0024155080374396337,0.0024155080374396337,0.48310160748792674,0.9662032149758535,0.0,0.0,0.2,0.0,False,strong_null,Strong null (P = Q),variant_2,25,8.0,16.0,2.0,0.48310160748792674,0.12,0.04,0.32,0.16,31.797616110790567,63.595232221581135,18.091394675416534,36.18278935083307,0.2505327300519831,0.3139433622865885,0.2505327300519831,0.3139433622865885,"[[0.03306958168631051, 0.04013448700106714, 0.0463465852594933, 0.02435654305918239, 0.01508088354789949], [0.026701800927746742, 0.08971960374992573, 0.09800199564511343, 0.0024155080374396337, 0.015651800338808898], [0.05836192411608497, 0.026309668721814478, 0.05460023233863275, 0.044102732637425986, 0.003801155735014008], [0.041612359799517704, 0.07174461835982628, 0.04182317222050308, 0.0043845106938789034, 0.011248106072331569], [0.036579337475370094, 0.01263190796142723, 0.0731713768228459, 0.08347508010931119, 0.0446750276830287]]","[[0.03306958168631051, 0.04013448700106714, 0.0463465852594933, 0.02435654305918239, 0.01508088354789949], [0.026701800927746742, 0.08971960374992573, 0.09800199564511343, 0.0024155080374396337, 0.015651800338808898], [0.05836192411608497, 0.026309668721814478, 0.05460023233863275, 0.044102732637425986, 0.003801155735014008], [0.041612359799517704, 0.07174461835982628, 0.04182317222050308, 0.0043845106938789034, 0.011248106072331569], [0.036579337475370094, 0.01263190796142723, 0.0731713768228459, 0.08347508010931119, 0.0446750276830287]]",3930232604,10000,10000,1.0,10000,1.0,0.0006835232884386016,0.043036876923007804,0.041010244980636996,0.071464,0.032052,9.6e-05,0.0,0.24030800000000005,0.020084,2.6087525,5.4615712499999995,0.0,0.0,0.0,0.0,0.0,0.0,expanded_welch,Expanded Welch,10000,1.0,True,0.941,101.82878423432689,70.91812139724195,0.1138,0.10772350622524211,0.12017309411626849,0.013799999999999993,0.1138,0.1138,True,0.059,0.054548966382494395,0.06378972018044235,0.008999999999999994,0.059,0.059,True,0.0142,0.012060574139796656,0.016712518677152722,0.004200000000000001,0.0142,0.0142,True
fixed_5x5_d0,4,0,5,5,375,375,0.1,50.0,50.0,0.4678049642159518,0.5408666418319472,1,0.09999999999999987,0.09999999999999809,1.7763568394002505e-15,0.42646955581033374,0.18986274508733753,0.16074320912674261,0.0599837650169206,0.1176078627824405,0.01288102745429038,0.00570643999275265,4.830385295358893,2.1399149972822435,0.0,0.0,0.0,0.0,False,well_sampled,Well sampled,variant_1,25,15.0,15.0,1.0,2.1399149972822435,0.0,0.0,0.04,0.04,65.27183802772578,65.6887472797112,64.43124145615471,72.18795850193003,0.22738356746826807,0.22157293916769094,0.22080339815519645,0.22014277335677973,"[[0.0235974754014002, 0.07622191490464651, 0.045448689262008755, 0.023560308447724304, 0.04186016137260317], [0.01288102745429038, 0.051529307052253656, 0.05029689683306813, 0.0817302629762836, 0.030946073152372335], [0.06260015294806312, 0.021863329069797068, 0.0446306283876889, 0.020127250852301284, 0.024836873482751737], [0.039307669403747504, 0.04025010160493878, 0.020275578064547006, 0.015750554417826423, 0.06824440737483181], [0.03343031867557803, 0.022383215246068445, 0.06092114662037817, 0.047260424415261, 0.040046232579569664]]","[[0.03326742793320714, 0.07949207872030589, 0.021131544771648775, 0.018656804194735966, 0.06825554253529867], [0.049323075363739456, 0.00570643999275265, 0.056457316180035674, 0.05568153073860697, 0.032924313640198835], [0.0610101800173308, 0.03347561759940192, 0.038863071116368546, 0.06191165405041845, 0.016701648914821152], [0.02855107627897435, 0.0432316989153962, 0.0321307688179847, 0.048732599467600786, 0.022523849265940463], [0.022360559159030718, 0.03143011877784908, 0.04391852178577571, 0.03516018490541757, 0.05910237685715945]]",3539429236,10000,10000,1.0,10000,1.0,0.00021832859217068518,0.03256300196845087,0.03274215878797648,0.00046400000000000006,0.00488,0.0,0.0,8e-06,0.0,10.109570133333333,10.666637333333332,0.0,0.0,0.0,0.0,0.0,0.0,normal_wald,Normal Wald,10000,1.0,True,0.9506,,,0.0969,0.09125584095556179,0.10285373853087766,0.0031000000000000055,0.0969,0.0969,True,0.0494,0.04532304560552551,0.05382301372612823,0.0006000000000000033,0.0494,0.0494,True,0.0093,0.007598063501358216,0.011378792499623794,0.000700000000000001,0.0093,0.0093,True
fixed_5x5_d0,4,0,5,5,375,375,0.1,50.0,50.0,0.4678049642159518,0.5408666418319472,1,0.09999999999999987,0.09999999999999809,1.7763568394002505e-15,0.42646955581033374,0.18986274508733753,0.16074320912674261,0.0599837650169206,0.1176078627824405,0.01288102745429038,0.00570643999275265,4.830385295358893,2.1399149972822435,0.0,0.0,0.0,0.0,False,well_sampled,Well sampled,variant_1,25,15.0,15.0,1.0,2.1399149972822435,0.0,0.0,0.04,0.04,65.27183802772578,65.6887472797112,64.43124145615471,72.18795850193003,0.22738356746826807,0.22157293916769094,0.22080339815519645,0.22014277335677973,"[[0.0235974754014002, 0.07622191490464651, 0.045448689262008755, 0.023560308447724304, 0.04186016137260317], [0.01288102745429038, 0.051529307052253656, 0.05029689683306813, 0.0817302629762836, 0.030946073152372335], [0.06260015294806312, 0.021863329069797068, 0.0446306283876889, 0.020127250852301284, 0.024836873482751737], [0.039307669403747504, 0.04025010160493878, 0.020275578064547006, 0.015750554417826423, 0.06824440737483181], [0.03343031867557803, 0.022383215246068445, 0.06092114662037817, 0.047260424415261, 0.040046232579569664]]","[[0.03326742793320714, 0.07949207872030589, 0.021131544771648775, 0.018656804194735966, 0.06825554253529867], [0.049323075363739456, 0.00570643999275265, 0.056457316180035674, 0.05568153073860697, 0.032924313640198835], [0.0610101800173308, 0.03347561759940192, 0.038863071116368546, 0.06191165405041845, 0.016701648914821152], [0.02855107627897435, 0.0432316989153962, 0.0321307688179847, 0.048732599467600786, 0.022523849265940463], [0.022360559159030718, 0.03143011877784908, 0.04391852178577571, 0.03516018490541757, 0.05910237685715945]]",3539429236,10000,10000,1.0,10000,1.0,0.00021832859217068518,0.03256300196845087,0.03274215878797648,0.00046400000000000006,0.00488,0.0,0.0,8e-06,0.0,10.109570133333333,10.666637333333332,0.0,0.0,0.0,0.0,0.0,0.0,simple_welch,Simple Welch,10000,1.0,True,0.951,740.1923868897809,694.6150577374992,0.0964,0.09076939786738088,0.10234056561742925,0.003600000000000006,0.0964,0.0964,True,0.049,0.044939516707863926,0.053406849822486356,0.0010000000000000009,0.049,0.049,True,0.0091,0.0074181785377802605,0.01115883106255002,0.0008999999999999998,0.0091,0.0091,True
fixed_5x5_d0,4,0,5,5,375,375,0.1,50.0,50.0,0.4678049642159518,0.5408666418319472,1,0.09999999999999987,0.09999999999999809,1.7763568394002505e-15,0.42646955581033374,0.18986274508733753,0.16074320912674261,0.0599837650169206,0.1176078627824405,0.01288102745429038,0.00570643999275265,4.830385295358893,2.1399149972822435,0.0,0.0,0.0,0.0,False,well_sampled,Well sampled,variant_1,25,15.0,15.0,1.0,2.1399149972822435,0.0,0.0,0.04,0.04,65.27183802772578,65.6887472797112,64.43124145615471,72.18795850193003,0.22738356746826807,0.22157293916769094,0.22080339815519645,0.22014277335677973,"[[0.0235974754014002, 0.07622191490464651, 0.045448689262008755, 0.023560308447724304, 0.04186016137260317], [0.01288102745429038, 0.051529307052253656, 0.05029689683306813, 0.0817302629762836, 0.030946073152372335], [0.06260015294806312, 0.021863329069797068, 0.0446306283876889, 0.020127250852301284, 0.024836873482751737], [0.039307669403747504, 0.04025010160493878, 0.020275578064547006, 0.015750554417826423, 0.06824440737483181], [0.03343031867557803, 0.022383215246068445, 0.06092114662037817, 0.047260424415261, 0.040046232579569664]]","[[0.03326742793320714, 0.07949207872030589, 0.021131544771648775, 0.018656804194735966, 0.06825554253529867], [0.049323075363739456, 0.00570643999275265, 0.056457316180035674, 0.05568153073860697, 0.032924313640198835], [0.0610101800173308, 0.03347561759940192, 0.038863071116368546, 0.06191165405041845, 0.016701648914821152], [0.02855107627897435, 0.0432316989153962, 0.0321307688179847, 0.048732599467600786, 0.022523849265940463], [0.022360559159030718, 0.03143011877784908, 0.04391852178577571, 0.03516018490541757, 0.05910237685715945]]",3539429236,10000,10000,1.0,10000,1.0,0.00021832859217068518,0.03256300196845087,0.03274215878797648,0.00046400000000000006,0.00488,0.0,0.0,8e-06,0.0,10.109570133333333,10.666637333333332,0.0,0.0,0.0,0.0,0.0,0.0,expanded_welch,Expanded Welch,10000,1.0,True,0.9528,116.91480024599078,87.8563297362555,0.0942,0.08862961792177163,0.1000820351558695,0.0058,0.0942,0.0942,True,0.0472,0.043214611487335956,0.05153313743714876,0.002800000000000004,0.0472,0.0472,True,0.0082,0.006611596600786794,0.010166104196610704,0.0017999999999999995,0.0082,0.0082,True
fixed_5x5_d1,4,1,5,5,375,375,0.15,50.0,50.0,0.6858695243030857,0.6186587373927467,1,0.1499999999999999,0.1499999999999988,1.1102230246251565e-15,0.6693582669627693,0.23272991984349722,0.26547924792536065,0.06976516572196689,0.12077499985215119,0.005129230430511641,0.005846505104781231,1.9234614114418656,2.1924394142929615,0.0,0.0,0.0,0.0,False,well_sampled,Well sampled,variant_2,25,15.0,15.0,1.0,1.9234614114418656,0.0,0.0,0.08,0.12,68.9387507011891,66.96970132562393,66.79494324932321,69.04924608247117,0.2087163447790783,0.24597251941536083,0.2366905426652393,0.23260994315913042,"[[0.04843488392294407, 0.016521952715502983, 0.015927908120352042, 0.06460952669259686, 0.05616796303564596], [0.04402338786348167, 0.07936137727572642, 0.03283887346239804, 0.022483799504386438, 0.005129230430511641], [0.045148885186517815, 0.005706952213412695, 0.02141426819459642, 0.09056654279242271, 0.045796135470968204], [0.018307469191785993, 0.05337984366105907, 0.04776019103044634, 0.03038449192889802, 0.05888434896688889], [0.02220522250013231, 0.0453848161505923, 0.06790100021461852, 0.037928158497056795, 0.02373277097705791]]","[[0.03565819589982333, 0.06198312466627669, 0.045017446826624244, 0.011710556427589301, 0.02421654638135027], [0.024200308318939184, 0.03517633792401685, 0.005846505104781231, 0.10145883040918019, 0.018384737469488627], [0.03303605405902741, 0.023487319010694462, 0.0253021441626681, 0.03580415825785838, 0.07032525551755721], [0.038430047304541304, 0.05034312063614851, 0.05548508269119136, 0.03542474422095483, 0.0570075478124033], [0.0720749375019275, 0.013812678408435386, 0.05248014410132484, 0.010658320908866393, 0.06267585597833099]]",3443095830,10000,10000,1.0,10000,1.0,0.0001660692592885559,0.03827263453216305,0.03761605735269651,0.010776000000000003,0.006012000000000001,0.0,0.0,0.0,0.0,10.492640000000002,10.316921066666666,0.0,0.0,0.0,0.0,0.0,0.0,normal_wald,Normal Wald,10000,1.0,True,0.9486,,,0.105,0.09914258179426233,0.11116077691857218,0.0049999999999999906,0.105,0.105,True,0.0514,0.04724182497055032,0.05590269836762071,0.0013999999999999985,0.0514,0.0514,True,0.0103,0.008500632273877465,0.012475455730363192,0.0002999999999999999,0.0103,0.0103,True
fixed_5x5_d1,4,1,5,5,375,375,0.15,50.0,50.0,0.6858695243030857,0.6186587373927467,1,0.1499999999999999,0.1499999999999988,1.1102230246251565e-15,0.6693582669627693,0.23272991984349722,0.26547924792536065,0.06976516572196689,0.12077499985215119,0.005129230430511641,0.005846505104781231,1.9234614114418656,2.1924394142929615,0.0,0.0,0.0,0.0,False,well_sampled,Well sampled,variant_2,25,15.0,15.0,1.0,1.9234614114418656,0.0,0.0,0.08,0.12,68.9387507011891,66.96970132562393,66.79494324932321,69.04924608247117,0.2087163447790783,0.24597251941536083,0.2366905426652393,0.23260994315913042,"[[0.04843488392294407, 0.016521952715502983, 0.015927908120352042, 0.06460952669259686, 0.05616796303564596], [0.04402338786348167, 0.07936137727572642, 0.03283887346239804, 0.022483799504386438, 0.005129230430511641], [0.045148885186517815, 0.005706952213412695, 0.02141426819459642, 0.09056654279242271, 0.045796135470968204], [0.018307469191785993, 0.05337984366105907, 0.04776019103044634, 0.03038449192889802, 0.05888434896688889], [0.02220522250013231, 0.0453848161505923, 0.06790100021461852, 0.037928158497056795, 0.02373277097705791]]","[[0.03565819589982333, 0.06198312466627669, 0.045017446826624244, 0.011710556427589301, 0.02421654638135027], [0.024200308318939184, 0.03517633792401685, 0.005846505104781231, 0.10145883040918019, 0.018384737469488627], [0.03303605405902741, 0.023487319010694462, 0.0253021441626681, 0.03580415825785838, 0.07032525551755721], [0.038430047304541304, 0.05034312063614851, 0.05548508269119136, 0.03542474422095483, 0.0570075478124033], [0.0720749375019275, 0.013812678408435386, 0.05248014410132484, 0.010658320908866393, 0.06267585597833099]]",3443095830,10000,10000,1.0,10000,1.0,0.0001660692592885559,0.03827263453216305,0.03761605735269651,0.010776000000000003,0.006012000000000001,0.0,0.0,0.0,0.0,10.492640000000002,10.316921066666666,0.0,0.0,0.0,0.0,0.0,0.0,simple_welch,Simple Welch,10000,1.0,True,0.9495,742.5839582291026,710.1695499820148,0.1045,0.0986554110299625,0.11064833168124269,0.00449999999999999,0.1045,0.1045,True,0.0505,0.04637814348931281,0.054967071045925464,0.0005000000000000004,0.0505,0.0505,True,0.01,0.008229336148148417,0.012146982255114645,0.0,0.01,0.01,True
fixed_5x5_d1,4,1,5,5,375,375,0.15,50.0,50.0,0.6858695243030857,0.6186587373927467,1,0.1499999999999999,0.1499999999999988,1.1102230246251565e-15,0.6693582669627693,0.23272991984349722,0.26547924792536065,0.06976516572196689,0.12077499985215119,0.005129230430511641,0.005846505104781231,1.9234614114418656,2.1924394142929615,0.0,0.0,0.0,0.0,False,well_sampled,Well sampled,variant_2,25,15.0,15.0,1.0,1.9234614114418656,0.0,0.0,0.08,0.12,68.9387507011891,66.96970132562393,66.79494324932321,69.04924608247117,0.2087163447790783,0.24597251941536083,0.2366905426652393,0.23260994315913042,"[[0.04843488392294407, 0.016521952715502983, 0.015927908120352042, 0.06460952669259686, 0.05616796303564596], [0.04402338786348167, 0.07936137727572642, 0.03283887346239804, 0.022483799504386438, 0.005129230430511641], [0.045148885186517815, 0.005706952213412695, 0.02141426819459642, 0.09056654279242271, 0.045796135470968204], [0.018307469191785993, 0.05337984366105907, 0.04776019103044634, 0.03038449192889802, 0.05888434896688889], [0.02220522250013231, 0.0453848161505923, 0.06790100021461852, 0.037928158497056795, 0.02373277097705791]]","[[0.03565819589982333, 0.06198312466627669, 0.045017446826624244, 0.011710556427589301, 0.02421654638135027], [0.024200308318939184, 0.03517633792401685, 0.005846505104781231, 0.10145883040918019, 0.018384737469488627], [0.03303605405902741, 0.023487319010694462, 0.0253021441626681, 0.03580415825785838, 0.07032525551755721], [0.038430047304541304, 0.05034312063614851, 0.05548508269119136, 0.03542474422095483, 0.0570075478124033], [0.0720749375019275, 0.013812678408435386, 0.05248014410132484, 0.010658320908866393, 0.06267585597833099]]",3443095830,10000,10000,1.0,10000,1.0,0.0001660692592885559,0.03827263453216305,0.03761605735269651,0.010776000000000003,0.006012000000000001,0.0,0.0,0.0,0.0,10.492640000000002,10.316921066666666,0.0,0.0,0.0,0.0,0.0,0.0,expanded_welch,Expanded Welch,10000,1.0,True,0.9507,179.8395136942018,137.5113067897579,0.1037,0.09787602678976116,0.10982833031883711,0.003699999999999995,0.1037,0.1037,True,0.0493,0.04522715614597424,0.05371897998535363,0.0007000000000000062,0.0493,0.0493,True,0.0096,0.007868298014665221,0.011708327587294383,0.00040000000000000105,0.0096,0.0096,True
fixed_5x5_d2,4,2,5,5,200,200,0.1,8.0,4.0,0.45630823618345234,0.49950224175377284,1,0.09999999999999964,0.10000000000001275,-1.3100631690576847e-14,0.7781020729922072,0.18391991693180434,0.18333734090453885,0.039466224150700446,0.07130517487791323,0.0074365732691881485,0.004101481665382568,1.4873146538376296,0.8202963330765136,0.0,0.0,0.24,0.16,False,moderate,Moderate,variant_1,25,8.0,8.0,1.0,0.8202963330765136,0.0,0.04,0.36,0.36,30.87793948695251,26.673198177685816,16.722647437847364,25.39766965459811,0.24895962113323344,0.3039915835741707,0.256537041564718,0.33472685606631947,"[[0.06448317427640984, 0.06623131981129039, 0.02430980644673758, 0.052429910687331716, 0.010694063515304638], [0.020311649820309835, 0.040392834394728315, 0.0074365732691881485, 0.0536234314509879, 0.032625208499548336], [0.024448081212019565, 0.04068207098704047, 0.012291176379778125, 0.03337617060851104, 0.0892300007912252], [0.030463410479347596, 0.05884752957311961, 0.01530842792036192, 0.037272941444569746, 0.03658259729895671], [0.019253396912901094, 0.03436993240706425, 0.02426725317317106, 0.12728912938277032, 0.04377990925732671]]","[[0.012698727804620412, 0.059238235123229614, 0.04269296729595114, 0.06492153321510019, 0.027264883475412467], [0.04434424645011218, 0.04743380721639767, 0.033661929408866094, 0.018756159267807205, 0.02914058543014579], [0.02862623163577895, 0.03903761269323217, 0.08641010584462451, 0.05365155315616796, 0.022218389529406683], [0.004101481665382568, 0.021528235747088217, 0.07290953000989266, 0.01677667151283611, 0.018050071953229517], [0.03721766071709644, 0.02276598016058848, 0.09905232350698505, 0.01833755901866001, 0.07916351816138804]]",857867422,10000,10000,1.0,10000,1.0,0.00032748925398189843,0.04785640683124158,0.0473114985156942,0.021203999999999997,0.026092,0.00024800000000000007,0.0,0.24049600000000004,0.20601200000000003,2.424553,3.182891,0.0,0.0,0.0,0.0,0.0,0.0,normal_wald,Normal Wald,10000,1.0,True,0.9505,,,0.1017,0.09592805211846214,0.10777784098361881,0.0016999999999999932,0.1017,0.1017,True,0.0495,0.045418939865401194,0.05392704266657842,0.0005000000000000004,0.0495,0.0495,True,0.0106,0.008772350992874956,0.012803506612343295,0.0005999999999999998,0.0106,0.0106,True
fixed_5x5_d2,4,2,5,5,200,200,0.1,8.0,4.0,0.45630823618345234,0.49950224175377284,1,0.09999999999999964,0.10000000000001275,-1.3100631690576847e-14,0.7781020729922072,0.18391991693180434,0.18333734090453885,0.039466224150700446,0.07130517487791323,0.0074365732691881485,0.004101481665382568,1.4873146538376296,0.8202963330765136,0.0,0.0,0.24,0.16,False,moderate,Moderate,variant_1,25,8.0,8.0,1.0,0.8202963330765136,0.0,0.04,0.36,0.36,30.87793948695251,26.673198177685816,16.722647437847364,25.39766965459811,0.24895962113323344,0.3039915835741707,0.256537041564718,0.33472685606631947,"[[0.06448317427640984, 0.06623131981129039, 0.02430980644673758, 0.052429910687331716, 0.010694063515304638], [0.020311649820309835, 0.040392834394728315, 0.0074365732691881485, 0.0536234314509879, 0.032625208499548336], [0.024448081212019565, 0.04068207098704047, 0.012291176379778125, 0.03337617060851104, 0.0892300007912252], [0.030463410479347596, 0.05884752957311961, 0.01530842792036192, 0.037272941444569746, 0.03658259729895671], [0.019253396912901094, 0.03436993240706425, 0.02426725317317106, 0.12728912938277032, 0.04377990925732671]]","[[0.012698727804620412, 0.059238235123229614, 0.04269296729595114, 0.06492153321510019, 0.027264883475412467], [0.04434424645011218, 0.04743380721639767, 0.033661929408866094, 0.018756159267807205, 0.02914058543014579], [0.02862623163577895, 0.03903761269323217, 0.08641010584462451, 0.05365155315616796, 0.022218389529406683], [0.004101481665382568, 0.021528235747088217, 0.07290953000989266, 0.01677667151283611, 0.018050071953229517], [0.03721766071709644, 0.02276598016058848, 0.09905232350698505, 0.01833755901866001, 0.07916351816138804]]",857867422,10000,10000,1.0,10000,1.0,0.00032748925398189843,0.04785640683124158,0.0473114985156942,0.021203999999999997,0.026092,0.00024800000000000007,0.0,0.24049600000000004,0.20601200000000003,2.424553,3.182891,0.0,0.0,0.0,0.0,0.0,0.0,simple_welch,Simple Welch,10000,1.0,True,0.9517,393.42477321818217,363.61647560261537,0.1004,0.09466224748391437,0.10644464401393035,0.0003999999999999976,0.1004,0.1004,True,0.0483,0.04426852864460951,0.05267837548345972,0.0017000000000000001,0.0483,0.0483,True,0.0102,0.008410152377830622,0.012366012426084174,0.00020000000000000052,0.0102,0.0102,True
fixed_5x5_d2,4,2,5,5,200,200,0.1,8.0,4.0,0.45630823618345234,0.49950224175377284,1,0.09999999999999964,0.10000000000001275,-1.3100631690576847e-14,0.7781020729922072,0.18391991693180434,0.18333734090453885,0.039466224150700446,0.07130517487791323,0.0074365732691881485,0.004101481665382568,1.4873146538376296,0.8202963330765136,0.0,0.0,0.24,0.16,False,moderate,Moderate,variant_1,25,8.0,8.0,1.0,0.8202963330765136,0.0,0.04,0.36,0.36,30.87793948695251,26.673198177685816,16.722647437847364,25.39766965459811,0.24895962113323344,0.3039915835741707,0.256537041564718,0.33472685606631947,"[[0.06448317427640984, 0.06623131981129039, 0.02430980644673758, 0.052429910687331716, 0.010694063515304638], [0.020311649820309835, 0.040392834394728315, 0.0074365732691881485, 0.0536234314509879, 0.032625208499548336], [0.024448081212019565, 0.04068207098704047, 0.012291176379778125, 0.03337617060851104, 0.0892300007912252], [0.030463410479347596, 0.05884752957311961, 0.01530842792036192, 0.037272941444569746, 0.03658259729895671], [0.019253396912901094, 0.03436993240706425, 0.02426725317317106, 0.12728912938277032, 0.04377990925732671]]","[[0.012698727804620412, 0.059238235123229614, 0.04269296729595114, 0.06492153321510019, 0.027264883475412467], [0.04434424645011218, 0.04743380721639767, 0.033661929408866094, 0.018756159267807205, 0.02914058543014579], [0.02862623163577895, 0.03903761269323217, 0.08641010584462451, 0.05365155315616796, 0.022218389529406683], [0.004101481665382568, 0.021528235747088217, 0.07290953000989266, 0.01677667151283611, 0.018050071953229517], [0.03721766071709644, 0.02276598016058848, 0.09905232350698505, 0.01833755901866001, 0.07916351816138804]]",857867422,10000,10000,1.0,10000,1.0,0.00032748925398189843,0.04785640683124158,0.0473114985156942,0.021203999999999997,0.026092,0.00024800000000000007,0.0,0.24049600000000004,0.20601200000000003,2.424553,3.182891,0.0,0.0,0.0,0.0,0.0,0.0,expanded_welch,Expanded Welch,10000,1.0,True,0.9549,70.64160161746824,48.672221194763004,0.0959,0.09028300234925091,0.10182734513392991,0.004100000000000006,0.0959,0.0959,True,0.0451,0.04120432664892542,0.049345035068716146,0.004900000000000002,0.0451,0.0451,True,0.0091,0.0074181785377802605,0.01115883106255002,0.0008999999999999998,0.0091,0.0091,True
fixed_5x5_d3,4,3,5,5,150,300,0.15,8.0,2.0,0.5945003575332185,0.5935335247239161,1,0.14999999999999947,0.1499999999999999,-4.440892098500626e-16,0.7575451377317779,0.2782334944340426,0.2772985368583922,0.10910952342610858,0.20193143512169148,0.0031602541803529174,0.007004514616190358,0.47403812705293763,2.1013543848571072,0.0,0.0,0.36,0.12,False,moderate,Moderate,variant_2,25,6.0,12.0,2.0,0.47403812705293763,0.04,0.0,0.44,0.32,18.503553954674953,36.91739608575087,21.04014535176585,28.12757180888014,0.25122679530522307,0.24838328693594136,0.2784330466943069,0.2696953341659589,"[[0.01371092481712536, 0.017183953765103028, 0.027287980819141515, 0.08544320904131436, 0.0031602541803529174], [0.026426345926910347, 0.03951172983155055, 0.02072221930152623, 0.02249871797432051, 0.014198013330192025], [0.08936601471434066, 0.0654359047783001, 0.015645636339440938, 0.04418849820285351, 0.03659074127028783], [0.014620357401764572, 0.03524955717920518, 0.1014488033171148, 0.037580974082580126, 0.047726761187302846], [0.018390422043089452, 0.08995242604710973, 0.03639680110389722, 0.05867188763487285, 0.038591865710303375]]","[[0.06680018778644947, 0.031168849680329916, 0.06561961033989469, 0.07223818147090794, 0.04260621741672489], [0.03542953869629548, 0.009633491989173815, 0.00976874541031221, 0.09892084956026596, 0.014487123393983949], [0.10063937433421678, 0.007004514616190358, 0.0076479668500772915, 0.022838741489930696, 0.06607362389149952], [0.05792699612248335, 0.017437942648498184, 0.015496860957294727, 0.04151473335971953, 0.09368846303324846], [0.008113481244595114, 0.028513773762074868, 0.009264719058059147, 0.024326106457271665, 0.05283990643050211]]",2620080462,10000,10000,1.0,10000,1.0,0.002538291449492082,0.05714258247281023,0.05480890813927663,0.053079999999999995,0.020268,0.00021600000000000002,0.0,0.4024840000000001,0.13608,2.2668046666666664,3.2667506666666664,0.0,0.0,0.0,0.0,0.0,0.0,normal_wald,Normal Wald,10000,1.0,True,0.9406,,,0.1164,0.1102611002513917,0.1228335032985914,0.016399999999999998,0.1164,0.1164,True,0.0594,0.0549341876459215,0.0642041917183187,0.009399999999999999,0.0594,0.0594,True,0.0138,0.01169303356334014,0.01628036645230578,0.0037999999999999996,0.0138,0.0138,True
fixed_5x5_d3,4,3,5,5,150,300,0.15,8.0,2.0,0.5945003575332185,0.5935335247239161,1,0.14999999999999947,0.1499999999999999,-4.440892098500626e-16,0.7575451377317779,0.2782334944340426,0.2772985368583922,0.10910952342610858,0.20193143512169148,0.0031602541803529174,0.007004514616190358,0.47403812705293763,2.1013543848571072,0.0,0.0,0.36,0.12,False,moderate,Moderate,variant_2,25,6.0,12.0,2.0,0.47403812705293763,0.04,0.0,0.44,0.32,18.503553954674953,36.91739608575087,21.04014535176585,28.12757180888014,0.25122679530522307,0.24838328693594136,0.2784330466943069,0.2696953341659589,"[[0.01371092481712536, 0.017183953765103028, 0.027287980819141515, 0.08544320904131436, 0.0031602541803529174], [0.026426345926910347, 0.03951172983155055, 0.02072221930152623, 0.02249871797432051, 0.014198013330192025], [0.08936601471434066, 0.0654359047783001, 0.015645636339440938, 0.04418849820285351, 0.03659074127028783], [0.014620357401764572, 0.03524955717920518, 0.1014488033171148, 0.037580974082580126, 0.047726761187302846], [0.018390422043089452, 0.08995242604710973, 0.03639680110389722, 0.05867188763487285, 0.038591865710303375]]","[[0.06680018778644947, 0.031168849680329916, 0.06561961033989469, 0.07223818147090794, 0.04260621741672489], [0.03542953869629548, 0.009633491989173815, 0.00976874541031221, 0.09892084956026596, 0.014487123393983949], [0.10063937433421678, 0.007004514616190358, 0.0076479668500772915, 0.022838741489930696, 0.06607362389149952], [0.05792699612248335, 0.017437942648498184, 0.015496860957294727, 0.04151473335971953, 0.09368846303324846], [0.008113481244595114, 0.028513773762074868, 0.009264719058059147, 0.024326106457271665, 0.05283990643050211]]",2620080462,10000,10000,1.0,10000,1.0,0.002538291449492082,0.05714258247281023,0.05480890813927663,0.053079999999999995,0.020268,0.00021600000000000002,0.0,0.4024840000000001,0.13608,2.2668046666666664,3.2667506666666664,0.0,0.0,0.0,0.0,0.0,0.0,simple_welch,Simple Welch,10000,1.0,True,0.9417,292.602122297953,243.99091565260923,0.1154,0.10928498225797102,0.12181038928875342,0.015399999999999997,0.1154,0.1154,True,0.0583,0.05387497335175193,0.06306425080890377,0.008299999999999995,0.0583,0.0583,True,0.0134,0.011325981720013404,0.015847725494329057,0.0034000000000000002,0.0134,0.0134,True
fixed_5x5_d3,4,3,5,5,150,300,0.15,8.0,2.0,0.5945003575332185,0.5935335247239161,1,0.14999999999999947,0.1499999999999999,-4.440892098500626e-16,0.7575451377317779,0.2782334944340426,0.2772985368583922,0.10910952342610858,0.20193143512169148,0.0031602541803529174,0.007004514616190358,0.47403812705293763,2.1013543848571072,0.0,0.0,0.36,0.12,False,moderate,Moderate,variant_2,25,6.0,12.0,2.0,0.47403812705293763,0.04,0.0,0.44,0.32,18.503553954674953,36.91739608575087,21.04014535176585,28.12757180888014,0.25122679530522307,0.24838328693594136,0.2784330466943069,0.2696953341659589,"[[0.01371092481712536, 0.017183953765103028, 0.027287980819141515, 0.08544320904131436, 0.0031602541803529174], [0.026426345926910347, 0.03951172983155055, 0.02072221930152623, 0.02249871797432051, 0.014198013330192025], [0.08936601471434066, 0.0654359047783001, 0.015645636339440938, 0.04418849820285351, 0.03659074127028783], [0.014620357401764572, 0.03524955717920518, 0.1014488033171148, 0.037580974082580126, 0.047726761187302846], [0.018390422043089452, 0.08995242604710973, 0.03639680110389722, 0.05867188763487285, 0.038591865710303375]]","[[0.06680018778644947, 0.031168849680329916, 0.06561961033989469, 0.07223818147090794, 0.04260621741672489], [0.03542953869629548, 0.009633491989173815, 0.00976874541031221, 0.09892084956026596, 0.014487123393983949], [0.10063937433421678, 0.007004514616190358, 0.0076479668500772915, 0.022838741489930696, 0.06607362389149952], [0.05792699612248335, 0.017437942648498184, 0.015496860957294727, 0.04151473335971953, 0.09368846303324846], [0.008113481244595114, 0.028513773762074868, 0.009264719058059147, 0.024326106457271665, 0.05283990643050211]]",2620080462,10000,10000,1.0,10000,1.0,0.002538291449492082,0.05714258247281023,0.05480890813927663,0.053079999999999995,0.020268,0.00021600000000000002,0.0,0.4024840000000001,0.13608,2.2668046666666664,3.2667506666666664,0.0,0.0,0.0,0.0,0.0,0.0,expanded_welch,Expanded Welch,10000,1.0,True,0.9455,73.52957498227593,50.927080051631506,0.113,0.10694291443138754,0.11935430030751615,0.012999999999999998,0.113,0.113,True,0.0545,0.05021948667736562,0.05912265587090721,0.004499999999999997,0.0545,0.0545,True,0.0108,0.008953722899766215,0.013021981106103765,0.0008000000000000004,0.0108,0.0108,True
stress_5x5_d4,4,4,5,5,619,619,0.1,2.0,2.0,0.5775146404979934,0.47593833655269135,3,0.09999999999999964,0.09999999999999987,-2.220446049250313e-16,0.6865197405716961,0.1609460055950461,0.1748100098384371,0.043143773038425204,0.08489901373029925,0.004186338705260483,0.004470973842552155,2.591343658556239,2.767532808539784,0.0,0.0,0.0,0.0,False,highly_sparse,Highly skewed and sparse,variant_1,25,24.76,24.76,1.0,2.591343658556239,0.0,0.0,0.08,0.04,64.71968481041755,55.018156946158136,71.38513147784815,59.79429567896937,0.3212535487304547,0.3890567960107134,0.38787524120240097,0.40655315672095316,"[[0.04996944499650796, 0.015196404776382068, 0.004186338705260483, 0.022632995767132222, 0.012570041619689064], [0.10683095831813418, 0.03720673993681881, 0.006435443565487452, 0.1392318492916973, 0.03154855761831693], [0.009070492610820081, 0.02867733892219762, 0.0368869352403659, 0.08863622247158574, 0.030415012997742383], [0.018872619020698873, 0.03361468784732648, 0.02564636051714134, 0.07907219709429578, 0.02459600484247587], [0.03157064709012173, 0.04785133878507393, 0.042168236152436506, 0.05948353138600238, 0.01762960042628888]]","[[0.022639819371662068, 0.022885127073445075, 0.015642205227800517, 0.023244195883826337, 0.004470973842552155], [0.018533703886589037, 0.01743998371961965, 0.11708947656874513, 0.12941976119296536, 0.02527542918633979], [0.016783374278673515, 0.011065743242913262, 0.034008944260190396, 0.03576917149477757, 0.010017187127391693], [0.01721479880866369, 0.03706324737084947, 0.020887838866297335, 0.02436230945647516, 0.008311467937821814], [0.031509073537599054, 0.08437220119391586, 0.029713089912519947, 0.19375771869290875, 0.048523157865457335]]",3256796944,10000,10000,1.0,10000,1.0,-0.00023024973169811122,0.024443809823698637,0.02437291422406609,0.003744,0.002944,0.0,0.0,0.000848,0.03253199999999999,6.9849059773828746,5.010880936995154,0.0,0.0,0.0,0.0,0.0,0.0,normal_wald,Normal Wald,10000,1.0,True,0.948,,,0.0995,0.09378609931467319,0.10552148338023876,0.0005000000000000004,0.0995,0.0995,True,0.052,0.047817817398564263,0.05652624514156196,0.001999999999999995,0.052,0.052,True,0.0118,0.009863119376493548,0.014111816632635079,0.0017999999999999995,0.0118,0.0118,True
stress_5x5_d4,4,4,5,5,619,619,0.1,2.0,2.0,0.5775146404979934,0.47593833655269135,3,0.09999999999999964,0.09999999999999987,-2.220446049250313e-16,0.6865197405716961,0.1609460055950461,0.1748100098384371,0.043143773038425204,0.08489901373029925,0.004186338705260483,0.004470973842552155,2.591343658556239,2.767532808539784,0.0,0.0,0.0,0.0,False,highly_sparse,Highly skewed and sparse,variant_1,25,24.76,24.76,1.0,2.591343658556239,0.0,0.0,0.08,0.04,64.71968481041755,55.018156946158136,71.38513147784815,59.79429567896937,0.3212535487304547,0.3890567960107134,0.38787524120240097,0.40655315672095316,"[[0.04996944499650796, 0.015196404776382068, 0.004186338705260483, 0.022632995767132222, 0.012570041619689064], [0.10683095831813418, 0.03720673993681881, 0.006435443565487452, 0.1392318492916973, 0.03154855761831693], [0.009070492610820081, 0.02867733892219762, 0.0368869352403659, 0.08863622247158574, 0.030415012997742383], [0.018872619020698873, 0.03361468784732648, 0.02564636051714134, 0.07907219709429578, 0.02459600484247587], [0.03157064709012173, 0.04785133878507393, 0.042168236152436506, 0.05948353138600238, 0.01762960042628888]]","[[0.022639819371662068, 0.022885127073445075, 0.015642205227800517, 0.023244195883826337, 0.004470973842552155], [0.018533703886589037, 0.01743998371961965, 0.11708947656874513, 0.12941976119296536, 0.02527542918633979], [0.016783374278673515, 0.011065743242913262, 0.034008944260190396, 0.03576917149477757, 0.010017187127391693], [0.01721479880866369, 0.03706324737084947, 0.020887838866297335, 0.02436230945647516, 0.008311467937821814], [0.031509073537599054, 0.08437220119391586, 0.029713089912519947, 0.19375771869290875, 0.048523157865457335]]",3256796944,10000,10000,1.0,10000,1.0,-0.00023024973169811122,0.024443809823698637,0.02437291422406609,0.003744,0.002944,0.0,0.0,0.000848,0.03253199999999999,6.9849059773828746,5.010880936995154,0.0,0.0,0.0,0.0,0.0,0.0,simple_welch,Simple Welch,10000,1.0,True,0.9481,1229.4369589834957,1184.753925876446,0.0995,0.09378609931467319,0.10552148338023876,0.0005000000000000004,0.0995,0.0995,True,0.0519,0.04772180742973847,0.05642233191006188,0.001899999999999999,0.0519,0.0519,True,0.0113,0.009407908789372999,0.013567411218126301,0.001299999999999999,0.0113,0.0113,True
stress_5x5_d4,4,4,5,5,619,619,0.1,2.0,2.0,0.5775146404979934,0.47593833655269135,3,0.09999999999999964,0.09999999999999987,-2.220446049250313e-16,0.6865197405716961,0.1609460055950461,0.1748100098384371,0.043143773038425204,0.08489901373029925,0.004186338705260483,0.004470973842552155,2.591343658556239,2.767532808539784,0.0,0.0,0.0,0.0,False,highly_sparse,Highly skewed and sparse,variant_1,25,24.76,24.76,1.0,2.591343658556239,0.0,0.0,0.08,0.04,64.71968481041755,55.018156946158136,71.38513147784815,59.79429567896937,0.3212535487304547,0.3890567960107134,0.38787524120240097,0.40655315672095316,"[[0.04996944499650796, 0.015196404776382068, 0.004186338705260483, 0.022632995767132222, 0.012570041619689064], [0.10683095831813418, 0.03720673993681881, 0.006435443565487452, 0.1392318492916973, 0.03154855761831693], [0.009070492610820081, 0.02867733892219762, 0.0368869352403659, 0.08863622247158574, 0.030415012997742383], [0.018872619020698873, 0.03361468784732648, 0.02564636051714134, 0.07907219709429578, 0.02459600484247587], [0.03157064709012173, 0.04785133878507393, 0.042168236152436506, 0.05948353138600238, 0.01762960042628888]]","[[0.022639819371662068, 0.022885127073445075, 0.015642205227800517, 0.023244195883826337, 0.004470973842552155], [0.018533703886589037, 0.01743998371961965, 0.11708947656874513, 0.12941976119296536, 0.02527542918633979], [0.016783374278673515, 0.011065743242913262, 0.034008944260190396, 0.03576917149477757, 0.010017187127391693], [0.01721479880866369, 0.03706324737084947, 0.020887838866297335, 0.02436230945647516, 0.008311467937821814], [0.031509073537599054, 0.08437220119391586, 0.029713089912519947, 0.19375771869290875, 0.048523157865457335]]",3256796944,10000,10000,1.0,10000,1.0,-0.00023024973169811122,0.024443809823698637,0.02437291422406609,0.003744,0.002944,0.0,0.0,0.000848,0.03253199999999999,6.9849059773828746,5.010880936995154,0.0,0.0,0.0,0.0,0.0,0.0,expanded_welch,Expanded Welch,10000,1.0,True,0.9491,197.65271991465642,153.4035905436979,0.0985,0.09281277471267294,0.10449557597898035,0.0015000000000000013,0.0985,0.0985,True,0.0509,0.046761955957285946,0.05538295137925577,0.000899999999999998,0.0509,0.0509,True,0.0109,0.009044474829555112,0.013131152376640733,0.0008999999999999998,0.0109,0.0109,True
stress_5x5_d5,4,5,5,5,297,594,0.15,10.0,2.0,0.6490066176147676,0.5762519315384663,1,0.1499999999999999,0.14999999999999658,3.3306690738754696e-15,0.9297735668985818,0.2544184893199409,0.29299536091244704,0.061809483197206916,0.11596072763139575,0.00519727296664762,0.006229737773716592,1.543590071094343,3.7004642375876555,0.0,0.0,0.0,0.0,True,highly_sparse,Highly skewed and sparse,variant_2,25,11.88,23.76,2.0,1.543590071094343,0.0,0.0,0.24,0.12,43.670051685321695,75.58395633572117,50.93872875660696,47.69220309101686,0.27944761871856605,0.2438685945512068,0.24907155870303696,0.3383337770414697,"[[0.09038543742648936, 0.08551090466565543, 0.039810893625728566, 0.04449970861353318, 0.019240674387159564], [0.01460706080923976, 0.009110187635127586, 0.07330176549669512, 0.00519727296664762, 0.04482092415397911], [0.03383548679725787, 0.05185205363815877, 0.010768531468831067, 0.06101024658461344, 0.011956706029004413], [0.026708654415981962, 0.0584509711227852, 0.015042788251913878, 0.02995350246461392, 0.04399304898427447], [0.027037779779747095, 0.038944477489479816, 0.0785690012757743, 0.03085014060495871, 0.05454178131234988]]","[[0.04304924643718852, 0.028629762911600406, 0.1360646007090021, 0.007037499818210208, 0.03429044882703575], [0.0711890882910788, 0.07986519790984674, 0.033498234106879486, 0.007335488270097797, 0.013987142333916248], [0.04068267490205805, 0.022188753187843784, 0.09322577995220759, 0.023821354931369353, 0.043346290331883176], [0.11063588355004782, 0.03602174580821539, 0.02951390429764691, 0.006229737773716592, 0.012141447913251056], [0.020689226873249228, 0.015761094264235952, 0.04603125797573366, 0.03586582340023714, 0.008898315223448344]]",1780852127,10000,10000,1.0,10000,1.0,0.0006518490512364424,0.03882733371172417,0.0378019336534403,0.014856000000000003,0.00228,0.0,0.0,0.0032080000000000003,0.0071800000000000015,6.496831986531987,6.084706565656566,0.0,0.0,0.0,0.0,0.0,0.0,normal_wald,Normal Wald,10000,1.0,True,0.9412,,,0.1158,0.1096754115473551,0.12221965280067279,0.015799999999999995,0.1158,0.1158,True,0.0588,0.05435637813108764,0.06358246203119738,0.008799999999999995,0.0588,0.0588,True,0.0123,0.01031929142332744,0.01465526058743051,0.0023,0.0123,0.0123,True
stress_5x5_d5,4,5,5,5,297,594,0.15,10.0,2.0,0.6490066176147676,0.5762519315384663,1,0.1499999999999999,0.14999999999999658,3.3306690738754696e-15,0.9297735668985818,0.2544184893199409,0.29299536091244704,0.061809483197206916,0.11596072763139575,0.00519727296664762,0.006229737773716592,1.543590071094343,3.7004642375876555,0.0,0.0,0.0,0.0,True,highly_sparse,Highly skewed and sparse,variant_2,25,11.88,23.76,2.0,1.543590071094343,0.0,0.0,0.24,0.12,43.670051685321695,75.58395633572117,50.93872875660696,47.69220309101686,0.27944761871856605,0.2438685945512068,0.24907155870303696,0.3383337770414697,"[[0.09038543742648936, 0.08551090466565543, 0.039810893625728566, 0.04449970861353318, 0.019240674387159564], [0.01460706080923976, 0.009110187635127586, 0.07330176549669512, 0.00519727296664762, 0.04482092415397911], [0.03383548679725787, 0.05185205363815877, 0.010768531468831067, 0.06101024658461344, 0.011956706029004413], [0.026708654415981962, 0.0584509711227852, 0.015042788251913878, 0.02995350246461392, 0.04399304898427447], [0.027037779779747095, 0.038944477489479816, 0.0785690012757743, 0.03085014060495871, 0.05454178131234988]]","[[0.04304924643718852, 0.028629762911600406, 0.1360646007090021, 0.007037499818210208, 0.03429044882703575], [0.0711890882910788, 0.07986519790984674, 0.033498234106879486, 0.007335488270097797, 0.013987142333916248], [0.04068267490205805, 0.022188753187843784, 0.09322577995220759, 0.023821354931369353, 0.043346290331883176], [0.11063588355004782, 0.03602174580821539, 0.02951390429764691, 0.006229737773716592, 0.012141447913251056], [0.020689226873249228, 0.015761094264235952, 0.04603125797573366, 0.03586582340023714, 0.008898315223448344]]",1780852127,10000,10000,1.0,10000,1.0,0.0006518490512364424,0.03882733371172417,0.0378019336534403,0.014856000000000003,0.00228,0.0,0.0,0.0032080000000000003,0.0071800000000000015,6.496831986531987,6.084706565656566,0.0,0.0,0.0,0.0,0.0,0.0,simple_welch,Simple Welch,10000,1.0,True,0.9418,623.4768983525178,540.3234073398709,0.1152,0.10908977660766778,0.12160574853840495,0.015199999999999991,0.1152,0.1152,True,0.0582,0.05377870375669845,0.06296059720363138,0.008199999999999999,0.0582,0.0582,True,0.0121,0.010136711003799977,0.014437994606306244,0.0020999999999999994,0.0121,0.0121,True
stress_5x5_d5,4,5,5,5,297,594,0.15,10.0,2.0,0.6490066176147676,0.5762519315384663,1,0.1499999999999999,0.14999999999999658,3.3306690738754696e-15,0.9297735668985818,0.2544184893199409,0.29299536091244704,0.061809483197206916,0.11596072763139575,0.00519727296664762,0.006229737773716592,1.543590071094343,3.7004642375876555,0.0,0.0,0.0,0.0,True,highly_sparse,Highly skewed and sparse,variant_2,25,11.88,23.76,2.0,1.543590071094343,0.0,0.0,0.24,0.12,43.670051685321695,75.58395633572117,50.93872875660696,47.69220309101686,0.27944761871856605,0.2438685945512068,0.24907155870303696,0.3383337770414697,"[[0.09038543742648936, 0.08551090466565543, 0.039810893625728566, 0.04449970861353318, 0.019240674387159564], [0.01460706080923976, 0.009110187635127586, 0.07330176549669512, 0.00519727296664762, 0.04482092415397911], [0.03383548679725787, 0.05185205363815877, 0.010768531468831067, 0.06101024658461344, 0.011956706029004413], [0.026708654415981962, 0.0584509711227852, 0.015042788251913878, 0.02995350246461392, 0.04399304898427447], [0.027037779779747095, 0.038944477489479816, 0.0785690012757743, 0.03085014060495871, 0.05454178131234988]]","[[0.04304924643718852, 0.028629762911600406, 0.1360646007090021, 0.007037499818210208, 0.03429044882703575], [0.0711890882910788, 0.07986519790984674, 0.033498234106879486, 0.007335488270097797, 0.013987142333916248], [0.04068267490205805, 0.022188753187843784, 0.09322577995220759, 0.023821354931369353, 0.043346290331883176], [0.11063588355004782, 0.03602174580821539, 0.02951390429764691, 0.006229737773716592, 0.012141447913251056], [0.020689226873249228, 0.015761094264235952, 0.04603125797573366, 0.03586582340023714, 0.008898315223448344]]",1780852127,10000,10000,1.0,10000,1.0,0.0006518490512364424,0.03882733371172417,0.0378019336534403,0.014856000000000003,0.00228,0.0,0.0,0.0032080000000000003,0.0071800000000000015,6.496831986531987,6.084706565656566,0.0,0.0,0.0,0.0,0.0,0.0,expanded_welch,Expanded Welch,10000,1.0,True,0.9432,162.1671683660459,116.97442534619749,0.1137,0.10762592688533382,0.12007075025585093,0.01369999999999999,0.1137,0.1137,True,0.0568,0.05243133353814889,0.06150904261761884,0.0068000000000000005,0.0568,0.0568,True,0.0112,0.009316987490236137,0.013458409316937302,0.0011999999999999997,0.0112,0.0112,True
stress_5x5_d6,4,6,5,5,473,473,0.1,0.8,0.8,0.5747606842045412,0.513475320176083,3,0.10000000000000075,0.0999999999999992,1.5543122344752192e-15,1.5275102765388264,0.18421061963289986,0.15892410216193625,0.12539413676569788,0.2053314936930779,0.0008725751331528866,0.0011257904830873032,0.41272803798131535,0.5324988985002944,0.12,0.12,0.32,0.36,False,ultra_sparse,Ultra-skewed and sparse,variant_1,25,18.92,18.92,1.0,0.41272803798131535,0.12,0.08,0.36,0.44,3.93252983182316,19.822837262369497,35.002353563308404,7.356987966444106,0.3324710540103653,0.3792875593658739,0.44093141033096167,0.42463336754995296,"[[0.10256734249020742, 0.007941569481077172, 0.05015733854524335, 0.13393342123544305, 0.037871382258394294], [0.0011540078285733107, 0.002837093752389493, 0.001042999027643107, 0.002407340816006869, 0.0008725751331528866], [0.057620040717625984, 0.007350612578436738, 0.007390793175989129, 0.01960138796054232, 0.00337346934898507], [0.14490145459756282, 0.013710923537549375, 0.02742200132760507, 0.0844241815356926, 0.01982054000070499], [0.04079959568037323, 0.06315689065891628, 0.018659029743795352, 0.13892122781818902, 0.012062780749901036]]","[[0.005181589324405092, 0.01830019054988794, 0.0023651392595874306, 0.0011257904830873032, 0.014936037237936031], [0.05777150719522865, 0.13686150993818075, 0.006555858213743362, 0.0029934471935515036, 0.038630895701011504], [0.1282417784046498, 0.1200525607007355, 0.02988781399483272, 0.005571904725963744, 0.15717735250477993], [0.007012833562157059, 0.1387776238122692, 0.00621548568605014, 0.00390550732660713, 0.03870623700346105], [0.03434299208097276, 0.010641482548879515, 0.005404117311962621, 0.0019572360349427637, 0.027383109205116597]]",3903328556,10000,10000,1.0,10000,1.0,-0.0009196860621890042,0.028003985926699063,0.02815429122038574,0.10898800000000002,0.08344800000000001,0.14152000000000003,0.11392000000000001,0.2972719999999999,0.35675600000000013,0.28391733615221987,0.30796363636363633,0.0038200000000000005,0.0,0.0,4e-05,0.0191,0.0002,normal_wald,Normal Wald,10000,1.0,True,0.9516,,,0.0976,0.09193694057269153,0.10357210131602901,0.0023999999999999994,0.0976,0.0976,True,0.0484,0.04436436932890414,0.05278245799949095,0.0016000000000000042,0.0484,0.0484,True,0.0104,0.008591159114003776,0.012584852090562745,0.0003999999999999993,0.0104,0.0104,True
stress_5x5_d6,4,6,5,5,473,473,0.1,0.8,0.8,0.5747606842045412,0.513475320176083,3,0.10000000000000075,0.0999999999999992,1.5543122344752192e-15,1.5275102765388264,0.18421061963289986,0.15892410216193625,0.12539413676569788,0.2053314936930779,0.0008725751331528866,0.0011257904830873032,0.41272803798131535,0.5324988985002944,0.12,0.12,0.32,0.36,False,ultra_sparse,Ultra-skewed and sparse,variant_1,25,18.92,18.92,1.0,0.41272803798131535,0.12,0.08,0.36,0.44,3.93252983182316,19.822837262369497,35.002353563308404,7.356987966444106,0.3324710540103653,0.3792875593658739,0.44093141033096167,0.42463336754995296,"[[0.10256734249020742, 0.007941569481077172, 0.05015733854524335, 0.13393342123544305, 0.037871382258394294], [0.0011540078285733107, 0.002837093752389493, 0.001042999027643107, 0.002407340816006869, 0.0008725751331528866], [0.057620040717625984, 0.007350612578436738, 0.007390793175989129, 0.01960138796054232, 0.00337346934898507], [0.14490145459756282, 0.013710923537549375, 0.02742200132760507, 0.0844241815356926, 0.01982054000070499], [0.04079959568037323, 0.06315689065891628, 0.018659029743795352, 0.13892122781818902, 0.012062780749901036]]","[[0.005181589324405092, 0.01830019054988794, 0.0023651392595874306, 0.0011257904830873032, 0.014936037237936031], [0.05777150719522865, 0.13686150993818075, 0.006555858213743362, 0.0029934471935515036, 0.038630895701011504], [0.1282417784046498, 0.1200525607007355, 0.02988781399483272, 0.005571904725963744, 0.15717735250477993], [0.007012833562157059, 0.1387776238122692, 0.00621548568605014, 0.00390550732660713, 0.03870623700346105], [0.03434299208097276, 0.010641482548879515, 0.005404117311962621, 0.0019572360349427637, 0.027383109205116597]]",3903328556,10000,10000,1.0,10000,1.0,-0.0009196860621890042,0.028003985926699063,0.02815429122038574,0.10898800000000002,0.08344800000000001,0.14152000000000003,0.11392000000000001,0.2972719999999999,0.35675600000000013,0.28391733615221987,0.30796363636363633,0.0038200000000000005,0.0,0.0,4e-05,0.0191,0.0002,simple_welch,Simple Welch,10000,1.0,True,0.9522,936.9174751188224,892.9481049072348,0.0974,0.09174233128564133,0.10336686420242747,0.002600000000000005,0.0974,0.0974,True,0.0478,0.043789399861243195,0.05215788826519671,0.0022000000000000006,0.0478,0.0478,True,0.01,0.008229336148148417,0.012146982255114645,0.0,0.01,0.01,True
stress_5x5_d6,4,6,5,5,473,473,0.1,0.8,0.8,0.5747606842045412,0.513475320176083,3,0.10000000000000075,0.0999999999999992,1.5543122344752192e-15,1.5275102765388264,0.18421061963289986,0.15892410216193625,0.12539413676569788,0.2053314936930779,0.0008725751331528866,0.0011257904830873032,0.41272803798131535,0.5324988985002944,0.12,0.12,0.32,0.36,False,ultra_sparse,Ultra-skewed and sparse,variant_1,25,18.92,18.92,1.0,0.41272803798131535,0.12,0.08,0.36,0.44,3.93252983182316,19.822837262369497,35.002353563308404,7.356987966444106,0.3324710540103653,0.3792875593658739,0.44093141033096167,0.42463336754995296,"[[0.10256734249020742, 0.007941569481077172, 0.05015733854524335, 0.13393342123544305, 0.037871382258394294], [0.0011540078285733107, 0.002837093752389493, 0.001042999027643107, 0.002407340816006869, 0.0008725751331528866], [0.057620040717625984, 0.007350612578436738, 0.007390793175989129, 0.01960138796054232, 0.00337346934898507], [0.14490145459756282, 0.013710923537549375, 0.02742200132760507, 0.0844241815356926, 0.01982054000070499], [0.04079959568037323, 0.06315689065891628, 0.018659029743795352, 0.13892122781818902, 0.012062780749901036]]","[[0.005181589324405092, 0.01830019054988794, 0.0023651392595874306, 0.0011257904830873032, 0.014936037237936031], [0.05777150719522865, 0.13686150993818075, 0.006555858213743362, 0.0029934471935515036, 0.038630895701011504], [0.1282417784046498, 0.1200525607007355, 0.02988781399483272, 0.005571904725963744, 0.15717735250477993], [0.007012833562157059, 0.1387776238122692, 0.00621548568605014, 0.00390550732660713, 0.03870623700346105], [0.03434299208097276, 0.010641482548879515, 0.005404117311962621, 0.0019572360349427637, 0.027383109205116597]]",3903328556,10000,10000,1.0,10000,1.0,-0.0009196860621890042,0.028003985926699063,0.02815429122038574,0.10898800000000002,0.08344800000000001,0.14152000000000003,0.11392000000000001,0.2972719999999999,0.35675600000000013,0.28391733615221987,0.30796363636363633,0.0038200000000000005,0.0,0.0,4e-05,0.0191,0.0002,expanded_welch,Expanded Welch,10000,1.0,True,0.9539,151.56500695681393,113.7631594109411,0.0957,0.09008845753592307,0.101622043546606,0.004300000000000012,0.0957,0.0957,True,0.0461,0.0421613141098896,0.05038727961101061,0.0039000000000000007,0.0461,0.0461,True,0.009,0.007328320093401381,0.011048766306603034,0.0010000000000000009,0.009,0.009,True
stress_5x5_d7,4,7,5,5,75,750,0.15,10.0,0.8,0.5703058304147,0.6059952672030354,1,0.15000000000000013,0.1499999999999997,4.440892098500626e-16,1.2763320603300914,0.2795059233780017,0.24426003012292932,0.13041807446859566,0.2233467226142326,0.004057323244263683,0.00018508259448270087,0.3042992433197762,0.13881194586202567,0.0,0.08,0.92,0.36,False,ultra_sparse,Ultra-skewed and sparse,variant_2,25,3.0,30.0,10.0,0.13881194586202567,0.12,0.24,0.84,0.44,11.05201289939712,5.734983982871139,9.546322626949637,41.11451898857645,0.26667824751051106,0.34598292536465847,0.6608976243546221,0.30994215978545175,"[[0.11970397812343678, 0.004057323244263683, 0.01460869739747137, 0.010767696852650268, 0.02568976303042105], [0.0240510235117128, 0.07266314455546834, 0.021530237309198466, 0.026761612952734083, 0.021399234019342447], [0.094905419110981, 0.027619636647693114, 0.04380733508090087, 0.053320035115910186, 0.047025821555025854], [0.061882596825193384, 0.01867116156896292, 0.02887033134815863, 0.011170217812825692, 0.02676586443682099], [0.04543990779333449, 0.03104153875544197, 0.01846770055693248, 0.1085448981972022, 0.04123482419791692]]","[[0.03752876573680553, 0.21004901606013632, 0.2644527355515823, 0.0963524471045373, 0.052514659901560734], [0.0007499100225397873, 0.0004345061618966864, 0.0004227757634336663, 0.005854370768142011, 0.00018508259448270087], [0.0025308401275917513, 0.017587687064534677, 0.010006526308144309, 0.025516894036786017, 0.0009934440927526292], [0.002557298267359981, 0.020730925084328066, 0.006397951470634522, 0.04306757148067144, 0.0018869761220494166], [0.011452544497138218, 0.03639909544615379, 0.01186819764244592, 0.13915087639531498, 0.0013089022989773178]]",3860016290,10000,10000,1.0,10000,1.0,0.016461862183596684,0.07310622976142249,0.06571563135819597,0.15756000000000003,0.173092,0.049359999999999994,0.10027600000000002,0.8715880000000003,0.35998800000000003,0.973808,0.29477226666666667,0.0,0.0005600000000000001,0.0,0.0,0.0,0.0028,normal_wald,Normal Wald,10000,1.0,True,0.9162,,,0.1472,0.1403912325296268,0.15427971672072263,0.04719999999999999,0.1472,0.1472,True,0.0838,0.07852769342822412,0.08939194681552708,0.0338,0.0838,0.0838,False,0.0223,0.01958415095628432,0.025382721087060096,0.0123,0.0223,0.0223,False
stress_5x5_d7,4,7,5,5,75,750,0.15,10.0,0.8,0.5703058304147,0.6059952672030354,1,0.15000000000000013,0.1499999999999997,4.440892098500626e-16,1.2763320603300914,0.2795059233780017,0.24426003012292932,0.13041807446859566,0.2233467226142326,0.004057323244263683,0.00018508259448270087,0.3042992433197762,0.13881194586202567,0.0,0.08,0.92,0.36,False,ultra_sparse,Ultra-skewed and sparse,variant_2,25,3.0,30.0,10.0,0.13881194586202567,0.12,0.24,0.84,0.44,11.05201289939712,5.734983982871139,9.546322626949637,41.11451898857645,0.26667824751051106,0.34598292536465847,0.6608976243546221,0.30994215978545175,"[[0.11970397812343678, 0.004057323244263683, 0.01460869739747137, 0.010767696852650268, 0.02568976303042105], [0.0240510235117128, 0.07266314455546834, 0.021530237309198466, 0.026761612952734083, 0.021399234019342447], [0.094905419110981, 0.027619636647693114, 0.04380733508090087, 0.053320035115910186, 0.047025821555025854], [0.061882596825193384, 0.01867116156896292, 0.02887033134815863, 0.011170217812825692, 0.02676586443682099], [0.04543990779333449, 0.03104153875544197, 0.01846770055693248, 0.1085448981972022, 0.04123482419791692]]","[[0.03752876573680553, 0.21004901606013632, 0.2644527355515823, 0.0963524471045373, 0.052514659901560734], [0.0007499100225397873, 0.0004345061618966864, 0.0004227757634336663, 0.005854370768142011, 0.00018508259448270087], [0.0025308401275917513, 0.017587687064534677, 0.010006526308144309, 0.025516894036786017, 0.0009934440927526292], [0.002557298267359981, 0.020730925084328066, 0.006397951470634522, 0.04306757148067144, 0.0018869761220494166], [0.011452544497138218, 0.03639909544615379, 0.01186819764244592, 0.13915087639531498, 0.0013089022989773178]]",3860016290,10000,10000,1.0,10000,1.0,0.016461862183596684,0.07310622976142249,0.06571563135819597,0.15756000000000003,0.173092,0.049359999999999994,0.10027600000000002,0.8715880000000003,0.35998800000000003,0.973808,0.29477226666666667,0.0,0.0005600000000000001,0.0,0.0,0.0,0.0028,simple_welch,Simple Welch,10000,1.0,True,0.9214,86.45676677418132,82.13125153865992,0.1438,0.13705948516535357,0.15081407527391646,0.043800000000000006,0.1438,0.1438,True,0.0786,0.07348582126570413,0.0840378125611021,0.0286,0.0786,0.0786,False,0.0203,0.017714572967792833,0.02325383506903429,0.010299999999999998,0.0203,0.0203,False
stress_5x5_d7,4,7,5,5,75,750,0.15,10.0,0.8,0.5703058304147,0.6059952672030354,1,0.15000000000000013,0.1499999999999997,4.440892098500626e-16,1.2763320603300914,0.2795059233780017,0.24426003012292932,0.13041807446859566,0.2233467226142326,0.004057323244263683,0.00018508259448270087,0.3042992433197762,0.13881194586202567,0.0,0.08,0.92,0.36,False,ultra_sparse,Ultra-skewed and sparse,variant_2,25,3.0,30.0,10.0,0.13881194586202567,0.12,0.24,0.84,0.44,11.05201289939712,5.734983982871139,9.546322626949637,41.11451898857645,0.26667824751051106,0.34598292536465847,0.6608976243546221,0.30994215978545175,"[[0.11970397812343678, 0.004057323244263683, 0.01460869739747137, 0.010767696852650268, 0.02568976303042105], [0.0240510235117128, 0.07266314455546834, 0.021530237309198466, 0.026761612952734083, 0.021399234019342447], [0.094905419110981, 0.027619636647693114, 0.04380733508090087, 0.053320035115910186, 0.047025821555025854], [0.061882596825193384, 0.01867116156896292, 0.02887033134815863, 0.011170217812825692, 0.02676586443682099], [0.04543990779333449, 0.03104153875544197, 0.01846770055693248, 0.1085448981972022, 0.04123482419791692]]","[[0.03752876573680553, 0.21004901606013632, 0.2644527355515823, 0.0963524471045373, 0.052514659901560734], [0.0007499100225397873, 0.0004345061618966864, 0.0004227757634336663, 0.005854370768142011, 0.00018508259448270087], [0.0025308401275917513, 0.017587687064534677, 0.010006526308144309, 0.025516894036786017, 0.0009934440927526292], [0.002557298267359981, 0.020730925084328066, 0.006397951470634522, 0.04306757148067144, 0.0018869761220494166], [0.011452544497138218, 0.03639909544615379, 0.01186819764244592, 0.13915087639531498, 0.0013089022989773178]]",3860016290,10000,10000,1.0,10000,1.0,0.016461862183596684,0.07310622976142249,0.06571563135819597,0.15756000000000003,0.173092,0.049359999999999994,0.10027600000000002,0.8715880000000003,0.35998800000000003,0.973808,0.29477226666666667,0.0,0.0005600000000000001,0.0,0.0,0.0,0.0028,expanded_welch,Expanded Welch,10000,1.0,True,0.9349,24.816453675140394,13.845786446707061,0.1314,0.12491981094717504,0.13816327265168776,0.031399999999999983,0.1314,0.1314,True,0.0651,0.0604297708685671,0.07010423091424739,0.015100000000000002,0.0651,0.0651,True,0.0128,0.010776367996168325,0.015197800016218949,0.0028000000000000004,0.0128,0.0128,True
adversarial_5x5_d8,4,8,5,5,435,435,0.1,0.35,0.35,0.8027445448601062,0.9619946669098716,1,0.09999999999999631,0.10000000000000031,-3.9968028886505635e-15,1.6675550725135182,0.17237872467623636,0.15867670131235162,0.17947364245865893,0.2249523275858961,1.3939535109413003e-08,5.701335066070819e-05,6.063697772594656e-06,0.024800807537408064,0.36,0.2,0.56,0.48,False,widespread_sparse,Widespread sparsity,variant_1,25,17.4,17.4,1.0,6.063697772594656e-06,0.48,0.32,0.64,0.52,0.043729790487879325,7.148836234815463,0.22535141711037449,2.8205723594363787,0.4611307398583906,0.47712997060852935,0.6472373673227769,0.34817514678199424,"[[0.0004990855718009732, 0.008845253940416345, 0.008594483265141551, 0.0002671409289493538, 1.417961880131014e-06], [0.05816875695016879, 0.028212838067574148, 0.25888428918419604, 0.10373945882753738, 0.00033410643173672924], [0.0023013852556143894, 0.0017976228243721016, 0.05786524242026542, 0.009254937412082805, 2.712845878084046e-06], [3.510503590261724e-06, 2.8018394144705133e-06, 8.505290776264328e-05, 9.149063692639967e-06, 1.3939535109413003e-08], [0.1526113219637071, 0.10490470704812264, 0.15170090283116372, 0.05173400995969067, 0.0001797980557064394]]","[[0.03575362046191276, 0.03617818523219019, 0.0007022963493532558, 0.09497887094785615, 0.001762500452770399], [0.048291667848198425, 0.026886561139364735, 6.243465216012235e-05, 0.0023608577281841498, 0.01600049291226944], [0.005668274685437199, 0.0052896502063257125, 5.701335066070819e-05, 0.001078081341810437, 0.004341086702698044], [0.20247197365869626, 0.18881246673908386, 0.00554679708332067, 0.2322379876888901, 0.01816814215278601], [0.05598961012774963, 0.0012168613358935377, 0.00011553295401416109, 0.015132494845502095, 0.0008965394028720657]]",2161844049,10000,10000,1.0,10000,1.0,-0.005862363614101057,0.02822466747455281,0.02745794106898099,0.4528760000000001,0.27079200000000003,0.3923840000000001,0.22452800000000006,0.56466,0.47926400000000013,2.022988505747126e-05,0.04619310344827586,0.19188000000000005,0.00011999999999999999,0.15875999999999998,0.011940000000000001,0.9925,0.0603,normal_wald,Normal Wald,10000,1.0,True,0.9384,,,0.116,0.10987063515944737,0.12242427558923227,0.016,0.116,0.116,True,0.0616,0.05705394834141747,0.06648274142999176,0.0116,0.0616,0.0616,True,0.0144,0.012244521370558361,0.016928417847042746,0.004399999999999999,0.0144,0.0144,True
adversarial_5x5_d8,4,8,5,5,435,435,0.1,0.35,0.35,0.8027445448601062,0.9619946669098716,1,0.09999999999999631,0.10000000000000031,-3.9968028886505635e-15,1.6675550725135182,0.17237872467623636,0.15867670131235162,0.17947364245865893,0.2249523275858961,1.3939535109413003e-08,5.701335066070819e-05,6.063697772594656e-06,0.024800807537408064,0.36,0.2,0.56,0.48,False,widespread_sparse,Widespread sparsity,variant_1,25,17.4,17.4,1.0,6.063697772594656e-06,0.48,0.32,0.64,0.52,0.043729790487879325,7.148836234815463,0.22535141711037449,2.8205723594363787,0.4611307398583906,0.47712997060852935,0.6472373673227769,0.34817514678199424,"[[0.0004990855718009732, 0.008845253940416345, 0.008594483265141551, 0.0002671409289493538, 1.417961880131014e-06], [0.05816875695016879, 0.028212838067574148, 0.25888428918419604, 0.10373945882753738, 0.00033410643173672924], [0.0023013852556143894, 0.0017976228243721016, 0.05786524242026542, 0.009254937412082805, 2.712845878084046e-06], [3.510503590261724e-06, 2.8018394144705133e-06, 8.505290776264328e-05, 9.149063692639967e-06, 1.3939535109413003e-08], [0.1526113219637071, 0.10490470704812264, 0.15170090283116372, 0.05173400995969067, 0.0001797980557064394]]","[[0.03575362046191276, 0.03617818523219019, 0.0007022963493532558, 0.09497887094785615, 0.001762500452770399], [0.048291667848198425, 0.026886561139364735, 6.243465216012235e-05, 0.0023608577281841498, 0.01600049291226944], [0.005668274685437199, 0.0052896502063257125, 5.701335066070819e-05, 0.001078081341810437, 0.004341086702698044], [0.20247197365869626, 0.18881246673908386, 0.00554679708332067, 0.2322379876888901, 0.01816814215278601], [0.05598961012774963, 0.0012168613358935377, 0.00011553295401416109, 0.015132494845502095, 0.0008965394028720657]]",2161844049,10000,10000,1.0,10000,1.0,-0.005862363614101057,0.02822466747455281,0.02745794106898099,0.4528760000000001,0.27079200000000003,0.3923840000000001,0.22452800000000006,0.56466,0.47926400000000013,2.022988505747126e-05,0.04619310344827586,0.19188000000000005,0.00011999999999999999,0.15875999999999998,0.011940000000000001,0.9925,0.0603,simple_welch,Simple Welch,10000,1.0,True,0.9388,859.7041905690421,802.9682540010906,0.1155,0.1093825873342568,0.12191270741279352,0.0155,0.1155,0.1155,True,0.0612,0.05666840814896297,0.0660685888211428,0.011199999999999995,0.0612,0.0612,True,0.0144,0.012244521370558361,0.016928417847042746,0.004399999999999999,0.0144,0.0144,True
adversarial_5x5_d8,4,8,5,5,435,435,0.1,0.35,0.35,0.8027445448601062,0.9619946669098716,1,0.09999999999999631,0.10000000000000031,-3.9968028886505635e-15,1.6675550725135182,0.17237872467623636,0.15867670131235162,0.17947364245865893,0.2249523275858961,1.3939535109413003e-08,5.701335066070819e-05,6.063697772594656e-06,0.024800807537408064,0.36,0.2,0.56,0.48,False,widespread_sparse,Widespread sparsity,variant_1,25,17.4,17.4,1.0,6.063697772594656e-06,0.48,0.32,0.64,0.52,0.043729790487879325,7.148836234815463,0.22535141711037449,2.8205723594363787,0.4611307398583906,0.47712997060852935,0.6472373673227769,0.34817514678199424,"[[0.0004990855718009732, 0.008845253940416345, 0.008594483265141551, 0.0002671409289493538, 1.417961880131014e-06], [0.05816875695016879, 0.028212838067574148, 0.25888428918419604, 0.10373945882753738, 0.00033410643173672924], [0.0023013852556143894, 0.0017976228243721016, 0.05786524242026542, 0.009254937412082805, 2.712845878084046e-06], [3.510503590261724e-06, 2.8018394144705133e-06, 8.505290776264328e-05, 9.149063692639967e-06, 1.3939535109413003e-08], [0.1526113219637071, 0.10490470704812264, 0.15170090283116372, 0.05173400995969067, 0.0001797980557064394]]","[[0.03575362046191276, 0.03617818523219019, 0.0007022963493532558, 0.09497887094785615, 0.001762500452770399], [0.048291667848198425, 0.026886561139364735, 6.243465216012235e-05, 0.0023608577281841498, 0.01600049291226944], [0.005668274685437199, 0.0052896502063257125, 5.701335066070819e-05, 0.001078081341810437, 0.004341086702698044], [0.20247197365869626, 0.18881246673908386, 0.00554679708332067, 0.2322379876888901, 0.01816814215278601], [0.05598961012774963, 0.0012168613358935377, 0.00011553295401416109, 0.015132494845502095, 0.0008965394028720657]]",2161844049,10000,10000,1.0,10000,1.0,-0.005862363614101057,0.02822466747455281,0.02745794106898099,0.4528760000000001,0.27079200000000003,0.3923840000000001,0.22452800000000006,0.56466,0.47926400000000013,2.022988505747126e-05,0.04619310344827586,0.19188000000000005,0.00011999999999999999,0.15875999999999998,0.011940000000000001,0.9925,0.0603,expanded_welch,Expanded Welch,10000,1.0,True,0.9416,95.74905399357283,68.16648933934053,0.1114,0.10538202781749394,0.11771641571619591,0.011399999999999993,0.1114,0.1114,True,0.0584,0.053971246745883626,0.06316790061509793,0.008399999999999998,0.0584,0.0584,True,0.0126,0.010593432231852846,0.014980889379882699,0.0026,0.0126,0.0126,True
adversarial_5x5_d9,4,9,5,5,414,828,0.15,1.0,0.35,0.643986887122548,1.2106673554270686,1,0.15000000000000613,0.15000000000000002,6.106226635438361e-15,1.5169482153590206,0.230093506831928,0.20068335084981043,0.16917818044095356,0.29855395177361754,3.615877163362559e-05,3.966057143704597e-09,0.014969731456320993,3.2838953149874064e-06,0.32,0.36,0.48,0.48,False,widespread_sparse,Widespread sparsity,variant_2,25,16.56,33.12,2.0,3.2838953149874064e-06,0.4,0.44,0.56,0.6,19.49998461005122,0.3698883097057078,2.768492451369139,1.005361708781157,0.5076507654864911,0.5390758630372605,0.6413789935562964,0.5315284499030551,"[[0.019537002821583063, 3.615877163362559e-05, 0.0007310421539331126, 0.026414184530900033, 0.00038302382352315925], [0.13086946608775304, 0.0003079783867818816, 0.007183642622283734, 0.038787847176102265, 0.0005285823632114943], [0.17966501982084285, 0.0004560851825604545, 0.005348477161961893, 0.01279677834360065, 0.001172318028528263], [0.05010327515396037, 9.425118040133924e-05, 0.0006313218975259631, 0.016628405765787706, 0.0006743732406341169], [0.15890109915312123, 0.005792706312847673, 0.10433257250030065, 0.23241373107742574, 0.006210656442795784]]","[[1.576046670286784e-05, 3.2676314714182926e-06, 3.966057143704597e-09, 2.387644344589412e-07, 0.00042745418305598055], [0.008776867051986619, 0.0012372098410030146, 8.272507522885024e-07, 5.0753749436416605e-05, 0.1024333050169871], [0.33352205811998337, 0.0659003026773073, 0.0012093887769273053, 0.012170415992827088, 0.2285768279892513], [0.02219081863938943, 0.00282473189480556, 3.708818565507174e-06, 6.53483053210728e-05, 0.11487706182030802], [0.0017513332298575834, 0.018746350025482948, 2.761499938389871e-07, 1.8887446396646442e-06, 0.08521380089345275]]",2875952689,10000,10000,1.0,10000,1.0,0.0014524423110360278,0.028604688923678574,0.02782236656551795,0.340992,0.4657880000000001,0.3170760000000001,0.3856560000000001,0.4867160000000001,0.4890080000000001,0.10214951690821254,0.0004506038647342995,0.0,0.13851999999999998,0.016579999999999998,0.0714,0.0823,0.8034,normal_wald,Normal Wald,10000,1.0,True,0.9424,,,0.1119,0.10586976203498188,0.11822829750033731,0.011899999999999994,0.1119,0.1119,True,0.0576,0.05320116648345307,0.062338595274921575,0.007599999999999996,0.0576,0.0576,True,0.0131,0.011051026492993674,0.015522911120371194,0.0031000000000000003,0.0131,0.0131,True
adversarial_5x5_d9,4,9,5,5,414,828,0.15,1.0,0.35,0.643986887122548,1.2106673554270686,1,0.15000000000000613,0.15000000000000002,6.106226635438361e-15,1.5169482153590206,0.230093506831928,0.20068335084981043,0.16917818044095356,0.29855395177361754,3.615877163362559e-05,3.966057143704597e-09,0.014969731456320993,3.2838953149874064e-06,0.32,0.36,0.48,0.48,False,widespread_sparse,Widespread sparsity,variant_2,25,16.56,33.12,2.0,3.2838953149874064e-06,0.4,0.44,0.56,0.6,19.49998461005122,0.3698883097057078,2.768492451369139,1.005361708781157,0.5076507654864911,0.5390758630372605,0.6413789935562964,0.5315284499030551,"[[0.019537002821583063, 3.615877163362559e-05, 0.0007310421539331126, 0.026414184530900033, 0.00038302382352315925], [0.13086946608775304, 0.0003079783867818816, 0.007183642622283734, 0.038787847176102265, 0.0005285823632114943], [0.17966501982084285, 0.0004560851825604545, 0.005348477161961893, 0.01279677834360065, 0.001172318028528263], [0.05010327515396037, 9.425118040133924e-05, 0.0006313218975259631, 0.016628405765787706, 0.0006743732406341169], [0.15890109915312123, 0.005792706312847673, 0.10433257250030065, 0.23241373107742574, 0.006210656442795784]]","[[1.576046670286784e-05, 3.2676314714182926e-06, 3.966057143704597e-09, 2.387644344589412e-07, 0.00042745418305598055], [0.008776867051986619, 0.0012372098410030146, 8.272507522885024e-07, 5.0753749436416605e-05, 0.1024333050169871], [0.33352205811998337, 0.0659003026773073, 0.0012093887769273053, 0.012170415992827088, 0.2285768279892513], [0.02219081863938943, 0.00282473189480556, 3.708818565507174e-06, 6.53483053210728e-05, 0.11487706182030802], [0.0017513332298575834, 0.018746350025482948, 2.761499938389871e-07, 1.8887446396646442e-06, 0.08521380089345275]]",2875952689,10000,10000,1.0,10000,1.0,0.0014524423110360278,0.028604688923678574,0.02782236656551795,0.340992,0.4657880000000001,0.3170760000000001,0.3856560000000001,0.4867160000000001,0.4890080000000001,0.10214951690821254,0.0004506038647342995,0.0,0.13851999999999998,0.016579999999999998,0.0714,0.0823,0.8034,simple_welch,Simple Welch,10000,1.0,True,0.9426,772.583261471836,693.3168116813138,0.1116,0.10557711680446394,0.11792117312987765,0.0116,0.1116,0.1116,True,0.0574,0.05300868487210344,0.06213123048561948,0.007399999999999997,0.0574,0.0574,True,0.0125,0.010502016506099209,0.014872381905310471,0.0025000000000000005,0.0125,0.0125,True
adversarial_5x5_d9,4,9,5,5,414,828,0.15,1.0,0.35,0.643986887122548,1.2106673554270686,1,0.15000000000000613,0.15000000000000002,6.106226635438361e-15,1.5169482153590206,0.230093506831928,0.20068335084981043,0.16917818044095356,0.29855395177361754,3.615877163362559e-05,3.966057143704597e-09,0.014969731456320993,3.2838953149874064e-06,0.32,0.36,0.48,0.48,False,widespread_sparse,Widespread sparsity,variant_2,25,16.56,33.12,2.0,3.2838953149874064e-06,0.4,0.44,0.56,0.6,19.49998461005122,0.3698883097057078,2.768492451369139,1.005361708781157,0.5076507654864911,0.5390758630372605,0.6413789935562964,0.5315284499030551,"[[0.019537002821583063, 3.615877163362559e-05, 0.0007310421539331126, 0.026414184530900033, 0.00038302382352315925], [0.13086946608775304, 0.0003079783867818816, 0.007183642622283734, 0.038787847176102265, 0.0005285823632114943], [0.17966501982084285, 0.0004560851825604545, 0.005348477161961893, 0.01279677834360065, 0.001172318028528263], [0.05010327515396037, 9.425118040133924e-05, 0.0006313218975259631, 0.016628405765787706, 0.0006743732406341169], [0.15890109915312123, 0.005792706312847673, 0.10433257250030065, 0.23241373107742574, 0.006210656442795784]]","[[1.576046670286784e-05, 3.2676314714182926e-06, 3.966057143704597e-09, 2.387644344589412e-07, 0.00042745418305598055], [0.008776867051986619, 0.0012372098410030146, 8.272507522885024e-07, 5.0753749436416605e-05, 0.1024333050169871], [0.33352205811998337, 0.0659003026773073, 0.0012093887769273053, 0.012170415992827088, 0.2285768279892513], [0.02219081863938943, 0.00282473189480556, 3.708818565507174e-06, 6.53483053210728e-05, 0.11487706182030802], [0.0017513332298575834, 0.018746350025482948, 2.761499938389871e-07, 1.8887446396646442e-06, 0.08521380089345275]]",2875952689,10000,10000,1.0,10000,1.0,0.0014524423110360278,0.028604688923678574,0.02782236656551795,0.340992,0.4657880000000001,0.3170760000000001,0.3856560000000001,0.4867160000000001,0.4890080000000001,0.10214951690821254,0.0004506038647342995,0.0,0.13851999999999998,0.016579999999999998,0.0714,0.0823,0.8034,expanded_welch,Expanded Welch,10000,1.0,True,0.9434,229.40317165231795,162.88093141483552,0.1106,0.10460173485717725,0.11689732307390568,0.010599999999999998,0.1106,0.1106,True,0.0566,0.052238914517184126,0.06130161523793187,0.006599999999999995,0.0566,0.0566,True,0.0123,0.01031929142332744,0.01465526058743051,0.0023,0.0123,0.0123,True
strong_null_8x8_d-2,5,-2,8,8,960,960,0.1,50.0,50.0,0.4887206220143118,0.4887206220143118,1,0.09999999999992237,0.09999999999992237,0.0,0.0,0.18402387660164676,0.18402387660164676,0.09999999999992237,0.18402387660164676,0.002502484708544048,0.002502484708544048,2.402385320202286,2.402385320202286,0.0,0.0,0.0,0.0,False,strong_null,Strong null (P = Q),variant_1,64,15.0,15.0,1.0,2.402385320202286,0.0,0.0,0.078125,0.078125,89.44453478804262,89.44453478804262,100.74432350604238,100.74432350604238,0.16337110656996898,0.1455637814919825,0.16337110656996898,0.1455637814919825,"[[0.04524947846285535, 0.009226375329917161, 0.013297270903783931, 0.012927316145103252, 0.026201484395966708, 0.02601742598707781, 0.009598999410248346, 0.02085275593501643], [0.01739002068412484, 0.026333011492646417, 0.021392197321369193, 0.011228532206168578, 0.025255751783276936, 0.02609777598647279, 0.009929216875623686, 0.019573810641143465], [0.002502484708544048, 0.007541010750020626, 0.024416636968881536, 0.004361099584188912, 0.020401905759961408, 0.019137168888440557, 0.016802759963126124, 0.018934014274873807], [0.015167978804499254, 0.013239029337706227, 0.012301816809270531, 0.0132451331610897, 0.012938992123988248, 0.010273513262476212, 0.013363024531784558, 0.015663842059481965], [0.016353898663167808, 0.018563816850034026, 0.011439362540430896, 0.008490865349277022, 0.014369346130929314, 0.009237401160338301, 0.0192302535458203, 0.015189473985742311], [0.003751681486297883, 0.011754250468031299, 0.03056522901911222, 0.010516350178595313, 0.0060144249363046935, 0.018779240856373416, 0.009020874260899828, 0.002769339198596396], [0.008135363875591113, 0.018553169024123368, 0.01263224914416421, 0.034184284433248426, 0.018434441925873173, 0.015360110817900785, 0.034351063677831514, 0.01396006378519874], [0.006147433289805083, 0.01301921180023274, 0.019519018784970015, 0.009988422594456274, 0.0043838128173229384, 0.016254616796981036, 0.009036970441422909, 0.019132123611798245]]","[[0.04524947846285535, 0.009226375329917161, 0.013297270903783931, 0.012927316145103252, 0.026201484395966708, 0.02601742598707781, 0.009598999410248346, 0.02085275593501643], [0.01739002068412484, 0.026333011492646417, 0.021392197321369193, 0.011228532206168578, 0.025255751783276936, 0.02609777598647279, 0.009929216875623686, 0.019573810641143465], [0.002502484708544048, 0.007541010750020626, 0.024416636968881536, 0.004361099584188912, 0.020401905759961408, 0.019137168888440557, 0.016802759963126124, 0.018934014274873807], [0.015167978804499254, 0.013239029337706227, 0.012301816809270531, 0.0132451331610897, 0.012938992123988248, 0.010273513262476212, 0.013363024531784558, 0.015663842059481965], [0.016353898663167808, 0.018563816850034026, 0.011439362540430896, 0.008490865349277022, 0.014369346130929314, 0.009237401160338301, 0.0192302535458203, 0.015189473985742311], [0.003751681486297883, 0.011754250468031299, 0.03056522901911222, 0.010516350178595313, 0.0060144249363046935, 0.018779240856373416, 0.009020874260899828, 0.002769339198596396], [0.008135363875591113, 0.018553169024123368, 0.01263224914416421, 0.034184284433248426, 0.018434441925873173, 0.015360110817900785, 0.034351063677831514, 0.01396006378519874], [0.006147433289805083, 0.01301921180023274, 0.019519018784970015, 0.009988422594456274, 0.0043838128173229384, 0.016254616796981036, 0.009036970441422909, 0.019132123611798245]]",213122510,10000,10000,1.0,10000,1.0,-0.00045071088967498,0.02099812839495831,0.02126863829511513,0.003465625,0.0035828125,0.0,0.0,0.0,3.125e-06,8.577457708333332,8.556401875,0.0,0.0,0.0,0.0,0.0,0.0,normal_wald,Normal Wald,10000,1.0,True,0.9533,,,0.0945,0.08892135081695002,0.10039007186166868,0.005500000000000005,0.0945,0.0945,True,0.0467,0.04273576187658065,0.05101237104627475,0.0033000000000000043,0.0467,0.0467,True,0.0106,0.008772350992874956,0.012803506612343295,0.0005999999999999998,0.0106,0.0106,True
strong_null_8x8_d-2,5,-2,8,8,960,960,0.1,50.0,50.0,0.4887206220143118,0.4887206220143118,1,0.09999999999992237,0.09999999999992237,0.0,0.0,0.18402387660164676,0.18402387660164676,0.09999999999992237,0.18402387660164676,0.002502484708544048,0.002502484708544048,2.402385320202286,2.402385320202286,0.0,0.0,0.0,0.0,False,strong_null,Strong null (P = Q),variant_1,64,15.0,15.0,1.0,2.402385320202286,0.0,0.0,0.078125,0.078125,89.44453478804262,89.44453478804262,100.74432350604238,100.74432350604238,0.16337110656996898,0.1455637814919825,0.16337110656996898,0.1455637814919825,"[[0.04524947846285535, 0.009226375329917161, 0.013297270903783931, 0.012927316145103252, 0.026201484395966708, 0.02601742598707781, 0.009598999410248346, 0.02085275593501643], [0.01739002068412484, 0.026333011492646417, 0.021392197321369193, 0.011228532206168578, 0.025255751783276936, 0.02609777598647279, 0.009929216875623686, 0.019573810641143465], [0.002502484708544048, 0.007541010750020626, 0.024416636968881536, 0.004361099584188912, 0.020401905759961408, 0.019137168888440557, 0.016802759963126124, 0.018934014274873807], [0.015167978804499254, 0.013239029337706227, 0.012301816809270531, 0.0132451331610897, 0.012938992123988248, 0.010273513262476212, 0.013363024531784558, 0.015663842059481965], [0.016353898663167808, 0.018563816850034026, 0.011439362540430896, 0.008490865349277022, 0.014369346130929314, 0.009237401160338301, 0.0192302535458203, 0.015189473985742311], [0.003751681486297883, 0.011754250468031299, 0.03056522901911222, 0.010516350178595313, 0.0060144249363046935, 0.018779240856373416, 0.009020874260899828, 0.002769339198596396], [0.008135363875591113, 0.018553169024123368, 0.01263224914416421, 0.034184284433248426, 0.018434441925873173, 0.015360110817900785, 0.034351063677831514, 0.01396006378519874], [0.006147433289805083, 0.01301921180023274, 0.019519018784970015, 0.009988422594456274, 0.0043838128173229384, 0.016254616796981036, 0.009036970441422909, 0.019132123611798245]]","[[0.04524947846285535, 0.009226375329917161, 0.013297270903783931, 0.012927316145103252, 0.026201484395966708, 0.02601742598707781, 0.009598999410248346, 0.02085275593501643], [0.01739002068412484, 0.026333011492646417, 0.021392197321369193, 0.011228532206168578, 0.025255751783276936, 0.02609777598647279, 0.009929216875623686, 0.019573810641143465], [0.002502484708544048, 0.007541010750020626, 0.024416636968881536, 0.004361099584188912, 0.020401905759961408, 0.019137168888440557, 0.016802759963126124, 0.018934014274873807], [0.015167978804499254, 0.013239029337706227, 0.012301816809270531, 0.0132451331610897, 0.012938992123988248, 0.010273513262476212, 0.013363024531784558, 0.015663842059481965], [0.016353898663167808, 0.018563816850034026, 0.011439362540430896, 0.008490865349277022, 0.014369346130929314, 0.009237401160338301, 0.0192302535458203, 0.015189473985742311], [0.003751681486297883, 0.011754250468031299, 0.03056522901911222, 0.010516350178595313, 0.0060144249363046935, 0.018779240856373416, 0.009020874260899828, 0.002769339198596396], [0.008135363875591113, 0.018553169024123368, 0.01263224914416421, 0.034184284433248426, 0.018434441925873173, 0.015360110817900785, 0.034351063677831514, 0.01396006378519874], [0.006147433289805083, 0.01301921180023274, 0.019519018784970015, 0.009988422594456274, 0.0043838128173229384, 0.016254616796981036, 0.009036970441422909, 0.019132123611798245]]",213122510,10000,10000,1.0,10000,1.0,-0.00045071088967498,0.02099812839495831,0.02126863829511513,0.003465625,0.0035828125,0.0,0.0,0.0,3.125e-06,8.577457708333332,8.556401875,0.0,0.0,0.0,0.0,0.0,0.0,simple_welch,Simple Welch,10000,1.0,True,0.9533,1912.4803443635105,1871.6650215497848,0.0944,0.08882410456061328,0.10028739491767956,0.005600000000000008,0.0944,0.0944,True,0.0467,0.04273576187658065,0.05101237104627475,0.0033000000000000043,0.0467,0.0467,True,0.0105,0.008681732235914952,0.012694202168977434,0.0005000000000000004,0.0105,0.0105,True
strong_null_8x8_d-2,5,-2,8,8,960,960,0.1,50.0,50.0,0.4887206220143118,0.4887206220143118,1,0.09999999999992237,0.09999999999992237,0.0,0.0,0.18402387660164676,0.18402387660164676,0.09999999999992237,0.18402387660164676,0.002502484708544048,0.002502484708544048,2.402385320202286,2.402385320202286,0.0,0.0,0.0,0.0,False,strong_null,Strong null (P = Q),variant_1,64,15.0,15.0,1.0,2.402385320202286,0.0,0.0,0.078125,0.078125,89.44453478804262,89.44453478804262,100.74432350604238,100.74432350604238,0.16337110656996898,0.1455637814919825,0.16337110656996898,0.1455637814919825,"[[0.04524947846285535, 0.009226375329917161, 0.013297270903783931, 0.012927316145103252, 0.026201484395966708, 0.02601742598707781, 0.009598999410248346, 0.02085275593501643], [0.01739002068412484, 0.026333011492646417, 0.021392197321369193, 0.011228532206168578, 0.025255751783276936, 0.02609777598647279, 0.009929216875623686, 0.019573810641143465], [0.002502484708544048, 0.007541010750020626, 0.024416636968881536, 0.004361099584188912, 0.020401905759961408, 0.019137168888440557, 0.016802759963126124, 0.018934014274873807], [0.015167978804499254, 0.013239029337706227, 0.012301816809270531, 0.0132451331610897, 0.012938992123988248, 0.010273513262476212, 0.013363024531784558, 0.015663842059481965], [0.016353898663167808, 0.018563816850034026, 0.011439362540430896, 0.008490865349277022, 0.014369346130929314, 0.009237401160338301, 0.0192302535458203, 0.015189473985742311], [0.003751681486297883, 0.011754250468031299, 0.03056522901911222, 0.010516350178595313, 0.0060144249363046935, 0.018779240856373416, 0.009020874260899828, 0.002769339198596396], [0.008135363875591113, 0.018553169024123368, 0.01263224914416421, 0.034184284433248426, 0.018434441925873173, 0.015360110817900785, 0.034351063677831514, 0.01396006378519874], [0.006147433289805083, 0.01301921180023274, 0.019519018784970015, 0.009988422594456274, 0.0043838128173229384, 0.016254616796981036, 0.009036970441422909, 0.019132123611798245]]","[[0.04524947846285535, 0.009226375329917161, 0.013297270903783931, 0.012927316145103252, 0.026201484395966708, 0.02601742598707781, 0.009598999410248346, 0.02085275593501643], [0.01739002068412484, 0.026333011492646417, 0.021392197321369193, 0.011228532206168578, 0.025255751783276936, 0.02609777598647279, 0.009929216875623686, 0.019573810641143465], [0.002502484708544048, 0.007541010750020626, 0.024416636968881536, 0.004361099584188912, 0.020401905759961408, 0.019137168888440557, 0.016802759963126124, 0.018934014274873807], [0.015167978804499254, 0.013239029337706227, 0.012301816809270531, 0.0132451331610897, 0.012938992123988248, 0.010273513262476212, 0.013363024531784558, 0.015663842059481965], [0.016353898663167808, 0.018563816850034026, 0.011439362540430896, 0.008490865349277022, 0.014369346130929314, 0.009237401160338301, 0.0192302535458203, 0.015189473985742311], [0.003751681486297883, 0.011754250468031299, 0.03056522901911222, 0.010516350178595313, 0.0060144249363046935, 0.018779240856373416, 0.009020874260899828, 0.002769339198596396], [0.008135363875591113, 0.018553169024123368, 0.01263224914416421, 0.034184284433248426, 0.018434441925873173, 0.015360110817900785, 0.034351063677831514, 0.01396006378519874], [0.006147433289805083, 0.01301921180023274, 0.019519018784970015, 0.009988422594456274, 0.0043838128173229384, 0.016254616796981036, 0.009036970441422909, 0.019132123611798245]]",213122510,10000,10000,1.0,10000,1.0,-0.00045071088967498,0.02099812839495831,0.02126863829511513,0.003465625,0.0035828125,0.0,0.0,0.0,3.125e-06,8.577457708333332,8.556401875,0.0,0.0,0.0,0.0,0.0,0.0,expanded_welch,Expanded Welch,10000,1.0,True,0.9538,283.4068467067792,237.99043564127336,0.0927,0.08717121992221596,0.09854158515053718,0.007300000000000001,0.0927,0.0927,True,0.0462,0.0422570422586087,0.05049147466261737,0.0038000000000000048,0.0462,0.0462,True,0.0099,0.00813900122178111,0.01203739398115609,9.99999999999994e-05,0.0099,0.0099,True
strong_null_8x8_d-1,5,-1,8,8,500,1000,0.15,8.0,8.0,0.6150736086688166,0.6150736086688166,1,0.1499999999999999,0.1499999999999999,0.0,0.0,0.2605522255332742,0.2605522255332742,0.14999999999999947,0.2605522255332742,0.0015641671958312013,0.0015641671958312013,0.7820835979156007,1.5641671958312013,0.0,0.0,0.296875,0.09375,False,strong_null,Strong null (P = Q),variant_2,64,7.8125,15.625,2.0,0.7820835979156007,0.046875,0.0,0.421875,0.21875,20.74235577406742,41.48471154813484,27.36442982586062,54.72885965172124,0.20518637912486096,0.20107602021846605,0.20518637912486096,0.20107602021846605,"[[0.009102546848602686, 0.004848388725140903, 0.004847866708677197, 0.0028840770377835914, 0.015333314874699069, 0.01673968241530034, 0.014776023384517686, 0.013094579992650967], [0.003268913104662399, 0.006042467901196278, 0.011513029724989523, 0.0460837941542272, 0.04712824429098219, 0.04164162620881525, 0.01498276695384932, 0.0345255367861388], [0.022653180685317395, 0.005436381146861057, 0.018890306260258807, 0.006538012900831217, 0.004900666849706596, 0.02153241959026478, 0.009146194182133709, 0.031820265279442136], [0.015352634033258193, 0.0062500538632416155, 0.012912148442217284, 0.0096441185764908, 0.0028356778793477036, 0.029402328181049958, 0.004156700850475275, 0.016360231967300316], [0.007880185487918532, 0.02278155793708529, 0.020573013409670493, 0.011431480612619527, 0.013809088680853595, 0.025007898057953913, 0.02624419914742965, 0.06546370451001536], [0.006677751630000116, 0.0017123098278425937, 0.031089113002189004, 0.012336768728201627, 0.010155276536886396, 0.020878629919977052, 0.011177921028807268, 0.01076341444558222], [0.0015641671958312013, 0.002134819284498797, 0.0016632375223625438, 0.004841154094088069, 0.008368493215178534, 0.008946948726608828, 0.0030484022788673385, 0.010917489230699526], [0.019918005423587352, 0.005522880965854709, 0.004640369043662271, 0.02277735431722337, 0.04171243393019913, 0.008092952569672796, 0.03509400143156587, 0.018130798006636743]]","[[0.009102546848602686, 0.004848388725140903, 0.004847866708677197, 0.0028840770377835914, 0.015333314874699069, 0.01673968241530034, 0.014776023384517686, 0.013094579992650967], [0.003268913104662399, 0.006042467901196278, 0.011513029724989523, 0.0460837941542272, 0.04712824429098219, 0.04164162620881525, 0.01498276695384932, 0.0345255367861388], [0.022653180685317395, 0.005436381146861057, 0.018890306260258807, 0.006538012900831217, 0.004900666849706596, 0.02153241959026478, 0.009146194182133709, 0.031820265279442136], [0.015352634033258193, 0.0062500538632416155, 0.012912148442217284, 0.0096441185764908, 0.0028356778793477036, 0.029402328181049958, 0.004156700850475275, 0.016360231967300316], [0.007880185487918532, 0.02278155793708529, 0.020573013409670493, 0.011431480612619527, 0.013809088680853595, 0.025007898057953913, 0.02624419914742965, 0.06546370451001536], [0.006677751630000116, 0.0017123098278425937, 0.031089113002189004, 0.012336768728201627, 0.010155276536886396, 0.020878629919977052, 0.011177921028807268, 0.01076341444558222], [0.0015641671958312013, 0.002134819284498797, 0.0016632375223625438, 0.004841154094088069, 0.008368493215178534, 0.008946948726608828, 0.0030484022788673385, 0.010917489230699526], [0.019918005423587352, 0.005522880965854709, 0.004640369043662271, 0.02277735431722337, 0.04171243393019913, 0.008092952569672796, 0.03509400143156587, 0.018130798006636743]]",987803893,10000,10000,1.0,10000,1.0,0.0027688697197947934,0.030660770087224492,0.02956564897130307,0.055071875,0.0149109375,0.006040625,3.125e-06,0.318471875,0.0866015625,1.1334098,2.2760903,0.0,0.0,0.0,0.0,0.0,0.0,normal_wald,Normal Wald,10000,1.0,True,0.939,,,0.1131,0.10704048302756107,0.1194566549116685,0.0131,0.1131,0.1131,True,0.061,0.056475659314820306,0.06586149125463374,0.010999999999999996,0.061,0.061,True,0.0125,0.010502016506099209,0.014872381905310471,0.0025000000000000005,0.0125,0.0125,True
strong_null_8x8_d-1,5,-1,8,8,500,1000,0.15,8.0,8.0,0.6150736086688166,0.6150736086688166,1,0.1499999999999999,0.1499999999999999,0.0,0.0,0.2605522255332742,0.2605522255332742,0.14999999999999947,0.2605522255332742,0.0015641671958312013,0.0015641671958312013,0.7820835979156007,1.5641671958312013,0.0,0.0,0.296875,0.09375,False,strong_null,Strong null (P = Q),variant_2,64,7.8125,15.625,2.0,0.7820835979156007,0.046875,0.0,0.421875,0.21875,20.74235577406742,41.48471154813484,27.36442982586062,54.72885965172124,0.20518637912486096,0.20107602021846605,0.20518637912486096,0.20107602021846605,"[[0.009102546848602686, 0.004848388725140903, 0.004847866708677197, 0.0028840770377835914, 0.015333314874699069, 0.01673968241530034, 0.014776023384517686, 0.013094579992650967], [0.003268913104662399, 0.006042467901196278, 0.011513029724989523, 0.0460837941542272, 0.04712824429098219, 0.04164162620881525, 0.01498276695384932, 0.0345255367861388], [0.022653180685317395, 0.005436381146861057, 0.018890306260258807, 0.006538012900831217, 0.004900666849706596, 0.02153241959026478, 0.009146194182133709, 0.031820265279442136], [0.015352634033258193, 0.0062500538632416155, 0.012912148442217284, 0.0096441185764908, 0.0028356778793477036, 0.029402328181049958, 0.004156700850475275, 0.016360231967300316], [0.007880185487918532, 0.02278155793708529, 0.020573013409670493, 0.011431480612619527, 0.013809088680853595, 0.025007898057953913, 0.02624419914742965, 0.06546370451001536], [0.006677751630000116, 0.0017123098278425937, 0.031089113002189004, 0.012336768728201627, 0.010155276536886396, 0.020878629919977052, 0.011177921028807268, 0.01076341444558222], [0.0015641671958312013, 0.002134819284498797, 0.0016632375223625438, 0.004841154094088069, 0.008368493215178534, 0.008946948726608828, 0.0030484022788673385, 0.010917489230699526], [0.019918005423587352, 0.005522880965854709, 0.004640369043662271, 0.02277735431722337, 0.04171243393019913, 0.008092952569672796, 0.03509400143156587, 0.018130798006636743]]","[[0.009102546848602686, 0.004848388725140903, 0.004847866708677197, 0.0028840770377835914, 0.015333314874699069, 0.01673968241530034, 0.014776023384517686, 0.013094579992650967], [0.003268913104662399, 0.006042467901196278, 0.011513029724989523, 0.0460837941542272, 0.04712824429098219, 0.04164162620881525, 0.01498276695384932, 0.0345255367861388], [0.022653180685317395, 0.005436381146861057, 0.018890306260258807, 0.006538012900831217, 0.004900666849706596, 0.02153241959026478, 0.009146194182133709, 0.031820265279442136], [0.015352634033258193, 0.0062500538632416155, 0.012912148442217284, 0.0096441185764908, 0.0028356778793477036, 0.029402328181049958, 0.004156700850475275, 0.016360231967300316], [0.007880185487918532, 0.02278155793708529, 0.020573013409670493, 0.011431480612619527, 0.013809088680853595, 0.025007898057953913, 0.02624419914742965, 0.06546370451001536], [0.006677751630000116, 0.0017123098278425937, 0.031089113002189004, 0.012336768728201627, 0.010155276536886396, 0.020878629919977052, 0.011177921028807268, 0.01076341444558222], [0.0015641671958312013, 0.002134819284498797, 0.0016632375223625438, 0.004841154094088069, 0.008368493215178534, 0.008946948726608828, 0.0030484022788673385, 0.010917489230699526], [0.019918005423587352, 0.005522880965854709, 0.004640369043662271, 0.02277735431722337, 0.04171243393019913, 0.008092952569672796, 0.03509400143156587, 0.018130798006636743]]",987803893,10000,10000,1.0,10000,1.0,0.0027688697197947934,0.030660770087224492,0.02956564897130307,0.055071875,0.0149109375,0.006040625,3.125e-06,0.318471875,0.0866015625,1.1334098,2.2760903,0.0,0.0,0.0,0.0,0.0,0.0,simple_welch,Simple Welch,10000,1.0,True,0.9393,979.4672262981541,880.6437757073099,0.1128,0.10674778186658009,0.11914958647167188,0.012799999999999992,0.1128,0.1128,True,0.0607,0.056186562824427175,0.06555081814404927,0.010699999999999994,0.0607,0.0607,True,0.0125,0.010502016506099209,0.014872381905310471,0.0025000000000000005,0.0125,0.0125,True
strong_null_8x8_d-1,5,-1,8,8,500,1000,0.15,8.0,8.0,0.6150736086688166,0.6150736086688166,1,0.1499999999999999,0.1499999999999999,0.0,0.0,0.2605522255332742,0.2605522255332742,0.14999999999999947,0.2605522255332742,0.0015641671958312013,0.0015641671958312013,0.7820835979156007,1.5641671958312013,0.0,0.0,0.296875,0.09375,False,strong_null,Strong null (P = Q),variant_2,64,7.8125,15.625,2.0,0.7820835979156007,0.046875,0.0,0.421875,0.21875,20.74235577406742,41.48471154813484,27.36442982586062,54.72885965172124,0.20518637912486096,0.20107602021846605,0.20518637912486096,0.20107602021846605,"[[0.009102546848602686, 0.004848388725140903, 0.004847866708677197, 0.0028840770377835914, 0.015333314874699069, 0.01673968241530034, 0.014776023384517686, 0.013094579992650967], [0.003268913104662399, 0.006042467901196278, 0.011513029724989523, 0.0460837941542272, 0.04712824429098219, 0.04164162620881525, 0.01498276695384932, 0.0345255367861388], [0.022653180685317395, 0.005436381146861057, 0.018890306260258807, 0.006538012900831217, 0.004900666849706596, 0.02153241959026478, 0.009146194182133709, 0.031820265279442136], [0.015352634033258193, 0.0062500538632416155, 0.012912148442217284, 0.0096441185764908, 0.0028356778793477036, 0.029402328181049958, 0.004156700850475275, 0.016360231967300316], [0.007880185487918532, 0.02278155793708529, 0.020573013409670493, 0.011431480612619527, 0.013809088680853595, 0.025007898057953913, 0.02624419914742965, 0.06546370451001536], [0.006677751630000116, 0.0017123098278425937, 0.031089113002189004, 0.012336768728201627, 0.010155276536886396, 0.020878629919977052, 0.011177921028807268, 0.01076341444558222], [0.0015641671958312013, 0.002134819284498797, 0.0016632375223625438, 0.004841154094088069, 0.008368493215178534, 0.008946948726608828, 0.0030484022788673385, 0.010917489230699526], [0.019918005423587352, 0.005522880965854709, 0.004640369043662271, 0.02277735431722337, 0.04171243393019913, 0.008092952569672796, 0.03509400143156587, 0.018130798006636743]]","[[0.009102546848602686, 0.004848388725140903, 0.004847866708677197, 0.0028840770377835914, 0.015333314874699069, 0.01673968241530034, 0.014776023384517686, 0.013094579992650967], [0.003268913104662399, 0.006042467901196278, 0.011513029724989523, 0.0460837941542272, 0.04712824429098219, 0.04164162620881525, 0.01498276695384932, 0.0345255367861388], [0.022653180685317395, 0.005436381146861057, 0.018890306260258807, 0.006538012900831217, 0.004900666849706596, 0.02153241959026478, 0.009146194182133709, 0.031820265279442136], [0.015352634033258193, 0.0062500538632416155, 0.012912148442217284, 0.0096441185764908, 0.0028356778793477036, 0.029402328181049958, 0.004156700850475275, 0.016360231967300316], [0.007880185487918532, 0.02278155793708529, 0.020573013409670493, 0.011431480612619527, 0.013809088680853595, 0.025007898057953913, 0.02624419914742965, 0.06546370451001536], [0.006677751630000116, 0.0017123098278425937, 0.031089113002189004, 0.012336768728201627, 0.010155276536886396, 0.020878629919977052, 0.011177921028807268, 0.01076341444558222], [0.0015641671958312013, 0.002134819284498797, 0.0016632375223625438, 0.004841154094088069, 0.008368493215178534, 0.008946948726608828, 0.0030484022788673385, 0.010917489230699526], [0.019918005423587352, 0.005522880965854709, 0.004640369043662271, 0.02277735431722337, 0.04171243393019913, 0.008092952569672796, 0.03509400143156587, 0.018130798006636743]]",987803893,10000,10000,1.0,10000,1.0,0.0027688697197947934,0.030660770087224492,0.02956564897130307,0.055071875,0.0149109375,0.006040625,3.125e-06,0.318471875,0.0866015625,1.1334098,2.2760903,0.0,0.0,0.0,0.0,0.0,0.0,expanded_welch,Expanded Welch,10000,1.0,True,0.9406,231.22837788943846,186.40322490551324,0.1118,0.10577221206058365,0.11812592427440965,0.011799999999999991,0.1118,0.1118,True,0.0594,0.0549341876459215,0.0642041917183187,0.009399999999999999,0.0594,0.0594,True,0.0121,0.010136711003799977,0.014437994606306244,0.0020999999999999994,0.0121,0.0121,True
fixed_8x8_d0,5,0,8,8,960,960,0.1,50.0,50.0,0.4722747850392105,0.4404207588331015,1,0.09999999999999964,0.10000000000000053,-8.881784197001252e-16,0.6236367587140784,0.18560089804308408,0.19564052128095955,0.045101010767118144,0.08752149550308519,0.00360871910865289,0.0044096672455592595,3.4643703443067744,4.233280555736889,0.0,0.0,0.0,0.0,False,well_sampled,Well sampled,variant_1,64,15.0,15.0,1.0,3.4643703443067744,0.0,0.0,0.046875,0.046875,97.71341516258539,76.4078937353968,103.87862433992643,99.15823554546917,0.13774353870131623,0.14081408823860456,0.1563048803336007,0.15237865521644148,"[[0.012165638178932651, 0.018159050319647676, 0.010509238206050776, 0.015112556411322477, 0.02376348427853106, 0.013239060472711993, 0.020825035363169937, 0.019451258480909565], [0.00858608175205139, 0.01239401078313327, 0.013162403493614167, 0.023845530223572598, 0.020801724971715077, 0.01904152486010216, 0.01234849336470235, 0.010628048637937204], [0.01419884214830896, 0.016382783315406997, 0.00360871910865289, 0.022818980174786414, 0.017663665472284342, 0.007228016550444013, 0.01196857555279372, 0.007915225138349122], [0.012450104353941957, 0.018944846259981513, 0.017577802077571248, 0.01337090809151785, 0.009871391692305534, 0.015678691498786076, 0.020551408123912637, 0.020293717031247483], [0.022094628441748938, 0.01781016853968156, 0.028569368933026328, 0.0112922506177219, 0.0038506459466857044, 0.01478756990812756, 0.010744664004735885, 0.004677456339950076], [0.008700053994816364, 0.01200419223728071, 0.03563325076614457, 0.019836275022919396, 0.013279611395370218, 0.010994224855646375, 0.018144559799409373, 0.018929311755000067], [0.01402174023934247, 0.039193054244078304, 0.011601205421425079, 0.011648119458945899, 0.008787810061268253, 0.036203146042361085, 0.009850644482704281, 0.006437818751190861], [0.026731206100673803, 0.005925982539394536, 0.016865414745863436, 0.012030520077959427, 0.027878340716535926, 0.00685184760810101, 0.010194036343989837, 0.019874064219505654]]","[[0.00666764734448128, 0.02321109835593473, 0.01464847860420276, 0.0044096672455592595, 0.01548422431599916, 0.008231419532223347, 0.00984729743840499, 0.010115445623783897], [0.03328615876309126, 0.019544499410003052, 0.009901968677115697, 0.007435443761801074, 0.011780251513668431, 0.01496050890738164, 0.032194624474377924, 0.02410409681453532], [0.019693720106555474, 0.0076498316232722656, 0.012322477149220851, 0.01518269110544393, 0.03474528257844053, 0.013263260768421669, 0.031609177072892444, 0.0093088270800551], [0.012469010160007586, 0.0100663891884088, 0.01964108904280562, 0.005836411920001755, 0.012348105616318989, 0.029347211686051977, 0.02591870049030555, 0.01674996169450657], [0.010708640970238737, 0.011513864340316425, 0.010474786571844088, 0.024672910790198416, 0.008921214823312975, 0.014057252093963983, 0.012729129497675294, 0.011167059545495578], [0.006959271172208585, 0.030971060955849564, 0.0049545962650237455, 0.004968319286877629, 0.008912861198744427, 0.008578703561859703, 0.005490351311972617, 0.008756392221835389], [0.011326180920841401, 0.01779002653475259, 0.016413869210419995, 0.014568451923748608, 0.023442020165627988, 0.02510555408993152, 0.01143762123505908, 0.017800002913328086], [0.009066534016893347, 0.03163188480790406, 0.03393739396836453, 0.02621593265956637, 0.00883680320658425, 0.018253160758028377, 0.016100821347329576, 0.012262349568930186]]",1859956424,10000,10000,1.0,10000,1.0,0.0005617669495865483,0.021249505216568418,0.02167492465637691,0.001203125,0.000675,0.0,0.0,0.0,5.3125e-05,9.79419,7.357930729166665,0.0,0.0,0.0,0.0,0.0,0.0,normal_wald,Normal Wald,10000,1.0,True,0.9561,,,0.0903,0.08483872586595857,0.09607592239897382,0.0097,0.0903,0.0903,True,0.0439,0.040056664635316194,0.048093618678414995,0.006100000000000001,0.0439,0.0439,True,0.0083,0.006700968940935741,0.010276655056787622,0.0017000000000000001,0.0083,0.0083,True
fixed_8x8_d0,5,0,8,8,960,960,0.1,50.0,50.0,0.4722747850392105,0.4404207588331015,1,0.09999999999999964,0.10000000000000053,-8.881784197001252e-16,0.6236367587140784,0.18560089804308408,0.19564052128095955,0.045101010767118144,0.08752149550308519,0.00360871910865289,0.0044096672455592595,3.4643703443067744,4.233280555736889,0.0,0.0,0.0,0.0,False,well_sampled,Well sampled,variant_1,64,15.0,15.0,1.0,3.4643703443067744,0.0,0.0,0.046875,0.046875,97.71341516258539,76.4078937353968,103.87862433992643,99.15823554546917,0.13774353870131623,0.14081408823860456,0.1563048803336007,0.15237865521644148,"[[0.012165638178932651, 0.018159050319647676, 0.010509238206050776, 0.015112556411322477, 0.02376348427853106, 0.013239060472711993, 0.020825035363169937, 0.019451258480909565], [0.00858608175205139, 0.01239401078313327, 0.013162403493614167, 0.023845530223572598, 0.020801724971715077, 0.01904152486010216, 0.01234849336470235, 0.010628048637937204], [0.01419884214830896, 0.016382783315406997, 0.00360871910865289, 0.022818980174786414, 0.017663665472284342, 0.007228016550444013, 0.01196857555279372, 0.007915225138349122], [0.012450104353941957, 0.018944846259981513, 0.017577802077571248, 0.01337090809151785, 0.009871391692305534, 0.015678691498786076, 0.020551408123912637, 0.020293717031247483], [0.022094628441748938, 0.01781016853968156, 0.028569368933026328, 0.0112922506177219, 0.0038506459466857044, 0.01478756990812756, 0.010744664004735885, 0.004677456339950076], [0.008700053994816364, 0.01200419223728071, 0.03563325076614457, 0.019836275022919396, 0.013279611395370218, 0.010994224855646375, 0.018144559799409373, 0.018929311755000067], [0.01402174023934247, 0.039193054244078304, 0.011601205421425079, 0.011648119458945899, 0.008787810061268253, 0.036203146042361085, 0.009850644482704281, 0.006437818751190861], [0.026731206100673803, 0.005925982539394536, 0.016865414745863436, 0.012030520077959427, 0.027878340716535926, 0.00685184760810101, 0.010194036343989837, 0.019874064219505654]]","[[0.00666764734448128, 0.02321109835593473, 0.01464847860420276, 0.0044096672455592595, 0.01548422431599916, 0.008231419532223347, 0.00984729743840499, 0.010115445623783897], [0.03328615876309126, 0.019544499410003052, 0.009901968677115697, 0.007435443761801074, 0.011780251513668431, 0.01496050890738164, 0.032194624474377924, 0.02410409681453532], [0.019693720106555474, 0.0076498316232722656, 0.012322477149220851, 0.01518269110544393, 0.03474528257844053, 0.013263260768421669, 0.031609177072892444, 0.0093088270800551], [0.012469010160007586, 0.0100663891884088, 0.01964108904280562, 0.005836411920001755, 0.012348105616318989, 0.029347211686051977, 0.02591870049030555, 0.01674996169450657], [0.010708640970238737, 0.011513864340316425, 0.010474786571844088, 0.024672910790198416, 0.008921214823312975, 0.014057252093963983, 0.012729129497675294, 0.011167059545495578], [0.006959271172208585, 0.030971060955849564, 0.0049545962650237455, 0.004968319286877629, 0.008912861198744427, 0.008578703561859703, 0.005490351311972617, 0.008756392221835389], [0.011326180920841401, 0.01779002653475259, 0.016413869210419995, 0.014568451923748608, 0.023442020165627988, 0.02510555408993152, 0.01143762123505908, 0.017800002913328086], [0.009066534016893347, 0.03163188480790406, 0.03393739396836453, 0.02621593265956637, 0.00883680320658425, 0.018253160758028377, 0.016100821347329576, 0.012262349568930186]]",1859956424,10000,10000,1.0,10000,1.0,0.0005617669495865483,0.021249505216568418,0.02167492465637691,0.001203125,0.000675,0.0,0.0,0.0,5.3125e-05,9.79419,7.357930729166665,0.0,0.0,0.0,0.0,0.0,0.0,simple_welch,Simple Welch,10000,1.0,True,0.9561,1912.019886058064,1869.4819662506757,0.0902,0.08474156429003687,0.09597316077456966,0.009800000000000003,0.0902,0.0902,True,0.0439,0.040056664635316194,0.048093618678414995,0.006100000000000001,0.0439,0.0439,True,0.0083,0.006700968940935741,0.010276655056787622,0.0017000000000000001,0.0083,0.0083,True
fixed_8x8_d0,5,0,8,8,960,960,0.1,50.0,50.0,0.4722747850392105,0.4404207588331015,1,0.09999999999999964,0.10000000000000053,-8.881784197001252e-16,0.6236367587140784,0.18560089804308408,0.19564052128095955,0.045101010767118144,0.08752149550308519,0.00360871910865289,0.0044096672455592595,3.4643703443067744,4.233280555736889,0.0,0.0,0.0,0.0,False,well_sampled,Well sampled,variant_1,64,15.0,15.0,1.0,3.4643703443067744,0.0,0.0,0.046875,0.046875,97.71341516258539,76.4078937353968,103.87862433992643,99.15823554546917,0.13774353870131623,0.14081408823860456,0.1563048803336007,0.15237865521644148,"[[0.012165638178932651, 0.018159050319647676, 0.010509238206050776, 0.015112556411322477, 0.02376348427853106, 0.013239060472711993, 0.020825035363169937, 0.019451258480909565], [0.00858608175205139, 0.01239401078313327, 0.013162403493614167, 0.023845530223572598, 0.020801724971715077, 0.01904152486010216, 0.01234849336470235, 0.010628048637937204], [0.01419884214830896, 0.016382783315406997, 0.00360871910865289, 0.022818980174786414, 0.017663665472284342, 0.007228016550444013, 0.01196857555279372, 0.007915225138349122], [0.012450104353941957, 0.018944846259981513, 0.017577802077571248, 0.01337090809151785, 0.009871391692305534, 0.015678691498786076, 0.020551408123912637, 0.020293717031247483], [0.022094628441748938, 0.01781016853968156, 0.028569368933026328, 0.0112922506177219, 0.0038506459466857044, 0.01478756990812756, 0.010744664004735885, 0.004677456339950076], [0.008700053994816364, 0.01200419223728071, 0.03563325076614457, 0.019836275022919396, 0.013279611395370218, 0.010994224855646375, 0.018144559799409373, 0.018929311755000067], [0.01402174023934247, 0.039193054244078304, 0.011601205421425079, 0.011648119458945899, 0.008787810061268253, 0.036203146042361085, 0.009850644482704281, 0.006437818751190861], [0.026731206100673803, 0.005925982539394536, 0.016865414745863436, 0.012030520077959427, 0.027878340716535926, 0.00685184760810101, 0.010194036343989837, 0.019874064219505654]]","[[0.00666764734448128, 0.02321109835593473, 0.01464847860420276, 0.0044096672455592595, 0.01548422431599916, 0.008231419532223347, 0.00984729743840499, 0.010115445623783897], [0.03328615876309126, 0.019544499410003052, 0.009901968677115697, 0.007435443761801074, 0.011780251513668431, 0.01496050890738164, 0.032194624474377924, 0.02410409681453532], [0.019693720106555474, 0.0076498316232722656, 0.012322477149220851, 0.01518269110544393, 0.03474528257844053, 0.013263260768421669, 0.031609177072892444, 0.0093088270800551], [0.012469010160007586, 0.0100663891884088, 0.01964108904280562, 0.005836411920001755, 0.012348105616318989, 0.029347211686051977, 0.02591870049030555, 0.01674996169450657], [0.010708640970238737, 0.011513864340316425, 0.010474786571844088, 0.024672910790198416, 0.008921214823312975, 0.014057252093963983, 0.012729129497675294, 0.011167059545495578], [0.006959271172208585, 0.030971060955849564, 0.0049545962650237455, 0.004968319286877629, 0.008912861198744427, 0.008578703561859703, 0.005490351311972617, 0.008756392221835389], [0.011326180920841401, 0.01779002653475259, 0.016413869210419995, 0.014568451923748608, 0.023442020165627988, 0.02510555408993152, 0.01143762123505908, 0.017800002913328086], [0.009066534016893347, 0.03163188480790406, 0.03393739396836453, 0.02621593265956637, 0.00883680320658425, 0.018253160758028377, 0.016100821347329576, 0.012262349568930186]]",1859956424,10000,10000,1.0,10000,1.0,0.0005617669495865483,0.021249505216568418,0.02167492465637691,0.001203125,0.000675,0.0,0.0,0.0,5.3125e-05,9.79419,7.357930729166665,0.0,0.0,0.0,0.0,0.0,0.0,expanded_welch,Expanded Welch,10000,1.0,True,0.9568,284.0274983594005,238.37739483881356,0.0891,0.08367292496749762,0.0948426448935244,0.010900000000000007,0.0891,0.0891,True,0.0432,0.03938757077465524,0.047363250136794904,0.0068000000000000005,0.0432,0.0432,True,0.0082,0.006611596600786794,0.010166104196610704,0.0017999999999999995,0.0082,0.0082,True
fixed_8x8_d1,5,1,8,8,960,960,0.15,50.0,50.0,0.5974732685322224,0.5838443009360689,1,0.1499999999999999,0.1499999999999999,0.0,0.5545889343756054,0.28254027580121427,0.2732369447090509,0.09554660726648168,0.18341170144180816,0.002477888357576346,0.0024386116744140314,2.378772823273292,2.34106720743747,0.0,0.0,0.0,0.0,False,well_sampled,Well sampled,variant_2,64,15.0,15.0,1.0,2.34106720743747,0.0,0.0,0.125,0.09375,101.76890923078047,105.34630248518717,96.50397960667073,99.21920475267214,0.14655374475371277,0.15575217607383962,0.15710786476246194,0.14477425171135128,"[[0.004147293834448615, 0.025688519588883844, 0.014894152068928742, 0.02955633526862614, 0.015866000779843157, 0.006388834455861129, 0.013889818133392844, 0.02435172656167466], [0.010211134790684341, 0.01144732889892179, 0.0069241809663980825, 0.017321565949954883, 0.005346770774927367, 0.0046415367346872025, 0.03746007443995417, 0.017641376941876286], [0.021276361706726435, 0.018205874969013613, 0.012265049679408974, 0.020527168508708914, 0.006392338669706443, 0.007701939116144699, 0.011910146308360986, 0.007730401490659569], [0.022910448857598586, 0.015012170625334671, 0.013409180756124408, 0.021308705493257023, 0.03534823628446867, 0.01504820118624981, 0.012073392007244322, 0.011443409543435291], [0.01841163038450253, 0.003998912900382717, 0.002477888357576346, 0.017721614583568288, 0.01680975695966024, 0.010305923681680972, 0.032768207079301184, 0.01855369710348969], [0.011361087968232927, 0.011678489054580883, 0.004377983648942011, 0.021105580553076035, 0.014815331591695001, 0.04104544681949316, 0.0025505567965820476, 0.020058550383133842], [0.004054099560959983, 0.020427244021574874, 0.007828701082508226, 0.012703619396313596, 0.029682118857681072, 0.004800303205419471, 0.01456333790111847, 0.025047165147654652], [0.008152921653795265, 0.006771135137988359, 0.043019049165309915, 0.015507586320334749, 0.01316511524879673, 0.011872617561201875, 0.02126578560332882, 0.014758866878610428]]","[[0.01355344294276866, 0.010555553782925737, 0.015750592026707585, 0.011420991114472163, 0.02184738692563989, 0.018979647630247197, 0.018601248481275142, 0.0033319881869306543], [0.01457059578969974, 0.025114823431956274, 0.00999537343598692, 0.01246353973599409, 0.015929091340252565, 0.004354941558977065, 0.013352612521843131, 0.013954753940693525], [0.015039207463179338, 0.019327847755892233, 0.011555816435339903, 0.028400414134834174, 0.00827749852660974, 0.0024386116744140314, 0.01517813099400261, 0.013675136495354515], [0.018277702054000554, 0.018133177938972556, 0.011084962426779492, 0.054888341990568246, 0.025236691190188835, 0.006202263180637158, 0.01969358990061839, 0.003591136080696705], [0.008331541336975777, 0.0110410396899247, 0.019952056940942174, 0.009076930000288112, 0.009143841227985344, 0.03585503430969793, 0.012540507740760565, 0.012986629288395984], [0.003938170644897003, 0.01670708781686734, 0.008453671249509723, 0.006516695308238959, 0.01354543415971031, 0.03440542218869312, 0.004568969912339196, 0.035893725384731845], [0.027357856473160184, 0.012283485952439386, 0.020560721942892275, 0.011295095911955462, 0.0140211926148924, 0.0075713181117641444, 0.024477989072733897, 0.008437871572158211], [0.02370784570257015, 0.008235658667546098, 0.03347875529096542, 0.010712243515000061, 0.010615928071805884, 0.01479725104083585, 0.023230820435791638, 0.011482097335072034]]",3636084341,10000,10000,1.0,10000,1.0,4.7119420421048866e-05,0.025054330580821377,0.025159405599256026,0.0044296875,0.0035234375,0.0,0.0,0.0,0.0,9.019404895833333,9.850031979166669,0.0,0.0,0.0,0.0,0.0,0.0,normal_wald,Normal Wald,10000,1.0,True,0.9501,,,0.0976,0.09193694057269153,0.10357210131602901,0.0023999999999999994,0.0976,0.0976,True,0.0499,0.04580256463405875,0.054343110699224324,0.00010000000000000286,0.0499,0.0499,True,0.01,0.008229336148148417,0.012146982255114645,0.0,0.01,0.01,True
fixed_8x8_d1,5,1,8,8,960,960,0.15,50.0,50.0,0.5974732685322224,0.5838443009360689,1,0.1499999999999999,0.1499999999999999,0.0,0.5545889343756054,0.28254027580121427,0.2732369447090509,0.09554660726648168,0.18341170144180816,0.002477888357576346,0.0024386116744140314,2.378772823273292,2.34106720743747,0.0,0.0,0.0,0.0,False,well_sampled,Well sampled,variant_2,64,15.0,15.0,1.0,2.34106720743747,0.0,0.0,0.125,0.09375,101.76890923078047,105.34630248518717,96.50397960667073,99.21920475267214,0.14655374475371277,0.15575217607383962,0.15710786476246194,0.14477425171135128,"[[0.004147293834448615, 0.025688519588883844, 0.014894152068928742, 0.02955633526862614, 0.015866000779843157, 0.006388834455861129, 0.013889818133392844, 0.02435172656167466], [0.010211134790684341, 0.01144732889892179, 0.0069241809663980825, 0.017321565949954883, 0.005346770774927367, 0.0046415367346872025, 0.03746007443995417, 0.017641376941876286], [0.021276361706726435, 0.018205874969013613, 0.012265049679408974, 0.020527168508708914, 0.006392338669706443, 0.007701939116144699, 0.011910146308360986, 0.007730401490659569], [0.022910448857598586, 0.015012170625334671, 0.013409180756124408, 0.021308705493257023, 0.03534823628446867, 0.01504820118624981, 0.012073392007244322, 0.011443409543435291], [0.01841163038450253, 0.003998912900382717, 0.002477888357576346, 0.017721614583568288, 0.01680975695966024, 0.010305923681680972, 0.032768207079301184, 0.01855369710348969], [0.011361087968232927, 0.011678489054580883, 0.004377983648942011, 0.021105580553076035, 0.014815331591695001, 0.04104544681949316, 0.0025505567965820476, 0.020058550383133842], [0.004054099560959983, 0.020427244021574874, 0.007828701082508226, 0.012703619396313596, 0.029682118857681072, 0.004800303205419471, 0.01456333790111847, 0.025047165147654652], [0.008152921653795265, 0.006771135137988359, 0.043019049165309915, 0.015507586320334749, 0.01316511524879673, 0.011872617561201875, 0.02126578560332882, 0.014758866878610428]]","[[0.01355344294276866, 0.010555553782925737, 0.015750592026707585, 0.011420991114472163, 0.02184738692563989, 0.018979647630247197, 0.018601248481275142, 0.0033319881869306543], [0.01457059578969974, 0.025114823431956274, 0.00999537343598692, 0.01246353973599409, 0.015929091340252565, 0.004354941558977065, 0.013352612521843131, 0.013954753940693525], [0.015039207463179338, 0.019327847755892233, 0.011555816435339903, 0.028400414134834174, 0.00827749852660974, 0.0024386116744140314, 0.01517813099400261, 0.013675136495354515], [0.018277702054000554, 0.018133177938972556, 0.011084962426779492, 0.054888341990568246, 0.025236691190188835, 0.006202263180637158, 0.01969358990061839, 0.003591136080696705], [0.008331541336975777, 0.0110410396899247, 0.019952056940942174, 0.009076930000288112, 0.009143841227985344, 0.03585503430969793, 0.012540507740760565, 0.012986629288395984], [0.003938170644897003, 0.01670708781686734, 0.008453671249509723, 0.006516695308238959, 0.01354543415971031, 0.03440542218869312, 0.004568969912339196, 0.035893725384731845], [0.027357856473160184, 0.012283485952439386, 0.020560721942892275, 0.011295095911955462, 0.0140211926148924, 0.0075713181117641444, 0.024477989072733897, 0.008437871572158211], [0.02370784570257015, 0.008235658667546098, 0.03347875529096542, 0.010712243515000061, 0.010615928071805884, 0.01479725104083585, 0.023230820435791638, 0.011482097335072034]]",3636084341,10000,10000,1.0,10000,1.0,4.7119420421048866e-05,0.025054330580821377,0.025159405599256026,0.0044296875,0.0035234375,0.0,0.0,0.0,0.0,9.019404895833333,9.850031979166669,0.0,0.0,0.0,0.0,0.0,0.0,simple_welch,Simple Welch,10000,1.0,True,0.9503,1913.7582267711787,1881.1317125062833,0.0976,0.09193694057269153,0.10357210131602901,0.0023999999999999994,0.0976,0.0976,True,0.0497,0.045610742731171314,0.05413508620146003,0.00030000000000000165,0.0497,0.0497,True,0.0098,0.008048716055211168,0.011927755947400165,0.00020000000000000052,0.0098,0.0098,True
fixed_8x8_d1,5,1,8,8,960,960,0.15,50.0,50.0,0.5974732685322224,0.5838443009360689,1,0.1499999999999999,0.1499999999999999,0.0,0.5545889343756054,0.28254027580121427,0.2732369447090509,0.09554660726648168,0.18341170144180816,0.002477888357576346,0.0024386116744140314,2.378772823273292,2.34106720743747,0.0,0.0,0.0,0.0,False,well_sampled,Well sampled,variant_2,64,15.0,15.0,1.0,2.34106720743747,0.0,0.0,0.125,0.09375,101.76890923078047,105.34630248518717,96.50397960667073,99.21920475267214,0.14655374475371277,0.15575217607383962,0.15710786476246194,0.14477425171135128,"[[0.004147293834448615, 0.025688519588883844, 0.014894152068928742, 0.02955633526862614, 0.015866000779843157, 0.006388834455861129, 0.013889818133392844, 0.02435172656167466], [0.010211134790684341, 0.01144732889892179, 0.0069241809663980825, 0.017321565949954883, 0.005346770774927367, 0.0046415367346872025, 0.03746007443995417, 0.017641376941876286], [0.021276361706726435, 0.018205874969013613, 0.012265049679408974, 0.020527168508708914, 0.006392338669706443, 0.007701939116144699, 0.011910146308360986, 0.007730401490659569], [0.022910448857598586, 0.015012170625334671, 0.013409180756124408, 0.021308705493257023, 0.03534823628446867, 0.01504820118624981, 0.012073392007244322, 0.011443409543435291], [0.01841163038450253, 0.003998912900382717, 0.002477888357576346, 0.017721614583568288, 0.01680975695966024, 0.010305923681680972, 0.032768207079301184, 0.01855369710348969], [0.011361087968232927, 0.011678489054580883, 0.004377983648942011, 0.021105580553076035, 0.014815331591695001, 0.04104544681949316, 0.0025505567965820476, 0.020058550383133842], [0.004054099560959983, 0.020427244021574874, 0.007828701082508226, 0.012703619396313596, 0.029682118857681072, 0.004800303205419471, 0.01456333790111847, 0.025047165147654652], [0.008152921653795265, 0.006771135137988359, 0.043019049165309915, 0.015507586320334749, 0.01316511524879673, 0.011872617561201875, 0.02126578560332882, 0.014758866878610428]]","[[0.01355344294276866, 0.010555553782925737, 0.015750592026707585, 0.011420991114472163, 0.02184738692563989, 0.018979647630247197, 0.018601248481275142, 0.0033319881869306543], [0.01457059578969974, 0.025114823431956274, 0.00999537343598692, 0.01246353973599409, 0.015929091340252565, 0.004354941558977065, 0.013352612521843131, 0.013954753940693525], [0.015039207463179338, 0.019327847755892233, 0.011555816435339903, 0.028400414134834174, 0.00827749852660974, 0.0024386116744140314, 0.01517813099400261, 0.013675136495354515], [0.018277702054000554, 0.018133177938972556, 0.011084962426779492, 0.054888341990568246, 0.025236691190188835, 0.006202263180637158, 0.01969358990061839, 0.003591136080696705], [0.008331541336975777, 0.0110410396899247, 0.019952056940942174, 0.009076930000288112, 0.009143841227985344, 0.03585503430969793, 0.012540507740760565, 0.012986629288395984], [0.003938170644897003, 0.01670708781686734, 0.008453671249509723, 0.006516695308238959, 0.01354543415971031, 0.03440542218869312, 0.004568969912339196, 0.035893725384731845], [0.027357856473160184, 0.012283485952439386, 0.020560721942892275, 0.011295095911955462, 0.0140211926148924, 0.0075713181117641444, 0.024477989072733897, 0.008437871572158211], [0.02370784570257015, 0.008235658667546098, 0.03347875529096542, 0.010712243515000061, 0.010615928071805884, 0.01479725104083585, 0.023230820435791638, 0.011482097335072034]]",3636084341,10000,10000,1.0,10000,1.0,4.7119420421048866e-05,0.025054330580821377,0.025159405599256026,0.0044296875,0.0035234375,0.0,0.0,0.0,0.0,9.019404895833333,9.850031979166669,0.0,0.0,0.0,0.0,0.0,0.0,expanded_welch,Expanded Welch,10000,1.0,True,0.9509,384.4534898773701,331.19256051270816,0.0971,0.0914504314368019,0.10305899445028932,0.0029,0.0971,0.0971,True,0.0491,0.04503539168321397,0.05351089804746218,0.000900000000000005,0.0491,0.0491,True,0.0097,0.007958481396960246,0.011818067405325223,0.0002999999999999999,0.0097,0.0097,True
fixed_8x8_d2,5,2,8,8,512,512,0.1,8.0,4.0,0.43778480959314503,0.4746081805605035,1,0.09999999999999964,0.10000000000000053,-8.881784197001252e-16,0.8287603646578302,0.19351869595587362,0.19338847259998637,0.0587112147261486,0.11562660195744576,0.0029782868805304993,0.0015438227174957636,1.5248828828316157,0.790437231357831,0.0,0.015625,0.203125,0.34375,True,moderate,Moderate,variant_1,64,8.0,8.0,1.0,0.790437231357831,0.0,0.0625,0.359375,0.359375,37.181145993134976,20.722257940344925,41.623796592038154,18.110924705184917,0.21571515116037415,0.18535645662220918,0.21506925990114,0.21345765789757065,"[[0.006359327348637615, 0.014567504584940107, 0.005554191125284734, 0.03715514021716087, 0.011939625435156143, 0.007839037584133504, 0.014344977021835624, 0.005334725000558242], [0.009209017687207178, 0.00969434381892229, 0.014984672749687624, 0.03058403868685824, 0.006119271797359661, 0.02119590186706266, 0.05416059853027281, 0.01260487948158184], [0.0074967217687650755, 0.018474591901779608, 0.0244978660716053, 0.018201899277640834, 0.011692709465347617, 0.009976863915237916, 0.011002193534552805, 0.01616459400561006], [0.03570732505231958, 0.04110183322903827, 0.01462045593571952, 0.031895294367242935, 0.028764148244159276, 0.028132842017006016, 0.01561368343102569, 0.019879568883862875], [0.005320256092779654, 0.015880166259900182, 0.007401814363452548, 0.012466193602327346, 0.006157738054822007, 0.03244809922849419, 0.013106654711704874, 0.008772735755551583], [0.009650759332251083, 0.01873610015848086, 0.00755518715078626, 0.013893414618072324, 0.0029782868805304993, 0.005669965574347347, 0.03394324511531116, 0.007929042842174853], [0.010085401502742277, 0.006343731589092999, 0.00978546825236946, 0.00938317249910538, 0.0065129121286814935, 0.006961158315285907, 0.020527699610402614, 0.0030198818701616236], [0.011718086650011146, 0.00983817384903307, 0.016124306265155403, 0.0201583925028315, 0.007131785712767829, 0.028023555770082528, 0.02265740466710358, 0.01494936503661387]]","[[0.0018033847655722808, 0.023365547254077575, 0.03678872918289649, 0.020971739599702863, 0.012483387235869475, 0.027102456397921422, 0.01004241908393959, 0.010010077138313143], [0.0015438227174957636, 0.009471085505562731, 0.005063137098213374, 0.0075722539942793135, 0.004816304725728901, 0.008039463810892782, 0.002411091847659598, 0.0015560003399037153], [0.0020491996017750953, 0.015590984643621766, 0.010006439213051064, 0.004696273953707138, 0.010492320238704788, 0.017637306765571376, 0.005065839621796693, 0.017677808421160908], [0.002572680106150398, 0.01773515822414196, 0.009922771459140518, 0.007465858781081375, 0.021434192301571175, 0.026182643626998455, 0.001683713822411022, 0.006899844954043507], [0.010688494338173342, 0.03895061170861368, 0.033414261345848996, 0.008828982844553204, 0.013139345688980968, 0.021042326698957912, 0.016317682717347542, 0.01272715166562502], [0.002377252952540186, 0.015893414630455578, 0.03758366657936788, 0.010062061595731385, 0.027406174201713977, 0.02915510886807313, 0.010000213983033803, 0.003033248605346906], [0.0060655437096904605, 0.07101750685722696, 0.017184755399715753, 0.05586753374053388, 0.021867284333585462, 0.02455522726861424, 0.012489092506733546, 0.0060223160850396765], [0.008272521623416766, 0.021433349073870414, 0.018609841589510952, 0.015272024865575669, 0.03269449544771174, 0.012446315257455659, 0.018700640103962735, 0.006727617280036441]]",3143832062,10000,10000,1.0,10000,1.0,-0.0006643137246105658,0.03101812329359282,0.03103804475486105,0.0171078125,0.05878125,0.0,0.0199078125,0.23205,0.3605296875,2.7698705078125,0.7275306640625,0.0,0.0,0.0,0.0,0.0,0.0,normal_wald,Normal Wald,10000,1.0,True,0.9514,,,0.0977,0.09203424802484701,0.10367471706419935,0.0023000000000000104,0.0977,0.0977,True,0.0486,0.044556065508316645,0.05299060822073018,0.0014000000000000054,0.0486,0.0486,True,0.0105,0.008681732235914952,0.012694202168977434,0.0005000000000000004,0.0105,0.0105,True
fixed_8x8_d2,5,2,8,8,512,512,0.1,8.0,4.0,0.43778480959314503,0.4746081805605035,1,0.09999999999999964,0.10000000000000053,-8.881784197001252e-16,0.8287603646578302,0.19351869595587362,0.19338847259998637,0.0587112147261486,0.11562660195744576,0.0029782868805304993,0.0015438227174957636,1.5248828828316157,0.790437231357831,0.0,0.015625,0.203125,0.34375,True,moderate,Moderate,variant_1,64,8.0,8.0,1.0,0.790437231357831,0.0,0.0625,0.359375,0.359375,37.181145993134976,20.722257940344925,41.623796592038154,18.110924705184917,0.21571515116037415,0.18535645662220918,0.21506925990114,0.21345765789757065,"[[0.006359327348637615, 0.014567504584940107, 0.005554191125284734, 0.03715514021716087, 0.011939625435156143, 0.007839037584133504, 0.014344977021835624, 0.005334725000558242], [0.009209017687207178, 0.00969434381892229, 0.014984672749687624, 0.03058403868685824, 0.006119271797359661, 0.02119590186706266, 0.05416059853027281, 0.01260487948158184], [0.0074967217687650755, 0.018474591901779608, 0.0244978660716053, 0.018201899277640834, 0.011692709465347617, 0.009976863915237916, 0.011002193534552805, 0.01616459400561006], [0.03570732505231958, 0.04110183322903827, 0.01462045593571952, 0.031895294367242935, 0.028764148244159276, 0.028132842017006016, 0.01561368343102569, 0.019879568883862875], [0.005320256092779654, 0.015880166259900182, 0.007401814363452548, 0.012466193602327346, 0.006157738054822007, 0.03244809922849419, 0.013106654711704874, 0.008772735755551583], [0.009650759332251083, 0.01873610015848086, 0.00755518715078626, 0.013893414618072324, 0.0029782868805304993, 0.005669965574347347, 0.03394324511531116, 0.007929042842174853], [0.010085401502742277, 0.006343731589092999, 0.00978546825236946, 0.00938317249910538, 0.0065129121286814935, 0.006961158315285907, 0.020527699610402614, 0.0030198818701616236], [0.011718086650011146, 0.00983817384903307, 0.016124306265155403, 0.0201583925028315, 0.007131785712767829, 0.028023555770082528, 0.02265740466710358, 0.01494936503661387]]","[[0.0018033847655722808, 0.023365547254077575, 0.03678872918289649, 0.020971739599702863, 0.012483387235869475, 0.027102456397921422, 0.01004241908393959, 0.010010077138313143], [0.0015438227174957636, 0.009471085505562731, 0.005063137098213374, 0.0075722539942793135, 0.004816304725728901, 0.008039463810892782, 0.002411091847659598, 0.0015560003399037153], [0.0020491996017750953, 0.015590984643621766, 0.010006439213051064, 0.004696273953707138, 0.010492320238704788, 0.017637306765571376, 0.005065839621796693, 0.017677808421160908], [0.002572680106150398, 0.01773515822414196, 0.009922771459140518, 0.007465858781081375, 0.021434192301571175, 0.026182643626998455, 0.001683713822411022, 0.006899844954043507], [0.010688494338173342, 0.03895061170861368, 0.033414261345848996, 0.008828982844553204, 0.013139345688980968, 0.021042326698957912, 0.016317682717347542, 0.01272715166562502], [0.002377252952540186, 0.015893414630455578, 0.03758366657936788, 0.010062061595731385, 0.027406174201713977, 0.02915510886807313, 0.010000213983033803, 0.003033248605346906], [0.0060655437096904605, 0.07101750685722696, 0.017184755399715753, 0.05586753374053388, 0.021867284333585462, 0.02455522726861424, 0.012489092506733546, 0.0060223160850396765], [0.008272521623416766, 0.021433349073870414, 0.018609841589510952, 0.015272024865575669, 0.03269449544771174, 0.012446315257455659, 0.018700640103962735, 0.006727617280036441]]",3143832062,10000,10000,1.0,10000,1.0,-0.0006643137246105658,0.03101812329359282,0.03103804475486105,0.0171078125,0.05878125,0.0,0.0199078125,0.23205,0.3605296875,2.7698705078125,0.7275306640625,0.0,0.0,0.0,0.0,0.0,0.0,simple_welch,Simple Welch,10000,1.0,True,0.9519,1017.3537533389612,985.7227758918898,0.0975,0.09183963499210104,0.10346948369629361,0.0025000000000000022,0.0975,0.0975,True,0.0481,0.044076862159560894,0.0524701955678566,0.0019000000000000059,0.0481,0.0481,True,0.0104,0.008591159114003776,0.012584852090562745,0.0003999999999999993,0.0104,0.0104,True
fixed_8x8_d2,5,2,8,8,512,512,0.1,8.0,4.0,0.43778480959314503,0.4746081805605035,1,0.09999999999999964,0.10000000000000053,-8.881784197001252e-16,0.8287603646578302,0.19351869595587362,0.19338847259998637,0.0587112147261486,0.11562660195744576,0.0029782868805304993,0.0015438227174957636,1.5248828828316157,0.790437231357831,0.0,0.015625,0.203125,0.34375,True,moderate,Moderate,variant_1,64,8.0,8.0,1.0,0.790437231357831,0.0,0.0625,0.359375,0.359375,37.181145993134976,20.722257940344925,41.623796592038154,18.110924705184917,0.21571515116037415,0.18535645662220918,0.21506925990114,0.21345765789757065,"[[0.006359327348637615, 0.014567504584940107, 0.005554191125284734, 0.03715514021716087, 0.011939625435156143, 0.007839037584133504, 0.014344977021835624, 0.005334725000558242], [0.009209017687207178, 0.00969434381892229, 0.014984672749687624, 0.03058403868685824, 0.006119271797359661, 0.02119590186706266, 0.05416059853027281, 0.01260487948158184], [0.0074967217687650755, 0.018474591901779608, 0.0244978660716053, 0.018201899277640834, 0.011692709465347617, 0.009976863915237916, 0.011002193534552805, 0.01616459400561006], [0.03570732505231958, 0.04110183322903827, 0.01462045593571952, 0.031895294367242935, 0.028764148244159276, 0.028132842017006016, 0.01561368343102569, 0.019879568883862875], [0.005320256092779654, 0.015880166259900182, 0.007401814363452548, 0.012466193602327346, 0.006157738054822007, 0.03244809922849419, 0.013106654711704874, 0.008772735755551583], [0.009650759332251083, 0.01873610015848086, 0.00755518715078626, 0.013893414618072324, 0.0029782868805304993, 0.005669965574347347, 0.03394324511531116, 0.007929042842174853], [0.010085401502742277, 0.006343731589092999, 0.00978546825236946, 0.00938317249910538, 0.0065129121286814935, 0.006961158315285907, 0.020527699610402614, 0.0030198818701616236], [0.011718086650011146, 0.00983817384903307, 0.016124306265155403, 0.0201583925028315, 0.007131785712767829, 0.028023555770082528, 0.02265740466710358, 0.01494936503661387]]","[[0.0018033847655722808, 0.023365547254077575, 0.03678872918289649, 0.020971739599702863, 0.012483387235869475, 0.027102456397921422, 0.01004241908393959, 0.010010077138313143], [0.0015438227174957636, 0.009471085505562731, 0.005063137098213374, 0.0075722539942793135, 0.004816304725728901, 0.008039463810892782, 0.002411091847659598, 0.0015560003399037153], [0.0020491996017750953, 0.015590984643621766, 0.010006439213051064, 0.004696273953707138, 0.010492320238704788, 0.017637306765571376, 0.005065839621796693, 0.017677808421160908], [0.002572680106150398, 0.01773515822414196, 0.009922771459140518, 0.007465858781081375, 0.021434192301571175, 0.026182643626998455, 0.001683713822411022, 0.006899844954043507], [0.010688494338173342, 0.03895061170861368, 0.033414261345848996, 0.008828982844553204, 0.013139345688980968, 0.021042326698957912, 0.016317682717347542, 0.01272715166562502], [0.002377252952540186, 0.015893414630455578, 0.03758366657936788, 0.010062061595731385, 0.027406174201713977, 0.02915510886807313, 0.010000213983033803, 0.003033248605346906], [0.0060655437096904605, 0.07101750685722696, 0.017184755399715753, 0.05586753374053388, 0.021867284333585462, 0.02455522726861424, 0.012489092506733546, 0.0060223160850396765], [0.008272521623416766, 0.021433349073870414, 0.018609841589510952, 0.015272024865575669, 0.03269449544771174, 0.012446315257455659, 0.018700640103962735, 0.006727617280036441]]",3143832062,10000,10000,1.0,10000,1.0,-0.0006643137246105658,0.03101812329359282,0.03103804475486105,0.0171078125,0.05878125,0.0,0.0199078125,0.23205,0.3605296875,2.7698705078125,0.7275306640625,0.0,0.0,0.0,0.0,0.0,0.0,expanded_welch,Expanded Welch,10000,1.0,True,0.9528,170.02878014871453,136.6763345011903,0.096,0.09038027763137998,0.10192999305212669,0.0040000000000000036,0.096,0.096,True,0.0472,0.043214611487335956,0.05153313743714876,0.002800000000000004,0.0472,0.0472,True,0.0096,0.007868298014665221,0.011708327587294383,0.00040000000000000105,0.0096,0.0096,True
fixed_8x8_d3,5,3,8,8,384,768,0.15,8.0,2.0,0.6010302102345922,0.8191146928654436,1,0.1499999999999999,0.15000000000000058,-6.661338147750939e-16,1.0729822384355538,0.27508565513005817,0.2510996204895756,0.09724880775491673,0.19026468583404862,0.0009126987963227544,7.477387487836374e-05,0.3504763377879377,0.057426335906583345,0.0,0.125,0.359375,0.5,False,moderate,Moderate,variant_2,64,6.0,12.0,2.0,0.057426335906583345,0.0625,0.25,0.546875,0.53125,24.727882990810148,23.052919332719128,19.94799510468356,11.153610082206015,0.1694856033832164,0.2168271281517434,0.2966781172138765,0.5103796685673958,"[[0.03671839280144164, 0.009078753061847853, 0.008105474317388887, 0.015578185119520431, 0.006383021241427809, 0.0070289080650652045, 0.047691402583992716, 0.005482027644883663], [0.031246484170256338, 0.00998852331848789, 0.0017444432133938397, 0.022324215678802654, 0.0015247608778436905, 0.01506670996433846, 0.00359979906951774, 0.011919084734545362], [0.031493863752652285, 0.016691054511110467, 0.010859333090447855, 0.025225233604415715, 0.015370237562948133, 0.008103783532368467, 0.02695052227605303, 0.018086218194139563], [0.010975175174885676, 0.007702006432086743, 0.003230821729767969, 0.00976985212040262, 0.0009126987963227544, 0.0024780761089738495, 0.014264021957464023, 0.0150628763019978], [0.029308242286581472, 0.02642680884060319, 0.017439084463063373, 0.011011243462670683, 0.010574032701991226, 0.04027626701419685, 0.011550681235514063, 0.022899243378595523], [0.006851472360339074, 0.01229009969979328, 0.00907362864925638, 0.01150644338848556, 0.007268381580722119, 0.04898271331012353, 0.013508442365566713, 0.012671036746692656], [0.045758903880582055, 0.017235066165072085, 0.01119313616232432, 0.013390635800058958, 0.003709348954629513, 0.00819409278466603, 0.032656850357529285, 0.011167850669273751], [0.02447459372500486, 0.01842198943125631, 0.03290217332626811, 0.01418414391290512, 0.006205422202561528, 0.00892855102199367, 0.005410242522636478, 0.0038732165902512035]]","[[0.037726332689731835, 0.03724444489954318, 0.008354635525008569, 0.012186706177162339, 0.005247998842595697, 0.01010763374322068, 0.16203189256349562, 0.023778472773118592], [0.04018245463458555, 0.044859122948111466, 0.005132412305603151, 0.0026433808013076325, 0.0010560888368547064, 0.0019065847057880266, 0.12993697884373845, 0.0013814923352346731], [0.010574243044275507, 0.002224925727989438, 0.0012289882889181068, 0.0024491042910328234, 0.005266088888053378, 0.00098517355800245, 0.06277295448372194, 0.001977649281369523], [0.036033819318570436, 0.006133151979664295, 0.009845261522854276, 0.025152648584220897, 0.010400115475708425, 0.0004674706345363362, 0.024267880883782806, 0.014020497727323916], [0.0025238211679051124, 0.00766430401533678, 0.0006046309471130456, 0.014226343212661497, 0.0017205294723291063, 0.00015880838871721307, 0.05206140805830993, 0.006560349270639048], [0.012641175069460171, 0.00273351358548791, 0.0003269271917852127, 0.01753676823085668, 0.0009605716424780975, 0.0002964695595798834, 0.007132353673505765, 0.00419820005199461], [0.005238612723492354, 0.02303146318405051, 0.001289645295290405, 0.003752234133909997, 0.0026015817138505806, 0.00039751871601070583, 0.05557377393813301, 0.009175568394166295], [0.009332360850696707, 0.0015291713780905291, 0.00013211996706969127, 0.0008460650039392596, 7.477387487836374e-05, 0.00020327048868378855, 0.016602426122708257, 0.001296634361744771]]",2695658763,10000,10000,1.0,10000,1.0,0.0045178527146118785,0.035510790968762466,0.034043648481208014,0.067025,0.1988046875,0.004053125,0.11029375,0.4054,0.5011796875,1.2689002604166666,0.32571002604166677,0.0,0.0,0.0,0.0,0.0,0.0,normal_wald,Normal Wald,10000,1.0,True,0.9405,,,0.1163,0.11016348174910562,0.12273119860055162,0.016299999999999995,0.1163,0.1163,True,0.0595,0.05503050223544109,0.06430780032912498,0.009499999999999995,0.0595,0.0595,True,0.0138,0.01169303356334014,0.01628036645230578,0.0037999999999999996,0.0138,0.0138,True
fixed_8x8_d3,5,3,8,8,384,768,0.15,8.0,2.0,0.6010302102345922,0.8191146928654436,1,0.1499999999999999,0.15000000000000058,-6.661338147750939e-16,1.0729822384355538,0.27508565513005817,0.2510996204895756,0.09724880775491673,0.19026468583404862,0.0009126987963227544,7.477387487836374e-05,0.3504763377879377,0.057426335906583345,0.0,0.125,0.359375,0.5,False,moderate,Moderate,variant_2,64,6.0,12.0,2.0,0.057426335906583345,0.0625,0.25,0.546875,0.53125,24.727882990810148,23.052919332719128,19.94799510468356,11.153610082206015,0.1694856033832164,0.2168271281517434,0.2966781172138765,0.5103796685673958,"[[0.03671839280144164, 0.009078753061847853, 0.008105474317388887, 0.015578185119520431, 0.006383021241427809, 0.0070289080650652045, 0.047691402583992716, 0.005482027644883663], [0.031246484170256338, 0.00998852331848789, 0.0017444432133938397, 0.022324215678802654, 0.0015247608778436905, 0.01506670996433846, 0.00359979906951774, 0.011919084734545362], [0.031493863752652285, 0.016691054511110467, 0.010859333090447855, 0.025225233604415715, 0.015370237562948133, 0.008103783532368467, 0.02695052227605303, 0.018086218194139563], [0.010975175174885676, 0.007702006432086743, 0.003230821729767969, 0.00976985212040262, 0.0009126987963227544, 0.0024780761089738495, 0.014264021957464023, 0.0150628763019978], [0.029308242286581472, 0.02642680884060319, 0.017439084463063373, 0.011011243462670683, 0.010574032701991226, 0.04027626701419685, 0.011550681235514063, 0.022899243378595523], [0.006851472360339074, 0.01229009969979328, 0.00907362864925638, 0.01150644338848556, 0.007268381580722119, 0.04898271331012353, 0.013508442365566713, 0.012671036746692656], [0.045758903880582055, 0.017235066165072085, 0.01119313616232432, 0.013390635800058958, 0.003709348954629513, 0.00819409278466603, 0.032656850357529285, 0.011167850669273751], [0.02447459372500486, 0.01842198943125631, 0.03290217332626811, 0.01418414391290512, 0.006205422202561528, 0.00892855102199367, 0.005410242522636478, 0.0038732165902512035]]","[[0.037726332689731835, 0.03724444489954318, 0.008354635525008569, 0.012186706177162339, 0.005247998842595697, 0.01010763374322068, 0.16203189256349562, 0.023778472773118592], [0.04018245463458555, 0.044859122948111466, 0.005132412305603151, 0.0026433808013076325, 0.0010560888368547064, 0.0019065847057880266, 0.12993697884373845, 0.0013814923352346731], [0.010574243044275507, 0.002224925727989438, 0.0012289882889181068, 0.0024491042910328234, 0.005266088888053378, 0.00098517355800245, 0.06277295448372194, 0.001977649281369523], [0.036033819318570436, 0.006133151979664295, 0.009845261522854276, 0.025152648584220897, 0.010400115475708425, 0.0004674706345363362, 0.024267880883782806, 0.014020497727323916], [0.0025238211679051124, 0.00766430401533678, 0.0006046309471130456, 0.014226343212661497, 0.0017205294723291063, 0.00015880838871721307, 0.05206140805830993, 0.006560349270639048], [0.012641175069460171, 0.00273351358548791, 0.0003269271917852127, 0.01753676823085668, 0.0009605716424780975, 0.0002964695595798834, 0.007132353673505765, 0.00419820005199461], [0.005238612723492354, 0.02303146318405051, 0.001289645295290405, 0.003752234133909997, 0.0026015817138505806, 0.00039751871601070583, 0.05557377393813301, 0.009175568394166295], [0.009332360850696707, 0.0015291713780905291, 0.00013211996706969127, 0.0008460650039392596, 7.477387487836374e-05, 0.00020327048868378855, 0.016602426122708257, 0.001296634361744771]]",2695658763,10000,10000,1.0,10000,1.0,0.0045178527146118785,0.035510790968762466,0.034043648481208014,0.067025,0.1988046875,0.004053125,0.11029375,0.4054,0.5011796875,1.2689002604166666,0.32571002604166677,0.0,0.0,0.0,0.0,0.0,0.0,simple_welch,Simple Welch,10000,1.0,True,0.941,697.9391324044901,622.4995739764573,0.116,0.10987063515944737,0.12242427558923227,0.016,0.116,0.116,True,0.059,0.054548966382494395,0.06378972018044235,0.008999999999999994,0.059,0.059,True,0.0137,0.011601223967326633,0.016172252847993424,0.0037,0.0137,0.0137,True
fixed_8x8_d3,5,3,8,8,384,768,0.15,8.0,2.0,0.6010302102345922,0.8191146928654436,1,0.1499999999999999,0.15000000000000058,-6.661338147750939e-16,1.0729822384355538,0.27508565513005817,0.2510996204895756,0.09724880775491673,0.19026468583404862,0.0009126987963227544,7.477387487836374e-05,0.3504763377879377,0.057426335906583345,0.0,0.125,0.359375,0.5,False,moderate,Moderate,variant_2,64,6.0,12.0,2.0,0.057426335906583345,0.0625,0.25,0.546875,0.53125,24.727882990810148,23.052919332719128,19.94799510468356,11.153610082206015,0.1694856033832164,0.2168271281517434,0.2966781172138765,0.5103796685673958,"[[0.03671839280144164, 0.009078753061847853, 0.008105474317388887, 0.015578185119520431, 0.006383021241427809, 0.0070289080650652045, 0.047691402583992716, 0.005482027644883663], [0.031246484170256338, 0.00998852331848789, 0.0017444432133938397, 0.022324215678802654, 0.0015247608778436905, 0.01506670996433846, 0.00359979906951774, 0.011919084734545362], [0.031493863752652285, 0.016691054511110467, 0.010859333090447855, 0.025225233604415715, 0.015370237562948133, 0.008103783532368467, 0.02695052227605303, 0.018086218194139563], [0.010975175174885676, 0.007702006432086743, 0.003230821729767969, 0.00976985212040262, 0.0009126987963227544, 0.0024780761089738495, 0.014264021957464023, 0.0150628763019978], [0.029308242286581472, 0.02642680884060319, 0.017439084463063373, 0.011011243462670683, 0.010574032701991226, 0.04027626701419685, 0.011550681235514063, 0.022899243378595523], [0.006851472360339074, 0.01229009969979328, 0.00907362864925638, 0.01150644338848556, 0.007268381580722119, 0.04898271331012353, 0.013508442365566713, 0.012671036746692656], [0.045758903880582055, 0.017235066165072085, 0.01119313616232432, 0.013390635800058958, 0.003709348954629513, 0.00819409278466603, 0.032656850357529285, 0.011167850669273751], [0.02447459372500486, 0.01842198943125631, 0.03290217332626811, 0.01418414391290512, 0.006205422202561528, 0.00892855102199367, 0.005410242522636478, 0.0038732165902512035]]","[[0.037726332689731835, 0.03724444489954318, 0.008354635525008569, 0.012186706177162339, 0.005247998842595697, 0.01010763374322068, 0.16203189256349562, 0.023778472773118592], [0.04018245463458555, 0.044859122948111466, 0.005132412305603151, 0.0026433808013076325, 0.0010560888368547064, 0.0019065847057880266, 0.12993697884373845, 0.0013814923352346731], [0.010574243044275507, 0.002224925727989438, 0.0012289882889181068, 0.0024491042910328234, 0.005266088888053378, 0.00098517355800245, 0.06277295448372194, 0.001977649281369523], [0.036033819318570436, 0.006133151979664295, 0.009845261522854276, 0.025152648584220897, 0.010400115475708425, 0.0004674706345363362, 0.024267880883782806, 0.014020497727323916], [0.0025238211679051124, 0.00766430401533678, 0.0006046309471130456, 0.014226343212661497, 0.0017205294723291063, 0.00015880838871721307, 0.05206140805830993, 0.006560349270639048], [0.012641175069460171, 0.00273351358548791, 0.0003269271917852127, 0.01753676823085668, 0.0009605716424780975, 0.0002964695595798834, 0.007132353673505765, 0.00419820005199461], [0.005238612723492354, 0.02303146318405051, 0.001289645295290405, 0.003752234133909997, 0.0026015817138505806, 0.00039751871601070583, 0.05557377393813301, 0.009175568394166295], [0.009332360850696707, 0.0015291713780905291, 0.00013211996706969127, 0.0008460650039392596, 7.477387487836374e-05, 0.00020327048868378855, 0.016602426122708257, 0.001296634361744771]]",2695658763,10000,10000,1.0,10000,1.0,0.0045178527146118785,0.035510790968762466,0.034043648481208014,0.067025,0.1988046875,0.004053125,0.11029375,0.4054,0.5011796875,1.2689002604166666,0.32571002604166677,0.0,0.0,0.0,0.0,0.0,0.0,expanded_welch,Expanded Welch,10000,1.0,True,0.9425,162.06955968645758,129.43045701421715,0.1142,0.1081138388450483,0.12058245429776576,0.01419999999999999,0.1142,0.1142,True,0.0575,0.05310492374099383,0.06223491481705495,0.0075,0.0575,0.0575,True,0.0125,0.010502016506099209,0.014872381905310471,0.0025000000000000005,0.0125,0.0125,True
stress_8x8_d4,5,4,8,8,975,975,0.1,2.0,2.0,0.5580567877213297,0.4287114320317275,1,0.09999999999999987,0.10000000000000098,-1.1102230246251565e-15,0.9185030084743561,0.17622788188531527,0.20272985081874195,0.0720700495003137,0.137422710339765,0.0014085605025546833,0.0010515596672776085,1.3733464899908163,1.0252706755956682,0.0,0.0,0.125,0.125,False,highly_sparse,Highly skewed and sparse,variant_1,64,15.234375,15.234375,1.0,1.0252706755956682,0.0,0.0,0.125,0.21875,51.08025713607218,66.90091513411913,75.7986215221231,35.19340630488322,0.19647981475950183,0.2322706999431417,0.18672911808787568,0.24614623012388714,"[[0.02338073293200563, 0.03364851397199195, 0.018280796909100543, 0.006791760152049707, 0.04481418547300176, 0.021310564320298788, 0.032600244636682034, 0.015653016364371403], [0.0021416937983783435, 0.002514160250734431, 0.005238435262868413, 0.007297050299247474, 0.007924261714718035, 0.009439812818821258, 0.01139282811484753, 0.006441765059432899], [0.016804856567729648, 0.0705835519907415, 0.019690690932649975, 0.007286374217739713, 0.01838804437826979, 0.00735034173377643, 0.027932224914185372, 0.01992915673122086], [0.0014085605025546833, 0.010845856338355366, 0.019454324694444112, 0.002836726657987367, 0.001496034161500743, 0.006783323107187891, 0.006856268815882681, 0.003309090986897071], [0.01762543986237747, 0.04704503561312491, 0.046526048558631065, 0.018704576303667876, 0.016980736126898474, 0.005404186968328394, 0.015343943703434447, 0.010436729992032398], [0.012434747907472479, 0.017706945732445953, 0.012421794676721533, 0.006889068016396589, 0.017009323858988654, 0.013217559457495786, 0.009431473167822132, 0.008788273521514392], [0.017762817536036115, 0.03126035982169878, 0.005557217593981889, 0.021237383896965195, 0.032457216889715985, 0.010377066230819156, 0.007646595337170464, 0.012539545147228513], [0.004711334507928984, 0.01866627622404882, 0.01455814937694353, 0.006699236376072328, 0.015402887114890204, 0.0115916088472423, 0.021885454546939395, 0.0018557182752924819]]","[[0.00683837326138799, 0.016930703965062462, 0.013073364058193933, 0.005445274092655412, 0.0033672544159813176, 0.038062127444894775, 0.016163896174898728, 0.08684812467480105], [0.02787097829910624, 0.016587973441678647, 0.030687495947236482, 0.0033402065262830103, 0.004412882146313508, 0.029917204465086018, 0.0075015335581488036, 0.023103751897272644], [0.006298722375942383, 0.008041020291598646, 0.013513084452802067, 0.0032571231985840787, 0.004400481807444922, 0.008995291573389852, 0.0037687970468168043, 0.020341802467902417], [0.011862738575909682, 0.024172028225090375, 0.007748041179163843, 0.0048567483208139485, 0.0046099744717253335, 0.07095528506597369, 0.005137865151333809, 0.020638092026424876], [0.019592242978388852, 0.008302871660759829, 0.0051072522874343355, 0.005038564681899993, 0.005293708958841431, 0.01341398029715103, 0.004229579316170135, 0.009664665735926647], [0.009073699653186634, 0.03023596060275454, 0.013357271873717899, 0.007535799101567867, 0.006107693853595588, 0.02379364466707913, 0.0201101020888976, 0.023146995429114605], [0.01857655851074638, 0.03131320971917163, 0.014040458995585453, 0.007474259288568017, 0.0053111286828534015, 0.03157666078959259, 0.0109300321778422, 0.04947666457140816], [0.004355336746870875, 0.0137213771988844, 0.009670951262423672, 0.0010515596672776085, 0.002592677001586262, 0.026490380502775263, 0.007740337776973681, 0.012926133321036716]]",1557391183,10000,10000,1.0,10000,1.0,0.00031099130938922875,0.02125439849421489,0.02132332522774695,0.015490625,0.0107609375,0.0,3.125e-06,0.1005015625,0.1620359375,3.4201955897435896,2.1017764102564103,0.0,0.0,0.0,0.0,0.0,0.0,normal_wald,Normal Wald,10000,1.0,True,0.9507,,,0.0982,0.0925208132697518,0.10418776782092391,0.00180000000000001,0.0982,0.0982,True,0.0493,0.04522715614597424,0.05371897998535363,0.0007000000000000062,0.0493,0.0493,True,0.0099,0.00813900122178111,0.01203739398115609,9.99999999999994e-05,0.0099,0.0099,True
stress_8x8_d4,5,4,8,8,975,975,0.1,2.0,2.0,0.5580567877213297,0.4287114320317275,1,0.09999999999999987,0.10000000000000098,-1.1102230246251565e-15,0.9185030084743561,0.17622788188531527,0.20272985081874195,0.0720700495003137,0.137422710339765,0.0014085605025546833,0.0010515596672776085,1.3733464899908163,1.0252706755956682,0.0,0.0,0.125,0.125,False,highly_sparse,Highly skewed and sparse,variant_1,64,15.234375,15.234375,1.0,1.0252706755956682,0.0,0.0,0.125,0.21875,51.08025713607218,66.90091513411913,75.7986215221231,35.19340630488322,0.19647981475950183,0.2322706999431417,0.18672911808787568,0.24614623012388714,"[[0.02338073293200563, 0.03364851397199195, 0.018280796909100543, 0.006791760152049707, 0.04481418547300176, 0.021310564320298788, 0.032600244636682034, 0.015653016364371403], [0.0021416937983783435, 0.002514160250734431, 0.005238435262868413, 0.007297050299247474, 0.007924261714718035, 0.009439812818821258, 0.01139282811484753, 0.006441765059432899], [0.016804856567729648, 0.0705835519907415, 0.019690690932649975, 0.007286374217739713, 0.01838804437826979, 0.00735034173377643, 0.027932224914185372, 0.01992915673122086], [0.0014085605025546833, 0.010845856338355366, 0.019454324694444112, 0.002836726657987367, 0.001496034161500743, 0.006783323107187891, 0.006856268815882681, 0.003309090986897071], [0.01762543986237747, 0.04704503561312491, 0.046526048558631065, 0.018704576303667876, 0.016980736126898474, 0.005404186968328394, 0.015343943703434447, 0.010436729992032398], [0.012434747907472479, 0.017706945732445953, 0.012421794676721533, 0.006889068016396589, 0.017009323858988654, 0.013217559457495786, 0.009431473167822132, 0.008788273521514392], [0.017762817536036115, 0.03126035982169878, 0.005557217593981889, 0.021237383896965195, 0.032457216889715985, 0.010377066230819156, 0.007646595337170464, 0.012539545147228513], [0.004711334507928984, 0.01866627622404882, 0.01455814937694353, 0.006699236376072328, 0.015402887114890204, 0.0115916088472423, 0.021885454546939395, 0.0018557182752924819]]","[[0.00683837326138799, 0.016930703965062462, 0.013073364058193933, 0.005445274092655412, 0.0033672544159813176, 0.038062127444894775, 0.016163896174898728, 0.08684812467480105], [0.02787097829910624, 0.016587973441678647, 0.030687495947236482, 0.0033402065262830103, 0.004412882146313508, 0.029917204465086018, 0.0075015335581488036, 0.023103751897272644], [0.006298722375942383, 0.008041020291598646, 0.013513084452802067, 0.0032571231985840787, 0.004400481807444922, 0.008995291573389852, 0.0037687970468168043, 0.020341802467902417], [0.011862738575909682, 0.024172028225090375, 0.007748041179163843, 0.0048567483208139485, 0.0046099744717253335, 0.07095528506597369, 0.005137865151333809, 0.020638092026424876], [0.019592242978388852, 0.008302871660759829, 0.0051072522874343355, 0.005038564681899993, 0.005293708958841431, 0.01341398029715103, 0.004229579316170135, 0.009664665735926647], [0.009073699653186634, 0.03023596060275454, 0.013357271873717899, 0.007535799101567867, 0.006107693853595588, 0.02379364466707913, 0.0201101020888976, 0.023146995429114605], [0.01857655851074638, 0.03131320971917163, 0.014040458995585453, 0.007474259288568017, 0.0053111286828534015, 0.03157666078959259, 0.0109300321778422, 0.04947666457140816], [0.004355336746870875, 0.0137213771988844, 0.009670951262423672, 0.0010515596672776085, 0.002592677001586262, 0.026490380502775263, 0.007740337776973681, 0.012926133321036716]]",1557391183,10000,10000,1.0,10000,1.0,0.00031099130938922875,0.02125439849421489,0.02132332522774695,0.015490625,0.0107609375,0.0,3.125e-06,0.1005015625,0.1620359375,3.4201955897435896,2.1017764102564103,0.0,0.0,0.0,0.0,0.0,0.0,simple_welch,Simple Welch,10000,1.0,True,0.9508,1936.6906684100043,1870.8522638432867,0.0981,0.09242349649803105,0.1040851613923188,0.001899999999999999,0.0981,0.0981,True,0.0492,0.045131271500572244,0.05361494143042977,0.0008000000000000021,0.0492,0.0492,True,0.0099,0.00813900122178111,0.01203739398115609,9.99999999999994e-05,0.0099,0.0099,True
stress_8x8_d4,5,4,8,8,975,975,0.1,2.0,2.0,0.5580567877213297,0.4287114320317275,1,0.09999999999999987,0.10000000000000098,-1.1102230246251565e-15,0.9185030084743561,0.17622788188531527,0.20272985081874195,0.0720700495003137,0.137422710339765,0.0014085605025546833,0.0010515596672776085,1.3733464899908163,1.0252706755956682,0.0,0.0,0.125,0.125,False,highly_sparse,Highly skewed and sparse,variant_1,64,15.234375,15.234375,1.0,1.0252706755956682,0.0,0.0,0.125,0.21875,51.08025713607218,66.90091513411913,75.7986215221231,35.19340630488322,0.19647981475950183,0.2322706999431417,0.18672911808787568,0.24614623012388714,"[[0.02338073293200563, 0.03364851397199195, 0.018280796909100543, 0.006791760152049707, 0.04481418547300176, 0.021310564320298788, 0.032600244636682034, 0.015653016364371403], [0.0021416937983783435, 0.002514160250734431, 0.005238435262868413, 0.007297050299247474, 0.007924261714718035, 0.009439812818821258, 0.01139282811484753, 0.006441765059432899], [0.016804856567729648, 0.0705835519907415, 0.019690690932649975, 0.007286374217739713, 0.01838804437826979, 0.00735034173377643, 0.027932224914185372, 0.01992915673122086], [0.0014085605025546833, 0.010845856338355366, 0.019454324694444112, 0.002836726657987367, 0.001496034161500743, 0.006783323107187891, 0.006856268815882681, 0.003309090986897071], [0.01762543986237747, 0.04704503561312491, 0.046526048558631065, 0.018704576303667876, 0.016980736126898474, 0.005404186968328394, 0.015343943703434447, 0.010436729992032398], [0.012434747907472479, 0.017706945732445953, 0.012421794676721533, 0.006889068016396589, 0.017009323858988654, 0.013217559457495786, 0.009431473167822132, 0.008788273521514392], [0.017762817536036115, 0.03126035982169878, 0.005557217593981889, 0.021237383896965195, 0.032457216889715985, 0.010377066230819156, 0.007646595337170464, 0.012539545147228513], [0.004711334507928984, 0.01866627622404882, 0.01455814937694353, 0.006699236376072328, 0.015402887114890204, 0.0115916088472423, 0.021885454546939395, 0.0018557182752924819]]","[[0.00683837326138799, 0.016930703965062462, 0.013073364058193933, 0.005445274092655412, 0.0033672544159813176, 0.038062127444894775, 0.016163896174898728, 0.08684812467480105], [0.02787097829910624, 0.016587973441678647, 0.030687495947236482, 0.0033402065262830103, 0.004412882146313508, 0.029917204465086018, 0.0075015335581488036, 0.023103751897272644], [0.006298722375942383, 0.008041020291598646, 0.013513084452802067, 0.0032571231985840787, 0.004400481807444922, 0.008995291573389852, 0.0037687970468168043, 0.020341802467902417], [0.011862738575909682, 0.024172028225090375, 0.007748041179163843, 0.0048567483208139485, 0.0046099744717253335, 0.07095528506597369, 0.005137865151333809, 0.020638092026424876], [0.019592242978388852, 0.008302871660759829, 0.0051072522874343355, 0.005038564681899993, 0.005293708958841431, 0.01341398029715103, 0.004229579316170135, 0.009664665735926647], [0.009073699653186634, 0.03023596060275454, 0.013357271873717899, 0.007535799101567867, 0.006107693853595588, 0.02379364466707913, 0.0201101020888976, 0.023146995429114605], [0.01857655851074638, 0.03131320971917163, 0.014040458995585453, 0.007474259288568017, 0.0053111286828534015, 0.03157666078959259, 0.0109300321778422, 0.04947666457140816], [0.004355336746870875, 0.0137213771988844, 0.009670951262423672, 0.0010515596672776085, 0.002592677001586262, 0.026490380502775263, 0.007740337776973681, 0.012926133321036716]]",1557391183,10000,10000,1.0,10000,1.0,0.00031099130938922875,0.02125439849421489,0.02132332522774695,0.015490625,0.0107609375,0.0,3.125e-06,0.1005015625,0.1620359375,3.4201955897435896,2.1017764102564103,0.0,0.0,0.0,0.0,0.0,0.0,expanded_welch,Expanded Welch,10000,1.0,True,0.9515,269.701872481893,228.77979558214054,0.097,0.09135313525265308,0.10295636743411225,0.0030000000000000027,0.097,0.097,True,0.0485,0.044460214954962926,0.05288653557375804,0.0015000000000000013,0.0485,0.0485,True,0.0097,0.007958481396960246,0.011818067405325223,0.0002999999999999999,0.0097,0.0097,True
stress_8x8_d5,5,5,8,8,460,920,0.15,10.0,2.0,0.5671922748093817,0.5164145485739814,37,0.14999999999999947,0.15000000000000036,-8.881784197001252e-16,0.8181553141472593,0.29253472300604116,0.29895564814509074,0.09625838882754456,0.19313012484525097,0.003133383413534201,0.001191210117260808,1.4413563702257324,1.0959133078799435,0.0,0.0,0.203125,0.140625,False,highly_sparse,Highly skewed and sparse,variant_2,64,7.1875,14.375,2.0,1.0959133078799435,0.0,0.0,0.4375,0.25,40.62458404260201,39.88520566037203,31.234148081055576,45.176640779999886,0.17208216360207104,0.1890518216502961,0.21561397623449774,0.21149096287298028,"[[0.013108366324103293, 0.020279724200928606, 0.008055144872065947, 0.007343757962757458, 0.031102159997776158, 0.0032366907961945976, 0.02207421864589995, 0.0065638048923487916], [0.016454178235193188, 0.04682543717602935, 0.02475279945737167, 0.017862082672028986, 0.0114477367353265, 0.023680639719460942, 0.010939439839365553, 0.01868637216568338], [0.014060819019361992, 0.009788771208002508, 0.010951723214679632, 0.024670196295511596, 0.0071036508774221215, 0.010448595428412814, 0.0037290910231852735, 0.007561466069515392], [0.053585054894614285, 0.03526873397245823, 0.00577415447268532, 0.008690170354706326, 0.013963696862851623, 0.0219924223523595, 0.013344658901932952, 0.019463271790462814], [0.010264656513835863, 0.025123290387208896, 0.008925307541614524, 0.042138870356857414, 0.01856088000172055, 0.01809046173537989, 0.006749922898102181, 0.02567191844072684], [0.009310611307507332, 0.008135275527241782, 0.0064878738143084634, 0.0035605180398865237, 0.017827746325682004, 0.040575412176766086, 0.003189268309502903, 0.010831770232529249], [0.003133383413534201, 0.025453956909223807, 0.007265226100203718, 0.006734819517325677, 0.01903927426411493, 0.019497792311216518, 0.003223814324351973, 0.02143156540470747], [0.0032728210525492444, 0.018176632269202936, 0.007492562314539673, 0.004428498993967731, 0.03228055549558999, 0.013612081887659928, 0.0046499079729974266, 0.012054293729247444]]","[[0.007906507786646757, 0.0342215432242732, 0.008946123865012472, 0.026131983143590675, 0.025987514985810763, 0.010133960490513037, 0.015432636674956935, 0.01026475809285542], [0.00658459020411057, 0.006274409947125399, 0.002907344146772533, 0.0049747176830305315, 0.011477371935798187, 0.0036586145739077227, 0.006109054459570877, 0.0013673814631320407], [0.00759064708012284, 0.008279705551069147, 0.0028857509132874425, 0.010538241076095982, 0.014160232187422924, 0.0014061087359291348, 0.009934187947417543, 0.007366955892483699], [0.031336958368225754, 0.023161485814051808, 0.023510387094699322, 0.07128171501031605, 0.015240998223654503, 0.008366158413244307, 0.02121597469821794, 0.021500298612088055], [0.018698804338233472, 0.008532492787761895, 0.0019933763367950973, 0.02680754293623024, 0.03917525899114069, 0.0177058206291939, 0.01494853413089575, 0.015012983388588343], [0.005168305729487969, 0.0070527099244055815, 0.001191210117260808, 0.008501626020535322, 0.04093773077753812, 0.002994255813811664, 0.0048039111515951385, 0.004516034730937494], [0.010362792216267324, 0.011162340065514718, 0.003544025412405097, 0.04561605220685123, 0.021097169604620086, 0.005017573916697309, 0.07086568110969738, 0.016377997164509658], [0.013088863934711386, 0.056521008952098446, 0.004126826439854059, 0.01763908479633023, 0.016069623689762252, 0.004089732289536932, 0.02060930195689828, 0.005617010144400629]]",187206401,10000,10000,1.0,10000,1.0,0.0025010272729202245,0.033680248791868074,0.03278025300128879,0.0367328125,0.0226328125,0.0,6.875e-05,0.2673421875,0.1502921875,2.418975217391304,1.8601421739130433,0.0,0.0,0.0,0.0,0.0,0.0,normal_wald,Normal Wald,10000,1.0,True,0.9442,,,0.1111,0.10508940612398696,0.11740926780872532,0.011099999999999999,0.1111,0.1111,True,0.0558,0.05146939764838815,0.06047174650412093,0.0058,0.0558,0.0558,True,0.0127,0.010684882862923493,0.015089361949137917,0.0026999999999999993,0.0127,0.0127,True
stress_8x8_d5,5,5,8,8,460,920,0.15,10.0,2.0,0.5671922748093817,0.5164145485739814,37,0.14999999999999947,0.15000000000000036,-8.881784197001252e-16,0.8181553141472593,0.29253472300604116,0.29895564814509074,0.09625838882754456,0.19313012484525097,0.003133383413534201,0.001191210117260808,1.4413563702257324,1.0959133078799435,0.0,0.0,0.203125,0.140625,False,highly_sparse,Highly skewed and sparse,variant_2,64,7.1875,14.375,2.0,1.0959133078799435,0.0,0.0,0.4375,0.25,40.62458404260201,39.88520566037203,31.234148081055576,45.176640779999886,0.17208216360207104,0.1890518216502961,0.21561397623449774,0.21149096287298028,"[[0.013108366324103293, 0.020279724200928606, 0.008055144872065947, 0.007343757962757458, 0.031102159997776158, 0.0032366907961945976, 0.02207421864589995, 0.0065638048923487916], [0.016454178235193188, 0.04682543717602935, 0.02475279945737167, 0.017862082672028986, 0.0114477367353265, 0.023680639719460942, 0.010939439839365553, 0.01868637216568338], [0.014060819019361992, 0.009788771208002508, 0.010951723214679632, 0.024670196295511596, 0.0071036508774221215, 0.010448595428412814, 0.0037290910231852735, 0.007561466069515392], [0.053585054894614285, 0.03526873397245823, 0.00577415447268532, 0.008690170354706326, 0.013963696862851623, 0.0219924223523595, 0.013344658901932952, 0.019463271790462814], [0.010264656513835863, 0.025123290387208896, 0.008925307541614524, 0.042138870356857414, 0.01856088000172055, 0.01809046173537989, 0.006749922898102181, 0.02567191844072684], [0.009310611307507332, 0.008135275527241782, 0.0064878738143084634, 0.0035605180398865237, 0.017827746325682004, 0.040575412176766086, 0.003189268309502903, 0.010831770232529249], [0.003133383413534201, 0.025453956909223807, 0.007265226100203718, 0.006734819517325677, 0.01903927426411493, 0.019497792311216518, 0.003223814324351973, 0.02143156540470747], [0.0032728210525492444, 0.018176632269202936, 0.007492562314539673, 0.004428498993967731, 0.03228055549558999, 0.013612081887659928, 0.0046499079729974266, 0.012054293729247444]]","[[0.007906507786646757, 0.0342215432242732, 0.008946123865012472, 0.026131983143590675, 0.025987514985810763, 0.010133960490513037, 0.015432636674956935, 0.01026475809285542], [0.00658459020411057, 0.006274409947125399, 0.002907344146772533, 0.0049747176830305315, 0.011477371935798187, 0.0036586145739077227, 0.006109054459570877, 0.0013673814631320407], [0.00759064708012284, 0.008279705551069147, 0.0028857509132874425, 0.010538241076095982, 0.014160232187422924, 0.0014061087359291348, 0.009934187947417543, 0.007366955892483699], [0.031336958368225754, 0.023161485814051808, 0.023510387094699322, 0.07128171501031605, 0.015240998223654503, 0.008366158413244307, 0.02121597469821794, 0.021500298612088055], [0.018698804338233472, 0.008532492787761895, 0.0019933763367950973, 0.02680754293623024, 0.03917525899114069, 0.0177058206291939, 0.01494853413089575, 0.015012983388588343], [0.005168305729487969, 0.0070527099244055815, 0.001191210117260808, 0.008501626020535322, 0.04093773077753812, 0.002994255813811664, 0.0048039111515951385, 0.004516034730937494], [0.010362792216267324, 0.011162340065514718, 0.003544025412405097, 0.04561605220685123, 0.021097169604620086, 0.005017573916697309, 0.07086568110969738, 0.016377997164509658], [0.013088863934711386, 0.056521008952098446, 0.004126826439854059, 0.01763908479633023, 0.016069623689762252, 0.004089732289536932, 0.02060930195689828, 0.005617010144400629]]",187206401,10000,10000,1.0,10000,1.0,0.0025010272729202245,0.033680248791868074,0.03278025300128879,0.0367328125,0.0226328125,0.0,6.875e-05,0.2673421875,0.1502921875,2.418975217391304,1.8601421739130433,0.0,0.0,0.0,0.0,0.0,0.0,simple_welch,Simple Welch,10000,1.0,True,0.9447,909.8319950917593,806.3770941765916,0.1102,0.10421162637865607,0.1164877387511234,0.0102,0.1102,0.1102,True,0.0553,0.050988580601897746,0.059952947548982005,0.005299999999999999,0.0553,0.0553,True,0.0125,0.010502016506099209,0.014872381905310471,0.0025000000000000005,0.0125,0.0125,True
stress_8x8_d5,5,5,8,8,460,920,0.15,10.0,2.0,0.5671922748093817,0.5164145485739814,37,0.14999999999999947,0.15000000000000036,-8.881784197001252e-16,0.8181553141472593,0.29253472300604116,0.29895564814509074,0.09625838882754456,0.19313012484525097,0.003133383413534201,0.001191210117260808,1.4413563702257324,1.0959133078799435,0.0,0.0,0.203125,0.140625,False,highly_sparse,Highly skewed and sparse,variant_2,64,7.1875,14.375,2.0,1.0959133078799435,0.0,0.0,0.4375,0.25,40.62458404260201,39.88520566037203,31.234148081055576,45.176640779999886,0.17208216360207104,0.1890518216502961,0.21561397623449774,0.21149096287298028,"[[0.013108366324103293, 0.020279724200928606, 0.008055144872065947, 0.007343757962757458, 0.031102159997776158, 0.0032366907961945976, 0.02207421864589995, 0.0065638048923487916], [0.016454178235193188, 0.04682543717602935, 0.02475279945737167, 0.017862082672028986, 0.0114477367353265, 0.023680639719460942, 0.010939439839365553, 0.01868637216568338], [0.014060819019361992, 0.009788771208002508, 0.010951723214679632, 0.024670196295511596, 0.0071036508774221215, 0.010448595428412814, 0.0037290910231852735, 0.007561466069515392], [0.053585054894614285, 0.03526873397245823, 0.00577415447268532, 0.008690170354706326, 0.013963696862851623, 0.0219924223523595, 0.013344658901932952, 0.019463271790462814], [0.010264656513835863, 0.025123290387208896, 0.008925307541614524, 0.042138870356857414, 0.01856088000172055, 0.01809046173537989, 0.006749922898102181, 0.02567191844072684], [0.009310611307507332, 0.008135275527241782, 0.0064878738143084634, 0.0035605180398865237, 0.017827746325682004, 0.040575412176766086, 0.003189268309502903, 0.010831770232529249], [0.003133383413534201, 0.025453956909223807, 0.007265226100203718, 0.006734819517325677, 0.01903927426411493, 0.019497792311216518, 0.003223814324351973, 0.02143156540470747], [0.0032728210525492444, 0.018176632269202936, 0.007492562314539673, 0.004428498993967731, 0.03228055549558999, 0.013612081887659928, 0.0046499079729974266, 0.012054293729247444]]","[[0.007906507786646757, 0.0342215432242732, 0.008946123865012472, 0.026131983143590675, 0.025987514985810763, 0.010133960490513037, 0.015432636674956935, 0.01026475809285542], [0.00658459020411057, 0.006274409947125399, 0.002907344146772533, 0.0049747176830305315, 0.011477371935798187, 0.0036586145739077227, 0.006109054459570877, 0.0013673814631320407], [0.00759064708012284, 0.008279705551069147, 0.0028857509132874425, 0.010538241076095982, 0.014160232187422924, 0.0014061087359291348, 0.009934187947417543, 0.007366955892483699], [0.031336958368225754, 0.023161485814051808, 0.023510387094699322, 0.07128171501031605, 0.015240998223654503, 0.008366158413244307, 0.02121597469821794, 0.021500298612088055], [0.018698804338233472, 0.008532492787761895, 0.0019933763367950973, 0.02680754293623024, 0.03917525899114069, 0.0177058206291939, 0.01494853413089575, 0.015012983388588343], [0.005168305729487969, 0.0070527099244055815, 0.001191210117260808, 0.008501626020535322, 0.04093773077753812, 0.002994255813811664, 0.0048039111515951385, 0.004516034730937494], [0.010362792216267324, 0.011162340065514718, 0.003544025412405097, 0.04561605220685123, 0.021097169604620086, 0.005017573916697309, 0.07086568110969738, 0.016377997164509658], [0.013088863934711386, 0.056521008952098446, 0.004126826439854059, 0.01763908479633023, 0.016069623689762252, 0.004089732289536932, 0.02060930195689828, 0.005617010144400629]]",187206401,10000,10000,1.0,10000,1.0,0.0025010272729202245,0.033680248791868074,0.03278025300128879,0.0367328125,0.0226328125,0.0,6.875e-05,0.2673421875,0.1502921875,2.418975217391304,1.8601421739130433,0.0,0.0,0.0,0.0,0.0,0.0,expanded_welch,Expanded Welch,10000,1.0,True,0.9459,196.32826969568262,160.09212089216945,0.1092,0.10323646699178143,0.1154636661347394,0.0092,0.1092,0.1092,True,0.0541,0.04983503962716959,0.05870741011979978,0.0040999999999999995,0.0541,0.0541,True,0.0118,0.009863119376493548,0.014111816632635079,0.0017999999999999995,0.0118,0.0118,True
stress_8x8_d6,5,6,8,8,604,604,0.1,0.8,0.8,0.5178813730213234,0.5759922693328213,2,0.09999999999999964,0.09999999999999942,2.220446049250313e-16,1.2530980213076748,0.17661634454681457,0.18891468545030304,0.10383577306478786,0.18988521766960556,0.00024062006419571147,0.0003523992133327809,0.14533451877420972,0.21284912485299967,0.09375,0.03125,0.5,0.5,False,ultra_sparse,Ultra-skewed and sparse,variant_1,64,9.4375,9.4375,1.0,0.14533451877420972,0.171875,0.15625,0.609375,0.515625,17.167450003473114,25.46636291084033,23.390201292044992,16.709047045538036,0.2879894551927866,0.42509919460750717,0.3969426307384447,0.2665249177152371,"[[0.006509472301990811, 0.0021127756494490856, 0.003196212568443054, 0.005416462269967231, 0.03399578639699371, 0.0003692378461001357, 0.0013937139642312168, 0.0004551659395302714], [0.020356692044145468, 0.0061563166106658376, 0.005793508591364822, 0.018337117623492983, 0.12024653599869214, 0.002350449801159823, 0.008287455173143063, 0.013475102617890398], [0.00438848879724343, 0.0032037578198916895, 0.004338475346172891, 0.002290691292549818, 0.016852925929750885, 0.0010723820188426215, 0.001518909292496224, 0.002167165200011656], [0.07244807305427389, 0.013490659379358484, 0.02005831491671701, 0.034563333234816467, 0.07012220394879201, 0.03626875121388677, 0.013710685914255111, 0.02732743353068687], [0.08637400279463368, 0.011372483529039839, 0.01717789596193258, 0.005693857976546691, 0.11016461385704292, 0.006683008998098378, 0.0058777629476766974, 0.006042847310860987], [0.00717904863909516, 0.003329630811616982, 0.004726219901475928, 0.0034576244683613582, 0.014475177128112618, 0.003041504679098225, 0.0013258092671994959, 0.0009262916569140089], [0.00744566531903072, 0.000990161432487854, 0.0022539040495797823, 0.0008739697431911704, 0.01391459204750918, 0.00024062006419571147, 0.0008218612348481069, 0.001882156578483823], [0.015639807926781223, 0.0114929239680242, 0.00428040770762268, 0.02186849587700363, 0.04532735930061369, 0.0027228650664158386, 0.005789301034039142, 0.004333872435461895]]","[[0.0013000649788662282, 0.027576919897600683, 0.002308509686380414, 0.0035058494349046337, 0.01582472563799474, 0.009839194842361322, 0.0047946205173652655, 0.0011973307190139377], [0.0003523992133327809, 0.04961221078336737, 0.0019378195869521895, 0.009560700497266884, 0.008249443561279593, 0.016122228737454558, 0.0009740709516649138, 0.008976879724610783], [0.0021196822053582117, 0.013081082023441607, 0.0004102565753717676, 0.00541904573306996, 0.015743293764238882, 0.0038052536250461656, 0.002547547740111441, 0.0010537072174676746], [0.004520759712273362, 0.017306334857789606, 0.003571052030779754, 0.027143016149926463, 0.028613653681063084, 0.04371915517677131, 0.007406991337446917, 0.007605460643777265], [0.00042359600627482266, 0.028633852221033977, 0.0016385244630400479, 0.0032911014084378424, 0.0019444596383853684, 0.004642180856915937, 0.00046660419709912594, 0.001122533710204149], [0.015387767171733506, 0.08891117734459125, 0.026914214272827423, 0.049654034417440256, 0.0734959329318294, 0.10313639282119234, 0.019835578323646047, 0.019607533455184505], [0.0018537533629663647, 0.019180325495275992, 0.0017256415517266695, 0.04222492792634877, 0.025858433728639007, 0.01531299163882328, 0.0030335741260304155, 0.004972609490212979], [0.0017059625239265704, 0.02222301509213663, 0.00719944504424717, 0.02860012843039208, 0.01582093737379387, 0.009971508626101197, 0.00369883059811573, 0.011313170507077489]]",3633303702,10000,10000,1.0,10000,1.0,0.0001968437552839124,0.02674373119557052,0.026414242664431212,0.150628125,0.147584375,0.1114140625,0.061578125,0.507490625,0.4875171875,0.591476986754967,0.628678476821192,0.0,0.0,0.0,0.0,0.0,0.0,normal_wald,Normal Wald,10000,1.0,True,0.9456,,,0.1069,0.10099421565320638,0.11310768386581957,0.0068999999999999895,0.1069,0.1069,True,0.0544,0.05012336862181132,0.059018850726135656,0.004399999999999994,0.0544,0.0544,True,0.0108,0.008953722899766215,0.013021981106103765,0.0008000000000000004,0.0108,0.0108,True
stress_8x8_d6,5,6,8,8,604,604,0.1,0.8,0.8,0.5178813730213234,0.5759922693328213,2,0.09999999999999964,0.09999999999999942,2.220446049250313e-16,1.2530980213076748,0.17661634454681457,0.18891468545030304,0.10383577306478786,0.18988521766960556,0.00024062006419571147,0.0003523992133327809,0.14533451877420972,0.21284912485299967,0.09375,0.03125,0.5,0.5,False,ultra_sparse,Ultra-skewed and sparse,variant_1,64,9.4375,9.4375,1.0,0.14533451877420972,0.171875,0.15625,0.609375,0.515625,17.167450003473114,25.46636291084033,23.390201292044992,16.709047045538036,0.2879894551927866,0.42509919460750717,0.3969426307384447,0.2665249177152371,"[[0.006509472301990811, 0.0021127756494490856, 0.003196212568443054, 0.005416462269967231, 0.03399578639699371, 0.0003692378461001357, 0.0013937139642312168, 0.0004551659395302714], [0.020356692044145468, 0.0061563166106658376, 0.005793508591364822, 0.018337117623492983, 0.12024653599869214, 0.002350449801159823, 0.008287455173143063, 0.013475102617890398], [0.00438848879724343, 0.0032037578198916895, 0.004338475346172891, 0.002290691292549818, 0.016852925929750885, 0.0010723820188426215, 0.001518909292496224, 0.002167165200011656], [0.07244807305427389, 0.013490659379358484, 0.02005831491671701, 0.034563333234816467, 0.07012220394879201, 0.03626875121388677, 0.013710685914255111, 0.02732743353068687], [0.08637400279463368, 0.011372483529039839, 0.01717789596193258, 0.005693857976546691, 0.11016461385704292, 0.006683008998098378, 0.0058777629476766974, 0.006042847310860987], [0.00717904863909516, 0.003329630811616982, 0.004726219901475928, 0.0034576244683613582, 0.014475177128112618, 0.003041504679098225, 0.0013258092671994959, 0.0009262916569140089], [0.00744566531903072, 0.000990161432487854, 0.0022539040495797823, 0.0008739697431911704, 0.01391459204750918, 0.00024062006419571147, 0.0008218612348481069, 0.001882156578483823], [0.015639807926781223, 0.0114929239680242, 0.00428040770762268, 0.02186849587700363, 0.04532735930061369, 0.0027228650664158386, 0.005789301034039142, 0.004333872435461895]]","[[0.0013000649788662282, 0.027576919897600683, 0.002308509686380414, 0.0035058494349046337, 0.01582472563799474, 0.009839194842361322, 0.0047946205173652655, 0.0011973307190139377], [0.0003523992133327809, 0.04961221078336737, 0.0019378195869521895, 0.009560700497266884, 0.008249443561279593, 0.016122228737454558, 0.0009740709516649138, 0.008976879724610783], [0.0021196822053582117, 0.013081082023441607, 0.0004102565753717676, 0.00541904573306996, 0.015743293764238882, 0.0038052536250461656, 0.002547547740111441, 0.0010537072174676746], [0.004520759712273362, 0.017306334857789606, 0.003571052030779754, 0.027143016149926463, 0.028613653681063084, 0.04371915517677131, 0.007406991337446917, 0.007605460643777265], [0.00042359600627482266, 0.028633852221033977, 0.0016385244630400479, 0.0032911014084378424, 0.0019444596383853684, 0.004642180856915937, 0.00046660419709912594, 0.001122533710204149], [0.015387767171733506, 0.08891117734459125, 0.026914214272827423, 0.049654034417440256, 0.0734959329318294, 0.10313639282119234, 0.019835578323646047, 0.019607533455184505], [0.0018537533629663647, 0.019180325495275992, 0.0017256415517266695, 0.04222492792634877, 0.025858433728639007, 0.01531299163882328, 0.0030335741260304155, 0.004972609490212979], [0.0017059625239265704, 0.02222301509213663, 0.00719944504424717, 0.02860012843039208, 0.01582093737379387, 0.009971508626101197, 0.00369883059811573, 0.011313170507077489]]",3633303702,10000,10000,1.0,10000,1.0,0.0001968437552839124,0.02674373119557052,0.026414242664431212,0.150628125,0.147584375,0.1114140625,0.061578125,0.507490625,0.4875171875,0.591476986754967,0.628678476821192,0.0,0.0,0.0,0.0,0.0,0.0,simple_welch,Simple Welch,10000,1.0,True,0.9461,1201.035909346794,1164.2292481606848,0.1065,0.10060434776744613,0.11269785895027636,0.006499999999999992,0.1065,0.1065,True,0.0539,0.04964284138359743,0.05849976196272021,0.0039000000000000007,0.0539,0.0539,True,0.0107,0.008863014753198816,0.012912766052345299,0.0006999999999999992,0.0107,0.0107,True
stress_8x8_d6,5,6,8,8,604,604,0.1,0.8,0.8,0.5178813730213234,0.5759922693328213,2,0.09999999999999964,0.09999999999999942,2.220446049250313e-16,1.2530980213076748,0.17661634454681457,0.18891468545030304,0.10383577306478786,0.18988521766960556,0.00024062006419571147,0.0003523992133327809,0.14533451877420972,0.21284912485299967,0.09375,0.03125,0.5,0.5,False,ultra_sparse,Ultra-skewed and sparse,variant_1,64,9.4375,9.4375,1.0,0.14533451877420972,0.171875,0.15625,0.609375,0.515625,17.167450003473114,25.46636291084033,23.390201292044992,16.709047045538036,0.2879894551927866,0.42509919460750717,0.3969426307384447,0.2665249177152371,"[[0.006509472301990811, 0.0021127756494490856, 0.003196212568443054, 0.005416462269967231, 0.03399578639699371, 0.0003692378461001357, 0.0013937139642312168, 0.0004551659395302714], [0.020356692044145468, 0.0061563166106658376, 0.005793508591364822, 0.018337117623492983, 0.12024653599869214, 0.002350449801159823, 0.008287455173143063, 0.013475102617890398], [0.00438848879724343, 0.0032037578198916895, 0.004338475346172891, 0.002290691292549818, 0.016852925929750885, 0.0010723820188426215, 0.001518909292496224, 0.002167165200011656], [0.07244807305427389, 0.013490659379358484, 0.02005831491671701, 0.034563333234816467, 0.07012220394879201, 0.03626875121388677, 0.013710685914255111, 0.02732743353068687], [0.08637400279463368, 0.011372483529039839, 0.01717789596193258, 0.005693857976546691, 0.11016461385704292, 0.006683008998098378, 0.0058777629476766974, 0.006042847310860987], [0.00717904863909516, 0.003329630811616982, 0.004726219901475928, 0.0034576244683613582, 0.014475177128112618, 0.003041504679098225, 0.0013258092671994959, 0.0009262916569140089], [0.00744566531903072, 0.000990161432487854, 0.0022539040495797823, 0.0008739697431911704, 0.01391459204750918, 0.00024062006419571147, 0.0008218612348481069, 0.001882156578483823], [0.015639807926781223, 0.0114929239680242, 0.00428040770762268, 0.02186849587700363, 0.04532735930061369, 0.0027228650664158386, 0.005789301034039142, 0.004333872435461895]]","[[0.0013000649788662282, 0.027576919897600683, 0.002308509686380414, 0.0035058494349046337, 0.01582472563799474, 0.009839194842361322, 0.0047946205173652655, 0.0011973307190139377], [0.0003523992133327809, 0.04961221078336737, 0.0019378195869521895, 0.009560700497266884, 0.008249443561279593, 0.016122228737454558, 0.0009740709516649138, 0.008976879724610783], [0.0021196822053582117, 0.013081082023441607, 0.0004102565753717676, 0.00541904573306996, 0.015743293764238882, 0.0038052536250461656, 0.002547547740111441, 0.0010537072174676746], [0.004520759712273362, 0.017306334857789606, 0.003571052030779754, 0.027143016149926463, 0.028613653681063084, 0.04371915517677131, 0.007406991337446917, 0.007605460643777265], [0.00042359600627482266, 0.028633852221033977, 0.0016385244630400479, 0.0032911014084378424, 0.0019444596383853684, 0.004642180856915937, 0.00046660419709912594, 0.001122533710204149], [0.015387767171733506, 0.08891117734459125, 0.026914214272827423, 0.049654034417440256, 0.0734959329318294, 0.10313639282119234, 0.019835578323646047, 0.019607533455184505], [0.0018537533629663647, 0.019180325495275992, 0.0017256415517266695, 0.04222492792634877, 0.025858433728639007, 0.01531299163882328, 0.0030335741260304155, 0.004972609490212979], [0.0017059625239265704, 0.02222301509213663, 0.00719944504424717, 0.02860012843039208, 0.01582093737379387, 0.009971508626101197, 0.00369883059811573, 0.011313170507077489]]",3633303702,10000,10000,1.0,10000,1.0,0.0001968437552839124,0.02674373119557052,0.026414242664431212,0.150628125,0.147584375,0.1114140625,0.061578125,0.507490625,0.4875171875,0.591476986754967,0.628678476821192,0.0,0.0,0.0,0.0,0.0,0.0,expanded_welch,Expanded Welch,10000,1.0,True,0.9477,178.79012014958718,144.12556280925787,0.105,0.09914258179426233,0.11116077691857218,0.0049999999999999906,0.105,0.105,True,0.0523,0.04810587403933279,0.05683795810177102,0.0022999999999999965,0.0523,0.0523,True,0.0102,0.008410152377830622,0.012366012426084174,0.00020000000000000052,0.0102,0.0102,True
stress_8x8_d7,5,7,8,8,75,750,0.15,10.0,0.8,0.5456566599932642,0.5323145999616151,5,0.15000000000000036,0.15000000000000013,2.220446049250313e-16,1.1240312567607595,0.2726434637288374,0.2804541417789581,0.1451705058904973,0.28010349920654565,0.0034014331181507675,0.00028218334584460835,0.25510748386130755,0.21163750938345627,0.40625,0.1875,1.0,0.5,False,ultra_sparse,Ultra-skewed and sparse,variant_2,64,1.171875,11.71875,10.0,0.21163750938345627,0.578125,0.21875,1.0,0.609375,5.211870209007196,4.4453352974436875,5.828500240101136,9.689209220725465,0.16016407517400658,0.2265780733161891,0.37178908195792093,0.3032658014563758,"[[0.025225103204823074, 0.008618090169361655, 0.0445442197126083, 0.05330779569403612, 0.00481877992935997, 0.005537251438736841, 0.006513990922295149, 0.011598844102785449], [0.011002390456455007, 0.008450169516949262, 0.004981032154504295, 0.01278749136347338, 0.003918855453184421, 0.010721533427631073, 0.009417160102941406, 0.00821297031162376], [0.009681664347243928, 0.043546399902140105, 0.010144496780959708, 0.04517521329396663, 0.005692416373307794, 0.015917483774315355, 0.009851999369737017, 0.005106532611885478], [0.004762992727168521, 0.004898236177626956, 0.00927790103808842, 0.015253687705755244, 0.00883473720445034, 0.019304405429490072, 0.005265453164521063, 0.0034014331181507675], [0.005330351641215897, 0.010133538731801115, 0.007253804102716189, 0.04550429949722543, 0.015886259020034977, 0.00999254674443269, 0.012421439007778638, 0.01723607089441609], [0.04764244100790196, 0.005908190445008992, 0.013213332578951971, 0.017078244141171487, 0.0072826175216898935, 0.020890704028643667, 0.01274896216934758, 0.016889058920796927], [0.021006788583311464, 0.01672302879565138, 0.019859962676238203, 0.012363559458254512, 0.023450514909685232, 0.022873596139434703, 0.01349063098980075, 0.02063779447104456], [0.005579625800000462, 0.03509254393322424, 0.021827825242377193, 0.025107782162306302, 0.007829156122969196, 0.006719504713661291, 0.013956368084787663, 0.02229872648454289]]","[[0.006073230899895098, 0.020626971534049278, 0.0030186471785593537, 0.009574363715613607, 0.0016990128490599731, 0.03227082095948666, 0.012242202514364423, 0.14935294495057144], [0.002440528245847351, 0.0035327938217552136, 0.0007753479732186572, 0.00233271098904283, 0.0017872004497046308, 0.03856811320187929, 0.008373087323815006, 0.014695733286596306], [0.0015053073461576327, 0.03618181708816498, 0.0017072279659562592, 0.0016740280292310043, 0.0011040852333649392, 0.039796676264448216, 0.005865849397762033, 0.018210448731058204], [0.0010950000985906984, 0.0028801706023744897, 0.0004480174056705733, 0.0022728526728215174, 0.0005640758786486029, 0.011236775224347751, 0.002604536149994402, 0.0036901865234676293], [0.0005876119501674169, 0.00172661967680156, 0.0002897863180837258, 0.0005547901258286553, 0.00028218334584460835, 0.0010728102160282567, 0.0004666628777305385, 0.0009466492194401555], [0.003034705857699469, 0.005205032677461104, 0.002929111799271033, 0.003320178120301307, 0.0008684013397085698, 0.03690828606237983, 0.014651221505739566, 0.008111185885142869], [0.010534535827057911, 0.00874560354474539, 0.00480463956300507, 0.004047292069482544, 0.0011814146155598876, 0.032785347991120636, 0.00558616383629153, 0.041369919111669345], [0.013188050571641075, 0.06678854932786503, 0.016990092993909123, 0.006093705603247614, 0.005432571915742743, 0.10007840422526239, 0.09632897357182313, 0.06688873374842988]]",4049904546,10000,10000,1.0,10000,1.0,0.028326063553835445,0.07527072567498018,0.06684600563377367,0.40025625,0.1790640625,0.4865265625,0.20603125,0.9990390625,0.523203125,0.20559066666666667,0.05689160000000001,0.00115,0.001525,0.0004625,0.0,0.0127,0.0122,normal_wald,Normal Wald,10000,1.0,True,0.8996,,,0.1664,0.15922870301542402,0.17382750069749142,0.06639999999999999,0.1664,0.1664,False,0.1004,0.09466224748391437,0.10644464401393035,0.0504,0.1004,0.1004,False,0.0308,0.02758969484715041,0.034370649223892505,0.0208,0.0308,0.0308,False
stress_8x8_d7,5,7,8,8,75,750,0.15,10.0,0.8,0.5456566599932642,0.5323145999616151,5,0.15000000000000036,0.15000000000000013,2.220446049250313e-16,1.1240312567607595,0.2726434637288374,0.2804541417789581,0.1451705058904973,0.28010349920654565,0.0034014331181507675,0.00028218334584460835,0.25510748386130755,0.21163750938345627,0.40625,0.1875,1.0,0.5,False,ultra_sparse,Ultra-skewed and sparse,variant_2,64,1.171875,11.71875,10.0,0.21163750938345627,0.578125,0.21875,1.0,0.609375,5.211870209007196,4.4453352974436875,5.828500240101136,9.689209220725465,0.16016407517400658,0.2265780733161891,0.37178908195792093,0.3032658014563758,"[[0.025225103204823074, 0.008618090169361655, 0.0445442197126083, 0.05330779569403612, 0.00481877992935997, 0.005537251438736841, 0.006513990922295149, 0.011598844102785449], [0.011002390456455007, 0.008450169516949262, 0.004981032154504295, 0.01278749136347338, 0.003918855453184421, 0.010721533427631073, 0.009417160102941406, 0.00821297031162376], [0.009681664347243928, 0.043546399902140105, 0.010144496780959708, 0.04517521329396663, 0.005692416373307794, 0.015917483774315355, 0.009851999369737017, 0.005106532611885478], [0.004762992727168521, 0.004898236177626956, 0.00927790103808842, 0.015253687705755244, 0.00883473720445034, 0.019304405429490072, 0.005265453164521063, 0.0034014331181507675], [0.005330351641215897, 0.010133538731801115, 0.007253804102716189, 0.04550429949722543, 0.015886259020034977, 0.00999254674443269, 0.012421439007778638, 0.01723607089441609], [0.04764244100790196, 0.005908190445008992, 0.013213332578951971, 0.017078244141171487, 0.0072826175216898935, 0.020890704028643667, 0.01274896216934758, 0.016889058920796927], [0.021006788583311464, 0.01672302879565138, 0.019859962676238203, 0.012363559458254512, 0.023450514909685232, 0.022873596139434703, 0.01349063098980075, 0.02063779447104456], [0.005579625800000462, 0.03509254393322424, 0.021827825242377193, 0.025107782162306302, 0.007829156122969196, 0.006719504713661291, 0.013956368084787663, 0.02229872648454289]]","[[0.006073230899895098, 0.020626971534049278, 0.0030186471785593537, 0.009574363715613607, 0.0016990128490599731, 0.03227082095948666, 0.012242202514364423, 0.14935294495057144], [0.002440528245847351, 0.0035327938217552136, 0.0007753479732186572, 0.00233271098904283, 0.0017872004497046308, 0.03856811320187929, 0.008373087323815006, 0.014695733286596306], [0.0015053073461576327, 0.03618181708816498, 0.0017072279659562592, 0.0016740280292310043, 0.0011040852333649392, 0.039796676264448216, 0.005865849397762033, 0.018210448731058204], [0.0010950000985906984, 0.0028801706023744897, 0.0004480174056705733, 0.0022728526728215174, 0.0005640758786486029, 0.011236775224347751, 0.002604536149994402, 0.0036901865234676293], [0.0005876119501674169, 0.00172661967680156, 0.0002897863180837258, 0.0005547901258286553, 0.00028218334584460835, 0.0010728102160282567, 0.0004666628777305385, 0.0009466492194401555], [0.003034705857699469, 0.005205032677461104, 0.002929111799271033, 0.003320178120301307, 0.0008684013397085698, 0.03690828606237983, 0.014651221505739566, 0.008111185885142869], [0.010534535827057911, 0.00874560354474539, 0.00480463956300507, 0.004047292069482544, 0.0011814146155598876, 0.032785347991120636, 0.00558616383629153, 0.041369919111669345], [0.013188050571641075, 0.06678854932786503, 0.016990092993909123, 0.006093705603247614, 0.005432571915742743, 0.10007840422526239, 0.09632897357182313, 0.06688873374842988]]",4049904546,10000,10000,1.0,10000,1.0,0.028326063553835445,0.07527072567498018,0.06684600563377367,0.40025625,0.1790640625,0.4865265625,0.20603125,0.9990390625,0.523203125,0.20559066666666667,0.05689160000000001,0.00115,0.001525,0.0004625,0.0,0.0127,0.0122,simple_welch,Simple Welch,10000,1.0,True,0.9034,89.68156497559343,84.7454483615126,0.1617,0.15461401799129224,0.16904579530630756,0.061700000000000005,0.1617,0.1617,False,0.0966,0.09096396941271762,0.10254584047274426,0.0466,0.0966,0.0966,False,0.0286,0.025509774684446714,0.03205225897942718,0.0186,0.0286,0.0286,False
stress_8x8_d7,5,7,8,8,75,750,0.15,10.0,0.8,0.5456566599932642,0.5323145999616151,5,0.15000000000000036,0.15000000000000013,2.220446049250313e-16,1.1240312567607595,0.2726434637288374,0.2804541417789581,0.1451705058904973,0.28010349920654565,0.0034014331181507675,0.00028218334584460835,0.25510748386130755,0.21163750938345627,0.40625,0.1875,1.0,0.5,False,ultra_sparse,Ultra-skewed and sparse,variant_2,64,1.171875,11.71875,10.0,0.21163750938345627,0.578125,0.21875,1.0,0.609375,5.211870209007196,4.4453352974436875,5.828500240101136,9.689209220725465,0.16016407517400658,0.2265780733161891,0.37178908195792093,0.3032658014563758,"[[0.025225103204823074, 0.008618090169361655, 0.0445442197126083, 0.05330779569403612, 0.00481877992935997, 0.005537251438736841, 0.006513990922295149, 0.011598844102785449], [0.011002390456455007, 0.008450169516949262, 0.004981032154504295, 0.01278749136347338, 0.003918855453184421, 0.010721533427631073, 0.009417160102941406, 0.00821297031162376], [0.009681664347243928, 0.043546399902140105, 0.010144496780959708, 0.04517521329396663, 0.005692416373307794, 0.015917483774315355, 0.009851999369737017, 0.005106532611885478], [0.004762992727168521, 0.004898236177626956, 0.00927790103808842, 0.015253687705755244, 0.00883473720445034, 0.019304405429490072, 0.005265453164521063, 0.0034014331181507675], [0.005330351641215897, 0.010133538731801115, 0.007253804102716189, 0.04550429949722543, 0.015886259020034977, 0.00999254674443269, 0.012421439007778638, 0.01723607089441609], [0.04764244100790196, 0.005908190445008992, 0.013213332578951971, 0.017078244141171487, 0.0072826175216898935, 0.020890704028643667, 0.01274896216934758, 0.016889058920796927], [0.021006788583311464, 0.01672302879565138, 0.019859962676238203, 0.012363559458254512, 0.023450514909685232, 0.022873596139434703, 0.01349063098980075, 0.02063779447104456], [0.005579625800000462, 0.03509254393322424, 0.021827825242377193, 0.025107782162306302, 0.007829156122969196, 0.006719504713661291, 0.013956368084787663, 0.02229872648454289]]","[[0.006073230899895098, 0.020626971534049278, 0.0030186471785593537, 0.009574363715613607, 0.0016990128490599731, 0.03227082095948666, 0.012242202514364423, 0.14935294495057144], [0.002440528245847351, 0.0035327938217552136, 0.0007753479732186572, 0.00233271098904283, 0.0017872004497046308, 0.03856811320187929, 0.008373087323815006, 0.014695733286596306], [0.0015053073461576327, 0.03618181708816498, 0.0017072279659562592, 0.0016740280292310043, 0.0011040852333649392, 0.039796676264448216, 0.005865849397762033, 0.018210448731058204], [0.0010950000985906984, 0.0028801706023744897, 0.0004480174056705733, 0.0022728526728215174, 0.0005640758786486029, 0.011236775224347751, 0.002604536149994402, 0.0036901865234676293], [0.0005876119501674169, 0.00172661967680156, 0.0002897863180837258, 0.0005547901258286553, 0.00028218334584460835, 0.0010728102160282567, 0.0004666628777305385, 0.0009466492194401555], [0.003034705857699469, 0.005205032677461104, 0.002929111799271033, 0.003320178120301307, 0.0008684013397085698, 0.03690828606237983, 0.014651221505739566, 0.008111185885142869], [0.010534535827057911, 0.00874560354474539, 0.00480463956300507, 0.004047292069482544, 0.0011814146155598876, 0.032785347991120636, 0.00558616383629153, 0.041369919111669345], [0.013188050571641075, 0.06678854932786503, 0.016990092993909123, 0.006093705603247614, 0.005432571915742743, 0.10007840422526239, 0.09632897357182313, 0.06688873374842988]]",4049904546,10000,10000,1.0,10000,1.0,0.028326063553835445,0.07527072567498018,0.06684600563377367,0.40025625,0.1790640625,0.4865265625,0.20603125,0.9990390625,0.523203125,0.20559066666666667,0.05689160000000001,0.00115,0.001525,0.0004625,0.0,0.0127,0.0122,expanded_welch,Expanded Welch,10000,1.0,True,0.914,27.917684359643417,18.25383624422444,0.1524,0.14548929484159887,0.1595776608256955,0.0524,0.1524,0.1524,False,0.086,0.08066269648584794,0.09165525416507224,0.03599999999999999,0.086,0.086,False,0.022,0.019303308176876983,0.02506379426548984,0.011999999999999999,0.022,0.022,False
adversarial_8x8_d8,5,8,8,8,417,417,0.1,0.35,0.35,0.5529131214867433,0.4161104748330857,3,0.10000000000000053,0.09999999999999987,6.661338147750939e-16,1.5560475161977134,0.17876872981211256,0.1901164127403612,0.14710218158467203,0.2155826657307107,1.504696311510892e-07,6.036027832241767e-06,6.27458361900042e-05,0.002517023606044817,0.453125,0.34375,0.6875,0.625,False,widespread_sparse,Widespread sparsity,variant_1,64,6.515625,6.515625,1.0,6.27458361900042e-05,0.5,0.390625,0.6875,0.640625,0.503276360764936,0.49396534053221347,0.11876445751115769,1.4744607403495598,0.3847573662036783,0.4792736291848971,0.35710849619633867,0.270227563426392,"[[0.007290102257022496, 0.013712057519857799, 0.015717381287881815, 0.00011741021310195518, 0.00041415524965077464, 0.0283659325969238, 2.728796065584964e-05, 0.02661900339533036], [0.007633983866706137, 0.03637737956681552, 0.014494586294173658, 0.00021435772347147978, 0.0002586079060767908, 0.09430269104154992, 7.736865245902317e-05, 0.014923377896063388], [0.0050819548774320164, 0.017380591490020813, 0.007179157628094199, 4.034813465591085e-05, 0.00014462611958958758, 0.03158934819965298, 1.5358744944250184e-05, 0.0023991114386638234], [0.002946795474844121, 0.013444554566347409, 0.005057832038009303, 6.857855682736023e-05, 7.005096485852218e-05, 0.055754043487094576, 2.502616703148695e-05, 0.010007063203933962], [0.0019457692449115793, 0.0019707352553505345, 0.0019118285629179744, 3.0113954462565378e-05, 6.171486235916464e-05, 0.03843000352639797, 2.2336407947074322e-06, 0.003519857599443627], [9.225525137259111e-05, 0.00010073415881688322, 0.00020995462641334789, 1.504696311510892e-07, 3.2881352325203563e-06, 0.0007694181385969478, 2.705588094228897e-07, 3.082640876487174e-05], [0.011502348942511214, 0.006904644695913038, 0.05473836527389407, 0.00011984574423325672, 7.04219772653901e-05, 0.0747377094487064, 1.6454754860330224e-05, 0.006323564044920969], [0.02791017236286852, 0.023197288043957227, 0.1406766404335234, 0.0003290074952395541, 0.0006359281027558326, 0.15532448274597443, 0.0001208063729896722, 0.03656304064636966]]","[[0.008068346021944485, 0.01815740345701311, 0.03870244610349, 0.011619044136749846, 0.044009868003571456, 0.002978193302754892, 0.07994674606407806, 0.00037899221540754085], [0.00010615433342448873, 0.00014247401395272674, 0.00027358281564968324, 7.772882809963435e-05, 0.0001834289188646078, 2.693102761650901e-05, 0.00036823319650786254, 6.036027832241767e-06], [0.0020781478948719923, 0.010412999064336253, 0.014142569096749805, 0.007086228591899043, 0.013402326710226979, 0.0010849108527808803, 0.03546451793627822, 0.000416220608880578], [0.008261106740952104, 0.010300257728906335, 0.025947075249671162, 0.02567936579301014, 0.023488279886470377, 0.001412809013952059, 0.024572200319954177, 0.000622210636937055], [0.0016767698732150474, 0.0010768275158938836, 0.00518085479432855, 0.0012757402133008132, 0.003562175507406047, 0.0006150715786685437, 0.01915284774770226, 3.865621297313882e-05], [0.006357675273214532, 0.012580313167185551, 0.05449181216634962, 0.0086722474744086, 0.01917834554021501, 0.0022594876745268416, 0.04472542646420249, 0.0003614288659380459], [0.0021672762184438837, 0.0031110404474791195, 0.008929370488831459, 0.004960231942109069, 0.004965631847702623, 0.00046526359439340764, 0.027211353651765195, 0.00045882095057317977], [0.014585067113738234, 0.0700490710933415, 0.07260840243708501, 0.018130101533697235, 0.13781309601594996, 0.0038830083999859943, 0.03878623804590375, 0.0012535115566370205]]",101742221,10000,10000,1.0,10000,1.0,-0.015182474321242756,0.03306597469694506,0.03261770851641252,0.471703125,0.32234375,0.4564359375,0.3482953125,0.6703265625,0.61965,2.4700239808153475e-05,0.0016798561151079134,0.0766,0.0767375,0.2595125,0.0292875,0.9921,0.7056,normal_wald,Normal Wald,10000,1.0,True,0.9219,,,0.1423,0.1355900107088701,0.14928470172551195,0.042300000000000004,0.1423,0.1423,True,0.0781,0.07300137403304799,0.0835226437921289,0.0281,0.0781,0.0781,False,0.0195,0.0169686324943054,0.022400389939914805,0.0095,0.0195,0.0195,False
adversarial_8x8_d8,5,8,8,8,417,417,0.1,0.35,0.35,0.5529131214867433,0.4161104748330857,3,0.10000000000000053,0.09999999999999987,6.661338147750939e-16,1.5560475161977134,0.17876872981211256,0.1901164127403612,0.14710218158467203,0.2155826657307107,1.504696311510892e-07,6.036027832241767e-06,6.27458361900042e-05,0.002517023606044817,0.453125,0.34375,0.6875,0.625,False,widespread_sparse,Widespread sparsity,variant_1,64,6.515625,6.515625,1.0,6.27458361900042e-05,0.5,0.390625,0.6875,0.640625,0.503276360764936,0.49396534053221347,0.11876445751115769,1.4744607403495598,0.3847573662036783,0.4792736291848971,0.35710849619633867,0.270227563426392,"[[0.007290102257022496, 0.013712057519857799, 0.015717381287881815, 0.00011741021310195518, 0.00041415524965077464, 0.0283659325969238, 2.728796065584964e-05, 0.02661900339533036], [0.007633983866706137, 0.03637737956681552, 0.014494586294173658, 0.00021435772347147978, 0.0002586079060767908, 0.09430269104154992, 7.736865245902317e-05, 0.014923377896063388], [0.0050819548774320164, 0.017380591490020813, 0.007179157628094199, 4.034813465591085e-05, 0.00014462611958958758, 0.03158934819965298, 1.5358744944250184e-05, 0.0023991114386638234], [0.002946795474844121, 0.013444554566347409, 0.005057832038009303, 6.857855682736023e-05, 7.005096485852218e-05, 0.055754043487094576, 2.502616703148695e-05, 0.010007063203933962], [0.0019457692449115793, 0.0019707352553505345, 0.0019118285629179744, 3.0113954462565378e-05, 6.171486235916464e-05, 0.03843000352639797, 2.2336407947074322e-06, 0.003519857599443627], [9.225525137259111e-05, 0.00010073415881688322, 0.00020995462641334789, 1.504696311510892e-07, 3.2881352325203563e-06, 0.0007694181385969478, 2.705588094228897e-07, 3.082640876487174e-05], [0.011502348942511214, 0.006904644695913038, 0.05473836527389407, 0.00011984574423325672, 7.04219772653901e-05, 0.0747377094487064, 1.6454754860330224e-05, 0.006323564044920969], [0.02791017236286852, 0.023197288043957227, 0.1406766404335234, 0.0003290074952395541, 0.0006359281027558326, 0.15532448274597443, 0.0001208063729896722, 0.03656304064636966]]","[[0.008068346021944485, 0.01815740345701311, 0.03870244610349, 0.011619044136749846, 0.044009868003571456, 0.002978193302754892, 0.07994674606407806, 0.00037899221540754085], [0.00010615433342448873, 0.00014247401395272674, 0.00027358281564968324, 7.772882809963435e-05, 0.0001834289188646078, 2.693102761650901e-05, 0.00036823319650786254, 6.036027832241767e-06], [0.0020781478948719923, 0.010412999064336253, 0.014142569096749805, 0.007086228591899043, 0.013402326710226979, 0.0010849108527808803, 0.03546451793627822, 0.000416220608880578], [0.008261106740952104, 0.010300257728906335, 0.025947075249671162, 0.02567936579301014, 0.023488279886470377, 0.001412809013952059, 0.024572200319954177, 0.000622210636937055], [0.0016767698732150474, 0.0010768275158938836, 0.00518085479432855, 0.0012757402133008132, 0.003562175507406047, 0.0006150715786685437, 0.01915284774770226, 3.865621297313882e-05], [0.006357675273214532, 0.012580313167185551, 0.05449181216634962, 0.0086722474744086, 0.01917834554021501, 0.0022594876745268416, 0.04472542646420249, 0.0003614288659380459], [0.0021672762184438837, 0.0031110404474791195, 0.008929370488831459, 0.004960231942109069, 0.004965631847702623, 0.00046526359439340764, 0.027211353651765195, 0.00045882095057317977], [0.014585067113738234, 0.0700490710933415, 0.07260840243708501, 0.018130101533697235, 0.13781309601594996, 0.0038830083999859943, 0.03878623804590375, 0.0012535115566370205]]",101742221,10000,10000,1.0,10000,1.0,-0.015182474321242756,0.03306597469694506,0.03261770851641252,0.471703125,0.32234375,0.4564359375,0.3482953125,0.6703265625,0.61965,2.4700239808153475e-05,0.0016798561151079134,0.0766,0.0767375,0.2595125,0.0292875,0.9921,0.7056,simple_welch,Simple Welch,10000,1.0,True,0.9223,824.5432190475323,777.7890090843265,0.1416,0.1349043441377538,0.1485709058943472,0.0416,0.1416,0.1416,True,0.0777,0.0726138617813624,0.08311046324251103,0.027700000000000002,0.0777,0.0777,False,0.0189,0.016409946182360143,0.02175953704990488,0.0089,0.0189,0.0189,False
adversarial_8x8_d8,5,8,8,8,417,417,0.1,0.35,0.35,0.5529131214867433,0.4161104748330857,3,0.10000000000000053,0.09999999999999987,6.661338147750939e-16,1.5560475161977134,0.17876872981211256,0.1901164127403612,0.14710218158467203,0.2155826657307107,1.504696311510892e-07,6.036027832241767e-06,6.27458361900042e-05,0.002517023606044817,0.453125,0.34375,0.6875,0.625,False,widespread_sparse,Widespread sparsity,variant_1,64,6.515625,6.515625,1.0,6.27458361900042e-05,0.5,0.390625,0.6875,0.640625,0.503276360764936,0.49396534053221347,0.11876445751115769,1.4744607403495598,0.3847573662036783,0.4792736291848971,0.35710849619633867,0.270227563426392,"[[0.007290102257022496, 0.013712057519857799, 0.015717381287881815, 0.00011741021310195518, 0.00041415524965077464, 0.0283659325969238, 2.728796065584964e-05, 0.02661900339533036], [0.007633983866706137, 0.03637737956681552, 0.014494586294173658, 0.00021435772347147978, 0.0002586079060767908, 0.09430269104154992, 7.736865245902317e-05, 0.014923377896063388], [0.0050819548774320164, 0.017380591490020813, 0.007179157628094199, 4.034813465591085e-05, 0.00014462611958958758, 0.03158934819965298, 1.5358744944250184e-05, 0.0023991114386638234], [0.002946795474844121, 0.013444554566347409, 0.005057832038009303, 6.857855682736023e-05, 7.005096485852218e-05, 0.055754043487094576, 2.502616703148695e-05, 0.010007063203933962], [0.0019457692449115793, 0.0019707352553505345, 0.0019118285629179744, 3.0113954462565378e-05, 6.171486235916464e-05, 0.03843000352639797, 2.2336407947074322e-06, 0.003519857599443627], [9.225525137259111e-05, 0.00010073415881688322, 0.00020995462641334789, 1.504696311510892e-07, 3.2881352325203563e-06, 0.0007694181385969478, 2.705588094228897e-07, 3.082640876487174e-05], [0.011502348942511214, 0.006904644695913038, 0.05473836527389407, 0.00011984574423325672, 7.04219772653901e-05, 0.0747377094487064, 1.6454754860330224e-05, 0.006323564044920969], [0.02791017236286852, 0.023197288043957227, 0.1406766404335234, 0.0003290074952395541, 0.0006359281027558326, 0.15532448274597443, 0.0001208063729896722, 0.03656304064636966]]","[[0.008068346021944485, 0.01815740345701311, 0.03870244610349, 0.011619044136749846, 0.044009868003571456, 0.002978193302754892, 0.07994674606407806, 0.00037899221540754085], [0.00010615433342448873, 0.00014247401395272674, 0.00027358281564968324, 7.772882809963435e-05, 0.0001834289188646078, 2.693102761650901e-05, 0.00036823319650786254, 6.036027832241767e-06], [0.0020781478948719923, 0.010412999064336253, 0.014142569096749805, 0.007086228591899043, 0.013402326710226979, 0.0010849108527808803, 0.03546451793627822, 0.000416220608880578], [0.008261106740952104, 0.010300257728906335, 0.025947075249671162, 0.02567936579301014, 0.023488279886470377, 0.001412809013952059, 0.024572200319954177, 0.000622210636937055], [0.0016767698732150474, 0.0010768275158938836, 0.00518085479432855, 0.0012757402133008132, 0.003562175507406047, 0.0006150715786685437, 0.01915284774770226, 3.865621297313882e-05], [0.006357675273214532, 0.012580313167185551, 0.05449181216634962, 0.0086722474744086, 0.01917834554021501, 0.0022594876745268416, 0.04472542646420249, 0.0003614288659380459], [0.0021672762184438837, 0.0031110404474791195, 0.008929370488831459, 0.004960231942109069, 0.004965631847702623, 0.00046526359439340764, 0.027211353651765195, 0.00045882095057317977], [0.014585067113738234, 0.0700490710933415, 0.07260840243708501, 0.018130101533697235, 0.13781309601594996, 0.0038830083999859943, 0.03878623804590375, 0.0012535115566370205]]",101742221,10000,10000,1.0,10000,1.0,-0.015182474321242756,0.03306597469694506,0.03261770851641252,0.471703125,0.32234375,0.4564359375,0.3482953125,0.6703265625,0.61965,2.4700239808153475e-05,0.0016798561151079134,0.0766,0.0767375,0.2595125,0.0292875,0.9921,0.7056,expanded_welch,Expanded Welch,10000,1.0,True,0.9249,130.6106408128203,99.58341630177824,0.1395,0.13284768538053288,0.146429177444725,0.03950000000000001,0.1395,0.1395,True,0.0751,0.07009603941996534,0.08043028239543562,0.025099999999999997,0.0751,0.0751,False,0.017,0.014645511303266186,0.019725431122807408,0.007000000000000001,0.017,0.017,False
adversarial_8x8_d9,5,9,8,8,271,542,0.15,1.0,0.35,0.7969778668321644,0.5887050386649769,1,0.15000000000000013,0.14999999999999902,1.1102230246251565e-15,1.0238941376390325,0.23009447656091023,0.2563841393873793,0.16096458326016627,0.28440565260810413,9.256554174542245e-06,2.696752240296701e-05,0.0025085261813009483,0.01461639714240812,0.484375,0.3125,0.78125,0.625,False,widespread_sparse,Widespread sparsity,variant_2,64,4.234375,8.46875,2.0,0.0025085261813009483,0.484375,0.421875,0.75,0.65625,2.717265016155637,1.7526747037966874,2.1041774890632223,15.543113706612173,0.33121475936169364,0.3693492840398581,0.45416784094454754,0.28728325215217804,"[[0.0004911911784234644, 0.0008060275253882164, 0.000914397215474642, 0.0009357849105587314, 0.008042803328504, 0.009231189077344092, 0.011048118214627676, 0.048320688551019515], [0.003888100617643325, 0.0021862436886253595, 0.018611564797085464, 0.0006850866115177104, 0.004617263693378437, 0.00925893621780941, 0.07254105946115966, 0.08985370043863178], [0.0003238877352165922, 0.00014749825306225326, 0.0006955060848261181, 0.0058215131012762916, 0.01890555671421392, 0.0013966206027675558, 0.039577138133303, 0.009494796981069406], [0.0038212522235997206, 0.0025337415964733286, 0.011422815070536406, 0.02274465024350382, 0.06105007631879395, 0.01846068017223311, 0.16306738477470964, 0.048114158961843664], [0.001390449204879738, 0.0005500425962403723, 0.00892768441549055, 0.004486859046744876, 0.03182072528275951, 0.018662604269458056, 0.02979180135348436, 0.13389834810387335], [9.256554174542245e-06, 3.816931863153748e-05, 2.7845017883907437e-05, 8.93126572433189e-05, 0.0014941847569594385, 6.849348963561638e-05, 0.0022180833090344157, 0.0060814630741333016], [0.00013150257548314275, 0.0012535900377151252, 0.0002055055231745665, 0.0002580426796193048, 0.00631953582433206, 0.00040487999903652584, 0.0066378689506620915, 0.012607057852177622], [5.187973517707335e-05, 0.0002491795634328933, 0.0006106012626013192, 0.00154494862595103, 0.002942317745945162, 0.00258903932940531, 0.01465022527293017, 0.02097907007710943]]","[[0.001388994728703336, 0.0012814147702362316, 0.0016507991875780103, 0.0006734806872876163, 0.003156813269874016, 0.005770322478197887, 0.005119807597996673, 0.012208823163283668], [0.000555395203528008, 0.0022413713320658364, 0.0023722262860230523, 0.00030444098583721373, 0.0025015586380122737, 0.008255168325350197, 0.01857205056805133, 0.035086516915315794], [0.010914680331821679, 0.0570578302377194, 0.0075461196931186835, 0.0042875121328621235, 0.040363280352719993, 0.13407181121251552, 0.016386164044771893, 0.03410768891956069], [0.012918644461801255, 0.048457156339188935, 0.010700297235968562, 0.03196274740480374, 0.017152909134273992, 0.08190933423612111, 0.18472649627119345, 0.06634025586119652], [3.429308478579042e-05, 0.00043318655825699777, 0.00013460510888196748, 2.696752240296701e-05, 0.0009262829558060295, 0.0006363646208276237, 0.00026889886645419404, 0.0007731184482609754], [6.45842421005223e-05, 0.0001901047747185832, 0.00023628070990215375, 4.194051861195724e-05, 0.00040735580241958106, 0.0013185814981433632, 0.0008695784948708531, 0.00042971341280047845], [0.001447308136651454, 0.006349456673776269, 0.004375148768345989, 0.0008760831410157081, 0.004794186025003036, 0.024025194016049196, 0.02069802866193519, 0.009560531251334986], [0.001353431372623032, 0.005646102553043008, 0.0037711111539579676, 0.00026866382917391235, 0.001172536351800108, 0.03129647576497314, 0.00808514900397266, 0.009446624670121641]]",2150972521,10000,10000,1.0,10000,1.0,-0.01485918502968105,0.038751428868359375,0.03871933315057577,0.4323484375,0.3322203125,0.4711953125,0.340990625,0.7780890625,0.6181734375,0.014854981549815497,0.027399077490774908,0.0082625,0.039875,0.0236875,0.0,0.2353,0.2943,normal_wald,Normal Wald,10000,1.0,True,0.9298,,,0.1295,0.12306136861047148,0.1362231741821999,0.0295,0.1295,0.1295,True,0.0702,0.06535589433684712,0.07537419066258648,0.020199999999999996,0.0702,0.0702,True,0.0166,0.014275044215554757,0.01929620540921538,0.0066,0.0166,0.0166,False
adversarial_8x8_d9,5,9,8,8,271,542,0.15,1.0,0.35,0.7969778668321644,0.5887050386649769,1,0.15000000000000013,0.14999999999999902,1.1102230246251565e-15,1.0238941376390325,0.23009447656091023,0.2563841393873793,0.16096458326016627,0.28440565260810413,9.256554174542245e-06,2.696752240296701e-05,0.0025085261813009483,0.01461639714240812,0.484375,0.3125,0.78125,0.625,False,widespread_sparse,Widespread sparsity,variant_2,64,4.234375,8.46875,2.0,0.0025085261813009483,0.484375,0.421875,0.75,0.65625,2.717265016155637,1.7526747037966874,2.1041774890632223,15.543113706612173,0.33121475936169364,0.3693492840398581,0.45416784094454754,0.28728325215217804,"[[0.0004911911784234644, 0.0008060275253882164, 0.000914397215474642, 0.0009357849105587314, 0.008042803328504, 0.009231189077344092, 0.011048118214627676, 0.048320688551019515], [0.003888100617643325, 0.0021862436886253595, 0.018611564797085464, 0.0006850866115177104, 0.004617263693378437, 0.00925893621780941, 0.07254105946115966, 0.08985370043863178], [0.0003238877352165922, 0.00014749825306225326, 0.0006955060848261181, 0.0058215131012762916, 0.01890555671421392, 0.0013966206027675558, 0.039577138133303, 0.009494796981069406], [0.0038212522235997206, 0.0025337415964733286, 0.011422815070536406, 0.02274465024350382, 0.06105007631879395, 0.01846068017223311, 0.16306738477470964, 0.048114158961843664], [0.001390449204879738, 0.0005500425962403723, 0.00892768441549055, 0.004486859046744876, 0.03182072528275951, 0.018662604269458056, 0.02979180135348436, 0.13389834810387335], [9.256554174542245e-06, 3.816931863153748e-05, 2.7845017883907437e-05, 8.93126572433189e-05, 0.0014941847569594385, 6.849348963561638e-05, 0.0022180833090344157, 0.0060814630741333016], [0.00013150257548314275, 0.0012535900377151252, 0.0002055055231745665, 0.0002580426796193048, 0.00631953582433206, 0.00040487999903652584, 0.0066378689506620915, 0.012607057852177622], [5.187973517707335e-05, 0.0002491795634328933, 0.0006106012626013192, 0.00154494862595103, 0.002942317745945162, 0.00258903932940531, 0.01465022527293017, 0.02097907007710943]]","[[0.001388994728703336, 0.0012814147702362316, 0.0016507991875780103, 0.0006734806872876163, 0.003156813269874016, 0.005770322478197887, 0.005119807597996673, 0.012208823163283668], [0.000555395203528008, 0.0022413713320658364, 0.0023722262860230523, 0.00030444098583721373, 0.0025015586380122737, 0.008255168325350197, 0.01857205056805133, 0.035086516915315794], [0.010914680331821679, 0.0570578302377194, 0.0075461196931186835, 0.0042875121328621235, 0.040363280352719993, 0.13407181121251552, 0.016386164044771893, 0.03410768891956069], [0.012918644461801255, 0.048457156339188935, 0.010700297235968562, 0.03196274740480374, 0.017152909134273992, 0.08190933423612111, 0.18472649627119345, 0.06634025586119652], [3.429308478579042e-05, 0.00043318655825699777, 0.00013460510888196748, 2.696752240296701e-05, 0.0009262829558060295, 0.0006363646208276237, 0.00026889886645419404, 0.0007731184482609754], [6.45842421005223e-05, 0.0001901047747185832, 0.00023628070990215375, 4.194051861195724e-05, 0.00040735580241958106, 0.0013185814981433632, 0.0008695784948708531, 0.00042971341280047845], [0.001447308136651454, 0.006349456673776269, 0.004375148768345989, 0.0008760831410157081, 0.004794186025003036, 0.024025194016049196, 0.02069802866193519, 0.009560531251334986], [0.001353431372623032, 0.005646102553043008, 0.0037711111539579676, 0.00026866382917391235, 0.001172536351800108, 0.03129647576497314, 0.00808514900397266, 0.009446624670121641]]",2150972521,10000,10000,1.0,10000,1.0,-0.01485918502968105,0.038751428868359375,0.03871933315057577,0.4323484375,0.3322203125,0.4711953125,0.340990625,0.7780890625,0.6181734375,0.014854981549815497,0.027399077490774908,0.0082625,0.039875,0.0236875,0.0,0.2353,0.2943,simple_welch,Simple Welch,10000,1.0,True,0.9301,553.4017980150405,484.62612667031544,0.1289,0.12247458864326446,0.13561041494745166,0.02889999999999998,0.1289,0.1289,True,0.0699,0.06506590342515883,0.07506441197329716,0.0199,0.0699,0.0699,True,0.0165,0.014182485154608222,0.01918884126983605,0.006500000000000001,0.0165,0.0165,False
adversarial_8x8_d9,5,9,8,8,271,542,0.15,1.0,0.35,0.7969778668321644,0.5887050386649769,1,0.15000000000000013,0.14999999999999902,1.1102230246251565e-15,1.0238941376390325,0.23009447656091023,0.2563841393873793,0.16096458326016627,0.28440565260810413,9.256554174542245e-06,2.696752240296701e-05,0.0025085261813009483,0.01461639714240812,0.484375,0.3125,0.78125,0.625,False,widespread_sparse,Widespread sparsity,variant_2,64,4.234375,8.46875,2.0,0.0025085261813009483,0.484375,0.421875,0.75,0.65625,2.717265016155637,1.7526747037966874,2.1041774890632223,15.543113706612173,0.33121475936169364,0.3693492840398581,0.45416784094454754,0.28728325215217804,"[[0.0004911911784234644, 0.0008060275253882164, 0.000914397215474642, 0.0009357849105587314, 0.008042803328504, 0.009231189077344092, 0.011048118214627676, 0.048320688551019515], [0.003888100617643325, 0.0021862436886253595, 0.018611564797085464, 0.0006850866115177104, 0.004617263693378437, 0.00925893621780941, 0.07254105946115966, 0.08985370043863178], [0.0003238877352165922, 0.00014749825306225326, 0.0006955060848261181, 0.0058215131012762916, 0.01890555671421392, 0.0013966206027675558, 0.039577138133303, 0.009494796981069406], [0.0038212522235997206, 0.0025337415964733286, 0.011422815070536406, 0.02274465024350382, 0.06105007631879395, 0.01846068017223311, 0.16306738477470964, 0.048114158961843664], [0.001390449204879738, 0.0005500425962403723, 0.00892768441549055, 0.004486859046744876, 0.03182072528275951, 0.018662604269458056, 0.02979180135348436, 0.13389834810387335], [9.256554174542245e-06, 3.816931863153748e-05, 2.7845017883907437e-05, 8.93126572433189e-05, 0.0014941847569594385, 6.849348963561638e-05, 0.0022180833090344157, 0.0060814630741333016], [0.00013150257548314275, 0.0012535900377151252, 0.0002055055231745665, 0.0002580426796193048, 0.00631953582433206, 0.00040487999903652584, 0.0066378689506620915, 0.012607057852177622], [5.187973517707335e-05, 0.0002491795634328933, 0.0006106012626013192, 0.00154494862595103, 0.002942317745945162, 0.00258903932940531, 0.01465022527293017, 0.02097907007710943]]","[[0.001388994728703336, 0.0012814147702362316, 0.0016507991875780103, 0.0006734806872876163, 0.003156813269874016, 0.005770322478197887, 0.005119807597996673, 0.012208823163283668], [0.000555395203528008, 0.0022413713320658364, 0.0023722262860230523, 0.00030444098583721373, 0.0025015586380122737, 0.008255168325350197, 0.01857205056805133, 0.035086516915315794], [0.010914680331821679, 0.0570578302377194, 0.0075461196931186835, 0.0042875121328621235, 0.040363280352719993, 0.13407181121251552, 0.016386164044771893, 0.03410768891956069], [0.012918644461801255, 0.048457156339188935, 0.010700297235968562, 0.03196274740480374, 0.017152909134273992, 0.08190933423612111, 0.18472649627119345, 0.06634025586119652], [3.429308478579042e-05, 0.00043318655825699777, 0.00013460510888196748, 2.696752240296701e-05, 0.0009262829558060295, 0.0006363646208276237, 0.00026889886645419404, 0.0007731184482609754], [6.45842421005223e-05, 0.0001901047747185832, 0.00023628070990215375, 4.194051861195724e-05, 0.00040735580241958106, 0.0013185814981433632, 0.0008695784948708531, 0.00042971341280047845], [0.001447308136651454, 0.006349456673776269, 0.004375148768345989, 0.0008760831410157081, 0.004794186025003036, 0.024025194016049196, 0.02069802866193519, 0.009560531251334986], [0.001353431372623032, 0.005646102553043008, 0.0037711111539579676, 0.00026866382917391235, 0.001172536351800108, 0.03129647576497314, 0.00808514900397266, 0.009446624670121641]]",2150972521,10000,10000,1.0,10000,1.0,-0.01485918502968105,0.038751428868359375,0.03871933315057577,0.4323484375,0.3322203125,0.4711953125,0.340990625,0.7780890625,0.6181734375,0.014854981549815497,0.027399077490774908,0.0082625,0.039875,0.0236875,0.0,0.2353,0.2943,expanded_welch,Expanded Welch,10000,1.0,True,0.9321,146.64247240590186,93.82199769994408,0.1265,0.1201279398151777,0.1331589069677177,0.026499999999999996,0.1265,0.1265,True,0.0679,0.0631333167739715,0.0729985346179672,0.0179,0.0679,0.0679,True,0.0159,0.013627631643843861,0.01854415557864522,0.005900000000000001,0.0159,0.0159,False
