configuration_id,experiment,population_pair_id,purpose,power_family,calibration_key,n_p,n_q,sample_size_ratio_q_over_p,u_p,v_p,u_q,v_q,association_direction_p,association_direction_q,association_delta_p,association_delta_q,true_mi_p,true_mi_q,true_delta_p_minus_q,effect_delta_i_q_minus_p,minimum_probability_p,minimum_probability_q,minimum_expected_p,minimum_expected_q,minimum_expected_either,probability_p_json,probability_q_json,expected_p_json,expected_q_json,population_variance_p,population_variance_q
C1_N0_n10,C1,N0,Identical-population control,,,10,10,1.0,0.5,0.5,0.5,0.5,1,1,0.10989731308070487,0.10989731308070487,0.09999999999999987,0.09999999999999987,0.0,0.0,0.14010268691929512,0.14010268691929512,1.4010268691929513,1.4010268691929513,1.4010268691929513,"[[0.3598973130807049, 0.14010268691929512], [0.14010268691929512, 0.3598973130807049]]","[[0.3598973130807049, 0.14010268691929512], [0.14010268691929512, 0.3598973130807049]]","[[3.5989731308070487, 1.4010268691929513], [1.4010268691929513, 3.5989731308070487]]","[[3.5989731308070487, 1.4010268691929513], [1.4010268691929513, 3.5989731308070487]]",0.179521513612991,0.179521513612991
C1_N0_n20,C1,N0,Identical-population control,,,20,20,1.0,0.5,0.5,0.5,0.5,1,1,0.10989731308070487,0.10989731308070487,0.09999999999999987,0.09999999999999987,0.0,0.0,0.14010268691929512,0.14010268691929512,2.8020537383859025,2.8020537383859025,2.8020537383859025,"[[0.3598973130807049, 0.14010268691929512], [0.14010268691929512, 0.3598973130807049]]","[[0.3598973130807049, 0.14010268691929512], [0.14010268691929512, 0.3598973130807049]]","[[7.1979462616140975, 2.8020537383859025], [2.8020537383859025, 7.1979462616140975]]","[[7.1979462616140975, 2.8020537383859025], [2.8020537383859025, 7.1979462616140975]]",0.179521513612991,0.179521513612991
C1_N0_n30,C1,N0,Identical-population control,,,30,30,1.0,0.5,0.5,0.5,0.5,1,1,0.10989731308070487,0.10989731308070487,0.09999999999999987,0.09999999999999987,0.0,0.0,0.14010268691929512,0.14010268691929512,4.203080607578854,4.203080607578854,4.203080607578854,"[[0.3598973130807049, 0.14010268691929512], [0.14010268691929512, 0.3598973130807049]]","[[0.3598973130807049, 0.14010268691929512], [0.14010268691929512, 0.3598973130807049]]","[[10.796919392421147, 4.203080607578854], [4.203080607578854, 10.796919392421147]]","[[10.796919392421147, 4.203080607578854], [4.203080607578854, 10.796919392421147]]",0.179521513612991,0.179521513612991
C1_N0_n50,C1,N0,Identical-population control,,,50,50,1.0,0.5,0.5,0.5,0.5,1,1,0.10989731308070487,0.10989731308070487,0.09999999999999987,0.09999999999999987,0.0,0.0,0.14010268691929512,0.14010268691929512,7.0051343459647555,7.0051343459647555,7.0051343459647555,"[[0.3598973130807049, 0.14010268691929512], [0.14010268691929512, 0.3598973130807049]]","[[0.3598973130807049, 0.14010268691929512], [0.14010268691929512, 0.3598973130807049]]","[[17.994865654035245, 7.0051343459647555], [7.0051343459647555, 17.994865654035245]]","[[17.994865654035245, 7.0051343459647555], [7.0051343459647555, 17.994865654035245]]",0.179521513612991,0.179521513612991
C1_N0_n100,C1,N0,Identical-population control,,,100,100,1.0,0.5,0.5,0.5,0.5,1,1,0.10989731308070487,0.10989731308070487,0.09999999999999987,0.09999999999999987,0.0,0.0,0.14010268691929512,0.14010268691929512,14.010268691929511,14.010268691929511,14.010268691929511,"[[0.3598973130807049, 0.14010268691929512], [0.14010268691929512, 0.3598973130807049]]","[[0.3598973130807049, 0.14010268691929512], [0.14010268691929512, 0.3598973130807049]]","[[35.98973130807049, 14.010268691929511], [14.010268691929511, 35.98973130807049]]","[[35.98973130807049, 14.010268691929511], [14.010268691929511, 35.98973130807049]]",0.179521513612991,0.179521513612991
C1_N0_n200,C1,N0,Identical-population control,,,200,200,1.0,0.5,0.5,0.5,0.5,1,1,0.10989731308070487,0.10989731308070487,0.09999999999999987,0.09999999999999987,0.0,0.0,0.14010268691929512,0.14010268691929512,28.020537383859022,28.020537383859022,28.020537383859022,"[[0.3598973130807049, 0.14010268691929512], [0.14010268691929512, 0.3598973130807049]]","[[0.3598973130807049, 0.14010268691929512], [0.14010268691929512, 0.3598973130807049]]","[[71.97946261614098, 28.020537383859022], [28.020537383859022, 71.97946261614098]]","[[71.97946261614098, 28.020537383859022], [28.020537383859022, 71.97946261614098]]",0.179521513612991,0.179521513612991
C1_N0_n500,C1,N0,Identical-population control,,,500,500,1.0,0.5,0.5,0.5,0.5,1,1,0.10989731308070487,0.10989731308070487,0.09999999999999987,0.09999999999999987,0.0,0.0,0.14010268691929512,0.14010268691929512,70.05134345964755,70.05134345964755,70.05134345964755,"[[0.3598973130807049, 0.14010268691929512], [0.14010268691929512, 0.3598973130807049]]","[[0.3598973130807049, 0.14010268691929512], [0.14010268691929512, 0.3598973130807049]]","[[179.94865654035243, 70.05134345964755], [70.05134345964755, 179.94865654035243]]","[[179.94865654035243, 70.05134345964755], [70.05134345964755, 179.94865654035243]]",0.179521513612991,0.179521513612991
C1_N0_n1000,C1,N0,Identical-population control,,,1000,1000,1.0,0.5,0.5,0.5,0.5,1,1,0.10989731308070487,0.10989731308070487,0.09999999999999987,0.09999999999999987,0.0,0.0,0.14010268691929512,0.14010268691929512,140.1026869192951,140.1026869192951,140.1026869192951,"[[0.3598973130807049, 0.14010268691929512], [0.14010268691929512, 0.3598973130807049]]","[[0.3598973130807049, 0.14010268691929512], [0.14010268691929512, 0.3598973130807049]]","[[359.89731308070486, 140.1026869192951], [140.1026869192951, 359.89731308070486]]","[[359.89731308070486, 140.1026869192951], [140.1026869192951, 359.89731308070486]]",0.179521513612991,0.179521513612991
C1_N1_n10,C1,N1,"Same margins, opposite association",,,10,10,1.0,0.5,0.5,0.5,0.5,1,-1,0.10989731308070487,-0.109897313080705,0.09999999999999987,0.10000000000000031,-4.440892098500626e-16,0.0,0.14010268691929512,0.140102686919295,1.4010268691929513,1.40102686919295,1.40102686919295,"[[0.3598973130807049, 0.14010268691929512], [0.14010268691929512, 0.3598973130807049]]","[[0.140102686919295, 0.359897313080705], [0.359897313080705, 0.140102686919295]]","[[3.5989731308070487, 1.4010268691929513], [1.4010268691929513, 3.5989731308070487]]","[[1.40102686919295, 3.59897313080705], [3.59897313080705, 1.40102686919295]]",0.179521513612991,0.17952151361299135
C1_N1_n20,C1,N1,"Same margins, opposite association",,,20,20,1.0,0.5,0.5,0.5,0.5,1,-1,0.10989731308070487,-0.109897313080705,0.09999999999999987,0.10000000000000031,-4.440892098500626e-16,0.0,0.14010268691929512,0.140102686919295,2.8020537383859025,2.8020537383859,2.8020537383859,"[[0.3598973130807049, 0.14010268691929512], [0.14010268691929512, 0.3598973130807049]]","[[0.140102686919295, 0.359897313080705], [0.359897313080705, 0.140102686919295]]","[[7.1979462616140975, 2.8020537383859025], [2.8020537383859025, 7.1979462616140975]]","[[2.8020537383859, 7.1979462616141], [7.1979462616141, 2.8020537383859]]",0.179521513612991,0.17952151361299135
C1_N1_n30,C1,N1,"Same margins, opposite association",,,30,30,1.0,0.5,0.5,0.5,0.5,1,-1,0.10989731308070487,-0.109897313080705,0.09999999999999987,0.10000000000000031,-4.440892098500626e-16,0.0,0.14010268691929512,0.140102686919295,4.203080607578854,4.20308060757885,4.20308060757885,"[[0.3598973130807049, 0.14010268691929512], [0.14010268691929512, 0.3598973130807049]]","[[0.140102686919295, 0.359897313080705], [0.359897313080705, 0.140102686919295]]","[[10.796919392421147, 4.203080607578854], [4.203080607578854, 10.796919392421147]]","[[4.20308060757885, 10.79691939242115], [10.79691939242115, 4.20308060757885]]",0.179521513612991,0.17952151361299135
C1_N1_n50,C1,N1,"Same margins, opposite association",,,50,50,1.0,0.5,0.5,0.5,0.5,1,-1,0.10989731308070487,-0.109897313080705,0.09999999999999987,0.10000000000000031,-4.440892098500626e-16,0.0,0.14010268691929512,0.140102686919295,7.0051343459647555,7.00513434596475,7.00513434596475,"[[0.3598973130807049, 0.14010268691929512], [0.14010268691929512, 0.3598973130807049]]","[[0.140102686919295, 0.359897313080705], [0.359897313080705, 0.140102686919295]]","[[17.994865654035245, 7.0051343459647555], [7.0051343459647555, 17.994865654035245]]","[[7.00513434596475, 17.994865654035248], [17.994865654035248, 7.00513434596475]]",0.179521513612991,0.17952151361299135
C1_N1_n100,C1,N1,"Same margins, opposite association",,,100,100,1.0,0.5,0.5,0.5,0.5,1,-1,0.10989731308070487,-0.109897313080705,0.09999999999999987,0.10000000000000031,-4.440892098500626e-16,0.0,0.14010268691929512,0.140102686919295,14.010268691929511,14.0102686919295,14.0102686919295,"[[0.3598973130807049, 0.14010268691929512], [0.14010268691929512, 0.3598973130807049]]","[[0.140102686919295, 0.359897313080705], [0.359897313080705, 0.140102686919295]]","[[35.98973130807049, 14.010268691929511], [14.010268691929511, 35.98973130807049]]","[[14.0102686919295, 35.989731308070496], [35.989731308070496, 14.0102686919295]]",0.179521513612991,0.17952151361299135
C1_N1_n200,C1,N1,"Same margins, opposite association",,,200,200,1.0,0.5,0.5,0.5,0.5,1,-1,0.10989731308070487,-0.109897313080705,0.09999999999999987,0.10000000000000031,-4.440892098500626e-16,0.0,0.14010268691929512,0.140102686919295,28.020537383859022,28.020537383859,28.020537383859,"[[0.3598973130807049, 0.14010268691929512], [0.14010268691929512, 0.3598973130807049]]","[[0.140102686919295, 0.359897313080705], [0.359897313080705, 0.140102686919295]]","[[71.97946261614098, 28.020537383859022], [28.020537383859022, 71.97946261614098]]","[[28.020537383859, 71.97946261614099], [71.97946261614099, 28.020537383859]]",0.179521513612991,0.17952151361299135
C1_N1_n500,C1,N1,"Same margins, opposite association",,,500,500,1.0,0.5,0.5,0.5,0.5,1,-1,0.10989731308070487,-0.109897313080705,0.09999999999999987,0.10000000000000031,-4.440892098500626e-16,0.0,0.14010268691929512,0.140102686919295,70.05134345964755,70.0513434596475,70.0513434596475,"[[0.3598973130807049, 0.14010268691929512], [0.14010268691929512, 0.3598973130807049]]","[[0.140102686919295, 0.359897313080705], [0.359897313080705, 0.140102686919295]]","[[179.94865654035243, 70.05134345964755], [70.05134345964755, 179.94865654035243]]","[[70.0513434596475, 179.9486565403525], [179.9486565403525, 70.0513434596475]]",0.179521513612991,0.17952151361299135
C1_N1_n1000,C1,N1,"Same margins, opposite association",,,1000,1000,1.0,0.5,0.5,0.5,0.5,1,-1,0.10989731308070487,-0.109897313080705,0.09999999999999987,0.10000000000000031,-4.440892098500626e-16,0.0,0.14010268691929512,0.140102686919295,140.1026869192951,140.102686919295,140.102686919295,"[[0.3598973130807049, 0.14010268691929512], [0.14010268691929512, 0.3598973130807049]]","[[0.140102686919295, 0.359897313080705], [0.359897313080705, 0.140102686919295]]","[[359.89731308070486, 140.1026869192951], [140.1026869192951, 359.89731308070486]]","[[140.102686919295, 359.897313080705], [359.897313080705, 140.102686919295]]",0.179521513612991,0.17952151361299135
C1_N2_n10,C1,N2,Mild margin mismatch,,,10,10,1.0,0.5,0.5,0.3,0.4,1,1,0.10989731308070487,0.09999802348154296,0.09999999999999987,0.09999999999994569,5.417888360170764e-14,0.0,0.14010268691929512,0.08000197651845703,1.4010268691929513,0.8000197651845703,0.8000197651845703,"[[0.3598973130807049, 0.14010268691929512], [0.14010268691929512, 0.3598973130807049]]","[[0.5199980234815429, 0.180001976518457], [0.08000197651845703, 0.21999802348154296]]","[[3.5989731308070487, 1.4010268691929513], [1.4010268691929513, 3.5989731308070487]]","[[5.199980234815429, 1.8000197651845702], [0.8000197651845703, 2.1999802348154294]]",0.179521513612991,0.1822875754189648
C1_N2_n20,C1,N2,Mild margin mismatch,,,20,20,1.0,0.5,0.5,0.3,0.4,1,1,0.10989731308070487,0.09999802348154296,0.09999999999999987,0.09999999999994569,5.417888360170764e-14,0.0,0.14010268691929512,0.08000197651845703,2.8020537383859025,1.6000395303691406,1.6000395303691406,"[[0.3598973130807049, 0.14010268691929512], [0.14010268691929512, 0.3598973130807049]]","[[0.5199980234815429, 0.180001976518457], [0.08000197651845703, 0.21999802348154296]]","[[7.1979462616140975, 2.8020537383859025], [2.8020537383859025, 7.1979462616140975]]","[[10.399960469630859, 3.6000395303691404], [1.6000395303691406, 4.399960469630859]]",0.179521513612991,0.1822875754189648
C1_N2_n30,C1,N2,Mild margin mismatch,,,30,30,1.0,0.5,0.5,0.3,0.4,1,1,0.10989731308070487,0.09999802348154296,0.09999999999999987,0.09999999999994569,5.417888360170764e-14,0.0,0.14010268691929512,0.08000197651845703,4.203080607578854,2.400059295553711,2.400059295553711,"[[0.3598973130807049, 0.14010268691929512], [0.14010268691929512, 0.3598973130807049]]","[[0.5199980234815429, 0.180001976518457], [0.08000197651845703, 0.21999802348154296]]","[[10.796919392421147, 4.203080607578854], [4.203080607578854, 10.796919392421147]]","[[15.599940704446286, 5.40005929555371], [2.400059295553711, 6.599940704446289]]",0.179521513612991,0.1822875754189648
C1_N2_n50,C1,N2,Mild margin mismatch,,,50,50,1.0,0.5,0.5,0.3,0.4,1,1,0.10989731308070487,0.09999802348154296,0.09999999999999987,0.09999999999994569,5.417888360170764e-14,0.0,0.14010268691929512,0.08000197651845703,7.0051343459647555,4.000098825922851,4.000098825922851,"[[0.3598973130807049, 0.14010268691929512], [0.14010268691929512, 0.3598973130807049]]","[[0.5199980234815429, 0.180001976518457], [0.08000197651845703, 0.21999802348154296]]","[[17.994865654035245, 7.0051343459647555], [7.0051343459647555, 17.994865654035245]]","[[25.999901174077145, 9.00009882592285], [4.000098825922851, 10.999901174077149]]",0.179521513612991,0.1822875754189648
C1_N2_n100,C1,N2,Mild margin mismatch,,,100,100,1.0,0.5,0.5,0.3,0.4,1,1,0.10989731308070487,0.09999802348154296,0.09999999999999987,0.09999999999994569,5.417888360170764e-14,0.0,0.14010268691929512,0.08000197651845703,14.010268691929511,8.000197651845703,8.000197651845703,"[[0.3598973130807049, 0.14010268691929512], [0.14010268691929512, 0.3598973130807049]]","[[0.5199980234815429, 0.180001976518457], [0.08000197651845703, 0.21999802348154296]]","[[35.98973130807049, 14.010268691929511], [14.010268691929511, 35.98973130807049]]","[[51.99980234815429, 18.0001976518457], [8.000197651845703, 21.999802348154297]]",0.179521513612991,0.1822875754189648
C1_N2_n200,C1,N2,Mild margin mismatch,,,200,200,1.0,0.5,0.5,0.3,0.4,1,1,0.10989731308070487,0.09999802348154296,0.09999999999999987,0.09999999999994569,5.417888360170764e-14,0.0,0.14010268691929512,0.08000197651845703,28.020537383859022,16.000395303691406,16.000395303691406,"[[0.3598973130807049, 0.14010268691929512], [0.14010268691929512, 0.3598973130807049]]","[[0.5199980234815429, 0.180001976518457], [0.08000197651845703, 0.21999802348154296]]","[[71.97946261614098, 28.020537383859022], [28.020537383859022, 71.97946261614098]]","[[103.99960469630858, 36.0003953036914], [16.000395303691406, 43.999604696308594]]",0.179521513612991,0.1822875754189648
C1_N2_n500,C1,N2,Mild margin mismatch,,,500,500,1.0,0.5,0.5,0.3,0.4,1,1,0.10989731308070487,0.09999802348154296,0.09999999999999987,0.09999999999994569,5.417888360170764e-14,0.0,0.14010268691929512,0.08000197651845703,70.05134345964755,40.000988259228514,40.000988259228514,"[[0.3598973130807049, 0.14010268691929512], [0.14010268691929512, 0.3598973130807049]]","[[0.5199980234815429, 0.180001976518457], [0.08000197651845703, 0.21999802348154296]]","[[179.94865654035243, 70.05134345964755], [70.05134345964755, 179.94865654035243]]","[[259.99901174077144, 90.0009882592285], [40.000988259228514, 109.99901174077148]]",0.179521513612991,0.1822875754189648
C1_N2_n1000,C1,N2,Mild margin mismatch,,,1000,1000,1.0,0.5,0.5,0.3,0.4,1,1,0.10989731308070487,0.09999802348154296,0.09999999999999987,0.09999999999994569,5.417888360170764e-14,0.0,0.14010268691929512,0.08000197651845703,140.1026869192951,80.00197651845703,80.00197651845703,"[[0.3598973130807049, 0.14010268691929512], [0.14010268691929512, 0.3598973130807049]]","[[0.5199980234815429, 0.180001976518457], [0.08000197651845703, 0.21999802348154296]]","[[359.89731308070486, 140.1026869192951], [140.1026869192951, 359.89731308070486]]","[[519.9980234815429, 180.001976518457], [80.00197651845703, 219.99802348154296]]",0.179521513612991,0.1822875754189648
C1_N3_n10,C1,N3,One skewed population,,,10,10,1.0,0.3,0.4,0.1,0.3,1,1,0.05528109983181547,0.03540416313577926,0.03000000000000036,0.029999999999678284,3.220756994437579e-13,0.0,0.12471890016818452,0.034595836864220735,1.2471890016818452,0.34595836864220736,0.34595836864220736,"[[0.47528109983181543, 0.2247189001681845], [0.12471890016818452, 0.17528109983181547]]","[[0.6654041631357792, 0.23459583686422075], [0.034595836864220735, 0.06540416313577926]]","[[4.752810998318155, 2.247189001681845], [1.2471890016818452, 1.7528109983181548]]","[[6.654041631357792, 2.3459583686422074], [0.34595836864220736, 0.6540416313577926]]",0.05919008954132586,0.0626368161702698
C1_N3_n20,C1,N3,One skewed population,,,20,20,1.0,0.3,0.4,0.1,0.3,1,1,0.05528109983181547,0.03540416313577926,0.03000000000000036,0.029999999999678284,3.220756994437579e-13,0.0,0.12471890016818452,0.034595836864220735,2.4943780033636904,0.6919167372844147,0.6919167372844147,"[[0.47528109983181543, 0.2247189001681845], [0.12471890016818452, 0.17528109983181547]]","[[0.6654041631357792, 0.23459583686422075], [0.034595836864220735, 0.06540416313577926]]","[[9.50562199663631, 4.49437800336369], [2.4943780033636904, 3.5056219966363096]]","[[13.308083262715584, 4.691916737284415], [0.6919167372844147, 1.3080832627155852]]",0.05919008954132586,0.0626368161702698
C1_N3_n30,C1,N3,One skewed population,,,30,30,1.0,0.3,0.4,0.1,0.3,1,1,0.05528109983181547,0.03540416313577926,0.03000000000000036,0.029999999999678284,3.220756994437579e-13,0.0,0.12471890016818452,0.034595836864220735,3.7415670050455354,1.037875105926622,1.037875105926622,"[[0.47528109983181543, 0.2247189001681845], [0.12471890016818452, 0.17528109983181547]]","[[0.6654041631357792, 0.23459583686422075], [0.034595836864220735, 0.06540416313577926]]","[[14.258432994954463, 6.7415670050455345], [3.7415670050455354, 5.258432994954465]]","[[19.962124894073376, 7.037875105926623], [1.037875105926622, 1.962124894073378]]",0.05919008954132586,0.0626368161702698
C1_N3_n50,C1,N3,One skewed population,,,50,50,1.0,0.3,0.4,0.1,0.3,1,1,0.05528109983181547,0.03540416313577926,0.03000000000000036,0.029999999999678284,3.220756994437579e-13,0.0,0.12471890016818452,0.034595836864220735,6.235945008409225,1.7297918432110366,1.7297918432110366,"[[0.47528109983181543, 0.2247189001681845], [0.12471890016818452, 0.17528109983181547]]","[[0.6654041631357792, 0.23459583686422075], [0.034595836864220735, 0.06540416313577926]]","[[23.764054991590772, 11.235945008409224], [6.235945008409225, 8.764054991590774]]","[[33.27020815678896, 11.729791843211038], [1.7297918432110366, 3.2702081567889634]]",0.05919008954132586,0.0626368161702698
C1_N3_n100,C1,N3,One skewed population,,,100,100,1.0,0.3,0.4,0.1,0.3,1,1,0.05528109983181547,0.03540416313577926,0.03000000000000036,0.029999999999678284,3.220756994437579e-13,0.0,0.12471890016818452,0.034595836864220735,12.47189001681845,3.4595836864220733,3.4595836864220733,"[[0.47528109983181543, 0.2247189001681845], [0.12471890016818452, 0.17528109983181547]]","[[0.6654041631357792, 0.23459583686422075], [0.034595836864220735, 0.06540416313577926]]","[[47.528109983181544, 22.47189001681845], [12.47189001681845, 17.528109983181547]]","[[66.54041631357792, 23.459583686422075], [3.4595836864220733, 6.540416313577927]]",0.05919008954132586,0.0626368161702698
C1_N3_n200,C1,N3,One skewed population,,,200,200,1.0,0.3,0.4,0.1,0.3,1,1,0.05528109983181547,0.03540416313577926,0.03000000000000036,0.029999999999678284,3.220756994437579e-13,0.0,0.12471890016818452,0.034595836864220735,24.9437800336369,6.9191673728441465,6.9191673728441465,"[[0.47528109983181543, 0.2247189001681845], [0.12471890016818452, 0.17528109983181547]]","[[0.6654041631357792, 0.23459583686422075], [0.034595836864220735, 0.06540416313577926]]","[[95.05621996636309, 44.9437800336369], [24.9437800336369, 35.056219966363095]]","[[133.08083262715584, 46.91916737284415], [6.9191673728441465, 13.080832627155853]]",0.05919008954132586,0.0626368161702698
C1_N3_n500,C1,N3,One skewed population,,,500,500,1.0,0.3,0.4,0.1,0.3,1,1,0.05528109983181547,0.03540416313577926,0.03000000000000036,0.029999999999678284,3.220756994437579e-13,0.0,0.12471890016818452,0.034595836864220735,62.35945008409226,17.297918432110368,17.297918432110368,"[[0.47528109983181543, 0.2247189001681845], [0.12471890016818452, 0.17528109983181547]]","[[0.6654041631357792, 0.23459583686422075], [0.034595836864220735, 0.06540416313577926]]","[[237.6405499159077, 112.35945008409224], [62.35945008409226, 87.64054991590774]]","[[332.7020815678896, 117.29791843211038], [17.297918432110368, 32.702081567889635]]",0.05919008954132586,0.0626368161702698
C1_N3_n1000,C1,N3,One skewed population,,,1000,1000,1.0,0.3,0.4,0.1,0.3,1,1,0.05528109983181547,0.03540416313577926,0.03000000000000036,0.029999999999678284,3.220756994437579e-13,0.0,0.12471890016818452,0.034595836864220735,124.71890016818452,34.595836864220736,34.595836864220736,"[[0.47528109983181543, 0.2247189001681845], [0.12471890016818452, 0.17528109983181547]]","[[0.6654041631357792, 0.23459583686422075], [0.034595836864220735, 0.06540416313577926]]","[[475.2810998318154, 224.7189001681845], [124.71890016818452, 175.28109983181548]]","[[665.4041631357792, 234.59583686422076], [34.595836864220736, 65.40416313577927]]",0.05919008954132586,0.0626368161702698
C1_N4_n10,C1,N4,"Two sparse, differently shaped populations",,,10,10,1.0,0.1,0.1,0.05,0.2,1,1,0.014455728986972094,0.013662417849468648,0.009999999999969145,0.009999999999998066,-2.892130979148533e-14,0.0,0.024455728986972097,0.02366241784946865,0.24455728986972097,0.2366241784946865,0.2366241784946865,"[[0.8244557289869722, 0.07554427101302792], [0.07554427101302792, 0.024455728986972097]]","[[0.7736624178494687, 0.17633758215053136], [0.02633758215053136, 0.02366241784946865]]","[[8.244557289869721, 0.7554427101302792], [0.7554427101302792, 0.24455728986972097]]","[[7.7366241784946865, 1.7633758215053135], [0.2633758215053136, 0.2366241784946865]]",0.02434798744293218,0.023280590840405208
C1_N4_n20,C1,N4,"Two sparse, differently shaped populations",,,20,20,1.0,0.1,0.1,0.05,0.2,1,1,0.014455728986972094,0.013662417849468648,0.009999999999969145,0.009999999999998066,-2.892130979148533e-14,0.0,0.024455728986972097,0.02366241784946865,0.48911457973944195,0.473248356989373,0.473248356989373,"[[0.8244557289869722, 0.07554427101302792], [0.07554427101302792, 0.024455728986972097]]","[[0.7736624178494687, 0.17633758215053136], [0.02633758215053136, 0.02366241784946865]]","[[16.489114579739443, 1.5108854202605584], [1.5108854202605584, 0.48911457973944195]]","[[15.473248356989373, 3.526751643010627], [0.5267516430106272, 0.473248356989373]]",0.02434798744293218,0.023280590840405208
C1_N4_n30,C1,N4,"Two sparse, differently shaped populations",,,30,30,1.0,0.1,0.1,0.05,0.2,1,1,0.014455728986972094,0.013662417849468648,0.009999999999969145,0.009999999999998066,-2.892130979148533e-14,0.0,0.024455728986972097,0.02366241784946865,0.7336718696091629,0.7098725354840595,0.7098725354840595,"[[0.8244557289869722, 0.07554427101302792], [0.07554427101302792, 0.024455728986972097]]","[[0.7736624178494687, 0.17633758215053136], [0.02633758215053136, 0.02366241784946865]]","[[24.733671869609164, 2.266328130390838], [2.266328130390838, 0.7336718696091629]]","[[23.20987253548406, 5.29012746451594], [0.7901274645159408, 0.7098725354840595]]",0.02434798744293218,0.023280590840405208
C1_N4_n50,C1,N4,"Two sparse, differently shaped populations",,,50,50,1.0,0.1,0.1,0.05,0.2,1,1,0.014455728986972094,0.013662417849468648,0.009999999999969145,0.009999999999998066,-2.892130979148533e-14,0.0,0.024455728986972097,0.02366241784946865,1.222786449348605,1.1831208924734324,1.1831208924734324,"[[0.8244557289869722, 0.07554427101302792], [0.07554427101302792, 0.024455728986972097]]","[[0.7736624178494687, 0.17633758215053136], [0.02633758215053136, 0.02366241784946865]]","[[41.22278644934861, 3.777213550651396], [3.777213550651396, 1.222786449348605]]","[[38.68312089247343, 8.816879107526567], [1.316879107526568, 1.1831208924734324]]",0.02434798744293218,0.023280590840405208
C1_N4_n100,C1,N4,"Two sparse, differently shaped populations",,,100,100,1.0,0.1,0.1,0.05,0.2,1,1,0.014455728986972094,0.013662417849468648,0.009999999999969145,0.009999999999998066,-2.892130979148533e-14,0.0,0.024455728986972097,0.02366241784946865,2.44557289869721,2.366241784946865,2.366241784946865,"[[0.8244557289869722, 0.07554427101302792], [0.07554427101302792, 0.024455728986972097]]","[[0.7736624178494687, 0.17633758215053136], [0.02633758215053136, 0.02366241784946865]]","[[82.44557289869722, 7.554427101302792], [7.554427101302792, 2.44557289869721]]","[[77.36624178494687, 17.633758215053135], [2.633758215053136, 2.366241784946865]]",0.02434798744293218,0.023280590840405208
C1_N4_n200,C1,N4,"Two sparse, differently shaped populations",,,200,200,1.0,0.1,0.1,0.05,0.2,1,1,0.014455728986972094,0.013662417849468648,0.009999999999969145,0.009999999999998066,-2.892130979148533e-14,0.0,0.024455728986972097,0.02366241784946865,4.89114579739442,4.73248356989373,4.73248356989373,"[[0.8244557289869722, 0.07554427101302792], [0.07554427101302792, 0.024455728986972097]]","[[0.7736624178494687, 0.17633758215053136], [0.02633758215053136, 0.02366241784946865]]","[[164.89114579739444, 15.108854202605585], [15.108854202605585, 4.89114579739442]]","[[154.73248356989373, 35.26751643010627], [5.267516430106272, 4.73248356989373]]",0.02434798744293218,0.023280590840405208
C1_N4_n500,C1,N4,"Two sparse, differently shaped populations",,,500,500,1.0,0.1,0.1,0.05,0.2,1,1,0.014455728986972094,0.013662417849468648,0.009999999999969145,0.009999999999998066,-2.892130979148533e-14,0.0,0.024455728986972097,0.02366241784946865,12.227864493486049,11.831208924734325,11.831208924734325,"[[0.8244557289869722, 0.07554427101302792], [0.07554427101302792, 0.024455728986972097]]","[[0.7736624178494687, 0.17633758215053136], [0.02633758215053136, 0.02366241784946865]]","[[412.2278644934861, 37.77213550651396], [37.77213550651396, 12.227864493486049]]","[[386.8312089247343, 88.16879107526567], [13.16879107526568, 11.831208924734325]]",0.02434798744293218,0.023280590840405208
C1_N4_n1000,C1,N4,"Two sparse, differently shaped populations",,,1000,1000,1.0,0.1,0.1,0.05,0.2,1,1,0.014455728986972094,0.013662417849468648,0.009999999999969145,0.009999999999998066,-2.892130979148533e-14,0.0,0.024455728986972097,0.02366241784946865,24.455728986972098,23.66241784946865,23.66241784946865,"[[0.8244557289869722, 0.07554427101302792], [0.07554427101302792, 0.024455728986972097]]","[[0.7736624178494687, 0.17633758215053136], [0.02633758215053136, 0.02366241784946865]]","[[824.4557289869722, 75.54427101302792], [75.54427101302792, 24.455728986972098]]","[[773.6624178494686, 176.33758215053135], [26.33758215053136, 23.66241784946865]]",0.02434798744293218,0.023280590840405208
C1_N5_n10,C1,N5,Extreme rare categories,,,10,10,1.0,0.02,0.02,0.01,0.05,1,1,0.0030939959260929376,0.0032285363215047583,0.005000000000104227,0.005000000000000088,1.0413891970983968e-13,0.0,0.0034939959260929378,0.0037285363215047583,0.034939959260929375,0.037285363215047586,0.034939959260929375,"[[0.9634939959260929, 0.016506004073907062], [0.016506004073907062, 0.0034939959260929378]]","[[0.9437285363215048, 0.046271463678495245], [0.0062714636784952415, 0.0037285363215047583]]","[[9.63493995926093, 0.16506004073907063], [0.16506004073907063, 0.034939959260929375]]","[[9.437285363215048, 0.46271463678495245], [0.06271463678495241, 0.037285363215047586]]",0.017371902999954544,0.01632926472619308
C1_N5_n20,C1,N5,Extreme rare categories,,,20,20,1.0,0.02,0.02,0.01,0.05,1,1,0.0030939959260929376,0.0032285363215047583,0.005000000000104227,0.005000000000000088,1.0413891970983968e-13,0.0,0.0034939959260929378,0.0037285363215047583,0.06987991852185875,0.07457072643009517,0.06987991852185875,"[[0.9634939959260929, 0.016506004073907062], [0.016506004073907062, 0.0034939959260929378]]","[[0.9437285363215048, 0.046271463678495245], [0.0062714636784952415, 0.0037285363215047583]]","[[19.26987991852186, 0.33012008147814126], [0.33012008147814126, 0.06987991852185875]]","[[18.874570726430097, 0.9254292735699049], [0.12542927356990483, 0.07457072643009517]]",0.017371902999954544,0.01632926472619308
C1_N5_n30,C1,N5,Extreme rare categories,,,30,30,1.0,0.02,0.02,0.01,0.05,1,1,0.0030939959260929376,0.0032285363215047583,0.005000000000104227,0.005000000000000088,1.0413891970983968e-13,0.0,0.0034939959260929378,0.0037285363215047583,0.10481987778278813,0.11185608964514275,0.10481987778278813,"[[0.9634939959260929, 0.016506004073907062], [0.016506004073907062, 0.0034939959260929378]]","[[0.9437285363215048, 0.046271463678495245], [0.0062714636784952415, 0.0037285363215047583]]","[[28.904819877782785, 0.49518012221721186], [0.49518012221721186, 0.10481987778278813]]","[[28.311856089645143, 1.3881439103548574], [0.18814391035485725, 0.11185608964514275]]",0.017371902999954544,0.01632926472619308
C1_N5_n50,C1,N5,Extreme rare categories,,,50,50,1.0,0.02,0.02,0.01,0.05,1,1,0.0030939959260929376,0.0032285363215047583,0.005000000000104227,0.005000000000000088,1.0413891970983968e-13,0.0,0.0034939959260929378,0.0037285363215047583,0.17469979630464688,0.18642681607523792,0.17469979630464688,"[[0.9634939959260929, 0.016506004073907062], [0.016506004073907062, 0.0034939959260929378]]","[[0.9437285363215048, 0.046271463678495245], [0.0062714636784952415, 0.0037285363215047583]]","[[48.174699796304644, 0.8253002036953531], [0.8253002036953531, 0.17469979630464688]]","[[47.18642681607524, 2.3135731839247624], [0.3135731839247621, 0.18642681607523792]]",0.017371902999954544,0.01632926472619308
C1_N5_n100,C1,N5,Extreme rare categories,,,100,100,1.0,0.02,0.02,0.01,0.05,1,1,0.0030939959260929376,0.0032285363215047583,0.005000000000104227,0.005000000000000088,1.0413891970983968e-13,0.0,0.0034939959260929378,0.0037285363215047583,0.34939959260929376,0.37285363215047584,0.34939959260929376,"[[0.9634939959260929, 0.016506004073907062], [0.016506004073907062, 0.0034939959260929378]]","[[0.9437285363215048, 0.046271463678495245], [0.0062714636784952415, 0.0037285363215047583]]","[[96.34939959260929, 1.6506004073907061], [1.6506004073907061, 0.34939959260929376]]","[[94.37285363215048, 4.627146367849525], [0.6271463678495242, 0.37285363215047584]]",0.017371902999954544,0.01632926472619308
C1_N5_n200,C1,N5,Extreme rare categories,,,200,200,1.0,0.02,0.02,0.01,0.05,1,1,0.0030939959260929376,0.0032285363215047583,0.005000000000104227,0.005000000000000088,1.0413891970983968e-13,0.0,0.0034939959260929378,0.0037285363215047583,0.6987991852185875,0.7457072643009517,0.6987991852185875,"[[0.9634939959260929, 0.016506004073907062], [0.016506004073907062, 0.0034939959260929378]]","[[0.9437285363215048, 0.046271463678495245], [0.0062714636784952415, 0.0037285363215047583]]","[[192.69879918521858, 3.3012008147814123], [3.3012008147814123, 0.6987991852185875]]","[[188.74570726430096, 9.25429273569905], [1.2542927356990483, 0.7457072643009517]]",0.017371902999954544,0.01632926472619308
C1_N5_n500,C1,N5,Extreme rare categories,,,500,500,1.0,0.02,0.02,0.01,0.05,1,1,0.0030939959260929376,0.0032285363215047583,0.005000000000104227,0.005000000000000088,1.0413891970983968e-13,0.0,0.0034939959260929378,0.0037285363215047583,1.746997963046469,1.8642681607523792,1.746997963046469,"[[0.9634939959260929, 0.016506004073907062], [0.016506004073907062, 0.0034939959260929378]]","[[0.9437285363215048, 0.046271463678495245], [0.0062714636784952415, 0.0037285363215047583]]","[[481.74699796304645, 8.25300203695353], [8.25300203695353, 1.746997963046469]]","[[471.8642681607524, 23.135731839247622], [3.1357318392476206, 1.8642681607523792]]",0.017371902999954544,0.01632926472619308
C1_N5_n1000,C1,N5,Extreme rare categories,,,1000,1000,1.0,0.02,0.02,0.01,0.05,1,1,0.0030939959260929376,0.0032285363215047583,0.005000000000104227,0.005000000000000088,1.0413891970983968e-13,0.0,0.0034939959260929378,0.0037285363215047583,3.493995926092938,3.7285363215047584,3.493995926092938,"[[0.9634939959260929, 0.016506004073907062], [0.016506004073907062, 0.0034939959260929378]]","[[0.9437285363215048, 0.046271463678495245], [0.0062714636784952415, 0.0037285363215047583]]","[[963.4939959260929, 16.50600407390706], [16.50600407390706, 3.493995926092938]]","[[943.7285363215047, 46.271463678495245], [6.271463678495241, 3.7285363215047584]]",0.017371902999954544,0.01632926472619308
C1_N6_n10,C1,N6,Sparse margins and opposite association,,,10,10,1.0,0.1,0.1,0.05,0.2,1,-1,0.00991561441710636,-0.007573707638269861,0.004999999999999782,0.00500000000026285,-2.6306734568493084e-13,0.0,0.01991561441710636,0.0024262923617301407,0.19915614417106361,0.024262923617301407,0.024262923617301407,"[[0.8199156144171064, 0.08008438558289366], [0.08008438558289366, 0.01991561441710636]]","[[0.7524262923617302, 0.19757370763826987], [0.04757370763826987, 0.0024262923617301407]]","[[8.199156144171063, 0.8008438558289366], [0.8008438558289366, 0.19915614417106361]]","[[7.524262923617302, 1.9757370763826987], [0.4757370763826987, 0.024262923617301407]]",0.011730913984507051,0.006649143852283432
C1_N6_n20,C1,N6,Sparse margins and opposite association,,,20,20,1.0,0.1,0.1,0.05,0.2,1,-1,0.00991561441710636,-0.007573707638269861,0.004999999999999782,0.00500000000026285,-2.6306734568493084e-13,0.0,0.01991561441710636,0.0024262923617301407,0.39831228834212723,0.04852584723460281,0.04852584723460281,"[[0.8199156144171064, 0.08008438558289366], [0.08008438558289366, 0.01991561441710636]]","[[0.7524262923617302, 0.19757370763826987], [0.04757370763826987, 0.0024262923617301407]]","[[16.398312288342126, 1.6016877116578732], [1.6016877116578732, 0.39831228834212723]]","[[15.048525847234604, 3.9514741527653974], [0.9514741527653974, 0.04852584723460281]]",0.011730913984507051,0.006649143852283432
C1_N6_n30,C1,N6,Sparse margins and opposite association,,,30,30,1.0,0.1,0.1,0.05,0.2,1,-1,0.00991561441710636,-0.007573707638269861,0.004999999999999782,0.00500000000026285,-2.6306734568493084e-13,0.0,0.01991561441710636,0.0024262923617301407,0.5974684325131908,0.07278877085190422,0.07278877085190422,"[[0.8199156144171064, 0.08008438558289366], [0.08008438558289366, 0.01991561441710636]]","[[0.7524262923617302, 0.19757370763826987], [0.04757370763826987, 0.0024262923617301407]]","[[24.597468432513192, 2.4025315674868097], [2.4025315674868097, 0.5974684325131908]]","[[22.572788770851908, 5.927211229148096], [1.427211229148096, 0.07278877085190422]]",0.011730913984507051,0.006649143852283432
C1_N6_n50,C1,N6,Sparse margins and opposite association,,,50,50,1.0,0.1,0.1,0.05,0.2,1,-1,0.00991561441710636,-0.007573707638269861,0.004999999999999782,0.00500000000026285,-2.6306734568493084e-13,0.0,0.01991561441710636,0.0024262923617301407,0.9957807208553181,0.12131461808650704,0.12131461808650704,"[[0.8199156144171064, 0.08008438558289366], [0.08008438558289366, 0.01991561441710636]]","[[0.7524262923617302, 0.19757370763826987], [0.04757370763826987, 0.0024262923617301407]]","[[40.995780720855315, 4.004219279144683], [4.004219279144683, 0.9957807208553181]]","[[37.62131461808651, 9.878685381913494], [2.378685381913493, 0.12131461808650704]]",0.011730913984507051,0.006649143852283432
C1_N6_n100,C1,N6,Sparse margins and opposite association,,,100,100,1.0,0.1,0.1,0.05,0.2,1,-1,0.00991561441710636,-0.007573707638269861,0.004999999999999782,0.00500000000026285,-2.6306734568493084e-13,0.0,0.01991561441710636,0.0024262923617301407,1.9915614417106362,0.24262923617301407,0.24262923617301407,"[[0.8199156144171064, 0.08008438558289366], [0.08008438558289366, 0.01991561441710636]]","[[0.7524262923617302, 0.19757370763826987], [0.04757370763826987, 0.0024262923617301407]]","[[81.99156144171063, 8.008438558289367], [8.008438558289367, 1.9915614417106362]]","[[75.24262923617302, 19.757370763826987], [4.757370763826986, 0.24262923617301407]]",0.011730913984507051,0.006649143852283432
C1_N6_n200,C1,N6,Sparse margins and opposite association,,,200,200,1.0,0.1,0.1,0.05,0.2,1,-1,0.00991561441710636,-0.007573707638269861,0.004999999999999782,0.00500000000026285,-2.6306734568493084e-13,0.0,0.01991561441710636,0.0024262923617301407,3.9831228834212724,0.48525847234602815,0.48525847234602815,"[[0.8199156144171064, 0.08008438558289366], [0.08008438558289366, 0.01991561441710636]]","[[0.7524262923617302, 0.19757370763826987], [0.04757370763826987, 0.0024262923617301407]]","[[163.98312288342126, 16.016877116578733], [16.016877116578733, 3.9831228834212724]]","[[150.48525847234603, 39.514741527653975], [9.514741527653973, 0.48525847234602815]]",0.011730913984507051,0.006649143852283432
C1_N6_n500,C1,N6,Sparse margins and opposite association,,,500,500,1.0,0.1,0.1,0.05,0.2,1,-1,0.00991561441710636,-0.007573707638269861,0.004999999999999782,0.00500000000026285,-2.6306734568493084e-13,0.0,0.01991561441710636,0.0024262923617301407,9.95780720855318,1.2131461808650703,1.2131461808650703,"[[0.8199156144171064, 0.08008438558289366], [0.08008438558289366, 0.01991561441710636]]","[[0.7524262923617302, 0.19757370763826987], [0.04757370763826987, 0.0024262923617301407]]","[[409.95780720855316, 40.04219279144683], [40.04219279144683, 9.95780720855318]]","[[376.2131461808651, 98.78685381913493], [23.786853819134933, 1.2131461808650703]]",0.011730913984507051,0.006649143852283432
C1_N6_n1000,C1,N6,Sparse margins and opposite association,,,1000,1000,1.0,0.1,0.1,0.05,0.2,1,-1,0.00991561441710636,-0.007573707638269861,0.004999999999999782,0.00500000000026285,-2.6306734568493084e-13,0.0,0.01991561441710636,0.0024262923617301407,19.91561441710636,2.4262923617301406,2.4262923617301406,"[[0.8199156144171064, 0.08008438558289366], [0.08008438558289366, 0.01991561441710636]]","[[0.7524262923617302, 0.19757370763826987], [0.04757370763826987, 0.0024262923617301407]]","[[819.9156144171063, 80.08438558289366], [80.08438558289366, 19.91561441710636]]","[[752.4262923617302, 197.57370763826987], [47.573707638269866, 2.4262923617301406]]",0.011730913984507051,0.006649143852283432
C1_N7_n10,C1,N7,Ultra-rare categories,,,10,10,1.0,0.005,0.005,0.002,0.01,1,1,0.00028036642602345983,0.00025990804955251324,0.0005000000000011523,0.0005000000000000629,1.0894063429134349e-15,0.0,0.00030536642602345984,0.00027990804955251323,0.0030536642602345984,0.0027990804955251324,0.0027990804955251324,"[[0.9903053664260235, 0.00469463357397654], [0.00469463357397654, 0.00030536642602345984]]","[[0.9882799080495526, 0.009720091950447488], [0.0017200919504474868, 0.00027990804955251323]]","[[9.903053664260234, 0.0469463357397654], [0.0469463357397654, 0.0030536642602345984]]","[[9.882799080495525, 0.09720091950447488], [0.017200919504474867, 0.0027990804955251324]]",0.0019439886454058245,0.0019896167517233602
C1_N7_n20,C1,N7,Ultra-rare categories,,,20,20,1.0,0.005,0.005,0.002,0.01,1,1,0.00028036642602345983,0.00025990804955251324,0.0005000000000011523,0.0005000000000000629,1.0894063429134349e-15,0.0,0.00030536642602345984,0.00027990804955251323,0.006107328520469197,0.005598160991050265,0.005598160991050265,"[[0.9903053664260235, 0.00469463357397654], [0.00469463357397654, 0.00030536642602345984]]","[[0.9882799080495526, 0.009720091950447488], [0.0017200919504474868, 0.00027990804955251323]]","[[19.80610732852047, 0.0938926714795308], [0.0938926714795308, 0.006107328520469197]]","[[19.76559816099105, 0.19440183900894975], [0.03440183900894973, 0.005598160991050265]]",0.0019439886454058245,0.0019896167517233602
C1_N7_n30,C1,N7,Ultra-rare categories,,,30,30,1.0,0.005,0.005,0.002,0.01,1,1,0.00028036642602345983,0.00025990804955251324,0.0005000000000011523,0.0005000000000000629,1.0894063429134349e-15,0.0,0.00030536642602345984,0.00027990804955251323,0.009160992780703795,0.008397241486575398,0.008397241486575398,"[[0.9903053664260235, 0.00469463357397654], [0.00469463357397654, 0.00030536642602345984]]","[[0.9882799080495526, 0.009720091950447488], [0.0017200919504474868, 0.00027990804955251323]]","[[29.709160992780706, 0.1408390072192962], [0.1408390072192962, 0.009160992780703795]]","[[29.648397241486578, 0.29160275851342465], [0.0516027585134246, 0.008397241486575398]]",0.0019439886454058245,0.0019896167517233602
C1_N7_n50,C1,N7,Ultra-rare categories,,,50,50,1.0,0.005,0.005,0.002,0.01,1,1,0.00028036642602345983,0.00025990804955251324,0.0005000000000011523,0.0005000000000000629,1.0894063429134349e-15,0.0,0.00030536642602345984,0.00027990804955251323,0.015268321301172992,0.013995402477625662,0.013995402477625662,"[[0.9903053664260235, 0.00469463357397654], [0.00469463357397654, 0.00030536642602345984]]","[[0.9882799080495526, 0.009720091950447488], [0.0017200919504474868, 0.00027990804955251323]]","[[49.51526832130118, 0.234731678698827], [0.234731678698827, 0.015268321301172992]]","[[49.41399540247763, 0.4860045975223744], [0.08600459752237434, 0.013995402477625662]]",0.0019439886454058245,0.0019896167517233602
C1_N7_n100,C1,N7,Ultra-rare categories,,,100,100,1.0,0.005,0.005,0.002,0.01,1,1,0.00028036642602345983,0.00025990804955251324,0.0005000000000011523,0.0005000000000000629,1.0894063429134349e-15,0.0,0.00030536642602345984,0.00027990804955251323,0.030536642602345985,0.027990804955251324,0.027990804955251324,"[[0.9903053664260235, 0.00469463357397654], [0.00469463357397654, 0.00030536642602345984]]","[[0.9882799080495526, 0.009720091950447488], [0.0017200919504474868, 0.00027990804955251323]]","[[99.03053664260236, 0.469463357397654], [0.469463357397654, 0.030536642602345985]]","[[98.82799080495526, 0.9720091950447488], [0.17200919504474868, 0.027990804955251324]]",0.0019439886454058245,0.0019896167517233602
C1_N7_n200,C1,N7,Ultra-rare categories,,,200,200,1.0,0.005,0.005,0.002,0.01,1,1,0.00028036642602345983,0.00025990804955251324,0.0005000000000011523,0.0005000000000000629,1.0894063429134349e-15,0.0,0.00030536642602345984,0.00027990804955251323,0.06107328520469197,0.05598160991050265,0.05598160991050265,"[[0.9903053664260235, 0.00469463357397654], [0.00469463357397654, 0.00030536642602345984]]","[[0.9882799080495526, 0.009720091950447488], [0.0017200919504474868, 0.00027990804955251323]]","[[198.0610732852047, 0.938926714795308], [0.938926714795308, 0.06107328520469197]]","[[197.65598160991053, 1.9440183900894976], [0.34401839008949736, 0.05598160991050265]]",0.0019439886454058245,0.0019896167517233602
C1_N7_n500,C1,N7,Ultra-rare categories,,,500,500,1.0,0.005,0.005,0.002,0.01,1,1,0.00028036642602345983,0.00025990804955251324,0.0005000000000011523,0.0005000000000000629,1.0894063429134349e-15,0.0,0.00030536642602345984,0.00027990804955251323,0.1526832130117299,0.13995402477625662,0.13995402477625662,"[[0.9903053664260235, 0.00469463357397654], [0.00469463357397654, 0.00030536642602345984]]","[[0.9882799080495526, 0.009720091950447488], [0.0017200919504474868, 0.00027990804955251323]]","[[495.15268321301176, 2.34731678698827], [2.34731678698827, 0.1526832130117299]]","[[494.1399540247763, 4.860045975223744], [0.8600459752237434, 0.13995402477625662]]",0.0019439886454058245,0.0019896167517233602
C1_N7_n1000,C1,N7,Ultra-rare categories,,,1000,1000,1.0,0.005,0.005,0.002,0.01,1,1,0.00028036642602345983,0.00025990804955251324,0.0005000000000011523,0.0005000000000000629,1.0894063429134349e-15,0.0,0.00030536642602345984,0.00027990804955251323,0.3053664260234598,0.27990804955251325,0.27990804955251325,"[[0.9903053664260235, 0.00469463357397654], [0.00469463357397654, 0.00030536642602345984]]","[[0.9882799080495526, 0.009720091950447488], [0.0017200919504474868, 0.00027990804955251323]]","[[990.3053664260235, 4.69463357397654], [4.69463357397654, 0.3053664260234598]]","[[988.2799080495525, 9.720091950447488], [1.7200919504474868, 0.27990804955251325]]",0.0019439886454058245,0.0019896167517233602
C2_N0_np10_nq20,C2,N0,Identical-population control,,,10,20,2.0,0.5,0.5,0.5,0.5,1,1,0.10989731308070487,0.10989731308070487,0.09999999999999987,0.09999999999999987,0.0,0.0,0.14010268691929512,0.14010268691929512,1.4010268691929513,2.8020537383859025,1.4010268691929513,"[[0.3598973130807049, 0.14010268691929512], [0.14010268691929512, 0.3598973130807049]]","[[0.3598973130807049, 0.14010268691929512], [0.14010268691929512, 0.3598973130807049]]","[[3.5989731308070487, 1.4010268691929513], [1.4010268691929513, 3.5989731308070487]]","[[7.1979462616140975, 2.8020537383859025], [2.8020537383859025, 7.1979462616140975]]",0.179521513612991,0.179521513612991
C2_N0_np20_nq10,C2,N0,Identical-population control,,,20,10,0.5,0.5,0.5,0.5,0.5,1,1,0.10989731308070487,0.10989731308070487,0.09999999999999987,0.09999999999999987,0.0,0.0,0.14010268691929512,0.14010268691929512,2.8020537383859025,1.4010268691929513,1.4010268691929513,"[[0.3598973130807049, 0.14010268691929512], [0.14010268691929512, 0.3598973130807049]]","[[0.3598973130807049, 0.14010268691929512], [0.14010268691929512, 0.3598973130807049]]","[[7.1979462616140975, 2.8020537383859025], [2.8020537383859025, 7.1979462616140975]]","[[3.5989731308070487, 1.4010268691929513], [1.4010268691929513, 3.5989731308070487]]",0.179521513612991,0.179521513612991
C2_N0_np10_nq50,C2,N0,Identical-population control,,,10,50,5.0,0.5,0.5,0.5,0.5,1,1,0.10989731308070487,0.10989731308070487,0.09999999999999987,0.09999999999999987,0.0,0.0,0.14010268691929512,0.14010268691929512,1.4010268691929513,7.0051343459647555,1.4010268691929513,"[[0.3598973130807049, 0.14010268691929512], [0.14010268691929512, 0.3598973130807049]]","[[0.3598973130807049, 0.14010268691929512], [0.14010268691929512, 0.3598973130807049]]","[[3.5989731308070487, 1.4010268691929513], [1.4010268691929513, 3.5989731308070487]]","[[17.994865654035245, 7.0051343459647555], [7.0051343459647555, 17.994865654035245]]",0.179521513612991,0.179521513612991
C2_N0_np50_nq10,C2,N0,Identical-population control,,,50,10,0.2,0.5,0.5,0.5,0.5,1,1,0.10989731308070487,0.10989731308070487,0.09999999999999987,0.09999999999999987,0.0,0.0,0.14010268691929512,0.14010268691929512,7.0051343459647555,1.4010268691929513,1.4010268691929513,"[[0.3598973130807049, 0.14010268691929512], [0.14010268691929512, 0.3598973130807049]]","[[0.3598973130807049, 0.14010268691929512], [0.14010268691929512, 0.3598973130807049]]","[[17.994865654035245, 7.0051343459647555], [7.0051343459647555, 17.994865654035245]]","[[3.5989731308070487, 1.4010268691929513], [1.4010268691929513, 3.5989731308070487]]",0.179521513612991,0.179521513612991
C2_N0_np10_nq100,C2,N0,Identical-population control,,,10,100,10.0,0.5,0.5,0.5,0.5,1,1,0.10989731308070487,0.10989731308070487,0.09999999999999987,0.09999999999999987,0.0,0.0,0.14010268691929512,0.14010268691929512,1.4010268691929513,14.010268691929511,1.4010268691929513,"[[0.3598973130807049, 0.14010268691929512], [0.14010268691929512, 0.3598973130807049]]","[[0.3598973130807049, 0.14010268691929512], [0.14010268691929512, 0.3598973130807049]]","[[3.5989731308070487, 1.4010268691929513], [1.4010268691929513, 3.5989731308070487]]","[[35.98973130807049, 14.010268691929511], [14.010268691929511, 35.98973130807049]]",0.179521513612991,0.179521513612991
C2_N0_np100_nq10,C2,N0,Identical-population control,,,100,10,0.1,0.5,0.5,0.5,0.5,1,1,0.10989731308070487,0.10989731308070487,0.09999999999999987,0.09999999999999987,0.0,0.0,0.14010268691929512,0.14010268691929512,14.010268691929511,1.4010268691929513,1.4010268691929513,"[[0.3598973130807049, 0.14010268691929512], [0.14010268691929512, 0.3598973130807049]]","[[0.3598973130807049, 0.14010268691929512], [0.14010268691929512, 0.3598973130807049]]","[[35.98973130807049, 14.010268691929511], [14.010268691929511, 35.98973130807049]]","[[3.5989731308070487, 1.4010268691929513], [1.4010268691929513, 3.5989731308070487]]",0.179521513612991,0.179521513612991
C2_N0_np20_nq40,C2,N0,Identical-population control,,,20,40,2.0,0.5,0.5,0.5,0.5,1,1,0.10989731308070487,0.10989731308070487,0.09999999999999987,0.09999999999999987,0.0,0.0,0.14010268691929512,0.14010268691929512,2.8020537383859025,5.604107476771805,2.8020537383859025,"[[0.3598973130807049, 0.14010268691929512], [0.14010268691929512, 0.3598973130807049]]","[[0.3598973130807049, 0.14010268691929512], [0.14010268691929512, 0.3598973130807049]]","[[7.1979462616140975, 2.8020537383859025], [2.8020537383859025, 7.1979462616140975]]","[[14.395892523228195, 5.604107476771805], [5.604107476771805, 14.395892523228195]]",0.179521513612991,0.179521513612991
C2_N0_np40_nq20,C2,N0,Identical-population control,,,40,20,0.5,0.5,0.5,0.5,0.5,1,1,0.10989731308070487,0.10989731308070487,0.09999999999999987,0.09999999999999987,0.0,0.0,0.14010268691929512,0.14010268691929512,5.604107476771805,2.8020537383859025,2.8020537383859025,"[[0.3598973130807049, 0.14010268691929512], [0.14010268691929512, 0.3598973130807049]]","[[0.3598973130807049, 0.14010268691929512], [0.14010268691929512, 0.3598973130807049]]","[[14.395892523228195, 5.604107476771805], [5.604107476771805, 14.395892523228195]]","[[7.1979462616140975, 2.8020537383859025], [2.8020537383859025, 7.1979462616140975]]",0.179521513612991,0.179521513612991
C2_N0_np20_nq100,C2,N0,Identical-population control,,,20,100,5.0,0.5,0.5,0.5,0.5,1,1,0.10989731308070487,0.10989731308070487,0.09999999999999987,0.09999999999999987,0.0,0.0,0.14010268691929512,0.14010268691929512,2.8020537383859025,14.010268691929511,2.8020537383859025,"[[0.3598973130807049, 0.14010268691929512], [0.14010268691929512, 0.3598973130807049]]","[[0.3598973130807049, 0.14010268691929512], [0.14010268691929512, 0.3598973130807049]]","[[7.1979462616140975, 2.8020537383859025], [2.8020537383859025, 7.1979462616140975]]","[[35.98973130807049, 14.010268691929511], [14.010268691929511, 35.98973130807049]]",0.179521513612991,0.179521513612991
C2_N0_np100_nq20,C2,N0,Identical-population control,,,100,20,0.2,0.5,0.5,0.5,0.5,1,1,0.10989731308070487,0.10989731308070487,0.09999999999999987,0.09999999999999987,0.0,0.0,0.14010268691929512,0.14010268691929512,14.010268691929511,2.8020537383859025,2.8020537383859025,"[[0.3598973130807049, 0.14010268691929512], [0.14010268691929512, 0.3598973130807049]]","[[0.3598973130807049, 0.14010268691929512], [0.14010268691929512, 0.3598973130807049]]","[[35.98973130807049, 14.010268691929511], [14.010268691929511, 35.98973130807049]]","[[7.1979462616140975, 2.8020537383859025], [2.8020537383859025, 7.1979462616140975]]",0.179521513612991,0.179521513612991
C2_N0_np20_nq200,C2,N0,Identical-population control,,,20,200,10.0,0.5,0.5,0.5,0.5,1,1,0.10989731308070487,0.10989731308070487,0.09999999999999987,0.09999999999999987,0.0,0.0,0.14010268691929512,0.14010268691929512,2.8020537383859025,28.020537383859022,2.8020537383859025,"[[0.3598973130807049, 0.14010268691929512], [0.14010268691929512, 0.3598973130807049]]","[[0.3598973130807049, 0.14010268691929512], [0.14010268691929512, 0.3598973130807049]]","[[7.1979462616140975, 2.8020537383859025], [2.8020537383859025, 7.1979462616140975]]","[[71.97946261614098, 28.020537383859022], [28.020537383859022, 71.97946261614098]]",0.179521513612991,0.179521513612991
C2_N0_np200_nq20,C2,N0,Identical-population control,,,200,20,0.1,0.5,0.5,0.5,0.5,1,1,0.10989731308070487,0.10989731308070487,0.09999999999999987,0.09999999999999987,0.0,0.0,0.14010268691929512,0.14010268691929512,28.020537383859022,2.8020537383859025,2.8020537383859025,"[[0.3598973130807049, 0.14010268691929512], [0.14010268691929512, 0.3598973130807049]]","[[0.3598973130807049, 0.14010268691929512], [0.14010268691929512, 0.3598973130807049]]","[[71.97946261614098, 28.020537383859022], [28.020537383859022, 71.97946261614098]]","[[7.1979462616140975, 2.8020537383859025], [2.8020537383859025, 7.1979462616140975]]",0.179521513612991,0.179521513612991
C2_N0_np50_nq100,C2,N0,Identical-population control,,,50,100,2.0,0.5,0.5,0.5,0.5,1,1,0.10989731308070487,0.10989731308070487,0.09999999999999987,0.09999999999999987,0.0,0.0,0.14010268691929512,0.14010268691929512,7.0051343459647555,14.010268691929511,7.0051343459647555,"[[0.3598973130807049, 0.14010268691929512], [0.14010268691929512, 0.3598973130807049]]","[[0.3598973130807049, 0.14010268691929512], [0.14010268691929512, 0.3598973130807049]]","[[17.994865654035245, 7.0051343459647555], [7.0051343459647555, 17.994865654035245]]","[[35.98973130807049, 14.010268691929511], [14.010268691929511, 35.98973130807049]]",0.179521513612991,0.179521513612991
C2_N0_np100_nq50,C2,N0,Identical-population control,,,100,50,0.5,0.5,0.5,0.5,0.5,1,1,0.10989731308070487,0.10989731308070487,0.09999999999999987,0.09999999999999987,0.0,0.0,0.14010268691929512,0.14010268691929512,14.010268691929511,7.0051343459647555,7.0051343459647555,"[[0.3598973130807049, 0.14010268691929512], [0.14010268691929512, 0.3598973130807049]]","[[0.3598973130807049, 0.14010268691929512], [0.14010268691929512, 0.3598973130807049]]","[[35.98973130807049, 14.010268691929511], [14.010268691929511, 35.98973130807049]]","[[17.994865654035245, 7.0051343459647555], [7.0051343459647555, 17.994865654035245]]",0.179521513612991,0.179521513612991
C2_N0_np50_nq250,C2,N0,Identical-population control,,,50,250,5.0,0.5,0.5,0.5,0.5,1,1,0.10989731308070487,0.10989731308070487,0.09999999999999987,0.09999999999999987,0.0,0.0,0.14010268691929512,0.14010268691929512,7.0051343459647555,35.02567172982378,7.0051343459647555,"[[0.3598973130807049, 0.14010268691929512], [0.14010268691929512, 0.3598973130807049]]","[[0.3598973130807049, 0.14010268691929512], [0.14010268691929512, 0.3598973130807049]]","[[17.994865654035245, 7.0051343459647555], [7.0051343459647555, 17.994865654035245]]","[[89.97432827017622, 35.02567172982378], [35.02567172982378, 89.97432827017622]]",0.179521513612991,0.179521513612991
C2_N0_np250_nq50,C2,N0,Identical-population control,,,250,50,0.2,0.5,0.5,0.5,0.5,1,1,0.10989731308070487,0.10989731308070487,0.09999999999999987,0.09999999999999987,0.0,0.0,0.14010268691929512,0.14010268691929512,35.02567172982378,7.0051343459647555,7.0051343459647555,"[[0.3598973130807049, 0.14010268691929512], [0.14010268691929512, 0.3598973130807049]]","[[0.3598973130807049, 0.14010268691929512], [0.14010268691929512, 0.3598973130807049]]","[[89.97432827017622, 35.02567172982378], [35.02567172982378, 89.97432827017622]]","[[17.994865654035245, 7.0051343459647555], [7.0051343459647555, 17.994865654035245]]",0.179521513612991,0.179521513612991
C2_N0_np50_nq500,C2,N0,Identical-population control,,,50,500,10.0,0.5,0.5,0.5,0.5,1,1,0.10989731308070487,0.10989731308070487,0.09999999999999987,0.09999999999999987,0.0,0.0,0.14010268691929512,0.14010268691929512,7.0051343459647555,70.05134345964755,7.0051343459647555,"[[0.3598973130807049, 0.14010268691929512], [0.14010268691929512, 0.3598973130807049]]","[[0.3598973130807049, 0.14010268691929512], [0.14010268691929512, 0.3598973130807049]]","[[17.994865654035245, 7.0051343459647555], [7.0051343459647555, 17.994865654035245]]","[[179.94865654035243, 70.05134345964755], [70.05134345964755, 179.94865654035243]]",0.179521513612991,0.179521513612991
C2_N0_np500_nq50,C2,N0,Identical-population control,,,500,50,0.1,0.5,0.5,0.5,0.5,1,1,0.10989731308070487,0.10989731308070487,0.09999999999999987,0.09999999999999987,0.0,0.0,0.14010268691929512,0.14010268691929512,70.05134345964755,7.0051343459647555,7.0051343459647555,"[[0.3598973130807049, 0.14010268691929512], [0.14010268691929512, 0.3598973130807049]]","[[0.3598973130807049, 0.14010268691929512], [0.14010268691929512, 0.3598973130807049]]","[[179.94865654035243, 70.05134345964755], [70.05134345964755, 179.94865654035243]]","[[17.994865654035245, 7.0051343459647555], [7.0051343459647555, 17.994865654035245]]",0.179521513612991,0.179521513612991
C2_N0_np100_nq200,C2,N0,Identical-population control,,,100,200,2.0,0.5,0.5,0.5,0.5,1,1,0.10989731308070487,0.10989731308070487,0.09999999999999987,0.09999999999999987,0.0,0.0,0.14010268691929512,0.14010268691929512,14.010268691929511,28.020537383859022,14.010268691929511,"[[0.3598973130807049, 0.14010268691929512], [0.14010268691929512, 0.3598973130807049]]","[[0.3598973130807049, 0.14010268691929512], [0.14010268691929512, 0.3598973130807049]]","[[35.98973130807049, 14.010268691929511], [14.010268691929511, 35.98973130807049]]","[[71.97946261614098, 28.020537383859022], [28.020537383859022, 71.97946261614098]]",0.179521513612991,0.179521513612991
C2_N0_np200_nq100,C2,N0,Identical-population control,,,200,100,0.5,0.5,0.5,0.5,0.5,1,1,0.10989731308070487,0.10989731308070487,0.09999999999999987,0.09999999999999987,0.0,0.0,0.14010268691929512,0.14010268691929512,28.020537383859022,14.010268691929511,14.010268691929511,"[[0.3598973130807049, 0.14010268691929512], [0.14010268691929512, 0.3598973130807049]]","[[0.3598973130807049, 0.14010268691929512], [0.14010268691929512, 0.3598973130807049]]","[[71.97946261614098, 28.020537383859022], [28.020537383859022, 71.97946261614098]]","[[35.98973130807049, 14.010268691929511], [14.010268691929511, 35.98973130807049]]",0.179521513612991,0.179521513612991
C2_N0_np100_nq500,C2,N0,Identical-population control,,,100,500,5.0,0.5,0.5,0.5,0.5,1,1,0.10989731308070487,0.10989731308070487,0.09999999999999987,0.09999999999999987,0.0,0.0,0.14010268691929512,0.14010268691929512,14.010268691929511,70.05134345964755,14.010268691929511,"[[0.3598973130807049, 0.14010268691929512], [0.14010268691929512, 0.3598973130807049]]","[[0.3598973130807049, 0.14010268691929512], [0.14010268691929512, 0.3598973130807049]]","[[35.98973130807049, 14.010268691929511], [14.010268691929511, 35.98973130807049]]","[[179.94865654035243, 70.05134345964755], [70.05134345964755, 179.94865654035243]]",0.179521513612991,0.179521513612991
C2_N0_np500_nq100,C2,N0,Identical-population control,,,500,100,0.2,0.5,0.5,0.5,0.5,1,1,0.10989731308070487,0.10989731308070487,0.09999999999999987,0.09999999999999987,0.0,0.0,0.14010268691929512,0.14010268691929512,70.05134345964755,14.010268691929511,14.010268691929511,"[[0.3598973130807049, 0.14010268691929512], [0.14010268691929512, 0.3598973130807049]]","[[0.3598973130807049, 0.14010268691929512], [0.14010268691929512, 0.3598973130807049]]","[[179.94865654035243, 70.05134345964755], [70.05134345964755, 179.94865654035243]]","[[35.98973130807049, 14.010268691929511], [14.010268691929511, 35.98973130807049]]",0.179521513612991,0.179521513612991
C2_N0_np100_nq1000,C2,N0,Identical-population control,,,100,1000,10.0,0.5,0.5,0.5,0.5,1,1,0.10989731308070487,0.10989731308070487,0.09999999999999987,0.09999999999999987,0.0,0.0,0.14010268691929512,0.14010268691929512,14.010268691929511,140.1026869192951,14.010268691929511,"[[0.3598973130807049, 0.14010268691929512], [0.14010268691929512, 0.3598973130807049]]","[[0.3598973130807049, 0.14010268691929512], [0.14010268691929512, 0.3598973130807049]]","[[35.98973130807049, 14.010268691929511], [14.010268691929511, 35.98973130807049]]","[[359.89731308070486, 140.1026869192951], [140.1026869192951, 359.89731308070486]]",0.179521513612991,0.179521513612991
C2_N0_np1000_nq100,C2,N0,Identical-population control,,,1000,100,0.1,0.5,0.5,0.5,0.5,1,1,0.10989731308070487,0.10989731308070487,0.09999999999999987,0.09999999999999987,0.0,0.0,0.14010268691929512,0.14010268691929512,140.1026869192951,14.010268691929511,14.010268691929511,"[[0.3598973130807049, 0.14010268691929512], [0.14010268691929512, 0.3598973130807049]]","[[0.3598973130807049, 0.14010268691929512], [0.14010268691929512, 0.3598973130807049]]","[[359.89731308070486, 140.1026869192951], [140.1026869192951, 359.89731308070486]]","[[35.98973130807049, 14.010268691929511], [14.010268691929511, 35.98973130807049]]",0.179521513612991,0.179521513612991
C2_N0_np200_nq400,C2,N0,Identical-population control,,,200,400,2.0,0.5,0.5,0.5,0.5,1,1,0.10989731308070487,0.10989731308070487,0.09999999999999987,0.09999999999999987,0.0,0.0,0.14010268691929512,0.14010268691929512,28.020537383859022,56.041074767718044,28.020537383859022,"[[0.3598973130807049, 0.14010268691929512], [0.14010268691929512, 0.3598973130807049]]","[[0.3598973130807049, 0.14010268691929512], [0.14010268691929512, 0.3598973130807049]]","[[71.97946261614098, 28.020537383859022], [28.020537383859022, 71.97946261614098]]","[[143.95892523228196, 56.041074767718044], [56.041074767718044, 143.95892523228196]]",0.179521513612991,0.179521513612991
C2_N0_np400_nq200,C2,N0,Identical-population control,,,400,200,0.5,0.5,0.5,0.5,0.5,1,1,0.10989731308070487,0.10989731308070487,0.09999999999999987,0.09999999999999987,0.0,0.0,0.14010268691929512,0.14010268691929512,56.041074767718044,28.020537383859022,28.020537383859022,"[[0.3598973130807049, 0.14010268691929512], [0.14010268691929512, 0.3598973130807049]]","[[0.3598973130807049, 0.14010268691929512], [0.14010268691929512, 0.3598973130807049]]","[[143.95892523228196, 56.041074767718044], [56.041074767718044, 143.95892523228196]]","[[71.97946261614098, 28.020537383859022], [28.020537383859022, 71.97946261614098]]",0.179521513612991,0.179521513612991
C2_N0_np200_nq1000,C2,N0,Identical-population control,,,200,1000,5.0,0.5,0.5,0.5,0.5,1,1,0.10989731308070487,0.10989731308070487,0.09999999999999987,0.09999999999999987,0.0,0.0,0.14010268691929512,0.14010268691929512,28.020537383859022,140.1026869192951,28.020537383859022,"[[0.3598973130807049, 0.14010268691929512], [0.14010268691929512, 0.3598973130807049]]","[[0.3598973130807049, 0.14010268691929512], [0.14010268691929512, 0.3598973130807049]]","[[71.97946261614098, 28.020537383859022], [28.020537383859022, 71.97946261614098]]","[[359.89731308070486, 140.1026869192951], [140.1026869192951, 359.89731308070486]]",0.179521513612991,0.179521513612991
C2_N0_np1000_nq200,C2,N0,Identical-population control,,,1000,200,0.2,0.5,0.5,0.5,0.5,1,1,0.10989731308070487,0.10989731308070487,0.09999999999999987,0.09999999999999987,0.0,0.0,0.14010268691929512,0.14010268691929512,140.1026869192951,28.020537383859022,28.020537383859022,"[[0.3598973130807049, 0.14010268691929512], [0.14010268691929512, 0.3598973130807049]]","[[0.3598973130807049, 0.14010268691929512], [0.14010268691929512, 0.3598973130807049]]","[[359.89731308070486, 140.1026869192951], [140.1026869192951, 359.89731308070486]]","[[71.97946261614098, 28.020537383859022], [28.020537383859022, 71.97946261614098]]",0.179521513612991,0.179521513612991
C2_N0_np200_nq2000,C2,N0,Identical-population control,,,200,2000,10.0,0.5,0.5,0.5,0.5,1,1,0.10989731308070487,0.10989731308070487,0.09999999999999987,0.09999999999999987,0.0,0.0,0.14010268691929512,0.14010268691929512,28.020537383859022,280.2053738385902,28.020537383859022,"[[0.3598973130807049, 0.14010268691929512], [0.14010268691929512, 0.3598973130807049]]","[[0.3598973130807049, 0.14010268691929512], [0.14010268691929512, 0.3598973130807049]]","[[71.97946261614098, 28.020537383859022], [28.020537383859022, 71.97946261614098]]","[[719.7946261614097, 280.2053738385902], [280.2053738385902, 719.7946261614097]]",0.179521513612991,0.179521513612991
C2_N0_np2000_nq200,C2,N0,Identical-population control,,,2000,200,0.1,0.5,0.5,0.5,0.5,1,1,0.10989731308070487,0.10989731308070487,0.09999999999999987,0.09999999999999987,0.0,0.0,0.14010268691929512,0.14010268691929512,280.2053738385902,28.020537383859022,28.020537383859022,"[[0.3598973130807049, 0.14010268691929512], [0.14010268691929512, 0.3598973130807049]]","[[0.3598973130807049, 0.14010268691929512], [0.14010268691929512, 0.3598973130807049]]","[[719.7946261614097, 280.2053738385902], [280.2053738385902, 719.7946261614097]]","[[71.97946261614098, 28.020537383859022], [28.020537383859022, 71.97946261614098]]",0.179521513612991,0.179521513612991
C2_N3_np10_nq20,C2,N3,One skewed population,,,10,20,2.0,0.3,0.4,0.1,0.3,1,1,0.05528109983181547,0.03540416313577926,0.03000000000000036,0.029999999999678284,3.220756994437579e-13,0.0,0.12471890016818452,0.034595836864220735,1.2471890016818452,0.6919167372844147,0.6919167372844147,"[[0.47528109983181543, 0.2247189001681845], [0.12471890016818452, 0.17528109983181547]]","[[0.6654041631357792, 0.23459583686422075], [0.034595836864220735, 0.06540416313577926]]","[[4.752810998318155, 2.247189001681845], [1.2471890016818452, 1.7528109983181548]]","[[13.308083262715584, 4.691916737284415], [0.6919167372844147, 1.3080832627155852]]",0.05919008954132586,0.0626368161702698
C2_N3_np20_nq10,C2,N3,One skewed population,,,20,10,0.5,0.3,0.4,0.1,0.3,1,1,0.05528109983181547,0.03540416313577926,0.03000000000000036,0.029999999999678284,3.220756994437579e-13,0.0,0.12471890016818452,0.034595836864220735,2.4943780033636904,0.34595836864220736,0.34595836864220736,"[[0.47528109983181543, 0.2247189001681845], [0.12471890016818452, 0.17528109983181547]]","[[0.6654041631357792, 0.23459583686422075], [0.034595836864220735, 0.06540416313577926]]","[[9.50562199663631, 4.49437800336369], [2.4943780033636904, 3.5056219966363096]]","[[6.654041631357792, 2.3459583686422074], [0.34595836864220736, 0.6540416313577926]]",0.05919008954132586,0.0626368161702698
C2_N3_np10_nq50,C2,N3,One skewed population,,,10,50,5.0,0.3,0.4,0.1,0.3,1,1,0.05528109983181547,0.03540416313577926,0.03000000000000036,0.029999999999678284,3.220756994437579e-13,0.0,0.12471890016818452,0.034595836864220735,1.2471890016818452,1.7297918432110366,1.2471890016818452,"[[0.47528109983181543, 0.2247189001681845], [0.12471890016818452, 0.17528109983181547]]","[[0.6654041631357792, 0.23459583686422075], [0.034595836864220735, 0.06540416313577926]]","[[4.752810998318155, 2.247189001681845], [1.2471890016818452, 1.7528109983181548]]","[[33.27020815678896, 11.729791843211038], [1.7297918432110366, 3.2702081567889634]]",0.05919008954132586,0.0626368161702698
C2_N3_np50_nq10,C2,N3,One skewed population,,,50,10,0.2,0.3,0.4,0.1,0.3,1,1,0.05528109983181547,0.03540416313577926,0.03000000000000036,0.029999999999678284,3.220756994437579e-13,0.0,0.12471890016818452,0.034595836864220735,6.235945008409225,0.34595836864220736,0.34595836864220736,"[[0.47528109983181543, 0.2247189001681845], [0.12471890016818452, 0.17528109983181547]]","[[0.6654041631357792, 0.23459583686422075], [0.034595836864220735, 0.06540416313577926]]","[[23.764054991590772, 11.235945008409224], [6.235945008409225, 8.764054991590774]]","[[6.654041631357792, 2.3459583686422074], [0.34595836864220736, 0.6540416313577926]]",0.05919008954132586,0.0626368161702698
C2_N3_np10_nq100,C2,N3,One skewed population,,,10,100,10.0,0.3,0.4,0.1,0.3,1,1,0.05528109983181547,0.03540416313577926,0.03000000000000036,0.029999999999678284,3.220756994437579e-13,0.0,0.12471890016818452,0.034595836864220735,1.2471890016818452,3.4595836864220733,1.2471890016818452,"[[0.47528109983181543, 0.2247189001681845], [0.12471890016818452, 0.17528109983181547]]","[[0.6654041631357792, 0.23459583686422075], [0.034595836864220735, 0.06540416313577926]]","[[4.752810998318155, 2.247189001681845], [1.2471890016818452, 1.7528109983181548]]","[[66.54041631357792, 23.459583686422075], [3.4595836864220733, 6.540416313577927]]",0.05919008954132586,0.0626368161702698
C2_N3_np100_nq10,C2,N3,One skewed population,,,100,10,0.1,0.3,0.4,0.1,0.3,1,1,0.05528109983181547,0.03540416313577926,0.03000000000000036,0.029999999999678284,3.220756994437579e-13,0.0,0.12471890016818452,0.034595836864220735,12.47189001681845,0.34595836864220736,0.34595836864220736,"[[0.47528109983181543, 0.2247189001681845], [0.12471890016818452, 0.17528109983181547]]","[[0.6654041631357792, 0.23459583686422075], [0.034595836864220735, 0.06540416313577926]]","[[47.528109983181544, 22.47189001681845], [12.47189001681845, 17.528109983181547]]","[[6.654041631357792, 2.3459583686422074], [0.34595836864220736, 0.6540416313577926]]",0.05919008954132586,0.0626368161702698
C2_N3_np20_nq40,C2,N3,One skewed population,,,20,40,2.0,0.3,0.4,0.1,0.3,1,1,0.05528109983181547,0.03540416313577926,0.03000000000000036,0.029999999999678284,3.220756994437579e-13,0.0,0.12471890016818452,0.034595836864220735,2.4943780033636904,1.3838334745688294,1.3838334745688294,"[[0.47528109983181543, 0.2247189001681845], [0.12471890016818452, 0.17528109983181547]]","[[0.6654041631357792, 0.23459583686422075], [0.034595836864220735, 0.06540416313577926]]","[[9.50562199663631, 4.49437800336369], [2.4943780033636904, 3.5056219966363096]]","[[26.61616652543117, 9.38383347456883], [1.3838334745688294, 2.6161665254311703]]",0.05919008954132586,0.0626368161702698
C2_N3_np40_nq20,C2,N3,One skewed population,,,40,20,0.5,0.3,0.4,0.1,0.3,1,1,0.05528109983181547,0.03540416313577926,0.03000000000000036,0.029999999999678284,3.220756994437579e-13,0.0,0.12471890016818452,0.034595836864220735,4.988756006727381,0.6919167372844147,0.6919167372844147,"[[0.47528109983181543, 0.2247189001681845], [0.12471890016818452, 0.17528109983181547]]","[[0.6654041631357792, 0.23459583686422075], [0.034595836864220735, 0.06540416313577926]]","[[19.01124399327262, 8.98875600672738], [4.988756006727381, 7.011243993272619]]","[[13.308083262715584, 4.691916737284415], [0.6919167372844147, 1.3080832627155852]]",0.05919008954132586,0.0626368161702698
C2_N3_np20_nq100,C2,N3,One skewed population,,,20,100,5.0,0.3,0.4,0.1,0.3,1,1,0.05528109983181547,0.03540416313577926,0.03000000000000036,0.029999999999678284,3.220756994437579e-13,0.0,0.12471890016818452,0.034595836864220735,2.4943780033636904,3.4595836864220733,2.4943780033636904,"[[0.47528109983181543, 0.2247189001681845], [0.12471890016818452, 0.17528109983181547]]","[[0.6654041631357792, 0.23459583686422075], [0.034595836864220735, 0.06540416313577926]]","[[9.50562199663631, 4.49437800336369], [2.4943780033636904, 3.5056219966363096]]","[[66.54041631357792, 23.459583686422075], [3.4595836864220733, 6.540416313577927]]",0.05919008954132586,0.0626368161702698
C2_N3_np100_nq20,C2,N3,One skewed population,,,100,20,0.2,0.3,0.4,0.1,0.3,1,1,0.05528109983181547,0.03540416313577926,0.03000000000000036,0.029999999999678284,3.220756994437579e-13,0.0,0.12471890016818452,0.034595836864220735,12.47189001681845,0.6919167372844147,0.6919167372844147,"[[0.47528109983181543, 0.2247189001681845], [0.12471890016818452, 0.17528109983181547]]","[[0.6654041631357792, 0.23459583686422075], [0.034595836864220735, 0.06540416313577926]]","[[47.528109983181544, 22.47189001681845], [12.47189001681845, 17.528109983181547]]","[[13.308083262715584, 4.691916737284415], [0.6919167372844147, 1.3080832627155852]]",0.05919008954132586,0.0626368161702698
C2_N3_np20_nq200,C2,N3,One skewed population,,,20,200,10.0,0.3,0.4,0.1,0.3,1,1,0.05528109983181547,0.03540416313577926,0.03000000000000036,0.029999999999678284,3.220756994437579e-13,0.0,0.12471890016818452,0.034595836864220735,2.4943780033636904,6.9191673728441465,2.4943780033636904,"[[0.47528109983181543, 0.2247189001681845], [0.12471890016818452, 0.17528109983181547]]","[[0.6654041631357792, 0.23459583686422075], [0.034595836864220735, 0.06540416313577926]]","[[9.50562199663631, 4.49437800336369], [2.4943780033636904, 3.5056219966363096]]","[[133.08083262715584, 46.91916737284415], [6.9191673728441465, 13.080832627155853]]",0.05919008954132586,0.0626368161702698
C2_N3_np200_nq20,C2,N3,One skewed population,,,200,20,0.1,0.3,0.4,0.1,0.3,1,1,0.05528109983181547,0.03540416313577926,0.03000000000000036,0.029999999999678284,3.220756994437579e-13,0.0,0.12471890016818452,0.034595836864220735,24.9437800336369,0.6919167372844147,0.6919167372844147,"[[0.47528109983181543, 0.2247189001681845], [0.12471890016818452, 0.17528109983181547]]","[[0.6654041631357792, 0.23459583686422075], [0.034595836864220735, 0.06540416313577926]]","[[95.05621996636309, 44.9437800336369], [24.9437800336369, 35.056219966363095]]","[[13.308083262715584, 4.691916737284415], [0.6919167372844147, 1.3080832627155852]]",0.05919008954132586,0.0626368161702698
C2_N3_np50_nq100,C2,N3,One skewed population,,,50,100,2.0,0.3,0.4,0.1,0.3,1,1,0.05528109983181547,0.03540416313577926,0.03000000000000036,0.029999999999678284,3.220756994437579e-13,0.0,0.12471890016818452,0.034595836864220735,6.235945008409225,3.4595836864220733,3.4595836864220733,"[[0.47528109983181543, 0.2247189001681845], [0.12471890016818452, 0.17528109983181547]]","[[0.6654041631357792, 0.23459583686422075], [0.034595836864220735, 0.06540416313577926]]","[[23.764054991590772, 11.235945008409224], [6.235945008409225, 8.764054991590774]]","[[66.54041631357792, 23.459583686422075], [3.4595836864220733, 6.540416313577927]]",0.05919008954132586,0.0626368161702698
C2_N3_np100_nq50,C2,N3,One skewed population,,,100,50,0.5,0.3,0.4,0.1,0.3,1,1,0.05528109983181547,0.03540416313577926,0.03000000000000036,0.029999999999678284,3.220756994437579e-13,0.0,0.12471890016818452,0.034595836864220735,12.47189001681845,1.7297918432110366,1.7297918432110366,"[[0.47528109983181543, 0.2247189001681845], [0.12471890016818452, 0.17528109983181547]]","[[0.6654041631357792, 0.23459583686422075], [0.034595836864220735, 0.06540416313577926]]","[[47.528109983181544, 22.47189001681845], [12.47189001681845, 17.528109983181547]]","[[33.27020815678896, 11.729791843211038], [1.7297918432110366, 3.2702081567889634]]",0.05919008954132586,0.0626368161702698
C2_N3_np50_nq250,C2,N3,One skewed population,,,50,250,5.0,0.3,0.4,0.1,0.3,1,1,0.05528109983181547,0.03540416313577926,0.03000000000000036,0.029999999999678284,3.220756994437579e-13,0.0,0.12471890016818452,0.034595836864220735,6.235945008409225,8.648959216055184,6.235945008409225,"[[0.47528109983181543, 0.2247189001681845], [0.12471890016818452, 0.17528109983181547]]","[[0.6654041631357792, 0.23459583686422075], [0.034595836864220735, 0.06540416313577926]]","[[23.764054991590772, 11.235945008409224], [6.235945008409225, 8.764054991590774]]","[[166.3510407839448, 58.64895921605519], [8.648959216055184, 16.351040783944818]]",0.05919008954132586,0.0626368161702698
C2_N3_np250_nq50,C2,N3,One skewed population,,,250,50,0.2,0.3,0.4,0.1,0.3,1,1,0.05528109983181547,0.03540416313577926,0.03000000000000036,0.029999999999678284,3.220756994437579e-13,0.0,0.12471890016818452,0.034595836864220735,31.17972504204613,1.7297918432110366,1.7297918432110366,"[[0.47528109983181543, 0.2247189001681845], [0.12471890016818452, 0.17528109983181547]]","[[0.6654041631357792, 0.23459583686422075], [0.034595836864220735, 0.06540416313577926]]","[[118.82027495795386, 56.17972504204612], [31.17972504204613, 43.82027495795387]]","[[33.27020815678896, 11.729791843211038], [1.7297918432110366, 3.2702081567889634]]",0.05919008954132586,0.0626368161702698
C2_N3_np50_nq500,C2,N3,One skewed population,,,50,500,10.0,0.3,0.4,0.1,0.3,1,1,0.05528109983181547,0.03540416313577926,0.03000000000000036,0.029999999999678284,3.220756994437579e-13,0.0,0.12471890016818452,0.034595836864220735,6.235945008409225,17.297918432110368,6.235945008409225,"[[0.47528109983181543, 0.2247189001681845], [0.12471890016818452, 0.17528109983181547]]","[[0.6654041631357792, 0.23459583686422075], [0.034595836864220735, 0.06540416313577926]]","[[23.764054991590772, 11.235945008409224], [6.235945008409225, 8.764054991590774]]","[[332.7020815678896, 117.29791843211038], [17.297918432110368, 32.702081567889635]]",0.05919008954132586,0.0626368161702698
C2_N3_np500_nq50,C2,N3,One skewed population,,,500,50,0.1,0.3,0.4,0.1,0.3,1,1,0.05528109983181547,0.03540416313577926,0.03000000000000036,0.029999999999678284,3.220756994437579e-13,0.0,0.12471890016818452,0.034595836864220735,62.35945008409226,1.7297918432110366,1.7297918432110366,"[[0.47528109983181543, 0.2247189001681845], [0.12471890016818452, 0.17528109983181547]]","[[0.6654041631357792, 0.23459583686422075], [0.034595836864220735, 0.06540416313577926]]","[[237.6405499159077, 112.35945008409224], [62.35945008409226, 87.64054991590774]]","[[33.27020815678896, 11.729791843211038], [1.7297918432110366, 3.2702081567889634]]",0.05919008954132586,0.0626368161702698
C2_N3_np100_nq200,C2,N3,One skewed population,,,100,200,2.0,0.3,0.4,0.1,0.3,1,1,0.05528109983181547,0.03540416313577926,0.03000000000000036,0.029999999999678284,3.220756994437579e-13,0.0,0.12471890016818452,0.034595836864220735,12.47189001681845,6.9191673728441465,6.9191673728441465,"[[0.47528109983181543, 0.2247189001681845], [0.12471890016818452, 0.17528109983181547]]","[[0.6654041631357792, 0.23459583686422075], [0.034595836864220735, 0.06540416313577926]]","[[47.528109983181544, 22.47189001681845], [12.47189001681845, 17.528109983181547]]","[[133.08083262715584, 46.91916737284415], [6.9191673728441465, 13.080832627155853]]",0.05919008954132586,0.0626368161702698
C2_N3_np200_nq100,C2,N3,One skewed population,,,200,100,0.5,0.3,0.4,0.1,0.3,1,1,0.05528109983181547,0.03540416313577926,0.03000000000000036,0.029999999999678284,3.220756994437579e-13,0.0,0.12471890016818452,0.034595836864220735,24.9437800336369,3.4595836864220733,3.4595836864220733,"[[0.47528109983181543, 0.2247189001681845], [0.12471890016818452, 0.17528109983181547]]","[[0.6654041631357792, 0.23459583686422075], [0.034595836864220735, 0.06540416313577926]]","[[95.05621996636309, 44.9437800336369], [24.9437800336369, 35.056219966363095]]","[[66.54041631357792, 23.459583686422075], [3.4595836864220733, 6.540416313577927]]",0.05919008954132586,0.0626368161702698
C2_N3_np100_nq500,C2,N3,One skewed population,,,100,500,5.0,0.3,0.4,0.1,0.3,1,1,0.05528109983181547,0.03540416313577926,0.03000000000000036,0.029999999999678284,3.220756994437579e-13,0.0,0.12471890016818452,0.034595836864220735,12.47189001681845,17.297918432110368,12.47189001681845,"[[0.47528109983181543, 0.2247189001681845], [0.12471890016818452, 0.17528109983181547]]","[[0.6654041631357792, 0.23459583686422075], [0.034595836864220735, 0.06540416313577926]]","[[47.528109983181544, 22.47189001681845], [12.47189001681845, 17.528109983181547]]","[[332.7020815678896, 117.29791843211038], [17.297918432110368, 32.702081567889635]]",0.05919008954132586,0.0626368161702698
C2_N3_np500_nq100,C2,N3,One skewed population,,,500,100,0.2,0.3,0.4,0.1,0.3,1,1,0.05528109983181547,0.03540416313577926,0.03000000000000036,0.029999999999678284,3.220756994437579e-13,0.0,0.12471890016818452,0.034595836864220735,62.35945008409226,3.4595836864220733,3.4595836864220733,"[[0.47528109983181543, 0.2247189001681845], [0.12471890016818452, 0.17528109983181547]]","[[0.6654041631357792, 0.23459583686422075], [0.034595836864220735, 0.06540416313577926]]","[[237.6405499159077, 112.35945008409224], [62.35945008409226, 87.64054991590774]]","[[66.54041631357792, 23.459583686422075], [3.4595836864220733, 6.540416313577927]]",0.05919008954132586,0.0626368161702698
C2_N3_np100_nq1000,C2,N3,One skewed population,,,100,1000,10.0,0.3,0.4,0.1,0.3,1,1,0.05528109983181547,0.03540416313577926,0.03000000000000036,0.029999999999678284,3.220756994437579e-13,0.0,0.12471890016818452,0.034595836864220735,12.47189001681845,34.595836864220736,12.47189001681845,"[[0.47528109983181543, 0.2247189001681845], [0.12471890016818452, 0.17528109983181547]]","[[0.6654041631357792, 0.23459583686422075], [0.034595836864220735, 0.06540416313577926]]","[[47.528109983181544, 22.47189001681845], [12.47189001681845, 17.528109983181547]]","[[665.4041631357792, 234.59583686422076], [34.595836864220736, 65.40416313577927]]",0.05919008954132586,0.0626368161702698
C2_N3_np1000_nq100,C2,N3,One skewed population,,,1000,100,0.1,0.3,0.4,0.1,0.3,1,1,0.05528109983181547,0.03540416313577926,0.03000000000000036,0.029999999999678284,3.220756994437579e-13,0.0,0.12471890016818452,0.034595836864220735,124.71890016818452,3.4595836864220733,3.4595836864220733,"[[0.47528109983181543, 0.2247189001681845], [0.12471890016818452, 0.17528109983181547]]","[[0.6654041631357792, 0.23459583686422075], [0.034595836864220735, 0.06540416313577926]]","[[475.2810998318154, 224.7189001681845], [124.71890016818452, 175.28109983181548]]","[[66.54041631357792, 23.459583686422075], [3.4595836864220733, 6.540416313577927]]",0.05919008954132586,0.0626368161702698
C2_N3_np200_nq400,C2,N3,One skewed population,,,200,400,2.0,0.3,0.4,0.1,0.3,1,1,0.05528109983181547,0.03540416313577926,0.03000000000000036,0.029999999999678284,3.220756994437579e-13,0.0,0.12471890016818452,0.034595836864220735,24.9437800336369,13.838334745688293,13.838334745688293,"[[0.47528109983181543, 0.2247189001681845], [0.12471890016818452, 0.17528109983181547]]","[[0.6654041631357792, 0.23459583686422075], [0.034595836864220735, 0.06540416313577926]]","[[95.05621996636309, 44.9437800336369], [24.9437800336369, 35.056219966363095]]","[[266.1616652543117, 93.8383347456883], [13.838334745688293, 26.161665254311707]]",0.05919008954132586,0.0626368161702698
C2_N3_np400_nq200,C2,N3,One skewed population,,,400,200,0.5,0.3,0.4,0.1,0.3,1,1,0.05528109983181547,0.03540416313577926,0.03000000000000036,0.029999999999678284,3.220756994437579e-13,0.0,0.12471890016818452,0.034595836864220735,49.8875600672738,6.9191673728441465,6.9191673728441465,"[[0.47528109983181543, 0.2247189001681845], [0.12471890016818452, 0.17528109983181547]]","[[0.6654041631357792, 0.23459583686422075], [0.034595836864220735, 0.06540416313577926]]","[[190.11243993272618, 89.8875600672738], [49.8875600672738, 70.11243993272619]]","[[133.08083262715584, 46.91916737284415], [6.9191673728441465, 13.080832627155853]]",0.05919008954132586,0.0626368161702698
C2_N3_np200_nq1000,C2,N3,One skewed population,,,200,1000,5.0,0.3,0.4,0.1,0.3,1,1,0.05528109983181547,0.03540416313577926,0.03000000000000036,0.029999999999678284,3.220756994437579e-13,0.0,0.12471890016818452,0.034595836864220735,24.9437800336369,34.595836864220736,24.9437800336369,"[[0.47528109983181543, 0.2247189001681845], [0.12471890016818452, 0.17528109983181547]]","[[0.6654041631357792, 0.23459583686422075], [0.034595836864220735, 0.06540416313577926]]","[[95.05621996636309, 44.9437800336369], [24.9437800336369, 35.056219966363095]]","[[665.4041631357792, 234.59583686422076], [34.595836864220736, 65.40416313577927]]",0.05919008954132586,0.0626368161702698
C2_N3_np1000_nq200,C2,N3,One skewed population,,,1000,200,0.2,0.3,0.4,0.1,0.3,1,1,0.05528109983181547,0.03540416313577926,0.03000000000000036,0.029999999999678284,3.220756994437579e-13,0.0,0.12471890016818452,0.034595836864220735,124.71890016818452,6.9191673728441465,6.9191673728441465,"[[0.47528109983181543, 0.2247189001681845], [0.12471890016818452, 0.17528109983181547]]","[[0.6654041631357792, 0.23459583686422075], [0.034595836864220735, 0.06540416313577926]]","[[475.2810998318154, 224.7189001681845], [124.71890016818452, 175.28109983181548]]","[[133.08083262715584, 46.91916737284415], [6.9191673728441465, 13.080832627155853]]",0.05919008954132586,0.0626368161702698
C2_N3_np200_nq2000,C2,N3,One skewed population,,,200,2000,10.0,0.3,0.4,0.1,0.3,1,1,0.05528109983181547,0.03540416313577926,0.03000000000000036,0.029999999999678284,3.220756994437579e-13,0.0,0.12471890016818452,0.034595836864220735,24.9437800336369,69.19167372844147,24.9437800336369,"[[0.47528109983181543, 0.2247189001681845], [0.12471890016818452, 0.17528109983181547]]","[[0.6654041631357792, 0.23459583686422075], [0.034595836864220735, 0.06540416313577926]]","[[95.05621996636309, 44.9437800336369], [24.9437800336369, 35.056219966363095]]","[[1330.8083262715584, 469.1916737284415], [69.19167372844147, 130.80832627155854]]",0.05919008954132586,0.0626368161702698
C2_N3_np2000_nq200,C2,N3,One skewed population,,,2000,200,0.1,0.3,0.4,0.1,0.3,1,1,0.05528109983181547,0.03540416313577926,0.03000000000000036,0.029999999999678284,3.220756994437579e-13,0.0,0.12471890016818452,0.034595836864220735,249.43780033636904,6.9191673728441465,6.9191673728441465,"[[0.47528109983181543, 0.2247189001681845], [0.12471890016818452, 0.17528109983181547]]","[[0.6654041631357792, 0.23459583686422075], [0.034595836864220735, 0.06540416313577926]]","[[950.5621996636308, 449.437800336369], [249.43780033636904, 350.56219966363096]]","[[133.08083262715584, 46.91916737284415], [6.9191673728441465, 13.080832627155853]]",0.05919008954132586,0.0626368161702698
C2_N5_np10_nq20,C2,N5,Extreme rare categories,,,10,20,2.0,0.02,0.02,0.01,0.05,1,1,0.0030939959260929376,0.0032285363215047583,0.005000000000104227,0.005000000000000088,1.0413891970983968e-13,0.0,0.0034939959260929378,0.0037285363215047583,0.034939959260929375,0.07457072643009517,0.034939959260929375,"[[0.9634939959260929, 0.016506004073907062], [0.016506004073907062, 0.0034939959260929378]]","[[0.9437285363215048, 0.046271463678495245], [0.0062714636784952415, 0.0037285363215047583]]","[[9.63493995926093, 0.16506004073907063], [0.16506004073907063, 0.034939959260929375]]","[[18.874570726430097, 0.9254292735699049], [0.12542927356990483, 0.07457072643009517]]",0.017371902999954544,0.01632926472619308
C2_N5_np20_nq10,C2,N5,Extreme rare categories,,,20,10,0.5,0.02,0.02,0.01,0.05,1,1,0.0030939959260929376,0.0032285363215047583,0.005000000000104227,0.005000000000000088,1.0413891970983968e-13,0.0,0.0034939959260929378,0.0037285363215047583,0.06987991852185875,0.037285363215047586,0.037285363215047586,"[[0.9634939959260929, 0.016506004073907062], [0.016506004073907062, 0.0034939959260929378]]","[[0.9437285363215048, 0.046271463678495245], [0.0062714636784952415, 0.0037285363215047583]]","[[19.26987991852186, 0.33012008147814126], [0.33012008147814126, 0.06987991852185875]]","[[9.437285363215048, 0.46271463678495245], [0.06271463678495241, 0.037285363215047586]]",0.017371902999954544,0.01632926472619308
C2_N5_np10_nq50,C2,N5,Extreme rare categories,,,10,50,5.0,0.02,0.02,0.01,0.05,1,1,0.0030939959260929376,0.0032285363215047583,0.005000000000104227,0.005000000000000088,1.0413891970983968e-13,0.0,0.0034939959260929378,0.0037285363215047583,0.034939959260929375,0.18642681607523792,0.034939959260929375,"[[0.9634939959260929, 0.016506004073907062], [0.016506004073907062, 0.0034939959260929378]]","[[0.9437285363215048, 0.046271463678495245], [0.0062714636784952415, 0.0037285363215047583]]","[[9.63493995926093, 0.16506004073907063], [0.16506004073907063, 0.034939959260929375]]","[[47.18642681607524, 2.3135731839247624], [0.3135731839247621, 0.18642681607523792]]",0.017371902999954544,0.01632926472619308
C2_N5_np50_nq10,C2,N5,Extreme rare categories,,,50,10,0.2,0.02,0.02,0.01,0.05,1,1,0.0030939959260929376,0.0032285363215047583,0.005000000000104227,0.005000000000000088,1.0413891970983968e-13,0.0,0.0034939959260929378,0.0037285363215047583,0.17469979630464688,0.037285363215047586,0.037285363215047586,"[[0.9634939959260929, 0.016506004073907062], [0.016506004073907062, 0.0034939959260929378]]","[[0.9437285363215048, 0.046271463678495245], [0.0062714636784952415, 0.0037285363215047583]]","[[48.174699796304644, 0.8253002036953531], [0.8253002036953531, 0.17469979630464688]]","[[9.437285363215048, 0.46271463678495245], [0.06271463678495241, 0.037285363215047586]]",0.017371902999954544,0.01632926472619308
C2_N5_np10_nq100,C2,N5,Extreme rare categories,,,10,100,10.0,0.02,0.02,0.01,0.05,1,1,0.0030939959260929376,0.0032285363215047583,0.005000000000104227,0.005000000000000088,1.0413891970983968e-13,0.0,0.0034939959260929378,0.0037285363215047583,0.034939959260929375,0.37285363215047584,0.034939959260929375,"[[0.9634939959260929, 0.016506004073907062], [0.016506004073907062, 0.0034939959260929378]]","[[0.9437285363215048, 0.046271463678495245], [0.0062714636784952415, 0.0037285363215047583]]","[[9.63493995926093, 0.16506004073907063], [0.16506004073907063, 0.034939959260929375]]","[[94.37285363215048, 4.627146367849525], [0.6271463678495242, 0.37285363215047584]]",0.017371902999954544,0.01632926472619308
C2_N5_np100_nq10,C2,N5,Extreme rare categories,,,100,10,0.1,0.02,0.02,0.01,0.05,1,1,0.0030939959260929376,0.0032285363215047583,0.005000000000104227,0.005000000000000088,1.0413891970983968e-13,0.0,0.0034939959260929378,0.0037285363215047583,0.34939959260929376,0.037285363215047586,0.037285363215047586,"[[0.9634939959260929, 0.016506004073907062], [0.016506004073907062, 0.0034939959260929378]]","[[0.9437285363215048, 0.046271463678495245], [0.0062714636784952415, 0.0037285363215047583]]","[[96.34939959260929, 1.6506004073907061], [1.6506004073907061, 0.34939959260929376]]","[[9.437285363215048, 0.46271463678495245], [0.06271463678495241, 0.037285363215047586]]",0.017371902999954544,0.01632926472619308
C2_N5_np20_nq40,C2,N5,Extreme rare categories,,,20,40,2.0,0.02,0.02,0.01,0.05,1,1,0.0030939959260929376,0.0032285363215047583,0.005000000000104227,0.005000000000000088,1.0413891970983968e-13,0.0,0.0034939959260929378,0.0037285363215047583,0.06987991852185875,0.14914145286019034,0.06987991852185875,"[[0.9634939959260929, 0.016506004073907062], [0.016506004073907062, 0.0034939959260929378]]","[[0.9437285363215048, 0.046271463678495245], [0.0062714636784952415, 0.0037285363215047583]]","[[19.26987991852186, 0.33012008147814126], [0.33012008147814126, 0.06987991852185875]]","[[37.749141452860194, 1.8508585471398098], [0.25085854713980965, 0.14914145286019034]]",0.017371902999954544,0.01632926472619308
C2_N5_np40_nq20,C2,N5,Extreme rare categories,,,40,20,0.5,0.02,0.02,0.01,0.05,1,1,0.0030939959260929376,0.0032285363215047583,0.005000000000104227,0.005000000000000088,1.0413891970983968e-13,0.0,0.0034939959260929378,0.0037285363215047583,0.1397598370437175,0.07457072643009517,0.07457072643009517,"[[0.9634939959260929, 0.016506004073907062], [0.016506004073907062, 0.0034939959260929378]]","[[0.9437285363215048, 0.046271463678495245], [0.0062714636784952415, 0.0037285363215047583]]","[[38.53975983704372, 0.6602401629562825], [0.6602401629562825, 0.1397598370437175]]","[[18.874570726430097, 0.9254292735699049], [0.12542927356990483, 0.07457072643009517]]",0.017371902999954544,0.01632926472619308
C2_N5_np20_nq100,C2,N5,Extreme rare categories,,,20,100,5.0,0.02,0.02,0.01,0.05,1,1,0.0030939959260929376,0.0032285363215047583,0.005000000000104227,0.005000000000000088,1.0413891970983968e-13,0.0,0.0034939959260929378,0.0037285363215047583,0.06987991852185875,0.37285363215047584,0.06987991852185875,"[[0.9634939959260929, 0.016506004073907062], [0.016506004073907062, 0.0034939959260929378]]","[[0.9437285363215048, 0.046271463678495245], [0.0062714636784952415, 0.0037285363215047583]]","[[19.26987991852186, 0.33012008147814126], [0.33012008147814126, 0.06987991852185875]]","[[94.37285363215048, 4.627146367849525], [0.6271463678495242, 0.37285363215047584]]",0.017371902999954544,0.01632926472619308
C2_N5_np100_nq20,C2,N5,Extreme rare categories,,,100,20,0.2,0.02,0.02,0.01,0.05,1,1,0.0030939959260929376,0.0032285363215047583,0.005000000000104227,0.005000000000000088,1.0413891970983968e-13,0.0,0.0034939959260929378,0.0037285363215047583,0.34939959260929376,0.07457072643009517,0.07457072643009517,"[[0.9634939959260929, 0.016506004073907062], [0.016506004073907062, 0.0034939959260929378]]","[[0.9437285363215048, 0.046271463678495245], [0.0062714636784952415, 0.0037285363215047583]]","[[96.34939959260929, 1.6506004073907061], [1.6506004073907061, 0.34939959260929376]]","[[18.874570726430097, 0.9254292735699049], [0.12542927356990483, 0.07457072643009517]]",0.017371902999954544,0.01632926472619308
C2_N5_np20_nq200,C2,N5,Extreme rare categories,,,20,200,10.0,0.02,0.02,0.01,0.05,1,1,0.0030939959260929376,0.0032285363215047583,0.005000000000104227,0.005000000000000088,1.0413891970983968e-13,0.0,0.0034939959260929378,0.0037285363215047583,0.06987991852185875,0.7457072643009517,0.06987991852185875,"[[0.9634939959260929, 0.016506004073907062], [0.016506004073907062, 0.0034939959260929378]]","[[0.9437285363215048, 0.046271463678495245], [0.0062714636784952415, 0.0037285363215047583]]","[[19.26987991852186, 0.33012008147814126], [0.33012008147814126, 0.06987991852185875]]","[[188.74570726430096, 9.25429273569905], [1.2542927356990483, 0.7457072643009517]]",0.017371902999954544,0.01632926472619308
C2_N5_np200_nq20,C2,N5,Extreme rare categories,,,200,20,0.1,0.02,0.02,0.01,0.05,1,1,0.0030939959260929376,0.0032285363215047583,0.005000000000104227,0.005000000000000088,1.0413891970983968e-13,0.0,0.0034939959260929378,0.0037285363215047583,0.6987991852185875,0.07457072643009517,0.07457072643009517,"[[0.9634939959260929, 0.016506004073907062], [0.016506004073907062, 0.0034939959260929378]]","[[0.9437285363215048, 0.046271463678495245], [0.0062714636784952415, 0.0037285363215047583]]","[[192.69879918521858, 3.3012008147814123], [3.3012008147814123, 0.6987991852185875]]","[[18.874570726430097, 0.9254292735699049], [0.12542927356990483, 0.07457072643009517]]",0.017371902999954544,0.01632926472619308
C2_N5_np50_nq100,C2,N5,Extreme rare categories,,,50,100,2.0,0.02,0.02,0.01,0.05,1,1,0.0030939959260929376,0.0032285363215047583,0.005000000000104227,0.005000000000000088,1.0413891970983968e-13,0.0,0.0034939959260929378,0.0037285363215047583,0.17469979630464688,0.37285363215047584,0.17469979630464688,"[[0.9634939959260929, 0.016506004073907062], [0.016506004073907062, 0.0034939959260929378]]","[[0.9437285363215048, 0.046271463678495245], [0.0062714636784952415, 0.0037285363215047583]]","[[48.174699796304644, 0.8253002036953531], [0.8253002036953531, 0.17469979630464688]]","[[94.37285363215048, 4.627146367849525], [0.6271463678495242, 0.37285363215047584]]",0.017371902999954544,0.01632926472619308
C2_N5_np100_nq50,C2,N5,Extreme rare categories,,,100,50,0.5,0.02,0.02,0.01,0.05,1,1,0.0030939959260929376,0.0032285363215047583,0.005000000000104227,0.005000000000000088,1.0413891970983968e-13,0.0,0.0034939959260929378,0.0037285363215047583,0.34939959260929376,0.18642681607523792,0.18642681607523792,"[[0.9634939959260929, 0.016506004073907062], [0.016506004073907062, 0.0034939959260929378]]","[[0.9437285363215048, 0.046271463678495245], [0.0062714636784952415, 0.0037285363215047583]]","[[96.34939959260929, 1.6506004073907061], [1.6506004073907061, 0.34939959260929376]]","[[47.18642681607524, 2.3135731839247624], [0.3135731839247621, 0.18642681607523792]]",0.017371902999954544,0.01632926472619308
C2_N5_np50_nq250,C2,N5,Extreme rare categories,,,50,250,5.0,0.02,0.02,0.01,0.05,1,1,0.0030939959260929376,0.0032285363215047583,0.005000000000104227,0.005000000000000088,1.0413891970983968e-13,0.0,0.0034939959260929378,0.0037285363215047583,0.17469979630464688,0.9321340803761896,0.17469979630464688,"[[0.9634939959260929, 0.016506004073907062], [0.016506004073907062, 0.0034939959260929378]]","[[0.9437285363215048, 0.046271463678495245], [0.0062714636784952415, 0.0037285363215047583]]","[[48.174699796304644, 0.8253002036953531], [0.8253002036953531, 0.17469979630464688]]","[[235.9321340803762, 11.567865919623811], [1.5678659196238103, 0.9321340803761896]]",0.017371902999954544,0.01632926472619308
C2_N5_np250_nq50,C2,N5,Extreme rare categories,,,250,50,0.2,0.02,0.02,0.01,0.05,1,1,0.0030939959260929376,0.0032285363215047583,0.005000000000104227,0.005000000000000088,1.0413891970983968e-13,0.0,0.0034939959260929378,0.0037285363215047583,0.8734989815232345,0.18642681607523792,0.18642681607523792,"[[0.9634939959260929, 0.016506004073907062], [0.016506004073907062, 0.0034939959260929378]]","[[0.9437285363215048, 0.046271463678495245], [0.0062714636784952415, 0.0037285363215047583]]","[[240.87349898152323, 4.126501018476765], [4.126501018476765, 0.8734989815232345]]","[[47.18642681607524, 2.3135731839247624], [0.3135731839247621, 0.18642681607523792]]",0.017371902999954544,0.01632926472619308
C2_N5_np50_nq500,C2,N5,Extreme rare categories,,,50,500,10.0,0.02,0.02,0.01,0.05,1,1,0.0030939959260929376,0.0032285363215047583,0.005000000000104227,0.005000000000000088,1.0413891970983968e-13,0.0,0.0034939959260929378,0.0037285363215047583,0.17469979630464688,1.8642681607523792,0.17469979630464688,"[[0.9634939959260929, 0.016506004073907062], [0.016506004073907062, 0.0034939959260929378]]","[[0.9437285363215048, 0.046271463678495245], [0.0062714636784952415, 0.0037285363215047583]]","[[48.174699796304644, 0.8253002036953531], [0.8253002036953531, 0.17469979630464688]]","[[471.8642681607524, 23.135731839247622], [3.1357318392476206, 1.8642681607523792]]",0.017371902999954544,0.01632926472619308
C2_N5_np500_nq50,C2,N5,Extreme rare categories,,,500,50,0.1,0.02,0.02,0.01,0.05,1,1,0.0030939959260929376,0.0032285363215047583,0.005000000000104227,0.005000000000000088,1.0413891970983968e-13,0.0,0.0034939959260929378,0.0037285363215047583,1.746997963046469,0.18642681607523792,0.18642681607523792,"[[0.9634939959260929, 0.016506004073907062], [0.016506004073907062, 0.0034939959260929378]]","[[0.9437285363215048, 0.046271463678495245], [0.0062714636784952415, 0.0037285363215047583]]","[[481.74699796304645, 8.25300203695353], [8.25300203695353, 1.746997963046469]]","[[47.18642681607524, 2.3135731839247624], [0.3135731839247621, 0.18642681607523792]]",0.017371902999954544,0.01632926472619308
C2_N5_np100_nq200,C2,N5,Extreme rare categories,,,100,200,2.0,0.02,0.02,0.01,0.05,1,1,0.0030939959260929376,0.0032285363215047583,0.005000000000104227,0.005000000000000088,1.0413891970983968e-13,0.0,0.0034939959260929378,0.0037285363215047583,0.34939959260929376,0.7457072643009517,0.34939959260929376,"[[0.9634939959260929, 0.016506004073907062], [0.016506004073907062, 0.0034939959260929378]]","[[0.9437285363215048, 0.046271463678495245], [0.0062714636784952415, 0.0037285363215047583]]","[[96.34939959260929, 1.6506004073907061], [1.6506004073907061, 0.34939959260929376]]","[[188.74570726430096, 9.25429273569905], [1.2542927356990483, 0.7457072643009517]]",0.017371902999954544,0.01632926472619308
C2_N5_np200_nq100,C2,N5,Extreme rare categories,,,200,100,0.5,0.02,0.02,0.01,0.05,1,1,0.0030939959260929376,0.0032285363215047583,0.005000000000104227,0.005000000000000088,1.0413891970983968e-13,0.0,0.0034939959260929378,0.0037285363215047583,0.6987991852185875,0.37285363215047584,0.37285363215047584,"[[0.9634939959260929, 0.016506004073907062], [0.016506004073907062, 0.0034939959260929378]]","[[0.9437285363215048, 0.046271463678495245], [0.0062714636784952415, 0.0037285363215047583]]","[[192.69879918521858, 3.3012008147814123], [3.3012008147814123, 0.6987991852185875]]","[[94.37285363215048, 4.627146367849525], [0.6271463678495242, 0.37285363215047584]]",0.017371902999954544,0.01632926472619308
C2_N5_np100_nq500,C2,N5,Extreme rare categories,,,100,500,5.0,0.02,0.02,0.01,0.05,1,1,0.0030939959260929376,0.0032285363215047583,0.005000000000104227,0.005000000000000088,1.0413891970983968e-13,0.0,0.0034939959260929378,0.0037285363215047583,0.34939959260929376,1.8642681607523792,0.34939959260929376,"[[0.9634939959260929, 0.016506004073907062], [0.016506004073907062, 0.0034939959260929378]]","[[0.9437285363215048, 0.046271463678495245], [0.0062714636784952415, 0.0037285363215047583]]","[[96.34939959260929, 1.6506004073907061], [1.6506004073907061, 0.34939959260929376]]","[[471.8642681607524, 23.135731839247622], [3.1357318392476206, 1.8642681607523792]]",0.017371902999954544,0.01632926472619308
C2_N5_np500_nq100,C2,N5,Extreme rare categories,,,500,100,0.2,0.02,0.02,0.01,0.05,1,1,0.0030939959260929376,0.0032285363215047583,0.005000000000104227,0.005000000000000088,1.0413891970983968e-13,0.0,0.0034939959260929378,0.0037285363215047583,1.746997963046469,0.37285363215047584,0.37285363215047584,"[[0.9634939959260929, 0.016506004073907062], [0.016506004073907062, 0.0034939959260929378]]","[[0.9437285363215048, 0.046271463678495245], [0.0062714636784952415, 0.0037285363215047583]]","[[481.74699796304645, 8.25300203695353], [8.25300203695353, 1.746997963046469]]","[[94.37285363215048, 4.627146367849525], [0.6271463678495242, 0.37285363215047584]]",0.017371902999954544,0.01632926472619308
C2_N5_np100_nq1000,C2,N5,Extreme rare categories,,,100,1000,10.0,0.02,0.02,0.01,0.05,1,1,0.0030939959260929376,0.0032285363215047583,0.005000000000104227,0.005000000000000088,1.0413891970983968e-13,0.0,0.0034939959260929378,0.0037285363215047583,0.34939959260929376,3.7285363215047584,0.34939959260929376,"[[0.9634939959260929, 0.016506004073907062], [0.016506004073907062, 0.0034939959260929378]]","[[0.9437285363215048, 0.046271463678495245], [0.0062714636784952415, 0.0037285363215047583]]","[[96.34939959260929, 1.6506004073907061], [1.6506004073907061, 0.34939959260929376]]","[[943.7285363215047, 46.271463678495245], [6.271463678495241, 3.7285363215047584]]",0.017371902999954544,0.01632926472619308
C2_N5_np1000_nq100,C2,N5,Extreme rare categories,,,1000,100,0.1,0.02,0.02,0.01,0.05,1,1,0.0030939959260929376,0.0032285363215047583,0.005000000000104227,0.005000000000000088,1.0413891970983968e-13,0.0,0.0034939959260929378,0.0037285363215047583,3.493995926092938,0.37285363215047584,0.37285363215047584,"[[0.9634939959260929, 0.016506004073907062], [0.016506004073907062, 0.0034939959260929378]]","[[0.9437285363215048, 0.046271463678495245], [0.0062714636784952415, 0.0037285363215047583]]","[[963.4939959260929, 16.50600407390706], [16.50600407390706, 3.493995926092938]]","[[94.37285363215048, 4.627146367849525], [0.6271463678495242, 0.37285363215047584]]",0.017371902999954544,0.01632926472619308
C2_N5_np200_nq400,C2,N5,Extreme rare categories,,,200,400,2.0,0.02,0.02,0.01,0.05,1,1,0.0030939959260929376,0.0032285363215047583,0.005000000000104227,0.005000000000000088,1.0413891970983968e-13,0.0,0.0034939959260929378,0.0037285363215047583,0.6987991852185875,1.4914145286019034,0.6987991852185875,"[[0.9634939959260929, 0.016506004073907062], [0.016506004073907062, 0.0034939959260929378]]","[[0.9437285363215048, 0.046271463678495245], [0.0062714636784952415, 0.0037285363215047583]]","[[192.69879918521858, 3.3012008147814123], [3.3012008147814123, 0.6987991852185875]]","[[377.4914145286019, 18.5085854713981], [2.5085854713980966, 1.4914145286019034]]",0.017371902999954544,0.01632926472619308
C2_N5_np400_nq200,C2,N5,Extreme rare categories,,,400,200,0.5,0.02,0.02,0.01,0.05,1,1,0.0030939959260929376,0.0032285363215047583,0.005000000000104227,0.005000000000000088,1.0413891970983968e-13,0.0,0.0034939959260929378,0.0037285363215047583,1.397598370437175,0.7457072643009517,0.7457072643009517,"[[0.9634939959260929, 0.016506004073907062], [0.016506004073907062, 0.0034939959260929378]]","[[0.9437285363215048, 0.046271463678495245], [0.0062714636784952415, 0.0037285363215047583]]","[[385.39759837043715, 6.6024016295628245], [6.6024016295628245, 1.397598370437175]]","[[188.74570726430096, 9.25429273569905], [1.2542927356990483, 0.7457072643009517]]",0.017371902999954544,0.01632926472619308
C2_N5_np200_nq1000,C2,N5,Extreme rare categories,,,200,1000,5.0,0.02,0.02,0.01,0.05,1,1,0.0030939959260929376,0.0032285363215047583,0.005000000000104227,0.005000000000000088,1.0413891970983968e-13,0.0,0.0034939959260929378,0.0037285363215047583,0.6987991852185875,3.7285363215047584,0.6987991852185875,"[[0.9634939959260929, 0.016506004073907062], [0.016506004073907062, 0.0034939959260929378]]","[[0.9437285363215048, 0.046271463678495245], [0.0062714636784952415, 0.0037285363215047583]]","[[192.69879918521858, 3.3012008147814123], [3.3012008147814123, 0.6987991852185875]]","[[943.7285363215047, 46.271463678495245], [6.271463678495241, 3.7285363215047584]]",0.017371902999954544,0.01632926472619308
C2_N5_np1000_nq200,C2,N5,Extreme rare categories,,,1000,200,0.2,0.02,0.02,0.01,0.05,1,1,0.0030939959260929376,0.0032285363215047583,0.005000000000104227,0.005000000000000088,1.0413891970983968e-13,0.0,0.0034939959260929378,0.0037285363215047583,3.493995926092938,0.7457072643009517,0.7457072643009517,"[[0.9634939959260929, 0.016506004073907062], [0.016506004073907062, 0.0034939959260929378]]","[[0.9437285363215048, 0.046271463678495245], [0.0062714636784952415, 0.0037285363215047583]]","[[963.4939959260929, 16.50600407390706], [16.50600407390706, 3.493995926092938]]","[[188.74570726430096, 9.25429273569905], [1.2542927356990483, 0.7457072643009517]]",0.017371902999954544,0.01632926472619308
C2_N5_np200_nq2000,C2,N5,Extreme rare categories,,,200,2000,10.0,0.02,0.02,0.01,0.05,1,1,0.0030939959260929376,0.0032285363215047583,0.005000000000104227,0.005000000000000088,1.0413891970983968e-13,0.0,0.0034939959260929378,0.0037285363215047583,0.6987991852185875,7.457072643009517,0.6987991852185875,"[[0.9634939959260929, 0.016506004073907062], [0.016506004073907062, 0.0034939959260929378]]","[[0.9437285363215048, 0.046271463678495245], [0.0062714636784952415, 0.0037285363215047583]]","[[192.69879918521858, 3.3012008147814123], [3.3012008147814123, 0.6987991852185875]]","[[1887.4570726430095, 92.54292735699049], [12.542927356990482, 7.457072643009517]]",0.017371902999954544,0.01632926472619308
C2_N5_np2000_nq200,C2,N5,Extreme rare categories,,,2000,200,0.1,0.02,0.02,0.01,0.05,1,1,0.0030939959260929376,0.0032285363215047583,0.005000000000104227,0.005000000000000088,1.0413891970983968e-13,0.0,0.0034939959260929378,0.0037285363215047583,6.987991852185876,0.7457072643009517,0.7457072643009517,"[[0.9634939959260929, 0.016506004073907062], [0.016506004073907062, 0.0034939959260929378]]","[[0.9437285363215048, 0.046271463678495245], [0.0062714636784952415, 0.0037285363215047583]]","[[1926.9879918521858, 33.01200814781412], [33.01200814781412, 6.987991852185876]]","[[188.74570726430096, 9.25429273569905], [1.2542927356990483, 0.7457072643009517]]",0.017371902999954544,0.01632926472619308
C2_N7_np10_nq20,C2,N7,Ultra-rare categories,,,10,20,2.0,0.005,0.005,0.002,0.01,1,1,0.00028036642602345983,0.00025990804955251324,0.0005000000000011523,0.0005000000000000629,1.0894063429134349e-15,0.0,0.00030536642602345984,0.00027990804955251323,0.0030536642602345984,0.005598160991050265,0.0030536642602345984,"[[0.9903053664260235, 0.00469463357397654], [0.00469463357397654, 0.00030536642602345984]]","[[0.9882799080495526, 0.009720091950447488], [0.0017200919504474868, 0.00027990804955251323]]","[[9.903053664260234, 0.0469463357397654], [0.0469463357397654, 0.0030536642602345984]]","[[19.76559816099105, 0.19440183900894975], [0.03440183900894973, 0.005598160991050265]]",0.0019439886454058245,0.0019896167517233602
C2_N7_np20_nq10,C2,N7,Ultra-rare categories,,,20,10,0.5,0.005,0.005,0.002,0.01,1,1,0.00028036642602345983,0.00025990804955251324,0.0005000000000011523,0.0005000000000000629,1.0894063429134349e-15,0.0,0.00030536642602345984,0.00027990804955251323,0.006107328520469197,0.0027990804955251324,0.0027990804955251324,"[[0.9903053664260235, 0.00469463357397654], [0.00469463357397654, 0.00030536642602345984]]","[[0.9882799080495526, 0.009720091950447488], [0.0017200919504474868, 0.00027990804955251323]]","[[19.80610732852047, 0.0938926714795308], [0.0938926714795308, 0.006107328520469197]]","[[9.882799080495525, 0.09720091950447488], [0.017200919504474867, 0.0027990804955251324]]",0.0019439886454058245,0.0019896167517233602
C2_N7_np10_nq50,C2,N7,Ultra-rare categories,,,10,50,5.0,0.005,0.005,0.002,0.01,1,1,0.00028036642602345983,0.00025990804955251324,0.0005000000000011523,0.0005000000000000629,1.0894063429134349e-15,0.0,0.00030536642602345984,0.00027990804955251323,0.0030536642602345984,0.013995402477625662,0.0030536642602345984,"[[0.9903053664260235, 0.00469463357397654], [0.00469463357397654, 0.00030536642602345984]]","[[0.9882799080495526, 0.009720091950447488], [0.0017200919504474868, 0.00027990804955251323]]","[[9.903053664260234, 0.0469463357397654], [0.0469463357397654, 0.0030536642602345984]]","[[49.41399540247763, 0.4860045975223744], [0.08600459752237434, 0.013995402477625662]]",0.0019439886454058245,0.0019896167517233602
C2_N7_np50_nq10,C2,N7,Ultra-rare categories,,,50,10,0.2,0.005,0.005,0.002,0.01,1,1,0.00028036642602345983,0.00025990804955251324,0.0005000000000011523,0.0005000000000000629,1.0894063429134349e-15,0.0,0.00030536642602345984,0.00027990804955251323,0.015268321301172992,0.0027990804955251324,0.0027990804955251324,"[[0.9903053664260235, 0.00469463357397654], [0.00469463357397654, 0.00030536642602345984]]","[[0.9882799080495526, 0.009720091950447488], [0.0017200919504474868, 0.00027990804955251323]]","[[49.51526832130118, 0.234731678698827], [0.234731678698827, 0.015268321301172992]]","[[9.882799080495525, 0.09720091950447488], [0.017200919504474867, 0.0027990804955251324]]",0.0019439886454058245,0.0019896167517233602
C2_N7_np10_nq100,C2,N7,Ultra-rare categories,,,10,100,10.0,0.005,0.005,0.002,0.01,1,1,0.00028036642602345983,0.00025990804955251324,0.0005000000000011523,0.0005000000000000629,1.0894063429134349e-15,0.0,0.00030536642602345984,0.00027990804955251323,0.0030536642602345984,0.027990804955251324,0.0030536642602345984,"[[0.9903053664260235, 0.00469463357397654], [0.00469463357397654, 0.00030536642602345984]]","[[0.9882799080495526, 0.009720091950447488], [0.0017200919504474868, 0.00027990804955251323]]","[[9.903053664260234, 0.0469463357397654], [0.0469463357397654, 0.0030536642602345984]]","[[98.82799080495526, 0.9720091950447488], [0.17200919504474868, 0.027990804955251324]]",0.0019439886454058245,0.0019896167517233602
C2_N7_np100_nq10,C2,N7,Ultra-rare categories,,,100,10,0.1,0.005,0.005,0.002,0.01,1,1,0.00028036642602345983,0.00025990804955251324,0.0005000000000011523,0.0005000000000000629,1.0894063429134349e-15,0.0,0.00030536642602345984,0.00027990804955251323,0.030536642602345985,0.0027990804955251324,0.0027990804955251324,"[[0.9903053664260235, 0.00469463357397654], [0.00469463357397654, 0.00030536642602345984]]","[[0.9882799080495526, 0.009720091950447488], [0.0017200919504474868, 0.00027990804955251323]]","[[99.03053664260236, 0.469463357397654], [0.469463357397654, 0.030536642602345985]]","[[9.882799080495525, 0.09720091950447488], [0.017200919504474867, 0.0027990804955251324]]",0.0019439886454058245,0.0019896167517233602
C2_N7_np20_nq40,C2,N7,Ultra-rare categories,,,20,40,2.0,0.005,0.005,0.002,0.01,1,1,0.00028036642602345983,0.00025990804955251324,0.0005000000000011523,0.0005000000000000629,1.0894063429134349e-15,0.0,0.00030536642602345984,0.00027990804955251323,0.006107328520469197,0.01119632198210053,0.006107328520469197,"[[0.9903053664260235, 0.00469463357397654], [0.00469463357397654, 0.00030536642602345984]]","[[0.9882799080495526, 0.009720091950447488], [0.0017200919504474868, 0.00027990804955251323]]","[[19.80610732852047, 0.0938926714795308], [0.0938926714795308, 0.006107328520469197]]","[[39.5311963219821, 0.3888036780178995], [0.06880367801789947, 0.01119632198210053]]",0.0019439886454058245,0.0019896167517233602
C2_N7_np40_nq20,C2,N7,Ultra-rare categories,,,40,20,0.5,0.005,0.005,0.002,0.01,1,1,0.00028036642602345983,0.00025990804955251324,0.0005000000000011523,0.0005000000000000629,1.0894063429134349e-15,0.0,0.00030536642602345984,0.00027990804955251323,0.012214657040938394,0.005598160991050265,0.005598160991050265,"[[0.9903053664260235, 0.00469463357397654], [0.00469463357397654, 0.00030536642602345984]]","[[0.9882799080495526, 0.009720091950447488], [0.0017200919504474868, 0.00027990804955251323]]","[[39.61221465704094, 0.1877853429590616], [0.1877853429590616, 0.012214657040938394]]","[[19.76559816099105, 0.19440183900894975], [0.03440183900894973, 0.005598160991050265]]",0.0019439886454058245,0.0019896167517233602
C2_N7_np20_nq100,C2,N7,Ultra-rare categories,,,20,100,5.0,0.005,0.005,0.002,0.01,1,1,0.00028036642602345983,0.00025990804955251324,0.0005000000000011523,0.0005000000000000629,1.0894063429134349e-15,0.0,0.00030536642602345984,0.00027990804955251323,0.006107328520469197,0.027990804955251324,0.006107328520469197,"[[0.9903053664260235, 0.00469463357397654], [0.00469463357397654, 0.00030536642602345984]]","[[0.9882799080495526, 0.009720091950447488], [0.0017200919504474868, 0.00027990804955251323]]","[[19.80610732852047, 0.0938926714795308], [0.0938926714795308, 0.006107328520469197]]","[[98.82799080495526, 0.9720091950447488], [0.17200919504474868, 0.027990804955251324]]",0.0019439886454058245,0.0019896167517233602
C2_N7_np100_nq20,C2,N7,Ultra-rare categories,,,100,20,0.2,0.005,0.005,0.002,0.01,1,1,0.00028036642602345983,0.00025990804955251324,0.0005000000000011523,0.0005000000000000629,1.0894063429134349e-15,0.0,0.00030536642602345984,0.00027990804955251323,0.030536642602345985,0.005598160991050265,0.005598160991050265,"[[0.9903053664260235, 0.00469463357397654], [0.00469463357397654, 0.00030536642602345984]]","[[0.9882799080495526, 0.009720091950447488], [0.0017200919504474868, 0.00027990804955251323]]","[[99.03053664260236, 0.469463357397654], [0.469463357397654, 0.030536642602345985]]","[[19.76559816099105, 0.19440183900894975], [0.03440183900894973, 0.005598160991050265]]",0.0019439886454058245,0.0019896167517233602
C2_N7_np20_nq200,C2,N7,Ultra-rare categories,,,20,200,10.0,0.005,0.005,0.002,0.01,1,1,0.00028036642602345983,0.00025990804955251324,0.0005000000000011523,0.0005000000000000629,1.0894063429134349e-15,0.0,0.00030536642602345984,0.00027990804955251323,0.006107328520469197,0.05598160991050265,0.006107328520469197,"[[0.9903053664260235, 0.00469463357397654], [0.00469463357397654, 0.00030536642602345984]]","[[0.9882799080495526, 0.009720091950447488], [0.0017200919504474868, 0.00027990804955251323]]","[[19.80610732852047, 0.0938926714795308], [0.0938926714795308, 0.006107328520469197]]","[[197.65598160991053, 1.9440183900894976], [0.34401839008949736, 0.05598160991050265]]",0.0019439886454058245,0.0019896167517233602
C2_N7_np200_nq20,C2,N7,Ultra-rare categories,,,200,20,0.1,0.005,0.005,0.002,0.01,1,1,0.00028036642602345983,0.00025990804955251324,0.0005000000000011523,0.0005000000000000629,1.0894063429134349e-15,0.0,0.00030536642602345984,0.00027990804955251323,0.06107328520469197,0.005598160991050265,0.005598160991050265,"[[0.9903053664260235, 0.00469463357397654], [0.00469463357397654, 0.00030536642602345984]]","[[0.9882799080495526, 0.009720091950447488], [0.0017200919504474868, 0.00027990804955251323]]","[[198.0610732852047, 0.938926714795308], [0.938926714795308, 0.06107328520469197]]","[[19.76559816099105, 0.19440183900894975], [0.03440183900894973, 0.005598160991050265]]",0.0019439886454058245,0.0019896167517233602
C2_N7_np50_nq100,C2,N7,Ultra-rare categories,,,50,100,2.0,0.005,0.005,0.002,0.01,1,1,0.00028036642602345983,0.00025990804955251324,0.0005000000000011523,0.0005000000000000629,1.0894063429134349e-15,0.0,0.00030536642602345984,0.00027990804955251323,0.015268321301172992,0.027990804955251324,0.015268321301172992,"[[0.9903053664260235, 0.00469463357397654], [0.00469463357397654, 0.00030536642602345984]]","[[0.9882799080495526, 0.009720091950447488], [0.0017200919504474868, 0.00027990804955251323]]","[[49.51526832130118, 0.234731678698827], [0.234731678698827, 0.015268321301172992]]","[[98.82799080495526, 0.9720091950447488], [0.17200919504474868, 0.027990804955251324]]",0.0019439886454058245,0.0019896167517233602
C2_N7_np100_nq50,C2,N7,Ultra-rare categories,,,100,50,0.5,0.005,0.005,0.002,0.01,1,1,0.00028036642602345983,0.00025990804955251324,0.0005000000000011523,0.0005000000000000629,1.0894063429134349e-15,0.0,0.00030536642602345984,0.00027990804955251323,0.030536642602345985,0.013995402477625662,0.013995402477625662,"[[0.9903053664260235, 0.00469463357397654], [0.00469463357397654, 0.00030536642602345984]]","[[0.9882799080495526, 0.009720091950447488], [0.0017200919504474868, 0.00027990804955251323]]","[[99.03053664260236, 0.469463357397654], [0.469463357397654, 0.030536642602345985]]","[[49.41399540247763, 0.4860045975223744], [0.08600459752237434, 0.013995402477625662]]",0.0019439886454058245,0.0019896167517233602
C2_N7_np50_nq250,C2,N7,Ultra-rare categories,,,50,250,5.0,0.005,0.005,0.002,0.01,1,1,0.00028036642602345983,0.00025990804955251324,0.0005000000000011523,0.0005000000000000629,1.0894063429134349e-15,0.0,0.00030536642602345984,0.00027990804955251323,0.015268321301172992,0.06997701238812831,0.015268321301172992,"[[0.9903053664260235, 0.00469463357397654], [0.00469463357397654, 0.00030536642602345984]]","[[0.9882799080495526, 0.009720091950447488], [0.0017200919504474868, 0.00027990804955251323]]","[[49.51526832130118, 0.234731678698827], [0.234731678698827, 0.015268321301172992]]","[[247.06997701238814, 2.430022987611872], [0.4300229876118717, 0.06997701238812831]]",0.0019439886454058245,0.0019896167517233602
C2_N7_np250_nq50,C2,N7,Ultra-rare categories,,,250,50,0.2,0.005,0.005,0.002,0.01,1,1,0.00028036642602345983,0.00025990804955251324,0.0005000000000011523,0.0005000000000000629,1.0894063429134349e-15,0.0,0.00030536642602345984,0.00027990804955251323,0.07634160650586495,0.013995402477625662,0.013995402477625662,"[[0.9903053664260235, 0.00469463357397654], [0.00469463357397654, 0.00030536642602345984]]","[[0.9882799080495526, 0.009720091950447488], [0.0017200919504474868, 0.00027990804955251323]]","[[247.57634160650588, 1.173658393494135], [1.173658393494135, 0.07634160650586495]]","[[49.41399540247763, 0.4860045975223744], [0.08600459752237434, 0.013995402477625662]]",0.0019439886454058245,0.0019896167517233602
C2_N7_np50_nq500,C2,N7,Ultra-rare categories,,,50,500,10.0,0.005,0.005,0.002,0.01,1,1,0.00028036642602345983,0.00025990804955251324,0.0005000000000011523,0.0005000000000000629,1.0894063429134349e-15,0.0,0.00030536642602345984,0.00027990804955251323,0.015268321301172992,0.13995402477625662,0.015268321301172992,"[[0.9903053664260235, 0.00469463357397654], [0.00469463357397654, 0.00030536642602345984]]","[[0.9882799080495526, 0.009720091950447488], [0.0017200919504474868, 0.00027990804955251323]]","[[49.51526832130118, 0.234731678698827], [0.234731678698827, 0.015268321301172992]]","[[494.1399540247763, 4.860045975223744], [0.8600459752237434, 0.13995402477625662]]",0.0019439886454058245,0.0019896167517233602
C2_N7_np500_nq50,C2,N7,Ultra-rare categories,,,500,50,0.1,0.005,0.005,0.002,0.01,1,1,0.00028036642602345983,0.00025990804955251324,0.0005000000000011523,0.0005000000000000629,1.0894063429134349e-15,0.0,0.00030536642602345984,0.00027990804955251323,0.1526832130117299,0.013995402477625662,0.013995402477625662,"[[0.9903053664260235, 0.00469463357397654], [0.00469463357397654, 0.00030536642602345984]]","[[0.9882799080495526, 0.009720091950447488], [0.0017200919504474868, 0.00027990804955251323]]","[[495.15268321301176, 2.34731678698827], [2.34731678698827, 0.1526832130117299]]","[[49.41399540247763, 0.4860045975223744], [0.08600459752237434, 0.013995402477625662]]",0.0019439886454058245,0.0019896167517233602
C2_N7_np100_nq200,C2,N7,Ultra-rare categories,,,100,200,2.0,0.005,0.005,0.002,0.01,1,1,0.00028036642602345983,0.00025990804955251324,0.0005000000000011523,0.0005000000000000629,1.0894063429134349e-15,0.0,0.00030536642602345984,0.00027990804955251323,0.030536642602345985,0.05598160991050265,0.030536642602345985,"[[0.9903053664260235, 0.00469463357397654], [0.00469463357397654, 0.00030536642602345984]]","[[0.9882799080495526, 0.009720091950447488], [0.0017200919504474868, 0.00027990804955251323]]","[[99.03053664260236, 0.469463357397654], [0.469463357397654, 0.030536642602345985]]","[[197.65598160991053, 1.9440183900894976], [0.34401839008949736, 0.05598160991050265]]",0.0019439886454058245,0.0019896167517233602
C2_N7_np200_nq100,C2,N7,Ultra-rare categories,,,200,100,0.5,0.005,0.005,0.002,0.01,1,1,0.00028036642602345983,0.00025990804955251324,0.0005000000000011523,0.0005000000000000629,1.0894063429134349e-15,0.0,0.00030536642602345984,0.00027990804955251323,0.06107328520469197,0.027990804955251324,0.027990804955251324,"[[0.9903053664260235, 0.00469463357397654], [0.00469463357397654, 0.00030536642602345984]]","[[0.9882799080495526, 0.009720091950447488], [0.0017200919504474868, 0.00027990804955251323]]","[[198.0610732852047, 0.938926714795308], [0.938926714795308, 0.06107328520469197]]","[[98.82799080495526, 0.9720091950447488], [0.17200919504474868, 0.027990804955251324]]",0.0019439886454058245,0.0019896167517233602
C2_N7_np100_nq500,C2,N7,Ultra-rare categories,,,100,500,5.0,0.005,0.005,0.002,0.01,1,1,0.00028036642602345983,0.00025990804955251324,0.0005000000000011523,0.0005000000000000629,1.0894063429134349e-15,0.0,0.00030536642602345984,0.00027990804955251323,0.030536642602345985,0.13995402477625662,0.030536642602345985,"[[0.9903053664260235, 0.00469463357397654], [0.00469463357397654, 0.00030536642602345984]]","[[0.9882799080495526, 0.009720091950447488], [0.0017200919504474868, 0.00027990804955251323]]","[[99.03053664260236, 0.469463357397654], [0.469463357397654, 0.030536642602345985]]","[[494.1399540247763, 4.860045975223744], [0.8600459752237434, 0.13995402477625662]]",0.0019439886454058245,0.0019896167517233602
C2_N7_np500_nq100,C2,N7,Ultra-rare categories,,,500,100,0.2,0.005,0.005,0.002,0.01,1,1,0.00028036642602345983,0.00025990804955251324,0.0005000000000011523,0.0005000000000000629,1.0894063429134349e-15,0.0,0.00030536642602345984,0.00027990804955251323,0.1526832130117299,0.027990804955251324,0.027990804955251324,"[[0.9903053664260235, 0.00469463357397654], [0.00469463357397654, 0.00030536642602345984]]","[[0.9882799080495526, 0.009720091950447488], [0.0017200919504474868, 0.00027990804955251323]]","[[495.15268321301176, 2.34731678698827], [2.34731678698827, 0.1526832130117299]]","[[98.82799080495526, 0.9720091950447488], [0.17200919504474868, 0.027990804955251324]]",0.0019439886454058245,0.0019896167517233602
C2_N7_np100_nq1000,C2,N7,Ultra-rare categories,,,100,1000,10.0,0.005,0.005,0.002,0.01,1,1,0.00028036642602345983,0.00025990804955251324,0.0005000000000011523,0.0005000000000000629,1.0894063429134349e-15,0.0,0.00030536642602345984,0.00027990804955251323,0.030536642602345985,0.27990804955251325,0.030536642602345985,"[[0.9903053664260235, 0.00469463357397654], [0.00469463357397654, 0.00030536642602345984]]","[[0.9882799080495526, 0.009720091950447488], [0.0017200919504474868, 0.00027990804955251323]]","[[99.03053664260236, 0.469463357397654], [0.469463357397654, 0.030536642602345985]]","[[988.2799080495525, 9.720091950447488], [1.7200919504474868, 0.27990804955251325]]",0.0019439886454058245,0.0019896167517233602
C2_N7_np1000_nq100,C2,N7,Ultra-rare categories,,,1000,100,0.1,0.005,0.005,0.002,0.01,1,1,0.00028036642602345983,0.00025990804955251324,0.0005000000000011523,0.0005000000000000629,1.0894063429134349e-15,0.0,0.00030536642602345984,0.00027990804955251323,0.3053664260234598,0.027990804955251324,0.027990804955251324,"[[0.9903053664260235, 0.00469463357397654], [0.00469463357397654, 0.00030536642602345984]]","[[0.9882799080495526, 0.009720091950447488], [0.0017200919504474868, 0.00027990804955251323]]","[[990.3053664260235, 4.69463357397654], [4.69463357397654, 0.3053664260234598]]","[[98.82799080495526, 0.9720091950447488], [0.17200919504474868, 0.027990804955251324]]",0.0019439886454058245,0.0019896167517233602
C2_N7_np200_nq400,C2,N7,Ultra-rare categories,,,200,400,2.0,0.005,0.005,0.002,0.01,1,1,0.00028036642602345983,0.00025990804955251324,0.0005000000000011523,0.0005000000000000629,1.0894063429134349e-15,0.0,0.00030536642602345984,0.00027990804955251323,0.06107328520469197,0.1119632198210053,0.06107328520469197,"[[0.9903053664260235, 0.00469463357397654], [0.00469463357397654, 0.00030536642602345984]]","[[0.9882799080495526, 0.009720091950447488], [0.0017200919504474868, 0.00027990804955251323]]","[[198.0610732852047, 0.938926714795308], [0.938926714795308, 0.06107328520469197]]","[[395.31196321982105, 3.8880367801789952], [0.6880367801789947, 0.1119632198210053]]",0.0019439886454058245,0.0019896167517233602
C2_N7_np400_nq200,C2,N7,Ultra-rare categories,,,400,200,0.5,0.005,0.005,0.002,0.01,1,1,0.00028036642602345983,0.00025990804955251324,0.0005000000000011523,0.0005000000000000629,1.0894063429134349e-15,0.0,0.00030536642602345984,0.00027990804955251323,0.12214657040938394,0.05598160991050265,0.05598160991050265,"[[0.9903053664260235, 0.00469463357397654], [0.00469463357397654, 0.00030536642602345984]]","[[0.9882799080495526, 0.009720091950447488], [0.0017200919504474868, 0.00027990804955251323]]","[[396.1221465704094, 1.877853429590616], [1.877853429590616, 0.12214657040938394]]","[[197.65598160991053, 1.9440183900894976], [0.34401839008949736, 0.05598160991050265]]",0.0019439886454058245,0.0019896167517233602
C2_N7_np200_nq1000,C2,N7,Ultra-rare categories,,,200,1000,5.0,0.005,0.005,0.002,0.01,1,1,0.00028036642602345983,0.00025990804955251324,0.0005000000000011523,0.0005000000000000629,1.0894063429134349e-15,0.0,0.00030536642602345984,0.00027990804955251323,0.06107328520469197,0.27990804955251325,0.06107328520469197,"[[0.9903053664260235, 0.00469463357397654], [0.00469463357397654, 0.00030536642602345984]]","[[0.9882799080495526, 0.009720091950447488], [0.0017200919504474868, 0.00027990804955251323]]","[[198.0610732852047, 0.938926714795308], [0.938926714795308, 0.06107328520469197]]","[[988.2799080495525, 9.720091950447488], [1.7200919504474868, 0.27990804955251325]]",0.0019439886454058245,0.0019896167517233602
C2_N7_np1000_nq200,C2,N7,Ultra-rare categories,,,1000,200,0.2,0.005,0.005,0.002,0.01,1,1,0.00028036642602345983,0.00025990804955251324,0.0005000000000011523,0.0005000000000000629,1.0894063429134349e-15,0.0,0.00030536642602345984,0.00027990804955251323,0.3053664260234598,0.05598160991050265,0.05598160991050265,"[[0.9903053664260235, 0.00469463357397654], [0.00469463357397654, 0.00030536642602345984]]","[[0.9882799080495526, 0.009720091950447488], [0.0017200919504474868, 0.00027990804955251323]]","[[990.3053664260235, 4.69463357397654], [4.69463357397654, 0.3053664260234598]]","[[197.65598160991053, 1.9440183900894976], [0.34401839008949736, 0.05598160991050265]]",0.0019439886454058245,0.0019896167517233602
C2_N7_np200_nq2000,C2,N7,Ultra-rare categories,,,200,2000,10.0,0.005,0.005,0.002,0.01,1,1,0.00028036642602345983,0.00025990804955251324,0.0005000000000011523,0.0005000000000000629,1.0894063429134349e-15,0.0,0.00030536642602345984,0.00027990804955251323,0.06107328520469197,0.5598160991050265,0.06107328520469197,"[[0.9903053664260235, 0.00469463357397654], [0.00469463357397654, 0.00030536642602345984]]","[[0.9882799080495526, 0.009720091950447488], [0.0017200919504474868, 0.00027990804955251323]]","[[198.0610732852047, 0.938926714795308], [0.938926714795308, 0.06107328520469197]]","[[1976.559816099105, 19.440183900894976], [3.4401839008949735, 0.5598160991050265]]",0.0019439886454058245,0.0019896167517233602
C2_N7_np2000_nq200,C2,N7,Ultra-rare categories,,,2000,200,0.1,0.005,0.005,0.002,0.01,1,1,0.00028036642602345983,0.00025990804955251324,0.0005000000000011523,0.0005000000000000629,1.0894063429134349e-15,0.0,0.00030536642602345984,0.00027990804955251323,0.6107328520469196,0.05598160991050265,0.05598160991050265,"[[0.9903053664260235, 0.00469463357397654], [0.00469463357397654, 0.00030536642602345984]]","[[0.9882799080495526, 0.009720091950447488], [0.0017200919504474868, 0.00027990804955251323]]","[[1980.610732852047, 9.38926714795308], [9.38926714795308, 0.6107328520469196]]","[[197.65598160991053, 1.9440183900894976], [0.34401839008949736, 0.05598160991050265]]",0.0019439886454058245,0.0019896167517233602
C3_C3_same_balanced_i0_n20,C3,C3_same_balanced_i0,Near-zero MI with identical balanced margins,,,20,20,1.0,0.5,0.5,0.5,0.5,1,1,0.0,0.0,0.0,0.0,0.0,0.0,0.25,0.25,5.0,5.0,5.0,"[[0.25, 0.25], [0.25, 0.25]]","[[0.25, 0.25], [0.25, 0.25]]","[[5.0, 5.0], [5.0, 5.0]]","[[5.0, 5.0], [5.0, 5.0]]",0.0,0.0
C3_C3_same_balanced_i0_n50,C3,C3_same_balanced_i0,Near-zero MI with identical balanced margins,,,50,50,1.0,0.5,0.5,0.5,0.5,1,1,0.0,0.0,0.0,0.0,0.0,0.0,0.25,0.25,12.5,12.5,12.5,"[[0.25, 0.25], [0.25, 0.25]]","[[0.25, 0.25], [0.25, 0.25]]","[[12.5, 12.5], [12.5, 12.5]]","[[12.5, 12.5], [12.5, 12.5]]",0.0,0.0
C3_C3_same_balanced_i0_n100,C3,C3_same_balanced_i0,Near-zero MI with identical balanced margins,,,100,100,1.0,0.5,0.5,0.5,0.5,1,1,0.0,0.0,0.0,0.0,0.0,0.0,0.25,0.25,25.0,25.0,25.0,"[[0.25, 0.25], [0.25, 0.25]]","[[0.25, 0.25], [0.25, 0.25]]","[[25.0, 25.0], [25.0, 25.0]]","[[25.0, 25.0], [25.0, 25.0]]",0.0,0.0
C3_C3_same_balanced_i0_n200,C3,C3_same_balanced_i0,Near-zero MI with identical balanced margins,,,200,200,1.0,0.5,0.5,0.5,0.5,1,1,0.0,0.0,0.0,0.0,0.0,0.0,0.25,0.25,50.0,50.0,50.0,"[[0.25, 0.25], [0.25, 0.25]]","[[0.25, 0.25], [0.25, 0.25]]","[[50.0, 50.0], [50.0, 50.0]]","[[50.0, 50.0], [50.0, 50.0]]",0.0,0.0
C3_C3_same_balanced_i0_n500,C3,C3_same_balanced_i0,Near-zero MI with identical balanced margins,,,500,500,1.0,0.5,0.5,0.5,0.5,1,1,0.0,0.0,0.0,0.0,0.0,0.0,0.25,0.25,125.0,125.0,125.0,"[[0.25, 0.25], [0.25, 0.25]]","[[0.25, 0.25], [0.25, 0.25]]","[[125.0, 125.0], [125.0, 125.0]]","[[125.0, 125.0], [125.0, 125.0]]",0.0,0.0
C3_C3_same_balanced_i0_n1000,C3,C3_same_balanced_i0,Near-zero MI with identical balanced margins,,,1000,1000,1.0,0.5,0.5,0.5,0.5,1,1,0.0,0.0,0.0,0.0,0.0,0.0,0.25,0.25,250.0,250.0,250.0,"[[0.25, 0.25], [0.25, 0.25]]","[[0.25, 0.25], [0.25, 0.25]]","[[250.0, 250.0], [250.0, 250.0]]","[[250.0, 250.0], [250.0, 250.0]]",0.0,0.0
C3_C3_same_balanced_i0p0001_n20,C3,C3_same_balanced_i0p0001,Near-zero MI with identical balanced margins,,,20,20,1.0,0.5,0.5,0.5,0.5,1,1,0.0035354749788843918,0.0035354749788843918,9.999999998844267e-05,9.999999998844267e-05,0.0,0.0,0.2464645250211156,0.2464645250211156,4.9292905004223115,4.9292905004223115,4.9292905004223115,"[[0.2535354749788844, 0.2464645250211156], [0.2464645250211156, 0.2535354749788844]]","[[0.2535354749788844, 0.2464645250211156], [0.2464645250211156, 0.2535354749788844]]","[[5.0707094995776885, 4.9292905004223115], [4.9292905004223115, 5.0707094995776885]]","[[5.0707094995776885, 4.9292905004223115], [4.9292905004223115, 5.0707094995776885]]",0.0001999799995321722,0.0001999799995321722
C3_C3_same_balanced_i0p0001_n50,C3,C3_same_balanced_i0p0001,Near-zero MI with identical balanced margins,,,50,50,1.0,0.5,0.5,0.5,0.5,1,1,0.0035354749788843918,0.0035354749788843918,9.999999998844267e-05,9.999999998844267e-05,0.0,0.0,0.2464645250211156,0.2464645250211156,12.32322625105578,12.32322625105578,12.32322625105578,"[[0.2535354749788844, 0.2464645250211156], [0.2464645250211156, 0.2535354749788844]]","[[0.2535354749788844, 0.2464645250211156], [0.2464645250211156, 0.2535354749788844]]","[[12.67677374894422, 12.32322625105578], [12.32322625105578, 12.67677374894422]]","[[12.67677374894422, 12.32322625105578], [12.32322625105578, 12.67677374894422]]",0.0001999799995321722,0.0001999799995321722
C3_C3_same_balanced_i0p0001_n100,C3,C3_same_balanced_i0p0001,Near-zero MI with identical balanced margins,,,100,100,1.0,0.5,0.5,0.5,0.5,1,1,0.0035354749788843918,0.0035354749788843918,9.999999998844267e-05,9.999999998844267e-05,0.0,0.0,0.2464645250211156,0.2464645250211156,24.64645250211156,24.64645250211156,24.64645250211156,"[[0.2535354749788844, 0.2464645250211156], [0.2464645250211156, 0.2535354749788844]]","[[0.2535354749788844, 0.2464645250211156], [0.2464645250211156, 0.2535354749788844]]","[[25.35354749788844, 24.64645250211156], [24.64645250211156, 25.35354749788844]]","[[25.35354749788844, 24.64645250211156], [24.64645250211156, 25.35354749788844]]",0.0001999799995321722,0.0001999799995321722
C3_C3_same_balanced_i0p0001_n200,C3,C3_same_balanced_i0p0001,Near-zero MI with identical balanced margins,,,200,200,1.0,0.5,0.5,0.5,0.5,1,1,0.0035354749788843918,0.0035354749788843918,9.999999998844267e-05,9.999999998844267e-05,0.0,0.0,0.2464645250211156,0.2464645250211156,49.29290500422312,49.29290500422312,49.29290500422312,"[[0.2535354749788844, 0.2464645250211156], [0.2464645250211156, 0.2535354749788844]]","[[0.2535354749788844, 0.2464645250211156], [0.2464645250211156, 0.2535354749788844]]","[[50.70709499577688, 49.29290500422312], [49.29290500422312, 50.70709499577688]]","[[50.70709499577688, 49.29290500422312], [49.29290500422312, 50.70709499577688]]",0.0001999799995321722,0.0001999799995321722
C3_C3_same_balanced_i0p0001_n500,C3,C3_same_balanced_i0p0001,Near-zero MI with identical balanced margins,,,500,500,1.0,0.5,0.5,0.5,0.5,1,1,0.0035354749788843918,0.0035354749788843918,9.999999998844267e-05,9.999999998844267e-05,0.0,0.0,0.2464645250211156,0.2464645250211156,123.2322625105578,123.2322625105578,123.2322625105578,"[[0.2535354749788844, 0.2464645250211156], [0.2464645250211156, 0.2535354749788844]]","[[0.2535354749788844, 0.2464645250211156], [0.2464645250211156, 0.2535354749788844]]","[[126.7677374894422, 123.2322625105578], [123.2322625105578, 126.7677374894422]]","[[126.7677374894422, 123.2322625105578], [123.2322625105578, 126.7677374894422]]",0.0001999799995321722,0.0001999799995321722
C3_C3_same_balanced_i0p0001_n1000,C3,C3_same_balanced_i0p0001,Near-zero MI with identical balanced margins,,,1000,1000,1.0,0.5,0.5,0.5,0.5,1,1,0.0035354749788843918,0.0035354749788843918,9.999999998844267e-05,9.999999998844267e-05,0.0,0.0,0.2464645250211156,0.2464645250211156,246.4645250211156,246.4645250211156,246.4645250211156,"[[0.2535354749788844, 0.2464645250211156], [0.2464645250211156, 0.2535354749788844]]","[[0.2535354749788844, 0.2464645250211156], [0.2464645250211156, 0.2535354749788844]]","[[253.5354749788844, 246.4645250211156], [246.4645250211156, 253.5354749788844]]","[[253.5354749788844, 246.4645250211156], [246.4645250211156, 253.5354749788844]]",0.0001999799995321722,0.0001999799995321722
C3_C3_same_balanced_i0p0005_n20,C3,C3_same_balanced_i0p0005,Near-zero MI with identical balanced margins,,,20,20,1.0,0.5,0.5,0.5,0.5,1,1,0.007905035271184644,0.007905035271184644,0.0004999999999999449,0.0004999999999999449,0.0,0.0,0.24209496472881536,0.24209496472881536,4.841899294576307,4.841899294576307,4.841899294576307,"[[0.25790503527118464, 0.24209496472881536], [0.24209496472881536, 0.25790503527118464]]","[[0.25790503527118464, 0.24209496472881536], [0.24209496472881536, 0.25790503527118464]]","[[5.158100705423693, 4.841899294576307], [4.841899294576307, 5.158100705423693]]","[[5.158100705423693, 4.841899294576307], [4.841899294576307, 5.158100705423693]]",0.000999499944424849,0.000999499944424849
C3_C3_same_balanced_i0p0005_n50,C3,C3_same_balanced_i0p0005,Near-zero MI with identical balanced margins,,,50,50,1.0,0.5,0.5,0.5,0.5,1,1,0.007905035271184644,0.007905035271184644,0.0004999999999999449,0.0004999999999999449,0.0,0.0,0.24209496472881536,0.24209496472881536,12.104748236440768,12.104748236440768,12.104748236440768,"[[0.25790503527118464, 0.24209496472881536], [0.24209496472881536, 0.25790503527118464]]","[[0.25790503527118464, 0.24209496472881536], [0.24209496472881536, 0.25790503527118464]]","[[12.895251763559232, 12.104748236440768], [12.104748236440768, 12.895251763559232]]","[[12.895251763559232, 12.104748236440768], [12.104748236440768, 12.895251763559232]]",0.000999499944424849,0.000999499944424849
C3_C3_same_balanced_i0p0005_n100,C3,C3_same_balanced_i0p0005,Near-zero MI with identical balanced margins,,,100,100,1.0,0.5,0.5,0.5,0.5,1,1,0.007905035271184644,0.007905035271184644,0.0004999999999999449,0.0004999999999999449,0.0,0.0,0.24209496472881536,0.24209496472881536,24.209496472881536,24.209496472881536,24.209496472881536,"[[0.25790503527118464, 0.24209496472881536], [0.24209496472881536, 0.25790503527118464]]","[[0.25790503527118464, 0.24209496472881536], [0.24209496472881536, 0.25790503527118464]]","[[25.790503527118464, 24.209496472881536], [24.209496472881536, 25.790503527118464]]","[[25.790503527118464, 24.209496472881536], [24.209496472881536, 25.790503527118464]]",0.000999499944424849,0.000999499944424849
C3_C3_same_balanced_i0p0005_n200,C3,C3_same_balanced_i0p0005,Near-zero MI with identical balanced margins,,,200,200,1.0,0.5,0.5,0.5,0.5,1,1,0.007905035271184644,0.007905035271184644,0.0004999999999999449,0.0004999999999999449,0.0,0.0,0.24209496472881536,0.24209496472881536,48.41899294576307,48.41899294576307,48.41899294576307,"[[0.25790503527118464, 0.24209496472881536], [0.24209496472881536, 0.25790503527118464]]","[[0.25790503527118464, 0.24209496472881536], [0.24209496472881536, 0.25790503527118464]]","[[51.58100705423693, 48.41899294576307], [48.41899294576307, 51.58100705423693]]","[[51.58100705423693, 48.41899294576307], [48.41899294576307, 51.58100705423693]]",0.000999499944424849,0.000999499944424849
C3_C3_same_balanced_i0p0005_n500,C3,C3_same_balanced_i0p0005,Near-zero MI with identical balanced margins,,,500,500,1.0,0.5,0.5,0.5,0.5,1,1,0.007905035271184644,0.007905035271184644,0.0004999999999999449,0.0004999999999999449,0.0,0.0,0.24209496472881536,0.24209496472881536,121.04748236440768,121.04748236440768,121.04748236440768,"[[0.25790503527118464, 0.24209496472881536], [0.24209496472881536, 0.25790503527118464]]","[[0.25790503527118464, 0.24209496472881536], [0.24209496472881536, 0.25790503527118464]]","[[128.95251763559233, 121.04748236440768], [121.04748236440768, 128.95251763559233]]","[[128.95251763559233, 121.04748236440768], [121.04748236440768, 128.95251763559233]]",0.000999499944424849,0.000999499944424849
C3_C3_same_balanced_i0p0005_n1000,C3,C3_same_balanced_i0p0005,Near-zero MI with identical balanced margins,,,1000,1000,1.0,0.5,0.5,0.5,0.5,1,1,0.007905035271184644,0.007905035271184644,0.0004999999999999449,0.0004999999999999449,0.0,0.0,0.24209496472881536,0.24209496472881536,242.09496472881537,242.09496472881537,242.09496472881537,"[[0.25790503527118464, 0.24209496472881536], [0.24209496472881536, 0.25790503527118464]]","[[0.25790503527118464, 0.24209496472881536], [0.24209496472881536, 0.25790503527118464]]","[[257.90503527118466, 242.09496472881537], [242.09496472881537, 257.90503527118466]]","[[257.90503527118466, 242.09496472881537], [242.09496472881537, 257.90503527118466]]",0.000999499944424849,0.000999499944424849
C3_C3_same_balanced_i0p001_n20,C3,C3_same_balanced_i0p001,Near-zero MI with identical balanced margins,,,20,20,1.0,0.5,0.5,0.5,0.5,1,1,0.01117847609355851,0.01117847609355851,0.0009999999999983356,0.0009999999999983356,0.0,0.0,0.23882152390644149,0.23882152390644149,4.776430478128829,4.776430478128829,4.776430478128829,"[[0.2611784760935585, 0.23882152390644149], [0.23882152390644149, 0.2611784760935585]]","[[0.2611784760935585, 0.23882152390644149], [0.23882152390644149, 0.2611784760935585]]","[[5.22356952187117, 4.776430478128829], [4.776430478128829, 5.22356952187117]]","[[5.22356952187117, 4.776430478128829], [4.776430478128829, 5.22356952187117]]",0.001997999555240833,0.001997999555240833
C3_C3_same_balanced_i0p001_n50,C3,C3_same_balanced_i0p001,Near-zero MI with identical balanced margins,,,50,50,1.0,0.5,0.5,0.5,0.5,1,1,0.01117847609355851,0.01117847609355851,0.0009999999999983356,0.0009999999999983356,0.0,0.0,0.23882152390644149,0.23882152390644149,11.941076195322074,11.941076195322074,11.941076195322074,"[[0.2611784760935585, 0.23882152390644149], [0.23882152390644149, 0.2611784760935585]]","[[0.2611784760935585, 0.23882152390644149], [0.23882152390644149, 0.2611784760935585]]","[[13.058923804677924, 11.941076195322074], [11.941076195322074, 13.058923804677924]]","[[13.058923804677924, 11.941076195322074], [11.941076195322074, 13.058923804677924]]",0.001997999555240833,0.001997999555240833
C3_C3_same_balanced_i0p001_n100,C3,C3_same_balanced_i0p001,Near-zero MI with identical balanced margins,,,100,100,1.0,0.5,0.5,0.5,0.5,1,1,0.01117847609355851,0.01117847609355851,0.0009999999999983356,0.0009999999999983356,0.0,0.0,0.23882152390644149,0.23882152390644149,23.882152390644148,23.882152390644148,23.882152390644148,"[[0.2611784760935585, 0.23882152390644149], [0.23882152390644149, 0.2611784760935585]]","[[0.2611784760935585, 0.23882152390644149], [0.23882152390644149, 0.2611784760935585]]","[[26.11784760935585, 23.882152390644148], [23.882152390644148, 26.11784760935585]]","[[26.11784760935585, 23.882152390644148], [23.882152390644148, 26.11784760935585]]",0.001997999555240833,0.001997999555240833
C3_C3_same_balanced_i0p001_n200,C3,C3_same_balanced_i0p001,Near-zero MI with identical balanced margins,,,200,200,1.0,0.5,0.5,0.5,0.5,1,1,0.01117847609355851,0.01117847609355851,0.0009999999999983356,0.0009999999999983356,0.0,0.0,0.23882152390644149,0.23882152390644149,47.764304781288295,47.764304781288295,47.764304781288295,"[[0.2611784760935585, 0.23882152390644149], [0.23882152390644149, 0.2611784760935585]]","[[0.2611784760935585, 0.23882152390644149], [0.23882152390644149, 0.2611784760935585]]","[[52.2356952187117, 47.764304781288295], [47.764304781288295, 52.2356952187117]]","[[52.2356952187117, 47.764304781288295], [47.764304781288295, 52.2356952187117]]",0.001997999555240833,0.001997999555240833
C3_C3_same_balanced_i0p001_n500,C3,C3_same_balanced_i0p001,Near-zero MI with identical balanced margins,,,500,500,1.0,0.5,0.5,0.5,0.5,1,1,0.01117847609355851,0.01117847609355851,0.0009999999999983356,0.0009999999999983356,0.0,0.0,0.23882152390644149,0.23882152390644149,119.41076195322074,119.41076195322074,119.41076195322074,"[[0.2611784760935585, 0.23882152390644149], [0.23882152390644149, 0.2611784760935585]]","[[0.2611784760935585, 0.23882152390644149], [0.23882152390644149, 0.2611784760935585]]","[[130.58923804677926, 119.41076195322074], [119.41076195322074, 130.58923804677926]]","[[130.58923804677926, 119.41076195322074], [119.41076195322074, 130.58923804677926]]",0.001997999555240833,0.001997999555240833
C3_C3_same_balanced_i0p001_n1000,C3,C3_same_balanced_i0p001,Near-zero MI with identical balanced margins,,,1000,1000,1.0,0.5,0.5,0.5,0.5,1,1,0.01117847609355851,0.01117847609355851,0.0009999999999983356,0.0009999999999983356,0.0,0.0,0.23882152390644149,0.23882152390644149,238.82152390644148,238.82152390644148,238.82152390644148,"[[0.2611784760935585, 0.23882152390644149], [0.23882152390644149, 0.2611784760935585]]","[[0.2611784760935585, 0.23882152390644149], [0.23882152390644149, 0.2611784760935585]]","[[261.1784760935585, 238.82152390644148], [238.82152390644148, 261.1784760935585]]","[[261.1784760935585, 238.82152390644148], [238.82152390644148, 261.1784760935585]]",0.001997999555240833,0.001997999555240833
C3_C3_same_balanced_i0p005_n20,C3,C3_same_balanced_i0p005,Near-zero MI with identical balanced margins,,,20,20,1.0,0.5,0.5,0.5,0.5,1,1,0.02497914403686528,0.02497914403686528,0.005000000000002336,0.005000000000002336,0.0,0.0,0.22502085596313473,0.22502085596313473,4.5004171192626945,4.5004171192626945,4.5004171192626945,"[[0.2749791440368653, 0.22502085596313473], [0.22502085596313473, 0.2749791440368653]]","[[0.2749791440368653, 0.22502085596313473], [0.22502085596313473, 0.2749791440368653]]","[[5.4995828807373055, 4.5004171192626945], [4.5004171192626945, 5.4995828807373055]]","[[5.4995828807373055, 4.5004171192626945], [4.5004171192626945, 5.4995828807373055]]",0.009949944249172586,0.009949944249172586
C3_C3_same_balanced_i0p005_n50,C3,C3_same_balanced_i0p005,Near-zero MI with identical balanced margins,,,50,50,1.0,0.5,0.5,0.5,0.5,1,1,0.02497914403686528,0.02497914403686528,0.005000000000002336,0.005000000000002336,0.0,0.0,0.22502085596313473,0.22502085596313473,11.251042798156737,11.251042798156737,11.251042798156737,"[[0.2749791440368653, 0.22502085596313473], [0.22502085596313473, 0.2749791440368653]]","[[0.2749791440368653, 0.22502085596313473], [0.22502085596313473, 0.2749791440368653]]","[[13.748957201843265, 11.251042798156737], [11.251042798156737, 13.748957201843265]]","[[13.748957201843265, 11.251042798156737], [11.251042798156737, 13.748957201843265]]",0.009949944249172586,0.009949944249172586
C3_C3_same_balanced_i0p005_n100,C3,C3_same_balanced_i0p005,Near-zero MI with identical balanced margins,,,100,100,1.0,0.5,0.5,0.5,0.5,1,1,0.02497914403686528,0.02497914403686528,0.005000000000002336,0.005000000000002336,0.0,0.0,0.22502085596313473,0.22502085596313473,22.502085596313474,22.502085596313474,22.502085596313474,"[[0.2749791440368653, 0.22502085596313473], [0.22502085596313473, 0.2749791440368653]]","[[0.2749791440368653, 0.22502085596313473], [0.22502085596313473, 0.2749791440368653]]","[[27.49791440368653, 22.502085596313474], [22.502085596313474, 27.49791440368653]]","[[27.49791440368653, 22.502085596313474], [22.502085596313474, 27.49791440368653]]",0.009949944249172586,0.009949944249172586
C3_C3_same_balanced_i0p005_n200,C3,C3_same_balanced_i0p005,Near-zero MI with identical balanced margins,,,200,200,1.0,0.5,0.5,0.5,0.5,1,1,0.02497914403686528,0.02497914403686528,0.005000000000002336,0.005000000000002336,0.0,0.0,0.22502085596313473,0.22502085596313473,45.00417119262695,45.00417119262695,45.00417119262695,"[[0.2749791440368653, 0.22502085596313473], [0.22502085596313473, 0.2749791440368653]]","[[0.2749791440368653, 0.22502085596313473], [0.22502085596313473, 0.2749791440368653]]","[[54.99582880737306, 45.00417119262695], [45.00417119262695, 54.99582880737306]]","[[54.99582880737306, 45.00417119262695], [45.00417119262695, 54.99582880737306]]",0.009949944249172586,0.009949944249172586
C3_C3_same_balanced_i0p005_n500,C3,C3_same_balanced_i0p005,Near-zero MI with identical balanced margins,,,500,500,1.0,0.5,0.5,0.5,0.5,1,1,0.02497914403686528,0.02497914403686528,0.005000000000002336,0.005000000000002336,0.0,0.0,0.22502085596313473,0.22502085596313473,112.51042798156736,112.51042798156736,112.51042798156736,"[[0.2749791440368653, 0.22502085596313473], [0.22502085596313473, 0.2749791440368653]]","[[0.2749791440368653, 0.22502085596313473], [0.22502085596313473, 0.2749791440368653]]","[[137.48957201843265, 112.51042798156736], [112.51042798156736, 137.48957201843265]]","[[137.48957201843265, 112.51042798156736], [112.51042798156736, 137.48957201843265]]",0.009949944249172586,0.009949944249172586
C3_C3_same_balanced_i0p005_n1000,C3,C3_same_balanced_i0p005,Near-zero MI with identical balanced margins,,,1000,1000,1.0,0.5,0.5,0.5,0.5,1,1,0.02497914403686528,0.02497914403686528,0.005000000000002336,0.005000000000002336,0.0,0.0,0.22502085596313473,0.22502085596313473,225.02085596313472,225.02085596313472,225.02085596313472,"[[0.2749791440368653, 0.22502085596313473], [0.22502085596313473, 0.2749791440368653]]","[[0.2749791440368653, 0.22502085596313473], [0.22502085596313473, 0.2749791440368653]]","[[274.9791440368653, 225.02085596313472], [225.02085596313472, 274.9791440368653]]","[[274.9791440368653, 225.02085596313472], [225.02085596313472, 274.9791440368653]]",0.009949944249172586,0.009949944249172586
C3_C3_same_balanced_i0p01_n20,C3,C3_same_balanced_i0p01,Near-zero MI with identical balanced margins,,,20,20,1.0,0.5,0.5,0.5,0.5,1,1,0.03529628513674744,0.03529628513674744,0.010000000000000231,0.010000000000000231,0.0,0.0,0.21470371486325257,0.21470371486325257,4.294074297265052,4.294074297265052,4.294074297265052,"[[0.28529628513674743, 0.21470371486325257], [0.21470371486325257, 0.28529628513674743]]","[[0.28529628513674743, 0.21470371486325257], [0.21470371486325257, 0.28529628513674743]]","[[5.705925702734948, 4.294074297265052], [4.294074297265052, 5.705925702734948]]","[[5.705925702734948, 4.294074297265052], [4.294074297265052, 5.705925702734948]]",0.01979955241769263,0.01979955241769263
C3_C3_same_balanced_i0p01_n50,C3,C3_same_balanced_i0p01,Near-zero MI with identical balanced margins,,,50,50,1.0,0.5,0.5,0.5,0.5,1,1,0.03529628513674744,0.03529628513674744,0.010000000000000231,0.010000000000000231,0.0,0.0,0.21470371486325257,0.21470371486325257,10.735185743162628,10.735185743162628,10.735185743162628,"[[0.28529628513674743, 0.21470371486325257], [0.21470371486325257, 0.28529628513674743]]","[[0.28529628513674743, 0.21470371486325257], [0.21470371486325257, 0.28529628513674743]]","[[14.264814256837372, 10.735185743162628], [10.735185743162628, 14.264814256837372]]","[[14.264814256837372, 10.735185743162628], [10.735185743162628, 14.264814256837372]]",0.01979955241769263,0.01979955241769263
C3_C3_same_balanced_i0p01_n100,C3,C3_same_balanced_i0p01,Near-zero MI with identical balanced margins,,,100,100,1.0,0.5,0.5,0.5,0.5,1,1,0.03529628513674744,0.03529628513674744,0.010000000000000231,0.010000000000000231,0.0,0.0,0.21470371486325257,0.21470371486325257,21.470371486325256,21.470371486325256,21.470371486325256,"[[0.28529628513674743, 0.21470371486325257], [0.21470371486325257, 0.28529628513674743]]","[[0.28529628513674743, 0.21470371486325257], [0.21470371486325257, 0.28529628513674743]]","[[28.529628513674744, 21.470371486325256], [21.470371486325256, 28.529628513674744]]","[[28.529628513674744, 21.470371486325256], [21.470371486325256, 28.529628513674744]]",0.01979955241769263,0.01979955241769263
C3_C3_same_balanced_i0p01_n200,C3,C3_same_balanced_i0p01,Near-zero MI with identical balanced margins,,,200,200,1.0,0.5,0.5,0.5,0.5,1,1,0.03529628513674744,0.03529628513674744,0.010000000000000231,0.010000000000000231,0.0,0.0,0.21470371486325257,0.21470371486325257,42.94074297265051,42.94074297265051,42.94074297265051,"[[0.28529628513674743, 0.21470371486325257], [0.21470371486325257, 0.28529628513674743]]","[[0.28529628513674743, 0.21470371486325257], [0.21470371486325257, 0.28529628513674743]]","[[57.05925702734949, 42.94074297265051], [42.94074297265051, 57.05925702734949]]","[[57.05925702734949, 42.94074297265051], [42.94074297265051, 57.05925702734949]]",0.01979955241769263,0.01979955241769263
C3_C3_same_balanced_i0p01_n500,C3,C3_same_balanced_i0p01,Near-zero MI with identical balanced margins,,,500,500,1.0,0.5,0.5,0.5,0.5,1,1,0.03529628513674744,0.03529628513674744,0.010000000000000231,0.010000000000000231,0.0,0.0,0.21470371486325257,0.21470371486325257,107.35185743162629,107.35185743162629,107.35185743162629,"[[0.28529628513674743, 0.21470371486325257], [0.21470371486325257, 0.28529628513674743]]","[[0.28529628513674743, 0.21470371486325257], [0.21470371486325257, 0.28529628513674743]]","[[142.64814256837371, 107.35185743162629], [107.35185743162629, 142.64814256837371]]","[[142.64814256837371, 107.35185743162629], [107.35185743162629, 142.64814256837371]]",0.01979955241769263,0.01979955241769263
C3_C3_same_balanced_i0p01_n1000,C3,C3_same_balanced_i0p01,Near-zero MI with identical balanced margins,,,1000,1000,1.0,0.5,0.5,0.5,0.5,1,1,0.03529628513674744,0.03529628513674744,0.010000000000000231,0.010000000000000231,0.0,0.0,0.21470371486325257,0.21470371486325257,214.70371486325257,214.70371486325257,214.70371486325257,"[[0.28529628513674743, 0.21470371486325257], [0.21470371486325257, 0.28529628513674743]]","[[0.28529628513674743, 0.21470371486325257], [0.21470371486325257, 0.28529628513674743]]","[[285.29628513674743, 214.70371486325257], [214.70371486325257, 285.29628513674743]]","[[285.29628513674743, 214.70371486325257], [214.70371486325257, 285.29628513674743]]",0.01979955241769263,0.01979955241769263
C3_C3_same_balanced_i0p05_n20,C3,C3_same_balanced_i0p05,Near-zero MI with identical balanced margins,,,20,20,1.0,0.5,0.5,0.5,0.5,1,1,0.07839079918248305,0.07839079918248305,0.0499999999999996,0.0499999999999996,0.0,0.0,0.17160920081751696,0.17160920081751696,3.432184016350339,3.432184016350339,3.432184016350339,"[[0.32839079918248304, 0.17160920081751696], [0.17160920081751696, 0.32839079918248304]]","[[0.32839079918248304, 0.17160920081751696], [0.17160920081751696, 0.32839079918248304]]","[[6.567815983649661, 3.432184016350339], [3.432184016350339, 6.567815983649661]]","[[6.567815983649661, 3.432184016350339], [3.432184016350339, 6.567815983649661]]",0.09494241304247028,0.09494241304247028
C3_C3_same_balanced_i0p05_n50,C3,C3_same_balanced_i0p05,Near-zero MI with identical balanced margins,,,50,50,1.0,0.5,0.5,0.5,0.5,1,1,0.07839079918248305,0.07839079918248305,0.0499999999999996,0.0499999999999996,0.0,0.0,0.17160920081751696,0.17160920081751696,8.580460040875849,8.580460040875849,8.580460040875849,"[[0.32839079918248304, 0.17160920081751696], [0.17160920081751696, 0.32839079918248304]]","[[0.32839079918248304, 0.17160920081751696], [0.17160920081751696, 0.32839079918248304]]","[[16.41953995912415, 8.580460040875849], [8.580460040875849, 16.41953995912415]]","[[16.41953995912415, 8.580460040875849], [8.580460040875849, 16.41953995912415]]",0.09494241304247028,0.09494241304247028
C3_C3_same_balanced_i0p05_n100,C3,C3_same_balanced_i0p05,Near-zero MI with identical balanced margins,,,100,100,1.0,0.5,0.5,0.5,0.5,1,1,0.07839079918248305,0.07839079918248305,0.0499999999999996,0.0499999999999996,0.0,0.0,0.17160920081751696,0.17160920081751696,17.160920081751698,17.160920081751698,17.160920081751698,"[[0.32839079918248304, 0.17160920081751696], [0.17160920081751696, 0.32839079918248304]]","[[0.32839079918248304, 0.17160920081751696], [0.17160920081751696, 0.32839079918248304]]","[[32.8390799182483, 17.160920081751698], [17.160920081751698, 32.8390799182483]]","[[32.8390799182483, 17.160920081751698], [17.160920081751698, 32.8390799182483]]",0.09494241304247028,0.09494241304247028
C3_C3_same_balanced_i0p05_n200,C3,C3_same_balanced_i0p05,Near-zero MI with identical balanced margins,,,200,200,1.0,0.5,0.5,0.5,0.5,1,1,0.07839079918248305,0.07839079918248305,0.0499999999999996,0.0499999999999996,0.0,0.0,0.17160920081751696,0.17160920081751696,34.321840163503396,34.321840163503396,34.321840163503396,"[[0.32839079918248304, 0.17160920081751696], [0.17160920081751696, 0.32839079918248304]]","[[0.32839079918248304, 0.17160920081751696], [0.17160920081751696, 0.32839079918248304]]","[[65.6781598364966, 34.321840163503396], [34.321840163503396, 65.6781598364966]]","[[65.6781598364966, 34.321840163503396], [34.321840163503396, 65.6781598364966]]",0.09494241304247028,0.09494241304247028
C3_C3_same_balanced_i0p05_n500,C3,C3_same_balanced_i0p05,Near-zero MI with identical balanced margins,,,500,500,1.0,0.5,0.5,0.5,0.5,1,1,0.07839079918248305,0.07839079918248305,0.0499999999999996,0.0499999999999996,0.0,0.0,0.17160920081751696,0.17160920081751696,85.80460040875847,85.80460040875847,85.80460040875847,"[[0.32839079918248304, 0.17160920081751696], [0.17160920081751696, 0.32839079918248304]]","[[0.32839079918248304, 0.17160920081751696], [0.17160920081751696, 0.32839079918248304]]","[[164.1953995912415, 85.80460040875847], [85.80460040875847, 164.1953995912415]]","[[164.1953995912415, 85.80460040875847], [85.80460040875847, 164.1953995912415]]",0.09494241304247028,0.09494241304247028
C3_C3_same_balanced_i0p05_n1000,C3,C3_same_balanced_i0p05,Near-zero MI with identical balanced margins,,,1000,1000,1.0,0.5,0.5,0.5,0.5,1,1,0.07839079918248305,0.07839079918248305,0.0499999999999996,0.0499999999999996,0.0,0.0,0.17160920081751696,0.17160920081751696,171.60920081751695,171.60920081751695,171.60920081751695,"[[0.32839079918248304, 0.17160920081751696], [0.17160920081751696, 0.32839079918248304]]","[[0.32839079918248304, 0.17160920081751696], [0.17160920081751696, 0.32839079918248304]]","[[328.390799182483, 171.60920081751695], [171.60920081751695, 328.390799182483]]","[[328.390799182483, 171.60920081751695], [171.60920081751695, 328.390799182483]]",0.09494241304247028,0.09494241304247028
C3_C3_same_balanced_i0p1_n20,C3,C3_same_balanced_i0p1,Near-zero MI with identical balanced margins,,,20,20,1.0,0.5,0.5,0.5,0.5,1,1,0.10989731308070487,0.10989731308070487,0.09999999999999987,0.09999999999999987,0.0,0.0,0.14010268691929512,0.14010268691929512,2.8020537383859025,2.8020537383859025,2.8020537383859025,"[[0.3598973130807049, 0.14010268691929512], [0.14010268691929512, 0.3598973130807049]]","[[0.3598973130807049, 0.14010268691929512], [0.14010268691929512, 0.3598973130807049]]","[[7.1979462616140975, 2.8020537383859025], [2.8020537383859025, 7.1979462616140975]]","[[7.1979462616140975, 2.8020537383859025], [2.8020537383859025, 7.1979462616140975]]",0.179521513612991,0.179521513612991
C3_C3_same_balanced_i0p1_n50,C3,C3_same_balanced_i0p1,Near-zero MI with identical balanced margins,,,50,50,1.0,0.5,0.5,0.5,0.5,1,1,0.10989731308070487,0.10989731308070487,0.09999999999999987,0.09999999999999987,0.0,0.0,0.14010268691929512,0.14010268691929512,7.0051343459647555,7.0051343459647555,7.0051343459647555,"[[0.3598973130807049, 0.14010268691929512], [0.14010268691929512, 0.3598973130807049]]","[[0.3598973130807049, 0.14010268691929512], [0.14010268691929512, 0.3598973130807049]]","[[17.994865654035245, 7.0051343459647555], [7.0051343459647555, 17.994865654035245]]","[[17.994865654035245, 7.0051343459647555], [7.0051343459647555, 17.994865654035245]]",0.179521513612991,0.179521513612991
C3_C3_same_balanced_i0p1_n100,C3,C3_same_balanced_i0p1,Near-zero MI with identical balanced margins,,,100,100,1.0,0.5,0.5,0.5,0.5,1,1,0.10989731308070487,0.10989731308070487,0.09999999999999987,0.09999999999999987,0.0,0.0,0.14010268691929512,0.14010268691929512,14.010268691929511,14.010268691929511,14.010268691929511,"[[0.3598973130807049, 0.14010268691929512], [0.14010268691929512, 0.3598973130807049]]","[[0.3598973130807049, 0.14010268691929512], [0.14010268691929512, 0.3598973130807049]]","[[35.98973130807049, 14.010268691929511], [14.010268691929511, 35.98973130807049]]","[[35.98973130807049, 14.010268691929511], [14.010268691929511, 35.98973130807049]]",0.179521513612991,0.179521513612991
C3_C3_same_balanced_i0p1_n200,C3,C3_same_balanced_i0p1,Near-zero MI with identical balanced margins,,,200,200,1.0,0.5,0.5,0.5,0.5,1,1,0.10989731308070487,0.10989731308070487,0.09999999999999987,0.09999999999999987,0.0,0.0,0.14010268691929512,0.14010268691929512,28.020537383859022,28.020537383859022,28.020537383859022,"[[0.3598973130807049, 0.14010268691929512], [0.14010268691929512, 0.3598973130807049]]","[[0.3598973130807049, 0.14010268691929512], [0.14010268691929512, 0.3598973130807049]]","[[71.97946261614098, 28.020537383859022], [28.020537383859022, 71.97946261614098]]","[[71.97946261614098, 28.020537383859022], [28.020537383859022, 71.97946261614098]]",0.179521513612991,0.179521513612991
C3_C3_same_balanced_i0p1_n500,C3,C3_same_balanced_i0p1,Near-zero MI with identical balanced margins,,,500,500,1.0,0.5,0.5,0.5,0.5,1,1,0.10989731308070487,0.10989731308070487,0.09999999999999987,0.09999999999999987,0.0,0.0,0.14010268691929512,0.14010268691929512,70.05134345964755,70.05134345964755,70.05134345964755,"[[0.3598973130807049, 0.14010268691929512], [0.14010268691929512, 0.3598973130807049]]","[[0.3598973130807049, 0.14010268691929512], [0.14010268691929512, 0.3598973130807049]]","[[179.94865654035243, 70.05134345964755], [70.05134345964755, 179.94865654035243]]","[[179.94865654035243, 70.05134345964755], [70.05134345964755, 179.94865654035243]]",0.179521513612991,0.179521513612991
C3_C3_same_balanced_i0p1_n1000,C3,C3_same_balanced_i0p1,Near-zero MI with identical balanced margins,,,1000,1000,1.0,0.5,0.5,0.5,0.5,1,1,0.10989731308070487,0.10989731308070487,0.09999999999999987,0.09999999999999987,0.0,0.0,0.14010268691929512,0.14010268691929512,140.1026869192951,140.1026869192951,140.1026869192951,"[[0.3598973130807049, 0.14010268691929512], [0.14010268691929512, 0.3598973130807049]]","[[0.3598973130807049, 0.14010268691929512], [0.14010268691929512, 0.3598973130807049]]","[[359.89731308070486, 140.1026869192951], [140.1026869192951, 359.89731308070486]]","[[359.89731308070486, 140.1026869192951], [140.1026869192951, 359.89731308070486]]",0.179521513612991,0.179521513612991
C3_C3_shape_mismatch_i0_n20,C3,C3_shape_mismatch_i0,Near-zero MI with different margins,,,20,20,1.0,0.5,0.5,0.3,0.4,1,1,0.0,0.0,0.0,-2.220446049250313e-16,2.220446049250313e-16,0.0,0.25,0.12,5.0,2.4,2.4,"[[0.25, 0.25], [0.25, 0.25]]","[[0.42, 0.27999999999999997], [0.18, 0.12]]","[[5.0, 5.0], [5.0, 5.0]]","[[8.4, 5.6], [3.5999999999999996, 2.4]]",0.0,2.958228394578786e-33
C3_C3_shape_mismatch_i0_n50,C3,C3_shape_mismatch_i0,Near-zero MI with different margins,,,50,50,1.0,0.5,0.5,0.3,0.4,1,1,0.0,0.0,0.0,-2.220446049250313e-16,2.220446049250313e-16,0.0,0.25,0.12,12.5,6.0,6.0,"[[0.25, 0.25], [0.25, 0.25]]","[[0.42, 0.27999999999999997], [0.18, 0.12]]","[[12.5, 12.5], [12.5, 12.5]]","[[21.0, 13.999999999999998], [9.0, 6.0]]",0.0,2.958228394578786e-33
C3_C3_shape_mismatch_i0_n100,C3,C3_shape_mismatch_i0,Near-zero MI with different margins,,,100,100,1.0,0.5,0.5,0.3,0.4,1,1,0.0,0.0,0.0,-2.220446049250313e-16,2.220446049250313e-16,0.0,0.25,0.12,25.0,12.0,12.0,"[[0.25, 0.25], [0.25, 0.25]]","[[0.42, 0.27999999999999997], [0.18, 0.12]]","[[25.0, 25.0], [25.0, 25.0]]","[[42.0, 27.999999999999996], [18.0, 12.0]]",0.0,2.958228394578786e-33
C3_C3_shape_mismatch_i0_n200,C3,C3_shape_mismatch_i0,Near-zero MI with different margins,,,200,200,1.0,0.5,0.5,0.3,0.4,1,1,0.0,0.0,0.0,-2.220446049250313e-16,2.220446049250313e-16,0.0,0.25,0.12,50.0,24.0,24.0,"[[0.25, 0.25], [0.25, 0.25]]","[[0.42, 0.27999999999999997], [0.18, 0.12]]","[[50.0, 50.0], [50.0, 50.0]]","[[84.0, 55.99999999999999], [36.0, 24.0]]",0.0,2.958228394578786e-33
C3_C3_shape_mismatch_i0_n500,C3,C3_shape_mismatch_i0,Near-zero MI with different margins,,,500,500,1.0,0.5,0.5,0.3,0.4,1,1,0.0,0.0,0.0,-2.220446049250313e-16,2.220446049250313e-16,0.0,0.25,0.12,125.0,60.0,60.0,"[[0.25, 0.25], [0.25, 0.25]]","[[0.42, 0.27999999999999997], [0.18, 0.12]]","[[125.0, 125.0], [125.0, 125.0]]","[[210.0, 139.99999999999997], [90.0, 60.0]]",0.0,2.958228394578786e-33
C3_C3_shape_mismatch_i0_n1000,C3,C3_shape_mismatch_i0,Near-zero MI with different margins,,,1000,1000,1.0,0.5,0.5,0.3,0.4,1,1,0.0,0.0,0.0,-2.220446049250313e-16,2.220446049250313e-16,0.0,0.25,0.12,250.0,120.0,120.0,"[[0.25, 0.25], [0.25, 0.25]]","[[0.42, 0.27999999999999997], [0.18, 0.12]]","[[250.0, 250.0], [250.0, 250.0]]","[[420.0, 279.99999999999994], [180.0, 120.0]]",0.0,2.958228394578786e-33
C3_C3_shape_mismatch_i0p0001_n20,C3,C3_shape_mismatch_i0p0001,Near-zero MI with different margins,,,20,20,1.0,0.5,0.5,0.3,0.4,1,1,0.0035354749788843918,0.003177465485384155,9.999999998844267e-05,9.999999999976694e-05,-1.1324274851176597e-14,0.0,0.2464645250211156,0.12317746548538415,4.9292905004223115,2.463549309707683,2.463549309707683,"[[0.2535354749788844, 0.2464645250211156], [0.2464645250211156, 0.2535354749788844]]","[[0.42317746548538415, 0.2768225345146158], [0.17682253451461583, 0.12317746548538415]]","[[5.0707094995776885, 4.9292905004223115], [4.9292905004223115, 5.0707094995776885]]","[[8.463549309707684, 5.536450690292316], [3.5364506902923165, 2.463549309707683]]",0.0001999799995321722,0.00020030637654071945
C3_C3_shape_mismatch_i0p0001_n50,C3,C3_shape_mismatch_i0p0001,Near-zero MI with different margins,,,50,50,1.0,0.5,0.5,0.3,0.4,1,1,0.0035354749788843918,0.003177465485384155,9.999999998844267e-05,9.999999999976694e-05,-1.1324274851176597e-14,0.0,0.2464645250211156,0.12317746548538415,12.32322625105578,6.158873274269207,6.158873274269207,"[[0.2535354749788844, 0.2464645250211156], [0.2464645250211156, 0.2535354749788844]]","[[0.42317746548538415, 0.2768225345146158], [0.17682253451461583, 0.12317746548538415]]","[[12.67677374894422, 12.32322625105578], [12.32322625105578, 12.67677374894422]]","[[21.158873274269208, 13.84112672573079], [8.841126725730792, 6.158873274269207]]",0.0001999799995321722,0.00020030637654071945
C3_C3_shape_mismatch_i0p0001_n100,C3,C3_shape_mismatch_i0p0001,Near-zero MI with different margins,,,100,100,1.0,0.5,0.5,0.3,0.4,1,1,0.0035354749788843918,0.003177465485384155,9.999999998844267e-05,9.999999999976694e-05,-1.1324274851176597e-14,0.0,0.2464645250211156,0.12317746548538415,24.64645250211156,12.317746548538414,12.317746548538414,"[[0.2535354749788844, 0.2464645250211156], [0.2464645250211156, 0.2535354749788844]]","[[0.42317746548538415, 0.2768225345146158], [0.17682253451461583, 0.12317746548538415]]","[[25.35354749788844, 24.64645250211156], [24.64645250211156, 25.35354749788844]]","[[42.317746548538416, 27.68225345146158], [17.682253451461584, 12.317746548538414]]",0.0001999799995321722,0.00020030637654071945
C3_C3_shape_mismatch_i0p0001_n200,C3,C3_shape_mismatch_i0p0001,Near-zero MI with different margins,,,200,200,1.0,0.5,0.5,0.3,0.4,1,1,0.0035354749788843918,0.003177465485384155,9.999999998844267e-05,9.999999999976694e-05,-1.1324274851176597e-14,0.0,0.2464645250211156,0.12317746548538415,49.29290500422312,24.63549309707683,24.63549309707683,"[[0.2535354749788844, 0.2464645250211156], [0.2464645250211156, 0.2535354749788844]]","[[0.42317746548538415, 0.2768225345146158], [0.17682253451461583, 0.12317746548538415]]","[[50.70709499577688, 49.29290500422312], [49.29290500422312, 50.70709499577688]]","[[84.63549309707683, 55.36450690292316], [35.36450690292317, 24.63549309707683]]",0.0001999799995321722,0.00020030637654071945
C3_C3_shape_mismatch_i0p0001_n500,C3,C3_shape_mismatch_i0p0001,Near-zero MI with different margins,,,500,500,1.0,0.5,0.5,0.3,0.4,1,1,0.0035354749788843918,0.003177465485384155,9.999999998844267e-05,9.999999999976694e-05,-1.1324274851176597e-14,0.0,0.2464645250211156,0.12317746548538415,123.2322625105578,61.58873274269207,61.58873274269207,"[[0.2535354749788844, 0.2464645250211156], [0.2464645250211156, 0.2535354749788844]]","[[0.42317746548538415, 0.2768225345146158], [0.17682253451461583, 0.12317746548538415]]","[[126.7677374894422, 123.2322625105578], [123.2322625105578, 126.7677374894422]]","[[211.5887327426921, 138.4112672573079], [88.41126725730791, 61.58873274269207]]",0.0001999799995321722,0.00020030637654071945
C3_C3_shape_mismatch_i0p0001_n1000,C3,C3_shape_mismatch_i0p0001,Near-zero MI with different margins,,,1000,1000,1.0,0.5,0.5,0.3,0.4,1,1,0.0035354749788843918,0.003177465485384155,9.999999998844267e-05,9.999999999976694e-05,-1.1324274851176597e-14,0.0,0.2464645250211156,0.12317746548538415,246.4645250211156,123.17746548538415,123.17746548538415,"[[0.2535354749788844, 0.2464645250211156], [0.2464645250211156, 0.2535354749788844]]","[[0.42317746548538415, 0.2768225345146158], [0.17682253451461583, 0.12317746548538415]]","[[253.5354749788844, 246.4645250211156], [246.4645250211156, 253.5354749788844]]","[[423.1774654853842, 276.8225345146158], [176.82253451461582, 123.17746548538415]]",0.0001999799995321722,0.00020030637654071945
C3_C3_shape_mismatch_i0p0005_n20,C3,C3_shape_mismatch_i0p0005,Near-zero MI with different margins,,,20,20,1.0,0.5,0.5,0.3,0.4,1,1,0.007905035271184644,0.007111485726575067,0.0004999999999999449,0.0004999999999912852,8.659739592076221e-15,0.0,0.24209496472881536,0.12711148572657507,4.841899294576307,2.5422297145315014,2.5422297145315014,"[[0.25790503527118464, 0.24209496472881536], [0.24209496472881536, 0.25790503527118464]]","[[0.42711148572657504, 0.2728885142734249], [0.17288851427342491, 0.12711148572657507]]","[[5.158100705423693, 4.841899294576307], [4.841899294576307, 5.158100705423693]]","[[8.542229714531501, 5.457770285468499], [3.457770285468498, 2.5422297145315014]]",0.000999499944424849,0.00100301986520401
C3_C3_shape_mismatch_i0p0005_n50,C3,C3_shape_mismatch_i0p0005,Near-zero MI with different margins,,,50,50,1.0,0.5,0.5,0.3,0.4,1,1,0.007905035271184644,0.007111485726575067,0.0004999999999999449,0.0004999999999912852,8.659739592076221e-15,0.0,0.24209496472881536,0.12711148572657507,12.104748236440768,6.355574286328753,6.355574286328753,"[[0.25790503527118464, 0.24209496472881536], [0.24209496472881536, 0.25790503527118464]]","[[0.42711148572657504, 0.2728885142734249], [0.17288851427342491, 0.12711148572657507]]","[[12.895251763559232, 12.104748236440768], [12.104748236440768, 12.895251763559232]]","[[21.355574286328753, 13.644425713671247], [8.644425713671247, 6.355574286328753]]",0.000999499944424849,0.00100301986520401
C3_C3_shape_mismatch_i0p0005_n100,C3,C3_shape_mismatch_i0p0005,Near-zero MI with different margins,,,100,100,1.0,0.5,0.5,0.3,0.4,1,1,0.007905035271184644,0.007111485726575067,0.0004999999999999449,0.0004999999999912852,8.659739592076221e-15,0.0,0.24209496472881536,0.12711148572657507,24.209496472881536,12.711148572657507,12.711148572657507,"[[0.25790503527118464, 0.24209496472881536], [0.24209496472881536, 0.25790503527118464]]","[[0.42711148572657504, 0.2728885142734249], [0.17288851427342491, 0.12711148572657507]]","[[25.790503527118464, 24.209496472881536], [24.209496472881536, 25.790503527118464]]","[[42.71114857265751, 27.288851427342493], [17.288851427342493, 12.711148572657507]]",0.000999499944424849,0.00100301986520401
C3_C3_shape_mismatch_i0p0005_n200,C3,C3_shape_mismatch_i0p0005,Near-zero MI with different margins,,,200,200,1.0,0.5,0.5,0.3,0.4,1,1,0.007905035271184644,0.007111485726575067,0.0004999999999999449,0.0004999999999912852,8.659739592076221e-15,0.0,0.24209496472881536,0.12711148572657507,48.41899294576307,25.422297145315014,25.422297145315014,"[[0.25790503527118464, 0.24209496472881536], [0.24209496472881536, 0.25790503527118464]]","[[0.42711148572657504, 0.2728885142734249], [0.17288851427342491, 0.12711148572657507]]","[[51.58100705423693, 48.41899294576307], [48.41899294576307, 51.58100705423693]]","[[85.42229714531501, 54.577702854684986], [34.577702854684986, 25.422297145315014]]",0.000999499944424849,0.00100301986520401
C3_C3_shape_mismatch_i0p0005_n500,C3,C3_shape_mismatch_i0p0005,Near-zero MI with different margins,,,500,500,1.0,0.5,0.5,0.3,0.4,1,1,0.007905035271184644,0.007111485726575067,0.0004999999999999449,0.0004999999999912852,8.659739592076221e-15,0.0,0.24209496472881536,0.12711148572657507,121.04748236440768,63.555742863287534,63.555742863287534,"[[0.25790503527118464, 0.24209496472881536], [0.24209496472881536, 0.25790503527118464]]","[[0.42711148572657504, 0.2728885142734249], [0.17288851427342491, 0.12711148572657507]]","[[128.95251763559233, 121.04748236440768], [121.04748236440768, 128.95251763559233]]","[[213.55574286328752, 136.44425713671245], [86.44425713671245, 63.555742863287534]]",0.000999499944424849,0.00100301986520401
C3_C3_shape_mismatch_i0p0005_n1000,C3,C3_shape_mismatch_i0p0005,Near-zero MI with different margins,,,1000,1000,1.0,0.5,0.5,0.3,0.4,1,1,0.007905035271184644,0.007111485726575067,0.0004999999999999449,0.0004999999999912852,8.659739592076221e-15,0.0,0.24209496472881536,0.12711148572657507,242.09496472881537,127.11148572657507,127.11148572657507,"[[0.25790503527118464, 0.24209496472881536], [0.24209496472881536, 0.25790503527118464]]","[[0.42711148572657504, 0.2728885142734249], [0.17288851427342491, 0.12711148572657507]]","[[257.90503527118466, 242.09496472881537], [242.09496472881537, 257.90503527118466]]","[[427.11148572657504, 272.8885142734249], [172.8885142734249, 127.11148572657507]]",0.000999499944424849,0.00100301986520401
C3_C3_shape_mismatch_i0p001_n20,C3,C3_shape_mismatch_i0p001,Near-zero MI with different margins,,,20,20,1.0,0.5,0.5,0.3,0.4,1,1,0.01117847609355851,0.010063364217199586,0.0009999999999983356,0.001000000000000112,-1.7763568394002505e-15,0.0,0.23882152390644149,0.13006336421719958,4.776430478128829,2.6012672843439915,2.6012672843439915,"[[0.2611784760935585, 0.23882152390644149], [0.23882152390644149, 0.2611784760935585]]","[[0.4300633642171996, 0.26993663578280036], [0.1699366357828004, 0.13006336421719958]]","[[5.22356952187117, 4.776430478128829], [4.776430478128829, 5.22356952187117]]","[[8.601267284343992, 5.398732715656007], [3.398732715656008, 2.6012672843439915]]",0.001997999555240833,0.002007688449702193
C3_C3_shape_mismatch_i0p001_n50,C3,C3_shape_mismatch_i0p001,Near-zero MI with different margins,,,50,50,1.0,0.5,0.5,0.3,0.4,1,1,0.01117847609355851,0.010063364217199586,0.0009999999999983356,0.001000000000000112,-1.7763568394002505e-15,0.0,0.23882152390644149,0.13006336421719958,11.941076195322074,6.503168210859979,6.503168210859979,"[[0.2611784760935585, 0.23882152390644149], [0.23882152390644149, 0.2611784760935585]]","[[0.4300633642171996, 0.26993663578280036], [0.1699366357828004, 0.13006336421719958]]","[[13.058923804677924, 11.941076195322074], [11.941076195322074, 13.058923804677924]]","[[21.50316821085998, 13.496831789140018], [8.496831789140021, 6.503168210859979]]",0.001997999555240833,0.002007688449702193
C3_C3_shape_mismatch_i0p001_n100,C3,C3_shape_mismatch_i0p001,Near-zero MI with different margins,,,100,100,1.0,0.5,0.5,0.3,0.4,1,1,0.01117847609355851,0.010063364217199586,0.0009999999999983356,0.001000000000000112,-1.7763568394002505e-15,0.0,0.23882152390644149,0.13006336421719958,23.882152390644148,13.006336421719958,13.006336421719958,"[[0.2611784760935585, 0.23882152390644149], [0.23882152390644149, 0.2611784760935585]]","[[0.4300633642171996, 0.26993663578280036], [0.1699366357828004, 0.13006336421719958]]","[[26.11784760935585, 23.882152390644148], [23.882152390644148, 26.11784760935585]]","[[43.00633642171996, 26.993663578280035], [16.993663578280042, 13.006336421719958]]",0.001997999555240833,0.002007688449702193
C3_C3_shape_mismatch_i0p001_n200,C3,C3_shape_mismatch_i0p001,Near-zero MI with different margins,,,200,200,1.0,0.5,0.5,0.3,0.4,1,1,0.01117847609355851,0.010063364217199586,0.0009999999999983356,0.001000000000000112,-1.7763568394002505e-15,0.0,0.23882152390644149,0.13006336421719958,47.764304781288295,26.012672843439915,26.012672843439915,"[[0.2611784760935585, 0.23882152390644149], [0.23882152390644149, 0.2611784760935585]]","[[0.4300633642171996, 0.26993663578280036], [0.1699366357828004, 0.13006336421719958]]","[[52.2356952187117, 47.764304781288295], [47.764304781288295, 52.2356952187117]]","[[86.01267284343992, 53.98732715656007], [33.987327156560085, 26.012672843439915]]",0.001997999555240833,0.002007688449702193
C3_C3_shape_mismatch_i0p001_n500,C3,C3_shape_mismatch_i0p001,Near-zero MI with different margins,,,500,500,1.0,0.5,0.5,0.3,0.4,1,1,0.01117847609355851,0.010063364217199586,0.0009999999999983356,0.001000000000000112,-1.7763568394002505e-15,0.0,0.23882152390644149,0.13006336421719958,119.41076195322074,65.0316821085998,65.0316821085998,"[[0.2611784760935585, 0.23882152390644149], [0.23882152390644149, 0.2611784760935585]]","[[0.4300633642171996, 0.26993663578280036], [0.1699366357828004, 0.13006336421719958]]","[[130.58923804677926, 119.41076195322074], [119.41076195322074, 130.58923804677926]]","[[215.0316821085998, 134.96831789140018], [84.9683178914002, 65.0316821085998]]",0.001997999555240833,0.002007688449702193
C3_C3_shape_mismatch_i0p001_n1000,C3,C3_shape_mismatch_i0p001,Near-zero MI with different margins,,,1000,1000,1.0,0.5,0.5,0.3,0.4,1,1,0.01117847609355851,0.010063364217199586,0.0009999999999983356,0.001000000000000112,-1.7763568394002505e-15,0.0,0.23882152390644149,0.13006336421719958,238.82152390644148,130.0633642171996,130.0633642171996,"[[0.2611784760935585, 0.23882152390644149], [0.23882152390644149, 0.2611784760935585]]","[[0.4300633642171996, 0.26993663578280036], [0.1699366357828004, 0.13006336421719958]]","[[261.1784760935585, 238.82152390644148], [238.82152390644148, 261.1784760935585]]","[[430.0633642171996, 269.93663578280035], [169.9366357828004, 130.0633642171996]]",0.001997999555240833,0.002007688449702193
C3_C3_shape_mismatch_i0p005_n20,C3,C3_shape_mismatch_i0p005,Near-zero MI with different margins,,,20,20,1.0,0.5,0.5,0.3,0.4,1,1,0.02497914403686528,0.022547717757409737,0.005000000000002336,0.004999999999999449,2.886579864025407e-15,0.0,0.22502085596313473,0.14254771775740974,4.5004171192626945,2.8509543551481946,2.8509543551481946,"[[0.2749791440368653, 0.22502085596313473], [0.22502085596313473, 0.2749791440368653]]","[[0.4425477177574097, 0.25745228224259026], [0.15745228224259025, 0.14254771775740974]]","[[5.4995828807373055, 4.5004171192626945], [4.5004171192626945, 5.4995828807373055]]","[[8.850954355148193, 5.149045644851805], [3.149045644851805, 2.8509543551481946]]",0.009949944249172586,0.010046287367895665
C3_C3_shape_mismatch_i0p005_n50,C3,C3_shape_mismatch_i0p005,Near-zero MI with different margins,,,50,50,1.0,0.5,0.5,0.3,0.4,1,1,0.02497914403686528,0.022547717757409737,0.005000000000002336,0.004999999999999449,2.886579864025407e-15,0.0,0.22502085596313473,0.14254771775740974,11.251042798156737,7.127385887870487,7.127385887870487,"[[0.2749791440368653, 0.22502085596313473], [0.22502085596313473, 0.2749791440368653]]","[[0.4425477177574097, 0.25745228224259026], [0.15745228224259025, 0.14254771775740974]]","[[13.748957201843265, 11.251042798156737], [11.251042798156737, 13.748957201843265]]","[[22.127385887870485, 12.872614112129513], [7.872614112129512, 7.127385887870487]]",0.009949944249172586,0.010046287367895665
C3_C3_shape_mismatch_i0p005_n100,C3,C3_shape_mismatch_i0p005,Near-zero MI with different margins,,,100,100,1.0,0.5,0.5,0.3,0.4,1,1,0.02497914403686528,0.022547717757409737,0.005000000000002336,0.004999999999999449,2.886579864025407e-15,0.0,0.22502085596313473,0.14254771775740974,22.502085596313474,14.254771775740974,14.254771775740974,"[[0.2749791440368653, 0.22502085596313473], [0.22502085596313473, 0.2749791440368653]]","[[0.4425477177574097, 0.25745228224259026], [0.15745228224259025, 0.14254771775740974]]","[[27.49791440368653, 22.502085596313474], [22.502085596313474, 27.49791440368653]]","[[44.25477177574097, 25.745228224259026], [15.745228224259025, 14.254771775740974]]",0.009949944249172586,0.010046287367895665
C3_C3_shape_mismatch_i0p005_n200,C3,C3_shape_mismatch_i0p005,Near-zero MI with different margins,,,200,200,1.0,0.5,0.5,0.3,0.4,1,1,0.02497914403686528,0.022547717757409737,0.005000000000002336,0.004999999999999449,2.886579864025407e-15,0.0,0.22502085596313473,0.14254771775740974,45.00417119262695,28.509543551481947,28.509543551481947,"[[0.2749791440368653, 0.22502085596313473], [0.22502085596313473, 0.2749791440368653]]","[[0.4425477177574097, 0.25745228224259026], [0.15745228224259025, 0.14254771775740974]]","[[54.99582880737306, 45.00417119262695], [45.00417119262695, 54.99582880737306]]","[[88.50954355148194, 51.49045644851805], [31.49045644851805, 28.509543551481947]]",0.009949944249172586,0.010046287367895665
C3_C3_shape_mismatch_i0p005_n500,C3,C3_shape_mismatch_i0p005,Near-zero MI with different margins,,,500,500,1.0,0.5,0.5,0.3,0.4,1,1,0.02497914403686528,0.022547717757409737,0.005000000000002336,0.004999999999999449,2.886579864025407e-15,0.0,0.22502085596313473,0.14254771775740974,112.51042798156736,71.27385887870487,71.27385887870487,"[[0.2749791440368653, 0.22502085596313473], [0.22502085596313473, 0.2749791440368653]]","[[0.4425477177574097, 0.25745228224259026], [0.15745228224259025, 0.14254771775740974]]","[[137.48957201843265, 112.51042798156736], [112.51042798156736, 137.48957201843265]]","[[221.27385887870486, 128.72614112129514], [78.72614112129513, 71.27385887870487]]",0.009949944249172586,0.010046287367895665
C3_C3_shape_mismatch_i0p005_n1000,C3,C3_shape_mismatch_i0p005,Near-zero MI with different margins,,,1000,1000,1.0,0.5,0.5,0.3,0.4,1,1,0.02497914403686528,0.022547717757409737,0.005000000000002336,0.004999999999999449,2.886579864025407e-15,0.0,0.22502085596313473,0.14254771775740974,225.02085596313472,142.54771775740974,142.54771775740974,"[[0.2749791440368653, 0.22502085596313473], [0.22502085596313473, 0.2749791440368653]]","[[0.4425477177574097, 0.25745228224259026], [0.15745228224259025, 0.14254771775740974]]","[[274.9791440368653, 225.02085596313472], [225.02085596313472, 274.9791440368653]]","[[442.5477177574097, 257.4522822425903], [157.45228224259026, 142.54771775740974]]",0.009949944249172586,0.010046287367895665
C3_C3_shape_mismatch_i0p01_n20,C3,C3_shape_mismatch_i0p01,Near-zero MI with different margins,,,20,20,1.0,0.5,0.5,0.3,0.4,1,1,0.03529628513674744,0.03191595560722042,0.010000000000000231,0.009999999999999454,7.771561172376096e-16,0.0,0.21470371486325257,0.14808404439277956,4.294074297265052,2.961680887855591,2.961680887855591,"[[0.28529628513674743, 0.21470371486325257], [0.21470371486325257, 0.28529628513674743]]","[[0.4519159556072204, 0.24808404439277953], [0.14808404439277956, 0.15191595560722043]]","[[5.705925702734948, 4.294074297265052], [4.294074297265052, 5.705925702734948]]","[[9.038319112144409, 4.961680887855591], [2.961680887855591, 3.038319112144409]]",0.01979955241769263,0.020048191815172978
C3_C3_shape_mismatch_i0p01_n50,C3,C3_shape_mismatch_i0p01,Near-zero MI with different margins,,,50,50,1.0,0.5,0.5,0.3,0.4,1,1,0.03529628513674744,0.03191595560722042,0.010000000000000231,0.009999999999999454,7.771561172376096e-16,0.0,0.21470371486325257,0.14808404439277956,10.735185743162628,7.404202219638978,7.404202219638978,"[[0.28529628513674743, 0.21470371486325257], [0.21470371486325257, 0.28529628513674743]]","[[0.4519159556072204, 0.24808404439277953], [0.14808404439277956, 0.15191595560722043]]","[[14.264814256837372, 10.735185743162628], [10.735185743162628, 14.264814256837372]]","[[22.59579778036102, 12.404202219638977], [7.404202219638978, 7.595797780361021]]",0.01979955241769263,0.020048191815172978
C3_C3_shape_mismatch_i0p01_n100,C3,C3_shape_mismatch_i0p01,Near-zero MI with different margins,,,100,100,1.0,0.5,0.5,0.3,0.4,1,1,0.03529628513674744,0.03191595560722042,0.010000000000000231,0.009999999999999454,7.771561172376096e-16,0.0,0.21470371486325257,0.14808404439277956,21.470371486325256,14.808404439277956,14.808404439277956,"[[0.28529628513674743, 0.21470371486325257], [0.21470371486325257, 0.28529628513674743]]","[[0.4519159556072204, 0.24808404439277953], [0.14808404439277956, 0.15191595560722043]]","[[28.529628513674744, 21.470371486325256], [21.470371486325256, 28.529628513674744]]","[[45.19159556072204, 24.808404439277954], [14.808404439277956, 15.191595560722043]]",0.01979955241769263,0.020048191815172978
C3_C3_shape_mismatch_i0p01_n200,C3,C3_shape_mismatch_i0p01,Near-zero MI with different margins,,,200,200,1.0,0.5,0.5,0.3,0.4,1,1,0.03529628513674744,0.03191595560722042,0.010000000000000231,0.009999999999999454,7.771561172376096e-16,0.0,0.21470371486325257,0.14808404439277956,42.94074297265051,29.61680887855591,29.61680887855591,"[[0.28529628513674743, 0.21470371486325257], [0.21470371486325257, 0.28529628513674743]]","[[0.4519159556072204, 0.24808404439277953], [0.14808404439277956, 0.15191595560722043]]","[[57.05925702734949, 42.94074297265051], [42.94074297265051, 57.05925702734949]]","[[90.38319112144409, 49.61680887855591], [29.61680887855591, 30.383191121444085]]",0.01979955241769263,0.020048191815172978
C3_C3_shape_mismatch_i0p01_n500,C3,C3_shape_mismatch_i0p01,Near-zero MI with different margins,,,500,500,1.0,0.5,0.5,0.3,0.4,1,1,0.03529628513674744,0.03191595560722042,0.010000000000000231,0.009999999999999454,7.771561172376096e-16,0.0,0.21470371486325257,0.14808404439277956,107.35185743162629,74.04202219638978,74.04202219638978,"[[0.28529628513674743, 0.21470371486325257], [0.21470371486325257, 0.28529628513674743]]","[[0.4519159556072204, 0.24808404439277953], [0.14808404439277956, 0.15191595560722043]]","[[142.64814256837371, 107.35185743162629], [107.35185743162629, 142.64814256837371]]","[[225.95797780361022, 124.04202219638977], [74.04202219638978, 75.95797780361022]]",0.01979955241769263,0.020048191815172978
C3_C3_shape_mismatch_i0p01_n1000,C3,C3_shape_mismatch_i0p01,Near-zero MI with different margins,,,1000,1000,1.0,0.5,0.5,0.3,0.4,1,1,0.03529628513674744,0.03191595560722042,0.010000000000000231,0.009999999999999454,7.771561172376096e-16,0.0,0.21470371486325257,0.14808404439277956,214.70371486325257,148.08404439277956,148.08404439277956,"[[0.28529628513674743, 0.21470371486325257], [0.21470371486325257, 0.28529628513674743]]","[[0.4519159556072204, 0.24808404439277953], [0.14808404439277956, 0.15191595560722043]]","[[285.29628513674743, 214.70371486325257], [214.70371486325257, 285.29628513674743]]","[[451.91595560722044, 248.08404439277953], [148.08404439277956, 151.91595560722044]]",0.01979955241769263,0.020048191815172978
C3_C3_shape_mismatch_i0p05_n20,C3,C3_shape_mismatch_i0p05,Near-zero MI with different margins,,,20,20,1.0,0.5,0.5,0.3,0.4,1,1,0.07839079918248305,0.0712371977070939,0.0499999999999996,0.04999999999997107,2.853273173286652e-14,0.0,0.17160920081751696,0.1087628022929061,3.432184016350339,2.175256045858122,2.175256045858122,"[[0.32839079918248304, 0.17160920081751696], [0.17160920081751696, 0.32839079918248304]]","[[0.4912371977070939, 0.20876280229290606], [0.1087628022929061, 0.1912371977070939]]","[[6.567815983649661, 3.432184016350339], [3.432184016350339, 6.567815983649661]]","[[9.824743954141878, 4.175256045858121], [2.175256045858122, 3.824743954141878]]",0.09494241304247028,0.09668902790081219
C3_C3_shape_mismatch_i0p05_n50,C3,C3_shape_mismatch_i0p05,Near-zero MI with different margins,,,50,50,1.0,0.5,0.5,0.3,0.4,1,1,0.07839079918248305,0.0712371977070939,0.0499999999999996,0.04999999999997107,2.853273173286652e-14,0.0,0.17160920081751696,0.1087628022929061,8.580460040875849,5.438140114645305,5.438140114645305,"[[0.32839079918248304, 0.17160920081751696], [0.17160920081751696, 0.32839079918248304]]","[[0.4912371977070939, 0.20876280229290606], [0.1087628022929061, 0.1912371977070939]]","[[16.41953995912415, 8.580460040875849], [8.580460040875849, 16.41953995912415]]","[[24.561859885354696, 10.438140114645304], [5.438140114645305, 9.561859885354696]]",0.09494241304247028,0.09668902790081219
C3_C3_shape_mismatch_i0p05_n100,C3,C3_shape_mismatch_i0p05,Near-zero MI with different margins,,,100,100,1.0,0.5,0.5,0.3,0.4,1,1,0.07839079918248305,0.0712371977070939,0.0499999999999996,0.04999999999997107,2.853273173286652e-14,0.0,0.17160920081751696,0.1087628022929061,17.160920081751698,10.87628022929061,10.87628022929061,"[[0.32839079918248304, 0.17160920081751696], [0.17160920081751696, 0.32839079918248304]]","[[0.4912371977070939, 0.20876280229290606], [0.1087628022929061, 0.1912371977070939]]","[[32.8390799182483, 17.160920081751698], [17.160920081751698, 32.8390799182483]]","[[49.12371977070939, 20.876280229290607], [10.87628022929061, 19.123719770709393]]",0.09494241304247028,0.09668902790081219
C3_C3_shape_mismatch_i0p05_n200,C3,C3_shape_mismatch_i0p05,Near-zero MI with different margins,,,200,200,1.0,0.5,0.5,0.3,0.4,1,1,0.07839079918248305,0.0712371977070939,0.0499999999999996,0.04999999999997107,2.853273173286652e-14,0.0,0.17160920081751696,0.1087628022929061,34.321840163503396,21.75256045858122,21.75256045858122,"[[0.32839079918248304, 0.17160920081751696], [0.17160920081751696, 0.32839079918248304]]","[[0.4912371977070939, 0.20876280229290606], [0.1087628022929061, 0.1912371977070939]]","[[65.6781598364966, 34.321840163503396], [34.321840163503396, 65.6781598364966]]","[[98.24743954141879, 41.752560458581215], [21.75256045858122, 38.247439541418785]]",0.09494241304247028,0.09668902790081219
C3_C3_shape_mismatch_i0p05_n500,C3,C3_shape_mismatch_i0p05,Near-zero MI with different margins,,,500,500,1.0,0.5,0.5,0.3,0.4,1,1,0.07839079918248305,0.0712371977070939,0.0499999999999996,0.04999999999997107,2.853273173286652e-14,0.0,0.17160920081751696,0.1087628022929061,85.80460040875847,54.381401146453044,54.381401146453044,"[[0.32839079918248304, 0.17160920081751696], [0.17160920081751696, 0.32839079918248304]]","[[0.4912371977070939, 0.20876280229290606], [0.1087628022929061, 0.1912371977070939]]","[[164.1953995912415, 85.80460040875847], [85.80460040875847, 164.1953995912415]]","[[245.61859885354696, 104.38140114645303], [54.381401146453044, 95.61859885354696]]",0.09494241304247028,0.09668902790081219
C3_C3_shape_mismatch_i0p05_n1000,C3,C3_shape_mismatch_i0p05,Near-zero MI with different margins,,,1000,1000,1.0,0.5,0.5,0.3,0.4,1,1,0.07839079918248305,0.0712371977070939,0.0499999999999996,0.04999999999997107,2.853273173286652e-14,0.0,0.17160920081751696,0.1087628022929061,171.60920081751695,108.76280229290609,108.76280229290609,"[[0.32839079918248304, 0.17160920081751696], [0.17160920081751696, 0.32839079918248304]]","[[0.4912371977070939, 0.20876280229290606], [0.1087628022929061, 0.1912371977070939]]","[[328.390799182483, 171.60920081751695], [171.60920081751695, 328.390799182483]]","[[491.2371977070939, 208.76280229290606], [108.76280229290609, 191.2371977070939]]",0.09494241304247028,0.09668902790081219
C3_C3_shape_mismatch_i0p1_n20,C3,C3_shape_mismatch_i0p1,Near-zero MI with different margins,,,20,20,1.0,0.5,0.5,0.3,0.4,1,1,0.10989731308070487,0.09999802348154296,0.09999999999999987,0.09999999999994569,5.417888360170764e-14,0.0,0.14010268691929512,0.08000197651845703,2.8020537383859025,1.6000395303691406,1.6000395303691406,"[[0.3598973130807049, 0.14010268691929512], [0.14010268691929512, 0.3598973130807049]]","[[0.5199980234815429, 0.180001976518457], [0.08000197651845703, 0.21999802348154296]]","[[7.1979462616140975, 2.8020537383859025], [2.8020537383859025, 7.1979462616140975]]","[[10.399960469630859, 3.6000395303691404], [1.6000395303691406, 4.399960469630859]]",0.179521513612991,0.1822875754189648
C3_C3_shape_mismatch_i0p1_n50,C3,C3_shape_mismatch_i0p1,Near-zero MI with different margins,,,50,50,1.0,0.5,0.5,0.3,0.4,1,1,0.10989731308070487,0.09999802348154296,0.09999999999999987,0.09999999999994569,5.417888360170764e-14,0.0,0.14010268691929512,0.08000197651845703,7.0051343459647555,4.000098825922851,4.000098825922851,"[[0.3598973130807049, 0.14010268691929512], [0.14010268691929512, 0.3598973130807049]]","[[0.5199980234815429, 0.180001976518457], [0.08000197651845703, 0.21999802348154296]]","[[17.994865654035245, 7.0051343459647555], [7.0051343459647555, 17.994865654035245]]","[[25.999901174077145, 9.00009882592285], [4.000098825922851, 10.999901174077149]]",0.179521513612991,0.1822875754189648
C3_C3_shape_mismatch_i0p1_n100,C3,C3_shape_mismatch_i0p1,Near-zero MI with different margins,,,100,100,1.0,0.5,0.5,0.3,0.4,1,1,0.10989731308070487,0.09999802348154296,0.09999999999999987,0.09999999999994569,5.417888360170764e-14,0.0,0.14010268691929512,0.08000197651845703,14.010268691929511,8.000197651845703,8.000197651845703,"[[0.3598973130807049, 0.14010268691929512], [0.14010268691929512, 0.3598973130807049]]","[[0.5199980234815429, 0.180001976518457], [0.08000197651845703, 0.21999802348154296]]","[[35.98973130807049, 14.010268691929511], [14.010268691929511, 35.98973130807049]]","[[51.99980234815429, 18.0001976518457], [8.000197651845703, 21.999802348154297]]",0.179521513612991,0.1822875754189648
C3_C3_shape_mismatch_i0p1_n200,C3,C3_shape_mismatch_i0p1,Near-zero MI with different margins,,,200,200,1.0,0.5,0.5,0.3,0.4,1,1,0.10989731308070487,0.09999802348154296,0.09999999999999987,0.09999999999994569,5.417888360170764e-14,0.0,0.14010268691929512,0.08000197651845703,28.020537383859022,16.000395303691406,16.000395303691406,"[[0.3598973130807049, 0.14010268691929512], [0.14010268691929512, 0.3598973130807049]]","[[0.5199980234815429, 0.180001976518457], [0.08000197651845703, 0.21999802348154296]]","[[71.97946261614098, 28.020537383859022], [28.020537383859022, 71.97946261614098]]","[[103.99960469630858, 36.0003953036914], [16.000395303691406, 43.999604696308594]]",0.179521513612991,0.1822875754189648
C3_C3_shape_mismatch_i0p1_n500,C3,C3_shape_mismatch_i0p1,Near-zero MI with different margins,,,500,500,1.0,0.5,0.5,0.3,0.4,1,1,0.10989731308070487,0.09999802348154296,0.09999999999999987,0.09999999999994569,5.417888360170764e-14,0.0,0.14010268691929512,0.08000197651845703,70.05134345964755,40.000988259228514,40.000988259228514,"[[0.3598973130807049, 0.14010268691929512], [0.14010268691929512, 0.3598973130807049]]","[[0.5199980234815429, 0.180001976518457], [0.08000197651845703, 0.21999802348154296]]","[[179.94865654035243, 70.05134345964755], [70.05134345964755, 179.94865654035243]]","[[259.99901174077144, 90.0009882592285], [40.000988259228514, 109.99901174077148]]",0.179521513612991,0.1822875754189648
C3_C3_shape_mismatch_i0p1_n1000,C3,C3_shape_mismatch_i0p1,Near-zero MI with different margins,,,1000,1000,1.0,0.5,0.5,0.3,0.4,1,1,0.10989731308070487,0.09999802348154296,0.09999999999999987,0.09999999999994569,5.417888360170764e-14,0.0,0.14010268691929512,0.08000197651845703,140.1026869192951,80.00197651845703,80.00197651845703,"[[0.3598973130807049, 0.14010268691929512], [0.14010268691929512, 0.3598973130807049]]","[[0.5199980234815429, 0.180001976518457], [0.08000197651845703, 0.21999802348154296]]","[[359.89731308070486, 140.1026869192951], [140.1026869192951, 359.89731308070486]]","[[519.9980234815429, 180.001976518457], [80.00197651845703, 219.99802348154296]]",0.179521513612991,0.1822875754189648
C4_C4_s0p2_i0p0001_n10,C4,C4_s0p2_i0p0001,Rare-cell breakdown ladder,,,10,10,1.0,0.2,0.2,0.1,0.4,1,1,0.0022745054253809718,0.002083502181547515,9.999999999976694e-05,0.00010000000000143228,-1.6653345369377348e-15,0.0,0.04227450542538098,0.04208350218154752,0.42274505425380976,0.4208350218154752,0.4208350218154752,"[[0.6422745054253811, 0.15772549457461907], [0.15772549457461907, 0.04227450542538098]]","[[0.5420835021815475, 0.35791649781845253], [0.057916497818452484, 0.04208350218154752]]","[[6.422745054253811, 1.5772549457461906], [1.5772549457461906, 0.42274505425380976]]","[[5.420835021815476, 3.5791649781845254], [0.5791649781845248, 0.4208350218154752]]",0.00020204088474127778,0.0002009304703587633
C4_C4_s0p2_i0p0001_n20,C4,C4_s0p2_i0p0001,Rare-cell breakdown ladder,,,20,20,1.0,0.2,0.2,0.1,0.4,1,1,0.0022745054253809718,0.002083502181547515,9.999999999976694e-05,0.00010000000000143228,-1.6653345369377348e-15,0.0,0.04227450542538098,0.04208350218154752,0.8454901085076195,0.8416700436309504,0.8416700436309504,"[[0.6422745054253811, 0.15772549457461907], [0.15772549457461907, 0.04227450542538098]]","[[0.5420835021815475, 0.35791649781845253], [0.057916497818452484, 0.04208350218154752]]","[[12.845490108507622, 3.1545098914923813], [3.1545098914923813, 0.8454901085076195]]","[[10.841670043630952, 7.158329956369051], [1.1583299563690497, 0.8416700436309504]]",0.00020204088474127778,0.0002009304703587633
C4_C4_s0p2_i0p0001_n50,C4,C4_s0p2_i0p0001,Rare-cell breakdown ladder,,,50,50,1.0,0.2,0.2,0.1,0.4,1,1,0.0022745054253809718,0.002083502181547515,9.999999999976694e-05,0.00010000000000143228,-1.6653345369377348e-15,0.0,0.04227450542538098,0.04208350218154752,2.113725271269049,2.104175109077376,2.104175109077376,"[[0.6422745054253811, 0.15772549457461907], [0.15772549457461907, 0.04227450542538098]]","[[0.5420835021815475, 0.35791649781845253], [0.057916497818452484, 0.04208350218154752]]","[[32.113725271269054, 7.886274728730953], [7.886274728730953, 2.113725271269049]]","[[27.104175109077378, 17.895824890922626], [2.8958248909226243, 2.104175109077376]]",0.00020204088474127778,0.0002009304703587633
C4_C4_s0p2_i0p0001_n100,C4,C4_s0p2_i0p0001,Rare-cell breakdown ladder,,,100,100,1.0,0.2,0.2,0.1,0.4,1,1,0.0022745054253809718,0.002083502181547515,9.999999999976694e-05,0.00010000000000143228,-1.6653345369377348e-15,0.0,0.04227450542538098,0.04208350218154752,4.227450542538098,4.208350218154752,4.208350218154752,"[[0.6422745054253811, 0.15772549457461907], [0.15772549457461907, 0.04227450542538098]]","[[0.5420835021815475, 0.35791649781845253], [0.057916497818452484, 0.04208350218154752]]","[[64.22745054253811, 15.772549457461906], [15.772549457461906, 4.227450542538098]]","[[54.208350218154756, 35.79164978184525], [5.791649781845249, 4.208350218154752]]",0.00020204088474127778,0.0002009304703587633
C4_C4_s0p2_i0p0001_n200,C4,C4_s0p2_i0p0001,Rare-cell breakdown ladder,,,200,200,1.0,0.2,0.2,0.1,0.4,1,1,0.0022745054253809718,0.002083502181547515,9.999999999976694e-05,0.00010000000000143228,-1.6653345369377348e-15,0.0,0.04227450542538098,0.04208350218154752,8.454901085076196,8.416700436309505,8.416700436309505,"[[0.6422745054253811, 0.15772549457461907], [0.15772549457461907, 0.04227450542538098]]","[[0.5420835021815475, 0.35791649781845253], [0.057916497818452484, 0.04208350218154752]]","[[128.45490108507622, 31.545098914923813], [31.545098914923813, 8.454901085076196]]","[[108.41670043630951, 71.5832995636905], [11.583299563690497, 8.416700436309505]]",0.00020204088474127778,0.0002009304703587633
C4_C4_s0p2_i0p0001_n500,C4,C4_s0p2_i0p0001,Rare-cell breakdown ladder,,,500,500,1.0,0.2,0.2,0.1,0.4,1,1,0.0022745054253809718,0.002083502181547515,9.999999999976694e-05,0.00010000000000143228,-1.6653345369377348e-15,0.0,0.04227450542538098,0.04208350218154752,21.13725271269049,21.04175109077376,21.04175109077376,"[[0.6422745054253811, 0.15772549457461907], [0.15772549457461907, 0.04227450542538098]]","[[0.5420835021815475, 0.35791649781845253], [0.057916497818452484, 0.04208350218154752]]","[[321.13725271269055, 78.86274728730953], [78.86274728730953, 21.13725271269049]]","[[271.0417510907738, 178.95824890922626], [28.958248909226242, 21.04175109077376]]",0.00020204088474127778,0.0002009304703587633
C4_C4_s0p2_i0p0001_n1000,C4,C4_s0p2_i0p0001,Rare-cell breakdown ladder,,,1000,1000,1.0,0.2,0.2,0.1,0.4,1,1,0.0022745054253809718,0.002083502181547515,9.999999999976694e-05,0.00010000000000143228,-1.6653345369377348e-15,0.0,0.04227450542538098,0.04208350218154752,42.27450542538098,42.08350218154752,42.08350218154752,"[[0.6422745054253811, 0.15772549457461907], [0.15772549457461907, 0.04227450542538098]]","[[0.5420835021815475, 0.35791649781845253], [0.057916497818452484, 0.04208350218154752]]","[[642.2745054253811, 157.72549457461906], [157.72549457461906, 42.27450542538098]]","[[542.0835021815476, 357.9164978184525], [57.916497818452484, 42.08350218154752]]",0.00020204088474127778,0.0002009304703587633
C4_C4_s0p2_i0p005_n10,C4,C4_s0p2_i0p005,Rare-cell breakdown ladder,,,10,10,1.0,0.2,0.2,0.1,0.4,1,1,0.016521961694693735,0.014862367176602092,0.0050000000000001155,0.004999999999975802,2.4313884239290928e-14,0.0,0.05652196169469374,0.0451376328233979,0.5652196169469375,0.451376328233979,0.451376328233979,"[[0.6565219616946939, 0.1434780383053063], [0.1434780383053063, 0.05652196169469374]]","[[0.5548623671766021, 0.34513763282339793], [0.0451376328233979, 0.0548623671766021]]","[[6.565219616946939, 1.434780383053063], [1.434780383053063, 0.5652196169469375]]","[[5.548623671766021, 3.4513763282339793], [0.451376328233979, 0.548623671766021]]",0.01056711609095492,0.010130808085849333
C4_C4_s0p2_i0p005_n20,C4,C4_s0p2_i0p005,Rare-cell breakdown ladder,,,20,20,1.0,0.2,0.2,0.1,0.4,1,1,0.016521961694693735,0.014862367176602092,0.0050000000000001155,0.004999999999975802,2.4313884239290928e-14,0.0,0.05652196169469374,0.0451376328233979,1.130439233893875,0.902752656467958,0.902752656467958,"[[0.6565219616946939, 0.1434780383053063], [0.1434780383053063, 0.05652196169469374]]","[[0.5548623671766021, 0.34513763282339793], [0.0451376328233979, 0.0548623671766021]]","[[13.130439233893878, 2.869560766106126], [2.869560766106126, 1.130439233893875]]","[[11.097247343532041, 6.902752656467959], [0.902752656467958, 1.097247343532042]]",0.01056711609095492,0.010130808085849333
C4_C4_s0p2_i0p005_n50,C4,C4_s0p2_i0p005,Rare-cell breakdown ladder,,,50,50,1.0,0.2,0.2,0.1,0.4,1,1,0.016521961694693735,0.014862367176602092,0.0050000000000001155,0.004999999999975802,2.4313884239290928e-14,0.0,0.05652196169469374,0.0451376328233979,2.8260980847346873,2.2568816411698953,2.2568816411698953,"[[0.6565219616946939, 0.1434780383053063], [0.1434780383053063, 0.05652196169469374]]","[[0.5548623671766021, 0.34513763282339793], [0.0451376328233979, 0.0548623671766021]]","[[32.826098084734696, 7.173901915265316], [7.173901915265316, 2.8260980847346873]]","[[27.743118358830106, 17.256881641169898], [2.2568816411698953, 2.743118358830105]]",0.01056711609095492,0.010130808085849333
C4_C4_s0p2_i0p005_n100,C4,C4_s0p2_i0p005,Rare-cell breakdown ladder,,,100,100,1.0,0.2,0.2,0.1,0.4,1,1,0.016521961694693735,0.014862367176602092,0.0050000000000001155,0.004999999999975802,2.4313884239290928e-14,0.0,0.05652196169469374,0.0451376328233979,5.6521961694693745,4.513763282339791,4.513763282339791,"[[0.6565219616946939, 0.1434780383053063], [0.1434780383053063, 0.05652196169469374]]","[[0.5548623671766021, 0.34513763282339793], [0.0451376328233979, 0.0548623671766021]]","[[65.65219616946939, 14.347803830530632], [14.347803830530632, 5.6521961694693745]]","[[55.48623671766021, 34.513763282339795], [4.513763282339791, 5.48623671766021]]",0.01056711609095492,0.010130808085849333
C4_C4_s0p2_i0p005_n200,C4,C4_s0p2_i0p005,Rare-cell breakdown ladder,,,200,200,1.0,0.2,0.2,0.1,0.4,1,1,0.016521961694693735,0.014862367176602092,0.0050000000000001155,0.004999999999975802,2.4313884239290928e-14,0.0,0.05652196169469374,0.0451376328233979,11.304392338938749,9.027526564679581,9.027526564679581,"[[0.6565219616946939, 0.1434780383053063], [0.1434780383053063, 0.05652196169469374]]","[[0.5548623671766021, 0.34513763282339793], [0.0451376328233979, 0.0548623671766021]]","[[131.30439233893878, 28.695607661061263], [28.695607661061263, 11.304392338938749]]","[[110.97247343532042, 69.02752656467959], [9.027526564679581, 10.97247343532042]]",0.01056711609095492,0.010130808085849333
C4_C4_s0p2_i0p005_n500,C4,C4_s0p2_i0p005,Rare-cell breakdown ladder,,,500,500,1.0,0.2,0.2,0.1,0.4,1,1,0.016521961694693735,0.014862367176602092,0.0050000000000001155,0.004999999999975802,2.4313884239290928e-14,0.0,0.05652196169469374,0.0451376328233979,28.26098084734687,22.56881641169895,22.56881641169895,"[[0.6565219616946939, 0.1434780383053063], [0.1434780383053063, 0.05652196169469374]]","[[0.5548623671766021, 0.34513763282339793], [0.0451376328233979, 0.0548623671766021]]","[[328.26098084734696, 71.73901915265316], [71.73901915265316, 28.26098084734687]]","[[277.43118358830105, 172.56881641169898], [22.56881641169895, 27.431183588301053]]",0.01056711609095492,0.010130808085849333
C4_C4_s0p2_i0p005_n1000,C4,C4_s0p2_i0p005,Rare-cell breakdown ladder,,,1000,1000,1.0,0.2,0.2,0.1,0.4,1,1,0.016521961694693735,0.014862367176602092,0.0050000000000001155,0.004999999999975802,2.4313884239290928e-14,0.0,0.05652196169469374,0.0451376328233979,56.52196169469374,45.1376328233979,45.1376328233979,"[[0.6565219616946939, 0.1434780383053063], [0.1434780383053063, 0.05652196169469374]]","[[0.5548623671766021, 0.34513763282339793], [0.0451376328233979, 0.0548623671766021]]","[[656.5219616946939, 143.4780383053063], [143.4780383053063, 56.52196169469374]]","[[554.8623671766021, 345.13763282339795], [45.1376328233979, 54.862367176602106]]",0.01056711609095492,0.010130808085849333
C4_C4_s0p1_i0p0001_n10,C4,C4_s0p1_i0p0001,Rare-cell breakdown ladder,,,10,10,1.0,0.1,0.1,0.05,0.2,1,1,0.0012936370796146652,0.0012503461544171742,0.00010000000000010001,9.999999999998899e-05,1.1102230246251565e-16,0.0,0.011293637079614668,0.011250346154417177,0.11293637079614668,0.11250346154417176,0.11250346154417176,"[[0.8112936370796148, 0.08870636292038535], [0.08870636292038535, 0.011293637079614668]]","[[0.7612503461544172, 0.18874965384558282], [0.038749653845582835, 0.011250346154417177]]","[[8.112936370796147, 0.8870636292038535], [0.8870636292038535, 0.11293637079614668]]","[[7.612503461544172, 1.8874965384558282], [0.3874965384558283, 0.11250346154417176]]",0.0002063876623764067,0.00020551196752134095
C4_C4_s0p1_i0p0001_n20,C4,C4_s0p1_i0p0001,Rare-cell breakdown ladder,,,20,20,1.0,0.1,0.1,0.05,0.2,1,1,0.0012936370796146652,0.0012503461544171742,0.00010000000000010001,9.999999999998899e-05,1.1102230246251565e-16,0.0,0.011293637079614668,0.011250346154417177,0.22587274159229337,0.22500692308834352,0.22500692308834352,"[[0.8112936370796148, 0.08870636292038535], [0.08870636292038535, 0.011293637079614668]]","[[0.7612503461544172, 0.18874965384558282], [0.038749653845582835, 0.011250346154417177]]","[[16.225872741592294, 1.774127258407707], [1.774127258407707, 0.22587274159229337]]","[[15.225006923088344, 3.7749930769116564], [0.7749930769116566, 0.22500692308834352]]",0.0002063876623764067,0.00020551196752134095
C4_C4_s0p1_i0p0001_n50,C4,C4_s0p1_i0p0001,Rare-cell breakdown ladder,,,50,50,1.0,0.1,0.1,0.05,0.2,1,1,0.0012936370796146652,0.0012503461544171742,0.00010000000000010001,9.999999999998899e-05,1.1102230246251565e-16,0.0,0.011293637079614668,0.011250346154417177,0.5646818539807333,0.5625173077208588,0.5625173077208588,"[[0.8112936370796148, 0.08870636292038535], [0.08870636292038535, 0.011293637079614668]]","[[0.7612503461544172, 0.18874965384558282], [0.038749653845582835, 0.011250346154417177]]","[[40.56468185398074, 4.435318146019267], [4.435318146019267, 0.5646818539807333]]","[[38.06251730772086, 9.43748269227914], [1.9374826922791417, 0.5625173077208588]]",0.0002063876623764067,0.00020551196752134095
C4_C4_s0p1_i0p0001_n100,C4,C4_s0p1_i0p0001,Rare-cell breakdown ladder,,,100,100,1.0,0.1,0.1,0.05,0.2,1,1,0.0012936370796146652,0.0012503461544171742,0.00010000000000010001,9.999999999998899e-05,1.1102230246251565e-16,0.0,0.011293637079614668,0.011250346154417177,1.1293637079614667,1.1250346154417177,1.1250346154417177,"[[0.8112936370796148, 0.08870636292038535], [0.08870636292038535, 0.011293637079614668]]","[[0.7612503461544172, 0.18874965384558282], [0.038749653845582835, 0.011250346154417177]]","[[81.12936370796147, 8.870636292038535], [8.870636292038535, 1.1293637079614667]]","[[76.12503461544172, 18.87496538455828], [3.8749653845582834, 1.1250346154417177]]",0.0002063876623764067,0.00020551196752134095
C4_C4_s0p1_i0p0001_n200,C4,C4_s0p1_i0p0001,Rare-cell breakdown ladder,,,200,200,1.0,0.1,0.1,0.05,0.2,1,1,0.0012936370796146652,0.0012503461544171742,0.00010000000000010001,9.999999999998899e-05,1.1102230246251565e-16,0.0,0.011293637079614668,0.011250346154417177,2.2587274159229334,2.2500692308834354,2.2500692308834354,"[[0.8112936370796148, 0.08870636292038535], [0.08870636292038535, 0.011293637079614668]]","[[0.7612503461544172, 0.18874965384558282], [0.038749653845582835, 0.011250346154417177]]","[[162.25872741592295, 17.74127258407707], [17.74127258407707, 2.2587274159229334]]","[[152.25006923088344, 37.74993076911656], [7.749930769116567, 2.2500692308834354]]",0.0002063876623764067,0.00020551196752134095
C4_C4_s0p1_i0p0001_n500,C4,C4_s0p1_i0p0001,Rare-cell breakdown ladder,,,500,500,1.0,0.1,0.1,0.05,0.2,1,1,0.0012936370796146652,0.0012503461544171742,0.00010000000000010001,9.999999999998899e-05,1.1102230246251565e-16,0.0,0.011293637079614668,0.011250346154417177,5.646818539807334,5.625173077208588,5.625173077208588,"[[0.8112936370796148, 0.08870636292038535], [0.08870636292038535, 0.011293637079614668]]","[[0.7612503461544172, 0.18874965384558282], [0.038749653845582835, 0.011250346154417177]]","[[405.6468185398074, 44.35318146019267], [44.35318146019267, 5.646818539807334]]","[[380.6251730772086, 94.37482692279141], [19.374826922791417, 5.625173077208588]]",0.0002063876623764067,0.00020551196752134095
C4_C4_s0p1_i0p0001_n1000,C4,C4_s0p1_i0p0001,Rare-cell breakdown ladder,,,1000,1000,1.0,0.1,0.1,0.05,0.2,1,1,0.0012936370796146652,0.0012503461544171742,0.00010000000000010001,9.999999999998899e-05,1.1102230246251565e-16,0.0,0.011293637079614668,0.011250346154417177,11.293637079614667,11.250346154417176,11.250346154417176,"[[0.8112936370796148, 0.08870636292038535], [0.08870636292038535, 0.011293637079614668]]","[[0.7612503461544172, 0.18874965384558282], [0.038749653845582835, 0.011250346154417177]]","[[811.2936370796148, 88.70636292038535], [88.70636292038535, 11.293637079614667]]","[[761.2503461544172, 188.74965384558283], [38.749653845582834, 11.250346154417176]]",0.0002063876623764067,0.00020551196752134095
C4_C4_s0p1_i0p005_n10,C4,C4_s0p1_i0p005,Rare-cell breakdown ladder,,,10,10,1.0,0.1,0.1,0.05,0.2,1,1,0.00991561441710636,0.009446812105296647,0.004999999999999782,0.004999999999999949,-1.6653345369377348e-16,0.0,0.01991561441710636,0.019446812105296647,0.19915614417106361,0.19446812105296646,0.19446812105296646,"[[0.8199156144171064, 0.08008438558289366], [0.08008438558289366, 0.01991561441710636]]","[[0.7694468121052966, 0.18055318789470334], [0.030553187894703362, 0.019446812105296647]]","[[8.199156144171063, 0.8008438558289366], [0.8008438558289366, 0.19915614417106361]]","[[7.694468121052966, 1.8055318789470334], [0.3055318789470336, 0.19446812105296646]]",0.011730913984507051,0.011382030569638978
C4_C4_s0p1_i0p005_n20,C4,C4_s0p1_i0p005,Rare-cell breakdown ladder,,,20,20,1.0,0.1,0.1,0.05,0.2,1,1,0.00991561441710636,0.009446812105296647,0.004999999999999782,0.004999999999999949,-1.6653345369377348e-16,0.0,0.01991561441710636,0.019446812105296647,0.39831228834212723,0.3889362421059329,0.3889362421059329,"[[0.8199156144171064, 0.08008438558289366], [0.08008438558289366, 0.01991561441710636]]","[[0.7694468121052966, 0.18055318789470334], [0.030553187894703362, 0.019446812105296647]]","[[16.398312288342126, 1.6016877116578732], [1.6016877116578732, 0.39831228834212723]]","[[15.388936242105933, 3.6110637578940668], [0.6110637578940672, 0.3889362421059329]]",0.011730913984507051,0.011382030569638978
C4_C4_s0p1_i0p005_n50,C4,C4_s0p1_i0p005,Rare-cell breakdown ladder,,,50,50,1.0,0.1,0.1,0.05,0.2,1,1,0.00991561441710636,0.009446812105296647,0.004999999999999782,0.004999999999999949,-1.6653345369377348e-16,0.0,0.01991561441710636,0.019446812105296647,0.9957807208553181,0.9723406052648323,0.9723406052648323,"[[0.8199156144171064, 0.08008438558289366], [0.08008438558289366, 0.01991561441710636]]","[[0.7694468121052966, 0.18055318789470334], [0.030553187894703362, 0.019446812105296647]]","[[40.995780720855315, 4.004219279144683], [4.004219279144683, 0.9957807208553181]]","[[38.47234060526483, 9.027659394735167], [1.5276593947351682, 0.9723406052648323]]",0.011730913984507051,0.011382030569638978
C4_C4_s0p1_i0p005_n100,C4,C4_s0p1_i0p005,Rare-cell breakdown ladder,,,100,100,1.0,0.1,0.1,0.05,0.2,1,1,0.00991561441710636,0.009446812105296647,0.004999999999999782,0.004999999999999949,-1.6653345369377348e-16,0.0,0.01991561441710636,0.019446812105296647,1.9915614417106362,1.9446812105296647,1.9446812105296647,"[[0.8199156144171064, 0.08008438558289366], [0.08008438558289366, 0.01991561441710636]]","[[0.7694468121052966, 0.18055318789470334], [0.030553187894703362, 0.019446812105296647]]","[[81.99156144171063, 8.008438558289367], [8.008438558289367, 1.9915614417106362]]","[[76.94468121052967, 18.055318789470334], [3.0553187894703364, 1.9446812105296647]]",0.011730913984507051,0.011382030569638978
C4_C4_s0p1_i0p005_n200,C4,C4_s0p1_i0p005,Rare-cell breakdown ladder,,,200,200,1.0,0.1,0.1,0.05,0.2,1,1,0.00991561441710636,0.009446812105296647,0.004999999999999782,0.004999999999999949,-1.6653345369377348e-16,0.0,0.01991561441710636,0.019446812105296647,3.9831228834212724,3.8893624210593294,3.8893624210593294,"[[0.8199156144171064, 0.08008438558289366], [0.08008438558289366, 0.01991561441710636]]","[[0.7694468121052966, 0.18055318789470334], [0.030553187894703362, 0.019446812105296647]]","[[163.98312288342126, 16.016877116578733], [16.016877116578733, 3.9831228834212724]]","[[153.88936242105933, 36.11063757894067], [6.110637578940673, 3.8893624210593294]]",0.011730913984507051,0.011382030569638978
C4_C4_s0p1_i0p005_n500,C4,C4_s0p1_i0p005,Rare-cell breakdown ladder,,,500,500,1.0,0.1,0.1,0.05,0.2,1,1,0.00991561441710636,0.009446812105296647,0.004999999999999782,0.004999999999999949,-1.6653345369377348e-16,0.0,0.01991561441710636,0.019446812105296647,9.95780720855318,9.723406052648324,9.723406052648324,"[[0.8199156144171064, 0.08008438558289366], [0.08008438558289366, 0.01991561441710636]]","[[0.7694468121052966, 0.18055318789470334], [0.030553187894703362, 0.019446812105296647]]","[[409.95780720855316, 40.04219279144683], [40.04219279144683, 9.95780720855318]]","[[384.72340605264833, 90.27659394735167], [15.276593947351682, 9.723406052648324]]",0.011730913984507051,0.011382030569638978
C4_C4_s0p1_i0p005_n1000,C4,C4_s0p1_i0p005,Rare-cell breakdown ladder,,,1000,1000,1.0,0.1,0.1,0.05,0.2,1,1,0.00991561441710636,0.009446812105296647,0.004999999999999782,0.004999999999999949,-1.6653345369377348e-16,0.0,0.01991561441710636,0.019446812105296647,19.91561441710636,19.446812105296647,19.446812105296647,"[[0.8199156144171064, 0.08008438558289366], [0.08008438558289366, 0.01991561441710636]]","[[0.7694468121052966, 0.18055318789470334], [0.030553187894703362, 0.019446812105296647]]","[[819.9156144171063, 80.08438558289366], [80.08438558289366, 19.91561441710636]]","[[769.4468121052967, 180.55318789470334], [30.553187894703363, 19.446812105296647]]",0.011730913984507051,0.011382030569638978
C4_C4_s0p05_i0p0001_n10,C4,C4_s0p05_i0p0001,Rare-cell breakdown ladder,,,10,10,1.0,0.05,0.05,0.025,0.1,1,1,0.0006978678790510892,0.0006867832695217929,9.999999999982245e-05,9.999999999987796e-05,-5.551115123125783e-17,0.0,0.00319786787905109,0.0031867832695217932,0.031978678790510896,0.03186783269521793,0.03186783269521793,"[[0.9031978678790511, 0.046802132120948914], [0.046802132120948914, 0.00319786787905109]]","[[0.8781867832695217, 0.09681321673047821], [0.02181321673047821, 0.0031867832695217932]]","[[9.03197867879051, 0.46802132120948914], [0.46802132120948914, 0.031978678790510896]]","[[8.781867832695218, 0.9681321673047821], [0.21813216730478208, 0.03186783269521793]]",0.0002148621898396431,0.00021407160297302828
C4_C4_s0p05_i0p0001_n20,C4,C4_s0p05_i0p0001,Rare-cell breakdown ladder,,,20,20,1.0,0.05,0.05,0.025,0.1,1,1,0.0006978678790510892,0.0006867832695217929,9.999999999982245e-05,9.999999999987796e-05,-5.551115123125783e-17,0.0,0.00319786787905109,0.0031867832695217932,0.06395735758102179,0.06373566539043586,0.06373566539043586,"[[0.9031978678790511, 0.046802132120948914], [0.046802132120948914, 0.00319786787905109]]","[[0.8781867832695217, 0.09681321673047821], [0.02181321673047821, 0.0031867832695217932]]","[[18.06395735758102, 0.9360426424189783], [0.9360426424189783, 0.06395735758102179]]","[[17.563735665390436, 1.9362643346095643], [0.43626433460956415, 0.06373566539043586]]",0.0002148621898396431,0.00021407160297302828
C4_C4_s0p05_i0p0001_n50,C4,C4_s0p05_i0p0001,Rare-cell breakdown ladder,,,50,50,1.0,0.05,0.05,0.025,0.1,1,1,0.0006978678790510892,0.0006867832695217929,9.999999999982245e-05,9.999999999987796e-05,-5.551115123125783e-17,0.0,0.00319786787905109,0.0031867832695217932,0.1598933939525545,0.15933916347608967,0.15933916347608967,"[[0.9031978678790511, 0.046802132120948914], [0.046802132120948914, 0.00319786787905109]]","[[0.8781867832695217, 0.09681321673047821], [0.02181321673047821, 0.0031867832695217932]]","[[45.15989339395256, 2.3401066060474456], [2.3401066060474456, 0.1598933939525545]]","[[43.90933916347608, 4.84066083652391], [1.0906608365239105, 0.15933916347608967]]",0.0002148621898396431,0.00021407160297302828
C4_C4_s0p05_i0p0001_n100,C4,C4_s0p05_i0p0001,Rare-cell breakdown ladder,,,100,100,1.0,0.05,0.05,0.025,0.1,1,1,0.0006978678790510892,0.0006867832695217929,9.999999999982245e-05,9.999999999987796e-05,-5.551115123125783e-17,0.0,0.00319786787905109,0.0031867832695217932,0.319786787905109,0.31867832695217935,0.31867832695217935,"[[0.9031978678790511, 0.046802132120948914], [0.046802132120948914, 0.00319786787905109]]","[[0.8781867832695217, 0.09681321673047821], [0.02181321673047821, 0.0031867832695217932]]","[[90.31978678790512, 4.680213212094891], [4.680213212094891, 0.319786787905109]]","[[87.81867832695217, 9.68132167304782], [2.181321673047821, 0.31867832695217935]]",0.0002148621898396431,0.00021407160297302828
C4_C4_s0p05_i0p0001_n200,C4,C4_s0p05_i0p0001,Rare-cell breakdown ladder,,,200,200,1.0,0.05,0.05,0.025,0.1,1,1,0.0006978678790510892,0.0006867832695217929,9.999999999982245e-05,9.999999999987796e-05,-5.551115123125783e-17,0.0,0.00319786787905109,0.0031867832695217932,0.639573575810218,0.6373566539043587,0.6373566539043587,"[[0.9031978678790511, 0.046802132120948914], [0.046802132120948914, 0.00319786787905109]]","[[0.8781867832695217, 0.09681321673047821], [0.02181321673047821, 0.0031867832695217932]]","[[180.63957357581023, 9.360426424189782], [9.360426424189782, 0.639573575810218]]","[[175.63735665390433, 19.36264334609564], [4.362643346095642, 0.6373566539043587]]",0.0002148621898396431,0.00021407160297302828
C4_C4_s0p05_i0p0001_n500,C4,C4_s0p05_i0p0001,Rare-cell breakdown ladder,,,500,500,1.0,0.05,0.05,0.025,0.1,1,1,0.0006978678790510892,0.0006867832695217929,9.999999999982245e-05,9.999999999987796e-05,-5.551115123125783e-17,0.0,0.00319786787905109,0.0031867832695217932,1.5989339395255449,1.5933916347608965,1.5933916347608965,"[[0.9031978678790511, 0.046802132120948914], [0.046802132120948914, 0.00319786787905109]]","[[0.8781867832695217, 0.09681321673047821], [0.02181321673047821, 0.0031867832695217932]]","[[451.5989339395255, 23.401066060474456], [23.401066060474456, 1.5989339395255449]]","[[439.09339163476085, 48.40660836523911], [10.906608365239105, 1.5933916347608965]]",0.0002148621898396431,0.00021407160297302828
C4_C4_s0p05_i0p0001_n1000,C4,C4_s0p05_i0p0001,Rare-cell breakdown ladder,,,1000,1000,1.0,0.05,0.05,0.025,0.1,1,1,0.0006978678790510892,0.0006867832695217929,9.999999999982245e-05,9.999999999987796e-05,-5.551115123125783e-17,0.0,0.00319786787905109,0.0031867832695217932,3.1978678790510897,3.186783269521793,3.186783269521793,"[[0.9031978678790511, 0.046802132120948914], [0.046802132120948914, 0.00319786787905109]]","[[0.8781867832695217, 0.09681321673047821], [0.02181321673047821, 0.0031867832695217932]]","[[903.197867879051, 46.80213212094891], [46.80213212094891, 3.1978678790510897]]","[[878.1867832695217, 96.81321673047822], [21.81321673047821, 3.186783269521793]]",0.0002148621898396431,0.00021407160297302828
C4_C4_s0p05_i0p005_n10,C4,C4_s0p05_i0p005,Rare-cell breakdown ladder,,,10,10,1.0,0.05,0.05,0.025,0.1,1,1,0.0058562376954085504,0.005686503298381045,0.004999999999999893,0.00499999999999462,5.2735593669694936e-15,0.0,0.008356237695408551,0.008186503298381045,0.08356237695408551,0.08186503298381045,0.08186503298381045,"[[0.9083562376954085, 0.04164376230459145], [0.04164376230459145, 0.008356237695408551]]","[[0.883186503298381, 0.09181349670161895], [0.016813496701618958, 0.008186503298381045]]","[[9.083562376954085, 0.4164376230459145], [0.4164376230459145, 0.08356237695408551]]","[[8.83186503298381, 0.9181349670161896], [0.16813496701618957, 0.08186503298381045]]",0.013623020578147335,0.01328936449602485
C4_C4_s0p05_i0p005_n20,C4,C4_s0p05_i0p005,Rare-cell breakdown ladder,,,20,20,1.0,0.05,0.05,0.025,0.1,1,1,0.0058562376954085504,0.005686503298381045,0.004999999999999893,0.00499999999999462,5.2735593669694936e-15,0.0,0.008356237695408551,0.008186503298381045,0.16712475390817103,0.1637300659676209,0.1637300659676209,"[[0.9083562376954085, 0.04164376230459145], [0.04164376230459145, 0.008356237695408551]]","[[0.883186503298381, 0.09181349670161895], [0.016813496701618958, 0.008186503298381045]]","[[18.16712475390817, 0.832875246091829], [0.832875246091829, 0.16712475390817103]]","[[17.66373006596762, 1.8362699340323791], [0.33626993403237915, 0.1637300659676209]]",0.013623020578147335,0.01328936449602485
C4_C4_s0p05_i0p005_n50,C4,C4_s0p05_i0p005,Rare-cell breakdown ladder,,,50,50,1.0,0.05,0.05,0.025,0.1,1,1,0.0058562376954085504,0.005686503298381045,0.004999999999999893,0.00499999999999462,5.2735593669694936e-15,0.0,0.008356237695408551,0.008186503298381045,0.4178118847704275,0.40932516491905224,0.40932516491905224,"[[0.9083562376954085, 0.04164376230459145], [0.04164376230459145, 0.008356237695408551]]","[[0.883186503298381, 0.09181349670161895], [0.016813496701618958, 0.008186503298381045]]","[[45.41781188477042, 2.0821881152295725], [2.0821881152295725, 0.4178118847704275]]","[[44.15932516491905, 4.590674835080947], [0.8406748350809479, 0.40932516491905224]]",0.013623020578147335,0.01328936449602485
C4_C4_s0p05_i0p005_n100,C4,C4_s0p05_i0p005,Rare-cell breakdown ladder,,,100,100,1.0,0.05,0.05,0.025,0.1,1,1,0.0058562376954085504,0.005686503298381045,0.004999999999999893,0.00499999999999462,5.2735593669694936e-15,0.0,0.008356237695408551,0.008186503298381045,0.835623769540855,0.8186503298381045,0.8186503298381045,"[[0.9083562376954085, 0.04164376230459145], [0.04164376230459145, 0.008356237695408551]]","[[0.883186503298381, 0.09181349670161895], [0.016813496701618958, 0.008186503298381045]]","[[90.83562376954085, 4.164376230459145], [4.164376230459145, 0.835623769540855]]","[[88.3186503298381, 9.181349670161895], [1.6813496701618957, 0.8186503298381045]]",0.013623020578147335,0.01328936449602485
C4_C4_s0p05_i0p005_n200,C4,C4_s0p05_i0p005,Rare-cell breakdown ladder,,,200,200,1.0,0.05,0.05,0.025,0.1,1,1,0.0058562376954085504,0.005686503298381045,0.004999999999999893,0.00499999999999462,5.2735593669694936e-15,0.0,0.008356237695408551,0.008186503298381045,1.67124753908171,1.637300659676209,1.637300659676209,"[[0.9083562376954085, 0.04164376230459145], [0.04164376230459145, 0.008356237695408551]]","[[0.883186503298381, 0.09181349670161895], [0.016813496701618958, 0.008186503298381045]]","[[181.6712475390817, 8.32875246091829], [8.32875246091829, 1.67124753908171]]","[[176.6373006596762, 18.36269934032379], [3.3626993403237915, 1.637300659676209]]",0.013623020578147335,0.01328936449602485
C4_C4_s0p05_i0p005_n500,C4,C4_s0p05_i0p005,Rare-cell breakdown ladder,,,500,500,1.0,0.05,0.05,0.025,0.1,1,1,0.0058562376954085504,0.005686503298381045,0.004999999999999893,0.00499999999999462,5.2735593669694936e-15,0.0,0.008356237695408551,0.008186503298381045,4.178118847704275,4.093251649190522,4.093251649190522,"[[0.9083562376954085, 0.04164376230459145], [0.04164376230459145, 0.008356237695408551]]","[[0.883186503298381, 0.09181349670161895], [0.016813496701618958, 0.008186503298381045]]","[[454.17811884770424, 20.821881152295724], [20.821881152295724, 4.178118847704275]]","[[441.5932516491905, 45.90674835080947], [8.40674835080948, 4.093251649190522]]",0.013623020578147335,0.01328936449602485
C4_C4_s0p05_i0p005_n1000,C4,C4_s0p05_i0p005,Rare-cell breakdown ladder,,,1000,1000,1.0,0.05,0.05,0.025,0.1,1,1,0.0058562376954085504,0.005686503298381045,0.004999999999999893,0.00499999999999462,5.2735593669694936e-15,0.0,0.008356237695408551,0.008186503298381045,8.35623769540855,8.186503298381044,8.186503298381044,"[[0.9083562376954085, 0.04164376230459145], [0.04164376230459145, 0.008356237695408551]]","[[0.883186503298381, 0.09181349670161895], [0.016813496701618958, 0.008186503298381045]]","[[908.3562376954085, 41.64376230459145], [41.64376230459145, 8.35623769540855]]","[[883.186503298381, 91.81349670161894], [16.81349670161896, 8.186503298381044]]",0.013623020578147335,0.01328936449602485
C4_C4_s0p02_i0p0001_n10,C4,C4_s0p02_i0p0001,Rare-cell breakdown ladder,,,10,10,1.0,0.02,0.02,0.01,0.04,1,1,0.00030605744284553145,0.0003038936917732349,9.999999999996123e-05,9.999999999382725e-05,6.13398221105399e-15,0.0,0.0007060574428455315,0.000703893691773235,0.007060574428455315,0.007038936917732349,0.007038936917732349,"[[0.9607060574428454, 0.019293942557154466], [0.019293942557154466, 0.0007060574428455315]]","[[0.9507038936917731, 0.03929610630822677], [0.009296106308226764, 0.000703893691773235]]","[[9.607060574428454, 0.19293942557154467], [0.19293942557154467, 0.007060574428455315]]","[[9.50703893691773, 0.3929610630822677], [0.09296106308226763, 0.007038936917732349]]",0.00023762285577177744,0.0002368683373578203
C4_C4_s0p02_i0p0001_n20,C4,C4_s0p02_i0p0001,Rare-cell breakdown ladder,,,20,20,1.0,0.02,0.02,0.01,0.04,1,1,0.00030605744284553145,0.0003038936917732349,9.999999999996123e-05,9.999999999382725e-05,6.13398221105399e-15,0.0,0.0007060574428455315,0.000703893691773235,0.01412114885691063,0.014077873835464699,0.014077873835464699,"[[0.9607060574428454, 0.019293942557154466], [0.019293942557154466, 0.0007060574428455315]]","[[0.9507038936917731, 0.03929610630822677], [0.009296106308226764, 0.000703893691773235]]","[[19.214121148856908, 0.38587885114308934], [0.38587885114308934, 0.01412114885691063]]","[[19.01407787383546, 0.7859221261645354], [0.18592212616453527, 0.014077873835464699]]",0.00023762285577177744,0.0002368683373578203
C4_C4_s0p02_i0p0001_n50,C4,C4_s0p02_i0p0001,Rare-cell breakdown ladder,,,50,50,1.0,0.02,0.02,0.01,0.04,1,1,0.00030605744284553145,0.0003038936917732349,9.999999999996123e-05,9.999999999382725e-05,6.13398221105399e-15,0.0,0.0007060574428455315,0.000703893691773235,0.03530287214227657,0.03519468458866175,0.03519468458866175,"[[0.9607060574428454, 0.019293942557154466], [0.019293942557154466, 0.0007060574428455315]]","[[0.9507038936917731, 0.03929610630822677], [0.009296106308226764, 0.000703893691773235]]","[[48.035302872142275, 0.9646971278577233], [0.9646971278577233, 0.03530287214227657]]","[[47.53519468458865, 1.9648053154113383], [0.4648053154113382, 0.03519468458866175]]",0.00023762285577177744,0.0002368683373578203
C4_C4_s0p02_i0p0001_n100,C4,C4_s0p02_i0p0001,Rare-cell breakdown ladder,,,100,100,1.0,0.02,0.02,0.01,0.04,1,1,0.00030605744284553145,0.0003038936917732349,9.999999999996123e-05,9.999999999382725e-05,6.13398221105399e-15,0.0,0.0007060574428455315,0.000703893691773235,0.07060574428455314,0.0703893691773235,0.0703893691773235,"[[0.9607060574428454, 0.019293942557154466], [0.019293942557154466, 0.0007060574428455315]]","[[0.9507038936917731, 0.03929610630822677], [0.009296106308226764, 0.000703893691773235]]","[[96.07060574428455, 1.9293942557154466], [1.9293942557154466, 0.07060574428455314]]","[[95.0703893691773, 3.9296106308226766], [0.9296106308226764, 0.0703893691773235]]",0.00023762285577177744,0.0002368683373578203
C4_C4_s0p02_i0p0001_n200,C4,C4_s0p02_i0p0001,Rare-cell breakdown ladder,,,200,200,1.0,0.02,0.02,0.01,0.04,1,1,0.00030605744284553145,0.0003038936917732349,9.999999999996123e-05,9.999999999382725e-05,6.13398221105399e-15,0.0,0.0007060574428455315,0.000703893691773235,0.14121148856910629,0.140778738354647,0.140778738354647,"[[0.9607060574428454, 0.019293942557154466], [0.019293942557154466, 0.0007060574428455315]]","[[0.9507038936917731, 0.03929610630822677], [0.009296106308226764, 0.000703893691773235]]","[[192.1412114885691, 3.8587885114308933], [3.8587885114308933, 0.14121148856910629]]","[[190.1407787383546, 7.859221261645353], [1.8592212616453527, 0.140778738354647]]",0.00023762285577177744,0.0002368683373578203
C4_C4_s0p02_i0p0001_n500,C4,C4_s0p02_i0p0001,Rare-cell breakdown ladder,,,500,500,1.0,0.02,0.02,0.01,0.04,1,1,0.00030605744284553145,0.0003038936917732349,9.999999999996123e-05,9.999999999382725e-05,6.13398221105399e-15,0.0,0.0007060574428455315,0.000703893691773235,0.35302872142276576,0.3519468458866175,0.3519468458866175,"[[0.9607060574428454, 0.019293942557154466], [0.019293942557154466, 0.0007060574428455315]]","[[0.9507038936917731, 0.03929610630822677], [0.009296106308226764, 0.000703893691773235]]","[[480.35302872142273, 9.646971278577233], [9.646971278577233, 0.35302872142276576]]","[[475.3519468458866, 19.648053154113384], [4.648053154113382, 0.3519468458866175]]",0.00023762285577177744,0.0002368683373578203
C4_C4_s0p02_i0p0001_n1000,C4,C4_s0p02_i0p0001,Rare-cell breakdown ladder,,,1000,1000,1.0,0.02,0.02,0.01,0.04,1,1,0.00030605744284553145,0.0003038936917732349,9.999999999996123e-05,9.999999999382725e-05,6.13398221105399e-15,0.0,0.0007060574428455315,0.000703893691773235,0.7060574428455315,0.703893691773235,0.703893691773235,"[[0.9607060574428454, 0.019293942557154466], [0.019293942557154466, 0.0007060574428455315]]","[[0.9507038936917731, 0.03929610630822677], [0.009296106308226764, 0.000703893691773235]]","[[960.7060574428455, 19.293942557154466], [19.293942557154466, 0.7060574428455315]]","[[950.7038936917731, 39.29610630822677], [9.296106308226763, 0.703893691773235]]",0.00023762285577177744,0.0002368683373578203
C4_C4_s0p02_i0p005_n10,C4,C4_s0p02_i0p005,Rare-cell breakdown ladder,,,10,10,1.0,0.02,0.02,0.01,0.04,1,1,0.0030939959260929376,0.0030289612817911067,0.005000000000104227,0.0050000000000001155,1.0411116413422405e-13,0.0,0.0034939959260929378,0.003428961281791107,0.034939959260929375,0.03428961281791107,0.03428961281791107,"[[0.9634939959260929, 0.016506004073907062], [0.016506004073907062, 0.0034939959260929378]]","[[0.953428961281791, 0.036571038718208895], [0.006571038718208893, 0.003428961281791107]]","[[9.63493995926093, 0.16506004073907063], [0.16506004073907063, 0.034939959260929375]]","[[9.53428961281791, 0.3657103871820889], [0.06571038718208894, 0.03428961281791107]]",0.017371902999954544,0.016989511322935993
C4_C4_s0p02_i0p005_n20,C4,C4_s0p02_i0p005,Rare-cell breakdown ladder,,,20,20,1.0,0.02,0.02,0.01,0.04,1,1,0.0030939959260929376,0.0030289612817911067,0.005000000000104227,0.0050000000000001155,1.0411116413422405e-13,0.0,0.0034939959260929378,0.003428961281791107,0.06987991852185875,0.06857922563582214,0.06857922563582214,"[[0.9634939959260929, 0.016506004073907062], [0.016506004073907062, 0.0034939959260929378]]","[[0.953428961281791, 0.036571038718208895], [0.006571038718208893, 0.003428961281791107]]","[[19.26987991852186, 0.33012008147814126], [0.33012008147814126, 0.06987991852185875]]","[[19.06857922563582, 0.7314207743641779], [0.13142077436417787, 0.06857922563582214]]",0.017371902999954544,0.016989511322935993
C4_C4_s0p02_i0p005_n50,C4,C4_s0p02_i0p005,Rare-cell breakdown ladder,,,50,50,1.0,0.02,0.02,0.01,0.04,1,1,0.0030939959260929376,0.0030289612817911067,0.005000000000104227,0.0050000000000001155,1.0411116413422405e-13,0.0,0.0034939959260929378,0.003428961281791107,0.17469979630464688,0.17144806408955535,0.17144806408955535,"[[0.9634939959260929, 0.016506004073907062], [0.016506004073907062, 0.0034939959260929378]]","[[0.953428961281791, 0.036571038718208895], [0.006571038718208893, 0.003428961281791107]]","[[48.174699796304644, 0.8253002036953531], [0.8253002036953531, 0.17469979630464688]]","[[47.67144806408955, 1.8285519359104447], [0.3285519359104446, 0.17144806408955535]]",0.017371902999954544,0.016989511322935993
C4_C4_s0p02_i0p005_n100,C4,C4_s0p02_i0p005,Rare-cell breakdown ladder,,,100,100,1.0,0.02,0.02,0.01,0.04,1,1,0.0030939959260929376,0.0030289612817911067,0.005000000000104227,0.0050000000000001155,1.0411116413422405e-13,0.0,0.0034939959260929378,0.003428961281791107,0.34939959260929376,0.3428961281791107,0.3428961281791107,"[[0.9634939959260929, 0.016506004073907062], [0.016506004073907062, 0.0034939959260929378]]","[[0.953428961281791, 0.036571038718208895], [0.006571038718208893, 0.003428961281791107]]","[[96.34939959260929, 1.6506004073907061], [1.6506004073907061, 0.34939959260929376]]","[[95.3428961281791, 3.6571038718208895], [0.6571038718208893, 0.3428961281791107]]",0.017371902999954544,0.016989511322935993
C4_C4_s0p02_i0p005_n200,C4,C4_s0p02_i0p005,Rare-cell breakdown ladder,,,200,200,1.0,0.02,0.02,0.01,0.04,1,1,0.0030939959260929376,0.0030289612817911067,0.005000000000104227,0.0050000000000001155,1.0411116413422405e-13,0.0,0.0034939959260929378,0.003428961281791107,0.6987991852185875,0.6857922563582214,0.6857922563582214,"[[0.9634939959260929, 0.016506004073907062], [0.016506004073907062, 0.0034939959260929378]]","[[0.953428961281791, 0.036571038718208895], [0.006571038718208893, 0.003428961281791107]]","[[192.69879918521858, 3.3012008147814123], [3.3012008147814123, 0.6987991852185875]]","[[190.6857922563582, 7.314207743641779], [1.3142077436417785, 0.6857922563582214]]",0.017371902999954544,0.016989511322935993
C4_C4_s0p02_i0p005_n500,C4,C4_s0p02_i0p005,Rare-cell breakdown ladder,,,500,500,1.0,0.02,0.02,0.01,0.04,1,1,0.0030939959260929376,0.0030289612817911067,0.005000000000104227,0.0050000000000001155,1.0411116413422405e-13,0.0,0.0034939959260929378,0.003428961281791107,1.746997963046469,1.7144806408955535,1.7144806408955535,"[[0.9634939959260929, 0.016506004073907062], [0.016506004073907062, 0.0034939959260929378]]","[[0.953428961281791, 0.036571038718208895], [0.006571038718208893, 0.003428961281791107]]","[[481.74699796304645, 8.25300203695353], [8.25300203695353, 1.746997963046469]]","[[476.7144806408955, 18.28551935910445], [3.2855193591044465, 1.7144806408955535]]",0.017371902999954544,0.016989511322935993
C4_C4_s0p02_i0p005_n1000,C4,C4_s0p02_i0p005,Rare-cell breakdown ladder,,,1000,1000,1.0,0.02,0.02,0.01,0.04,1,1,0.0030939959260929376,0.0030289612817911067,0.005000000000104227,0.0050000000000001155,1.0411116413422405e-13,0.0,0.0034939959260929378,0.003428961281791107,3.493995926092938,3.428961281791107,3.428961281791107,"[[0.9634939959260929, 0.016506004073907062], [0.016506004073907062, 0.0034939959260929378]]","[[0.953428961281791, 0.036571038718208895], [0.006571038718208893, 0.003428961281791107]]","[[963.4939959260929, 16.50600407390706], [16.50600407390706, 3.493995926092938]]","[[953.428961281791, 36.5710387182089], [6.571038718208893, 3.428961281791107]]",0.017371902999954544,0.016989511322935993
C4_C4_s0p01_i0p0001_n10,C4,C4_s0p01_i0p0001,Rare-cell breakdown ladder,,,10,10,1.0,0.01,0.01,0.005,0.02,1,1,0.00016889974364661165,0.0001681573198980483,0.00010000000000222331,0.00010000000000000286,2.220446049250313e-15,0.0,0.00026889974364661164,0.0002681573198980483,0.0026889974364661165,0.002681573198980483,0.002681573198980483,"[[0.9802688997436466, 0.00973110025635339], [0.00973110025635339, 0.00026889974364661164]]","[[0.975268157319898, 0.019731842680101953], [0.004731842680101951, 0.0002681573198980483]]","[[9.802688997436466, 0.0973110025635339], [0.0973110025635339, 0.0026889974364661165]]","[[9.75268157319898, 0.19731842680101952], [0.04731842680101951, 0.002681573198980483]]",0.00026888809510062784,0.0002681251088389028
C4_C4_s0p01_i0p0001_n20,C4,C4_s0p01_i0p0001,Rare-cell breakdown ladder,,,20,20,1.0,0.01,0.01,0.005,0.02,1,1,0.00016889974364661165,0.0001681573198980483,0.00010000000000222331,0.00010000000000000286,2.220446049250313e-15,0.0,0.00026889974364661164,0.0002681573198980483,0.005377994872932233,0.005363146397960966,0.005363146397960966,"[[0.9802688997436466, 0.00973110025635339], [0.00973110025635339, 0.00026889974364661164]]","[[0.975268157319898, 0.019731842680101953], [0.004731842680101951, 0.0002681573198980483]]","[[19.60537799487293, 0.1946220051270678], [0.1946220051270678, 0.005377994872932233]]","[[19.50536314639796, 0.39463685360203904], [0.09463685360203902, 0.005363146397960966]]",0.00026888809510062784,0.0002681251088389028
C4_C4_s0p01_i0p0001_n50,C4,C4_s0p01_i0p0001,Rare-cell breakdown ladder,,,50,50,1.0,0.01,0.01,0.005,0.02,1,1,0.00016889974364661165,0.0001681573198980483,0.00010000000000222331,0.00010000000000000286,2.220446049250313e-15,0.0,0.00026889974364661164,0.0002681573198980483,0.013444987182330581,0.013407865994902415,0.013407865994902415,"[[0.9802688997436466, 0.00973110025635339], [0.00973110025635339, 0.00026889974364661164]]","[[0.975268157319898, 0.019731842680101953], [0.004731842680101951, 0.0002681573198980483]]","[[49.01344498718233, 0.48655501281766944], [0.48655501281766944, 0.013444987182330581]]","[[48.7634078659949, 0.9865921340050977], [0.23659213400509757, 0.013407865994902415]]",0.00026888809510062784,0.0002681251088389028
C4_C4_s0p01_i0p0001_n100,C4,C4_s0p01_i0p0001,Rare-cell breakdown ladder,,,100,100,1.0,0.01,0.01,0.005,0.02,1,1,0.00016889974364661165,0.0001681573198980483,0.00010000000000222331,0.00010000000000000286,2.220446049250313e-15,0.0,0.00026889974364661164,0.0002681573198980483,0.026889974364661163,0.02681573198980483,0.02681573198980483,"[[0.9802688997436466, 0.00973110025635339], [0.00973110025635339, 0.00026889974364661164]]","[[0.975268157319898, 0.019731842680101953], [0.004731842680101951, 0.0002681573198980483]]","[[98.02688997436466, 0.9731100256353389], [0.9731100256353389, 0.026889974364661163]]","[[97.5268157319898, 1.9731842680101954], [0.47318426801019514, 0.02681573198980483]]",0.00026888809510062784,0.0002681251088389028
C4_C4_s0p01_i0p0001_n200,C4,C4_s0p01_i0p0001,Rare-cell breakdown ladder,,,200,200,1.0,0.01,0.01,0.005,0.02,1,1,0.00016889974364661165,0.0001681573198980483,0.00010000000000222331,0.00010000000000000286,2.220446049250313e-15,0.0,0.00026889974364661164,0.0002681573198980483,0.053779948729322326,0.05363146397960966,0.05363146397960966,"[[0.9802688997436466, 0.00973110025635339], [0.00973110025635339, 0.00026889974364661164]]","[[0.975268157319898, 0.019731842680101953], [0.004731842680101951, 0.0002681573198980483]]","[[196.05377994872933, 1.9462200512706778], [1.9462200512706778, 0.053779948729322326]]","[[195.0536314639796, 3.946368536020391], [0.9463685360203903, 0.05363146397960966]]",0.00026888809510062784,0.0002681251088389028
C4_C4_s0p01_i0p0001_n500,C4,C4_s0p01_i0p0001,Rare-cell breakdown ladder,,,500,500,1.0,0.01,0.01,0.005,0.02,1,1,0.00016889974364661165,0.0001681573198980483,0.00010000000000222331,0.00010000000000000286,2.220446049250313e-15,0.0,0.00026889974364661164,0.0002681573198980483,0.1344498718233058,0.13407865994902415,0.13407865994902415,"[[0.9802688997436466, 0.00973110025635339], [0.00973110025635339, 0.00026889974364661164]]","[[0.975268157319898, 0.019731842680101953], [0.004731842680101951, 0.0002681573198980483]]","[[490.13444987182334, 4.865550128176695], [4.865550128176695, 0.1344498718233058]]","[[487.634078659949, 9.865921340050976], [2.3659213400509755, 0.13407865994902415]]",0.00026888809510062784,0.0002681251088389028
C4_C4_s0p01_i0p0001_n1000,C4,C4_s0p01_i0p0001,Rare-cell breakdown ladder,,,1000,1000,1.0,0.01,0.01,0.005,0.02,1,1,0.00016889974364661165,0.0001681573198980483,0.00010000000000222331,0.00010000000000000286,2.220446049250313e-15,0.0,0.00026889974364661164,0.0002681573198980483,0.2688997436466116,0.2681573198980483,0.2681573198980483,"[[0.9802688997436466, 0.00973110025635339], [0.00973110025635339, 0.00026889974364661164]]","[[0.975268157319898, 0.019731842680101953], [0.004731842680101951, 0.0002681573198980483]]","[[980.2688997436467, 9.73110025635339], [9.73110025635339, 0.2688997436466116]]","[[975.268157319898, 19.731842680101952], [4.731842680101951, 0.2681573198980483]]",0.00026888809510062784,0.0002681251088389028
C4_C4_s0p01_i0p005_n10,C4,C4_s0p01_i0p005,Rare-cell breakdown ladder,,,10,10,1.0,0.01,0.01,0.005,0.02,1,1,0.002048380407586448,0.0020058497418354703,0.004999999999999893,0.004999999999617005,3.8288816561760086e-13,0.0,0.0021483804075864477,0.00210584974183547,0.021483804075864477,0.0210584974183547,0.0210584974183547,"[[0.9821483804075865, 0.007851619592413553], [0.007851619592413553, 0.0021483804075864477]]","[[0.9771058497418355, 0.01789415025816453], [0.0028941502581645295, 0.00210584974183547]]","[[9.821483804075864, 0.07851619592413553], [0.07851619592413553, 0.021483804075864477]]","[[9.771058497418355, 0.1789415025816453], [0.028941502581645295, 0.0210584974183547]]",0.021035806035581642,0.020538569256617387
C4_C4_s0p01_i0p005_n20,C4,C4_s0p01_i0p005,Rare-cell breakdown ladder,,,20,20,1.0,0.01,0.01,0.005,0.02,1,1,0.002048380407586448,0.0020058497418354703,0.004999999999999893,0.004999999999617005,3.8288816561760086e-13,0.0,0.0021483804075864477,0.00210584974183547,0.04296760815172895,0.0421169948367094,0.0421169948367094,"[[0.9821483804075865, 0.007851619592413553], [0.007851619592413553, 0.0021483804075864477]]","[[0.9771058497418355, 0.01789415025816453], [0.0028941502581645295, 0.00210584974183547]]","[[19.64296760815173, 0.15703239184827106], [0.15703239184827106, 0.04296760815172895]]","[[19.54211699483671, 0.3578830051632906], [0.05788300516329059, 0.0421169948367094]]",0.021035806035581642,0.020538569256617387
C4_C4_s0p01_i0p005_n50,C4,C4_s0p01_i0p005,Rare-cell breakdown ladder,,,50,50,1.0,0.01,0.01,0.005,0.02,1,1,0.002048380407586448,0.0020058497418354703,0.004999999999999893,0.004999999999617005,3.8288816561760086e-13,0.0,0.0021483804075864477,0.00210584974183547,0.10741902037932238,0.10529248709177351,0.10529248709177351,"[[0.9821483804075865, 0.007851619592413553], [0.007851619592413553, 0.0021483804075864477]]","[[0.9771058497418355, 0.01789415025816453], [0.0028941502581645295, 0.00210584974183547]]","[[49.107419020379325, 0.3925809796206776], [0.3925809796206776, 0.10741902037932238]]","[[48.85529248709177, 0.8947075129082265], [0.14470751290822648, 0.10529248709177351]]",0.021035806035581642,0.020538569256617387
C4_C4_s0p01_i0p005_n100,C4,C4_s0p01_i0p005,Rare-cell breakdown ladder,,,100,100,1.0,0.01,0.01,0.005,0.02,1,1,0.002048380407586448,0.0020058497418354703,0.004999999999999893,0.004999999999617005,3.8288816561760086e-13,0.0,0.0021483804075864477,0.00210584974183547,0.21483804075864477,0.21058497418354702,0.21058497418354702,"[[0.9821483804075865, 0.007851619592413553], [0.007851619592413553, 0.0021483804075864477]]","[[0.9771058497418355, 0.01789415025816453], [0.0028941502581645295, 0.00210584974183547]]","[[98.21483804075865, 0.7851619592413552], [0.7851619592413552, 0.21483804075864477]]","[[97.71058497418355, 1.789415025816453], [0.28941502581645295, 0.21058497418354702]]",0.021035806035581642,0.020538569256617387
C4_C4_s0p01_i0p005_n200,C4,C4_s0p01_i0p005,Rare-cell breakdown ladder,,,200,200,1.0,0.01,0.01,0.005,0.02,1,1,0.002048380407586448,0.0020058497418354703,0.004999999999999893,0.004999999999617005,3.8288816561760086e-13,0.0,0.0021483804075864477,0.00210584974183547,0.42967608151728953,0.42116994836709404,0.42116994836709404,"[[0.9821483804075865, 0.007851619592413553], [0.007851619592413553, 0.0021483804075864477]]","[[0.9771058497418355, 0.01789415025816453], [0.0028941502581645295, 0.00210584974183547]]","[[196.4296760815173, 1.5703239184827105], [1.5703239184827105, 0.42967608151728953]]","[[195.4211699483671, 3.578830051632906], [0.5788300516329059, 0.42116994836709404]]",0.021035806035581642,0.020538569256617387
C4_C4_s0p01_i0p005_n500,C4,C4_s0p01_i0p005,Rare-cell breakdown ladder,,,500,500,1.0,0.01,0.01,0.005,0.02,1,1,0.002048380407586448,0.0020058497418354703,0.004999999999999893,0.004999999999617005,3.8288816561760086e-13,0.0,0.0021483804075864477,0.00210584974183547,1.0741902037932238,1.052924870917735,1.052924870917735,"[[0.9821483804075865, 0.007851619592413553], [0.007851619592413553, 0.0021483804075864477]]","[[0.9771058497418355, 0.01789415025816453], [0.0028941502581645295, 0.00210584974183547]]","[[491.07419020379325, 3.9258097962067766], [3.9258097962067766, 1.0741902037932238]]","[[488.5529248709177, 8.947075129082265], [1.4470751290822648, 1.052924870917735]]",0.021035806035581642,0.020538569256617387
C4_C4_s0p01_i0p005_n1000,C4,C4_s0p01_i0p005,Rare-cell breakdown ladder,,,1000,1000,1.0,0.01,0.01,0.005,0.02,1,1,0.002048380407586448,0.0020058497418354703,0.004999999999999893,0.004999999999617005,3.8288816561760086e-13,0.0,0.0021483804075864477,0.00210584974183547,2.1483804075864477,2.10584974183547,2.10584974183547,"[[0.9821483804075865, 0.007851619592413553], [0.007851619592413553, 0.0021483804075864477]]","[[0.9771058497418355, 0.01789415025816453], [0.0028941502581645295, 0.00210584974183547]]","[[982.1483804075865, 7.851619592413553], [7.851619592413553, 2.1483804075864477]]","[[977.1058497418354, 17.89415025816453], [2.8941502581645295, 2.10584974183547]]",0.021035806035581642,0.020538569256617387
C4_C4_s0p005_i0p0001_n10,C4,C4_s0p005_i0p0001,Rare-cell breakdown ladder,,,10,10,1.0,0.005,0.005,0.0025,0.01,1,1,9.804588376137424e-05,9.773752389381737e-05,9.999999998681897e-05,9.999999999987103e-05,-1.3052059433249497e-14,0.0,0.00012304588376137423,0.00012273752389381737,0.0012304588376137423,0.0012273752389381737,0.0012273752389381737,"[[0.9901230458837614, 0.004876954116238626], [0.004876954116238626, 0.00012304588376137423]]","[[0.987622737523894, 0.009877262476106183], [0.002377262476106183, 0.00012273752389381737]]","[[9.901230458837615, 0.04876954116238626], [0.04876954116238626, 0.0012304588376137423]]","[[9.87622737523894, 0.09877262476106183], [0.02377262476106183, 0.0012273752389381737]]",0.00031637858837146453,0.00031556690296527924
C4_C4_s0p005_i0p0001_n20,C4,C4_s0p005_i0p0001,Rare-cell breakdown ladder,,,20,20,1.0,0.005,0.005,0.0025,0.01,1,1,9.804588376137424e-05,9.773752389381737e-05,9.999999998681897e-05,9.999999999987103e-05,-1.3052059433249497e-14,0.0,0.00012304588376137423,0.00012273752389381737,0.0024609176752274846,0.0024547504778763473,0.0024547504778763473,"[[0.9901230458837614, 0.004876954116238626], [0.004876954116238626, 0.00012304588376137423]]","[[0.987622737523894, 0.009877262476106183], [0.002377262476106183, 0.00012273752389381737]]","[[19.80246091767523, 0.09753908232477251], [0.09753908232477251, 0.0024609176752274846]]","[[19.75245475047788, 0.19754524952212366], [0.04754524952212366, 0.0024547504778763473]]",0.00031637858837146453,0.00031556690296527924
C4_C4_s0p005_i0p0001_n50,C4,C4_s0p005_i0p0001,Rare-cell breakdown ladder,,,50,50,1.0,0.005,0.005,0.0025,0.01,1,1,9.804588376137424e-05,9.773752389381737e-05,9.999999998681897e-05,9.999999999987103e-05,-1.3052059433249497e-14,0.0,0.00012304588376137423,0.00012273752389381737,0.006152294188068712,0.006136876194690869,0.006136876194690869,"[[0.9901230458837614, 0.004876954116238626], [0.004876954116238626, 0.00012304588376137423]]","[[0.987622737523894, 0.009877262476106183], [0.002377262476106183, 0.00012273752389381737]]","[[49.50615229418807, 0.24384770581193127], [0.24384770581193127, 0.006152294188068712]]","[[49.381136876194695, 0.49386312380530917], [0.11886312380530914, 0.006136876194690869]]",0.00031637858837146453,0.00031556690296527924
C4_C4_s0p005_i0p0001_n100,C4,C4_s0p005_i0p0001,Rare-cell breakdown ladder,,,100,100,1.0,0.005,0.005,0.0025,0.01,1,1,9.804588376137424e-05,9.773752389381737e-05,9.999999998681897e-05,9.999999999987103e-05,-1.3052059433249497e-14,0.0,0.00012304588376137423,0.00012273752389381737,0.012304588376137423,0.012273752389381738,0.012273752389381738,"[[0.9901230458837614, 0.004876954116238626], [0.004876954116238626, 0.00012304588376137423]]","[[0.987622737523894, 0.009877262476106183], [0.002377262476106183, 0.00012273752389381737]]","[[99.01230458837614, 0.48769541162386254], [0.48769541162386254, 0.012304588376137423]]","[[98.76227375238939, 0.9877262476106183], [0.23772624761061828, 0.012273752389381738]]",0.00031637858837146453,0.00031556690296527924
C4_C4_s0p005_i0p0001_n200,C4,C4_s0p005_i0p0001,Rare-cell breakdown ladder,,,200,200,1.0,0.005,0.005,0.0025,0.01,1,1,9.804588376137424e-05,9.773752389381737e-05,9.999999998681897e-05,9.999999999987103e-05,-1.3052059433249497e-14,0.0,0.00012304588376137423,0.00012273752389381737,0.024609176752274847,0.024547504778763475,0.024547504778763475,"[[0.9901230458837614, 0.004876954116238626], [0.004876954116238626, 0.00012304588376137423]]","[[0.987622737523894, 0.009877262476106183], [0.002377262476106183, 0.00012273752389381737]]","[[198.02460917675228, 0.9753908232477251], [0.9753908232477251, 0.024609176752274847]]","[[197.52454750477878, 1.9754524952212367], [0.47545249522123656, 0.024547504778763475]]",0.00031637858837146453,0.00031556690296527924
C4_C4_s0p005_i0p0001_n500,C4,C4_s0p005_i0p0001,Rare-cell breakdown ladder,,,500,500,1.0,0.005,0.005,0.0025,0.01,1,1,9.804588376137424e-05,9.773752389381737e-05,9.999999998681897e-05,9.999999999987103e-05,-1.3052059433249497e-14,0.0,0.00012304588376137423,0.00012273752389381737,0.06152294188068712,0.061368761946908684,0.061368761946908684,"[[0.9901230458837614, 0.004876954116238626], [0.004876954116238626, 0.00012304588376137423]]","[[0.987622737523894, 0.009877262476106183], [0.002377262476106183, 0.00012273752389381737]]","[[495.0615229418807, 2.4384770581193127], [2.4384770581193127, 0.06152294188068712]]","[[493.811368761947, 4.938631238053092], [1.1886312380530915, 0.061368761946908684]]",0.00031637858837146453,0.00031556690296527924
C4_C4_s0p005_i0p0001_n1000,C4,C4_s0p005_i0p0001,Rare-cell breakdown ladder,,,1000,1000,1.0,0.005,0.005,0.0025,0.01,1,1,9.804588376137424e-05,9.773752389381737e-05,9.999999998681897e-05,9.999999999987103e-05,-1.3052059433249497e-14,0.0,0.00012304588376137423,0.00012273752389381737,0.12304588376137424,0.12273752389381737,0.12273752389381737,"[[0.9901230458837614, 0.004876954116238626], [0.004876954116238626, 0.00012304588376137423]]","[[0.987622737523894, 0.009877262476106183], [0.002377262476106183, 0.00012273752389381737]]","[[990.1230458837614, 4.876954116238625], [4.876954116238625, 0.12304588376137424]]","[[987.622737523894, 9.877262476106184], [2.377262476106183, 0.12273752389381737]]",0.00031637858837146453,0.00031556690296527924
C4_C4_s0p005_i0p005_n10,C4,C4_s0p005_i0p005,Rare-cell breakdown ladder,,,10,10,1.0,0.005,0.005,0.0025,0.01,1,1,0.00144236095631791,0.001406142868526005,0.0049999999998684985,0.005000000000000095,-1.3159612288760059e-13,0.0,0.00146736095631791,0.0010688571314739952,0.014673609563179101,0.010688571314739952,0.010688571314739952,"[[0.9914673609563179, 0.0035326390436820902], [0.0035326390436820902, 0.00146736095631791]]","[[0.9889311428685261, 0.008568857131473996], [0.0010688571314739952, 0.001431142868526005]]","[[9.91467360956318, 0.035326390436820905], [0.035326390436820905, 0.014673609563179101]]","[[9.88931142868526, 0.08568857131473996], [0.010688571314739952, 0.014311428685260051]]",0.025140027509652753,0.02437204236015952
C4_C4_s0p005_i0p005_n20,C4,C4_s0p005_i0p005,Rare-cell breakdown ladder,,,20,20,1.0,0.005,0.005,0.0025,0.01,1,1,0.00144236095631791,0.001406142868526005,0.0049999999998684985,0.005000000000000095,-1.3159612288760059e-13,0.0,0.00146736095631791,0.0010688571314739952,0.029347219126358202,0.021377142629479904,0.021377142629479904,"[[0.9914673609563179, 0.0035326390436820902], [0.0035326390436820902, 0.00146736095631791]]","[[0.9889311428685261, 0.008568857131473996], [0.0010688571314739952, 0.001431142868526005]]","[[19.82934721912636, 0.07065278087364181], [0.07065278087364181, 0.029347219126358202]]","[[19.77862285737052, 0.17137714262947992], [0.021377142629479904, 0.028622857370520102]]",0.025140027509652753,0.02437204236015952
C4_C4_s0p005_i0p005_n50,C4,C4_s0p005_i0p005,Rare-cell breakdown ladder,,,50,50,1.0,0.005,0.005,0.0025,0.01,1,1,0.00144236095631791,0.001406142868526005,0.0049999999998684985,0.005000000000000095,-1.3159612288760059e-13,0.0,0.00146736095631791,0.0010688571314739952,0.07336804781589551,0.05344285657369976,0.05344285657369976,"[[0.9914673609563179, 0.0035326390436820902], [0.0035326390436820902, 0.00146736095631791]]","[[0.9889311428685261, 0.008568857131473996], [0.0010688571314739952, 0.001431142868526005]]","[[49.5733680478159, 0.17663195218410452], [0.17663195218410452, 0.07336804781589551]]","[[49.446557143426304, 0.4284428565736998], [0.05344285657369976, 0.07155714342630025]]",0.025140027509652753,0.02437204236015952
C4_C4_s0p005_i0p005_n100,C4,C4_s0p005_i0p005,Rare-cell breakdown ladder,,,100,100,1.0,0.005,0.005,0.0025,0.01,1,1,0.00144236095631791,0.001406142868526005,0.0049999999998684985,0.005000000000000095,-1.3159612288760059e-13,0.0,0.00146736095631791,0.0010688571314739952,0.14673609563179102,0.10688571314739952,0.10688571314739952,"[[0.9914673609563179, 0.0035326390436820902], [0.0035326390436820902, 0.00146736095631791]]","[[0.9889311428685261, 0.008568857131473996], [0.0010688571314739952, 0.001431142868526005]]","[[99.1467360956318, 0.35326390436820904], [0.35326390436820904, 0.14673609563179102]]","[[98.89311428685261, 0.8568857131473996], [0.10688571314739952, 0.1431142868526005]]",0.025140027509652753,0.02437204236015952
C4_C4_s0p005_i0p005_n200,C4,C4_s0p005_i0p005,Rare-cell breakdown ladder,,,200,200,1.0,0.005,0.005,0.0025,0.01,1,1,0.00144236095631791,0.001406142868526005,0.0049999999998684985,0.005000000000000095,-1.3159612288760059e-13,0.0,0.00146736095631791,0.0010688571314739952,0.29347219126358204,0.21377142629479903,0.21377142629479903,"[[0.9914673609563179, 0.0035326390436820902], [0.0035326390436820902, 0.00146736095631791]]","[[0.9889311428685261, 0.008568857131473996], [0.0010688571314739952, 0.001431142868526005]]","[[198.2934721912636, 0.7065278087364181], [0.7065278087364181, 0.29347219126358204]]","[[197.78622857370522, 1.7137714262947992], [0.21377142629479903, 0.286228573705201]]",0.025140027509652753,0.02437204236015952
C4_C4_s0p005_i0p005_n500,C4,C4_s0p005_i0p005,Rare-cell breakdown ladder,,,500,500,1.0,0.005,0.005,0.0025,0.01,1,1,0.00144236095631791,0.001406142868526005,0.0049999999998684985,0.005000000000000095,-1.3159612288760059e-13,0.0,0.00146736095631791,0.0010688571314739952,0.733680478158955,0.5344285657369976,0.5344285657369976,"[[0.9914673609563179, 0.0035326390436820902], [0.0035326390436820902, 0.00146736095631791]]","[[0.9889311428685261, 0.008568857131473996], [0.0010688571314739952, 0.001431142868526005]]","[[495.733680478159, 1.766319521841045], [1.766319521841045, 0.733680478158955]]","[[494.46557143426304, 4.284428565736998], [0.5344285657369976, 0.7155714342630025]]",0.025140027509652753,0.02437204236015952
C4_C4_s0p005_i0p005_n1000,C4,C4_s0p005_i0p005,Rare-cell breakdown ladder,,,1000,1000,1.0,0.005,0.005,0.0025,0.01,1,1,0.00144236095631791,0.001406142868526005,0.0049999999998684985,0.005000000000000095,-1.3159612288760059e-13,0.0,0.00146736095631791,0.0010688571314739952,1.46736095631791,1.0688571314739952,1.0688571314739952,"[[0.9914673609563179, 0.0035326390436820902], [0.0035326390436820902, 0.00146736095631791]]","[[0.9889311428685261, 0.008568857131473996], [0.0010688571314739952, 0.001431142868526005]]","[[991.467360956318, 3.53263904368209], [3.53263904368209, 1.46736095631791]]","[[988.9311428685261, 8.568857131473996], [1.0688571314739952, 1.431142868526005]]",0.025140027509652753,0.02437204236015952
C4_C4_s0p002_i0p0001_n10,C4,C4_s0p002_i0p0001,Rare-cell breakdown ladder,,,10,10,1.0,0.002,0.002,0.001,0.004,1,1,5.3052932748709006e-05,5.291724249790279e-05,0.0001000000000001694,0.00010000000000000286,1.6653345369377348e-16,0.0,5.705293274870901e-05,5.691724249790279e-05,0.0005705293274870901,0.0005691724249790279,0.0005691724249790279,"[[0.9960570529327487, 0.001942947067251291], [0.001942947067251291, 5.705293274870901e-05]]","[[0.9950569172424979, 0.003943082757502098], [0.0009430827575020971, 5.691724249790279e-05]]","[[9.960570529327487, 0.01942947067251291], [0.01942947067251291, 0.0005705293274870901]]","[[9.950569172424979, 0.03943082757502098], [0.009430827575020971, 0.0005691724249790279]]",0.0004057943302846498,0.0004048072838937977
C4_C4_s0p002_i0p0001_n20,C4,C4_s0p002_i0p0001,Rare-cell breakdown ladder,,,20,20,1.0,0.002,0.002,0.001,0.004,1,1,5.3052932748709006e-05,5.291724249790279e-05,0.0001000000000001694,0.00010000000000000286,1.6653345369377348e-16,0.0,5.705293274870901e-05,5.691724249790279e-05,0.0011410586549741803,0.0011383448499580559,0.0011383448499580559,"[[0.9960570529327487, 0.001942947067251291], [0.001942947067251291, 5.705293274870901e-05]]","[[0.9950569172424979, 0.003943082757502098], [0.0009430827575020971, 5.691724249790279e-05]]","[[19.921141058654975, 0.03885894134502582], [0.03885894134502582, 0.0011410586549741803]]","[[19.901138344849958, 0.07886165515004195], [0.018861655150041942, 0.0011383448499580559]]",0.0004057943302846498,0.0004048072838937977
C4_C4_s0p002_i0p0001_n50,C4,C4_s0p002_i0p0001,Rare-cell breakdown ladder,,,50,50,1.0,0.002,0.002,0.001,0.004,1,1,5.3052932748709006e-05,5.291724249790279e-05,0.0001000000000001694,0.00010000000000000286,1.6653345369377348e-16,0.0,5.705293274870901e-05,5.691724249790279e-05,0.0028526466374354503,0.0028458621248951396,0.0028458621248951396,"[[0.9960570529327487, 0.001942947067251291], [0.001942947067251291, 5.705293274870901e-05]]","[[0.9950569172424979, 0.003943082757502098], [0.0009430827575020971, 5.691724249790279e-05]]","[[49.80285264663743, 0.09714735336256454], [0.09714735336256454, 0.0028526466374354503]]","[[49.75284586212489, 0.1971541378751049], [0.047154137875104855, 0.0028458621248951396]]",0.0004057943302846498,0.0004048072838937977
C4_C4_s0p002_i0p0001_n100,C4,C4_s0p002_i0p0001,Rare-cell breakdown ladder,,,100,100,1.0,0.002,0.002,0.001,0.004,1,1,5.3052932748709006e-05,5.291724249790279e-05,0.0001000000000001694,0.00010000000000000286,1.6653345369377348e-16,0.0,5.705293274870901e-05,5.691724249790279e-05,0.0057052932748709005,0.005691724249790279,0.005691724249790279,"[[0.9960570529327487, 0.001942947067251291], [0.001942947067251291, 5.705293274870901e-05]]","[[0.9950569172424979, 0.003943082757502098], [0.0009430827575020971, 5.691724249790279e-05]]","[[99.60570529327487, 0.19429470672512908], [0.19429470672512908, 0.0057052932748709005]]","[[99.50569172424979, 0.3943082757502098], [0.09430827575020971, 0.005691724249790279]]",0.0004057943302846498,0.0004048072838937977
C4_C4_s0p002_i0p0001_n200,C4,C4_s0p002_i0p0001,Rare-cell breakdown ladder,,,200,200,1.0,0.002,0.002,0.001,0.004,1,1,5.3052932748709006e-05,5.291724249790279e-05,0.0001000000000001694,0.00010000000000000286,1.6653345369377348e-16,0.0,5.705293274870901e-05,5.691724249790279e-05,0.011410586549741801,0.011383448499580558,0.011383448499580558,"[[0.9960570529327487, 0.001942947067251291], [0.001942947067251291, 5.705293274870901e-05]]","[[0.9950569172424979, 0.003943082757502098], [0.0009430827575020971, 5.691724249790279e-05]]","[[199.21141058654973, 0.38858941345025816], [0.38858941345025816, 0.011410586549741801]]","[[199.01138344849957, 0.7886165515004196], [0.18861655150041942, 0.011383448499580558]]",0.0004057943302846498,0.0004048072838937977
C4_C4_s0p002_i0p0001_n500,C4,C4_s0p002_i0p0001,Rare-cell breakdown ladder,,,500,500,1.0,0.002,0.002,0.001,0.004,1,1,5.3052932748709006e-05,5.291724249790279e-05,0.0001000000000001694,0.00010000000000000286,1.6653345369377348e-16,0.0,5.705293274870901e-05,5.691724249790279e-05,0.028526466374354503,0.028458621248951394,0.028458621248951394,"[[0.9960570529327487, 0.001942947067251291], [0.001942947067251291, 5.705293274870901e-05]]","[[0.9950569172424979, 0.003943082757502098], [0.0009430827575020971, 5.691724249790279e-05]]","[[498.02852646637433, 0.9714735336256455], [0.9714735336256455, 0.028526466374354503]]","[[497.52845862124894, 1.971541378751049], [0.47154137875104857, 0.028458621248951394]]",0.0004057943302846498,0.0004048072838937977
C4_C4_s0p002_i0p0001_n1000,C4,C4_s0p002_i0p0001,Rare-cell breakdown ladder,,,1000,1000,1.0,0.002,0.002,0.001,0.004,1,1,5.3052932748709006e-05,5.291724249790279e-05,0.0001000000000001694,0.00010000000000000286,1.6653345369377348e-16,0.0,5.705293274870901e-05,5.691724249790279e-05,0.057052932748709005,0.05691724249790279,0.05691724249790279,"[[0.9960570529327487, 0.001942947067251291], [0.001942947067251291, 5.705293274870901e-05]]","[[0.9950569172424979, 0.003943082757502098], [0.0009430827575020971, 5.691724249790279e-05]]","[[996.0570529327487, 1.942947067251291], [1.942947067251291, 0.057052932748709005]]","[[995.0569172424979, 3.943082757502098], [0.9430827575020971, 0.05691724249790279]]",0.0004057943302846498,0.0004048072838937977
C4_C4_s0p002_i0p005_n10,C4,C4_s0p002_i0p005,Rare-cell breakdown ladder,,,10,10,1.0,0.002,0.002,0.001,0.004,1,1,0.000976267001851633,0.0009261518555892845,0.004999999999235966,0.004999999999967808,-7.318416705981434e-13,0.0,0.000980267001851633,6.984814441071544e-05,0.00980267001851633,0.0006984814441071544,0.0006984814441071544,"[[0.9969802670018516, 0.001019732998148367], [0.001019732998148367, 0.000980267001851633]]","[[0.9959301518555893, 0.003069848144410716], [6.984814441071544e-05, 0.0009301518555892845]]","[[9.969802670018517, 0.01019732998148367], [0.01019732998148367, 0.00980267001851633]]","[[9.959301518555893, 0.03069848144410716], [0.0006984814441071544, 0.009301518555892844]]",0.030565446691254806,0.028300777522657642
C4_C4_s0p002_i0p005_n20,C4,C4_s0p002_i0p005,Rare-cell breakdown ladder,,,20,20,1.0,0.002,0.002,0.001,0.004,1,1,0.000976267001851633,0.0009261518555892845,0.004999999999235966,0.004999999999967808,-7.318416705981434e-13,0.0,0.000980267001851633,6.984814441071544e-05,0.01960534003703266,0.0013969628882143088,0.0013969628882143088,"[[0.9969802670018516, 0.001019732998148367], [0.001019732998148367, 0.000980267001851633]]","[[0.9959301518555893, 0.003069848144410716], [6.984814441071544e-05, 0.0009301518555892845]]","[[19.939605340037033, 0.02039465996296734], [0.02039465996296734, 0.01960534003703266]]","[[19.918603037111787, 0.06139696288821432], [0.0013969628882143088, 0.018603037111785688]]",0.030565446691254806,0.028300777522657642
C4_C4_s0p002_i0p005_n50,C4,C4_s0p002_i0p005,Rare-cell breakdown ladder,,,50,50,1.0,0.002,0.002,0.001,0.004,1,1,0.000976267001851633,0.0009261518555892845,0.004999999999235966,0.004999999999967808,-7.318416705981434e-13,0.0,0.000980267001851633,6.984814441071544e-05,0.04901335009258165,0.0034924072205357723,0.0034924072205357723,"[[0.9969802670018516, 0.001019732998148367], [0.001019732998148367, 0.000980267001851633]]","[[0.9959301518555893, 0.003069848144410716], [6.984814441071544e-05, 0.0009301518555892845]]","[[49.849013350092584, 0.05098664990741836], [0.05098664990741836, 0.04901335009258165]]","[[49.79650759277946, 0.1534924072205358], [0.0034924072205357723, 0.04650759277946422]]",0.030565446691254806,0.028300777522657642
C4_C4_s0p002_i0p005_n100,C4,C4_s0p002_i0p005,Rare-cell breakdown ladder,,,100,100,1.0,0.002,0.002,0.001,0.004,1,1,0.000976267001851633,0.0009261518555892845,0.004999999999235966,0.004999999999967808,-7.318416705981434e-13,0.0,0.000980267001851633,6.984814441071544e-05,0.0980267001851633,0.0069848144410715445,0.0069848144410715445,"[[0.9969802670018516, 0.001019732998148367], [0.001019732998148367, 0.000980267001851633]]","[[0.9959301518555893, 0.003069848144410716], [6.984814441071544e-05, 0.0009301518555892845]]","[[99.69802670018517, 0.10197329981483672], [0.10197329981483672, 0.0980267001851633]]","[[99.59301518555893, 0.3069848144410716], [0.0069848144410715445, 0.09301518555892845]]",0.030565446691254806,0.028300777522657642
C4_C4_s0p002_i0p005_n200,C4,C4_s0p002_i0p005,Rare-cell breakdown ladder,,,200,200,1.0,0.002,0.002,0.001,0.004,1,1,0.000976267001851633,0.0009261518555892845,0.004999999999235966,0.004999999999967808,-7.318416705981434e-13,0.0,0.000980267001851633,6.984814441071544e-05,0.1960534003703266,0.013969628882143089,0.013969628882143089,"[[0.9969802670018516, 0.001019732998148367], [0.001019732998148367, 0.000980267001851633]]","[[0.9959301518555893, 0.003069848144410716], [6.984814441071544e-05, 0.0009301518555892845]]","[[199.39605340037033, 0.20394659962967343], [0.20394659962967343, 0.1960534003703266]]","[[199.18603037111785, 0.6139696288821432], [0.013969628882143089, 0.1860303711178569]]",0.030565446691254806,0.028300777522657642
C4_C4_s0p002_i0p005_n500,C4,C4_s0p002_i0p005,Rare-cell breakdown ladder,,,500,500,1.0,0.002,0.002,0.001,0.004,1,1,0.000976267001851633,0.0009261518555892845,0.004999999999235966,0.004999999999967808,-7.318416705981434e-13,0.0,0.000980267001851633,6.984814441071544e-05,0.4901335009258165,0.03492407220535772,0.03492407220535772,"[[0.9969802670018516, 0.001019732998148367], [0.001019732998148367, 0.000980267001851633]]","[[0.9959301518555893, 0.003069848144410716], [6.984814441071544e-05, 0.0009301518555892845]]","[[498.4901335009258, 0.5098664990741836], [0.5098664990741836, 0.4901335009258165]]","[[497.96507592779466, 1.534924072205358], [0.03492407220535772, 0.46507592779464224]]",0.030565446691254806,0.028300777522657642
C4_C4_s0p002_i0p005_n1000,C4,C4_s0p002_i0p005,Rare-cell breakdown ladder,,,1000,1000,1.0,0.002,0.002,0.001,0.004,1,1,0.000976267001851633,0.0009261518555892845,0.004999999999235966,0.004999999999967808,-7.318416705981434e-13,0.0,0.000980267001851633,6.984814441071544e-05,0.980267001851633,0.06984814441071543,0.06984814441071543,"[[0.9969802670018516, 0.001019732998148367], [0.001019732998148367, 0.000980267001851633]]","[[0.9959301518555893, 0.003069848144410716], [6.984814441071544e-05, 0.0009301518555892845]]","[[996.9802670018516, 1.0197329981483672], [1.0197329981483672, 0.980267001851633]]","[[995.9301518555893, 3.069848144410716], [0.06984814441071543, 0.9301518555892845]]",0.030565446691254806,0.028300777522657642
C4_C4_s0p001_i0p0001_n10,C4,C4_s0p001_i0p0001,Rare-cell breakdown ladder,,,10,10,1.0,0.001,0.001,0.0005,0.002,1,1,3.629339464830887e-05,3.6199154675400347e-05,9.999999967383322e-05,9.999999996504298e-05,-2.912097646357026e-13,0.0,3.729339464830887e-05,3.7199154675400344e-05,0.00037293394648308867,0.0003719915467540034,0.0003719915467540034,"[[0.9980372933946483, 0.0009627066053516912], [0.0009627066053516912, 3.729339464830887e-05]]","[[0.9975371991546755, 0.0019628008453246], [0.0004628008453245996, 3.7199154675400344e-05]]","[[9.980372933946484, 0.009627066053516911], [0.009627066053516911, 0.00037293394648308867]]","[[9.975371991546755, 0.019628008453246], [0.004628008453245997, 0.0003719915467540034]]",0.0004910160655427426,0.0004897444456354043
C4_C4_s0p001_i0p0001_n20,C4,C4_s0p001_i0p0001,Rare-cell breakdown ladder,,,20,20,1.0,0.001,0.001,0.0005,0.002,1,1,3.629339464830887e-05,3.6199154675400347e-05,9.999999967383322e-05,9.999999996504298e-05,-2.912097646357026e-13,0.0,3.729339464830887e-05,3.7199154675400344e-05,0.0007458678929661773,0.0007439830935080068,0.0007439830935080068,"[[0.9980372933946483, 0.0009627066053516912], [0.0009627066053516912, 3.729339464830887e-05]]","[[0.9975371991546755, 0.0019628008453246], [0.0004628008453245996, 3.7199154675400344e-05]]","[[19.960745867892967, 0.019254132107033823], [0.019254132107033823, 0.0007458678929661773]]","[[19.95074398309351, 0.039256016906492], [0.009256016906491993, 0.0007439830935080068]]",0.0004910160655427426,0.0004897444456354043
C4_C4_s0p001_i0p0001_n50,C4,C4_s0p001_i0p0001,Rare-cell breakdown ladder,,,50,50,1.0,0.001,0.001,0.0005,0.002,1,1,3.629339464830887e-05,3.6199154675400347e-05,9.999999967383322e-05,9.999999996504298e-05,-2.912097646357026e-13,0.0,3.729339464830887e-05,3.7199154675400344e-05,0.0018646697324154434,0.0018599577337700172,0.0018599577337700172,"[[0.9980372933946483, 0.0009627066053516912], [0.0009627066053516912, 3.729339464830887e-05]]","[[0.9975371991546755, 0.0019628008453246], [0.0004628008453245996, 3.7199154675400344e-05]]","[[49.90186466973242, 0.04813533026758456], [0.04813533026758456, 0.0018646697324154434]]","[[49.87685995773378, 0.09814004226623001], [0.023140042266229982, 0.0018599577337700172]]",0.0004910160655427426,0.0004897444456354043
C4_C4_s0p001_i0p0001_n100,C4,C4_s0p001_i0p0001,Rare-cell breakdown ladder,,,100,100,1.0,0.001,0.001,0.0005,0.002,1,1,3.629339464830887e-05,3.6199154675400347e-05,9.999999967383322e-05,9.999999996504298e-05,-2.912097646357026e-13,0.0,3.729339464830887e-05,3.7199154675400344e-05,0.003729339464830887,0.0037199154675400343,0.0037199154675400343,"[[0.9980372933946483, 0.0009627066053516912], [0.0009627066053516912, 3.729339464830887e-05]]","[[0.9975371991546755, 0.0019628008453246], [0.0004628008453245996, 3.7199154675400344e-05]]","[[99.80372933946484, 0.09627066053516913], [0.09627066053516913, 0.003729339464830887]]","[[99.75371991546756, 0.19628008453246001], [0.046280084532459964, 0.0037199154675400343]]",0.0004910160655427426,0.0004897444456354043
C4_C4_s0p001_i0p0001_n200,C4,C4_s0p001_i0p0001,Rare-cell breakdown ladder,,,200,200,1.0,0.001,0.001,0.0005,0.002,1,1,3.629339464830887e-05,3.6199154675400347e-05,9.999999967383322e-05,9.999999996504298e-05,-2.912097646357026e-13,0.0,3.729339464830887e-05,3.7199154675400344e-05,0.007458678929661774,0.007439830935080069,0.007439830935080069,"[[0.9980372933946483, 0.0009627066053516912], [0.0009627066053516912, 3.729339464830887e-05]]","[[0.9975371991546755, 0.0019628008453246], [0.0004628008453245996, 3.7199154675400344e-05]]","[[199.60745867892967, 0.19254132107033825], [0.19254132107033825, 0.007458678929661774]]","[[199.5074398309351, 0.39256016906492003], [0.09256016906491993, 0.007439830935080069]]",0.0004910160655427426,0.0004897444456354043
C4_C4_s0p001_i0p0001_n500,C4,C4_s0p001_i0p0001,Rare-cell breakdown ladder,,,500,500,1.0,0.001,0.001,0.0005,0.002,1,1,3.629339464830887e-05,3.6199154675400347e-05,9.999999967383322e-05,9.999999996504298e-05,-2.912097646357026e-13,0.0,3.729339464830887e-05,3.7199154675400344e-05,0.018646697324154433,0.018599577337700172,0.018599577337700172,"[[0.9980372933946483, 0.0009627066053516912], [0.0009627066053516912, 3.729339464830887e-05]]","[[0.9975371991546755, 0.0019628008453246], [0.0004628008453245996, 3.7199154675400344e-05]]","[[499.01864669732413, 0.4813533026758456], [0.4813533026758456, 0.018646697324154433]]","[[498.7685995773378, 0.9814004226623], [0.23140042266229982, 0.018599577337700172]]",0.0004910160655427426,0.0004897444456354043
C4_C4_s0p001_i0p0001_n1000,C4,C4_s0p001_i0p0001,Rare-cell breakdown ladder,,,1000,1000,1.0,0.001,0.001,0.0005,0.002,1,1,3.629339464830887e-05,3.6199154675400347e-05,9.999999967383322e-05,9.999999996504298e-05,-2.912097646357026e-13,0.0,3.729339464830887e-05,3.7199154675400344e-05,0.037293394648308865,0.037199154675400345,0.037199154675400345,"[[0.9980372933946483, 0.0009627066053516912], [0.0009627066053516912, 3.729339464830887e-05]]","[[0.9975371991546755, 0.0019628008453246], [0.0004628008453245996, 3.7199154675400344e-05]]","[[998.0372933946483, 0.9627066053516912], [0.9627066053516912, 0.037293394648308865]]","[[997.5371991546756, 1.9628008453246], [0.46280084532459964, 0.037199154675400345]]",0.0004910160655427426,0.0004897444456354043
P1_balanced_mild_dim0p04_n10,P1,balanced_mild_dim0p04,Balanced/mild power family,balanced_mild,balanced_mild_np10_nq10,10,10,1.0,0.5,0.5,0.3,0.4,1,1,0.07839079918248305,0.031915955607220596,0.0499999999999996,0.009999999999999343,0.04000000000000026,-0.04,0.17160920081751696,0.1480840443927794,1.7160920081751696,1.4808404439277938,1.4808404439277938,"[[0.32839079918248304, 0.17160920081751696], [0.17160920081751696, 0.32839079918248304]]","[[0.4519159556072206, 0.24808404439277937], [0.1480840443927794, 0.1519159556072206]]","[[3.2839079918248304, 1.7160920081751696], [1.7160920081751696, 3.2839079918248304]]","[[4.519159556072206, 2.480840443927794], [1.4808404439277938, 1.519159556072206]]",0.09494241304247028,0.02004819181517319
P1_balanced_mild_dim0p04_n20,P1,balanced_mild_dim0p04,Balanced/mild power family,balanced_mild,balanced_mild_np20_nq20,20,20,1.0,0.5,0.5,0.3,0.4,1,1,0.07839079918248305,0.031915955607220596,0.0499999999999996,0.009999999999999343,0.04000000000000026,-0.04,0.17160920081751696,0.1480840443927794,3.432184016350339,2.9616808878555876,2.9616808878555876,"[[0.32839079918248304, 0.17160920081751696], [0.17160920081751696, 0.32839079918248304]]","[[0.4519159556072206, 0.24808404439277937], [0.1480840443927794, 0.1519159556072206]]","[[6.567815983649661, 3.432184016350339], [3.432184016350339, 6.567815983649661]]","[[9.038319112144412, 4.961680887855588], [2.9616808878555876, 3.038319112144412]]",0.09494241304247028,0.02004819181517319
P1_balanced_mild_dim0p04_n30,P1,balanced_mild_dim0p04,Balanced/mild power family,balanced_mild,balanced_mild_np30_nq30,30,30,1.0,0.5,0.5,0.3,0.4,1,1,0.07839079918248305,0.031915955607220596,0.0499999999999996,0.009999999999999343,0.04000000000000026,-0.04,0.17160920081751696,0.1480840443927794,5.148276024525509,4.442521331783381,4.442521331783381,"[[0.32839079918248304, 0.17160920081751696], [0.17160920081751696, 0.32839079918248304]]","[[0.4519159556072206, 0.24808404439277937], [0.1480840443927794, 0.1519159556072206]]","[[9.851723975474492, 5.148276024525509], [5.148276024525509, 9.851723975474492]]","[[13.557478668216618, 7.442521331783381], [4.442521331783381, 4.557478668216618]]",0.09494241304247028,0.02004819181517319
P1_balanced_mild_dim0p04_n50,P1,balanced_mild_dim0p04,Balanced/mild power family,balanced_mild,balanced_mild_np50_nq50,50,50,1.0,0.5,0.5,0.3,0.4,1,1,0.07839079918248305,0.031915955607220596,0.0499999999999996,0.009999999999999343,0.04000000000000026,-0.04,0.17160920081751696,0.1480840443927794,8.580460040875849,7.40420221963897,7.40420221963897,"[[0.32839079918248304, 0.17160920081751696], [0.17160920081751696, 0.32839079918248304]]","[[0.4519159556072206, 0.24808404439277937], [0.1480840443927794, 0.1519159556072206]]","[[16.41953995912415, 8.580460040875849], [8.580460040875849, 16.41953995912415]]","[[22.59579778036103, 12.404202219638968], [7.40420221963897, 7.59579778036103]]",0.09494241304247028,0.02004819181517319
P1_balanced_mild_dim0p04_n100,P1,balanced_mild_dim0p04,Balanced/mild power family,balanced_mild,balanced_mild_np100_nq100,100,100,1.0,0.5,0.5,0.3,0.4,1,1,0.07839079918248305,0.031915955607220596,0.0499999999999996,0.009999999999999343,0.04000000000000026,-0.04,0.17160920081751696,0.1480840443927794,17.160920081751698,14.80840443927794,14.80840443927794,"[[0.32839079918248304, 0.17160920081751696], [0.17160920081751696, 0.32839079918248304]]","[[0.4519159556072206, 0.24808404439277937], [0.1480840443927794, 0.1519159556072206]]","[[32.8390799182483, 17.160920081751698], [17.160920081751698, 32.8390799182483]]","[[45.19159556072206, 24.808404439277936], [14.80840443927794, 15.19159556072206]]",0.09494241304247028,0.02004819181517319
P1_balanced_mild_dim0p04_n200,P1,balanced_mild_dim0p04,Balanced/mild power family,balanced_mild,balanced_mild_np200_nq200,200,200,1.0,0.5,0.5,0.3,0.4,1,1,0.07839079918248305,0.031915955607220596,0.0499999999999996,0.009999999999999343,0.04000000000000026,-0.04,0.17160920081751696,0.1480840443927794,34.321840163503396,29.61680887855588,29.61680887855588,"[[0.32839079918248304, 0.17160920081751696], [0.17160920081751696, 0.32839079918248304]]","[[0.4519159556072206, 0.24808404439277937], [0.1480840443927794, 0.1519159556072206]]","[[65.6781598364966, 34.321840163503396], [34.321840163503396, 65.6781598364966]]","[[90.38319112144411, 49.61680887855587], [29.61680887855588, 30.38319112144412]]",0.09494241304247028,0.02004819181517319
P1_balanced_mild_dim0p04_n500,P1,balanced_mild_dim0p04,Balanced/mild power family,balanced_mild,balanced_mild_np500_nq500,500,500,1.0,0.5,0.5,0.3,0.4,1,1,0.07839079918248305,0.031915955607220596,0.0499999999999996,0.009999999999999343,0.04000000000000026,-0.04,0.17160920081751696,0.1480840443927794,85.80460040875847,74.0420221963897,74.0420221963897,"[[0.32839079918248304, 0.17160920081751696], [0.17160920081751696, 0.32839079918248304]]","[[0.4519159556072206, 0.24808404439277937], [0.1480840443927794, 0.1519159556072206]]","[[164.1953995912415, 85.80460040875847], [85.80460040875847, 164.1953995912415]]","[[225.9579778036103, 124.04202219638968], [74.0420221963897, 75.9579778036103]]",0.09494241304247028,0.02004819181517319
P1_balanced_mild_dim0p04_n1000,P1,balanced_mild_dim0p04,Balanced/mild power family,balanced_mild,balanced_mild_np1000_nq1000,1000,1000,1.0,0.5,0.5,0.3,0.4,1,1,0.07839079918248305,0.031915955607220596,0.0499999999999996,0.009999999999999343,0.04000000000000026,-0.04,0.17160920081751696,0.1480840443927794,171.60920081751695,148.0840443927794,148.0840443927794,"[[0.32839079918248304, 0.17160920081751696], [0.17160920081751696, 0.32839079918248304]]","[[0.4519159556072206, 0.24808404439277937], [0.1480840443927794, 0.1519159556072206]]","[[328.390799182483, 171.60920081751695], [171.60920081751695, 328.390799182483]]","[[451.9159556072206, 248.08404439277936], [148.0840443927794, 151.9159556072206]]",0.09494241304247028,0.02004819181517319
P1_balanced_mild_dim0p025_n10,P1,balanced_mild_dim0p025,Balanced/mild power family,balanced_mild,balanced_mild_np10_nq10,10,10,1.0,0.5,0.5,0.3,0.4,1,1,0.07839079918248305,0.050477358903335545,0.0499999999999996,0.024999999999998468,0.025000000000001132,-0.025,0.17160920081751696,0.12952264109666445,1.7160920081751696,1.2952264109666445,1.2952264109666445,"[[0.32839079918248304, 0.17160920081751696], [0.17160920081751696, 0.32839079918248304]]","[[0.47047735890333553, 0.22952264109666443], [0.12952264109666445, 0.17047735890333554]]","[[3.2839079918248304, 1.7160920081751696], [1.7160920081751696, 3.2839079918248304]]","[[4.704773589033355, 2.2952264109666443], [1.2952264109666445, 1.7047735890333553]]",0.09494241304247028,0.04954955578170432
P1_balanced_mild_dim0p025_n20,P1,balanced_mild_dim0p025,Balanced/mild power family,balanced_mild,balanced_mild_np20_nq20,20,20,1.0,0.5,0.5,0.3,0.4,1,1,0.07839079918248305,0.050477358903335545,0.0499999999999996,0.024999999999998468,0.025000000000001132,-0.025,0.17160920081751696,0.12952264109666445,3.432184016350339,2.590452821933289,2.590452821933289,"[[0.32839079918248304, 0.17160920081751696], [0.17160920081751696, 0.32839079918248304]]","[[0.47047735890333553, 0.22952264109666443], [0.12952264109666445, 0.17047735890333554]]","[[6.567815983649661, 3.432184016350339], [3.432184016350339, 6.567815983649661]]","[[9.40954717806671, 4.5904528219332885], [2.590452821933289, 3.4095471780667106]]",0.09494241304247028,0.04954955578170432
P1_balanced_mild_dim0p025_n30,P1,balanced_mild_dim0p025,Balanced/mild power family,balanced_mild,balanced_mild_np30_nq30,30,30,1.0,0.5,0.5,0.3,0.4,1,1,0.07839079918248305,0.050477358903335545,0.0499999999999996,0.024999999999998468,0.025000000000001132,-0.025,0.17160920081751696,0.12952264109666445,5.148276024525509,3.8856792328999337,3.8856792328999337,"[[0.32839079918248304, 0.17160920081751696], [0.17160920081751696, 0.32839079918248304]]","[[0.47047735890333553, 0.22952264109666443], [0.12952264109666445, 0.17047735890333554]]","[[9.851723975474492, 5.148276024525509], [5.148276024525509, 9.851723975474492]]","[[14.114320767100066, 6.885679232899933], [3.8856792328999337, 5.114320767100066]]",0.09494241304247028,0.04954955578170432
P1_balanced_mild_dim0p025_n50,P1,balanced_mild_dim0p025,Balanced/mild power family,balanced_mild,balanced_mild_np50_nq50,50,50,1.0,0.5,0.5,0.3,0.4,1,1,0.07839079918248305,0.050477358903335545,0.0499999999999996,0.024999999999998468,0.025000000000001132,-0.025,0.17160920081751696,0.12952264109666445,8.580460040875849,6.476132054833222,6.476132054833222,"[[0.32839079918248304, 0.17160920081751696], [0.17160920081751696, 0.32839079918248304]]","[[0.47047735890333553, 0.22952264109666443], [0.12952264109666445, 0.17047735890333554]]","[[16.41953995912415, 8.580460040875849], [8.580460040875849, 16.41953995912415]]","[[23.523867945166778, 11.476132054833222], [6.476132054833222, 8.523867945166778]]",0.09494241304247028,0.04954955578170432
P1_balanced_mild_dim0p025_n100,P1,balanced_mild_dim0p025,Balanced/mild power family,balanced_mild,balanced_mild_np100_nq100,100,100,1.0,0.5,0.5,0.3,0.4,1,1,0.07839079918248305,0.050477358903335545,0.0499999999999996,0.024999999999998468,0.025000000000001132,-0.025,0.17160920081751696,0.12952264109666445,17.160920081751698,12.952264109666444,12.952264109666444,"[[0.32839079918248304, 0.17160920081751696], [0.17160920081751696, 0.32839079918248304]]","[[0.47047735890333553, 0.22952264109666443], [0.12952264109666445, 0.17047735890333554]]","[[32.8390799182483, 17.160920081751698], [17.160920081751698, 32.8390799182483]]","[[47.047735890333556, 22.952264109666444], [12.952264109666444, 17.047735890333556]]",0.09494241304247028,0.04954955578170432
P1_balanced_mild_dim0p025_n200,P1,balanced_mild_dim0p025,Balanced/mild power family,balanced_mild,balanced_mild_np200_nq200,200,200,1.0,0.5,0.5,0.3,0.4,1,1,0.07839079918248305,0.050477358903335545,0.0499999999999996,0.024999999999998468,0.025000000000001132,-0.025,0.17160920081751696,0.12952264109666445,34.321840163503396,25.90452821933289,25.90452821933289,"[[0.32839079918248304, 0.17160920081751696], [0.17160920081751696, 0.32839079918248304]]","[[0.47047735890333553, 0.22952264109666443], [0.12952264109666445, 0.17047735890333554]]","[[65.6781598364966, 34.321840163503396], [34.321840163503396, 65.6781598364966]]","[[94.09547178066711, 45.90452821933289], [25.90452821933289, 34.09547178066711]]",0.09494241304247028,0.04954955578170432
P1_balanced_mild_dim0p025_n500,P1,balanced_mild_dim0p025,Balanced/mild power family,balanced_mild,balanced_mild_np500_nq500,500,500,1.0,0.5,0.5,0.3,0.4,1,1,0.07839079918248305,0.050477358903335545,0.0499999999999996,0.024999999999998468,0.025000000000001132,-0.025,0.17160920081751696,0.12952264109666445,85.80460040875847,64.76132054833222,64.76132054833222,"[[0.32839079918248304, 0.17160920081751696], [0.17160920081751696, 0.32839079918248304]]","[[0.47047735890333553, 0.22952264109666443], [0.12952264109666445, 0.17047735890333554]]","[[164.1953995912415, 85.80460040875847], [85.80460040875847, 164.1953995912415]]","[[235.23867945166776, 114.76132054833221], [64.76132054833222, 85.23867945166776]]",0.09494241304247028,0.04954955578170432
P1_balanced_mild_dim0p025_n1000,P1,balanced_mild_dim0p025,Balanced/mild power family,balanced_mild,balanced_mild_np1000_nq1000,1000,1000,1.0,0.5,0.5,0.3,0.4,1,1,0.07839079918248305,0.050477358903335545,0.0499999999999996,0.024999999999998468,0.025000000000001132,-0.025,0.17160920081751696,0.12952264109666445,171.60920081751695,129.52264109666444,129.52264109666444,"[[0.32839079918248304, 0.17160920081751696], [0.17160920081751696, 0.32839079918248304]]","[[0.47047735890333553, 0.22952264109666443], [0.12952264109666445, 0.17047735890333554]]","[[328.390799182483, 171.60920081751695], [171.60920081751695, 328.390799182483]]","[[470.4773589033355, 229.52264109666442], [129.52264109666444, 170.47735890333553]]",0.09494241304247028,0.04954955578170432
P1_balanced_mild_dim0p01_n10,P1,balanced_mild_dim0p01,Balanced/mild power family,balanced_mild,balanced_mild_np10_nq10,10,10,1.0,0.5,0.5,0.3,0.4,1,1,0.07839079918248305,0.06378310917998815,0.0499999999999996,0.04000000000000059,0.00999999999999901,-0.01,0.17160920081751696,0.11621689082001184,1.7160920081751696,1.1621689082001183,1.1621689082001183,"[[0.32839079918248304, 0.17160920081751696], [0.17160920081751696, 0.32839079918248304]]","[[0.4837831091799881, 0.21621689082001183], [0.11621689082001184, 0.18378310917998814]]","[[3.2839079918248304, 1.7160920081751696], [1.7160920081751696, 3.2839079918248304]]","[[4.837831091799881, 2.162168908200118], [1.1621689082001183, 1.8378310917998815]]",0.09494241304247028,0.0781573854748172
P1_balanced_mild_dim0p01_n20,P1,balanced_mild_dim0p01,Balanced/mild power family,balanced_mild,balanced_mild_np20_nq20,20,20,1.0,0.5,0.5,0.3,0.4,1,1,0.07839079918248305,0.06378310917998815,0.0499999999999996,0.04000000000000059,0.00999999999999901,-0.01,0.17160920081751696,0.11621689082001184,3.432184016350339,2.3243378164002366,2.3243378164002366,"[[0.32839079918248304, 0.17160920081751696], [0.17160920081751696, 0.32839079918248304]]","[[0.4837831091799881, 0.21621689082001183], [0.11621689082001184, 0.18378310917998814]]","[[6.567815983649661, 3.432184016350339], [3.432184016350339, 6.567815983649661]]","[[9.675662183599762, 4.324337816400236], [2.3243378164002366, 3.675662183599763]]",0.09494241304247028,0.0781573854748172
P1_balanced_mild_dim0p01_n30,P1,balanced_mild_dim0p01,Balanced/mild power family,balanced_mild,balanced_mild_np30_nq30,30,30,1.0,0.5,0.5,0.3,0.4,1,1,0.07839079918248305,0.06378310917998815,0.0499999999999996,0.04000000000000059,0.00999999999999901,-0.01,0.17160920081751696,0.11621689082001184,5.148276024525509,3.486506724600355,3.486506724600355,"[[0.32839079918248304, 0.17160920081751696], [0.17160920081751696, 0.32839079918248304]]","[[0.4837831091799881, 0.21621689082001183], [0.11621689082001184, 0.18378310917998814]]","[[9.851723975474492, 5.148276024525509], [5.148276024525509, 9.851723975474492]]","[[14.513493275399643, 6.486506724600355], [3.486506724600355, 5.513493275399644]]",0.09494241304247028,0.0781573854748172
P1_balanced_mild_dim0p01_n50,P1,balanced_mild_dim0p01,Balanced/mild power family,balanced_mild,balanced_mild_np50_nq50,50,50,1.0,0.5,0.5,0.3,0.4,1,1,0.07839079918248305,0.06378310917998815,0.0499999999999996,0.04000000000000059,0.00999999999999901,-0.01,0.17160920081751696,0.11621689082001184,8.580460040875849,5.810844541000592,5.810844541000592,"[[0.32839079918248304, 0.17160920081751696], [0.17160920081751696, 0.32839079918248304]]","[[0.4837831091799881, 0.21621689082001183], [0.11621689082001184, 0.18378310917998814]]","[[16.41953995912415, 8.580460040875849], [8.580460040875849, 16.41953995912415]]","[[24.189155458999405, 10.810844541000591], [5.810844541000592, 9.189155458999407]]",0.09494241304247028,0.0781573854748172
P1_balanced_mild_dim0p01_n100,P1,balanced_mild_dim0p01,Balanced/mild power family,balanced_mild,balanced_mild_np100_nq100,100,100,1.0,0.5,0.5,0.3,0.4,1,1,0.07839079918248305,0.06378310917998815,0.0499999999999996,0.04000000000000059,0.00999999999999901,-0.01,0.17160920081751696,0.11621689082001184,17.160920081751698,11.621689082001184,11.621689082001184,"[[0.32839079918248304, 0.17160920081751696], [0.17160920081751696, 0.32839079918248304]]","[[0.4837831091799881, 0.21621689082001183], [0.11621689082001184, 0.18378310917998814]]","[[32.8390799182483, 17.160920081751698], [17.160920081751698, 32.8390799182483]]","[[48.37831091799881, 21.621689082001183], [11.621689082001184, 18.378310917998814]]",0.09494241304247028,0.0781573854748172
P1_balanced_mild_dim0p01_n200,P1,balanced_mild_dim0p01,Balanced/mild power family,balanced_mild,balanced_mild_np200_nq200,200,200,1.0,0.5,0.5,0.3,0.4,1,1,0.07839079918248305,0.06378310917998815,0.0499999999999996,0.04000000000000059,0.00999999999999901,-0.01,0.17160920081751696,0.11621689082001184,34.321840163503396,23.24337816400237,23.24337816400237,"[[0.32839079918248304, 0.17160920081751696], [0.17160920081751696, 0.32839079918248304]]","[[0.4837831091799881, 0.21621689082001183], [0.11621689082001184, 0.18378310917998814]]","[[65.6781598364966, 34.321840163503396], [34.321840163503396, 65.6781598364966]]","[[96.75662183599762, 43.243378164002365], [23.24337816400237, 36.75662183599763]]",0.09494241304247028,0.0781573854748172
P1_balanced_mild_dim0p01_n500,P1,balanced_mild_dim0p01,Balanced/mild power family,balanced_mild,balanced_mild_np500_nq500,500,500,1.0,0.5,0.5,0.3,0.4,1,1,0.07839079918248305,0.06378310917998815,0.0499999999999996,0.04000000000000059,0.00999999999999901,-0.01,0.17160920081751696,0.11621689082001184,85.80460040875847,58.10844541000592,58.10844541000592,"[[0.32839079918248304, 0.17160920081751696], [0.17160920081751696, 0.32839079918248304]]","[[0.4837831091799881, 0.21621689082001183], [0.11621689082001184, 0.18378310917998814]]","[[164.1953995912415, 85.80460040875847], [85.80460040875847, 164.1953995912415]]","[[241.89155458999406, 108.10844541000591], [58.10844541000592, 91.89155458999407]]",0.09494241304247028,0.0781573854748172
P1_balanced_mild_dim0p01_n1000,P1,balanced_mild_dim0p01,Balanced/mild power family,balanced_mild,balanced_mild_np1000_nq1000,1000,1000,1.0,0.5,0.5,0.3,0.4,1,1,0.07839079918248305,0.06378310917998815,0.0499999999999996,0.04000000000000059,0.00999999999999901,-0.01,0.17160920081751696,0.11621689082001184,171.60920081751695,116.21689082001184,116.21689082001184,"[[0.32839079918248304, 0.17160920081751696], [0.17160920081751696, 0.32839079918248304]]","[[0.4837831091799881, 0.21621689082001183], [0.11621689082001184, 0.18378310917998814]]","[[328.390799182483, 171.60920081751695], [171.60920081751695, 328.390799182483]]","[[483.7831091799881, 216.21689082001183], [116.21689082001184, 183.78310917998814]]",0.09494241304247028,0.0781573854748172
P1_balanced_mild_dim0p005_n10,P1,balanced_mild_dim0p005,Balanced/mild power family,balanced_mild,balanced_mild_np10_nq10,10,10,1.0,0.5,0.5,0.3,0.4,1,1,0.07839079918248305,0.06761870349177418,0.0499999999999996,0.0449999999998153,0.0050000000001843015,-0.005,0.17160920081751696,0.11238129650822581,1.7160920081751696,1.1238129650822581,1.1238129650822581,"[[0.32839079918248304, 0.17160920081751696], [0.17160920081751696, 0.32839079918248304]]","[[0.48761870349177416, 0.2123812965082258], [0.11238129650822581, 0.18761870349177417]]","[[3.2839079918248304, 1.7160920081751696], [1.7160920081751696, 3.2839079918248304]]","[[4.876187034917741, 2.1238129650822577], [1.1238129650822581, 1.8761870349177419]]",0.09494241304247028,0.08747878916388666
P1_balanced_mild_dim0p005_n20,P1,balanced_mild_dim0p005,Balanced/mild power family,balanced_mild,balanced_mild_np20_nq20,20,20,1.0,0.5,0.5,0.3,0.4,1,1,0.07839079918248305,0.06761870349177418,0.0499999999999996,0.0449999999998153,0.0050000000001843015,-0.005,0.17160920081751696,0.11238129650822581,3.432184016350339,2.2476259301645163,2.2476259301645163,"[[0.32839079918248304, 0.17160920081751696], [0.17160920081751696, 0.32839079918248304]]","[[0.48761870349177416, 0.2123812965082258], [0.11238129650822581, 0.18761870349177417]]","[[6.567815983649661, 3.432184016350339], [3.432184016350339, 6.567815983649661]]","[[9.752374069835483, 4.247625930164515], [2.2476259301645163, 3.7523740698354837]]",0.09494241304247028,0.08747878916388666
P1_balanced_mild_dim0p005_n30,P1,balanced_mild_dim0p005,Balanced/mild power family,balanced_mild,balanced_mild_np30_nq30,30,30,1.0,0.5,0.5,0.3,0.4,1,1,0.07839079918248305,0.06761870349177418,0.0499999999999996,0.0449999999998153,0.0050000000001843015,-0.005,0.17160920081751696,0.11238129650822581,5.148276024525509,3.3714388952467744,3.3714388952467744,"[[0.32839079918248304, 0.17160920081751696], [0.17160920081751696, 0.32839079918248304]]","[[0.48761870349177416, 0.2123812965082258], [0.11238129650822581, 0.18761870349177417]]","[[9.851723975474492, 5.148276024525509], [5.148276024525509, 9.851723975474492]]","[[14.628561104753224, 6.371438895246774], [3.3714388952467744, 5.628561104753225]]",0.09494241304247028,0.08747878916388666
P1_balanced_mild_dim0p005_n50,P1,balanced_mild_dim0p005,Balanced/mild power family,balanced_mild,balanced_mild_np50_nq50,50,50,1.0,0.5,0.5,0.3,0.4,1,1,0.07839079918248305,0.06761870349177418,0.0499999999999996,0.0449999999998153,0.0050000000001843015,-0.005,0.17160920081751696,0.11238129650822581,8.580460040875849,5.619064825411291,5.619064825411291,"[[0.32839079918248304, 0.17160920081751696], [0.17160920081751696, 0.32839079918248304]]","[[0.48761870349177416, 0.2123812965082258], [0.11238129650822581, 0.18761870349177417]]","[[16.41953995912415, 8.580460040875849], [8.580460040875849, 16.41953995912415]]","[[24.380935174588707, 10.61906482541129], [5.619064825411291, 9.380935174588709]]",0.09494241304247028,0.08747878916388666
P1_balanced_mild_dim0p005_n100,P1,balanced_mild_dim0p005,Balanced/mild power family,balanced_mild,balanced_mild_np100_nq100,100,100,1.0,0.5,0.5,0.3,0.4,1,1,0.07839079918248305,0.06761870349177418,0.0499999999999996,0.0449999999998153,0.0050000000001843015,-0.005,0.17160920081751696,0.11238129650822581,17.160920081751698,11.238129650822582,11.238129650822582,"[[0.32839079918248304, 0.17160920081751696], [0.17160920081751696, 0.32839079918248304]]","[[0.48761870349177416, 0.2123812965082258], [0.11238129650822581, 0.18761870349177417]]","[[32.8390799182483, 17.160920081751698], [17.160920081751698, 32.8390799182483]]","[[48.761870349177414, 21.23812965082258], [11.238129650822582, 18.761870349177418]]",0.09494241304247028,0.08747878916388666
P1_balanced_mild_dim0p005_n200,P1,balanced_mild_dim0p005,Balanced/mild power family,balanced_mild,balanced_mild_np200_nq200,200,200,1.0,0.5,0.5,0.3,0.4,1,1,0.07839079918248305,0.06761870349177418,0.0499999999999996,0.0449999999998153,0.0050000000001843015,-0.005,0.17160920081751696,0.11238129650822581,34.321840163503396,22.476259301645165,22.476259301645165,"[[0.32839079918248304, 0.17160920081751696], [0.17160920081751696, 0.32839079918248304]]","[[0.48761870349177416, 0.2123812965082258], [0.11238129650822581, 0.18761870349177417]]","[[65.6781598364966, 34.321840163503396], [34.321840163503396, 65.6781598364966]]","[[97.52374069835483, 42.47625930164516], [22.476259301645165, 37.523740698354835]]",0.09494241304247028,0.08747878916388666
P1_balanced_mild_dim0p005_n500,P1,balanced_mild_dim0p005,Balanced/mild power family,balanced_mild,balanced_mild_np500_nq500,500,500,1.0,0.5,0.5,0.3,0.4,1,1,0.07839079918248305,0.06761870349177418,0.0499999999999996,0.0449999999998153,0.0050000000001843015,-0.005,0.17160920081751696,0.11238129650822581,85.80460040875847,56.19064825411291,56.19064825411291,"[[0.32839079918248304, 0.17160920081751696], [0.17160920081751696, 0.32839079918248304]]","[[0.48761870349177416, 0.2123812965082258], [0.11238129650822581, 0.18761870349177417]]","[[164.1953995912415, 85.80460040875847], [85.80460040875847, 164.1953995912415]]","[[243.80935174588708, 106.1906482541129], [56.19064825411291, 93.80935174588708]]",0.09494241304247028,0.08747878916388666
P1_balanced_mild_dim0p005_n1000,P1,balanced_mild_dim0p005,Balanced/mild power family,balanced_mild,balanced_mild_np1000_nq1000,1000,1000,1.0,0.5,0.5,0.3,0.4,1,1,0.07839079918248305,0.06761870349177418,0.0499999999999996,0.0449999999998153,0.0050000000001843015,-0.005,0.17160920081751696,0.11238129650822581,171.60920081751695,112.38129650822582,112.38129650822582,"[[0.32839079918248304, 0.17160920081751696], [0.17160920081751696, 0.32839079918248304]]","[[0.48761870349177416, 0.2123812965082258], [0.11238129650822581, 0.18761870349177417]]","[[328.390799182483, 171.60920081751695], [171.60920081751695, 328.390799182483]]","[[487.61870349177417, 212.3812965082258], [112.38129650822582, 187.61870349177417]]",0.09494241304247028,0.08747878916388666
P1_balanced_mild_di0_n10,P1,balanced_mild_di0,Balanced/mild power family,balanced_mild,balanced_mild_np10_nq10,10,10,1.0,0.5,0.5,0.3,0.4,1,1,0.07839079918248305,0.0712371977070939,0.0499999999999996,0.04999999999997107,2.853273173286652e-14,0.0,0.17160920081751696,0.1087628022929061,1.7160920081751696,1.087628022929061,1.087628022929061,"[[0.32839079918248304, 0.17160920081751696], [0.17160920081751696, 0.32839079918248304]]","[[0.4912371977070939, 0.20876280229290606], [0.1087628022929061, 0.1912371977070939]]","[[3.2839079918248304, 1.7160920081751696], [1.7160920081751696, 3.2839079918248304]]","[[4.912371977070939, 2.0876280229290605], [1.087628022929061, 1.912371977070939]]",0.09494241304247028,0.09668902790081219
P1_balanced_mild_di0_n20,P1,balanced_mild_di0,Balanced/mild power family,balanced_mild,balanced_mild_np20_nq20,20,20,1.0,0.5,0.5,0.3,0.4,1,1,0.07839079918248305,0.0712371977070939,0.0499999999999996,0.04999999999997107,2.853273173286652e-14,0.0,0.17160920081751696,0.1087628022929061,3.432184016350339,2.175256045858122,2.175256045858122,"[[0.32839079918248304, 0.17160920081751696], [0.17160920081751696, 0.32839079918248304]]","[[0.4912371977070939, 0.20876280229290606], [0.1087628022929061, 0.1912371977070939]]","[[6.567815983649661, 3.432184016350339], [3.432184016350339, 6.567815983649661]]","[[9.824743954141878, 4.175256045858121], [2.175256045858122, 3.824743954141878]]",0.09494241304247028,0.09668902790081219
P1_balanced_mild_di0_n30,P1,balanced_mild_di0,Balanced/mild power family,balanced_mild,balanced_mild_np30_nq30,30,30,1.0,0.5,0.5,0.3,0.4,1,1,0.07839079918248305,0.0712371977070939,0.0499999999999996,0.04999999999997107,2.853273173286652e-14,0.0,0.17160920081751696,0.1087628022929061,5.148276024525509,3.2628840687871827,3.2628840687871827,"[[0.32839079918248304, 0.17160920081751696], [0.17160920081751696, 0.32839079918248304]]","[[0.4912371977070939, 0.20876280229290606], [0.1087628022929061, 0.1912371977070939]]","[[9.851723975474492, 5.148276024525509], [5.148276024525509, 9.851723975474492]]","[[14.737115931212816, 6.262884068787182], [3.2628840687871827, 5.737115931212817]]",0.09494241304247028,0.09668902790081219
P1_balanced_mild_di0_n50,P1,balanced_mild_di0,Balanced/mild power family,balanced_mild,balanced_mild_np50_nq50,50,50,1.0,0.5,0.5,0.3,0.4,1,1,0.07839079918248305,0.0712371977070939,0.0499999999999996,0.04999999999997107,2.853273173286652e-14,0.0,0.17160920081751696,0.1087628022929061,8.580460040875849,5.438140114645305,5.438140114645305,"[[0.32839079918248304, 0.17160920081751696], [0.17160920081751696, 0.32839079918248304]]","[[0.4912371977070939, 0.20876280229290606], [0.1087628022929061, 0.1912371977070939]]","[[16.41953995912415, 8.580460040875849], [8.580460040875849, 16.41953995912415]]","[[24.561859885354696, 10.438140114645304], [5.438140114645305, 9.561859885354696]]",0.09494241304247028,0.09668902790081219
P1_balanced_mild_di0_n100,P1,balanced_mild_di0,Balanced/mild power family,balanced_mild,balanced_mild_np100_nq100,100,100,1.0,0.5,0.5,0.3,0.4,1,1,0.07839079918248305,0.0712371977070939,0.0499999999999996,0.04999999999997107,2.853273173286652e-14,0.0,0.17160920081751696,0.1087628022929061,17.160920081751698,10.87628022929061,10.87628022929061,"[[0.32839079918248304, 0.17160920081751696], [0.17160920081751696, 0.32839079918248304]]","[[0.4912371977070939, 0.20876280229290606], [0.1087628022929061, 0.1912371977070939]]","[[32.8390799182483, 17.160920081751698], [17.160920081751698, 32.8390799182483]]","[[49.12371977070939, 20.876280229290607], [10.87628022929061, 19.123719770709393]]",0.09494241304247028,0.09668902790081219
P1_balanced_mild_di0_n200,P1,balanced_mild_di0,Balanced/mild power family,balanced_mild,balanced_mild_np200_nq200,200,200,1.0,0.5,0.5,0.3,0.4,1,1,0.07839079918248305,0.0712371977070939,0.0499999999999996,0.04999999999997107,2.853273173286652e-14,0.0,0.17160920081751696,0.1087628022929061,34.321840163503396,21.75256045858122,21.75256045858122,"[[0.32839079918248304, 0.17160920081751696], [0.17160920081751696, 0.32839079918248304]]","[[0.4912371977070939, 0.20876280229290606], [0.1087628022929061, 0.1912371977070939]]","[[65.6781598364966, 34.321840163503396], [34.321840163503396, 65.6781598364966]]","[[98.24743954141879, 41.752560458581215], [21.75256045858122, 38.247439541418785]]",0.09494241304247028,0.09668902790081219
P1_balanced_mild_di0_n500,P1,balanced_mild_di0,Balanced/mild power family,balanced_mild,balanced_mild_np500_nq500,500,500,1.0,0.5,0.5,0.3,0.4,1,1,0.07839079918248305,0.0712371977070939,0.0499999999999996,0.04999999999997107,2.853273173286652e-14,0.0,0.17160920081751696,0.1087628022929061,85.80460040875847,54.381401146453044,54.381401146453044,"[[0.32839079918248304, 0.17160920081751696], [0.17160920081751696, 0.32839079918248304]]","[[0.4912371977070939, 0.20876280229290606], [0.1087628022929061, 0.1912371977070939]]","[[164.1953995912415, 85.80460040875847], [85.80460040875847, 164.1953995912415]]","[[245.61859885354696, 104.38140114645303], [54.381401146453044, 95.61859885354696]]",0.09494241304247028,0.09668902790081219
P1_balanced_mild_di0_n1000,P1,balanced_mild_di0,Balanced/mild power family,balanced_mild,balanced_mild_np1000_nq1000,1000,1000,1.0,0.5,0.5,0.3,0.4,1,1,0.07839079918248305,0.0712371977070939,0.0499999999999996,0.04999999999997107,2.853273173286652e-14,0.0,0.17160920081751696,0.1087628022929061,171.60920081751695,108.76280229290609,108.76280229290609,"[[0.32839079918248304, 0.17160920081751696], [0.17160920081751696, 0.32839079918248304]]","[[0.4912371977070939, 0.20876280229290606], [0.1087628022929061, 0.1912371977070939]]","[[328.390799182483, 171.60920081751695], [171.60920081751695, 328.390799182483]]","[[491.2371977070939, 208.76280229290606], [108.76280229290609, 191.2371977070939]]",0.09494241304247028,0.09668902790081219
P2_balanced_mild_di0_np20_nq40,P2,balanced_mild_di0,Balanced/mild power family,balanced_mild,balanced_mild_np20_nq40,20,40,2.0,0.5,0.5,0.3,0.4,1,1,0.07839079918248305,0.0712371977070939,0.0499999999999996,0.04999999999997107,2.853273173286652e-14,0.0,0.17160920081751696,0.1087628022929061,3.432184016350339,4.350512091716244,3.432184016350339,"[[0.32839079918248304, 0.17160920081751696], [0.17160920081751696, 0.32839079918248304]]","[[0.4912371977070939, 0.20876280229290606], [0.1087628022929061, 0.1912371977070939]]","[[6.567815983649661, 3.432184016350339], [3.432184016350339, 6.567815983649661]]","[[19.649487908283756, 8.350512091716242], [4.350512091716244, 7.649487908283756]]",0.09494241304247028,0.09668902790081219
P2_balanced_mild_di0_np20_nq100,P2,balanced_mild_di0,Balanced/mild power family,balanced_mild,balanced_mild_np20_nq100,20,100,5.0,0.5,0.5,0.3,0.4,1,1,0.07839079918248305,0.0712371977070939,0.0499999999999996,0.04999999999997107,2.853273173286652e-14,0.0,0.17160920081751696,0.1087628022929061,3.432184016350339,10.87628022929061,3.432184016350339,"[[0.32839079918248304, 0.17160920081751696], [0.17160920081751696, 0.32839079918248304]]","[[0.4912371977070939, 0.20876280229290606], [0.1087628022929061, 0.1912371977070939]]","[[6.567815983649661, 3.432184016350339], [3.432184016350339, 6.567815983649661]]","[[49.12371977070939, 20.876280229290607], [10.87628022929061, 19.123719770709393]]",0.09494241304247028,0.09668902790081219
P2_balanced_mild_di0_np20_nq200,P2,balanced_mild_di0,Balanced/mild power family,balanced_mild,balanced_mild_np20_nq200,20,200,10.0,0.5,0.5,0.3,0.4,1,1,0.07839079918248305,0.0712371977070939,0.0499999999999996,0.04999999999997107,2.853273173286652e-14,0.0,0.17160920081751696,0.1087628022929061,3.432184016350339,21.75256045858122,3.432184016350339,"[[0.32839079918248304, 0.17160920081751696], [0.17160920081751696, 0.32839079918248304]]","[[0.4912371977070939, 0.20876280229290606], [0.1087628022929061, 0.1912371977070939]]","[[6.567815983649661, 3.432184016350339], [3.432184016350339, 6.567815983649661]]","[[98.24743954141879, 41.752560458581215], [21.75256045858122, 38.247439541418785]]",0.09494241304247028,0.09668902790081219
P2_balanced_mild_di0_np50_nq100,P2,balanced_mild_di0,Balanced/mild power family,balanced_mild,balanced_mild_np50_nq100,50,100,2.0,0.5,0.5,0.3,0.4,1,1,0.07839079918248305,0.0712371977070939,0.0499999999999996,0.04999999999997107,2.853273173286652e-14,0.0,0.17160920081751696,0.1087628022929061,8.580460040875849,10.87628022929061,8.580460040875849,"[[0.32839079918248304, 0.17160920081751696], [0.17160920081751696, 0.32839079918248304]]","[[0.4912371977070939, 0.20876280229290606], [0.1087628022929061, 0.1912371977070939]]","[[16.41953995912415, 8.580460040875849], [8.580460040875849, 16.41953995912415]]","[[49.12371977070939, 20.876280229290607], [10.87628022929061, 19.123719770709393]]",0.09494241304247028,0.09668902790081219
P2_balanced_mild_di0_np50_nq250,P2,balanced_mild_di0,Balanced/mild power family,balanced_mild,balanced_mild_np50_nq250,50,250,5.0,0.5,0.5,0.3,0.4,1,1,0.07839079918248305,0.0712371977070939,0.0499999999999996,0.04999999999997107,2.853273173286652e-14,0.0,0.17160920081751696,0.1087628022929061,8.580460040875849,27.190700573226522,8.580460040875849,"[[0.32839079918248304, 0.17160920081751696], [0.17160920081751696, 0.32839079918248304]]","[[0.4912371977070939, 0.20876280229290606], [0.1087628022929061, 0.1912371977070939]]","[[16.41953995912415, 8.580460040875849], [8.580460040875849, 16.41953995912415]]","[[122.80929942677348, 52.190700573226515], [27.190700573226522, 47.80929942677348]]",0.09494241304247028,0.09668902790081219
P2_balanced_mild_di0_np50_nq500,P2,balanced_mild_di0,Balanced/mild power family,balanced_mild,balanced_mild_np50_nq500,50,500,10.0,0.5,0.5,0.3,0.4,1,1,0.07839079918248305,0.0712371977070939,0.0499999999999996,0.04999999999997107,2.853273173286652e-14,0.0,0.17160920081751696,0.1087628022929061,8.580460040875849,54.381401146453044,8.580460040875849,"[[0.32839079918248304, 0.17160920081751696], [0.17160920081751696, 0.32839079918248304]]","[[0.4912371977070939, 0.20876280229290606], [0.1087628022929061, 0.1912371977070939]]","[[16.41953995912415, 8.580460040875849], [8.580460040875849, 16.41953995912415]]","[[245.61859885354696, 104.38140114645303], [54.381401146453044, 95.61859885354696]]",0.09494241304247028,0.09668902790081219
P2_balanced_mild_di0_np100_nq200,P2,balanced_mild_di0,Balanced/mild power family,balanced_mild,balanced_mild_np100_nq200,100,200,2.0,0.5,0.5,0.3,0.4,1,1,0.07839079918248305,0.0712371977070939,0.0499999999999996,0.04999999999997107,2.853273173286652e-14,0.0,0.17160920081751696,0.1087628022929061,17.160920081751698,21.75256045858122,17.160920081751698,"[[0.32839079918248304, 0.17160920081751696], [0.17160920081751696, 0.32839079918248304]]","[[0.4912371977070939, 0.20876280229290606], [0.1087628022929061, 0.1912371977070939]]","[[32.8390799182483, 17.160920081751698], [17.160920081751698, 32.8390799182483]]","[[98.24743954141879, 41.752560458581215], [21.75256045858122, 38.247439541418785]]",0.09494241304247028,0.09668902790081219
P2_balanced_mild_di0_np100_nq500,P2,balanced_mild_di0,Balanced/mild power family,balanced_mild,balanced_mild_np100_nq500,100,500,5.0,0.5,0.5,0.3,0.4,1,1,0.07839079918248305,0.0712371977070939,0.0499999999999996,0.04999999999997107,2.853273173286652e-14,0.0,0.17160920081751696,0.1087628022929061,17.160920081751698,54.381401146453044,17.160920081751698,"[[0.32839079918248304, 0.17160920081751696], [0.17160920081751696, 0.32839079918248304]]","[[0.4912371977070939, 0.20876280229290606], [0.1087628022929061, 0.1912371977070939]]","[[32.8390799182483, 17.160920081751698], [17.160920081751698, 32.8390799182483]]","[[245.61859885354696, 104.38140114645303], [54.381401146453044, 95.61859885354696]]",0.09494241304247028,0.09668902790081219
P2_balanced_mild_di0_np100_nq1000,P2,balanced_mild_di0,Balanced/mild power family,balanced_mild,balanced_mild_np100_nq1000,100,1000,10.0,0.5,0.5,0.3,0.4,1,1,0.07839079918248305,0.0712371977070939,0.0499999999999996,0.04999999999997107,2.853273173286652e-14,0.0,0.17160920081751696,0.1087628022929061,17.160920081751698,108.76280229290609,17.160920081751698,"[[0.32839079918248304, 0.17160920081751696], [0.17160920081751696, 0.32839079918248304]]","[[0.4912371977070939, 0.20876280229290606], [0.1087628022929061, 0.1912371977070939]]","[[32.8390799182483, 17.160920081751698], [17.160920081751698, 32.8390799182483]]","[[491.2371977070939, 208.76280229290606], [108.76280229290609, 191.2371977070939]]",0.09494241304247028,0.09668902790081219
P1_balanced_mild_di0p005_n10,P1,balanced_mild_di0p005,Balanced/mild power family,balanced_mild,balanced_mild_np10_nq10,10,10,1.0,0.5,0.5,0.3,0.4,1,1,0.07839079918248305,0.07466962626429181,0.0499999999999996,0.054999999999995164,-0.0049999999999955635,0.005,0.17160920081751696,0.10533037373570818,1.7160920081751696,1.0533037373570817,1.0533037373570817,"[[0.32839079918248304, 0.17160920081751696], [0.17160920081751696, 0.32839079918248304]]","[[0.4946696262642918, 0.20533037373570817], [0.10533037373570818, 0.1946696262642918]]","[[3.2839079918248304, 1.7160920081751696], [1.7160920081751696, 3.2839079918248304]]","[[4.946696262642918, 2.0533037373570817], [1.0533037373570817, 1.9466962626429178]]",0.09494241304247028,0.10578612167044749
P1_balanced_mild_di0p005_n20,P1,balanced_mild_di0p005,Balanced/mild power family,balanced_mild,balanced_mild_np20_nq20,20,20,1.0,0.5,0.5,0.3,0.4,1,1,0.07839079918248305,0.07466962626429181,0.0499999999999996,0.054999999999995164,-0.0049999999999955635,0.005,0.17160920081751696,0.10533037373570818,3.432184016350339,2.1066074747141634,2.1066074747141634,"[[0.32839079918248304, 0.17160920081751696], [0.17160920081751696, 0.32839079918248304]]","[[0.4946696262642918, 0.20533037373570817], [0.10533037373570818, 0.1946696262642918]]","[[6.567815983649661, 3.432184016350339], [3.432184016350339, 6.567815983649661]]","[[9.893392525285837, 4.106607474714163], [2.1066074747141634, 3.8933925252858357]]",0.09494241304247028,0.10578612167044749
P1_balanced_mild_di0p005_n30,P1,balanced_mild_di0p005,Balanced/mild power family,balanced_mild,balanced_mild_np30_nq30,30,30,1.0,0.5,0.5,0.3,0.4,1,1,0.07839079918248305,0.07466962626429181,0.0499999999999996,0.054999999999995164,-0.0049999999999955635,0.005,0.17160920081751696,0.10533037373570818,5.148276024525509,3.1599112120712456,3.1599112120712456,"[[0.32839079918248304, 0.17160920081751696], [0.17160920081751696, 0.32839079918248304]]","[[0.4946696262642918, 0.20533037373570817], [0.10533037373570818, 0.1946696262642918]]","[[9.851723975474492, 5.148276024525509], [5.148276024525509, 9.851723975474492]]","[[14.840088787928753, 6.159911212071245], [3.1599112120712456, 5.840088787928754]]",0.09494241304247028,0.10578612167044749
P1_balanced_mild_di0p005_n50,P1,balanced_mild_di0p005,Balanced/mild power family,balanced_mild,balanced_mild_np50_nq50,50,50,1.0,0.5,0.5,0.3,0.4,1,1,0.07839079918248305,0.07466962626429181,0.0499999999999996,0.054999999999995164,-0.0049999999999955635,0.005,0.17160920081751696,0.10533037373570818,8.580460040875849,5.266518686785409,5.266518686785409,"[[0.32839079918248304, 0.17160920081751696], [0.17160920081751696, 0.32839079918248304]]","[[0.4946696262642918, 0.20533037373570817], [0.10533037373570818, 0.1946696262642918]]","[[16.41953995912415, 8.580460040875849], [8.580460040875849, 16.41953995912415]]","[[24.73348131321459, 10.266518686785409], [5.266518686785409, 9.73348131321459]]",0.09494241304247028,0.10578612167044749
P1_balanced_mild_di0p005_n100,P1,balanced_mild_di0p005,Balanced/mild power family,balanced_mild,balanced_mild_np100_nq100,100,100,1.0,0.5,0.5,0.3,0.4,1,1,0.07839079918248305,0.07466962626429181,0.0499999999999996,0.054999999999995164,-0.0049999999999955635,0.005,0.17160920081751696,0.10533037373570818,17.160920081751698,10.533037373570817,10.533037373570817,"[[0.32839079918248304, 0.17160920081751696], [0.17160920081751696, 0.32839079918248304]]","[[0.4946696262642918, 0.20533037373570817], [0.10533037373570818, 0.1946696262642918]]","[[32.8390799182483, 17.160920081751698], [17.160920081751698, 32.8390799182483]]","[[49.46696262642918, 20.533037373570817], [10.533037373570817, 19.46696262642918]]",0.09494241304247028,0.10578612167044749
P1_balanced_mild_di0p005_n200,P1,balanced_mild_di0p005,Balanced/mild power family,balanced_mild,balanced_mild_np200_nq200,200,200,1.0,0.5,0.5,0.3,0.4,1,1,0.07839079918248305,0.07466962626429181,0.0499999999999996,0.054999999999995164,-0.0049999999999955635,0.005,0.17160920081751696,0.10533037373570818,34.321840163503396,21.066074747141634,21.066074747141634,"[[0.32839079918248304, 0.17160920081751696], [0.17160920081751696, 0.32839079918248304]]","[[0.4946696262642918, 0.20533037373570817], [0.10533037373570818, 0.1946696262642918]]","[[65.6781598364966, 34.321840163503396], [34.321840163503396, 65.6781598364966]]","[[98.93392525285836, 41.066074747141634], [21.066074747141634, 38.93392525285836]]",0.09494241304247028,0.10578612167044749
P1_balanced_mild_di0p005_n500,P1,balanced_mild_di0p005,Balanced/mild power family,balanced_mild,balanced_mild_np500_nq500,500,500,1.0,0.5,0.5,0.3,0.4,1,1,0.07839079918248305,0.07466962626429181,0.0499999999999996,0.054999999999995164,-0.0049999999999955635,0.005,0.17160920081751696,0.10533037373570818,85.80460040875847,52.66518686785409,52.66518686785409,"[[0.32839079918248304, 0.17160920081751696], [0.17160920081751696, 0.32839079918248304]]","[[0.4946696262642918, 0.20533037373570817], [0.10533037373570818, 0.1946696262642918]]","[[164.1953995912415, 85.80460040875847], [85.80460040875847, 164.1953995912415]]","[[247.33481313214588, 102.66518686785409], [52.66518686785409, 97.3348131321459]]",0.09494241304247028,0.10578612167044749
P1_balanced_mild_di0p005_n1000,P1,balanced_mild_di0p005,Balanced/mild power family,balanced_mild,balanced_mild_np1000_nq1000,1000,1000,1.0,0.5,0.5,0.3,0.4,1,1,0.07839079918248305,0.07466962626429181,0.0499999999999996,0.054999999999995164,-0.0049999999999955635,0.005,0.17160920081751696,0.10533037373570818,171.60920081751695,105.33037373570818,105.33037373570818,"[[0.32839079918248304, 0.17160920081751696], [0.17160920081751696, 0.32839079918248304]]","[[0.4946696262642918, 0.20533037373570817], [0.10533037373570818, 0.1946696262642918]]","[[328.390799182483, 171.60920081751695], [171.60920081751695, 328.390799182483]]","[[494.66962626429176, 205.33037373570818], [105.33037373570818, 194.6696262642918]]",0.09494241304247028,0.10578612167044749
P2_balanced_mild_di0p005_np20_nq40,P2,balanced_mild_di0p005,Balanced/mild power family,balanced_mild,balanced_mild_np20_nq40,20,40,2.0,0.5,0.5,0.3,0.4,1,1,0.07839079918248305,0.07466962626429181,0.0499999999999996,0.054999999999995164,-0.0049999999999955635,0.005,0.17160920081751696,0.10533037373570818,3.432184016350339,4.213214949428327,3.432184016350339,"[[0.32839079918248304, 0.17160920081751696], [0.17160920081751696, 0.32839079918248304]]","[[0.4946696262642918, 0.20533037373570817], [0.10533037373570818, 0.1946696262642918]]","[[6.567815983649661, 3.432184016350339], [3.432184016350339, 6.567815983649661]]","[[19.786785050571673, 8.213214949428327], [4.213214949428327, 7.786785050571671]]",0.09494241304247028,0.10578612167044749
P2_balanced_mild_di0p005_np20_nq100,P2,balanced_mild_di0p005,Balanced/mild power family,balanced_mild,balanced_mild_np20_nq100,20,100,5.0,0.5,0.5,0.3,0.4,1,1,0.07839079918248305,0.07466962626429181,0.0499999999999996,0.054999999999995164,-0.0049999999999955635,0.005,0.17160920081751696,0.10533037373570818,3.432184016350339,10.533037373570817,3.432184016350339,"[[0.32839079918248304, 0.17160920081751696], [0.17160920081751696, 0.32839079918248304]]","[[0.4946696262642918, 0.20533037373570817], [0.10533037373570818, 0.1946696262642918]]","[[6.567815983649661, 3.432184016350339], [3.432184016350339, 6.567815983649661]]","[[49.46696262642918, 20.533037373570817], [10.533037373570817, 19.46696262642918]]",0.09494241304247028,0.10578612167044749
P2_balanced_mild_di0p005_np20_nq200,P2,balanced_mild_di0p005,Balanced/mild power family,balanced_mild,balanced_mild_np20_nq200,20,200,10.0,0.5,0.5,0.3,0.4,1,1,0.07839079918248305,0.07466962626429181,0.0499999999999996,0.054999999999995164,-0.0049999999999955635,0.005,0.17160920081751696,0.10533037373570818,3.432184016350339,21.066074747141634,3.432184016350339,"[[0.32839079918248304, 0.17160920081751696], [0.17160920081751696, 0.32839079918248304]]","[[0.4946696262642918, 0.20533037373570817], [0.10533037373570818, 0.1946696262642918]]","[[6.567815983649661, 3.432184016350339], [3.432184016350339, 6.567815983649661]]","[[98.93392525285836, 41.066074747141634], [21.066074747141634, 38.93392525285836]]",0.09494241304247028,0.10578612167044749
P2_balanced_mild_di0p005_np50_nq100,P2,balanced_mild_di0p005,Balanced/mild power family,balanced_mild,balanced_mild_np50_nq100,50,100,2.0,0.5,0.5,0.3,0.4,1,1,0.07839079918248305,0.07466962626429181,0.0499999999999996,0.054999999999995164,-0.0049999999999955635,0.005,0.17160920081751696,0.10533037373570818,8.580460040875849,10.533037373570817,8.580460040875849,"[[0.32839079918248304, 0.17160920081751696], [0.17160920081751696, 0.32839079918248304]]","[[0.4946696262642918, 0.20533037373570817], [0.10533037373570818, 0.1946696262642918]]","[[16.41953995912415, 8.580460040875849], [8.580460040875849, 16.41953995912415]]","[[49.46696262642918, 20.533037373570817], [10.533037373570817, 19.46696262642918]]",0.09494241304247028,0.10578612167044749
P2_balanced_mild_di0p005_np50_nq250,P2,balanced_mild_di0p005,Balanced/mild power family,balanced_mild,balanced_mild_np50_nq250,50,250,5.0,0.5,0.5,0.3,0.4,1,1,0.07839079918248305,0.07466962626429181,0.0499999999999996,0.054999999999995164,-0.0049999999999955635,0.005,0.17160920081751696,0.10533037373570818,8.580460040875849,26.332593433927045,8.580460040875849,"[[0.32839079918248304, 0.17160920081751696], [0.17160920081751696, 0.32839079918248304]]","[[0.4946696262642918, 0.20533037373570817], [0.10533037373570818, 0.1946696262642918]]","[[16.41953995912415, 8.580460040875849], [8.580460040875849, 16.41953995912415]]","[[123.66740656607294, 51.332593433927045], [26.332593433927045, 48.66740656607295]]",0.09494241304247028,0.10578612167044749
P2_balanced_mild_di0p005_np50_nq500,P2,balanced_mild_di0p005,Balanced/mild power family,balanced_mild,balanced_mild_np50_nq500,50,500,10.0,0.5,0.5,0.3,0.4,1,1,0.07839079918248305,0.07466962626429181,0.0499999999999996,0.054999999999995164,-0.0049999999999955635,0.005,0.17160920081751696,0.10533037373570818,8.580460040875849,52.66518686785409,8.580460040875849,"[[0.32839079918248304, 0.17160920081751696], [0.17160920081751696, 0.32839079918248304]]","[[0.4946696262642918, 0.20533037373570817], [0.10533037373570818, 0.1946696262642918]]","[[16.41953995912415, 8.580460040875849], [8.580460040875849, 16.41953995912415]]","[[247.33481313214588, 102.66518686785409], [52.66518686785409, 97.3348131321459]]",0.09494241304247028,0.10578612167044749
P2_balanced_mild_di0p005_np100_nq200,P2,balanced_mild_di0p005,Balanced/mild power family,balanced_mild,balanced_mild_np100_nq200,100,200,2.0,0.5,0.5,0.3,0.4,1,1,0.07839079918248305,0.07466962626429181,0.0499999999999996,0.054999999999995164,-0.0049999999999955635,0.005,0.17160920081751696,0.10533037373570818,17.160920081751698,21.066074747141634,17.160920081751698,"[[0.32839079918248304, 0.17160920081751696], [0.17160920081751696, 0.32839079918248304]]","[[0.4946696262642918, 0.20533037373570817], [0.10533037373570818, 0.1946696262642918]]","[[32.8390799182483, 17.160920081751698], [17.160920081751698, 32.8390799182483]]","[[98.93392525285836, 41.066074747141634], [21.066074747141634, 38.93392525285836]]",0.09494241304247028,0.10578612167044749
P2_balanced_mild_di0p005_np100_nq500,P2,balanced_mild_di0p005,Balanced/mild power family,balanced_mild,balanced_mild_np100_nq500,100,500,5.0,0.5,0.5,0.3,0.4,1,1,0.07839079918248305,0.07466962626429181,0.0499999999999996,0.054999999999995164,-0.0049999999999955635,0.005,0.17160920081751696,0.10533037373570818,17.160920081751698,52.66518686785409,17.160920081751698,"[[0.32839079918248304, 0.17160920081751696], [0.17160920081751696, 0.32839079918248304]]","[[0.4946696262642918, 0.20533037373570817], [0.10533037373570818, 0.1946696262642918]]","[[32.8390799182483, 17.160920081751698], [17.160920081751698, 32.8390799182483]]","[[247.33481313214588, 102.66518686785409], [52.66518686785409, 97.3348131321459]]",0.09494241304247028,0.10578612167044749
P2_balanced_mild_di0p005_np100_nq1000,P2,balanced_mild_di0p005,Balanced/mild power family,balanced_mild,balanced_mild_np100_nq1000,100,1000,10.0,0.5,0.5,0.3,0.4,1,1,0.07839079918248305,0.07466962626429181,0.0499999999999996,0.054999999999995164,-0.0049999999999955635,0.005,0.17160920081751696,0.10533037373570818,17.160920081751698,105.33037373570818,17.160920081751698,"[[0.32839079918248304, 0.17160920081751696], [0.17160920081751696, 0.32839079918248304]]","[[0.4946696262642918, 0.20533037373570817], [0.10533037373570818, 0.1946696262642918]]","[[32.8390799182483, 17.160920081751698], [17.160920081751698, 32.8390799182483]]","[[494.66962626429176, 205.33037373570818], [105.33037373570818, 194.6696262642918]]",0.09494241304247028,0.10578612167044749
P1_balanced_mild_di0p01_n10,P1,balanced_mild_di0p01,Balanced/mild power family,balanced_mild,balanced_mild_np10_nq10,10,10,1.0,0.5,0.5,0.3,0.4,1,1,0.07839079918248305,0.07794012528639743,0.0499999999999996,0.05999999999999994,-0.010000000000000342,0.01,0.17160920081751696,0.10205987471360256,1.7160920081751696,1.0205987471360256,1.0205987471360256,"[[0.32839079918248304, 0.17160920081751696], [0.17160920081751696, 0.32839079918248304]]","[[0.4979401252863974, 0.20205987471360254], [0.10205987471360256, 0.19794012528639743]]","[[3.2839079918248304, 1.7160920081751696], [1.7160920081751696, 3.2839079918248304]]","[[4.979401252863974, 2.0205987471360256], [1.0205987471360256, 1.9794012528639744]]",0.09494241304247028,0.1147682321476575
P1_balanced_mild_di0p01_n20,P1,balanced_mild_di0p01,Balanced/mild power family,balanced_mild,balanced_mild_np20_nq20,20,20,1.0,0.5,0.5,0.3,0.4,1,1,0.07839079918248305,0.07794012528639743,0.0499999999999996,0.05999999999999994,-0.010000000000000342,0.01,0.17160920081751696,0.10205987471360256,3.432184016350339,2.041197494272051,2.041197494272051,"[[0.32839079918248304, 0.17160920081751696], [0.17160920081751696, 0.32839079918248304]]","[[0.4979401252863974, 0.20205987471360254], [0.10205987471360256, 0.19794012528639743]]","[[6.567815983649661, 3.432184016350339], [3.432184016350339, 6.567815983649661]]","[[9.958802505727949, 4.041197494272051], [2.041197494272051, 3.958802505727949]]",0.09494241304247028,0.1147682321476575
P1_balanced_mild_di0p01_n30,P1,balanced_mild_di0p01,Balanced/mild power family,balanced_mild,balanced_mild_np30_nq30,30,30,1.0,0.5,0.5,0.3,0.4,1,1,0.07839079918248305,0.07794012528639743,0.0499999999999996,0.05999999999999994,-0.010000000000000342,0.01,0.17160920081751696,0.10205987471360256,5.148276024525509,3.061796241408077,3.061796241408077,"[[0.32839079918248304, 0.17160920081751696], [0.17160920081751696, 0.32839079918248304]]","[[0.4979401252863974, 0.20205987471360254], [0.10205987471360256, 0.19794012528639743]]","[[9.851723975474492, 5.148276024525509], [5.148276024525509, 9.851723975474492]]","[[14.938203758591923, 6.061796241408076], [3.061796241408077, 5.938203758591923]]",0.09494241304247028,0.1147682321476575
P1_balanced_mild_di0p01_n50,P1,balanced_mild_di0p01,Balanced/mild power family,balanced_mild,balanced_mild_np50_nq50,50,50,1.0,0.5,0.5,0.3,0.4,1,1,0.07839079918248305,0.07794012528639743,0.0499999999999996,0.05999999999999994,-0.010000000000000342,0.01,0.17160920081751696,0.10205987471360256,8.580460040875849,5.102993735680128,5.102993735680128,"[[0.32839079918248304, 0.17160920081751696], [0.17160920081751696, 0.32839079918248304]]","[[0.4979401252863974, 0.20205987471360254], [0.10205987471360256, 0.19794012528639743]]","[[16.41953995912415, 8.580460040875849], [8.580460040875849, 16.41953995912415]]","[[24.89700626431987, 10.102993735680126], [5.102993735680128, 9.897006264319872]]",0.09494241304247028,0.1147682321476575
P1_balanced_mild_di0p01_n100,P1,balanced_mild_di0p01,Balanced/mild power family,balanced_mild,balanced_mild_np100_nq100,100,100,1.0,0.5,0.5,0.3,0.4,1,1,0.07839079918248305,0.07794012528639743,0.0499999999999996,0.05999999999999994,-0.010000000000000342,0.01,0.17160920081751696,0.10205987471360256,17.160920081751698,10.205987471360256,10.205987471360256,"[[0.32839079918248304, 0.17160920081751696], [0.17160920081751696, 0.32839079918248304]]","[[0.4979401252863974, 0.20205987471360254], [0.10205987471360256, 0.19794012528639743]]","[[32.8390799182483, 17.160920081751698], [17.160920081751698, 32.8390799182483]]","[[49.79401252863974, 20.205987471360253], [10.205987471360256, 19.794012528639744]]",0.09494241304247028,0.1147682321476575
P1_balanced_mild_di0p01_n200,P1,balanced_mild_di0p01,Balanced/mild power family,balanced_mild,balanced_mild_np200_nq200,200,200,1.0,0.5,0.5,0.3,0.4,1,1,0.07839079918248305,0.07794012528639743,0.0499999999999996,0.05999999999999994,-0.010000000000000342,0.01,0.17160920081751696,0.10205987471360256,34.321840163503396,20.411974942720512,20.411974942720512,"[[0.32839079918248304, 0.17160920081751696], [0.17160920081751696, 0.32839079918248304]]","[[0.4979401252863974, 0.20205987471360254], [0.10205987471360256, 0.19794012528639743]]","[[65.6781598364966, 34.321840163503396], [34.321840163503396, 65.6781598364966]]","[[99.58802505727948, 40.411974942720505], [20.411974942720512, 39.58802505727949]]",0.09494241304247028,0.1147682321476575
P1_balanced_mild_di0p01_n500,P1,balanced_mild_di0p01,Balanced/mild power family,balanced_mild,balanced_mild_np500_nq500,500,500,1.0,0.5,0.5,0.3,0.4,1,1,0.07839079918248305,0.07794012528639743,0.0499999999999996,0.05999999999999994,-0.010000000000000342,0.01,0.17160920081751696,0.10205987471360256,85.80460040875847,51.029937356801284,51.029937356801284,"[[0.32839079918248304, 0.17160920081751696], [0.17160920081751696, 0.32839079918248304]]","[[0.4979401252863974, 0.20205987471360254], [0.10205987471360256, 0.19794012528639743]]","[[164.1953995912415, 85.80460040875847], [85.80460040875847, 164.1953995912415]]","[[248.9700626431987, 101.02993735680127], [51.029937356801284, 98.97006264319872]]",0.09494241304247028,0.1147682321476575
P1_balanced_mild_di0p01_n1000,P1,balanced_mild_di0p01,Balanced/mild power family,balanced_mild,balanced_mild_np1000_nq1000,1000,1000,1.0,0.5,0.5,0.3,0.4,1,1,0.07839079918248305,0.07794012528639743,0.0499999999999996,0.05999999999999994,-0.010000000000000342,0.01,0.17160920081751696,0.10205987471360256,171.60920081751695,102.05987471360257,102.05987471360257,"[[0.32839079918248304, 0.17160920081751696], [0.17160920081751696, 0.32839079918248304]]","[[0.4979401252863974, 0.20205987471360254], [0.10205987471360256, 0.19794012528639743]]","[[328.390799182483, 171.60920081751695], [171.60920081751695, 328.390799182483]]","[[497.9401252863974, 202.05987471360254], [102.05987471360257, 197.94012528639743]]",0.09494241304247028,0.1147682321476575
P2_balanced_mild_di0p01_np20_nq40,P2,balanced_mild_di0p01,Balanced/mild power family,balanced_mild,balanced_mild_np20_nq40,20,40,2.0,0.5,0.5,0.3,0.4,1,1,0.07839079918248305,0.07794012528639743,0.0499999999999996,0.05999999999999994,-0.010000000000000342,0.01,0.17160920081751696,0.10205987471360256,3.432184016350339,4.082394988544102,3.432184016350339,"[[0.32839079918248304, 0.17160920081751696], [0.17160920081751696, 0.32839079918248304]]","[[0.4979401252863974, 0.20205987471360254], [0.10205987471360256, 0.19794012528639743]]","[[6.567815983649661, 3.432184016350339], [3.432184016350339, 6.567815983649661]]","[[19.917605011455898, 8.082394988544102], [4.082394988544102, 7.917605011455898]]",0.09494241304247028,0.1147682321476575
P2_balanced_mild_di0p01_np20_nq100,P2,balanced_mild_di0p01,Balanced/mild power family,balanced_mild,balanced_mild_np20_nq100,20,100,5.0,0.5,0.5,0.3,0.4,1,1,0.07839079918248305,0.07794012528639743,0.0499999999999996,0.05999999999999994,-0.010000000000000342,0.01,0.17160920081751696,0.10205987471360256,3.432184016350339,10.205987471360256,3.432184016350339,"[[0.32839079918248304, 0.17160920081751696], [0.17160920081751696, 0.32839079918248304]]","[[0.4979401252863974, 0.20205987471360254], [0.10205987471360256, 0.19794012528639743]]","[[6.567815983649661, 3.432184016350339], [3.432184016350339, 6.567815983649661]]","[[49.79401252863974, 20.205987471360253], [10.205987471360256, 19.794012528639744]]",0.09494241304247028,0.1147682321476575
P2_balanced_mild_di0p01_np20_nq200,P2,balanced_mild_di0p01,Balanced/mild power family,balanced_mild,balanced_mild_np20_nq200,20,200,10.0,0.5,0.5,0.3,0.4,1,1,0.07839079918248305,0.07794012528639743,0.0499999999999996,0.05999999999999994,-0.010000000000000342,0.01,0.17160920081751696,0.10205987471360256,3.432184016350339,20.411974942720512,3.432184016350339,"[[0.32839079918248304, 0.17160920081751696], [0.17160920081751696, 0.32839079918248304]]","[[0.4979401252863974, 0.20205987471360254], [0.10205987471360256, 0.19794012528639743]]","[[6.567815983649661, 3.432184016350339], [3.432184016350339, 6.567815983649661]]","[[99.58802505727948, 40.411974942720505], [20.411974942720512, 39.58802505727949]]",0.09494241304247028,0.1147682321476575
P2_balanced_mild_di0p01_np50_nq100,P2,balanced_mild_di0p01,Balanced/mild power family,balanced_mild,balanced_mild_np50_nq100,50,100,2.0,0.5,0.5,0.3,0.4,1,1,0.07839079918248305,0.07794012528639743,0.0499999999999996,0.05999999999999994,-0.010000000000000342,0.01,0.17160920081751696,0.10205987471360256,8.580460040875849,10.205987471360256,8.580460040875849,"[[0.32839079918248304, 0.17160920081751696], [0.17160920081751696, 0.32839079918248304]]","[[0.4979401252863974, 0.20205987471360254], [0.10205987471360256, 0.19794012528639743]]","[[16.41953995912415, 8.580460040875849], [8.580460040875849, 16.41953995912415]]","[[49.79401252863974, 20.205987471360253], [10.205987471360256, 19.794012528639744]]",0.09494241304247028,0.1147682321476575
P2_balanced_mild_di0p01_np50_nq250,P2,balanced_mild_di0p01,Balanced/mild power family,balanced_mild,balanced_mild_np50_nq250,50,250,5.0,0.5,0.5,0.3,0.4,1,1,0.07839079918248305,0.07794012528639743,0.0499999999999996,0.05999999999999994,-0.010000000000000342,0.01,0.17160920081751696,0.10205987471360256,8.580460040875849,25.514968678400642,8.580460040875849,"[[0.32839079918248304, 0.17160920081751696], [0.17160920081751696, 0.32839079918248304]]","[[0.4979401252863974, 0.20205987471360254], [0.10205987471360256, 0.19794012528639743]]","[[16.41953995912415, 8.580460040875849], [8.580460040875849, 16.41953995912415]]","[[124.48503132159935, 50.514968678400635], [25.514968678400642, 49.48503132159936]]",0.09494241304247028,0.1147682321476575
P2_balanced_mild_di0p01_np50_nq500,P2,balanced_mild_di0p01,Balanced/mild power family,balanced_mild,balanced_mild_np50_nq500,50,500,10.0,0.5,0.5,0.3,0.4,1,1,0.07839079918248305,0.07794012528639743,0.0499999999999996,0.05999999999999994,-0.010000000000000342,0.01,0.17160920081751696,0.10205987471360256,8.580460040875849,51.029937356801284,8.580460040875849,"[[0.32839079918248304, 0.17160920081751696], [0.17160920081751696, 0.32839079918248304]]","[[0.4979401252863974, 0.20205987471360254], [0.10205987471360256, 0.19794012528639743]]","[[16.41953995912415, 8.580460040875849], [8.580460040875849, 16.41953995912415]]","[[248.9700626431987, 101.02993735680127], [51.029937356801284, 98.97006264319872]]",0.09494241304247028,0.1147682321476575
P2_balanced_mild_di0p01_np100_nq200,P2,balanced_mild_di0p01,Balanced/mild power family,balanced_mild,balanced_mild_np100_nq200,100,200,2.0,0.5,0.5,0.3,0.4,1,1,0.07839079918248305,0.07794012528639743,0.0499999999999996,0.05999999999999994,-0.010000000000000342,0.01,0.17160920081751696,0.10205987471360256,17.160920081751698,20.411974942720512,17.160920081751698,"[[0.32839079918248304, 0.17160920081751696], [0.17160920081751696, 0.32839079918248304]]","[[0.4979401252863974, 0.20205987471360254], [0.10205987471360256, 0.19794012528639743]]","[[32.8390799182483, 17.160920081751698], [17.160920081751698, 32.8390799182483]]","[[99.58802505727948, 40.411974942720505], [20.411974942720512, 39.58802505727949]]",0.09494241304247028,0.1147682321476575
P2_balanced_mild_di0p01_np100_nq500,P2,balanced_mild_di0p01,Balanced/mild power family,balanced_mild,balanced_mild_np100_nq500,100,500,5.0,0.5,0.5,0.3,0.4,1,1,0.07839079918248305,0.07794012528639743,0.0499999999999996,0.05999999999999994,-0.010000000000000342,0.01,0.17160920081751696,0.10205987471360256,17.160920081751698,51.029937356801284,17.160920081751698,"[[0.32839079918248304, 0.17160920081751696], [0.17160920081751696, 0.32839079918248304]]","[[0.4979401252863974, 0.20205987471360254], [0.10205987471360256, 0.19794012528639743]]","[[32.8390799182483, 17.160920081751698], [17.160920081751698, 32.8390799182483]]","[[248.9700626431987, 101.02993735680127], [51.029937356801284, 98.97006264319872]]",0.09494241304247028,0.1147682321476575
P2_balanced_mild_di0p01_np100_nq1000,P2,balanced_mild_di0p01,Balanced/mild power family,balanced_mild,balanced_mild_np100_nq1000,100,1000,10.0,0.5,0.5,0.3,0.4,1,1,0.07839079918248305,0.07794012528639743,0.0499999999999996,0.05999999999999994,-0.010000000000000342,0.01,0.17160920081751696,0.10205987471360256,17.160920081751698,102.05987471360257,17.160920081751698,"[[0.32839079918248304, 0.17160920081751696], [0.17160920081751696, 0.32839079918248304]]","[[0.4979401252863974, 0.20205987471360254], [0.10205987471360256, 0.19794012528639743]]","[[32.8390799182483, 17.160920081751698], [17.160920081751698, 32.8390799182483]]","[[497.9401252863974, 202.05987471360254], [102.05987471360257, 197.94012528639743]]",0.09494241304247028,0.1147682321476575
P1_balanced_mild_di0p025_n10,P1,balanced_mild_di0p025,Balanced/mild power family,balanced_mild,balanced_mild_np10_nq10,10,10,1.0,0.5,0.5,0.3,0.4,1,1,0.07839079918248305,0.08695495798939631,0.0499999999999996,0.07500000000000029,-0.02500000000000069,0.025,0.17160920081751696,0.09304504201060368,1.7160920081751696,0.9304504201060368,0.9304504201060368,"[[0.32839079918248304, 0.17160920081751696], [0.17160920081751696, 0.32839079918248304]]","[[0.5069549579893963, 0.19304504201060366], [0.09304504201060368, 0.2069549579893963]]","[[3.2839079918248304, 1.7160920081751696], [1.7160920081751696, 3.2839079918248304]]","[[5.0695495798939625, 1.9304504201060366], [0.9304504201060368, 2.069549579893963]]",0.09494241304247028,0.1410076268459625
P1_balanced_mild_di0p025_n20,P1,balanced_mild_di0p025,Balanced/mild power family,balanced_mild,balanced_mild_np20_nq20,20,20,1.0,0.5,0.5,0.3,0.4,1,1,0.07839079918248305,0.08695495798939631,0.0499999999999996,0.07500000000000029,-0.02500000000000069,0.025,0.17160920081751696,0.09304504201060368,3.432184016350339,1.8609008402120737,1.8609008402120737,"[[0.32839079918248304, 0.17160920081751696], [0.17160920081751696, 0.32839079918248304]]","[[0.5069549579893963, 0.19304504201060366], [0.09304504201060368, 0.2069549579893963]]","[[6.567815983649661, 3.432184016350339], [3.432184016350339, 6.567815983649661]]","[[10.139099159787925, 3.8609008402120732], [1.8609008402120737, 4.139099159787926]]",0.09494241304247028,0.1410076268459625
P1_balanced_mild_di0p025_n30,P1,balanced_mild_di0p025,Balanced/mild power family,balanced_mild,balanced_mild_np30_nq30,30,30,1.0,0.5,0.5,0.3,0.4,1,1,0.07839079918248305,0.08695495798939631,0.0499999999999996,0.07500000000000029,-0.02500000000000069,0.025,0.17160920081751696,0.09304504201060368,5.148276024525509,2.7913512603181103,2.7913512603181103,"[[0.32839079918248304, 0.17160920081751696], [0.17160920081751696, 0.32839079918248304]]","[[0.5069549579893963, 0.19304504201060366], [0.09304504201060368, 0.2069549579893963]]","[[9.851723975474492, 5.148276024525509], [5.148276024525509, 9.851723975474492]]","[[15.208648739681887, 5.79135126031811], [2.7913512603181103, 6.208648739681889]]",0.09494241304247028,0.1410076268459625
P1_balanced_mild_di0p025_n50,P1,balanced_mild_di0p025,Balanced/mild power family,balanced_mild,balanced_mild_np50_nq50,50,50,1.0,0.5,0.5,0.3,0.4,1,1,0.07839079918248305,0.08695495798939631,0.0499999999999996,0.07500000000000029,-0.02500000000000069,0.025,0.17160920081751696,0.09304504201060368,8.580460040875849,4.652252100530184,4.652252100530184,"[[0.32839079918248304, 0.17160920081751696], [0.17160920081751696, 0.32839079918248304]]","[[0.5069549579893963, 0.19304504201060366], [0.09304504201060368, 0.2069549579893963]]","[[16.41953995912415, 8.580460040875849], [8.580460040875849, 16.41953995912415]]","[[25.347747899469812, 9.652252100530182], [4.652252100530184, 10.347747899469816]]",0.09494241304247028,0.1410076268459625
P1_balanced_mild_di0p025_n100,P1,balanced_mild_di0p025,Balanced/mild power family,balanced_mild,balanced_mild_np100_nq100,100,100,1.0,0.5,0.5,0.3,0.4,1,1,0.07839079918248305,0.08695495798939631,0.0499999999999996,0.07500000000000029,-0.02500000000000069,0.025,0.17160920081751696,0.09304504201060368,17.160920081751698,9.304504201060368,9.304504201060368,"[[0.32839079918248304, 0.17160920081751696], [0.17160920081751696, 0.32839079918248304]]","[[0.5069549579893963, 0.19304504201060366], [0.09304504201060368, 0.2069549579893963]]","[[32.8390799182483, 17.160920081751698], [17.160920081751698, 32.8390799182483]]","[[50.695495798939625, 19.304504201060364], [9.304504201060368, 20.695495798939632]]",0.09494241304247028,0.1410076268459625
P1_balanced_mild_di0p025_n200,P1,balanced_mild_di0p025,Balanced/mild power family,balanced_mild,balanced_mild_np200_nq200,200,200,1.0,0.5,0.5,0.3,0.4,1,1,0.07839079918248305,0.08695495798939631,0.0499999999999996,0.07500000000000029,-0.02500000000000069,0.025,0.17160920081751696,0.09304504201060368,34.321840163503396,18.609008402120736,18.609008402120736,"[[0.32839079918248304, 0.17160920081751696], [0.17160920081751696, 0.32839079918248304]]","[[0.5069549579893963, 0.19304504201060366], [0.09304504201060368, 0.2069549579893963]]","[[65.6781598364966, 34.321840163503396], [34.321840163503396, 65.6781598364966]]","[[101.39099159787925, 38.60900840212073], [18.609008402120736, 41.390991597879264]]",0.09494241304247028,0.1410076268459625
P1_balanced_mild_di0p025_n500,P1,balanced_mild_di0p025,Balanced/mild power family,balanced_mild,balanced_mild_np500_nq500,500,500,1.0,0.5,0.5,0.3,0.4,1,1,0.07839079918248305,0.08695495798939631,0.0499999999999996,0.07500000000000029,-0.02500000000000069,0.025,0.17160920081751696,0.09304504201060368,85.80460040875847,46.52252100530184,46.52252100530184,"[[0.32839079918248304, 0.17160920081751696], [0.17160920081751696, 0.32839079918248304]]","[[0.5069549579893963, 0.19304504201060366], [0.09304504201060368, 0.2069549579893963]]","[[164.1953995912415, 85.80460040875847], [85.80460040875847, 164.1953995912415]]","[[253.47747899469815, 96.52252100530183], [46.52252100530184, 103.47747899469816]]",0.09494241304247028,0.1410076268459625
P1_balanced_mild_di0p025_n1000,P1,balanced_mild_di0p025,Balanced/mild power family,balanced_mild,balanced_mild_np1000_nq1000,1000,1000,1.0,0.5,0.5,0.3,0.4,1,1,0.07839079918248305,0.08695495798939631,0.0499999999999996,0.07500000000000029,-0.02500000000000069,0.025,0.17160920081751696,0.09304504201060368,171.60920081751695,93.04504201060368,93.04504201060368,"[[0.32839079918248304, 0.17160920081751696], [0.17160920081751696, 0.32839079918248304]]","[[0.5069549579893963, 0.19304504201060366], [0.09304504201060368, 0.2069549579893963]]","[[328.390799182483, 171.60920081751695], [171.60920081751695, 328.390799182483]]","[[506.9549579893963, 193.04504201060365], [93.04504201060368, 206.95495798939632]]",0.09494241304247028,0.1410076268459625
P2_balanced_mild_di0p025_np20_nq40,P2,balanced_mild_di0p025,Balanced/mild power family,balanced_mild,balanced_mild_np20_nq40,20,40,2.0,0.5,0.5,0.3,0.4,1,1,0.07839079918248305,0.08695495798939631,0.0499999999999996,0.07500000000000029,-0.02500000000000069,0.025,0.17160920081751696,0.09304504201060368,3.432184016350339,3.7218016804241474,3.432184016350339,"[[0.32839079918248304, 0.17160920081751696], [0.17160920081751696, 0.32839079918248304]]","[[0.5069549579893963, 0.19304504201060366], [0.09304504201060368, 0.2069549579893963]]","[[6.567815983649661, 3.432184016350339], [3.432184016350339, 6.567815983649661]]","[[20.27819831957585, 7.7218016804241465], [3.7218016804241474, 8.278198319575852]]",0.09494241304247028,0.1410076268459625
P2_balanced_mild_di0p025_np20_nq100,P2,balanced_mild_di0p025,Balanced/mild power family,balanced_mild,balanced_mild_np20_nq100,20,100,5.0,0.5,0.5,0.3,0.4,1,1,0.07839079918248305,0.08695495798939631,0.0499999999999996,0.07500000000000029,-0.02500000000000069,0.025,0.17160920081751696,0.09304504201060368,3.432184016350339,9.304504201060368,3.432184016350339,"[[0.32839079918248304, 0.17160920081751696], [0.17160920081751696, 0.32839079918248304]]","[[0.5069549579893963, 0.19304504201060366], [0.09304504201060368, 0.2069549579893963]]","[[6.567815983649661, 3.432184016350339], [3.432184016350339, 6.567815983649661]]","[[50.695495798939625, 19.304504201060364], [9.304504201060368, 20.695495798939632]]",0.09494241304247028,0.1410076268459625
P2_balanced_mild_di0p025_np20_nq200,P2,balanced_mild_di0p025,Balanced/mild power family,balanced_mild,balanced_mild_np20_nq200,20,200,10.0,0.5,0.5,0.3,0.4,1,1,0.07839079918248305,0.08695495798939631,0.0499999999999996,0.07500000000000029,-0.02500000000000069,0.025,0.17160920081751696,0.09304504201060368,3.432184016350339,18.609008402120736,3.432184016350339,"[[0.32839079918248304, 0.17160920081751696], [0.17160920081751696, 0.32839079918248304]]","[[0.5069549579893963, 0.19304504201060366], [0.09304504201060368, 0.2069549579893963]]","[[6.567815983649661, 3.432184016350339], [3.432184016350339, 6.567815983649661]]","[[101.39099159787925, 38.60900840212073], [18.609008402120736, 41.390991597879264]]",0.09494241304247028,0.1410076268459625
P2_balanced_mild_di0p025_np50_nq100,P2,balanced_mild_di0p025,Balanced/mild power family,balanced_mild,balanced_mild_np50_nq100,50,100,2.0,0.5,0.5,0.3,0.4,1,1,0.07839079918248305,0.08695495798939631,0.0499999999999996,0.07500000000000029,-0.02500000000000069,0.025,0.17160920081751696,0.09304504201060368,8.580460040875849,9.304504201060368,8.580460040875849,"[[0.32839079918248304, 0.17160920081751696], [0.17160920081751696, 0.32839079918248304]]","[[0.5069549579893963, 0.19304504201060366], [0.09304504201060368, 0.2069549579893963]]","[[16.41953995912415, 8.580460040875849], [8.580460040875849, 16.41953995912415]]","[[50.695495798939625, 19.304504201060364], [9.304504201060368, 20.695495798939632]]",0.09494241304247028,0.1410076268459625
P2_balanced_mild_di0p025_np50_nq250,P2,balanced_mild_di0p025,Balanced/mild power family,balanced_mild,balanced_mild_np50_nq250,50,250,5.0,0.5,0.5,0.3,0.4,1,1,0.07839079918248305,0.08695495798939631,0.0499999999999996,0.07500000000000029,-0.02500000000000069,0.025,0.17160920081751696,0.09304504201060368,8.580460040875849,23.26126050265092,8.580460040875849,"[[0.32839079918248304, 0.17160920081751696], [0.17160920081751696, 0.32839079918248304]]","[[0.5069549579893963, 0.19304504201060366], [0.09304504201060368, 0.2069549579893963]]","[[16.41953995912415, 8.580460040875849], [8.580460040875849, 16.41953995912415]]","[[126.73873949734907, 48.26126050265091], [23.26126050265092, 51.73873949734908]]",0.09494241304247028,0.1410076268459625
P2_balanced_mild_di0p025_np50_nq500,P2,balanced_mild_di0p025,Balanced/mild power family,balanced_mild,balanced_mild_np50_nq500,50,500,10.0,0.5,0.5,0.3,0.4,1,1,0.07839079918248305,0.08695495798939631,0.0499999999999996,0.07500000000000029,-0.02500000000000069,0.025,0.17160920081751696,0.09304504201060368,8.580460040875849,46.52252100530184,8.580460040875849,"[[0.32839079918248304, 0.17160920081751696], [0.17160920081751696, 0.32839079918248304]]","[[0.5069549579893963, 0.19304504201060366], [0.09304504201060368, 0.2069549579893963]]","[[16.41953995912415, 8.580460040875849], [8.580460040875849, 16.41953995912415]]","[[253.47747899469815, 96.52252100530183], [46.52252100530184, 103.47747899469816]]",0.09494241304247028,0.1410076268459625
P2_balanced_mild_di0p025_np100_nq200,P2,balanced_mild_di0p025,Balanced/mild power family,balanced_mild,balanced_mild_np100_nq200,100,200,2.0,0.5,0.5,0.3,0.4,1,1,0.07839079918248305,0.08695495798939631,0.0499999999999996,0.07500000000000029,-0.02500000000000069,0.025,0.17160920081751696,0.09304504201060368,17.160920081751698,18.609008402120736,17.160920081751698,"[[0.32839079918248304, 0.17160920081751696], [0.17160920081751696, 0.32839079918248304]]","[[0.5069549579893963, 0.19304504201060366], [0.09304504201060368, 0.2069549579893963]]","[[32.8390799182483, 17.160920081751698], [17.160920081751698, 32.8390799182483]]","[[101.39099159787925, 38.60900840212073], [18.609008402120736, 41.390991597879264]]",0.09494241304247028,0.1410076268459625
P2_balanced_mild_di0p025_np100_nq500,P2,balanced_mild_di0p025,Balanced/mild power family,balanced_mild,balanced_mild_np100_nq500,100,500,5.0,0.5,0.5,0.3,0.4,1,1,0.07839079918248305,0.08695495798939631,0.0499999999999996,0.07500000000000029,-0.02500000000000069,0.025,0.17160920081751696,0.09304504201060368,17.160920081751698,46.52252100530184,17.160920081751698,"[[0.32839079918248304, 0.17160920081751696], [0.17160920081751696, 0.32839079918248304]]","[[0.5069549579893963, 0.19304504201060366], [0.09304504201060368, 0.2069549579893963]]","[[32.8390799182483, 17.160920081751698], [17.160920081751698, 32.8390799182483]]","[[253.47747899469815, 96.52252100530183], [46.52252100530184, 103.47747899469816]]",0.09494241304247028,0.1410076268459625
P2_balanced_mild_di0p025_np100_nq1000,P2,balanced_mild_di0p025,Balanced/mild power family,balanced_mild,balanced_mild_np100_nq1000,100,1000,10.0,0.5,0.5,0.3,0.4,1,1,0.07839079918248305,0.08695495798939631,0.0499999999999996,0.07500000000000029,-0.02500000000000069,0.025,0.17160920081751696,0.09304504201060368,17.160920081751698,93.04504201060368,17.160920081751698,"[[0.32839079918248304, 0.17160920081751696], [0.17160920081751696, 0.32839079918248304]]","[[0.5069549579893963, 0.19304504201060366], [0.09304504201060368, 0.2069549579893963]]","[[32.8390799182483, 17.160920081751698], [17.160920081751698, 32.8390799182483]]","[[506.9549579893963, 193.04504201060365], [93.04504201060368, 206.95495798939632]]",0.09494241304247028,0.1410076268459625
P1_balanced_mild_di0p05_n10,P1,balanced_mild_di0p05,Balanced/mild power family,balanced_mild,balanced_mild_np10_nq10,10,10,1.0,0.5,0.5,0.3,0.4,1,1,0.07839079918248305,0.09999802348154296,0.0499999999999996,0.09999999999994569,-0.04999999999994609,0.05,0.17160920081751696,0.08000197651845703,1.7160920081751696,0.8000197651845703,0.8000197651845703,"[[0.32839079918248304, 0.17160920081751696], [0.17160920081751696, 0.32839079918248304]]","[[0.5199980234815429, 0.180001976518457], [0.08000197651845703, 0.21999802348154296]]","[[3.2839079918248304, 1.7160920081751696], [1.7160920081751696, 3.2839079918248304]]","[[5.199980234815429, 1.8000197651845702], [0.8000197651845703, 2.1999802348154294]]",0.09494241304247028,0.1822875754189648
P1_balanced_mild_di0p05_n20,P1,balanced_mild_di0p05,Balanced/mild power family,balanced_mild,balanced_mild_np20_nq20,20,20,1.0,0.5,0.5,0.3,0.4,1,1,0.07839079918248305,0.09999802348154296,0.0499999999999996,0.09999999999994569,-0.04999999999994609,0.05,0.17160920081751696,0.08000197651845703,3.432184016350339,1.6000395303691406,1.6000395303691406,"[[0.32839079918248304, 0.17160920081751696], [0.17160920081751696, 0.32839079918248304]]","[[0.5199980234815429, 0.180001976518457], [0.08000197651845703, 0.21999802348154296]]","[[6.567815983649661, 3.432184016350339], [3.432184016350339, 6.567815983649661]]","[[10.399960469630859, 3.6000395303691404], [1.6000395303691406, 4.399960469630859]]",0.09494241304247028,0.1822875754189648
P1_balanced_mild_di0p05_n30,P1,balanced_mild_di0p05,Balanced/mild power family,balanced_mild,balanced_mild_np30_nq30,30,30,1.0,0.5,0.5,0.3,0.4,1,1,0.07839079918248305,0.09999802348154296,0.0499999999999996,0.09999999999994569,-0.04999999999994609,0.05,0.17160920081751696,0.08000197651845703,5.148276024525509,2.400059295553711,2.400059295553711,"[[0.32839079918248304, 0.17160920081751696], [0.17160920081751696, 0.32839079918248304]]","[[0.5199980234815429, 0.180001976518457], [0.08000197651845703, 0.21999802348154296]]","[[9.851723975474492, 5.148276024525509], [5.148276024525509, 9.851723975474492]]","[[15.599940704446286, 5.40005929555371], [2.400059295553711, 6.599940704446289]]",0.09494241304247028,0.1822875754189648
P1_balanced_mild_di0p05_n50,P1,balanced_mild_di0p05,Balanced/mild power family,balanced_mild,balanced_mild_np50_nq50,50,50,1.0,0.5,0.5,0.3,0.4,1,1,0.07839079918248305,0.09999802348154296,0.0499999999999996,0.09999999999994569,-0.04999999999994609,0.05,0.17160920081751696,0.08000197651845703,8.580460040875849,4.000098825922851,4.000098825922851,"[[0.32839079918248304, 0.17160920081751696], [0.17160920081751696, 0.32839079918248304]]","[[0.5199980234815429, 0.180001976518457], [0.08000197651845703, 0.21999802348154296]]","[[16.41953995912415, 8.580460040875849], [8.580460040875849, 16.41953995912415]]","[[25.999901174077145, 9.00009882592285], [4.000098825922851, 10.999901174077149]]",0.09494241304247028,0.1822875754189648
P1_balanced_mild_di0p05_n100,P1,balanced_mild_di0p05,Balanced/mild power family,balanced_mild,balanced_mild_np100_nq100,100,100,1.0,0.5,0.5,0.3,0.4,1,1,0.07839079918248305,0.09999802348154296,0.0499999999999996,0.09999999999994569,-0.04999999999994609,0.05,0.17160920081751696,0.08000197651845703,17.160920081751698,8.000197651845703,8.000197651845703,"[[0.32839079918248304, 0.17160920081751696], [0.17160920081751696, 0.32839079918248304]]","[[0.5199980234815429, 0.180001976518457], [0.08000197651845703, 0.21999802348154296]]","[[32.8390799182483, 17.160920081751698], [17.160920081751698, 32.8390799182483]]","[[51.99980234815429, 18.0001976518457], [8.000197651845703, 21.999802348154297]]",0.09494241304247028,0.1822875754189648
P1_balanced_mild_di0p05_n200,P1,balanced_mild_di0p05,Balanced/mild power family,balanced_mild,balanced_mild_np200_nq200,200,200,1.0,0.5,0.5,0.3,0.4,1,1,0.07839079918248305,0.09999802348154296,0.0499999999999996,0.09999999999994569,-0.04999999999994609,0.05,0.17160920081751696,0.08000197651845703,34.321840163503396,16.000395303691406,16.000395303691406,"[[0.32839079918248304, 0.17160920081751696], [0.17160920081751696, 0.32839079918248304]]","[[0.5199980234815429, 0.180001976518457], [0.08000197651845703, 0.21999802348154296]]","[[65.6781598364966, 34.321840163503396], [34.321840163503396, 65.6781598364966]]","[[103.99960469630858, 36.0003953036914], [16.000395303691406, 43.999604696308594]]",0.09494241304247028,0.1822875754189648
P1_balanced_mild_di0p05_n500,P1,balanced_mild_di0p05,Balanced/mild power family,balanced_mild,balanced_mild_np500_nq500,500,500,1.0,0.5,0.5,0.3,0.4,1,1,0.07839079918248305,0.09999802348154296,0.0499999999999996,0.09999999999994569,-0.04999999999994609,0.05,0.17160920081751696,0.08000197651845703,85.80460040875847,40.000988259228514,40.000988259228514,"[[0.32839079918248304, 0.17160920081751696], [0.17160920081751696, 0.32839079918248304]]","[[0.5199980234815429, 0.180001976518457], [0.08000197651845703, 0.21999802348154296]]","[[164.1953995912415, 85.80460040875847], [85.80460040875847, 164.1953995912415]]","[[259.99901174077144, 90.0009882592285], [40.000988259228514, 109.99901174077148]]",0.09494241304247028,0.1822875754189648
P1_balanced_mild_di0p05_n1000,P1,balanced_mild_di0p05,Balanced/mild power family,balanced_mild,balanced_mild_np1000_nq1000,1000,1000,1.0,0.5,0.5,0.3,0.4,1,1,0.07839079918248305,0.09999802348154296,0.0499999999999996,0.09999999999994569,-0.04999999999994609,0.05,0.17160920081751696,0.08000197651845703,171.60920081751695,80.00197651845703,80.00197651845703,"[[0.32839079918248304, 0.17160920081751696], [0.17160920081751696, 0.32839079918248304]]","[[0.5199980234815429, 0.180001976518457], [0.08000197651845703, 0.21999802348154296]]","[[328.390799182483, 171.60920081751695], [171.60920081751695, 328.390799182483]]","[[519.9980234815429, 180.001976518457], [80.00197651845703, 219.99802348154296]]",0.09494241304247028,0.1822875754189648
P2_balanced_mild_di0p05_np20_nq40,P2,balanced_mild_di0p05,Balanced/mild power family,balanced_mild,balanced_mild_np20_nq40,20,40,2.0,0.5,0.5,0.3,0.4,1,1,0.07839079918248305,0.09999802348154296,0.0499999999999996,0.09999999999994569,-0.04999999999994609,0.05,0.17160920081751696,0.08000197651845703,3.432184016350339,3.200079060738281,3.200079060738281,"[[0.32839079918248304, 0.17160920081751696], [0.17160920081751696, 0.32839079918248304]]","[[0.5199980234815429, 0.180001976518457], [0.08000197651845703, 0.21999802348154296]]","[[6.567815983649661, 3.432184016350339], [3.432184016350339, 6.567815983649661]]","[[20.799920939261717, 7.200079060738281], [3.200079060738281, 8.799920939261717]]",0.09494241304247028,0.1822875754189648
P2_balanced_mild_di0p05_np20_nq100,P2,balanced_mild_di0p05,Balanced/mild power family,balanced_mild,balanced_mild_np20_nq100,20,100,5.0,0.5,0.5,0.3,0.4,1,1,0.07839079918248305,0.09999802348154296,0.0499999999999996,0.09999999999994569,-0.04999999999994609,0.05,0.17160920081751696,0.08000197651845703,3.432184016350339,8.000197651845703,3.432184016350339,"[[0.32839079918248304, 0.17160920081751696], [0.17160920081751696, 0.32839079918248304]]","[[0.5199980234815429, 0.180001976518457], [0.08000197651845703, 0.21999802348154296]]","[[6.567815983649661, 3.432184016350339], [3.432184016350339, 6.567815983649661]]","[[51.99980234815429, 18.0001976518457], [8.000197651845703, 21.999802348154297]]",0.09494241304247028,0.1822875754189648
P2_balanced_mild_di0p05_np20_nq200,P2,balanced_mild_di0p05,Balanced/mild power family,balanced_mild,balanced_mild_np20_nq200,20,200,10.0,0.5,0.5,0.3,0.4,1,1,0.07839079918248305,0.09999802348154296,0.0499999999999996,0.09999999999994569,-0.04999999999994609,0.05,0.17160920081751696,0.08000197651845703,3.432184016350339,16.000395303691406,3.432184016350339,"[[0.32839079918248304, 0.17160920081751696], [0.17160920081751696, 0.32839079918248304]]","[[0.5199980234815429, 0.180001976518457], [0.08000197651845703, 0.21999802348154296]]","[[6.567815983649661, 3.432184016350339], [3.432184016350339, 6.567815983649661]]","[[103.99960469630858, 36.0003953036914], [16.000395303691406, 43.999604696308594]]",0.09494241304247028,0.1822875754189648
P2_balanced_mild_di0p05_np50_nq100,P2,balanced_mild_di0p05,Balanced/mild power family,balanced_mild,balanced_mild_np50_nq100,50,100,2.0,0.5,0.5,0.3,0.4,1,1,0.07839079918248305,0.09999802348154296,0.0499999999999996,0.09999999999994569,-0.04999999999994609,0.05,0.17160920081751696,0.08000197651845703,8.580460040875849,8.000197651845703,8.000197651845703,"[[0.32839079918248304, 0.17160920081751696], [0.17160920081751696, 0.32839079918248304]]","[[0.5199980234815429, 0.180001976518457], [0.08000197651845703, 0.21999802348154296]]","[[16.41953995912415, 8.580460040875849], [8.580460040875849, 16.41953995912415]]","[[51.99980234815429, 18.0001976518457], [8.000197651845703, 21.999802348154297]]",0.09494241304247028,0.1822875754189648
P2_balanced_mild_di0p05_np50_nq250,P2,balanced_mild_di0p05,Balanced/mild power family,balanced_mild,balanced_mild_np50_nq250,50,250,5.0,0.5,0.5,0.3,0.4,1,1,0.07839079918248305,0.09999802348154296,0.0499999999999996,0.09999999999994569,-0.04999999999994609,0.05,0.17160920081751696,0.08000197651845703,8.580460040875849,20.000494129614257,8.580460040875849,"[[0.32839079918248304, 0.17160920081751696], [0.17160920081751696, 0.32839079918248304]]","[[0.5199980234815429, 0.180001976518457], [0.08000197651845703, 0.21999802348154296]]","[[16.41953995912415, 8.580460040875849], [8.580460040875849, 16.41953995912415]]","[[129.99950587038572, 45.00049412961425], [20.000494129614257, 54.99950587038574]]",0.09494241304247028,0.1822875754189648
P2_balanced_mild_di0p05_np50_nq500,P2,balanced_mild_di0p05,Balanced/mild power family,balanced_mild,balanced_mild_np50_nq500,50,500,10.0,0.5,0.5,0.3,0.4,1,1,0.07839079918248305,0.09999802348154296,0.0499999999999996,0.09999999999994569,-0.04999999999994609,0.05,0.17160920081751696,0.08000197651845703,8.580460040875849,40.000988259228514,8.580460040875849,"[[0.32839079918248304, 0.17160920081751696], [0.17160920081751696, 0.32839079918248304]]","[[0.5199980234815429, 0.180001976518457], [0.08000197651845703, 0.21999802348154296]]","[[16.41953995912415, 8.580460040875849], [8.580460040875849, 16.41953995912415]]","[[259.99901174077144, 90.0009882592285], [40.000988259228514, 109.99901174077148]]",0.09494241304247028,0.1822875754189648
P2_balanced_mild_di0p05_np100_nq200,P2,balanced_mild_di0p05,Balanced/mild power family,balanced_mild,balanced_mild_np100_nq200,100,200,2.0,0.5,0.5,0.3,0.4,1,1,0.07839079918248305,0.09999802348154296,0.0499999999999996,0.09999999999994569,-0.04999999999994609,0.05,0.17160920081751696,0.08000197651845703,17.160920081751698,16.000395303691406,16.000395303691406,"[[0.32839079918248304, 0.17160920081751696], [0.17160920081751696, 0.32839079918248304]]","[[0.5199980234815429, 0.180001976518457], [0.08000197651845703, 0.21999802348154296]]","[[32.8390799182483, 17.160920081751698], [17.160920081751698, 32.8390799182483]]","[[103.99960469630858, 36.0003953036914], [16.000395303691406, 43.999604696308594]]",0.09494241304247028,0.1822875754189648
P2_balanced_mild_di0p05_np100_nq500,P2,balanced_mild_di0p05,Balanced/mild power family,balanced_mild,balanced_mild_np100_nq500,100,500,5.0,0.5,0.5,0.3,0.4,1,1,0.07839079918248305,0.09999802348154296,0.0499999999999996,0.09999999999994569,-0.04999999999994609,0.05,0.17160920081751696,0.08000197651845703,17.160920081751698,40.000988259228514,17.160920081751698,"[[0.32839079918248304, 0.17160920081751696], [0.17160920081751696, 0.32839079918248304]]","[[0.5199980234815429, 0.180001976518457], [0.08000197651845703, 0.21999802348154296]]","[[32.8390799182483, 17.160920081751698], [17.160920081751698, 32.8390799182483]]","[[259.99901174077144, 90.0009882592285], [40.000988259228514, 109.99901174077148]]",0.09494241304247028,0.1822875754189648
P2_balanced_mild_di0p05_np100_nq1000,P2,balanced_mild_di0p05,Balanced/mild power family,balanced_mild,balanced_mild_np100_nq1000,100,1000,10.0,0.5,0.5,0.3,0.4,1,1,0.07839079918248305,0.09999802348154296,0.0499999999999996,0.09999999999994569,-0.04999999999994609,0.05,0.17160920081751696,0.08000197651845703,17.160920081751698,80.00197651845703,17.160920081751698,"[[0.32839079918248304, 0.17160920081751696], [0.17160920081751696, 0.32839079918248304]]","[[0.5199980234815429, 0.180001976518457], [0.08000197651845703, 0.21999802348154296]]","[[32.8390799182483, 17.160920081751698], [17.160920081751698, 32.8390799182483]]","[[519.9980234815429, 180.001976518457], [80.00197651845703, 219.99802348154296]]",0.09494241304247028,0.1822875754189648
P1_balanced_mild_di0p1_n10,P1,balanced_mild_di0p1,Balanced/mild power family,balanced_mild,balanced_mild_np10_nq10,10,10,1.0,0.5,0.5,0.3,0.4,1,1,0.07839079918248305,0.12129321798582204,0.0499999999999996,0.1499999999999998,-0.1000000000000002,0.1,0.17160920081751696,0.05870678201417795,1.7160920081751696,0.5870678201417795,0.5870678201417795,"[[0.32839079918248304, 0.17160920081751696], [0.17160920081751696, 0.32839079918248304]]","[[0.5412932179858221, 0.15870678201417793], [0.05870678201417795, 0.24129321798582204]]","[[3.2839079918248304, 1.7160920081751696], [1.7160920081751696, 3.2839079918248304]]","[[5.41293217985822, 1.5870678201417792], [0.5870678201417795, 2.4129321798582204]]",0.09494241304247028,0.25492479612873237
P1_balanced_mild_di0p1_n20,P1,balanced_mild_di0p1,Balanced/mild power family,balanced_mild,balanced_mild_np20_nq20,20,20,1.0,0.5,0.5,0.3,0.4,1,1,0.07839079918248305,0.12129321798582204,0.0499999999999996,0.1499999999999998,-0.1000000000000002,0.1,0.17160920081751696,0.05870678201417795,3.432184016350339,1.174135640283559,1.174135640283559,"[[0.32839079918248304, 0.17160920081751696], [0.17160920081751696, 0.32839079918248304]]","[[0.5412932179858221, 0.15870678201417793], [0.05870678201417795, 0.24129321798582204]]","[[6.567815983649661, 3.432184016350339], [3.432184016350339, 6.567815983649661]]","[[10.82586435971644, 3.1741356402835583], [1.174135640283559, 4.825864359716441]]",0.09494241304247028,0.25492479612873237
P1_balanced_mild_di0p1_n30,P1,balanced_mild_di0p1,Balanced/mild power family,balanced_mild,balanced_mild_np30_nq30,30,30,1.0,0.5,0.5,0.3,0.4,1,1,0.07839079918248305,0.12129321798582204,0.0499999999999996,0.1499999999999998,-0.1000000000000002,0.1,0.17160920081751696,0.05870678201417795,5.148276024525509,1.7612034604253384,1.7612034604253384,"[[0.32839079918248304, 0.17160920081751696], [0.17160920081751696, 0.32839079918248304]]","[[0.5412932179858221, 0.15870678201417793], [0.05870678201417795, 0.24129321798582204]]","[[9.851723975474492, 5.148276024525509], [5.148276024525509, 9.851723975474492]]","[[16.23879653957466, 4.761203460425338], [1.7612034604253384, 7.238796539574661]]",0.09494241304247028,0.25492479612873237
P1_balanced_mild_di0p1_n50,P1,balanced_mild_di0p1,Balanced/mild power family,balanced_mild,balanced_mild_np50_nq50,50,50,1.0,0.5,0.5,0.3,0.4,1,1,0.07839079918248305,0.12129321798582204,0.0499999999999996,0.1499999999999998,-0.1000000000000002,0.1,0.17160920081751696,0.05870678201417795,8.580460040875849,2.9353391007088976,2.9353391007088976,"[[0.32839079918248304, 0.17160920081751696], [0.17160920081751696, 0.32839079918248304]]","[[0.5412932179858221, 0.15870678201417793], [0.05870678201417795, 0.24129321798582204]]","[[16.41953995912415, 8.580460040875849], [8.580460040875849, 16.41953995912415]]","[[27.064660899291106, 7.935339100708896], [2.9353391007088976, 12.064660899291102]]",0.09494241304247028,0.25492479612873237
P1_balanced_mild_di0p1_n100,P1,balanced_mild_di0p1,Balanced/mild power family,balanced_mild,balanced_mild_np100_nq100,100,100,1.0,0.5,0.5,0.3,0.4,1,1,0.07839079918248305,0.12129321798582204,0.0499999999999996,0.1499999999999998,-0.1000000000000002,0.1,0.17160920081751696,0.05870678201417795,17.160920081751698,5.870678201417795,5.870678201417795,"[[0.32839079918248304, 0.17160920081751696], [0.17160920081751696, 0.32839079918248304]]","[[0.5412932179858221, 0.15870678201417793], [0.05870678201417795, 0.24129321798582204]]","[[32.8390799182483, 17.160920081751698], [17.160920081751698, 32.8390799182483]]","[[54.12932179858221, 15.870678201417793], [5.870678201417795, 24.129321798582204]]",0.09494241304247028,0.25492479612873237
P1_balanced_mild_di0p1_n200,P1,balanced_mild_di0p1,Balanced/mild power family,balanced_mild,balanced_mild_np200_nq200,200,200,1.0,0.5,0.5,0.3,0.4,1,1,0.07839079918248305,0.12129321798582204,0.0499999999999996,0.1499999999999998,-0.1000000000000002,0.1,0.17160920081751696,0.05870678201417795,34.321840163503396,11.74135640283559,11.74135640283559,"[[0.32839079918248304, 0.17160920081751696], [0.17160920081751696, 0.32839079918248304]]","[[0.5412932179858221, 0.15870678201417793], [0.05870678201417795, 0.24129321798582204]]","[[65.6781598364966, 34.321840163503396], [34.321840163503396, 65.6781598364966]]","[[108.25864359716442, 31.741356402835585], [11.74135640283559, 48.25864359716441]]",0.09494241304247028,0.25492479612873237
P1_balanced_mild_di0p1_n500,P1,balanced_mild_di0p1,Balanced/mild power family,balanced_mild,balanced_mild_np500_nq500,500,500,1.0,0.5,0.5,0.3,0.4,1,1,0.07839079918248305,0.12129321798582204,0.0499999999999996,0.1499999999999998,-0.1000000000000002,0.1,0.17160920081751696,0.05870678201417795,85.80460040875847,29.353391007088973,29.353391007088973,"[[0.32839079918248304, 0.17160920081751696], [0.17160920081751696, 0.32839079918248304]]","[[0.5412932179858221, 0.15870678201417793], [0.05870678201417795, 0.24129321798582204]]","[[164.1953995912415, 85.80460040875847], [85.80460040875847, 164.1953995912415]]","[[270.64660899291107, 79.35339100708896], [29.353391007088973, 120.64660899291101]]",0.09494241304247028,0.25492479612873237
P1_balanced_mild_di0p1_n1000,P1,balanced_mild_di0p1,Balanced/mild power family,balanced_mild,balanced_mild_np1000_nq1000,1000,1000,1.0,0.5,0.5,0.3,0.4,1,1,0.07839079918248305,0.12129321798582204,0.0499999999999996,0.1499999999999998,-0.1000000000000002,0.1,0.17160920081751696,0.05870678201417795,171.60920081751695,58.706782014177946,58.706782014177946,"[[0.32839079918248304, 0.17160920081751696], [0.17160920081751696, 0.32839079918248304]]","[[0.5412932179858221, 0.15870678201417793], [0.05870678201417795, 0.24129321798582204]]","[[328.390799182483, 171.60920081751695], [171.60920081751695, 328.390799182483]]","[[541.2932179858221, 158.70678201417792], [58.706782014177946, 241.29321798582203]]",0.09494241304247028,0.25492479612873237
P2_balanced_mild_di0p1_np20_nq40,P2,balanced_mild_di0p1,Balanced/mild power family,balanced_mild,balanced_mild_np20_nq40,20,40,2.0,0.5,0.5,0.3,0.4,1,1,0.07839079918248305,0.12129321798582204,0.0499999999999996,0.1499999999999998,-0.1000000000000002,0.1,0.17160920081751696,0.05870678201417795,3.432184016350339,2.348271280567118,2.348271280567118,"[[0.32839079918248304, 0.17160920081751696], [0.17160920081751696, 0.32839079918248304]]","[[0.5412932179858221, 0.15870678201417793], [0.05870678201417795, 0.24129321798582204]]","[[6.567815983649661, 3.432184016350339], [3.432184016350339, 6.567815983649661]]","[[21.65172871943288, 6.348271280567117], [2.348271280567118, 9.651728719432882]]",0.09494241304247028,0.25492479612873237
P2_balanced_mild_di0p1_np20_nq100,P2,balanced_mild_di0p1,Balanced/mild power family,balanced_mild,balanced_mild_np20_nq100,20,100,5.0,0.5,0.5,0.3,0.4,1,1,0.07839079918248305,0.12129321798582204,0.0499999999999996,0.1499999999999998,-0.1000000000000002,0.1,0.17160920081751696,0.05870678201417795,3.432184016350339,5.870678201417795,3.432184016350339,"[[0.32839079918248304, 0.17160920081751696], [0.17160920081751696, 0.32839079918248304]]","[[0.5412932179858221, 0.15870678201417793], [0.05870678201417795, 0.24129321798582204]]","[[6.567815983649661, 3.432184016350339], [3.432184016350339, 6.567815983649661]]","[[54.12932179858221, 15.870678201417793], [5.870678201417795, 24.129321798582204]]",0.09494241304247028,0.25492479612873237
P2_balanced_mild_di0p1_np20_nq200,P2,balanced_mild_di0p1,Balanced/mild power family,balanced_mild,balanced_mild_np20_nq200,20,200,10.0,0.5,0.5,0.3,0.4,1,1,0.07839079918248305,0.12129321798582204,0.0499999999999996,0.1499999999999998,-0.1000000000000002,0.1,0.17160920081751696,0.05870678201417795,3.432184016350339,11.74135640283559,3.432184016350339,"[[0.32839079918248304, 0.17160920081751696], [0.17160920081751696, 0.32839079918248304]]","[[0.5412932179858221, 0.15870678201417793], [0.05870678201417795, 0.24129321798582204]]","[[6.567815983649661, 3.432184016350339], [3.432184016350339, 6.567815983649661]]","[[108.25864359716442, 31.741356402835585], [11.74135640283559, 48.25864359716441]]",0.09494241304247028,0.25492479612873237
P2_balanced_mild_di0p1_np50_nq100,P2,balanced_mild_di0p1,Balanced/mild power family,balanced_mild,balanced_mild_np50_nq100,50,100,2.0,0.5,0.5,0.3,0.4,1,1,0.07839079918248305,0.12129321798582204,0.0499999999999996,0.1499999999999998,-0.1000000000000002,0.1,0.17160920081751696,0.05870678201417795,8.580460040875849,5.870678201417795,5.870678201417795,"[[0.32839079918248304, 0.17160920081751696], [0.17160920081751696, 0.32839079918248304]]","[[0.5412932179858221, 0.15870678201417793], [0.05870678201417795, 0.24129321798582204]]","[[16.41953995912415, 8.580460040875849], [8.580460040875849, 16.41953995912415]]","[[54.12932179858221, 15.870678201417793], [5.870678201417795, 24.129321798582204]]",0.09494241304247028,0.25492479612873237
P2_balanced_mild_di0p1_np50_nq250,P2,balanced_mild_di0p1,Balanced/mild power family,balanced_mild,balanced_mild_np50_nq250,50,250,5.0,0.5,0.5,0.3,0.4,1,1,0.07839079918248305,0.12129321798582204,0.0499999999999996,0.1499999999999998,-0.1000000000000002,0.1,0.17160920081751696,0.05870678201417795,8.580460040875849,14.676695503544487,8.580460040875849,"[[0.32839079918248304, 0.17160920081751696], [0.17160920081751696, 0.32839079918248304]]","[[0.5412932179858221, 0.15870678201417793], [0.05870678201417795, 0.24129321798582204]]","[[16.41953995912415, 8.580460040875849], [8.580460040875849, 16.41953995912415]]","[[135.32330449645553, 39.67669550354448], [14.676695503544487, 60.323304496455506]]",0.09494241304247028,0.25492479612873237
P2_balanced_mild_di0p1_np50_nq500,P2,balanced_mild_di0p1,Balanced/mild power family,balanced_mild,balanced_mild_np50_nq500,50,500,10.0,0.5,0.5,0.3,0.4,1,1,0.07839079918248305,0.12129321798582204,0.0499999999999996,0.1499999999999998,-0.1000000000000002,0.1,0.17160920081751696,0.05870678201417795,8.580460040875849,29.353391007088973,8.580460040875849,"[[0.32839079918248304, 0.17160920081751696], [0.17160920081751696, 0.32839079918248304]]","[[0.5412932179858221, 0.15870678201417793], [0.05870678201417795, 0.24129321798582204]]","[[16.41953995912415, 8.580460040875849], [8.580460040875849, 16.41953995912415]]","[[270.64660899291107, 79.35339100708896], [29.353391007088973, 120.64660899291101]]",0.09494241304247028,0.25492479612873237
P2_balanced_mild_di0p1_np100_nq200,P2,balanced_mild_di0p1,Balanced/mild power family,balanced_mild,balanced_mild_np100_nq200,100,200,2.0,0.5,0.5,0.3,0.4,1,1,0.07839079918248305,0.12129321798582204,0.0499999999999996,0.1499999999999998,-0.1000000000000002,0.1,0.17160920081751696,0.05870678201417795,17.160920081751698,11.74135640283559,11.74135640283559,"[[0.32839079918248304, 0.17160920081751696], [0.17160920081751696, 0.32839079918248304]]","[[0.5412932179858221, 0.15870678201417793], [0.05870678201417795, 0.24129321798582204]]","[[32.8390799182483, 17.160920081751698], [17.160920081751698, 32.8390799182483]]","[[108.25864359716442, 31.741356402835585], [11.74135640283559, 48.25864359716441]]",0.09494241304247028,0.25492479612873237
P2_balanced_mild_di0p1_np100_nq500,P2,balanced_mild_di0p1,Balanced/mild power family,balanced_mild,balanced_mild_np100_nq500,100,500,5.0,0.5,0.5,0.3,0.4,1,1,0.07839079918248305,0.12129321798582204,0.0499999999999996,0.1499999999999998,-0.1000000000000002,0.1,0.17160920081751696,0.05870678201417795,17.160920081751698,29.353391007088973,17.160920081751698,"[[0.32839079918248304, 0.17160920081751696], [0.17160920081751696, 0.32839079918248304]]","[[0.5412932179858221, 0.15870678201417793], [0.05870678201417795, 0.24129321798582204]]","[[32.8390799182483, 17.160920081751698], [17.160920081751698, 32.8390799182483]]","[[270.64660899291107, 79.35339100708896], [29.353391007088973, 120.64660899291101]]",0.09494241304247028,0.25492479612873237
P2_balanced_mild_di0p1_np100_nq1000,P2,balanced_mild_di0p1,Balanced/mild power family,balanced_mild,balanced_mild_np100_nq1000,100,1000,10.0,0.5,0.5,0.3,0.4,1,1,0.07839079918248305,0.12129321798582204,0.0499999999999996,0.1499999999999998,-0.1000000000000002,0.1,0.17160920081751696,0.05870678201417795,17.160920081751698,58.706782014177946,17.160920081751698,"[[0.32839079918248304, 0.17160920081751696], [0.17160920081751696, 0.32839079918248304]]","[[0.5412932179858221, 0.15870678201417793], [0.05870678201417795, 0.24129321798582204]]","[[32.8390799182483, 17.160920081751698], [17.160920081751698, 32.8390799182483]]","[[541.2932179858221, 158.70678201417792], [58.706782014177946, 241.29321798582203]]",0.09494241304247028,0.25492479612873237
P1_sparse_dim0p009_n10,P1,sparse_dim0p009,Sparse power family,sparse,sparse_np10_nq10,10,10,1.0,0.1,0.1,0.05,0.2,1,1,0.014455728986972094,0.004062450209578083,0.009999999999969145,0.0010000000001129106,0.008999999999856234,-0.009,0.024455728986972097,0.014062450209578085,0.24455728986972097,0.14062450209578084,0.14062450209578084,"[[0.8244557289869722, 0.07554427101302792], [0.07554427101302792, 0.024455728986972097]]","[[0.7640624502095781, 0.18593754979042193], [0.03593754979042192, 0.014062450209578085]]","[[8.244557289869721, 0.7554427101302792], [0.7554427101302792, 0.24455728986972097]]","[[7.640624502095781, 1.8593754979042192], [0.3593754979042192, 0.14062450209578084]]",0.02434798744293218,0.0021542234748377896
P1_sparse_dim0p009_n20,P1,sparse_dim0p009,Sparse power family,sparse,sparse_np20_nq20,20,20,1.0,0.1,0.1,0.05,0.2,1,1,0.014455728986972094,0.004062450209578083,0.009999999999969145,0.0010000000001129106,0.008999999999856234,-0.009,0.024455728986972097,0.014062450209578085,0.48911457973944195,0.2812490041915617,0.2812490041915617,"[[0.8244557289869722, 0.07554427101302792], [0.07554427101302792, 0.024455728986972097]]","[[0.7640624502095781, 0.18593754979042193], [0.03593754979042192, 0.014062450209578085]]","[[16.489114579739443, 1.5108854202605584], [1.5108854202605584, 0.48911457973944195]]","[[15.281249004191562, 3.7187509958084384], [0.7187509958084384, 0.2812490041915617]]",0.02434798744293218,0.0021542234748377896
P1_sparse_dim0p009_n30,P1,sparse_dim0p009,Sparse power family,sparse,sparse_np30_nq30,30,30,1.0,0.1,0.1,0.05,0.2,1,1,0.014455728986972094,0.004062450209578083,0.009999999999969145,0.0010000000001129106,0.008999999999856234,-0.009,0.024455728986972097,0.014062450209578085,0.7336718696091629,0.42187350628734255,0.42187350628734255,"[[0.8244557289869722, 0.07554427101302792], [0.07554427101302792, 0.024455728986972097]]","[[0.7640624502095781, 0.18593754979042193], [0.03593754979042192, 0.014062450209578085]]","[[24.733671869609164, 2.266328130390838], [2.266328130390838, 0.7336718696091629]]","[[22.92187350628734, 5.578126493712658], [1.0781264937126576, 0.42187350628734255]]",0.02434798744293218,0.0021542234748377896
P1_sparse_dim0p009_n50,P1,sparse_dim0p009,Sparse power family,sparse,sparse_np50_nq50,50,50,1.0,0.1,0.1,0.05,0.2,1,1,0.014455728986972094,0.004062450209578083,0.009999999999969145,0.0010000000001129106,0.008999999999856234,-0.009,0.024455728986972097,0.014062450209578085,1.222786449348605,0.7031225104789043,0.7031225104789043,"[[0.8244557289869722, 0.07554427101302792], [0.07554427101302792, 0.024455728986972097]]","[[0.7640624502095781, 0.18593754979042193], [0.03593754979042192, 0.014062450209578085]]","[[41.22278644934861, 3.777213550651396], [3.777213550651396, 1.222786449348605]]","[[38.203122510478906, 9.296877489521096], [1.7968774895210962, 0.7031225104789043]]",0.02434798744293218,0.0021542234748377896
P1_sparse_dim0p009_n100,P1,sparse_dim0p009,Sparse power family,sparse,sparse_np100_nq100,100,100,1.0,0.1,0.1,0.05,0.2,1,1,0.014455728986972094,0.004062450209578083,0.009999999999969145,0.0010000000001129106,0.008999999999856234,-0.009,0.024455728986972097,0.014062450209578085,2.44557289869721,1.4062450209578086,1.4062450209578086,"[[0.8244557289869722, 0.07554427101302792], [0.07554427101302792, 0.024455728986972097]]","[[0.7640624502095781, 0.18593754979042193], [0.03593754979042192, 0.014062450209578085]]","[[82.44557289869722, 7.554427101302792], [7.554427101302792, 2.44557289869721]]","[[76.40624502095781, 18.593754979042192], [3.5937549790421923, 1.4062450209578086]]",0.02434798744293218,0.0021542234748377896
P1_sparse_dim0p009_n200,P1,sparse_dim0p009,Sparse power family,sparse,sparse_np200_nq200,200,200,1.0,0.1,0.1,0.05,0.2,1,1,0.014455728986972094,0.004062450209578083,0.009999999999969145,0.0010000000001129106,0.008999999999856234,-0.009,0.024455728986972097,0.014062450209578085,4.89114579739442,2.812490041915617,2.812490041915617,"[[0.8244557289869722, 0.07554427101302792], [0.07554427101302792, 0.024455728986972097]]","[[0.7640624502095781, 0.18593754979042193], [0.03593754979042192, 0.014062450209578085]]","[[164.89114579739444, 15.108854202605585], [15.108854202605585, 4.89114579739442]]","[[152.81249004191562, 37.187509958084384], [7.187509958084385, 2.812490041915617]]",0.02434798744293218,0.0021542234748377896
P1_sparse_dim0p009_n500,P1,sparse_dim0p009,Sparse power family,sparse,sparse_np500_nq500,500,500,1.0,0.1,0.1,0.05,0.2,1,1,0.014455728986972094,0.004062450209578083,0.009999999999969145,0.0010000000001129106,0.008999999999856234,-0.009,0.024455728986972097,0.014062450209578085,12.227864493486049,7.031225104789042,7.031225104789042,"[[0.8244557289869722, 0.07554427101302792], [0.07554427101302792, 0.024455728986972097]]","[[0.7640624502095781, 0.18593754979042193], [0.03593754979042192, 0.014062450209578085]]","[[412.2278644934861, 37.77213550651396], [37.77213550651396, 12.227864493486049]]","[[382.03122510478903, 92.96877489521097], [17.96877489521096, 7.031225104789042]]",0.02434798744293218,0.0021542234748377896
P1_sparse_dim0p009_n1000,P1,sparse_dim0p009,Sparse power family,sparse,sparse_np1000_nq1000,1000,1000,1.0,0.1,0.1,0.05,0.2,1,1,0.014455728986972094,0.004062450209578083,0.009999999999969145,0.0010000000001129106,0.008999999999856234,-0.009,0.024455728986972097,0.014062450209578085,24.455728986972098,14.062450209578085,14.062450209578085,"[[0.8244557289869722, 0.07554427101302792], [0.07554427101302792, 0.024455728986972097]]","[[0.7640624502095781, 0.18593754979042193], [0.03593754979042192, 0.014062450209578085]]","[[824.4557289869722, 75.54427101302792], [75.54427101302792, 24.455728986972098]]","[[764.0624502095781, 185.93754979042194], [35.93754979042192, 14.062450209578085]]",0.02434798744293218,0.0021542234748377896
P1_sparse_dim0p005_n10,P1,sparse_dim0p005,Sparse power family,sparse,sparse_np10_nq10,10,10,1.0,0.1,0.1,0.05,0.2,1,1,0.014455728986972094,0.009446812105296647,0.009999999999969145,0.004999999999999949,0.004999999999969196,-0.005,0.024455728986972097,0.019446812105296647,0.24455728986972097,0.19446812105296646,0.19446812105296646,"[[0.8244557289869722, 0.07554427101302792], [0.07554427101302792, 0.024455728986972097]]","[[0.7694468121052966, 0.18055318789470334], [0.030553187894703362, 0.019446812105296647]]","[[8.244557289869721, 0.7554427101302792], [0.7554427101302792, 0.24455728986972097]]","[[7.694468121052966, 1.8055318789470334], [0.3055318789470336, 0.19446812105296646]]",0.02434798744293218,0.011382030569638978
P1_sparse_dim0p005_n20,P1,sparse_dim0p005,Sparse power family,sparse,sparse_np20_nq20,20,20,1.0,0.1,0.1,0.05,0.2,1,1,0.014455728986972094,0.009446812105296647,0.009999999999969145,0.004999999999999949,0.004999999999969196,-0.005,0.024455728986972097,0.019446812105296647,0.48911457973944195,0.3889362421059329,0.3889362421059329,"[[0.8244557289869722, 0.07554427101302792], [0.07554427101302792, 0.024455728986972097]]","[[0.7694468121052966, 0.18055318789470334], [0.030553187894703362, 0.019446812105296647]]","[[16.489114579739443, 1.5108854202605584], [1.5108854202605584, 0.48911457973944195]]","[[15.388936242105933, 3.6110637578940668], [0.6110637578940672, 0.3889362421059329]]",0.02434798744293218,0.011382030569638978
P1_sparse_dim0p005_n30,P1,sparse_dim0p005,Sparse power family,sparse,sparse_np30_nq30,30,30,1.0,0.1,0.1,0.05,0.2,1,1,0.014455728986972094,0.009446812105296647,0.009999999999969145,0.004999999999999949,0.004999999999969196,-0.005,0.024455728986972097,0.019446812105296647,0.7336718696091629,0.5834043631588994,0.5834043631588994,"[[0.8244557289869722, 0.07554427101302792], [0.07554427101302792, 0.024455728986972097]]","[[0.7694468121052966, 0.18055318789470334], [0.030553187894703362, 0.019446812105296647]]","[[24.733671869609164, 2.266328130390838], [2.266328130390838, 0.7336718696091629]]","[[23.0834043631589, 5.4165956368411], [0.9165956368411009, 0.5834043631588994]]",0.02434798744293218,0.011382030569638978
P1_sparse_dim0p005_n50,P1,sparse_dim0p005,Sparse power family,sparse,sparse_np50_nq50,50,50,1.0,0.1,0.1,0.05,0.2,1,1,0.014455728986972094,0.009446812105296647,0.009999999999969145,0.004999999999999949,0.004999999999969196,-0.005,0.024455728986972097,0.019446812105296647,1.222786449348605,0.9723406052648323,0.9723406052648323,"[[0.8244557289869722, 0.07554427101302792], [0.07554427101302792, 0.024455728986972097]]","[[0.7694468121052966, 0.18055318789470334], [0.030553187894703362, 0.019446812105296647]]","[[41.22278644934861, 3.777213550651396], [3.777213550651396, 1.222786449348605]]","[[38.47234060526483, 9.027659394735167], [1.5276593947351682, 0.9723406052648323]]",0.02434798744293218,0.011382030569638978
P1_sparse_dim0p005_n100,P1,sparse_dim0p005,Sparse power family,sparse,sparse_np100_nq100,100,100,1.0,0.1,0.1,0.05,0.2,1,1,0.014455728986972094,0.009446812105296647,0.009999999999969145,0.004999999999999949,0.004999999999969196,-0.005,0.024455728986972097,0.019446812105296647,2.44557289869721,1.9446812105296647,1.9446812105296647,"[[0.8244557289869722, 0.07554427101302792], [0.07554427101302792, 0.024455728986972097]]","[[0.7694468121052966, 0.18055318789470334], [0.030553187894703362, 0.019446812105296647]]","[[82.44557289869722, 7.554427101302792], [7.554427101302792, 2.44557289869721]]","[[76.94468121052967, 18.055318789470334], [3.0553187894703364, 1.9446812105296647]]",0.02434798744293218,0.011382030569638978
P1_sparse_dim0p005_n200,P1,sparse_dim0p005,Sparse power family,sparse,sparse_np200_nq200,200,200,1.0,0.1,0.1,0.05,0.2,1,1,0.014455728986972094,0.009446812105296647,0.009999999999969145,0.004999999999999949,0.004999999999969196,-0.005,0.024455728986972097,0.019446812105296647,4.89114579739442,3.8893624210593294,3.8893624210593294,"[[0.8244557289869722, 0.07554427101302792], [0.07554427101302792, 0.024455728986972097]]","[[0.7694468121052966, 0.18055318789470334], [0.030553187894703362, 0.019446812105296647]]","[[164.89114579739444, 15.108854202605585], [15.108854202605585, 4.89114579739442]]","[[153.88936242105933, 36.11063757894067], [6.110637578940673, 3.8893624210593294]]",0.02434798744293218,0.011382030569638978
P1_sparse_dim0p005_n500,P1,sparse_dim0p005,Sparse power family,sparse,sparse_np500_nq500,500,500,1.0,0.1,0.1,0.05,0.2,1,1,0.014455728986972094,0.009446812105296647,0.009999999999969145,0.004999999999999949,0.004999999999969196,-0.005,0.024455728986972097,0.019446812105296647,12.227864493486049,9.723406052648324,9.723406052648324,"[[0.8244557289869722, 0.07554427101302792], [0.07554427101302792, 0.024455728986972097]]","[[0.7694468121052966, 0.18055318789470334], [0.030553187894703362, 0.019446812105296647]]","[[412.2278644934861, 37.77213550651396], [37.77213550651396, 12.227864493486049]]","[[384.72340605264833, 90.27659394735167], [15.276593947351682, 9.723406052648324]]",0.02434798744293218,0.011382030569638978
P1_sparse_dim0p005_n1000,P1,sparse_dim0p005,Sparse power family,sparse,sparse_np1000_nq1000,1000,1000,1.0,0.1,0.1,0.05,0.2,1,1,0.014455728986972094,0.009446812105296647,0.009999999999969145,0.004999999999999949,0.004999999999969196,-0.005,0.024455728986972097,0.019446812105296647,24.455728986972098,19.446812105296647,19.446812105296647,"[[0.8244557289869722, 0.07554427101302792], [0.07554427101302792, 0.024455728986972097]]","[[0.7694468121052966, 0.18055318789470334], [0.030553187894703362, 0.019446812105296647]]","[[824.4557289869722, 75.54427101302792], [75.54427101302792, 24.455728986972098]]","[[769.4468121052967, 180.55318789470334], [30.553187894703363, 19.446812105296647]]",0.02434798744293218,0.011382030569638978
P1_sparse_dim0p002_n10,P1,sparse_dim0p002,Sparse power family,sparse,sparse_np10_nq10,10,10,1.0,0.1,0.1,0.05,0.2,1,1,0.014455728986972094,0.012129416696500785,0.009999999999969145,0.007999999999938223,0.0020000000000309215,-0.002,0.024455728986972097,0.022129416696500787,0.24455728986972097,0.22129416696500787,0.22129416696500787,"[[0.8244557289869722, 0.07554427101302792], [0.07554427101302792, 0.024455728986972097]]","[[0.7721294166965008, 0.17787058330349922], [0.027870583303499223, 0.022129416696500787]]","[[8.244557289869721, 0.7554427101302792], [0.7554427101302792, 0.24455728986972097]]","[[7.721294166965008, 1.7787058330349923], [0.27870583303499225, 0.22129416696500787]]",0.02434798744293218,0.01850446784640707
P1_sparse_dim0p002_n20,P1,sparse_dim0p002,Sparse power family,sparse,sparse_np20_nq20,20,20,1.0,0.1,0.1,0.05,0.2,1,1,0.014455728986972094,0.012129416696500785,0.009999999999969145,0.007999999999938223,0.0020000000000309215,-0.002,0.024455728986972097,0.022129416696500787,0.48911457973944195,0.44258833393001573,0.44258833393001573,"[[0.8244557289869722, 0.07554427101302792], [0.07554427101302792, 0.024455728986972097]]","[[0.7721294166965008, 0.17787058330349922], [0.027870583303499223, 0.022129416696500787]]","[[16.489114579739443, 1.5108854202605584], [1.5108854202605584, 0.48911457973944195]]","[[15.442588333930017, 3.5574116660699846], [0.5574116660699845, 0.44258833393001573]]",0.02434798744293218,0.01850446784640707
P1_sparse_dim0p002_n30,P1,sparse_dim0p002,Sparse power family,sparse,sparse_np30_nq30,30,30,1.0,0.1,0.1,0.05,0.2,1,1,0.014455728986972094,0.012129416696500785,0.009999999999969145,0.007999999999938223,0.0020000000000309215,-0.002,0.024455728986972097,0.022129416696500787,0.7336718696091629,0.6638825008950235,0.6638825008950235,"[[0.8244557289869722, 0.07554427101302792], [0.07554427101302792, 0.024455728986972097]]","[[0.7721294166965008, 0.17787058330349922], [0.027870583303499223, 0.022129416696500787]]","[[24.733671869609164, 2.266328130390838], [2.266328130390838, 0.7336718696091629]]","[[23.163882500895024, 5.336117499104977], [0.8361174991049767, 0.6638825008950235]]",0.02434798744293218,0.01850446784640707
P1_sparse_dim0p002_n50,P1,sparse_dim0p002,Sparse power family,sparse,sparse_np50_nq50,50,50,1.0,0.1,0.1,0.05,0.2,1,1,0.014455728986972094,0.012129416696500785,0.009999999999969145,0.007999999999938223,0.0020000000000309215,-0.002,0.024455728986972097,0.022129416696500787,1.222786449348605,1.1064708348250394,1.1064708348250394,"[[0.8244557289869722, 0.07554427101302792], [0.07554427101302792, 0.024455728986972097]]","[[0.7721294166965008, 0.17787058330349922], [0.027870583303499223, 0.022129416696500787]]","[[41.22278644934861, 3.777213550651396], [3.777213550651396, 1.222786449348605]]","[[38.60647083482504, 8.89352916517496], [1.393529165174961, 1.1064708348250394]]",0.02434798744293218,0.01850446784640707
P1_sparse_dim0p002_n100,P1,sparse_dim0p002,Sparse power family,sparse,sparse_np100_nq100,100,100,1.0,0.1,0.1,0.05,0.2,1,1,0.014455728986972094,0.012129416696500785,0.009999999999969145,0.007999999999938223,0.0020000000000309215,-0.002,0.024455728986972097,0.022129416696500787,2.44557289869721,2.2129416696500788,2.2129416696500788,"[[0.8244557289869722, 0.07554427101302792], [0.07554427101302792, 0.024455728986972097]]","[[0.7721294166965008, 0.17787058330349922], [0.027870583303499223, 0.022129416696500787]]","[[82.44557289869722, 7.554427101302792], [7.554427101302792, 2.44557289869721]]","[[77.21294166965008, 17.78705833034992], [2.787058330349922, 2.2129416696500788]]",0.02434798744293218,0.01850446784640707
P1_sparse_dim0p002_n200,P1,sparse_dim0p002,Sparse power family,sparse,sparse_np200_nq200,200,200,1.0,0.1,0.1,0.05,0.2,1,1,0.014455728986972094,0.012129416696500785,0.009999999999969145,0.007999999999938223,0.0020000000000309215,-0.002,0.024455728986972097,0.022129416696500787,4.89114579739442,4.4258833393001575,4.4258833393001575,"[[0.8244557289869722, 0.07554427101302792], [0.07554427101302792, 0.024455728986972097]]","[[0.7721294166965008, 0.17787058330349922], [0.027870583303499223, 0.022129416696500787]]","[[164.89114579739444, 15.108854202605585], [15.108854202605585, 4.89114579739442]]","[[154.42588333930016, 35.57411666069984], [5.574116660699844, 4.4258833393001575]]",0.02434798744293218,0.01850446784640707
P1_sparse_dim0p002_n500,P1,sparse_dim0p002,Sparse power family,sparse,sparse_np500_nq500,500,500,1.0,0.1,0.1,0.05,0.2,1,1,0.014455728986972094,0.012129416696500785,0.009999999999969145,0.007999999999938223,0.0020000000000309215,-0.002,0.024455728986972097,0.022129416696500787,12.227864493486049,11.064708348250393,11.064708348250393,"[[0.8244557289869722, 0.07554427101302792], [0.07554427101302792, 0.024455728986972097]]","[[0.7721294166965008, 0.17787058330349922], [0.027870583303499223, 0.022129416696500787]]","[[412.2278644934861, 37.77213550651396], [37.77213550651396, 12.227864493486049]]","[[386.0647083482504, 88.93529165174961], [13.935291651749612, 11.064708348250393]]",0.02434798744293218,0.01850446784640707
P1_sparse_dim0p002_n1000,P1,sparse_dim0p002,Sparse power family,sparse,sparse_np1000_nq1000,1000,1000,1.0,0.1,0.1,0.05,0.2,1,1,0.014455728986972094,0.012129416696500785,0.009999999999969145,0.007999999999938223,0.0020000000000309215,-0.002,0.024455728986972097,0.022129416696500787,24.455728986972098,22.129416696500787,22.129416696500787,"[[0.8244557289869722, 0.07554427101302792], [0.07554427101302792, 0.024455728986972097]]","[[0.7721294166965008, 0.17787058330349922], [0.027870583303499223, 0.022129416696500787]]","[[824.4557289869722, 75.54427101302792], [75.54427101302792, 24.455728986972098]]","[[772.1294166965008, 177.87058330349922], [27.870583303499224, 22.129416696500787]]",0.02434798744293218,0.01850446784640707
P1_sparse_di0_n10,P1,sparse_di0,Sparse power family,sparse,sparse_np10_nq10,10,10,1.0,0.1,0.1,0.05,0.2,1,1,0.014455728986972094,0.013662417849468648,0.009999999999969145,0.009999999999998066,-2.892130979148533e-14,0.0,0.024455728986972097,0.02366241784946865,0.24455728986972097,0.2366241784946865,0.2366241784946865,"[[0.8244557289869722, 0.07554427101302792], [0.07554427101302792, 0.024455728986972097]]","[[0.7736624178494687, 0.17633758215053136], [0.02633758215053136, 0.02366241784946865]]","[[8.244557289869721, 0.7554427101302792], [0.7554427101302792, 0.24455728986972097]]","[[7.7366241784946865, 1.7633758215053135], [0.2633758215053136, 0.2366241784946865]]",0.02434798744293218,0.023280590840405208
P1_sparse_di0_n20,P1,sparse_di0,Sparse power family,sparse,sparse_np20_nq20,20,20,1.0,0.1,0.1,0.05,0.2,1,1,0.014455728986972094,0.013662417849468648,0.009999999999969145,0.009999999999998066,-2.892130979148533e-14,0.0,0.024455728986972097,0.02366241784946865,0.48911457973944195,0.473248356989373,0.473248356989373,"[[0.8244557289869722, 0.07554427101302792], [0.07554427101302792, 0.024455728986972097]]","[[0.7736624178494687, 0.17633758215053136], [0.02633758215053136, 0.02366241784946865]]","[[16.489114579739443, 1.5108854202605584], [1.5108854202605584, 0.48911457973944195]]","[[15.473248356989373, 3.526751643010627], [0.5267516430106272, 0.473248356989373]]",0.02434798744293218,0.023280590840405208
P1_sparse_di0_n30,P1,sparse_di0,Sparse power family,sparse,sparse_np30_nq30,30,30,1.0,0.1,0.1,0.05,0.2,1,1,0.014455728986972094,0.013662417849468648,0.009999999999969145,0.009999999999998066,-2.892130979148533e-14,0.0,0.024455728986972097,0.02366241784946865,0.7336718696091629,0.7098725354840595,0.7098725354840595,"[[0.8244557289869722, 0.07554427101302792], [0.07554427101302792, 0.024455728986972097]]","[[0.7736624178494687, 0.17633758215053136], [0.02633758215053136, 0.02366241784946865]]","[[24.733671869609164, 2.266328130390838], [2.266328130390838, 0.7336718696091629]]","[[23.20987253548406, 5.29012746451594], [0.7901274645159408, 0.7098725354840595]]",0.02434798744293218,0.023280590840405208
P1_sparse_di0_n50,P1,sparse_di0,Sparse power family,sparse,sparse_np50_nq50,50,50,1.0,0.1,0.1,0.05,0.2,1,1,0.014455728986972094,0.013662417849468648,0.009999999999969145,0.009999999999998066,-2.892130979148533e-14,0.0,0.024455728986972097,0.02366241784946865,1.222786449348605,1.1831208924734324,1.1831208924734324,"[[0.8244557289869722, 0.07554427101302792], [0.07554427101302792, 0.024455728986972097]]","[[0.7736624178494687, 0.17633758215053136], [0.02633758215053136, 0.02366241784946865]]","[[41.22278644934861, 3.777213550651396], [3.777213550651396, 1.222786449348605]]","[[38.68312089247343, 8.816879107526567], [1.316879107526568, 1.1831208924734324]]",0.02434798744293218,0.023280590840405208
P1_sparse_di0_n100,P1,sparse_di0,Sparse power family,sparse,sparse_np100_nq100,100,100,1.0,0.1,0.1,0.05,0.2,1,1,0.014455728986972094,0.013662417849468648,0.009999999999969145,0.009999999999998066,-2.892130979148533e-14,0.0,0.024455728986972097,0.02366241784946865,2.44557289869721,2.366241784946865,2.366241784946865,"[[0.8244557289869722, 0.07554427101302792], [0.07554427101302792, 0.024455728986972097]]","[[0.7736624178494687, 0.17633758215053136], [0.02633758215053136, 0.02366241784946865]]","[[82.44557289869722, 7.554427101302792], [7.554427101302792, 2.44557289869721]]","[[77.36624178494687, 17.633758215053135], [2.633758215053136, 2.366241784946865]]",0.02434798744293218,0.023280590840405208
P1_sparse_di0_n200,P1,sparse_di0,Sparse power family,sparse,sparse_np200_nq200,200,200,1.0,0.1,0.1,0.05,0.2,1,1,0.014455728986972094,0.013662417849468648,0.009999999999969145,0.009999999999998066,-2.892130979148533e-14,0.0,0.024455728986972097,0.02366241784946865,4.89114579739442,4.73248356989373,4.73248356989373,"[[0.8244557289869722, 0.07554427101302792], [0.07554427101302792, 0.024455728986972097]]","[[0.7736624178494687, 0.17633758215053136], [0.02633758215053136, 0.02366241784946865]]","[[164.89114579739444, 15.108854202605585], [15.108854202605585, 4.89114579739442]]","[[154.73248356989373, 35.26751643010627], [5.267516430106272, 4.73248356989373]]",0.02434798744293218,0.023280590840405208
P1_sparse_di0_n500,P1,sparse_di0,Sparse power family,sparse,sparse_np500_nq500,500,500,1.0,0.1,0.1,0.05,0.2,1,1,0.014455728986972094,0.013662417849468648,0.009999999999969145,0.009999999999998066,-2.892130979148533e-14,0.0,0.024455728986972097,0.02366241784946865,12.227864493486049,11.831208924734325,11.831208924734325,"[[0.8244557289869722, 0.07554427101302792], [0.07554427101302792, 0.024455728986972097]]","[[0.7736624178494687, 0.17633758215053136], [0.02633758215053136, 0.02366241784946865]]","[[412.2278644934861, 37.77213550651396], [37.77213550651396, 12.227864493486049]]","[[386.8312089247343, 88.16879107526567], [13.16879107526568, 11.831208924734325]]",0.02434798744293218,0.023280590840405208
P1_sparse_di0_n1000,P1,sparse_di0,Sparse power family,sparse,sparse_np1000_nq1000,1000,1000,1.0,0.1,0.1,0.05,0.2,1,1,0.014455728986972094,0.013662417849468648,0.009999999999969145,0.009999999999998066,-2.892130979148533e-14,0.0,0.024455728986972097,0.02366241784946865,24.455728986972098,23.66241784946865,23.66241784946865,"[[0.8244557289869722, 0.07554427101302792], [0.07554427101302792, 0.024455728986972097]]","[[0.7736624178494687, 0.17633758215053136], [0.02633758215053136, 0.02366241784946865]]","[[824.4557289869722, 75.54427101302792], [75.54427101302792, 24.455728986972098]]","[[773.6624178494686, 176.33758215053135], [26.33758215053136, 23.66241784946865]]",0.02434798744293218,0.023280590840405208
P2_sparse_di0_np20_nq40,P2,sparse_di0,Sparse power family,sparse,sparse_np20_nq40,20,40,2.0,0.1,0.1,0.05,0.2,1,1,0.014455728986972094,0.013662417849468648,0.009999999999969145,0.009999999999998066,-2.892130979148533e-14,0.0,0.024455728986972097,0.02366241784946865,0.48911457973944195,0.946496713978746,0.48911457973944195,"[[0.8244557289869722, 0.07554427101302792], [0.07554427101302792, 0.024455728986972097]]","[[0.7736624178494687, 0.17633758215053136], [0.02633758215053136, 0.02366241784946865]]","[[16.489114579739443, 1.5108854202605584], [1.5108854202605584, 0.48911457973944195]]","[[30.946496713978746, 7.053503286021254], [1.0535032860212543, 0.946496713978746]]",0.02434798744293218,0.023280590840405208
P2_sparse_di0_np20_nq100,P2,sparse_di0,Sparse power family,sparse,sparse_np20_nq100,20,100,5.0,0.1,0.1,0.05,0.2,1,1,0.014455728986972094,0.013662417849468648,0.009999999999969145,0.009999999999998066,-2.892130979148533e-14,0.0,0.024455728986972097,0.02366241784946865,0.48911457973944195,2.366241784946865,0.48911457973944195,"[[0.8244557289869722, 0.07554427101302792], [0.07554427101302792, 0.024455728986972097]]","[[0.7736624178494687, 0.17633758215053136], [0.02633758215053136, 0.02366241784946865]]","[[16.489114579739443, 1.5108854202605584], [1.5108854202605584, 0.48911457973944195]]","[[77.36624178494687, 17.633758215053135], [2.633758215053136, 2.366241784946865]]",0.02434798744293218,0.023280590840405208
P2_sparse_di0_np20_nq200,P2,sparse_di0,Sparse power family,sparse,sparse_np20_nq200,20,200,10.0,0.1,0.1,0.05,0.2,1,1,0.014455728986972094,0.013662417849468648,0.009999999999969145,0.009999999999998066,-2.892130979148533e-14,0.0,0.024455728986972097,0.02366241784946865,0.48911457973944195,4.73248356989373,0.48911457973944195,"[[0.8244557289869722, 0.07554427101302792], [0.07554427101302792, 0.024455728986972097]]","[[0.7736624178494687, 0.17633758215053136], [0.02633758215053136, 0.02366241784946865]]","[[16.489114579739443, 1.5108854202605584], [1.5108854202605584, 0.48911457973944195]]","[[154.73248356989373, 35.26751643010627], [5.267516430106272, 4.73248356989373]]",0.02434798744293218,0.023280590840405208
P2_sparse_di0_np50_nq100,P2,sparse_di0,Sparse power family,sparse,sparse_np50_nq100,50,100,2.0,0.1,0.1,0.05,0.2,1,1,0.014455728986972094,0.013662417849468648,0.009999999999969145,0.009999999999998066,-2.892130979148533e-14,0.0,0.024455728986972097,0.02366241784946865,1.222786449348605,2.366241784946865,1.222786449348605,"[[0.8244557289869722, 0.07554427101302792], [0.07554427101302792, 0.024455728986972097]]","[[0.7736624178494687, 0.17633758215053136], [0.02633758215053136, 0.02366241784946865]]","[[41.22278644934861, 3.777213550651396], [3.777213550651396, 1.222786449348605]]","[[77.36624178494687, 17.633758215053135], [2.633758215053136, 2.366241784946865]]",0.02434798744293218,0.023280590840405208
P2_sparse_di0_np50_nq250,P2,sparse_di0,Sparse power family,sparse,sparse_np50_nq250,50,250,5.0,0.1,0.1,0.05,0.2,1,1,0.014455728986972094,0.013662417849468648,0.009999999999969145,0.009999999999998066,-2.892130979148533e-14,0.0,0.024455728986972097,0.02366241784946865,1.222786449348605,5.915604462367162,1.222786449348605,"[[0.8244557289869722, 0.07554427101302792], [0.07554427101302792, 0.024455728986972097]]","[[0.7736624178494687, 0.17633758215053136], [0.02633758215053136, 0.02366241784946865]]","[[41.22278644934861, 3.777213550651396], [3.777213550651396, 1.222786449348605]]","[[193.41560446236716, 44.08439553763284], [6.58439553763284, 5.915604462367162]]",0.02434798744293218,0.023280590840405208
P2_sparse_di0_np50_nq500,P2,sparse_di0,Sparse power family,sparse,sparse_np50_nq500,50,500,10.0,0.1,0.1,0.05,0.2,1,1,0.014455728986972094,0.013662417849468648,0.009999999999969145,0.009999999999998066,-2.892130979148533e-14,0.0,0.024455728986972097,0.02366241784946865,1.222786449348605,11.831208924734325,1.222786449348605,"[[0.8244557289869722, 0.07554427101302792], [0.07554427101302792, 0.024455728986972097]]","[[0.7736624178494687, 0.17633758215053136], [0.02633758215053136, 0.02366241784946865]]","[[41.22278644934861, 3.777213550651396], [3.777213550651396, 1.222786449348605]]","[[386.8312089247343, 88.16879107526567], [13.16879107526568, 11.831208924734325]]",0.02434798744293218,0.023280590840405208
P2_sparse_di0_np100_nq200,P2,sparse_di0,Sparse power family,sparse,sparse_np100_nq200,100,200,2.0,0.1,0.1,0.05,0.2,1,1,0.014455728986972094,0.013662417849468648,0.009999999999969145,0.009999999999998066,-2.892130979148533e-14,0.0,0.024455728986972097,0.02366241784946865,2.44557289869721,4.73248356989373,2.44557289869721,"[[0.8244557289869722, 0.07554427101302792], [0.07554427101302792, 0.024455728986972097]]","[[0.7736624178494687, 0.17633758215053136], [0.02633758215053136, 0.02366241784946865]]","[[82.44557289869722, 7.554427101302792], [7.554427101302792, 2.44557289869721]]","[[154.73248356989373, 35.26751643010627], [5.267516430106272, 4.73248356989373]]",0.02434798744293218,0.023280590840405208
P2_sparse_di0_np100_nq500,P2,sparse_di0,Sparse power family,sparse,sparse_np100_nq500,100,500,5.0,0.1,0.1,0.05,0.2,1,1,0.014455728986972094,0.013662417849468648,0.009999999999969145,0.009999999999998066,-2.892130979148533e-14,0.0,0.024455728986972097,0.02366241784946865,2.44557289869721,11.831208924734325,2.44557289869721,"[[0.8244557289869722, 0.07554427101302792], [0.07554427101302792, 0.024455728986972097]]","[[0.7736624178494687, 0.17633758215053136], [0.02633758215053136, 0.02366241784946865]]","[[82.44557289869722, 7.554427101302792], [7.554427101302792, 2.44557289869721]]","[[386.8312089247343, 88.16879107526567], [13.16879107526568, 11.831208924734325]]",0.02434798744293218,0.023280590840405208
P2_sparse_di0_np100_nq1000,P2,sparse_di0,Sparse power family,sparse,sparse_np100_nq1000,100,1000,10.0,0.1,0.1,0.05,0.2,1,1,0.014455728986972094,0.013662417849468648,0.009999999999969145,0.009999999999998066,-2.892130979148533e-14,0.0,0.024455728986972097,0.02366241784946865,2.44557289869721,23.66241784946865,2.44557289869721,"[[0.8244557289869722, 0.07554427101302792], [0.07554427101302792, 0.024455728986972097]]","[[0.7736624178494687, 0.17633758215053136], [0.02633758215053136, 0.02366241784946865]]","[[82.44557289869722, 7.554427101302792], [7.554427101302792, 2.44557289869721]]","[[773.6624178494686, 176.33758215053135], [26.33758215053136, 23.66241784946865]]",0.02434798744293218,0.023280590840405208
P1_sparse_di0p002_n10,P1,sparse_di0p002,Sparse power family,sparse,sparse_np10_nq10,10,10,1.0,0.1,0.1,0.05,0.2,1,1,0.014455728986972094,0.015058651546051833,0.009999999999969145,0.011999999999999678,-0.002000000000030533,0.002,0.024455728986972097,0.024941348453948173,0.24455728986972097,0.24941348453948173,0.24455728986972097,"[[0.8244557289869722, 0.07554427101302792], [0.07554427101302792, 0.024455728986972097]]","[[0.7750586515460518, 0.17494134845394818], [0.024941348453948173, 0.025058651546051837]]","[[8.244557289869721, 0.7554427101302792], [0.7554427101302792, 0.24455728986972097]]","[[7.750586515460518, 1.7494134845394818], [0.24941348453948173, 0.25058651546051836]]",0.02434798744293218,0.028058717121321023
P1_sparse_di0p002_n20,P1,sparse_di0p002,Sparse power family,sparse,sparse_np20_nq20,20,20,1.0,0.1,0.1,0.05,0.2,1,1,0.014455728986972094,0.015058651546051833,0.009999999999969145,0.011999999999999678,-0.002000000000030533,0.002,0.024455728986972097,0.024941348453948173,0.48911457973944195,0.49882696907896346,0.48911457973944195,"[[0.8244557289869722, 0.07554427101302792], [0.07554427101302792, 0.024455728986972097]]","[[0.7750586515460518, 0.17494134845394818], [0.024941348453948173, 0.025058651546051837]]","[[16.489114579739443, 1.5108854202605584], [1.5108854202605584, 0.48911457973944195]]","[[15.501173030921036, 3.4988269690789635], [0.49882696907896346, 0.5011730309210367]]",0.02434798744293218,0.028058717121321023
P1_sparse_di0p002_n30,P1,sparse_di0p002,Sparse power family,sparse,sparse_np30_nq30,30,30,1.0,0.1,0.1,0.05,0.2,1,1,0.014455728986972094,0.015058651546051833,0.009999999999969145,0.011999999999999678,-0.002000000000030533,0.002,0.024455728986972097,0.024941348453948173,0.7336718696091629,0.7482404536184452,0.7336718696091629,"[[0.8244557289869722, 0.07554427101302792], [0.07554427101302792, 0.024455728986972097]]","[[0.7750586515460518, 0.17494134845394818], [0.024941348453948173, 0.025058651546051837]]","[[24.733671869609164, 2.266328130390838], [2.266328130390838, 0.7336718696091629]]","[[23.251759546381553, 5.248240453618445], [0.7482404536184452, 0.7517595463815551]]",0.02434798744293218,0.028058717121321023
P1_sparse_di0p002_n50,P1,sparse_di0p002,Sparse power family,sparse,sparse_np50_nq50,50,50,1.0,0.1,0.1,0.05,0.2,1,1,0.014455728986972094,0.015058651546051833,0.009999999999969145,0.011999999999999678,-0.002000000000030533,0.002,0.024455728986972097,0.024941348453948173,1.222786449348605,1.2470674226974086,1.222786449348605,"[[0.8244557289869722, 0.07554427101302792], [0.07554427101302792, 0.024455728986972097]]","[[0.7750586515460518, 0.17494134845394818], [0.024941348453948173, 0.025058651546051837]]","[[41.22278644934861, 3.777213550651396], [3.777213550651396, 1.222786449348605]]","[[38.75293257730259, 8.747067422697409], [1.2470674226974086, 1.2529325773025919]]",0.02434798744293218,0.028058717121321023
P1_sparse_di0p002_n100,P1,sparse_di0p002,Sparse power family,sparse,sparse_np100_nq100,100,100,1.0,0.1,0.1,0.05,0.2,1,1,0.014455728986972094,0.015058651546051833,0.009999999999969145,0.011999999999999678,-0.002000000000030533,0.002,0.024455728986972097,0.024941348453948173,2.44557289869721,2.494134845394817,2.44557289869721,"[[0.8244557289869722, 0.07554427101302792], [0.07554427101302792, 0.024455728986972097]]","[[0.7750586515460518, 0.17494134845394818], [0.024941348453948173, 0.025058651546051837]]","[[82.44557289869722, 7.554427101302792], [7.554427101302792, 2.44557289869721]]","[[77.50586515460517, 17.494134845394818], [2.494134845394817, 2.5058651546051838]]",0.02434798744293218,0.028058717121321023
P1_sparse_di0p002_n200,P1,sparse_di0p002,Sparse power family,sparse,sparse_np200_nq200,200,200,1.0,0.1,0.1,0.05,0.2,1,1,0.014455728986972094,0.015058651546051833,0.009999999999969145,0.011999999999999678,-0.002000000000030533,0.002,0.024455728986972097,0.024941348453948173,4.89114579739442,4.988269690789634,4.89114579739442,"[[0.8244557289869722, 0.07554427101302792], [0.07554427101302792, 0.024455728986972097]]","[[0.7750586515460518, 0.17494134845394818], [0.024941348453948173, 0.025058651546051837]]","[[164.89114579739444, 15.108854202605585], [15.108854202605585, 4.89114579739442]]","[[155.01173030921035, 34.988269690789636], [4.988269690789634, 5.0117303092103676]]",0.02434798744293218,0.028058717121321023
P1_sparse_di0p002_n500,P1,sparse_di0p002,Sparse power family,sparse,sparse_np500_nq500,500,500,1.0,0.1,0.1,0.05,0.2,1,1,0.014455728986972094,0.015058651546051833,0.009999999999969145,0.011999999999999678,-0.002000000000030533,0.002,0.024455728986972097,0.024941348453948173,12.227864493486049,12.470674226974086,12.227864493486049,"[[0.8244557289869722, 0.07554427101302792], [0.07554427101302792, 0.024455728986972097]]","[[0.7750586515460518, 0.17494134845394818], [0.024941348453948173, 0.025058651546051837]]","[[412.2278644934861, 37.77213550651396], [37.77213550651396, 12.227864493486049]]","[[387.5293257730259, 87.4706742269741], [12.470674226974086, 12.529325773025919]]",0.02434798744293218,0.028058717121321023
P1_sparse_di0p002_n1000,P1,sparse_di0p002,Sparse power family,sparse,sparse_np1000_nq1000,1000,1000,1.0,0.1,0.1,0.05,0.2,1,1,0.014455728986972094,0.015058651546051833,0.009999999999969145,0.011999999999999678,-0.002000000000030533,0.002,0.024455728986972097,0.024941348453948173,24.455728986972098,24.941348453948173,24.455728986972098,"[[0.8244557289869722, 0.07554427101302792], [0.07554427101302792, 0.024455728986972097]]","[[0.7750586515460518, 0.17494134845394818], [0.024941348453948173, 0.025058651546051837]]","[[824.4557289869722, 75.54427101302792], [75.54427101302792, 24.455728986972098]]","[[775.0586515460518, 174.9413484539482], [24.941348453948173, 25.058651546051838]]",0.02434798744293218,0.028058717121321023
P2_sparse_di0p002_np20_nq40,P2,sparse_di0p002,Sparse power family,sparse,sparse_np20_nq40,20,40,2.0,0.1,0.1,0.05,0.2,1,1,0.014455728986972094,0.015058651546051833,0.009999999999969145,0.011999999999999678,-0.002000000000030533,0.002,0.024455728986972097,0.024941348453948173,0.48911457973944195,0.9976539381579269,0.48911457973944195,"[[0.8244557289869722, 0.07554427101302792], [0.07554427101302792, 0.024455728986972097]]","[[0.7750586515460518, 0.17494134845394818], [0.024941348453948173, 0.025058651546051837]]","[[16.489114579739443, 1.5108854202605584], [1.5108854202605584, 0.48911457973944195]]","[[31.002346061842072, 6.997653938157927], [0.9976539381579269, 1.0023460618420734]]",0.02434798744293218,0.028058717121321023
P2_sparse_di0p002_np20_nq100,P2,sparse_di0p002,Sparse power family,sparse,sparse_np20_nq100,20,100,5.0,0.1,0.1,0.05,0.2,1,1,0.014455728986972094,0.015058651546051833,0.009999999999969145,0.011999999999999678,-0.002000000000030533,0.002,0.024455728986972097,0.024941348453948173,0.48911457973944195,2.494134845394817,0.48911457973944195,"[[0.8244557289869722, 0.07554427101302792], [0.07554427101302792, 0.024455728986972097]]","[[0.7750586515460518, 0.17494134845394818], [0.024941348453948173, 0.025058651546051837]]","[[16.489114579739443, 1.5108854202605584], [1.5108854202605584, 0.48911457973944195]]","[[77.50586515460517, 17.494134845394818], [2.494134845394817, 2.5058651546051838]]",0.02434798744293218,0.028058717121321023
P2_sparse_di0p002_np20_nq200,P2,sparse_di0p002,Sparse power family,sparse,sparse_np20_nq200,20,200,10.0,0.1,0.1,0.05,0.2,1,1,0.014455728986972094,0.015058651546051833,0.009999999999969145,0.011999999999999678,-0.002000000000030533,0.002,0.024455728986972097,0.024941348453948173,0.48911457973944195,4.988269690789634,0.48911457973944195,"[[0.8244557289869722, 0.07554427101302792], [0.07554427101302792, 0.024455728986972097]]","[[0.7750586515460518, 0.17494134845394818], [0.024941348453948173, 0.025058651546051837]]","[[16.489114579739443, 1.5108854202605584], [1.5108854202605584, 0.48911457973944195]]","[[155.01173030921035, 34.988269690789636], [4.988269690789634, 5.0117303092103676]]",0.02434798744293218,0.028058717121321023
P2_sparse_di0p002_np50_nq100,P2,sparse_di0p002,Sparse power family,sparse,sparse_np50_nq100,50,100,2.0,0.1,0.1,0.05,0.2,1,1,0.014455728986972094,0.015058651546051833,0.009999999999969145,0.011999999999999678,-0.002000000000030533,0.002,0.024455728986972097,0.024941348453948173,1.222786449348605,2.494134845394817,1.222786449348605,"[[0.8244557289869722, 0.07554427101302792], [0.07554427101302792, 0.024455728986972097]]","[[0.7750586515460518, 0.17494134845394818], [0.024941348453948173, 0.025058651546051837]]","[[41.22278644934861, 3.777213550651396], [3.777213550651396, 1.222786449348605]]","[[77.50586515460517, 17.494134845394818], [2.494134845394817, 2.5058651546051838]]",0.02434798744293218,0.028058717121321023
P2_sparse_di0p002_np50_nq250,P2,sparse_di0p002,Sparse power family,sparse,sparse_np50_nq250,50,250,5.0,0.1,0.1,0.05,0.2,1,1,0.014455728986972094,0.015058651546051833,0.009999999999969145,0.011999999999999678,-0.002000000000030533,0.002,0.024455728986972097,0.024941348453948173,1.222786449348605,6.235337113487043,1.222786449348605,"[[0.8244557289869722, 0.07554427101302792], [0.07554427101302792, 0.024455728986972097]]","[[0.7750586515460518, 0.17494134845394818], [0.024941348453948173, 0.025058651546051837]]","[[41.22278644934861, 3.777213550651396], [3.777213550651396, 1.222786449348605]]","[[193.76466288651295, 43.73533711348705], [6.235337113487043, 6.264662886512959]]",0.02434798744293218,0.028058717121321023
P2_sparse_di0p002_np50_nq500,P2,sparse_di0p002,Sparse power family,sparse,sparse_np50_nq500,50,500,10.0,0.1,0.1,0.05,0.2,1,1,0.014455728986972094,0.015058651546051833,0.009999999999969145,0.011999999999999678,-0.002000000000030533,0.002,0.024455728986972097,0.024941348453948173,1.222786449348605,12.470674226974086,1.222786449348605,"[[0.8244557289869722, 0.07554427101302792], [0.07554427101302792, 0.024455728986972097]]","[[0.7750586515460518, 0.17494134845394818], [0.024941348453948173, 0.025058651546051837]]","[[41.22278644934861, 3.777213550651396], [3.777213550651396, 1.222786449348605]]","[[387.5293257730259, 87.4706742269741], [12.470674226974086, 12.529325773025919]]",0.02434798744293218,0.028058717121321023
P2_sparse_di0p002_np100_nq200,P2,sparse_di0p002,Sparse power family,sparse,sparse_np100_nq200,100,200,2.0,0.1,0.1,0.05,0.2,1,1,0.014455728986972094,0.015058651546051833,0.009999999999969145,0.011999999999999678,-0.002000000000030533,0.002,0.024455728986972097,0.024941348453948173,2.44557289869721,4.988269690789634,2.44557289869721,"[[0.8244557289869722, 0.07554427101302792], [0.07554427101302792, 0.024455728986972097]]","[[0.7750586515460518, 0.17494134845394818], [0.024941348453948173, 0.025058651546051837]]","[[82.44557289869722, 7.554427101302792], [7.554427101302792, 2.44557289869721]]","[[155.01173030921035, 34.988269690789636], [4.988269690789634, 5.0117303092103676]]",0.02434798744293218,0.028058717121321023
P2_sparse_di0p002_np100_nq500,P2,sparse_di0p002,Sparse power family,sparse,sparse_np100_nq500,100,500,5.0,0.1,0.1,0.05,0.2,1,1,0.014455728986972094,0.015058651546051833,0.009999999999969145,0.011999999999999678,-0.002000000000030533,0.002,0.024455728986972097,0.024941348453948173,2.44557289869721,12.470674226974086,2.44557289869721,"[[0.8244557289869722, 0.07554427101302792], [0.07554427101302792, 0.024455728986972097]]","[[0.7750586515460518, 0.17494134845394818], [0.024941348453948173, 0.025058651546051837]]","[[82.44557289869722, 7.554427101302792], [7.554427101302792, 2.44557289869721]]","[[387.5293257730259, 87.4706742269741], [12.470674226974086, 12.529325773025919]]",0.02434798744293218,0.028058717121321023
P2_sparse_di0p002_np100_nq1000,P2,sparse_di0p002,Sparse power family,sparse,sparse_np100_nq1000,100,1000,10.0,0.1,0.1,0.05,0.2,1,1,0.014455728986972094,0.015058651546051833,0.009999999999969145,0.011999999999999678,-0.002000000000030533,0.002,0.024455728986972097,0.024941348453948173,2.44557289869721,24.941348453948173,2.44557289869721,"[[0.8244557289869722, 0.07554427101302792], [0.07554427101302792, 0.024455728986972097]]","[[0.7750586515460518, 0.17494134845394818], [0.024941348453948173, 0.025058651546051837]]","[[82.44557289869722, 7.554427101302792], [7.554427101302792, 2.44557289869721]]","[[775.0586515460518, 174.9413484539482], [24.941348453948173, 25.058651546051838]]",0.02434798744293218,0.028058717121321023
P1_sparse_di0p005_n10,P1,sparse_di0p005,Sparse power family,sparse,sparse_np10_nq10,10,10,1.0,0.1,0.1,0.05,0.2,1,1,0.014455728986972094,0.016962098307841334,0.009999999999969145,0.014999999999643798,-0.004999999999674654,0.005,0.024455728986972097,0.023037901692158674,0.24455728986972097,0.23037901692158674,0.23037901692158674,"[[0.8244557289869722, 0.07554427101302792], [0.07554427101302792, 0.024455728986972097]]","[[0.7769620983078414, 0.17303790169215866], [0.023037901692158674, 0.026962098307841336]]","[[8.244557289869721, 0.7554427101302792], [0.7554427101302792, 0.24455728986972097]]","[[7.769620983078413, 1.7303790169215865], [0.23037901692158674, 0.26962098307841337]]",0.02434798744293218,0.03520407285231438
P1_sparse_di0p005_n20,P1,sparse_di0p005,Sparse power family,sparse,sparse_np20_nq20,20,20,1.0,0.1,0.1,0.05,0.2,1,1,0.014455728986972094,0.016962098307841334,0.009999999999969145,0.014999999999643798,-0.004999999999674654,0.005,0.024455728986972097,0.023037901692158674,0.48911457973944195,0.4607580338431735,0.4607580338431735,"[[0.8244557289869722, 0.07554427101302792], [0.07554427101302792, 0.024455728986972097]]","[[0.7769620983078414, 0.17303790169215866], [0.023037901692158674, 0.026962098307841336]]","[[16.489114579739443, 1.5108854202605584], [1.5108854202605584, 0.48911457973944195]]","[[15.539241966156826, 3.460758033843173], [0.4607580338431735, 0.5392419661568267]]",0.02434798744293218,0.03520407285231438
P1_sparse_di0p005_n30,P1,sparse_di0p005,Sparse power family,sparse,sparse_np30_nq30,30,30,1.0,0.1,0.1,0.05,0.2,1,1,0.014455728986972094,0.016962098307841334,0.009999999999969145,0.014999999999643798,-0.004999999999674654,0.005,0.024455728986972097,0.023037901692158674,0.7336718696091629,0.6911370507647602,0.6911370507647602,"[[0.8244557289869722, 0.07554427101302792], [0.07554427101302792, 0.024455728986972097]]","[[0.7769620983078414, 0.17303790169215866], [0.023037901692158674, 0.026962098307841336]]","[[24.733671869609164, 2.266328130390838], [2.266328130390838, 0.7336718696091629]]","[[23.30886294923524, 5.19113705076476], [0.6911370507647602, 0.80886294923524]]",0.02434798744293218,0.03520407285231438
P1_sparse_di0p005_n50,P1,sparse_di0p005,Sparse power family,sparse,sparse_np50_nq50,50,50,1.0,0.1,0.1,0.05,0.2,1,1,0.014455728986972094,0.016962098307841334,0.009999999999969145,0.014999999999643798,-0.004999999999674654,0.005,0.024455728986972097,0.023037901692158674,1.222786449348605,1.1518950846079337,1.1518950846079337,"[[0.8244557289869722, 0.07554427101302792], [0.07554427101302792, 0.024455728986972097]]","[[0.7769620983078414, 0.17303790169215866], [0.023037901692158674, 0.026962098307841336]]","[[41.22278644934861, 3.777213550651396], [3.777213550651396, 1.222786449348605]]","[[38.84810491539207, 8.651895084607933], [1.1518950846079337, 1.3481049153920668]]",0.02434798744293218,0.03520407285231438
P1_sparse_di0p005_n100,P1,sparse_di0p005,Sparse power family,sparse,sparse_np100_nq100,100,100,1.0,0.1,0.1,0.05,0.2,1,1,0.014455728986972094,0.016962098307841334,0.009999999999969145,0.014999999999643798,-0.004999999999674654,0.005,0.024455728986972097,0.023037901692158674,2.44557289869721,2.3037901692158673,2.3037901692158673,"[[0.8244557289869722, 0.07554427101302792], [0.07554427101302792, 0.024455728986972097]]","[[0.7769620983078414, 0.17303790169215866], [0.023037901692158674, 0.026962098307841336]]","[[82.44557289869722, 7.554427101302792], [7.554427101302792, 2.44557289869721]]","[[77.69620983078414, 17.303790169215866], [2.3037901692158673, 2.6962098307841336]]",0.02434798744293218,0.03520407285231438
P1_sparse_di0p005_n200,P1,sparse_di0p005,Sparse power family,sparse,sparse_np200_nq200,200,200,1.0,0.1,0.1,0.05,0.2,1,1,0.014455728986972094,0.016962098307841334,0.009999999999969145,0.014999999999643798,-0.004999999999674654,0.005,0.024455728986972097,0.023037901692158674,4.89114579739442,4.607580338431735,4.607580338431735,"[[0.8244557289869722, 0.07554427101302792], [0.07554427101302792, 0.024455728986972097]]","[[0.7769620983078414, 0.17303790169215866], [0.023037901692158674, 0.026962098307841336]]","[[164.89114579739444, 15.108854202605585], [15.108854202605585, 4.89114579739442]]","[[155.39241966156828, 34.60758033843173], [4.607580338431735, 5.392419661568267]]",0.02434798744293218,0.03520407285231438
P1_sparse_di0p005_n500,P1,sparse_di0p005,Sparse power family,sparse,sparse_np500_nq500,500,500,1.0,0.1,0.1,0.05,0.2,1,1,0.014455728986972094,0.016962098307841334,0.009999999999969145,0.014999999999643798,-0.004999999999674654,0.005,0.024455728986972097,0.023037901692158674,12.227864493486049,11.518950846079337,11.518950846079337,"[[0.8244557289869722, 0.07554427101302792], [0.07554427101302792, 0.024455728986972097]]","[[0.7769620983078414, 0.17303790169215866], [0.023037901692158674, 0.026962098307841336]]","[[412.2278644934861, 37.77213550651396], [37.77213550651396, 12.227864493486049]]","[[388.48104915392065, 86.51895084607933], [11.518950846079337, 13.481049153920669]]",0.02434798744293218,0.03520407285231438
P1_sparse_di0p005_n1000,P1,sparse_di0p005,Sparse power family,sparse,sparse_np1000_nq1000,1000,1000,1.0,0.1,0.1,0.05,0.2,1,1,0.014455728986972094,0.016962098307841334,0.009999999999969145,0.014999999999643798,-0.004999999999674654,0.005,0.024455728986972097,0.023037901692158674,24.455728986972098,23.037901692158673,23.037901692158673,"[[0.8244557289869722, 0.07554427101302792], [0.07554427101302792, 0.024455728986972097]]","[[0.7769620983078414, 0.17303790169215866], [0.023037901692158674, 0.026962098307841336]]","[[824.4557289869722, 75.54427101302792], [75.54427101302792, 24.455728986972098]]","[[776.9620983078413, 173.03790169215867], [23.037901692158673, 26.962098307841337]]",0.02434798744293218,0.03520407285231438
P2_sparse_di0p005_np20_nq40,P2,sparse_di0p005,Sparse power family,sparse,sparse_np20_nq40,20,40,2.0,0.1,0.1,0.05,0.2,1,1,0.014455728986972094,0.016962098307841334,0.009999999999969145,0.014999999999643798,-0.004999999999674654,0.005,0.024455728986972097,0.023037901692158674,0.48911457973944195,0.921516067686347,0.48911457973944195,"[[0.8244557289869722, 0.07554427101302792], [0.07554427101302792, 0.024455728986972097]]","[[0.7769620983078414, 0.17303790169215866], [0.023037901692158674, 0.026962098307841336]]","[[16.489114579739443, 1.5108854202605584], [1.5108854202605584, 0.48911457973944195]]","[[31.078483932313652, 6.921516067686346], [0.921516067686347, 1.0784839323136535]]",0.02434798744293218,0.03520407285231438
P2_sparse_di0p005_np20_nq100,P2,sparse_di0p005,Sparse power family,sparse,sparse_np20_nq100,20,100,5.0,0.1,0.1,0.05,0.2,1,1,0.014455728986972094,0.016962098307841334,0.009999999999969145,0.014999999999643798,-0.004999999999674654,0.005,0.024455728986972097,0.023037901692158674,0.48911457973944195,2.3037901692158673,0.48911457973944195,"[[0.8244557289869722, 0.07554427101302792], [0.07554427101302792, 0.024455728986972097]]","[[0.7769620983078414, 0.17303790169215866], [0.023037901692158674, 0.026962098307841336]]","[[16.489114579739443, 1.5108854202605584], [1.5108854202605584, 0.48911457973944195]]","[[77.69620983078414, 17.303790169215866], [2.3037901692158673, 2.6962098307841336]]",0.02434798744293218,0.03520407285231438
P2_sparse_di0p005_np20_nq200,P2,sparse_di0p005,Sparse power family,sparse,sparse_np20_nq200,20,200,10.0,0.1,0.1,0.05,0.2,1,1,0.014455728986972094,0.016962098307841334,0.009999999999969145,0.014999999999643798,-0.004999999999674654,0.005,0.024455728986972097,0.023037901692158674,0.48911457973944195,4.607580338431735,0.48911457973944195,"[[0.8244557289869722, 0.07554427101302792], [0.07554427101302792, 0.024455728986972097]]","[[0.7769620983078414, 0.17303790169215866], [0.023037901692158674, 0.026962098307841336]]","[[16.489114579739443, 1.5108854202605584], [1.5108854202605584, 0.48911457973944195]]","[[155.39241966156828, 34.60758033843173], [4.607580338431735, 5.392419661568267]]",0.02434798744293218,0.03520407285231438
P2_sparse_di0p005_np50_nq100,P2,sparse_di0p005,Sparse power family,sparse,sparse_np50_nq100,50,100,2.0,0.1,0.1,0.05,0.2,1,1,0.014455728986972094,0.016962098307841334,0.009999999999969145,0.014999999999643798,-0.004999999999674654,0.005,0.024455728986972097,0.023037901692158674,1.222786449348605,2.3037901692158673,1.222786449348605,"[[0.8244557289869722, 0.07554427101302792], [0.07554427101302792, 0.024455728986972097]]","[[0.7769620983078414, 0.17303790169215866], [0.023037901692158674, 0.026962098307841336]]","[[41.22278644934861, 3.777213550651396], [3.777213550651396, 1.222786449348605]]","[[77.69620983078414, 17.303790169215866], [2.3037901692158673, 2.6962098307841336]]",0.02434798744293218,0.03520407285231438
P2_sparse_di0p005_np50_nq250,P2,sparse_di0p005,Sparse power family,sparse,sparse_np50_nq250,50,250,5.0,0.1,0.1,0.05,0.2,1,1,0.014455728986972094,0.016962098307841334,0.009999999999969145,0.014999999999643798,-0.004999999999674654,0.005,0.024455728986972097,0.023037901692158674,1.222786449348605,5.759475423039668,1.222786449348605,"[[0.8244557289869722, 0.07554427101302792], [0.07554427101302792, 0.024455728986972097]]","[[0.7769620983078414, 0.17303790169215866], [0.023037901692158674, 0.026962098307841336]]","[[41.22278644934861, 3.777213550651396], [3.777213550651396, 1.222786449348605]]","[[194.24052457696033, 43.25947542303967], [5.759475423039668, 6.740524576960334]]",0.02434798744293218,0.03520407285231438
P2_sparse_di0p005_np50_nq500,P2,sparse_di0p005,Sparse power family,sparse,sparse_np50_nq500,50,500,10.0,0.1,0.1,0.05,0.2,1,1,0.014455728986972094,0.016962098307841334,0.009999999999969145,0.014999999999643798,-0.004999999999674654,0.005,0.024455728986972097,0.023037901692158674,1.222786449348605,11.518950846079337,1.222786449348605,"[[0.8244557289869722, 0.07554427101302792], [0.07554427101302792, 0.024455728986972097]]","[[0.7769620983078414, 0.17303790169215866], [0.023037901692158674, 0.026962098307841336]]","[[41.22278644934861, 3.777213550651396], [3.777213550651396, 1.222786449348605]]","[[388.48104915392065, 86.51895084607933], [11.518950846079337, 13.481049153920669]]",0.02434798744293218,0.03520407285231438
P2_sparse_di0p005_np100_nq200,P2,sparse_di0p005,Sparse power family,sparse,sparse_np100_nq200,100,200,2.0,0.1,0.1,0.05,0.2,1,1,0.014455728986972094,0.016962098307841334,0.009999999999969145,0.014999999999643798,-0.004999999999674654,0.005,0.024455728986972097,0.023037901692158674,2.44557289869721,4.607580338431735,2.44557289869721,"[[0.8244557289869722, 0.07554427101302792], [0.07554427101302792, 0.024455728986972097]]","[[0.7769620983078414, 0.17303790169215866], [0.023037901692158674, 0.026962098307841336]]","[[82.44557289869722, 7.554427101302792], [7.554427101302792, 2.44557289869721]]","[[155.39241966156828, 34.60758033843173], [4.607580338431735, 5.392419661568267]]",0.02434798744293218,0.03520407285231438
P2_sparse_di0p005_np100_nq500,P2,sparse_di0p005,Sparse power family,sparse,sparse_np100_nq500,100,500,5.0,0.1,0.1,0.05,0.2,1,1,0.014455728986972094,0.016962098307841334,0.009999999999969145,0.014999999999643798,-0.004999999999674654,0.005,0.024455728986972097,0.023037901692158674,2.44557289869721,11.518950846079337,2.44557289869721,"[[0.8244557289869722, 0.07554427101302792], [0.07554427101302792, 0.024455728986972097]]","[[0.7769620983078414, 0.17303790169215866], [0.023037901692158674, 0.026962098307841336]]","[[82.44557289869722, 7.554427101302792], [7.554427101302792, 2.44557289869721]]","[[388.48104915392065, 86.51895084607933], [11.518950846079337, 13.481049153920669]]",0.02434798744293218,0.03520407285231438
P2_sparse_di0p005_np100_nq1000,P2,sparse_di0p005,Sparse power family,sparse,sparse_np100_nq1000,100,1000,10.0,0.1,0.1,0.05,0.2,1,1,0.014455728986972094,0.016962098307841334,0.009999999999969145,0.014999999999643798,-0.004999999999674654,0.005,0.024455728986972097,0.023037901692158674,2.44557289869721,23.037901692158673,2.44557289869721,"[[0.8244557289869722, 0.07554427101302792], [0.07554427101302792, 0.024455728986972097]]","[[0.7769620983078414, 0.17303790169215866], [0.023037901692158674, 0.026962098307841336]]","[[82.44557289869722, 7.554427101302792], [7.554427101302792, 2.44557289869721]]","[[776.9620983078413, 173.03790169215867], [23.037901692158673, 26.962098307841337]]",0.02434798744293218,0.03520407285231438
P1_sparse_di0p01_n10,P1,sparse_di0p01,Sparse power family,sparse,sparse_np10_nq10,10,10,1.0,0.1,0.1,0.05,0.2,1,1,0.014455728986972094,0.01976650090672646,0.009999999999969145,0.019999999999870066,-0.009999999999900921,0.01,0.024455728986972097,0.020233499093273547,0.24455728986972097,0.20233499093273546,0.20233499093273546,"[[0.8244557289869722, 0.07554427101302792], [0.07554427101302792, 0.024455728986972097]]","[[0.7797665009067265, 0.17023349909327354], [0.020233499093273547, 0.029766500906726463]]","[[8.244557289869721, 0.7554427101302792], [0.7554427101302792, 0.24455728986972097]]","[[7.797665009067265, 1.7023349909327354], [0.20233499093273546, 0.2976650090672646]]",0.02434798744293218,0.046984203046534646
P1_sparse_di0p01_n20,P1,sparse_di0p01,Sparse power family,sparse,sparse_np20_nq20,20,20,1.0,0.1,0.1,0.05,0.2,1,1,0.014455728986972094,0.01976650090672646,0.009999999999969145,0.019999999999870066,-0.009999999999900921,0.01,0.024455728986972097,0.020233499093273547,0.48911457973944195,0.40466998186547093,0.40466998186547093,"[[0.8244557289869722, 0.07554427101302792], [0.07554427101302792, 0.024455728986972097]]","[[0.7797665009067265, 0.17023349909327354], [0.020233499093273547, 0.029766500906726463]]","[[16.489114579739443, 1.5108854202605584], [1.5108854202605584, 0.48911457973944195]]","[[15.59533001813453, 3.404669981865471], [0.40466998186547093, 0.5953300181345292]]",0.02434798744293218,0.046984203046534646
P1_sparse_di0p01_n30,P1,sparse_di0p01,Sparse power family,sparse,sparse_np30_nq30,30,30,1.0,0.1,0.1,0.05,0.2,1,1,0.014455728986972094,0.01976650090672646,0.009999999999969145,0.019999999999870066,-0.009999999999900921,0.01,0.024455728986972097,0.020233499093273547,0.7336718696091629,0.6070049727982064,0.6070049727982064,"[[0.8244557289869722, 0.07554427101302792], [0.07554427101302792, 0.024455728986972097]]","[[0.7797665009067265, 0.17023349909327354], [0.020233499093273547, 0.029766500906726463]]","[[24.733671869609164, 2.266328130390838], [2.266328130390838, 0.7336718696091629]]","[[23.392995027201795, 5.107004972798206], [0.6070049727982064, 0.8929950272017939]]",0.02434798744293218,0.046984203046534646
P1_sparse_di0p01_n50,P1,sparse_di0p01,Sparse power family,sparse,sparse_np50_nq50,50,50,1.0,0.1,0.1,0.05,0.2,1,1,0.014455728986972094,0.01976650090672646,0.009999999999969145,0.019999999999870066,-0.009999999999900921,0.01,0.024455728986972097,0.020233499093273547,1.222786449348605,1.0116749546636774,1.0116749546636774,"[[0.8244557289869722, 0.07554427101302792], [0.07554427101302792, 0.024455728986972097]]","[[0.7797665009067265, 0.17023349909327354], [0.020233499093273547, 0.029766500906726463]]","[[41.22278644934861, 3.777213550651396], [3.777213550651396, 1.222786449348605]]","[[38.988325045336325, 8.511674954663677], [1.0116749546636774, 1.488325045336323]]",0.02434798744293218,0.046984203046534646
P1_sparse_di0p01_n100,P1,sparse_di0p01,Sparse power family,sparse,sparse_np100_nq100,100,100,1.0,0.1,0.1,0.05,0.2,1,1,0.014455728986972094,0.01976650090672646,0.009999999999969145,0.019999999999870066,-0.009999999999900921,0.01,0.024455728986972097,0.020233499093273547,2.44557289869721,2.023349909327355,2.023349909327355,"[[0.8244557289869722, 0.07554427101302792], [0.07554427101302792, 0.024455728986972097]]","[[0.7797665009067265, 0.17023349909327354], [0.020233499093273547, 0.029766500906726463]]","[[82.44557289869722, 7.554427101302792], [7.554427101302792, 2.44557289869721]]","[[77.97665009067265, 17.023349909327354], [2.023349909327355, 2.976650090672646]]",0.02434798744293218,0.046984203046534646
P1_sparse_di0p01_n200,P1,sparse_di0p01,Sparse power family,sparse,sparse_np200_nq200,200,200,1.0,0.1,0.1,0.05,0.2,1,1,0.014455728986972094,0.01976650090672646,0.009999999999969145,0.019999999999870066,-0.009999999999900921,0.01,0.024455728986972097,0.020233499093273547,4.89114579739442,4.04669981865471,4.04669981865471,"[[0.8244557289869722, 0.07554427101302792], [0.07554427101302792, 0.024455728986972097]]","[[0.7797665009067265, 0.17023349909327354], [0.020233499093273547, 0.029766500906726463]]","[[164.89114579739444, 15.108854202605585], [15.108854202605585, 4.89114579739442]]","[[155.9533001813453, 34.04669981865471], [4.04669981865471, 5.953300181345292]]",0.02434798744293218,0.046984203046534646
P1_sparse_di0p01_n500,P1,sparse_di0p01,Sparse power family,sparse,sparse_np500_nq500,500,500,1.0,0.1,0.1,0.05,0.2,1,1,0.014455728986972094,0.01976650090672646,0.009999999999969145,0.019999999999870066,-0.009999999999900921,0.01,0.024455728986972097,0.020233499093273547,12.227864493486049,10.116749546636774,10.116749546636774,"[[0.8244557289869722, 0.07554427101302792], [0.07554427101302792, 0.024455728986972097]]","[[0.7797665009067265, 0.17023349909327354], [0.020233499093273547, 0.029766500906726463]]","[[412.2278644934861, 37.77213550651396], [37.77213550651396, 12.227864493486049]]","[[389.88325045336325, 85.11674954663677], [10.116749546636774, 14.883250453363232]]",0.02434798744293218,0.046984203046534646
P1_sparse_di0p01_n1000,P1,sparse_di0p01,Sparse power family,sparse,sparse_np1000_nq1000,1000,1000,1.0,0.1,0.1,0.05,0.2,1,1,0.014455728986972094,0.01976650090672646,0.009999999999969145,0.019999999999870066,-0.009999999999900921,0.01,0.024455728986972097,0.020233499093273547,24.455728986972098,20.233499093273547,20.233499093273547,"[[0.8244557289869722, 0.07554427101302792], [0.07554427101302792, 0.024455728986972097]]","[[0.7797665009067265, 0.17023349909327354], [0.020233499093273547, 0.029766500906726463]]","[[824.4557289869722, 75.54427101302792], [75.54427101302792, 24.455728986972098]]","[[779.7665009067265, 170.23349909327354], [20.233499093273547, 29.766500906726463]]",0.02434798744293218,0.046984203046534646
P2_sparse_di0p01_np20_nq40,P2,sparse_di0p01,Sparse power family,sparse,sparse_np20_nq40,20,40,2.0,0.1,0.1,0.05,0.2,1,1,0.014455728986972094,0.01976650090672646,0.009999999999969145,0.019999999999870066,-0.009999999999900921,0.01,0.024455728986972097,0.020233499093273547,0.48911457973944195,0.8093399637309419,0.48911457973944195,"[[0.8244557289869722, 0.07554427101302792], [0.07554427101302792, 0.024455728986972097]]","[[0.7797665009067265, 0.17023349909327354], [0.020233499093273547, 0.029766500906726463]]","[[16.489114579739443, 1.5108854202605584], [1.5108854202605584, 0.48911457973944195]]","[[31.19066003626906, 6.809339963730942], [0.8093399637309419, 1.1906600362690585]]",0.02434798744293218,0.046984203046534646
P2_sparse_di0p01_np20_nq100,P2,sparse_di0p01,Sparse power family,sparse,sparse_np20_nq100,20,100,5.0,0.1,0.1,0.05,0.2,1,1,0.014455728986972094,0.01976650090672646,0.009999999999969145,0.019999999999870066,-0.009999999999900921,0.01,0.024455728986972097,0.020233499093273547,0.48911457973944195,2.023349909327355,0.48911457973944195,"[[0.8244557289869722, 0.07554427101302792], [0.07554427101302792, 0.024455728986972097]]","[[0.7797665009067265, 0.17023349909327354], [0.020233499093273547, 0.029766500906726463]]","[[16.489114579739443, 1.5108854202605584], [1.5108854202605584, 0.48911457973944195]]","[[77.97665009067265, 17.023349909327354], [2.023349909327355, 2.976650090672646]]",0.02434798744293218,0.046984203046534646
P2_sparse_di0p01_np20_nq200,P2,sparse_di0p01,Sparse power family,sparse,sparse_np20_nq200,20,200,10.0,0.1,0.1,0.05,0.2,1,1,0.014455728986972094,0.01976650090672646,0.009999999999969145,0.019999999999870066,-0.009999999999900921,0.01,0.024455728986972097,0.020233499093273547,0.48911457973944195,4.04669981865471,0.48911457973944195,"[[0.8244557289869722, 0.07554427101302792], [0.07554427101302792, 0.024455728986972097]]","[[0.7797665009067265, 0.17023349909327354], [0.020233499093273547, 0.029766500906726463]]","[[16.489114579739443, 1.5108854202605584], [1.5108854202605584, 0.48911457973944195]]","[[155.9533001813453, 34.04669981865471], [4.04669981865471, 5.953300181345292]]",0.02434798744293218,0.046984203046534646
P2_sparse_di0p01_np50_nq100,P2,sparse_di0p01,Sparse power family,sparse,sparse_np50_nq100,50,100,2.0,0.1,0.1,0.05,0.2,1,1,0.014455728986972094,0.01976650090672646,0.009999999999969145,0.019999999999870066,-0.009999999999900921,0.01,0.024455728986972097,0.020233499093273547,1.222786449348605,2.023349909327355,1.222786449348605,"[[0.8244557289869722, 0.07554427101302792], [0.07554427101302792, 0.024455728986972097]]","[[0.7797665009067265, 0.17023349909327354], [0.020233499093273547, 0.029766500906726463]]","[[41.22278644934861, 3.777213550651396], [3.777213550651396, 1.222786449348605]]","[[77.97665009067265, 17.023349909327354], [2.023349909327355, 2.976650090672646]]",0.02434798744293218,0.046984203046534646
P2_sparse_di0p01_np50_nq250,P2,sparse_di0p01,Sparse power family,sparse,sparse_np50_nq250,50,250,5.0,0.1,0.1,0.05,0.2,1,1,0.014455728986972094,0.01976650090672646,0.009999999999969145,0.019999999999870066,-0.009999999999900921,0.01,0.024455728986972097,0.020233499093273547,1.222786449348605,5.058374773318387,1.222786449348605,"[[0.8244557289869722, 0.07554427101302792], [0.07554427101302792, 0.024455728986972097]]","[[0.7797665009067265, 0.17023349909327354], [0.020233499093273547, 0.029766500906726463]]","[[41.22278644934861, 3.777213550651396], [3.777213550651396, 1.222786449348605]]","[[194.94162522668162, 42.558374773318384], [5.058374773318387, 7.441625226681616]]",0.02434798744293218,0.046984203046534646
P2_sparse_di0p01_np50_nq500,P2,sparse_di0p01,Sparse power family,sparse,sparse_np50_nq500,50,500,10.0,0.1,0.1,0.05,0.2,1,1,0.014455728986972094,0.01976650090672646,0.009999999999969145,0.019999999999870066,-0.009999999999900921,0.01,0.024455728986972097,0.020233499093273547,1.222786449348605,10.116749546636774,1.222786449348605,"[[0.8244557289869722, 0.07554427101302792], [0.07554427101302792, 0.024455728986972097]]","[[0.7797665009067265, 0.17023349909327354], [0.020233499093273547, 0.029766500906726463]]","[[41.22278644934861, 3.777213550651396], [3.777213550651396, 1.222786449348605]]","[[389.88325045336325, 85.11674954663677], [10.116749546636774, 14.883250453363232]]",0.02434798744293218,0.046984203046534646
P2_sparse_di0p01_np100_nq200,P2,sparse_di0p01,Sparse power family,sparse,sparse_np100_nq200,100,200,2.0,0.1,0.1,0.05,0.2,1,1,0.014455728986972094,0.01976650090672646,0.009999999999969145,0.019999999999870066,-0.009999999999900921,0.01,0.024455728986972097,0.020233499093273547,2.44557289869721,4.04669981865471,2.44557289869721,"[[0.8244557289869722, 0.07554427101302792], [0.07554427101302792, 0.024455728986972097]]","[[0.7797665009067265, 0.17023349909327354], [0.020233499093273547, 0.029766500906726463]]","[[82.44557289869722, 7.554427101302792], [7.554427101302792, 2.44557289869721]]","[[155.9533001813453, 34.04669981865471], [4.04669981865471, 5.953300181345292]]",0.02434798744293218,0.046984203046534646
P2_sparse_di0p01_np100_nq500,P2,sparse_di0p01,Sparse power family,sparse,sparse_np100_nq500,100,500,5.0,0.1,0.1,0.05,0.2,1,1,0.014455728986972094,0.01976650090672646,0.009999999999969145,0.019999999999870066,-0.009999999999900921,0.01,0.024455728986972097,0.020233499093273547,2.44557289869721,10.116749546636774,2.44557289869721,"[[0.8244557289869722, 0.07554427101302792], [0.07554427101302792, 0.024455728986972097]]","[[0.7797665009067265, 0.17023349909327354], [0.020233499093273547, 0.029766500906726463]]","[[82.44557289869722, 7.554427101302792], [7.554427101302792, 2.44557289869721]]","[[389.88325045336325, 85.11674954663677], [10.116749546636774, 14.883250453363232]]",0.02434798744293218,0.046984203046534646
P2_sparse_di0p01_np100_nq1000,P2,sparse_di0p01,Sparse power family,sparse,sparse_np100_nq1000,100,1000,10.0,0.1,0.1,0.05,0.2,1,1,0.014455728986972094,0.01976650090672646,0.009999999999969145,0.019999999999870066,-0.009999999999900921,0.01,0.024455728986972097,0.020233499093273547,2.44557289869721,20.233499093273547,2.44557289869721,"[[0.8244557289869722, 0.07554427101302792], [0.07554427101302792, 0.024455728986972097]]","[[0.7797665009067265, 0.17023349909327354], [0.020233499093273547, 0.029766500906726463]]","[[82.44557289869722, 7.554427101302792], [7.554427101302792, 2.44557289869721]]","[[779.7665009067265, 170.23349909327354], [20.233499093273547, 29.766500906726463]]",0.02434798744293218,0.046984203046534646
P1_sparse_di0p02_n10,P1,sparse_di0p02,Sparse power family,sparse,sparse_np10_nq10,10,10,1.0,0.1,0.1,0.05,0.2,1,1,0.014455728986972094,0.024469305999939357,0.009999999999969145,0.03000000000004649,-0.020000000000077345,0.02,0.024455728986972097,0.01553069400006065,0.24455728986972097,0.15530694000060652,0.15530694000060652,"[[0.8244557289869722, 0.07554427101302792], [0.07554427101302792, 0.024455728986972097]]","[[0.7844693059999394, 0.16553069400006065], [0.01553069400006065, 0.03446930599993936]]","[[8.244557289869721, 0.7554427101302792], [0.7554427101302792, 0.24455728986972097]]","[[7.844693059999393, 1.6553069400006066], [0.15530694000060652, 0.3446930599993936]]",0.02434798744293218,0.06971969354602088
P1_sparse_di0p02_n20,P1,sparse_di0p02,Sparse power family,sparse,sparse_np20_nq20,20,20,1.0,0.1,0.1,0.05,0.2,1,1,0.014455728986972094,0.024469305999939357,0.009999999999969145,0.03000000000004649,-0.020000000000077345,0.02,0.024455728986972097,0.01553069400006065,0.48911457973944195,0.31061388000121304,0.31061388000121304,"[[0.8244557289869722, 0.07554427101302792], [0.07554427101302792, 0.024455728986972097]]","[[0.7844693059999394, 0.16553069400006065], [0.01553069400006065, 0.03446930599993936]]","[[16.489114579739443, 1.5108854202605584], [1.5108854202605584, 0.48911457973944195]]","[[15.689386119998787, 3.3106138800012133], [0.31061388000121304, 0.6893861199987872]]",0.02434798744293218,0.06971969354602088
P1_sparse_di0p02_n30,P1,sparse_di0p02,Sparse power family,sparse,sparse_np30_nq30,30,30,1.0,0.1,0.1,0.05,0.2,1,1,0.014455728986972094,0.024469305999939357,0.009999999999969145,0.03000000000004649,-0.020000000000077345,0.02,0.024455728986972097,0.01553069400006065,0.7336718696091629,0.4659208200018195,0.4659208200018195,"[[0.8244557289869722, 0.07554427101302792], [0.07554427101302792, 0.024455728986972097]]","[[0.7844693059999394, 0.16553069400006065], [0.01553069400006065, 0.03446930599993936]]","[[24.733671869609164, 2.266328130390838], [2.266328130390838, 0.7336718696091629]]","[[23.53407917999818, 4.96592082000182], [0.4659208200018195, 1.0340791799981808]]",0.02434798744293218,0.06971969354602088
P1_sparse_di0p02_n50,P1,sparse_di0p02,Sparse power family,sparse,sparse_np50_nq50,50,50,1.0,0.1,0.1,0.05,0.2,1,1,0.014455728986972094,0.024469305999939357,0.009999999999969145,0.03000000000004649,-0.020000000000077345,0.02,0.024455728986972097,0.01553069400006065,1.222786449348605,0.7765347000030325,0.7765347000030325,"[[0.8244557289869722, 0.07554427101302792], [0.07554427101302792, 0.024455728986972097]]","[[0.7844693059999394, 0.16553069400006065], [0.01553069400006065, 0.03446930599993936]]","[[41.22278644934861, 3.777213550651396], [3.777213550651396, 1.222786449348605]]","[[39.22346529999697, 8.276534700003033], [0.7765347000030325, 1.723465299996968]]",0.02434798744293218,0.06971969354602088
P1_sparse_di0p02_n100,P1,sparse_di0p02,Sparse power family,sparse,sparse_np100_nq100,100,100,1.0,0.1,0.1,0.05,0.2,1,1,0.014455728986972094,0.024469305999939357,0.009999999999969145,0.03000000000004649,-0.020000000000077345,0.02,0.024455728986972097,0.01553069400006065,2.44557289869721,1.553069400006065,1.553069400006065,"[[0.8244557289869722, 0.07554427101302792], [0.07554427101302792, 0.024455728986972097]]","[[0.7844693059999394, 0.16553069400006065], [0.01553069400006065, 0.03446930599993936]]","[[82.44557289869722, 7.554427101302792], [7.554427101302792, 2.44557289869721]]","[[78.44693059999393, 16.553069400006066], [1.553069400006065, 3.446930599993936]]",0.02434798744293218,0.06971969354602088
P1_sparse_di0p02_n200,P1,sparse_di0p02,Sparse power family,sparse,sparse_np200_nq200,200,200,1.0,0.1,0.1,0.05,0.2,1,1,0.014455728986972094,0.024469305999939357,0.009999999999969145,0.03000000000004649,-0.020000000000077345,0.02,0.024455728986972097,0.01553069400006065,4.89114579739442,3.10613880001213,3.10613880001213,"[[0.8244557289869722, 0.07554427101302792], [0.07554427101302792, 0.024455728986972097]]","[[0.7844693059999394, 0.16553069400006065], [0.01553069400006065, 0.03446930599993936]]","[[164.89114579739444, 15.108854202605585], [15.108854202605585, 4.89114579739442]]","[[156.89386119998787, 33.10613880001213], [3.10613880001213, 6.893861199987872]]",0.02434798744293218,0.06971969354602088
P1_sparse_di0p02_n500,P1,sparse_di0p02,Sparse power family,sparse,sparse_np500_nq500,500,500,1.0,0.1,0.1,0.05,0.2,1,1,0.014455728986972094,0.024469305999939357,0.009999999999969145,0.03000000000004649,-0.020000000000077345,0.02,0.024455728986972097,0.01553069400006065,12.227864493486049,7.765347000030325,7.765347000030325,"[[0.8244557289869722, 0.07554427101302792], [0.07554427101302792, 0.024455728986972097]]","[[0.7844693059999394, 0.16553069400006065], [0.01553069400006065, 0.03446930599993936]]","[[412.2278644934861, 37.77213550651396], [37.77213550651396, 12.227864493486049]]","[[392.2346529999697, 82.76534700003033], [7.765347000030325, 17.23465299996968]]",0.02434798744293218,0.06971969354602088
P1_sparse_di0p02_n1000,P1,sparse_di0p02,Sparse power family,sparse,sparse_np1000_nq1000,1000,1000,1.0,0.1,0.1,0.05,0.2,1,1,0.014455728986972094,0.024469305999939357,0.009999999999969145,0.03000000000004649,-0.020000000000077345,0.02,0.024455728986972097,0.01553069400006065,24.455728986972098,15.53069400006065,15.53069400006065,"[[0.8244557289869722, 0.07554427101302792], [0.07554427101302792, 0.024455728986972097]]","[[0.7844693059999394, 0.16553069400006065], [0.01553069400006065, 0.03446930599993936]]","[[824.4557289869722, 75.54427101302792], [75.54427101302792, 24.455728986972098]]","[[784.4693059999394, 165.53069400006066], [15.53069400006065, 34.46930599993936]]",0.02434798744293218,0.06971969354602088
P2_sparse_di0p02_np20_nq40,P2,sparse_di0p02,Sparse power family,sparse,sparse_np20_nq40,20,40,2.0,0.1,0.1,0.05,0.2,1,1,0.014455728986972094,0.024469305999939357,0.009999999999969145,0.03000000000004649,-0.020000000000077345,0.02,0.024455728986972097,0.01553069400006065,0.48911457973944195,0.6212277600024261,0.48911457973944195,"[[0.8244557289869722, 0.07554427101302792], [0.07554427101302792, 0.024455728986972097]]","[[0.7844693059999394, 0.16553069400006065], [0.01553069400006065, 0.03446930599993936]]","[[16.489114579739443, 1.5108854202605584], [1.5108854202605584, 0.48911457973944195]]","[[31.378772239997573, 6.6212277600024265], [0.6212277600024261, 1.3787722399975744]]",0.02434798744293218,0.06971969354602088
P2_sparse_di0p02_np20_nq100,P2,sparse_di0p02,Sparse power family,sparse,sparse_np20_nq100,20,100,5.0,0.1,0.1,0.05,0.2,1,1,0.014455728986972094,0.024469305999939357,0.009999999999969145,0.03000000000004649,-0.020000000000077345,0.02,0.024455728986972097,0.01553069400006065,0.48911457973944195,1.553069400006065,0.48911457973944195,"[[0.8244557289869722, 0.07554427101302792], [0.07554427101302792, 0.024455728986972097]]","[[0.7844693059999394, 0.16553069400006065], [0.01553069400006065, 0.03446930599993936]]","[[16.489114579739443, 1.5108854202605584], [1.5108854202605584, 0.48911457973944195]]","[[78.44693059999393, 16.553069400006066], [1.553069400006065, 3.446930599993936]]",0.02434798744293218,0.06971969354602088
P2_sparse_di0p02_np20_nq200,P2,sparse_di0p02,Sparse power family,sparse,sparse_np20_nq200,20,200,10.0,0.1,0.1,0.05,0.2,1,1,0.014455728986972094,0.024469305999939357,0.009999999999969145,0.03000000000004649,-0.020000000000077345,0.02,0.024455728986972097,0.01553069400006065,0.48911457973944195,3.10613880001213,0.48911457973944195,"[[0.8244557289869722, 0.07554427101302792], [0.07554427101302792, 0.024455728986972097]]","[[0.7844693059999394, 0.16553069400006065], [0.01553069400006065, 0.03446930599993936]]","[[16.489114579739443, 1.5108854202605584], [1.5108854202605584, 0.48911457973944195]]","[[156.89386119998787, 33.10613880001213], [3.10613880001213, 6.893861199987872]]",0.02434798744293218,0.06971969354602088
P2_sparse_di0p02_np50_nq100,P2,sparse_di0p02,Sparse power family,sparse,sparse_np50_nq100,50,100,2.0,0.1,0.1,0.05,0.2,1,1,0.014455728986972094,0.024469305999939357,0.009999999999969145,0.03000000000004649,-0.020000000000077345,0.02,0.024455728986972097,0.01553069400006065,1.222786449348605,1.553069400006065,1.222786449348605,"[[0.8244557289869722, 0.07554427101302792], [0.07554427101302792, 0.024455728986972097]]","[[0.7844693059999394, 0.16553069400006065], [0.01553069400006065, 0.03446930599993936]]","[[41.22278644934861, 3.777213550651396], [3.777213550651396, 1.222786449348605]]","[[78.44693059999393, 16.553069400006066], [1.553069400006065, 3.446930599993936]]",0.02434798744293218,0.06971969354602088
P2_sparse_di0p02_np50_nq250,P2,sparse_di0p02,Sparse power family,sparse,sparse_np50_nq250,50,250,5.0,0.1,0.1,0.05,0.2,1,1,0.014455728986972094,0.024469305999939357,0.009999999999969145,0.03000000000004649,-0.020000000000077345,0.02,0.024455728986972097,0.01553069400006065,1.222786449348605,3.8826735000151626,1.222786449348605,"[[0.8244557289869722, 0.07554427101302792], [0.07554427101302792, 0.024455728986972097]]","[[0.7844693059999394, 0.16553069400006065], [0.01553069400006065, 0.03446930599993936]]","[[41.22278644934861, 3.777213550651396], [3.777213550651396, 1.222786449348605]]","[[196.11732649998484, 41.382673500015166], [3.8826735000151626, 8.61732649998484]]",0.02434798744293218,0.06971969354602088
P2_sparse_di0p02_np50_nq500,P2,sparse_di0p02,Sparse power family,sparse,sparse_np50_nq500,50,500,10.0,0.1,0.1,0.05,0.2,1,1,0.014455728986972094,0.024469305999939357,0.009999999999969145,0.03000000000004649,-0.020000000000077345,0.02,0.024455728986972097,0.01553069400006065,1.222786449348605,7.765347000030325,1.222786449348605,"[[0.8244557289869722, 0.07554427101302792], [0.07554427101302792, 0.024455728986972097]]","[[0.7844693059999394, 0.16553069400006065], [0.01553069400006065, 0.03446930599993936]]","[[41.22278644934861, 3.777213550651396], [3.777213550651396, 1.222786449348605]]","[[392.2346529999697, 82.76534700003033], [7.765347000030325, 17.23465299996968]]",0.02434798744293218,0.06971969354602088
P2_sparse_di0p02_np100_nq200,P2,sparse_di0p02,Sparse power family,sparse,sparse_np100_nq200,100,200,2.0,0.1,0.1,0.05,0.2,1,1,0.014455728986972094,0.024469305999939357,0.009999999999969145,0.03000000000004649,-0.020000000000077345,0.02,0.024455728986972097,0.01553069400006065,2.44557289869721,3.10613880001213,2.44557289869721,"[[0.8244557289869722, 0.07554427101302792], [0.07554427101302792, 0.024455728986972097]]","[[0.7844693059999394, 0.16553069400006065], [0.01553069400006065, 0.03446930599993936]]","[[82.44557289869722, 7.554427101302792], [7.554427101302792, 2.44557289869721]]","[[156.89386119998787, 33.10613880001213], [3.10613880001213, 6.893861199987872]]",0.02434798744293218,0.06971969354602088
P2_sparse_di0p02_np100_nq500,P2,sparse_di0p02,Sparse power family,sparse,sparse_np100_nq500,100,500,5.0,0.1,0.1,0.05,0.2,1,1,0.014455728986972094,0.024469305999939357,0.009999999999969145,0.03000000000004649,-0.020000000000077345,0.02,0.024455728986972097,0.01553069400006065,2.44557289869721,7.765347000030325,2.44557289869721,"[[0.8244557289869722, 0.07554427101302792], [0.07554427101302792, 0.024455728986972097]]","[[0.7844693059999394, 0.16553069400006065], [0.01553069400006065, 0.03446930599993936]]","[[82.44557289869722, 7.554427101302792], [7.554427101302792, 2.44557289869721]]","[[392.2346529999697, 82.76534700003033], [7.765347000030325, 17.23465299996968]]",0.02434798744293218,0.06971969354602088
P2_sparse_di0p02_np100_nq1000,P2,sparse_di0p02,Sparse power family,sparse,sparse_np100_nq1000,100,1000,10.0,0.1,0.1,0.05,0.2,1,1,0.014455728986972094,0.024469305999939357,0.009999999999969145,0.03000000000004649,-0.020000000000077345,0.02,0.024455728986972097,0.01553069400006065,2.44557289869721,15.53069400006065,2.44557289869721,"[[0.8244557289869722, 0.07554427101302792], [0.07554427101302792, 0.024455728986972097]]","[[0.7844693059999394, 0.16553069400006065], [0.01553069400006065, 0.03446930599993936]]","[[82.44557289869722, 7.554427101302792], [7.554427101302792, 2.44557289869721]]","[[784.4693059999394, 165.53069400006066], [15.53069400006065, 34.46930599993936]]",0.02434798744293218,0.06971969354602088
P1_sparse_di0p04_n10,P1,sparse_di0p04,Sparse power family,sparse,sparse_np10_nq10,10,10,1.0,0.1,0.1,0.05,0.2,1,1,0.014455728986972094,0.03171593885414475,0.009999999999969145,0.05000000000000038,-0.04000000000003123,0.04,0.024455728986972097,0.00828406114585526,0.24455728986972097,0.08284061145855261,0.08284061145855261,"[[0.8244557289869722, 0.07554427101302792], [0.07554427101302792, 0.024455728986972097]]","[[0.7917159388541447, 0.15828406114585525], [0.00828406114585526, 0.04171593885414475]]","[[8.244557289869721, 0.7554427101302792], [0.7554427101302792, 0.24455728986972097]]","[[7.917159388541447, 1.5828406114585525], [0.08284061145855261, 0.4171593885414475]]",0.02434798744293218,0.1097427053443898
P1_sparse_di0p04_n20,P1,sparse_di0p04,Sparse power family,sparse,sparse_np20_nq20,20,20,1.0,0.1,0.1,0.05,0.2,1,1,0.014455728986972094,0.03171593885414475,0.009999999999969145,0.05000000000000038,-0.04000000000003123,0.04,0.024455728986972097,0.00828406114585526,0.48911457973944195,0.16568122291710521,0.16568122291710521,"[[0.8244557289869722, 0.07554427101302792], [0.07554427101302792, 0.024455728986972097]]","[[0.7917159388541447, 0.15828406114585525], [0.00828406114585526, 0.04171593885414475]]","[[16.489114579739443, 1.5108854202605584], [1.5108854202605584, 0.48911457973944195]]","[[15.834318777082894, 3.165681222917105], [0.16568122291710521, 0.834318777082895]]",0.02434798744293218,0.1097427053443898
P1_sparse_di0p04_n30,P1,sparse_di0p04,Sparse power family,sparse,sparse_np30_nq30,30,30,1.0,0.1,0.1,0.05,0.2,1,1,0.014455728986972094,0.03171593885414475,0.009999999999969145,0.05000000000000038,-0.04000000000003123,0.04,0.024455728986972097,0.00828406114585526,0.7336718696091629,0.24852183437565784,0.24852183437565784,"[[0.8244557289869722, 0.07554427101302792], [0.07554427101302792, 0.024455728986972097]]","[[0.7917159388541447, 0.15828406114585525], [0.00828406114585526, 0.04171593885414475]]","[[24.733671869609164, 2.266328130390838], [2.266328130390838, 0.7336718696091629]]","[[23.75147816562434, 4.748521834375658], [0.24852183437565784, 1.2514781656243426]]",0.02434798744293218,0.1097427053443898
P1_sparse_di0p04_n50,P1,sparse_di0p04,Sparse power family,sparse,sparse_np50_nq50,50,50,1.0,0.1,0.1,0.05,0.2,1,1,0.014455728986972094,0.03171593885414475,0.009999999999969145,0.05000000000000038,-0.04000000000003123,0.04,0.024455728986972097,0.00828406114585526,1.222786449348605,0.414203057292763,0.414203057292763,"[[0.8244557289869722, 0.07554427101302792], [0.07554427101302792, 0.024455728986972097]]","[[0.7917159388541447, 0.15828406114585525], [0.00828406114585526, 0.04171593885414475]]","[[41.22278644934861, 3.777213550651396], [3.777213550651396, 1.222786449348605]]","[[39.58579694270723, 7.914203057292762], [0.414203057292763, 2.0857969427072374]]",0.02434798744293218,0.1097427053443898
P1_sparse_di0p04_n100,P1,sparse_di0p04,Sparse power family,sparse,sparse_np100_nq100,100,100,1.0,0.1,0.1,0.05,0.2,1,1,0.014455728986972094,0.03171593885414475,0.009999999999969145,0.05000000000000038,-0.04000000000003123,0.04,0.024455728986972097,0.00828406114585526,2.44557289869721,0.828406114585526,0.828406114585526,"[[0.8244557289869722, 0.07554427101302792], [0.07554427101302792, 0.024455728986972097]]","[[0.7917159388541447, 0.15828406114585525], [0.00828406114585526, 0.04171593885414475]]","[[82.44557289869722, 7.554427101302792], [7.554427101302792, 2.44557289869721]]","[[79.17159388541447, 15.828406114585524], [0.828406114585526, 4.171593885414475]]",0.02434798744293218,0.1097427053443898
P1_sparse_di0p04_n200,P1,sparse_di0p04,Sparse power family,sparse,sparse_np200_nq200,200,200,1.0,0.1,0.1,0.05,0.2,1,1,0.014455728986972094,0.03171593885414475,0.009999999999969145,0.05000000000000038,-0.04000000000003123,0.04,0.024455728986972097,0.00828406114585526,4.89114579739442,1.656812229171052,1.656812229171052,"[[0.8244557289869722, 0.07554427101302792], [0.07554427101302792, 0.024455728986972097]]","[[0.7917159388541447, 0.15828406114585525], [0.00828406114585526, 0.04171593885414475]]","[[164.89114579739444, 15.108854202605585], [15.108854202605585, 4.89114579739442]]","[[158.34318777082893, 31.65681222917105], [1.656812229171052, 8.34318777082895]]",0.02434798744293218,0.1097427053443898
P1_sparse_di0p04_n500,P1,sparse_di0p04,Sparse power family,sparse,sparse_np500_nq500,500,500,1.0,0.1,0.1,0.05,0.2,1,1,0.014455728986972094,0.03171593885414475,0.009999999999969145,0.05000000000000038,-0.04000000000003123,0.04,0.024455728986972097,0.00828406114585526,12.227864493486049,4.142030572927631,4.142030572927631,"[[0.8244557289869722, 0.07554427101302792], [0.07554427101302792, 0.024455728986972097]]","[[0.7917159388541447, 0.15828406114585525], [0.00828406114585526, 0.04171593885414475]]","[[412.2278644934861, 37.77213550651396], [37.77213550651396, 12.227864493486049]]","[[395.85796942707236, 79.14203057292762], [4.142030572927631, 20.857969427072373]]",0.02434798744293218,0.1097427053443898
P1_sparse_di0p04_n1000,P1,sparse_di0p04,Sparse power family,sparse,sparse_np1000_nq1000,1000,1000,1.0,0.1,0.1,0.05,0.2,1,1,0.014455728986972094,0.03171593885414475,0.009999999999969145,0.05000000000000038,-0.04000000000003123,0.04,0.024455728986972097,0.00828406114585526,24.455728986972098,8.284061145855262,8.284061145855262,"[[0.8244557289869722, 0.07554427101302792], [0.07554427101302792, 0.024455728986972097]]","[[0.7917159388541447, 0.15828406114585525], [0.00828406114585526, 0.04171593885414475]]","[[824.4557289869722, 75.54427101302792], [75.54427101302792, 24.455728986972098]]","[[791.7159388541447, 158.28406114585525], [8.284061145855262, 41.715938854144746]]",0.02434798744293218,0.1097427053443898
P2_sparse_di0p04_np20_nq40,P2,sparse_di0p04,Sparse power family,sparse,sparse_np20_nq40,20,40,2.0,0.1,0.1,0.05,0.2,1,1,0.014455728986972094,0.03171593885414475,0.009999999999969145,0.05000000000000038,-0.04000000000003123,0.04,0.024455728986972097,0.00828406114585526,0.48911457973944195,0.33136244583421043,0.33136244583421043,"[[0.8244557289869722, 0.07554427101302792], [0.07554427101302792, 0.024455728986972097]]","[[0.7917159388541447, 0.15828406114585525], [0.00828406114585526, 0.04171593885414475]]","[[16.489114579739443, 1.5108854202605584], [1.5108854202605584, 0.48911457973944195]]","[[31.668637554165787, 6.33136244583421], [0.33136244583421043, 1.66863755416579]]",0.02434798744293218,0.1097427053443898
P2_sparse_di0p04_np20_nq100,P2,sparse_di0p04,Sparse power family,sparse,sparse_np20_nq100,20,100,5.0,0.1,0.1,0.05,0.2,1,1,0.014455728986972094,0.03171593885414475,0.009999999999969145,0.05000000000000038,-0.04000000000003123,0.04,0.024455728986972097,0.00828406114585526,0.48911457973944195,0.828406114585526,0.48911457973944195,"[[0.8244557289869722, 0.07554427101302792], [0.07554427101302792, 0.024455728986972097]]","[[0.7917159388541447, 0.15828406114585525], [0.00828406114585526, 0.04171593885414475]]","[[16.489114579739443, 1.5108854202605584], [1.5108854202605584, 0.48911457973944195]]","[[79.17159388541447, 15.828406114585524], [0.828406114585526, 4.171593885414475]]",0.02434798744293218,0.1097427053443898
P2_sparse_di0p04_np20_nq200,P2,sparse_di0p04,Sparse power family,sparse,sparse_np20_nq200,20,200,10.0,0.1,0.1,0.05,0.2,1,1,0.014455728986972094,0.03171593885414475,0.009999999999969145,0.05000000000000038,-0.04000000000003123,0.04,0.024455728986972097,0.00828406114585526,0.48911457973944195,1.656812229171052,0.48911457973944195,"[[0.8244557289869722, 0.07554427101302792], [0.07554427101302792, 0.024455728986972097]]","[[0.7917159388541447, 0.15828406114585525], [0.00828406114585526, 0.04171593885414475]]","[[16.489114579739443, 1.5108854202605584], [1.5108854202605584, 0.48911457973944195]]","[[158.34318777082893, 31.65681222917105], [1.656812229171052, 8.34318777082895]]",0.02434798744293218,0.1097427053443898
P2_sparse_di0p04_np50_nq100,P2,sparse_di0p04,Sparse power family,sparse,sparse_np50_nq100,50,100,2.0,0.1,0.1,0.05,0.2,1,1,0.014455728986972094,0.03171593885414475,0.009999999999969145,0.05000000000000038,-0.04000000000003123,0.04,0.024455728986972097,0.00828406114585526,1.222786449348605,0.828406114585526,0.828406114585526,"[[0.8244557289869722, 0.07554427101302792], [0.07554427101302792, 0.024455728986972097]]","[[0.7917159388541447, 0.15828406114585525], [0.00828406114585526, 0.04171593885414475]]","[[41.22278644934861, 3.777213550651396], [3.777213550651396, 1.222786449348605]]","[[79.17159388541447, 15.828406114585524], [0.828406114585526, 4.171593885414475]]",0.02434798744293218,0.1097427053443898
P2_sparse_di0p04_np50_nq250,P2,sparse_di0p04,Sparse power family,sparse,sparse_np50_nq250,50,250,5.0,0.1,0.1,0.05,0.2,1,1,0.014455728986972094,0.03171593885414475,0.009999999999969145,0.05000000000000038,-0.04000000000003123,0.04,0.024455728986972097,0.00828406114585526,1.222786449348605,2.0710152864638154,1.222786449348605,"[[0.8244557289869722, 0.07554427101302792], [0.07554427101302792, 0.024455728986972097]]","[[0.7917159388541447, 0.15828406114585525], [0.00828406114585526, 0.04171593885414475]]","[[41.22278644934861, 3.777213550651396], [3.777213550651396, 1.222786449348605]]","[[197.92898471353618, 39.57101528646381], [2.0710152864638154, 10.428984713536186]]",0.02434798744293218,0.1097427053443898
P2_sparse_di0p04_np50_nq500,P2,sparse_di0p04,Sparse power family,sparse,sparse_np50_nq500,50,500,10.0,0.1,0.1,0.05,0.2,1,1,0.014455728986972094,0.03171593885414475,0.009999999999969145,0.05000000000000038,-0.04000000000003123,0.04,0.024455728986972097,0.00828406114585526,1.222786449348605,4.142030572927631,1.222786449348605,"[[0.8244557289869722, 0.07554427101302792], [0.07554427101302792, 0.024455728986972097]]","[[0.7917159388541447, 0.15828406114585525], [0.00828406114585526, 0.04171593885414475]]","[[41.22278644934861, 3.777213550651396], [3.777213550651396, 1.222786449348605]]","[[395.85796942707236, 79.14203057292762], [4.142030572927631, 20.857969427072373]]",0.02434798744293218,0.1097427053443898
P2_sparse_di0p04_np100_nq200,P2,sparse_di0p04,Sparse power family,sparse,sparse_np100_nq200,100,200,2.0,0.1,0.1,0.05,0.2,1,1,0.014455728986972094,0.03171593885414475,0.009999999999969145,0.05000000000000038,-0.04000000000003123,0.04,0.024455728986972097,0.00828406114585526,2.44557289869721,1.656812229171052,1.656812229171052,"[[0.8244557289869722, 0.07554427101302792], [0.07554427101302792, 0.024455728986972097]]","[[0.7917159388541447, 0.15828406114585525], [0.00828406114585526, 0.04171593885414475]]","[[82.44557289869722, 7.554427101302792], [7.554427101302792, 2.44557289869721]]","[[158.34318777082893, 31.65681222917105], [1.656812229171052, 8.34318777082895]]",0.02434798744293218,0.1097427053443898
P2_sparse_di0p04_np100_nq500,P2,sparse_di0p04,Sparse power family,sparse,sparse_np100_nq500,100,500,5.0,0.1,0.1,0.05,0.2,1,1,0.014455728986972094,0.03171593885414475,0.009999999999969145,0.05000000000000038,-0.04000000000003123,0.04,0.024455728986972097,0.00828406114585526,2.44557289869721,4.142030572927631,2.44557289869721,"[[0.8244557289869722, 0.07554427101302792], [0.07554427101302792, 0.024455728986972097]]","[[0.7917159388541447, 0.15828406114585525], [0.00828406114585526, 0.04171593885414475]]","[[82.44557289869722, 7.554427101302792], [7.554427101302792, 2.44557289869721]]","[[395.85796942707236, 79.14203057292762], [4.142030572927631, 20.857969427072373]]",0.02434798744293218,0.1097427053443898
P2_sparse_di0p04_np100_nq1000,P2,sparse_di0p04,Sparse power family,sparse,sparse_np100_nq1000,100,1000,10.0,0.1,0.1,0.05,0.2,1,1,0.014455728986972094,0.03171593885414475,0.009999999999969145,0.05000000000000038,-0.04000000000003123,0.04,0.024455728986972097,0.00828406114585526,2.44557289869721,8.284061145855262,2.44557289869721,"[[0.8244557289869722, 0.07554427101302792], [0.07554427101302792, 0.024455728986972097]]","[[0.7917159388541447, 0.15828406114585525], [0.00828406114585526, 0.04171593885414475]]","[[82.44557289869722, 7.554427101302792], [7.554427101302792, 2.44557289869721]]","[[791.7159388541447, 158.28406114585525], [8.284061145855262, 41.715938854144746]]",0.02434798744293218,0.1097427053443898
P1_extreme_rare_dim0p0009_n10,P1,extreme_rare_dim0p0009,Extreme rare power family,extreme_rare,extreme_rare_np10_nq10,10,10,1.0,0.02,0.02,0.01,0.05,1,1,0.001137043996675511,0.0003343143990061635,0.001000000000000112,9.999999995194409e-05,0.0009000000000481678,-0.0009,0.0015370439966755109,0.0008343143990061635,0.01537043996675511,0.008343143990061634,0.008343143990061634,"[[0.9615370439966754, 0.01846295600332449], [0.01846295600332449, 0.0015370439966755109]]","[[0.9408343143990061, 0.04916568560099384], [0.009165685600993836, 0.0008343143990061635]]","[[9.615370439966753, 0.18462956003324488], [0.18462956003324488, 0.01537043996675511]]","[[9.408343143990061, 0.49165685600993836], [0.09165685600993836, 0.008343143990061634]]",0.002917547762267722,0.00023284272789571723
P1_extreme_rare_dim0p0009_n20,P1,extreme_rare_dim0p0009,Extreme rare power family,extreme_rare,extreme_rare_np20_nq20,20,20,1.0,0.02,0.02,0.01,0.05,1,1,0.001137043996675511,0.0003343143990061635,0.001000000000000112,9.999999995194409e-05,0.0009000000000481678,-0.0009,0.0015370439966755109,0.0008343143990061635,0.03074087993351022,0.01668628798012327,0.01668628798012327,"[[0.9615370439966754, 0.01846295600332449], [0.01846295600332449, 0.0015370439966755109]]","[[0.9408343143990061, 0.04916568560099384], [0.009165685600993836, 0.0008343143990061635]]","[[19.230740879933506, 0.36925912006648975], [0.36925912006648975, 0.03074087993351022]]","[[18.816686287980122, 0.9833137120198767], [0.18331371201987673, 0.01668628798012327]]",0.002917547762267722,0.00023284272789571723
P1_extreme_rare_dim0p0009_n30,P1,extreme_rare_dim0p0009,Extreme rare power family,extreme_rare,extreme_rare_np30_nq30,30,30,1.0,0.02,0.02,0.01,0.05,1,1,0.001137043996675511,0.0003343143990061635,0.001000000000000112,9.999999995194409e-05,0.0009000000000481678,-0.0009,0.0015370439966755109,0.0008343143990061635,0.046111319900265325,0.025029431970184902,0.025029431970184902,"[[0.9615370439966754, 0.01846295600332449], [0.01846295600332449, 0.0015370439966755109]]","[[0.9408343143990061, 0.04916568560099384], [0.009165685600993836, 0.0008343143990061635]]","[[28.846111319900263, 0.5538886800997347], [0.5538886800997347, 0.046111319900265325]]","[[28.225029431970185, 1.474970568029815], [0.27497056802981507, 0.025029431970184902]]",0.002917547762267722,0.00023284272789571723
P1_extreme_rare_dim0p0009_n50,P1,extreme_rare_dim0p0009,Extreme rare power family,extreme_rare,extreme_rare_np50_nq50,50,50,1.0,0.02,0.02,0.01,0.05,1,1,0.001137043996675511,0.0003343143990061635,0.001000000000000112,9.999999995194409e-05,0.0009000000000481678,-0.0009,0.0015370439966755109,0.0008343143990061635,0.07685219983377554,0.04171571995030817,0.04171571995030817,"[[0.9615370439966754, 0.01846295600332449], [0.01846295600332449, 0.0015370439966755109]]","[[0.9408343143990061, 0.04916568560099384], [0.009165685600993836, 0.0008343143990061635]]","[[48.076852199833766, 0.9231478001662244], [0.9231478001662244, 0.07685219983377554]]","[[47.041715719950304, 2.458284280049692], [0.4582842800496918, 0.04171571995030817]]",0.002917547762267722,0.00023284272789571723
P1_extreme_rare_dim0p0009_n100,P1,extreme_rare_dim0p0009,Extreme rare power family,extreme_rare,extreme_rare_np100_nq100,100,100,1.0,0.02,0.02,0.01,0.05,1,1,0.001137043996675511,0.0003343143990061635,0.001000000000000112,9.999999995194409e-05,0.0009000000000481678,-0.0009,0.0015370439966755109,0.0008343143990061635,0.1537043996675511,0.08343143990061634,0.08343143990061634,"[[0.9615370439966754, 0.01846295600332449], [0.01846295600332449, 0.0015370439966755109]]","[[0.9408343143990061, 0.04916568560099384], [0.009165685600993836, 0.0008343143990061635]]","[[96.15370439966753, 1.8462956003324489], [1.8462956003324489, 0.1537043996675511]]","[[94.08343143990061, 4.916568560099384], [0.9165685600993836, 0.08343143990061634]]",0.002917547762267722,0.00023284272789571723
P1_extreme_rare_dim0p0009_n200,P1,extreme_rare_dim0p0009,Extreme rare power family,extreme_rare,extreme_rare_np200_nq200,200,200,1.0,0.02,0.02,0.01,0.05,1,1,0.001137043996675511,0.0003343143990061635,0.001000000000000112,9.999999995194409e-05,0.0009000000000481678,-0.0009,0.0015370439966755109,0.0008343143990061635,0.3074087993351022,0.16686287980123268,0.16686287980123268,"[[0.9615370439966754, 0.01846295600332449], [0.01846295600332449, 0.0015370439966755109]]","[[0.9408343143990061, 0.04916568560099384], [0.009165685600993836, 0.0008343143990061635]]","[[192.30740879933506, 3.6925912006648978], [3.6925912006648978, 0.3074087993351022]]","[[188.16686287980122, 9.833137120198767], [1.8331371201987672, 0.16686287980123268]]",0.002917547762267722,0.00023284272789571723
P1_extreme_rare_dim0p0009_n500,P1,extreme_rare_dim0p0009,Extreme rare power family,extreme_rare,extreme_rare_np500_nq500,500,500,1.0,0.02,0.02,0.01,0.05,1,1,0.001137043996675511,0.0003343143990061635,0.001000000000000112,9.999999995194409e-05,0.0009000000000481678,-0.0009,0.0015370439966755109,0.0008343143990061635,0.7685219983377555,0.4171571995030817,0.4171571995030817,"[[0.9615370439966754, 0.01846295600332449], [0.01846295600332449, 0.0015370439966755109]]","[[0.9408343143990061, 0.04916568560099384], [0.009165685600993836, 0.0008343143990061635]]","[[480.7685219983377, 9.231478001662245], [9.231478001662245, 0.7685219983377555]]","[[470.41715719950304, 24.58284280049692], [4.582842800496918, 0.4171571995030817]]",0.002917547762267722,0.00023284272789571723
P1_extreme_rare_dim0p0009_n1000,P1,extreme_rare_dim0p0009,Extreme rare power family,extreme_rare,extreme_rare_np1000_nq1000,1000,1000,1.0,0.02,0.02,0.01,0.05,1,1,0.001137043996675511,0.0003343143990061635,0.001000000000000112,9.999999995194409e-05,0.0009000000000481678,-0.0009,0.0015370439966755109,0.0008343143990061635,1.537043996675511,0.8343143990061634,0.8343143990061634,"[[0.9615370439966754, 0.01846295600332449], [0.01846295600332449, 0.0015370439966755109]]","[[0.9408343143990061, 0.04916568560099384], [0.009165685600993836, 0.0008343143990061635]]","[[961.5370439966754, 18.46295600332449], [18.46295600332449, 1.537043996675511]]","[[940.8343143990061, 49.16568560099384], [9.165685600993836, 0.8343143990061634]]",0.002917547762267722,0.00023284272789571723
P1_extreme_rare_dim0p0005_n10,P1,extreme_rare_dim0p0005,Extreme rare power family,extreme_rare,extreme_rare_np10_nq10,10,10,1.0,0.02,0.02,0.01,0.05,1,1,0.001137043996675511,0.0008152909897762386,0.001000000000000112,0.0005000000000000004,0.0005000000000001115,-0.0005,0.0015370439966755109,0.0013152909897762386,0.01537043996675511,0.013152909897762386,0.013152909897762386,"[[0.9615370439966754, 0.01846295600332449], [0.01846295600332449, 0.0015370439966755109]]","[[0.9413152909897763, 0.048684709010223766], [0.008684709010223762, 0.0013152909897762386]]","[[9.615370439966753, 0.18462956003324488], [0.18462956003324488, 0.01537043996675511]]","[[9.413152909897763, 0.48684709010223765], [0.08684709010223762, 0.013152909897762386]]",0.002917547762267722,0.0013142420826844886
P1_extreme_rare_dim0p0005_n20,P1,extreme_rare_dim0p0005,Extreme rare power family,extreme_rare,extreme_rare_np20_nq20,20,20,1.0,0.02,0.02,0.01,0.05,1,1,0.001137043996675511,0.0008152909897762386,0.001000000000000112,0.0005000000000000004,0.0005000000000001115,-0.0005,0.0015370439966755109,0.0013152909897762386,0.03074087993351022,0.026305819795524772,0.026305819795524772,"[[0.9615370439966754, 0.01846295600332449], [0.01846295600332449, 0.0015370439966755109]]","[[0.9413152909897763, 0.048684709010223766], [0.008684709010223762, 0.0013152909897762386]]","[[19.230740879933506, 0.36925912006648975], [0.36925912006648975, 0.03074087993351022]]","[[18.826305819795525, 0.9736941802044753], [0.17369418020447525, 0.026305819795524772]]",0.002917547762267722,0.0013142420826844886
P1_extreme_rare_dim0p0005_n30,P1,extreme_rare_dim0p0005,Extreme rare power family,extreme_rare,extreme_rare_np30_nq30,30,30,1.0,0.02,0.02,0.01,0.05,1,1,0.001137043996675511,0.0008152909897762386,0.001000000000000112,0.0005000000000000004,0.0005000000000001115,-0.0005,0.0015370439966755109,0.0013152909897762386,0.046111319900265325,0.03945872969328716,0.03945872969328716,"[[0.9615370439966754, 0.01846295600332449], [0.01846295600332449, 0.0015370439966755109]]","[[0.9413152909897763, 0.048684709010223766], [0.008684709010223762, 0.0013152909897762386]]","[[28.846111319900263, 0.5538886800997347], [0.5538886800997347, 0.046111319900265325]]","[[28.23945872969329, 1.4605412703067129], [0.26054127030671287, 0.03945872969328716]]",0.002917547762267722,0.0013142420826844886
P1_extreme_rare_dim0p0005_n50,P1,extreme_rare_dim0p0005,Extreme rare power family,extreme_rare,extreme_rare_np50_nq50,50,50,1.0,0.02,0.02,0.01,0.05,1,1,0.001137043996675511,0.0008152909897762386,0.001000000000000112,0.0005000000000000004,0.0005000000000001115,-0.0005,0.0015370439966755109,0.0013152909897762386,0.07685219983377554,0.06576454948881193,0.06576454948881193,"[[0.9615370439966754, 0.01846295600332449], [0.01846295600332449, 0.0015370439966755109]]","[[0.9413152909897763, 0.048684709010223766], [0.008684709010223762, 0.0013152909897762386]]","[[48.076852199833766, 0.9231478001662244], [0.9231478001662244, 0.07685219983377554]]","[[47.06576454948881, 2.4342354505111885], [0.43423545051118806, 0.06576454948881193]]",0.002917547762267722,0.0013142420826844886
P1_extreme_rare_dim0p0005_n100,P1,extreme_rare_dim0p0005,Extreme rare power family,extreme_rare,extreme_rare_np100_nq100,100,100,1.0,0.02,0.02,0.01,0.05,1,1,0.001137043996675511,0.0008152909897762386,0.001000000000000112,0.0005000000000000004,0.0005000000000001115,-0.0005,0.0015370439966755109,0.0013152909897762386,0.1537043996675511,0.13152909897762385,0.13152909897762385,"[[0.9615370439966754, 0.01846295600332449], [0.01846295600332449, 0.0015370439966755109]]","[[0.9413152909897763, 0.048684709010223766], [0.008684709010223762, 0.0013152909897762386]]","[[96.15370439966753, 1.8462956003324489], [1.8462956003324489, 0.1537043996675511]]","[[94.13152909897762, 4.868470901022377], [0.8684709010223761, 0.13152909897762385]]",0.002917547762267722,0.0013142420826844886
P1_extreme_rare_dim0p0005_n200,P1,extreme_rare_dim0p0005,Extreme rare power family,extreme_rare,extreme_rare_np200_nq200,200,200,1.0,0.02,0.02,0.01,0.05,1,1,0.001137043996675511,0.0008152909897762386,0.001000000000000112,0.0005000000000000004,0.0005000000000001115,-0.0005,0.0015370439966755109,0.0013152909897762386,0.3074087993351022,0.2630581979552477,0.2630581979552477,"[[0.9615370439966754, 0.01846295600332449], [0.01846295600332449, 0.0015370439966755109]]","[[0.9413152909897763, 0.048684709010223766], [0.008684709010223762, 0.0013152909897762386]]","[[192.30740879933506, 3.6925912006648978], [3.6925912006648978, 0.3074087993351022]]","[[188.26305819795525, 9.736941802044754], [1.7369418020447522, 0.2630581979552477]]",0.002917547762267722,0.0013142420826844886
P1_extreme_rare_dim0p0005_n500,P1,extreme_rare_dim0p0005,Extreme rare power family,extreme_rare,extreme_rare_np500_nq500,500,500,1.0,0.02,0.02,0.01,0.05,1,1,0.001137043996675511,0.0008152909897762386,0.001000000000000112,0.0005000000000000004,0.0005000000000001115,-0.0005,0.0015370439966755109,0.0013152909897762386,0.7685219983377555,0.6576454948881193,0.6576454948881193,"[[0.9615370439966754, 0.01846295600332449], [0.01846295600332449, 0.0015370439966755109]]","[[0.9413152909897763, 0.048684709010223766], [0.008684709010223762, 0.0013152909897762386]]","[[480.7685219983377, 9.231478001662245], [9.231478001662245, 0.7685219983377555]]","[[470.65764549488813, 24.34235450511188], [4.342354505111881, 0.6576454948881193]]",0.002917547762267722,0.0013142420826844886
P1_extreme_rare_dim0p0005_n1000,P1,extreme_rare_dim0p0005,Extreme rare power family,extreme_rare,extreme_rare_np1000_nq1000,1000,1000,1.0,0.02,0.02,0.01,0.05,1,1,0.001137043996675511,0.0008152909897762386,0.001000000000000112,0.0005000000000000004,0.0005000000000001115,-0.0005,0.0015370439966755109,0.0013152909897762386,1.537043996675511,1.3152909897762386,1.3152909897762386,"[[0.9615370439966754, 0.01846295600332449], [0.01846295600332449, 0.0015370439966755109]]","[[0.9413152909897763, 0.048684709010223766], [0.008684709010223762, 0.0013152909897762386]]","[[961.5370439966754, 18.46295600332449], [18.46295600332449, 1.537043996675511]]","[[941.3152909897763, 48.68470901022376], [8.684709010223761, 1.3152909897762386]]",0.002917547762267722,0.0013142420826844886
P1_extreme_rare_di0_n10,P1,extreme_rare_di0,Extreme rare power family,extreme_rare,extreme_rare_np10_nq10,10,10,1.0,0.02,0.02,0.01,0.05,1,1,0.001137043996675511,0.0012179369941002192,0.001000000000000112,0.0009999999999491527,5.0959236830294685e-14,0.0,0.0015370439966755109,0.0017179369941002192,0.01537043996675511,0.017179369941002193,0.01537043996675511,"[[0.9615370439966754, 0.01846295600332449], [0.01846295600332449, 0.0015370439966755109]]","[[0.9417179369941002, 0.04828206300589978], [0.00828206300589978, 0.0017179369941002192]]","[[9.615370439966753, 0.18462956003324488], [0.18462956003324488, 0.01537043996675511]]","[[9.417179369941003, 0.4828206300589978], [0.0828206300589978, 0.017179369941002193]]",0.002917547762267722,0.0028035916997350054
P1_extreme_rare_di0_n20,P1,extreme_rare_di0,Extreme rare power family,extreme_rare,extreme_rare_np20_nq20,20,20,1.0,0.02,0.02,0.01,0.05,1,1,0.001137043996675511,0.0012179369941002192,0.001000000000000112,0.0009999999999491527,5.0959236830294685e-14,0.0,0.0015370439966755109,0.0017179369941002192,0.03074087993351022,0.034358739882004385,0.03074087993351022,"[[0.9615370439966754, 0.01846295600332449], [0.01846295600332449, 0.0015370439966755109]]","[[0.9417179369941002, 0.04828206300589978], [0.00828206300589978, 0.0017179369941002192]]","[[19.230740879933506, 0.36925912006648975], [0.36925912006648975, 0.03074087993351022]]","[[18.834358739882006, 0.9656412601179956], [0.1656412601179956, 0.034358739882004385]]",0.002917547762267722,0.0028035916997350054
P1_extreme_rare_di0_n30,P1,extreme_rare_di0,Extreme rare power family,extreme_rare,extreme_rare_np30_nq30,30,30,1.0,0.02,0.02,0.01,0.05,1,1,0.001137043996675511,0.0012179369941002192,0.001000000000000112,0.0009999999999491527,5.0959236830294685e-14,0.0,0.0015370439966755109,0.0017179369941002192,0.046111319900265325,0.05153810982300658,0.046111319900265325,"[[0.9615370439966754, 0.01846295600332449], [0.01846295600332449, 0.0015370439966755109]]","[[0.9417179369941002, 0.04828206300589978], [0.00828206300589978, 0.0017179369941002192]]","[[28.846111319900263, 0.5538886800997347], [0.5538886800997347, 0.046111319900265325]]","[[28.251538109823006, 1.4484618901769934], [0.24846189017699338, 0.05153810982300658]]",0.002917547762267722,0.0028035916997350054
P1_extreme_rare_di0_n50,P1,extreme_rare_di0,Extreme rare power family,extreme_rare,extreme_rare_np50_nq50,50,50,1.0,0.02,0.02,0.01,0.05,1,1,0.001137043996675511,0.0012179369941002192,0.001000000000000112,0.0009999999999491527,5.0959236830294685e-14,0.0,0.0015370439966755109,0.0017179369941002192,0.07685219983377554,0.08589684970501096,0.07685219983377554,"[[0.9615370439966754, 0.01846295600332449], [0.01846295600332449, 0.0015370439966755109]]","[[0.9417179369941002, 0.04828206300589978], [0.00828206300589978, 0.0017179369941002192]]","[[48.076852199833766, 0.9231478001662244], [0.9231478001662244, 0.07685219983377554]]","[[47.08589684970501, 2.4141031502949892], [0.414103150294989, 0.08589684970501096]]",0.002917547762267722,0.0028035916997350054
P1_extreme_rare_di0_n100,P1,extreme_rare_di0,Extreme rare power family,extreme_rare,extreme_rare_np100_nq100,100,100,1.0,0.02,0.02,0.01,0.05,1,1,0.001137043996675511,0.0012179369941002192,0.001000000000000112,0.0009999999999491527,5.0959236830294685e-14,0.0,0.0015370439966755109,0.0017179369941002192,0.1537043996675511,0.17179369941002193,0.1537043996675511,"[[0.9615370439966754, 0.01846295600332449], [0.01846295600332449, 0.0015370439966755109]]","[[0.9417179369941002, 0.04828206300589978], [0.00828206300589978, 0.0017179369941002192]]","[[96.15370439966753, 1.8462956003324489], [1.8462956003324489, 0.1537043996675511]]","[[94.17179369941002, 4.8282063005899785], [0.828206300589978, 0.17179369941002193]]",0.002917547762267722,0.0028035916997350054
P1_extreme_rare_di0_n200,P1,extreme_rare_di0,Extreme rare power family,extreme_rare,extreme_rare_np200_nq200,200,200,1.0,0.02,0.02,0.01,0.05,1,1,0.001137043996675511,0.0012179369941002192,0.001000000000000112,0.0009999999999491527,5.0959236830294685e-14,0.0,0.0015370439966755109,0.0017179369941002192,0.3074087993351022,0.34358739882004385,0.3074087993351022,"[[0.9615370439966754, 0.01846295600332449], [0.01846295600332449, 0.0015370439966755109]]","[[0.9417179369941002, 0.04828206300589978], [0.00828206300589978, 0.0017179369941002192]]","[[192.30740879933506, 3.6925912006648978], [3.6925912006648978, 0.3074087993351022]]","[[188.34358739882003, 9.656412601179957], [1.656412601179956, 0.34358739882004385]]",0.002917547762267722,0.0028035916997350054
P1_extreme_rare_di0_n500,P1,extreme_rare_di0,Extreme rare power family,extreme_rare,extreme_rare_np500_nq500,500,500,1.0,0.02,0.02,0.01,0.05,1,1,0.001137043996675511,0.0012179369941002192,0.001000000000000112,0.0009999999999491527,5.0959236830294685e-14,0.0,0.0015370439966755109,0.0017179369941002192,0.7685219983377555,0.8589684970501096,0.7685219983377555,"[[0.9615370439966754, 0.01846295600332449], [0.01846295600332449, 0.0015370439966755109]]","[[0.9417179369941002, 0.04828206300589978], [0.00828206300589978, 0.0017179369941002192]]","[[480.7685219983377, 9.231478001662245], [9.231478001662245, 0.7685219983377555]]","[[470.8589684970501, 24.14103150294989], [4.14103150294989, 0.8589684970501096]]",0.002917547762267722,0.0028035916997350054
P1_extreme_rare_di0_n1000,P1,extreme_rare_di0,Extreme rare power family,extreme_rare,extreme_rare_np1000_nq1000,1000,1000,1.0,0.02,0.02,0.01,0.05,1,1,0.001137043996675511,0.0012179369941002192,0.001000000000000112,0.0009999999999491527,5.0959236830294685e-14,0.0,0.0015370439966755109,0.0017179369941002192,1.537043996675511,1.7179369941002192,1.537043996675511,"[[0.9615370439966754, 0.01846295600332449], [0.01846295600332449, 0.0015370439966755109]]","[[0.9417179369941002, 0.04828206300589978], [0.00828206300589978, 0.0017179369941002192]]","[[961.5370439966754, 18.46295600332449], [18.46295600332449, 1.537043996675511]]","[[941.7179369941002, 48.28206300589978], [8.28206300589978, 1.7179369941002192]]",0.002917547762267722,0.0028035916997350054
P2_extreme_rare_di0_np20_nq40,P2,extreme_rare_di0,Extreme rare power family,extreme_rare,extreme_rare_np20_nq40,20,40,2.0,0.02,0.02,0.01,0.05,1,1,0.001137043996675511,0.0012179369941002192,0.001000000000000112,0.0009999999999491527,5.0959236830294685e-14,0.0,0.0015370439966755109,0.0017179369941002192,0.03074087993351022,0.06871747976400877,0.03074087993351022,"[[0.9615370439966754, 0.01846295600332449], [0.01846295600332449, 0.0015370439966755109]]","[[0.9417179369941002, 0.04828206300589978], [0.00828206300589978, 0.0017179369941002192]]","[[19.230740879933506, 0.36925912006648975], [0.36925912006648975, 0.03074087993351022]]","[[37.66871747976401, 1.9312825202359911], [0.3312825202359912, 0.06871747976400877]]",0.002917547762267722,0.0028035916997350054
P2_extreme_rare_di0_np20_nq100,P2,extreme_rare_di0,Extreme rare power family,extreme_rare,extreme_rare_np20_nq100,20,100,5.0,0.02,0.02,0.01,0.05,1,1,0.001137043996675511,0.0012179369941002192,0.001000000000000112,0.0009999999999491527,5.0959236830294685e-14,0.0,0.0015370439966755109,0.0017179369941002192,0.03074087993351022,0.17179369941002193,0.03074087993351022,"[[0.9615370439966754, 0.01846295600332449], [0.01846295600332449, 0.0015370439966755109]]","[[0.9417179369941002, 0.04828206300589978], [0.00828206300589978, 0.0017179369941002192]]","[[19.230740879933506, 0.36925912006648975], [0.36925912006648975, 0.03074087993351022]]","[[94.17179369941002, 4.8282063005899785], [0.828206300589978, 0.17179369941002193]]",0.002917547762267722,0.0028035916997350054
P2_extreme_rare_di0_np20_nq200,P2,extreme_rare_di0,Extreme rare power family,extreme_rare,extreme_rare_np20_nq200,20,200,10.0,0.02,0.02,0.01,0.05,1,1,0.001137043996675511,0.0012179369941002192,0.001000000000000112,0.0009999999999491527,5.0959236830294685e-14,0.0,0.0015370439966755109,0.0017179369941002192,0.03074087993351022,0.34358739882004385,0.03074087993351022,"[[0.9615370439966754, 0.01846295600332449], [0.01846295600332449, 0.0015370439966755109]]","[[0.9417179369941002, 0.04828206300589978], [0.00828206300589978, 0.0017179369941002192]]","[[19.230740879933506, 0.36925912006648975], [0.36925912006648975, 0.03074087993351022]]","[[188.34358739882003, 9.656412601179957], [1.656412601179956, 0.34358739882004385]]",0.002917547762267722,0.0028035916997350054
P2_extreme_rare_di0_np50_nq100,P2,extreme_rare_di0,Extreme rare power family,extreme_rare,extreme_rare_np50_nq100,50,100,2.0,0.02,0.02,0.01,0.05,1,1,0.001137043996675511,0.0012179369941002192,0.001000000000000112,0.0009999999999491527,5.0959236830294685e-14,0.0,0.0015370439966755109,0.0017179369941002192,0.07685219983377554,0.17179369941002193,0.07685219983377554,"[[0.9615370439966754, 0.01846295600332449], [0.01846295600332449, 0.0015370439966755109]]","[[0.9417179369941002, 0.04828206300589978], [0.00828206300589978, 0.0017179369941002192]]","[[48.076852199833766, 0.9231478001662244], [0.9231478001662244, 0.07685219983377554]]","[[94.17179369941002, 4.8282063005899785], [0.828206300589978, 0.17179369941002193]]",0.002917547762267722,0.0028035916997350054
P2_extreme_rare_di0_np50_nq250,P2,extreme_rare_di0,Extreme rare power family,extreme_rare,extreme_rare_np50_nq250,50,250,5.0,0.02,0.02,0.01,0.05,1,1,0.001137043996675511,0.0012179369941002192,0.001000000000000112,0.0009999999999491527,5.0959236830294685e-14,0.0,0.0015370439966755109,0.0017179369941002192,0.07685219983377554,0.4294842485250548,0.07685219983377554,"[[0.9615370439966754, 0.01846295600332449], [0.01846295600332449, 0.0015370439966755109]]","[[0.9417179369941002, 0.04828206300589978], [0.00828206300589978, 0.0017179369941002192]]","[[48.076852199833766, 0.9231478001662244], [0.9231478001662244, 0.07685219983377554]]","[[235.42948424852506, 12.070515751474945], [2.070515751474945, 0.4294842485250548]]",0.002917547762267722,0.0028035916997350054
P2_extreme_rare_di0_np50_nq500,P2,extreme_rare_di0,Extreme rare power family,extreme_rare,extreme_rare_np50_nq500,50,500,10.0,0.02,0.02,0.01,0.05,1,1,0.001137043996675511,0.0012179369941002192,0.001000000000000112,0.0009999999999491527,5.0959236830294685e-14,0.0,0.0015370439966755109,0.0017179369941002192,0.07685219983377554,0.8589684970501096,0.07685219983377554,"[[0.9615370439966754, 0.01846295600332449], [0.01846295600332449, 0.0015370439966755109]]","[[0.9417179369941002, 0.04828206300589978], [0.00828206300589978, 0.0017179369941002192]]","[[48.076852199833766, 0.9231478001662244], [0.9231478001662244, 0.07685219983377554]]","[[470.8589684970501, 24.14103150294989], [4.14103150294989, 0.8589684970501096]]",0.002917547762267722,0.0028035916997350054
P2_extreme_rare_di0_np100_nq200,P2,extreme_rare_di0,Extreme rare power family,extreme_rare,extreme_rare_np100_nq200,100,200,2.0,0.02,0.02,0.01,0.05,1,1,0.001137043996675511,0.0012179369941002192,0.001000000000000112,0.0009999999999491527,5.0959236830294685e-14,0.0,0.0015370439966755109,0.0017179369941002192,0.1537043996675511,0.34358739882004385,0.1537043996675511,"[[0.9615370439966754, 0.01846295600332449], [0.01846295600332449, 0.0015370439966755109]]","[[0.9417179369941002, 0.04828206300589978], [0.00828206300589978, 0.0017179369941002192]]","[[96.15370439966753, 1.8462956003324489], [1.8462956003324489, 0.1537043996675511]]","[[188.34358739882003, 9.656412601179957], [1.656412601179956, 0.34358739882004385]]",0.002917547762267722,0.0028035916997350054
P2_extreme_rare_di0_np100_nq500,P2,extreme_rare_di0,Extreme rare power family,extreme_rare,extreme_rare_np100_nq500,100,500,5.0,0.02,0.02,0.01,0.05,1,1,0.001137043996675511,0.0012179369941002192,0.001000000000000112,0.0009999999999491527,5.0959236830294685e-14,0.0,0.0015370439966755109,0.0017179369941002192,0.1537043996675511,0.8589684970501096,0.1537043996675511,"[[0.9615370439966754, 0.01846295600332449], [0.01846295600332449, 0.0015370439966755109]]","[[0.9417179369941002, 0.04828206300589978], [0.00828206300589978, 0.0017179369941002192]]","[[96.15370439966753, 1.8462956003324489], [1.8462956003324489, 0.1537043996675511]]","[[470.8589684970501, 24.14103150294989], [4.14103150294989, 0.8589684970501096]]",0.002917547762267722,0.0028035916997350054
P2_extreme_rare_di0_np100_nq1000,P2,extreme_rare_di0,Extreme rare power family,extreme_rare,extreme_rare_np100_nq1000,100,1000,10.0,0.02,0.02,0.01,0.05,1,1,0.001137043996675511,0.0012179369941002192,0.001000000000000112,0.0009999999999491527,5.0959236830294685e-14,0.0,0.0015370439966755109,0.0017179369941002192,0.1537043996675511,1.7179369941002192,0.1537043996675511,"[[0.9615370439966754, 0.01846295600332449], [0.01846295600332449, 0.0015370439966755109]]","[[0.9417179369941002, 0.04828206300589978], [0.00828206300589978, 0.0017179369941002192]]","[[96.15370439966753, 1.8462956003324489], [1.8462956003324489, 0.1537043996675511]]","[[941.7179369941002, 48.28206300589978], [8.28206300589978, 1.7179369941002192]]",0.002917547762267722,0.0028035916997350054
P1_extreme_rare_di0p0005_n10,P1,extreme_rare_di0p0005,Extreme rare power family,extreme_rare,extreme_rare_np10_nq10,10,10,1.0,0.02,0.02,0.01,0.05,1,1,0.001137043996675511,0.0015485994318805323,0.001000000000000112,0.0014999999999993907,-0.0004999999999992788,0.0005,0.0015370439966755109,0.002048599431880532,0.01537043996675511,0.020485994318805323,0.01537043996675511,"[[0.9615370439966754, 0.01846295600332449], [0.01846295600332449, 0.0015370439966755109]]","[[0.9420485994318806, 0.04795140056811947], [0.007951400568119467, 0.002048599431880532]]","[[9.615370439966753, 0.18462956003324488], [0.18462956003324488, 0.01537043996675511]]","[[9.420485994318806, 0.47951400568119473], [0.07951400568119467, 0.020485994318805323]]",0.002917547762267722,0.004375090613469231
P1_extreme_rare_di0p0005_n20,P1,extreme_rare_di0p0005,Extreme rare power family,extreme_rare,extreme_rare_np20_nq20,20,20,1.0,0.02,0.02,0.01,0.05,1,1,0.001137043996675511,0.0015485994318805323,0.001000000000000112,0.0014999999999993907,-0.0004999999999992788,0.0005,0.0015370439966755109,0.002048599431880532,0.03074087993351022,0.040971988637610646,0.03074087993351022,"[[0.9615370439966754, 0.01846295600332449], [0.01846295600332449, 0.0015370439966755109]]","[[0.9420485994318806, 0.04795140056811947], [0.007951400568119467, 0.002048599431880532]]","[[19.230740879933506, 0.36925912006648975], [0.36925912006648975, 0.03074087993351022]]","[[18.840971988637612, 0.9590280113623895], [0.15902801136238934, 0.040971988637610646]]",0.002917547762267722,0.004375090613469231
P1_extreme_rare_di0p0005_n30,P1,extreme_rare_di0p0005,Extreme rare power family,extreme_rare,extreme_rare_np30_nq30,30,30,1.0,0.02,0.02,0.01,0.05,1,1,0.001137043996675511,0.0015485994318805323,0.001000000000000112,0.0014999999999993907,-0.0004999999999992788,0.0005,0.0015370439966755109,0.002048599431880532,0.046111319900265325,0.06145798295641596,0.046111319900265325,"[[0.9615370439966754, 0.01846295600332449], [0.01846295600332449, 0.0015370439966755109]]","[[0.9420485994318806, 0.04795140056811947], [0.007951400568119467, 0.002048599431880532]]","[[28.846111319900263, 0.5538886800997347], [0.5538886800997347, 0.046111319900265325]]","[[28.26145798295642, 1.4385420170435843], [0.23854201704358402, 0.06145798295641596]]",0.002917547762267722,0.004375090613469231
P1_extreme_rare_di0p0005_n50,P1,extreme_rare_di0p0005,Extreme rare power family,extreme_rare,extreme_rare_np50_nq50,50,50,1.0,0.02,0.02,0.01,0.05,1,1,0.001137043996675511,0.0015485994318805323,0.001000000000000112,0.0014999999999993907,-0.0004999999999992788,0.0005,0.0015370439966755109,0.002048599431880532,0.07685219983377554,0.1024299715940266,0.07685219983377554,"[[0.9615370439966754, 0.01846295600332449], [0.01846295600332449, 0.0015370439966755109]]","[[0.9420485994318806, 0.04795140056811947], [0.007951400568119467, 0.002048599431880532]]","[[48.076852199833766, 0.9231478001662244], [0.9231478001662244, 0.07685219983377554]]","[[47.10242997159403, 2.3975700284059736], [0.3975700284059734, 0.1024299715940266]]",0.002917547762267722,0.004375090613469231
P1_extreme_rare_di0p0005_n100,P1,extreme_rare_di0p0005,Extreme rare power family,extreme_rare,extreme_rare_np100_nq100,100,100,1.0,0.02,0.02,0.01,0.05,1,1,0.001137043996675511,0.0015485994318805323,0.001000000000000112,0.0014999999999993907,-0.0004999999999992788,0.0005,0.0015370439966755109,0.002048599431880532,0.1537043996675511,0.2048599431880532,0.1537043996675511,"[[0.9615370439966754, 0.01846295600332449], [0.01846295600332449, 0.0015370439966755109]]","[[0.9420485994318806, 0.04795140056811947], [0.007951400568119467, 0.002048599431880532]]","[[96.15370439966753, 1.8462956003324489], [1.8462956003324489, 0.1537043996675511]]","[[94.20485994318805, 4.795140056811947], [0.7951400568119468, 0.2048599431880532]]",0.002917547762267722,0.004375090613469231
P1_extreme_rare_di0p0005_n200,P1,extreme_rare_di0p0005,Extreme rare power family,extreme_rare,extreme_rare_np200_nq200,200,200,1.0,0.02,0.02,0.01,0.05,1,1,0.001137043996675511,0.0015485994318805323,0.001000000000000112,0.0014999999999993907,-0.0004999999999992788,0.0005,0.0015370439966755109,0.002048599431880532,0.3074087993351022,0.4097198863761064,0.3074087993351022,"[[0.9615370439966754, 0.01846295600332449], [0.01846295600332449, 0.0015370439966755109]]","[[0.9420485994318806, 0.04795140056811947], [0.007951400568119467, 0.002048599431880532]]","[[192.30740879933506, 3.6925912006648978], [3.6925912006648978, 0.3074087993351022]]","[[188.4097198863761, 9.590280113623894], [1.5902801136238935, 0.4097198863761064]]",0.002917547762267722,0.004375090613469231
P1_extreme_rare_di0p0005_n500,P1,extreme_rare_di0p0005,Extreme rare power family,extreme_rare,extreme_rare_np500_nq500,500,500,1.0,0.02,0.02,0.01,0.05,1,1,0.001137043996675511,0.0015485994318805323,0.001000000000000112,0.0014999999999993907,-0.0004999999999992788,0.0005,0.0015370439966755109,0.002048599431880532,0.7685219983377555,1.024299715940266,0.7685219983377555,"[[0.9615370439966754, 0.01846295600332449], [0.01846295600332449, 0.0015370439966755109]]","[[0.9420485994318806, 0.04795140056811947], [0.007951400568119467, 0.002048599431880532]]","[[480.7685219983377, 9.231478001662245], [9.231478001662245, 0.7685219983377555]]","[[471.0242997159403, 23.975700284059737], [3.9757002840597337, 1.024299715940266]]",0.002917547762267722,0.004375090613469231
P1_extreme_rare_di0p0005_n1000,P1,extreme_rare_di0p0005,Extreme rare power family,extreme_rare,extreme_rare_np1000_nq1000,1000,1000,1.0,0.02,0.02,0.01,0.05,1,1,0.001137043996675511,0.0015485994318805323,0.001000000000000112,0.0014999999999993907,-0.0004999999999992788,0.0005,0.0015370439966755109,0.002048599431880532,1.537043996675511,2.048599431880532,1.537043996675511,"[[0.9615370439966754, 0.01846295600332449], [0.01846295600332449, 0.0015370439966755109]]","[[0.9420485994318806, 0.04795140056811947], [0.007951400568119467, 0.002048599431880532]]","[[961.5370439966754, 18.46295600332449], [18.46295600332449, 1.537043996675511]]","[[942.0485994318806, 47.951400568119475], [7.9514005681194675, 2.048599431880532]]",0.002917547762267722,0.004375090613469231
P2_extreme_rare_di0p0005_np20_nq40,P2,extreme_rare_di0p0005,Extreme rare power family,extreme_rare,extreme_rare_np20_nq40,20,40,2.0,0.02,0.02,0.01,0.05,1,1,0.001137043996675511,0.0015485994318805323,0.001000000000000112,0.0014999999999993907,-0.0004999999999992788,0.0005,0.0015370439966755109,0.002048599431880532,0.03074087993351022,0.08194397727522129,0.03074087993351022,"[[0.9615370439966754, 0.01846295600332449], [0.01846295600332449, 0.0015370439966755109]]","[[0.9420485994318806, 0.04795140056811947], [0.007951400568119467, 0.002048599431880532]]","[[19.230740879933506, 0.36925912006648975], [0.36925912006648975, 0.03074087993351022]]","[[37.681943977275225, 1.918056022724779], [0.3180560227247787, 0.08194397727522129]]",0.002917547762267722,0.004375090613469231
P2_extreme_rare_di0p0005_np20_nq100,P2,extreme_rare_di0p0005,Extreme rare power family,extreme_rare,extreme_rare_np20_nq100,20,100,5.0,0.02,0.02,0.01,0.05,1,1,0.001137043996675511,0.0015485994318805323,0.001000000000000112,0.0014999999999993907,-0.0004999999999992788,0.0005,0.0015370439966755109,0.002048599431880532,0.03074087993351022,0.2048599431880532,0.03074087993351022,"[[0.9615370439966754, 0.01846295600332449], [0.01846295600332449, 0.0015370439966755109]]","[[0.9420485994318806, 0.04795140056811947], [0.007951400568119467, 0.002048599431880532]]","[[19.230740879933506, 0.36925912006648975], [0.36925912006648975, 0.03074087993351022]]","[[94.20485994318805, 4.795140056811947], [0.7951400568119468, 0.2048599431880532]]",0.002917547762267722,0.004375090613469231
P2_extreme_rare_di0p0005_np20_nq200,P2,extreme_rare_di0p0005,Extreme rare power family,extreme_rare,extreme_rare_np20_nq200,20,200,10.0,0.02,0.02,0.01,0.05,1,1,0.001137043996675511,0.0015485994318805323,0.001000000000000112,0.0014999999999993907,-0.0004999999999992788,0.0005,0.0015370439966755109,0.002048599431880532,0.03074087993351022,0.4097198863761064,0.03074087993351022,"[[0.9615370439966754, 0.01846295600332449], [0.01846295600332449, 0.0015370439966755109]]","[[0.9420485994318806, 0.04795140056811947], [0.007951400568119467, 0.002048599431880532]]","[[19.230740879933506, 0.36925912006648975], [0.36925912006648975, 0.03074087993351022]]","[[188.4097198863761, 9.590280113623894], [1.5902801136238935, 0.4097198863761064]]",0.002917547762267722,0.004375090613469231
P2_extreme_rare_di0p0005_np50_nq100,P2,extreme_rare_di0p0005,Extreme rare power family,extreme_rare,extreme_rare_np50_nq100,50,100,2.0,0.02,0.02,0.01,0.05,1,1,0.001137043996675511,0.0015485994318805323,0.001000000000000112,0.0014999999999993907,-0.0004999999999992788,0.0005,0.0015370439966755109,0.002048599431880532,0.07685219983377554,0.2048599431880532,0.07685219983377554,"[[0.9615370439966754, 0.01846295600332449], [0.01846295600332449, 0.0015370439966755109]]","[[0.9420485994318806, 0.04795140056811947], [0.007951400568119467, 0.002048599431880532]]","[[48.076852199833766, 0.9231478001662244], [0.9231478001662244, 0.07685219983377554]]","[[94.20485994318805, 4.795140056811947], [0.7951400568119468, 0.2048599431880532]]",0.002917547762267722,0.004375090613469231
P2_extreme_rare_di0p0005_np50_nq250,P2,extreme_rare_di0p0005,Extreme rare power family,extreme_rare,extreme_rare_np50_nq250,50,250,5.0,0.02,0.02,0.01,0.05,1,1,0.001137043996675511,0.0015485994318805323,0.001000000000000112,0.0014999999999993907,-0.0004999999999992788,0.0005,0.0015370439966755109,0.002048599431880532,0.07685219983377554,0.512149857970133,0.07685219983377554,"[[0.9615370439966754, 0.01846295600332449], [0.01846295600332449, 0.0015370439966755109]]","[[0.9420485994318806, 0.04795140056811947], [0.007951400568119467, 0.002048599431880532]]","[[48.076852199833766, 0.9231478001662244], [0.9231478001662244, 0.07685219983377554]]","[[235.51214985797014, 11.987850142029869], [1.9878501420298669, 0.512149857970133]]",0.002917547762267722,0.004375090613469231
P2_extreme_rare_di0p0005_np50_nq500,P2,extreme_rare_di0p0005,Extreme rare power family,extreme_rare,extreme_rare_np50_nq500,50,500,10.0,0.02,0.02,0.01,0.05,1,1,0.001137043996675511,0.0015485994318805323,0.001000000000000112,0.0014999999999993907,-0.0004999999999992788,0.0005,0.0015370439966755109,0.002048599431880532,0.07685219983377554,1.024299715940266,0.07685219983377554,"[[0.9615370439966754, 0.01846295600332449], [0.01846295600332449, 0.0015370439966755109]]","[[0.9420485994318806, 0.04795140056811947], [0.007951400568119467, 0.002048599431880532]]","[[48.076852199833766, 0.9231478001662244], [0.9231478001662244, 0.07685219983377554]]","[[471.0242997159403, 23.975700284059737], [3.9757002840597337, 1.024299715940266]]",0.002917547762267722,0.004375090613469231
P2_extreme_rare_di0p0005_np100_nq200,P2,extreme_rare_di0p0005,Extreme rare power family,extreme_rare,extreme_rare_np100_nq200,100,200,2.0,0.02,0.02,0.01,0.05,1,1,0.001137043996675511,0.0015485994318805323,0.001000000000000112,0.0014999999999993907,-0.0004999999999992788,0.0005,0.0015370439966755109,0.002048599431880532,0.1537043996675511,0.4097198863761064,0.1537043996675511,"[[0.9615370439966754, 0.01846295600332449], [0.01846295600332449, 0.0015370439966755109]]","[[0.9420485994318806, 0.04795140056811947], [0.007951400568119467, 0.002048599431880532]]","[[96.15370439966753, 1.8462956003324489], [1.8462956003324489, 0.1537043996675511]]","[[188.4097198863761, 9.590280113623894], [1.5902801136238935, 0.4097198863761064]]",0.002917547762267722,0.004375090613469231
P2_extreme_rare_di0p0005_np100_nq500,P2,extreme_rare_di0p0005,Extreme rare power family,extreme_rare,extreme_rare_np100_nq500,100,500,5.0,0.02,0.02,0.01,0.05,1,1,0.001137043996675511,0.0015485994318805323,0.001000000000000112,0.0014999999999993907,-0.0004999999999992788,0.0005,0.0015370439966755109,0.002048599431880532,0.1537043996675511,1.024299715940266,0.1537043996675511,"[[0.9615370439966754, 0.01846295600332449], [0.01846295600332449, 0.0015370439966755109]]","[[0.9420485994318806, 0.04795140056811947], [0.007951400568119467, 0.002048599431880532]]","[[96.15370439966753, 1.8462956003324489], [1.8462956003324489, 0.1537043996675511]]","[[471.0242997159403, 23.975700284059737], [3.9757002840597337, 1.024299715940266]]",0.002917547762267722,0.004375090613469231
P2_extreme_rare_di0p0005_np100_nq1000,P2,extreme_rare_di0p0005,Extreme rare power family,extreme_rare,extreme_rare_np100_nq1000,100,1000,10.0,0.02,0.02,0.01,0.05,1,1,0.001137043996675511,0.0015485994318805323,0.001000000000000112,0.0014999999999993907,-0.0004999999999992788,0.0005,0.0015370439966755109,0.002048599431880532,0.1537043996675511,2.048599431880532,0.1537043996675511,"[[0.9615370439966754, 0.01846295600332449], [0.01846295600332449, 0.0015370439966755109]]","[[0.9420485994318806, 0.04795140056811947], [0.007951400568119467, 0.002048599431880532]]","[[96.15370439966753, 1.8462956003324489], [1.8462956003324489, 0.1537043996675511]]","[[942.0485994318806, 47.951400568119475], [7.9514005681194675, 2.048599431880532]]",0.002917547762267722,0.004375090613469231
P1_extreme_rare_di0p001_n10,P1,extreme_rare_di0p001,Extreme rare power family,extreme_rare,extreme_rare_np10_nq10,10,10,1.0,0.02,0.02,0.01,0.05,1,1,0.001137043996675511,0.0018407212831736829,0.001000000000000112,0.0019999999999999463,-0.0009999999999998344,0.001,0.0015370439966755109,0.002340721283173683,0.01537043996675511,0.02340721283173683,0.01537043996675511,"[[0.9615370439966754, 0.01846295600332449], [0.01846295600332449, 0.0015370439966755109]]","[[0.9423407212831737, 0.04765927871682632], [0.007659278716826317, 0.002340721283173683]]","[[9.615370439966753, 0.18462956003324488], [0.18462956003324488, 0.01537043996675511]]","[[9.423407212831737, 0.4765927871682632], [0.07659278716826318, 0.02340721283173683]]",0.002917547762267722,0.006000611341954339
P1_extreme_rare_di0p001_n20,P1,extreme_rare_di0p001,Extreme rare power family,extreme_rare,extreme_rare_np20_nq20,20,20,1.0,0.02,0.02,0.01,0.05,1,1,0.001137043996675511,0.0018407212831736829,0.001000000000000112,0.0019999999999999463,-0.0009999999999998344,0.001,0.0015370439966755109,0.002340721283173683,0.03074087993351022,0.04681442566347366,0.03074087993351022,"[[0.9615370439966754, 0.01846295600332449], [0.01846295600332449, 0.0015370439966755109]]","[[0.9423407212831737, 0.04765927871682632], [0.007659278716826317, 0.002340721283173683]]","[[19.230740879933506, 0.36925912006648975], [0.36925912006648975, 0.03074087993351022]]","[[18.846814425663474, 0.9531855743365264], [0.15318557433652635, 0.04681442566347366]]",0.002917547762267722,0.006000611341954339
P1_extreme_rare_di0p001_n30,P1,extreme_rare_di0p001,Extreme rare power family,extreme_rare,extreme_rare_np30_nq30,30,30,1.0,0.02,0.02,0.01,0.05,1,1,0.001137043996675511,0.0018407212831736829,0.001000000000000112,0.0019999999999999463,-0.0009999999999998344,0.001,0.0015370439966755109,0.002340721283173683,0.046111319900265325,0.07022163849521049,0.046111319900265325,"[[0.9615370439966754, 0.01846295600332449], [0.01846295600332449, 0.0015370439966755109]]","[[0.9423407212831737, 0.04765927871682632], [0.007659278716826317, 0.002340721283173683]]","[[28.846111319900263, 0.5538886800997347], [0.5538886800997347, 0.046111319900265325]]","[[28.27022163849521, 1.4297783615047897], [0.22977836150478953, 0.07022163849521049]]",0.002917547762267722,0.006000611341954339
P1_extreme_rare_di0p001_n50,P1,extreme_rare_di0p001,Extreme rare power family,extreme_rare,extreme_rare_np50_nq50,50,50,1.0,0.02,0.02,0.01,0.05,1,1,0.001137043996675511,0.0018407212831736829,0.001000000000000112,0.0019999999999999463,-0.0009999999999998344,0.001,0.0015370439966755109,0.002340721283173683,0.07685219983377554,0.11703606415868414,0.07685219983377554,"[[0.9615370439966754, 0.01846295600332449], [0.01846295600332449, 0.0015370439966755109]]","[[0.9423407212831737, 0.04765927871682632], [0.007659278716826317, 0.002340721283173683]]","[[48.076852199833766, 0.9231478001662244], [0.9231478001662244, 0.07685219983377554]]","[[47.11703606415868, 2.382963935841316], [0.3829639358413159, 0.11703606415868414]]",0.002917547762267722,0.006000611341954339
P1_extreme_rare_di0p001_n100,P1,extreme_rare_di0p001,Extreme rare power family,extreme_rare,extreme_rare_np100_nq100,100,100,1.0,0.02,0.02,0.01,0.05,1,1,0.001137043996675511,0.0018407212831736829,0.001000000000000112,0.0019999999999999463,-0.0009999999999998344,0.001,0.0015370439966755109,0.002340721283173683,0.1537043996675511,0.2340721283173683,0.1537043996675511,"[[0.9615370439966754, 0.01846295600332449], [0.01846295600332449, 0.0015370439966755109]]","[[0.9423407212831737, 0.04765927871682632], [0.007659278716826317, 0.002340721283173683]]","[[96.15370439966753, 1.8462956003324489], [1.8462956003324489, 0.1537043996675511]]","[[94.23407212831737, 4.765927871682632], [0.7659278716826318, 0.2340721283173683]]",0.002917547762267722,0.006000611341954339
P1_extreme_rare_di0p001_n200,P1,extreme_rare_di0p001,Extreme rare power family,extreme_rare,extreme_rare_np200_nq200,200,200,1.0,0.02,0.02,0.01,0.05,1,1,0.001137043996675511,0.0018407212831736829,0.001000000000000112,0.0019999999999999463,-0.0009999999999998344,0.001,0.0015370439966755109,0.002340721283173683,0.3074087993351022,0.4681442566347366,0.3074087993351022,"[[0.9615370439966754, 0.01846295600332449], [0.01846295600332449, 0.0015370439966755109]]","[[0.9423407212831737, 0.04765927871682632], [0.007659278716826317, 0.002340721283173683]]","[[192.30740879933506, 3.6925912006648978], [3.6925912006648978, 0.3074087993351022]]","[[188.46814425663473, 9.531855743365265], [1.5318557433652635, 0.4681442566347366]]",0.002917547762267722,0.006000611341954339
P1_extreme_rare_di0p001_n500,P1,extreme_rare_di0p001,Extreme rare power family,extreme_rare,extreme_rare_np500_nq500,500,500,1.0,0.02,0.02,0.01,0.05,1,1,0.001137043996675511,0.0018407212831736829,0.001000000000000112,0.0019999999999999463,-0.0009999999999998344,0.001,0.0015370439966755109,0.002340721283173683,0.7685219983377555,1.1703606415868415,0.7685219983377555,"[[0.9615370439966754, 0.01846295600332449], [0.01846295600332449, 0.0015370439966755109]]","[[0.9423407212831737, 0.04765927871682632], [0.007659278716826317, 0.002340721283173683]]","[[480.7685219983377, 9.231478001662245], [9.231478001662245, 0.7685219983377555]]","[[471.17036064158685, 23.82963935841316], [3.8296393584131585, 1.1703606415868415]]",0.002917547762267722,0.006000611341954339
P1_extreme_rare_di0p001_n1000,P1,extreme_rare_di0p001,Extreme rare power family,extreme_rare,extreme_rare_np1000_nq1000,1000,1000,1.0,0.02,0.02,0.01,0.05,1,1,0.001137043996675511,0.0018407212831736829,0.001000000000000112,0.0019999999999999463,-0.0009999999999998344,0.001,0.0015370439966755109,0.002340721283173683,1.537043996675511,2.340721283173683,1.537043996675511,"[[0.9615370439966754, 0.01846295600332449], [0.01846295600332449, 0.0015370439966755109]]","[[0.9423407212831737, 0.04765927871682632], [0.007659278716826317, 0.002340721283173683]]","[[961.5370439966754, 18.46295600332449], [18.46295600332449, 1.537043996675511]]","[[942.3407212831737, 47.65927871682632], [7.659278716826317, 2.340721283173683]]",0.002917547762267722,0.006000611341954339
P2_extreme_rare_di0p001_np20_nq40,P2,extreme_rare_di0p001,Extreme rare power family,extreme_rare,extreme_rare_np20_nq40,20,40,2.0,0.02,0.02,0.01,0.05,1,1,0.001137043996675511,0.0018407212831736829,0.001000000000000112,0.0019999999999999463,-0.0009999999999998344,0.001,0.0015370439966755109,0.002340721283173683,0.03074087993351022,0.09362885132694732,0.03074087993351022,"[[0.9615370439966754, 0.01846295600332449], [0.01846295600332449, 0.0015370439966755109]]","[[0.9423407212831737, 0.04765927871682632], [0.007659278716826317, 0.002340721283173683]]","[[19.230740879933506, 0.36925912006648975], [0.36925912006648975, 0.03074087993351022]]","[[37.69362885132695, 1.9063711486730528], [0.3063711486730527, 0.09362885132694732]]",0.002917547762267722,0.006000611341954339
P2_extreme_rare_di0p001_np20_nq100,P2,extreme_rare_di0p001,Extreme rare power family,extreme_rare,extreme_rare_np20_nq100,20,100,5.0,0.02,0.02,0.01,0.05,1,1,0.001137043996675511,0.0018407212831736829,0.001000000000000112,0.0019999999999999463,-0.0009999999999998344,0.001,0.0015370439966755109,0.002340721283173683,0.03074087993351022,0.2340721283173683,0.03074087993351022,"[[0.9615370439966754, 0.01846295600332449], [0.01846295600332449, 0.0015370439966755109]]","[[0.9423407212831737, 0.04765927871682632], [0.007659278716826317, 0.002340721283173683]]","[[19.230740879933506, 0.36925912006648975], [0.36925912006648975, 0.03074087993351022]]","[[94.23407212831737, 4.765927871682632], [0.7659278716826318, 0.2340721283173683]]",0.002917547762267722,0.006000611341954339
P2_extreme_rare_di0p001_np20_nq200,P2,extreme_rare_di0p001,Extreme rare power family,extreme_rare,extreme_rare_np20_nq200,20,200,10.0,0.02,0.02,0.01,0.05,1,1,0.001137043996675511,0.0018407212831736829,0.001000000000000112,0.0019999999999999463,-0.0009999999999998344,0.001,0.0015370439966755109,0.002340721283173683,0.03074087993351022,0.4681442566347366,0.03074087993351022,"[[0.9615370439966754, 0.01846295600332449], [0.01846295600332449, 0.0015370439966755109]]","[[0.9423407212831737, 0.04765927871682632], [0.007659278716826317, 0.002340721283173683]]","[[19.230740879933506, 0.36925912006648975], [0.36925912006648975, 0.03074087993351022]]","[[188.46814425663473, 9.531855743365265], [1.5318557433652635, 0.4681442566347366]]",0.002917547762267722,0.006000611341954339
P2_extreme_rare_di0p001_np50_nq100,P2,extreme_rare_di0p001,Extreme rare power family,extreme_rare,extreme_rare_np50_nq100,50,100,2.0,0.02,0.02,0.01,0.05,1,1,0.001137043996675511,0.0018407212831736829,0.001000000000000112,0.0019999999999999463,-0.0009999999999998344,0.001,0.0015370439966755109,0.002340721283173683,0.07685219983377554,0.2340721283173683,0.07685219983377554,"[[0.9615370439966754, 0.01846295600332449], [0.01846295600332449, 0.0015370439966755109]]","[[0.9423407212831737, 0.04765927871682632], [0.007659278716826317, 0.002340721283173683]]","[[48.076852199833766, 0.9231478001662244], [0.9231478001662244, 0.07685219983377554]]","[[94.23407212831737, 4.765927871682632], [0.7659278716826318, 0.2340721283173683]]",0.002917547762267722,0.006000611341954339
P2_extreme_rare_di0p001_np50_nq250,P2,extreme_rare_di0p001,Extreme rare power family,extreme_rare,extreme_rare_np50_nq250,50,250,5.0,0.02,0.02,0.01,0.05,1,1,0.001137043996675511,0.0018407212831736829,0.001000000000000112,0.0019999999999999463,-0.0009999999999998344,0.001,0.0015370439966755109,0.002340721283173683,0.07685219983377554,0.5851803207934207,0.07685219983377554,"[[0.9615370439966754, 0.01846295600332449], [0.01846295600332449, 0.0015370439966755109]]","[[0.9423407212831737, 0.04765927871682632], [0.007659278716826317, 0.002340721283173683]]","[[48.076852199833766, 0.9231478001662244], [0.9231478001662244, 0.07685219983377554]]","[[235.58518032079343, 11.91481967920658], [1.9148196792065793, 0.5851803207934207]]",0.002917547762267722,0.006000611341954339
P2_extreme_rare_di0p001_np50_nq500,P2,extreme_rare_di0p001,Extreme rare power family,extreme_rare,extreme_rare_np50_nq500,50,500,10.0,0.02,0.02,0.01,0.05,1,1,0.001137043996675511,0.0018407212831736829,0.001000000000000112,0.0019999999999999463,-0.0009999999999998344,0.001,0.0015370439966755109,0.002340721283173683,0.07685219983377554,1.1703606415868415,0.07685219983377554,"[[0.9615370439966754, 0.01846295600332449], [0.01846295600332449, 0.0015370439966755109]]","[[0.9423407212831737, 0.04765927871682632], [0.007659278716826317, 0.002340721283173683]]","[[48.076852199833766, 0.9231478001662244], [0.9231478001662244, 0.07685219983377554]]","[[471.17036064158685, 23.82963935841316], [3.8296393584131585, 1.1703606415868415]]",0.002917547762267722,0.006000611341954339
P2_extreme_rare_di0p001_np100_nq200,P2,extreme_rare_di0p001,Extreme rare power family,extreme_rare,extreme_rare_np100_nq200,100,200,2.0,0.02,0.02,0.01,0.05,1,1,0.001137043996675511,0.0018407212831736829,0.001000000000000112,0.0019999999999999463,-0.0009999999999998344,0.001,0.0015370439966755109,0.002340721283173683,0.1537043996675511,0.4681442566347366,0.1537043996675511,"[[0.9615370439966754, 0.01846295600332449], [0.01846295600332449, 0.0015370439966755109]]","[[0.9423407212831737, 0.04765927871682632], [0.007659278716826317, 0.002340721283173683]]","[[96.15370439966753, 1.8462956003324489], [1.8462956003324489, 0.1537043996675511]]","[[188.46814425663473, 9.531855743365265], [1.5318557433652635, 0.4681442566347366]]",0.002917547762267722,0.006000611341954339
P2_extreme_rare_di0p001_np100_nq500,P2,extreme_rare_di0p001,Extreme rare power family,extreme_rare,extreme_rare_np100_nq500,100,500,5.0,0.02,0.02,0.01,0.05,1,1,0.001137043996675511,0.0018407212831736829,0.001000000000000112,0.0019999999999999463,-0.0009999999999998344,0.001,0.0015370439966755109,0.002340721283173683,0.1537043996675511,1.1703606415868415,0.1537043996675511,"[[0.9615370439966754, 0.01846295600332449], [0.01846295600332449, 0.0015370439966755109]]","[[0.9423407212831737, 0.04765927871682632], [0.007659278716826317, 0.002340721283173683]]","[[96.15370439966753, 1.8462956003324489], [1.8462956003324489, 0.1537043996675511]]","[[471.17036064158685, 23.82963935841316], [3.8296393584131585, 1.1703606415868415]]",0.002917547762267722,0.006000611341954339
P2_extreme_rare_di0p001_np100_nq1000,P2,extreme_rare_di0p001,Extreme rare power family,extreme_rare,extreme_rare_np100_nq1000,100,1000,10.0,0.02,0.02,0.01,0.05,1,1,0.001137043996675511,0.0018407212831736829,0.001000000000000112,0.0019999999999999463,-0.0009999999999998344,0.001,0.0015370439966755109,0.002340721283173683,0.1537043996675511,2.340721283173683,0.1537043996675511,"[[0.9615370439966754, 0.01846295600332449], [0.01846295600332449, 0.0015370439966755109]]","[[0.9423407212831737, 0.04765927871682632], [0.007659278716826317, 0.002340721283173683]]","[[96.15370439966753, 1.8462956003324489], [1.8462956003324489, 0.1537043996675511]]","[[942.3407212831737, 47.65927871682632], [7.659278716826317, 2.340721283173683]]",0.002917547762267722,0.006000611341954339
P1_extreme_rare_di0p002_n10,P1,extreme_rare_di0p002,Extreme rare power family,extreme_rare,extreme_rare_np10_nq10,10,10,1.0,0.02,0.02,0.01,0.05,1,1,0.001137043996675511,0.0023557449710553515,0.001000000000000112,0.0030000000000379723,-0.0020000000000378604,0.002,0.0015370439966755109,0.0028557449710553515,0.01537043996675511,0.028557449710553514,0.01537043996675511,"[[0.9615370439966754, 0.01846295600332449], [0.01846295600332449, 0.0015370439966755109]]","[[0.9428557449710554, 0.04714425502894465], [0.007144255028944648, 0.0028557449710553515]]","[[9.615370439966753, 0.18462956003324488], [0.18462956003324488, 0.01537043996675511]]","[[9.428557449710555, 0.4714425502894465], [0.07144255028944649, 0.028557449710553514]]",0.002917547762267722,0.009359930665487693
P1_extreme_rare_di0p002_n20,P1,extreme_rare_di0p002,Extreme rare power family,extreme_rare,extreme_rare_np20_nq20,20,20,1.0,0.02,0.02,0.01,0.05,1,1,0.001137043996675511,0.0023557449710553515,0.001000000000000112,0.0030000000000379723,-0.0020000000000378604,0.002,0.0015370439966755109,0.0028557449710553515,0.03074087993351022,0.05711489942110703,0.03074087993351022,"[[0.9615370439966754, 0.01846295600332449], [0.01846295600332449, 0.0015370439966755109]]","[[0.9428557449710554, 0.04714425502894465], [0.007144255028944648, 0.0028557449710553515]]","[[19.230740879933506, 0.36925912006648975], [0.36925912006648975, 0.03074087993351022]]","[[18.85711489942111, 0.942885100578893], [0.14288510057889298, 0.05711489942110703]]",0.002917547762267722,0.009359930665487693
P1_extreme_rare_di0p002_n30,P1,extreme_rare_di0p002,Extreme rare power family,extreme_rare,extreme_rare_np30_nq30,30,30,1.0,0.02,0.02,0.01,0.05,1,1,0.001137043996675511,0.0023557449710553515,0.001000000000000112,0.0030000000000379723,-0.0020000000000378604,0.002,0.0015370439966755109,0.0028557449710553515,0.046111319900265325,0.08567234913166054,0.046111319900265325,"[[0.9615370439966754, 0.01846295600332449], [0.01846295600332449, 0.0015370439966755109]]","[[0.9428557449710554, 0.04714425502894465], [0.007144255028944648, 0.0028557449710553515]]","[[28.846111319900263, 0.5538886800997347], [0.5538886800997347, 0.046111319900265325]]","[[28.285672349131662, 1.4143276508683393], [0.21432765086833944, 0.08567234913166054]]",0.002917547762267722,0.009359930665487693
P1_extreme_rare_di0p002_n50,P1,extreme_rare_di0p002,Extreme rare power family,extreme_rare,extreme_rare_np50_nq50,50,50,1.0,0.02,0.02,0.01,0.05,1,1,0.001137043996675511,0.0023557449710553515,0.001000000000000112,0.0030000000000379723,-0.0020000000000378604,0.002,0.0015370439966755109,0.0028557449710553515,0.07685219983377554,0.1427872485527676,0.07685219983377554,"[[0.9615370439966754, 0.01846295600332449], [0.01846295600332449, 0.0015370439966755109]]","[[0.9428557449710554, 0.04714425502894465], [0.007144255028944648, 0.0028557449710553515]]","[[48.076852199833766, 0.9231478001662244], [0.9231478001662244, 0.07685219983377554]]","[[47.14278724855277, 2.3572127514472325], [0.3572127514472324, 0.1427872485527676]]",0.002917547762267722,0.009359930665487693
P1_extreme_rare_di0p002_n100,P1,extreme_rare_di0p002,Extreme rare power family,extreme_rare,extreme_rare_np100_nq100,100,100,1.0,0.02,0.02,0.01,0.05,1,1,0.001137043996675511,0.0023557449710553515,0.001000000000000112,0.0030000000000379723,-0.0020000000000378604,0.002,0.0015370439966755109,0.0028557449710553515,0.1537043996675511,0.2855744971055352,0.1537043996675511,"[[0.9615370439966754, 0.01846295600332449], [0.01846295600332449, 0.0015370439966755109]]","[[0.9428557449710554, 0.04714425502894465], [0.007144255028944648, 0.0028557449710553515]]","[[96.15370439966753, 1.8462956003324489], [1.8462956003324489, 0.1537043996675511]]","[[94.28557449710554, 4.714425502894465], [0.7144255028944648, 0.2855744971055352]]",0.002917547762267722,0.009359930665487693
P1_extreme_rare_di0p002_n200,P1,extreme_rare_di0p002,Extreme rare power family,extreme_rare,extreme_rare_np200_nq200,200,200,1.0,0.02,0.02,0.01,0.05,1,1,0.001137043996675511,0.0023557449710553515,0.001000000000000112,0.0030000000000379723,-0.0020000000000378604,0.002,0.0015370439966755109,0.0028557449710553515,0.3074087993351022,0.5711489942110703,0.3074087993351022,"[[0.9615370439966754, 0.01846295600332449], [0.01846295600332449, 0.0015370439966755109]]","[[0.9428557449710554, 0.04714425502894465], [0.007144255028944648, 0.0028557449710553515]]","[[192.30740879933506, 3.6925912006648978], [3.6925912006648978, 0.3074087993351022]]","[[188.5711489942111, 9.42885100578893], [1.4288510057889297, 0.5711489942110703]]",0.002917547762267722,0.009359930665487693
P1_extreme_rare_di0p002_n500,P1,extreme_rare_di0p002,Extreme rare power family,extreme_rare,extreme_rare_np500_nq500,500,500,1.0,0.02,0.02,0.01,0.05,1,1,0.001137043996675511,0.0023557449710553515,0.001000000000000112,0.0030000000000379723,-0.0020000000000378604,0.002,0.0015370439966755109,0.0028557449710553515,0.7685219983377555,1.4278724855276757,0.7685219983377555,"[[0.9615370439966754, 0.01846295600332449], [0.01846295600332449, 0.0015370439966755109]]","[[0.9428557449710554, 0.04714425502894465], [0.007144255028944648, 0.0028557449710553515]]","[[480.7685219983377, 9.231478001662245], [9.231478001662245, 0.7685219983377555]]","[[471.4278724855277, 23.572127514472324], [3.5721275144723243, 1.4278724855276757]]",0.002917547762267722,0.009359930665487693
P1_extreme_rare_di0p002_n1000,P1,extreme_rare_di0p002,Extreme rare power family,extreme_rare,extreme_rare_np1000_nq1000,1000,1000,1.0,0.02,0.02,0.01,0.05,1,1,0.001137043996675511,0.0023557449710553515,0.001000000000000112,0.0030000000000379723,-0.0020000000000378604,0.002,0.0015370439966755109,0.0028557449710553515,1.537043996675511,2.8557449710553513,1.537043996675511,"[[0.9615370439966754, 0.01846295600332449], [0.01846295600332449, 0.0015370439966755109]]","[[0.9428557449710554, 0.04714425502894465], [0.007144255028944648, 0.0028557449710553515]]","[[961.5370439966754, 18.46295600332449], [18.46295600332449, 1.537043996675511]]","[[942.8557449710554, 47.14425502894465], [7.144255028944649, 2.8557449710553513]]",0.002917547762267722,0.009359930665487693
P2_extreme_rare_di0p002_np20_nq40,P2,extreme_rare_di0p002,Extreme rare power family,extreme_rare,extreme_rare_np20_nq40,20,40,2.0,0.02,0.02,0.01,0.05,1,1,0.001137043996675511,0.0023557449710553515,0.001000000000000112,0.0030000000000379723,-0.0020000000000378604,0.002,0.0015370439966755109,0.0028557449710553515,0.03074087993351022,0.11422979884221406,0.03074087993351022,"[[0.9615370439966754, 0.01846295600332449], [0.01846295600332449, 0.0015370439966755109]]","[[0.9428557449710554, 0.04714425502894465], [0.007144255028944648, 0.0028557449710553515]]","[[19.230740879933506, 0.36925912006648975], [0.36925912006648975, 0.03074087993351022]]","[[37.71422979884222, 1.885770201157786], [0.28577020115778595, 0.11422979884221406]]",0.002917547762267722,0.009359930665487693
P2_extreme_rare_di0p002_np20_nq100,P2,extreme_rare_di0p002,Extreme rare power family,extreme_rare,extreme_rare_np20_nq100,20,100,5.0,0.02,0.02,0.01,0.05,1,1,0.001137043996675511,0.0023557449710553515,0.001000000000000112,0.0030000000000379723,-0.0020000000000378604,0.002,0.0015370439966755109,0.0028557449710553515,0.03074087993351022,0.2855744971055352,0.03074087993351022,"[[0.9615370439966754, 0.01846295600332449], [0.01846295600332449, 0.0015370439966755109]]","[[0.9428557449710554, 0.04714425502894465], [0.007144255028944648, 0.0028557449710553515]]","[[19.230740879933506, 0.36925912006648975], [0.36925912006648975, 0.03074087993351022]]","[[94.28557449710554, 4.714425502894465], [0.7144255028944648, 0.2855744971055352]]",0.002917547762267722,0.009359930665487693
P2_extreme_rare_di0p002_np20_nq200,P2,extreme_rare_di0p002,Extreme rare power family,extreme_rare,extreme_rare_np20_nq200,20,200,10.0,0.02,0.02,0.01,0.05,1,1,0.001137043996675511,0.0023557449710553515,0.001000000000000112,0.0030000000000379723,-0.0020000000000378604,0.002,0.0015370439966755109,0.0028557449710553515,0.03074087993351022,0.5711489942110703,0.03074087993351022,"[[0.9615370439966754, 0.01846295600332449], [0.01846295600332449, 0.0015370439966755109]]","[[0.9428557449710554, 0.04714425502894465], [0.007144255028944648, 0.0028557449710553515]]","[[19.230740879933506, 0.36925912006648975], [0.36925912006648975, 0.03074087993351022]]","[[188.5711489942111, 9.42885100578893], [1.4288510057889297, 0.5711489942110703]]",0.002917547762267722,0.009359930665487693
P2_extreme_rare_di0p002_np50_nq100,P2,extreme_rare_di0p002,Extreme rare power family,extreme_rare,extreme_rare_np50_nq100,50,100,2.0,0.02,0.02,0.01,0.05,1,1,0.001137043996675511,0.0023557449710553515,0.001000000000000112,0.0030000000000379723,-0.0020000000000378604,0.002,0.0015370439966755109,0.0028557449710553515,0.07685219983377554,0.2855744971055352,0.07685219983377554,"[[0.9615370439966754, 0.01846295600332449], [0.01846295600332449, 0.0015370439966755109]]","[[0.9428557449710554, 0.04714425502894465], [0.007144255028944648, 0.0028557449710553515]]","[[48.076852199833766, 0.9231478001662244], [0.9231478001662244, 0.07685219983377554]]","[[94.28557449710554, 4.714425502894465], [0.7144255028944648, 0.2855744971055352]]",0.002917547762267722,0.009359930665487693
P2_extreme_rare_di0p002_np50_nq250,P2,extreme_rare_di0p002,Extreme rare power family,extreme_rare,extreme_rare_np50_nq250,50,250,5.0,0.02,0.02,0.01,0.05,1,1,0.001137043996675511,0.0023557449710553515,0.001000000000000112,0.0030000000000379723,-0.0020000000000378604,0.002,0.0015370439966755109,0.0028557449710553515,0.07685219983377554,0.7139362427638378,0.07685219983377554,"[[0.9615370439966754, 0.01846295600332449], [0.01846295600332449, 0.0015370439966755109]]","[[0.9428557449710554, 0.04714425502894465], [0.007144255028944648, 0.0028557449710553515]]","[[48.076852199833766, 0.9231478001662244], [0.9231478001662244, 0.07685219983377554]]","[[235.71393624276385, 11.786063757236162], [1.7860637572361622, 0.7139362427638378]]",0.002917547762267722,0.009359930665487693
P2_extreme_rare_di0p002_np50_nq500,P2,extreme_rare_di0p002,Extreme rare power family,extreme_rare,extreme_rare_np50_nq500,50,500,10.0,0.02,0.02,0.01,0.05,1,1,0.001137043996675511,0.0023557449710553515,0.001000000000000112,0.0030000000000379723,-0.0020000000000378604,0.002,0.0015370439966755109,0.0028557449710553515,0.07685219983377554,1.4278724855276757,0.07685219983377554,"[[0.9615370439966754, 0.01846295600332449], [0.01846295600332449, 0.0015370439966755109]]","[[0.9428557449710554, 0.04714425502894465], [0.007144255028944648, 0.0028557449710553515]]","[[48.076852199833766, 0.9231478001662244], [0.9231478001662244, 0.07685219983377554]]","[[471.4278724855277, 23.572127514472324], [3.5721275144723243, 1.4278724855276757]]",0.002917547762267722,0.009359930665487693
P2_extreme_rare_di0p002_np100_nq200,P2,extreme_rare_di0p002,Extreme rare power family,extreme_rare,extreme_rare_np100_nq200,100,200,2.0,0.02,0.02,0.01,0.05,1,1,0.001137043996675511,0.0023557449710553515,0.001000000000000112,0.0030000000000379723,-0.0020000000000378604,0.002,0.0015370439966755109,0.0028557449710553515,0.1537043996675511,0.5711489942110703,0.1537043996675511,"[[0.9615370439966754, 0.01846295600332449], [0.01846295600332449, 0.0015370439966755109]]","[[0.9428557449710554, 0.04714425502894465], [0.007144255028944648, 0.0028557449710553515]]","[[96.15370439966753, 1.8462956003324489], [1.8462956003324489, 0.1537043996675511]]","[[188.5711489942111, 9.42885100578893], [1.4288510057889297, 0.5711489942110703]]",0.002917547762267722,0.009359930665487693
P2_extreme_rare_di0p002_np100_nq500,P2,extreme_rare_di0p002,Extreme rare power family,extreme_rare,extreme_rare_np100_nq500,100,500,5.0,0.02,0.02,0.01,0.05,1,1,0.001137043996675511,0.0023557449710553515,0.001000000000000112,0.0030000000000379723,-0.0020000000000378604,0.002,0.0015370439966755109,0.0028557449710553515,0.1537043996675511,1.4278724855276757,0.1537043996675511,"[[0.9615370439966754, 0.01846295600332449], [0.01846295600332449, 0.0015370439966755109]]","[[0.9428557449710554, 0.04714425502894465], [0.007144255028944648, 0.0028557449710553515]]","[[96.15370439966753, 1.8462956003324489], [1.8462956003324489, 0.1537043996675511]]","[[471.4278724855277, 23.572127514472324], [3.5721275144723243, 1.4278724855276757]]",0.002917547762267722,0.009359930665487693
P2_extreme_rare_di0p002_np100_nq1000,P2,extreme_rare_di0p002,Extreme rare power family,extreme_rare,extreme_rare_np100_nq1000,100,1000,10.0,0.02,0.02,0.01,0.05,1,1,0.001137043996675511,0.0023557449710553515,0.001000000000000112,0.0030000000000379723,-0.0020000000000378604,0.002,0.0015370439966755109,0.0028557449710553515,0.1537043996675511,2.8557449710553513,0.1537043996675511,"[[0.9615370439966754, 0.01846295600332449], [0.01846295600332449, 0.0015370439966755109]]","[[0.9428557449710554, 0.04714425502894465], [0.007144255028944648, 0.0028557449710553515]]","[[96.15370439966753, 1.8462956003324489], [1.8462956003324489, 0.1537043996675511]]","[[942.8557449710554, 47.14425502894465], [7.144255028944649, 2.8557449710553513]]",0.002917547762267722,0.009359930665487693
P1_extreme_rare_di0p005_n10,P1,extreme_rare_di0p005,Extreme rare power family,extreme_rare,extreme_rare_np10_nq10,10,10,1.0,0.02,0.02,0.01,0.05,1,1,0.001137043996675511,0.0036159083334016476,0.001000000000000112,0.006000000000000061,-0.004999999999999949,0.005,0.0015370439966755109,0.004115908333401648,0.01537043996675511,0.04115908333401648,0.01537043996675511,"[[0.9615370439966754, 0.01846295600332449], [0.01846295600332449, 0.0015370439966755109]]","[[0.9441159083334016, 0.045884091666598355], [0.005884091666598352, 0.004115908333401648]]","[[9.615370439966753, 0.18462956003324488], [0.18462956003324488, 0.01537043996675511]]","[[9.441159083334016, 0.45884091666598353], [0.058840916665983525, 0.04115908333401648]]",0.002917547762267722,0.019882017068096565
P1_extreme_rare_di0p005_n20,P1,extreme_rare_di0p005,Extreme rare power family,extreme_rare,extreme_rare_np20_nq20,20,20,1.0,0.02,0.02,0.01,0.05,1,1,0.001137043996675511,0.0036159083334016476,0.001000000000000112,0.006000000000000061,-0.004999999999999949,0.005,0.0015370439966755109,0.004115908333401648,0.03074087993351022,0.08231816666803296,0.03074087993351022,"[[0.9615370439966754, 0.01846295600332449], [0.01846295600332449, 0.0015370439966755109]]","[[0.9441159083334016, 0.045884091666598355], [0.005884091666598352, 0.004115908333401648]]","[[19.230740879933506, 0.36925912006648975], [0.36925912006648975, 0.03074087993351022]]","[[18.882318166668032, 0.9176818333319671], [0.11768183333196705, 0.08231816666803296]]",0.002917547762267722,0.019882017068096565
P1_extreme_rare_di0p005_n30,P1,extreme_rare_di0p005,Extreme rare power family,extreme_rare,extreme_rare_np30_nq30,30,30,1.0,0.02,0.02,0.01,0.05,1,1,0.001137043996675511,0.0036159083334016476,0.001000000000000112,0.006000000000000061,-0.004999999999999949,0.005,0.0015370439966755109,0.004115908333401648,0.046111319900265325,0.12347725000204944,0.046111319900265325,"[[0.9615370439966754, 0.01846295600332449], [0.01846295600332449, 0.0015370439966755109]]","[[0.9441159083334016, 0.045884091666598355], [0.005884091666598352, 0.004115908333401648]]","[[28.846111319900263, 0.5538886800997347], [0.5538886800997347, 0.046111319900265325]]","[[28.32347725000205, 1.3765227499979507], [0.17652274999795056, 0.12347725000204944]]",0.002917547762267722,0.019882017068096565
P1_extreme_rare_di0p005_n50,P1,extreme_rare_di0p005,Extreme rare power family,extreme_rare,extreme_rare_np50_nq50,50,50,1.0,0.02,0.02,0.01,0.05,1,1,0.001137043996675511,0.0036159083334016476,0.001000000000000112,0.006000000000000061,-0.004999999999999949,0.005,0.0015370439966755109,0.004115908333401648,0.07685219983377554,0.2057954166700824,0.07685219983377554,"[[0.9615370439966754, 0.01846295600332449], [0.01846295600332449, 0.0015370439966755109]]","[[0.9441159083334016, 0.045884091666598355], [0.005884091666598352, 0.004115908333401648]]","[[48.076852199833766, 0.9231478001662244], [0.9231478001662244, 0.07685219983377554]]","[[47.205795416670085, 2.294204583329918], [0.2942045833299176, 0.2057954166700824]]",0.002917547762267722,0.019882017068096565
P1_extreme_rare_di0p005_n100,P1,extreme_rare_di0p005,Extreme rare power family,extreme_rare,extreme_rare_np100_nq100,100,100,1.0,0.02,0.02,0.01,0.05,1,1,0.001137043996675511,0.0036159083334016476,0.001000000000000112,0.006000000000000061,-0.004999999999999949,0.005,0.0015370439966755109,0.004115908333401648,0.1537043996675511,0.4115908333401648,0.1537043996675511,"[[0.9615370439966754, 0.01846295600332449], [0.01846295600332449, 0.0015370439966755109]]","[[0.9441159083334016, 0.045884091666598355], [0.005884091666598352, 0.004115908333401648]]","[[96.15370439966753, 1.8462956003324489], [1.8462956003324489, 0.1537043996675511]]","[[94.41159083334017, 4.588409166659836], [0.5884091666598352, 0.4115908333401648]]",0.002917547762267722,0.019882017068096565
P1_extreme_rare_di0p005_n200,P1,extreme_rare_di0p005,Extreme rare power family,extreme_rare,extreme_rare_np200_nq200,200,200,1.0,0.02,0.02,0.01,0.05,1,1,0.001137043996675511,0.0036159083334016476,0.001000000000000112,0.006000000000000061,-0.004999999999999949,0.005,0.0015370439966755109,0.004115908333401648,0.3074087993351022,0.8231816666803295,0.3074087993351022,"[[0.9615370439966754, 0.01846295600332449], [0.01846295600332449, 0.0015370439966755109]]","[[0.9441159083334016, 0.045884091666598355], [0.005884091666598352, 0.004115908333401648]]","[[192.30740879933506, 3.6925912006648978], [3.6925912006648978, 0.3074087993351022]]","[[188.82318166668034, 9.176818333319671], [1.1768183333196705, 0.8231816666803295]]",0.002917547762267722,0.019882017068096565
P1_extreme_rare_di0p005_n500,P1,extreme_rare_di0p005,Extreme rare power family,extreme_rare,extreme_rare_np500_nq500,500,500,1.0,0.02,0.02,0.01,0.05,1,1,0.001137043996675511,0.0036159083334016476,0.001000000000000112,0.006000000000000061,-0.004999999999999949,0.005,0.0015370439966755109,0.004115908333401648,0.7685219983377555,2.057954166700824,0.7685219983377555,"[[0.9615370439966754, 0.01846295600332449], [0.01846295600332449, 0.0015370439966755109]]","[[0.9441159083334016, 0.045884091666598355], [0.005884091666598352, 0.004115908333401648]]","[[480.7685219983377, 9.231478001662245], [9.231478001662245, 0.7685219983377555]]","[[472.0579541667008, 22.942045833299176], [2.942045833299176, 2.057954166700824]]",0.002917547762267722,0.019882017068096565
P1_extreme_rare_di0p005_n1000,P1,extreme_rare_di0p005,Extreme rare power family,extreme_rare,extreme_rare_np1000_nq1000,1000,1000,1.0,0.02,0.02,0.01,0.05,1,1,0.001137043996675511,0.0036159083334016476,0.001000000000000112,0.006000000000000061,-0.004999999999999949,0.005,0.0015370439966755109,0.004115908333401648,1.537043996675511,4.115908333401648,1.537043996675511,"[[0.9615370439966754, 0.01846295600332449], [0.01846295600332449, 0.0015370439966755109]]","[[0.9441159083334016, 0.045884091666598355], [0.005884091666598352, 0.004115908333401648]]","[[961.5370439966754, 18.46295600332449], [18.46295600332449, 1.537043996675511]]","[[944.1159083334016, 45.88409166659835], [5.884091666598352, 4.115908333401648]]",0.002917547762267722,0.019882017068096565
P2_extreme_rare_di0p005_np20_nq40,P2,extreme_rare_di0p005,Extreme rare power family,extreme_rare,extreme_rare_np20_nq40,20,40,2.0,0.02,0.02,0.01,0.05,1,1,0.001137043996675511,0.0036159083334016476,0.001000000000000112,0.006000000000000061,-0.004999999999999949,0.005,0.0015370439966755109,0.004115908333401648,0.03074087993351022,0.16463633333606592,0.03074087993351022,"[[0.9615370439966754, 0.01846295600332449], [0.01846295600332449, 0.0015370439966755109]]","[[0.9441159083334016, 0.045884091666598355], [0.005884091666598352, 0.004115908333401648]]","[[19.230740879933506, 0.36925912006648975], [0.36925912006648975, 0.03074087993351022]]","[[37.764636333336064, 1.8353636666639341], [0.2353636666639341, 0.16463633333606592]]",0.002917547762267722,0.019882017068096565
P2_extreme_rare_di0p005_np20_nq100,P2,extreme_rare_di0p005,Extreme rare power family,extreme_rare,extreme_rare_np20_nq100,20,100,5.0,0.02,0.02,0.01,0.05,1,1,0.001137043996675511,0.0036159083334016476,0.001000000000000112,0.006000000000000061,-0.004999999999999949,0.005,0.0015370439966755109,0.004115908333401648,0.03074087993351022,0.4115908333401648,0.03074087993351022,"[[0.9615370439966754, 0.01846295600332449], [0.01846295600332449, 0.0015370439966755109]]","[[0.9441159083334016, 0.045884091666598355], [0.005884091666598352, 0.004115908333401648]]","[[19.230740879933506, 0.36925912006648975], [0.36925912006648975, 0.03074087993351022]]","[[94.41159083334017, 4.588409166659836], [0.5884091666598352, 0.4115908333401648]]",0.002917547762267722,0.019882017068096565
P2_extreme_rare_di0p005_np20_nq200,P2,extreme_rare_di0p005,Extreme rare power family,extreme_rare,extreme_rare_np20_nq200,20,200,10.0,0.02,0.02,0.01,0.05,1,1,0.001137043996675511,0.0036159083334016476,0.001000000000000112,0.006000000000000061,-0.004999999999999949,0.005,0.0015370439966755109,0.004115908333401648,0.03074087993351022,0.8231816666803295,0.03074087993351022,"[[0.9615370439966754, 0.01846295600332449], [0.01846295600332449, 0.0015370439966755109]]","[[0.9441159083334016, 0.045884091666598355], [0.005884091666598352, 0.004115908333401648]]","[[19.230740879933506, 0.36925912006648975], [0.36925912006648975, 0.03074087993351022]]","[[188.82318166668034, 9.176818333319671], [1.1768183333196705, 0.8231816666803295]]",0.002917547762267722,0.019882017068096565
P2_extreme_rare_di0p005_np50_nq100,P2,extreme_rare_di0p005,Extreme rare power family,extreme_rare,extreme_rare_np50_nq100,50,100,2.0,0.02,0.02,0.01,0.05,1,1,0.001137043996675511,0.0036159083334016476,0.001000000000000112,0.006000000000000061,-0.004999999999999949,0.005,0.0015370439966755109,0.004115908333401648,0.07685219983377554,0.4115908333401648,0.07685219983377554,"[[0.9615370439966754, 0.01846295600332449], [0.01846295600332449, 0.0015370439966755109]]","[[0.9441159083334016, 0.045884091666598355], [0.005884091666598352, 0.004115908333401648]]","[[48.076852199833766, 0.9231478001662244], [0.9231478001662244, 0.07685219983377554]]","[[94.41159083334017, 4.588409166659836], [0.5884091666598352, 0.4115908333401648]]",0.002917547762267722,0.019882017068096565
P2_extreme_rare_di0p005_np50_nq250,P2,extreme_rare_di0p005,Extreme rare power family,extreme_rare,extreme_rare_np50_nq250,50,250,5.0,0.02,0.02,0.01,0.05,1,1,0.001137043996675511,0.0036159083334016476,0.001000000000000112,0.006000000000000061,-0.004999999999999949,0.005,0.0015370439966755109,0.004115908333401648,0.07685219983377554,1.028977083350412,0.07685219983377554,"[[0.9615370439966754, 0.01846295600332449], [0.01846295600332449, 0.0015370439966755109]]","[[0.9441159083334016, 0.045884091666598355], [0.005884091666598352, 0.004115908333401648]]","[[48.076852199833766, 0.9231478001662244], [0.9231478001662244, 0.07685219983377554]]","[[236.0289770833504, 11.471022916649588], [1.471022916649588, 1.028977083350412]]",0.002917547762267722,0.019882017068096565
P2_extreme_rare_di0p005_np50_nq500,P2,extreme_rare_di0p005,Extreme rare power family,extreme_rare,extreme_rare_np50_nq500,50,500,10.0,0.02,0.02,0.01,0.05,1,1,0.001137043996675511,0.0036159083334016476,0.001000000000000112,0.006000000000000061,-0.004999999999999949,0.005,0.0015370439966755109,0.004115908333401648,0.07685219983377554,2.057954166700824,0.07685219983377554,"[[0.9615370439966754, 0.01846295600332449], [0.01846295600332449, 0.0015370439966755109]]","[[0.9441159083334016, 0.045884091666598355], [0.005884091666598352, 0.004115908333401648]]","[[48.076852199833766, 0.9231478001662244], [0.9231478001662244, 0.07685219983377554]]","[[472.0579541667008, 22.942045833299176], [2.942045833299176, 2.057954166700824]]",0.002917547762267722,0.019882017068096565
P2_extreme_rare_di0p005_np100_nq200,P2,extreme_rare_di0p005,Extreme rare power family,extreme_rare,extreme_rare_np100_nq200,100,200,2.0,0.02,0.02,0.01,0.05,1,1,0.001137043996675511,0.0036159083334016476,0.001000000000000112,0.006000000000000061,-0.004999999999999949,0.005,0.0015370439966755109,0.004115908333401648,0.1537043996675511,0.8231816666803295,0.1537043996675511,"[[0.9615370439966754, 0.01846295600332449], [0.01846295600332449, 0.0015370439966755109]]","[[0.9441159083334016, 0.045884091666598355], [0.005884091666598352, 0.004115908333401648]]","[[96.15370439966753, 1.8462956003324489], [1.8462956003324489, 0.1537043996675511]]","[[188.82318166668034, 9.176818333319671], [1.1768183333196705, 0.8231816666803295]]",0.002917547762267722,0.019882017068096565
P2_extreme_rare_di0p005_np100_nq500,P2,extreme_rare_di0p005,Extreme rare power family,extreme_rare,extreme_rare_np100_nq500,100,500,5.0,0.02,0.02,0.01,0.05,1,1,0.001137043996675511,0.0036159083334016476,0.001000000000000112,0.006000000000000061,-0.004999999999999949,0.005,0.0015370439966755109,0.004115908333401648,0.1537043996675511,2.057954166700824,0.1537043996675511,"[[0.9615370439966754, 0.01846295600332449], [0.01846295600332449, 0.0015370439966755109]]","[[0.9441159083334016, 0.045884091666598355], [0.005884091666598352, 0.004115908333401648]]","[[96.15370439966753, 1.8462956003324489], [1.8462956003324489, 0.1537043996675511]]","[[472.0579541667008, 22.942045833299176], [2.942045833299176, 2.057954166700824]]",0.002917547762267722,0.019882017068096565
P2_extreme_rare_di0p005_np100_nq1000,P2,extreme_rare_di0p005,Extreme rare power family,extreme_rare,extreme_rare_np100_nq1000,100,1000,10.0,0.02,0.02,0.01,0.05,1,1,0.001137043996675511,0.0036159083334016476,0.001000000000000112,0.006000000000000061,-0.004999999999999949,0.005,0.0015370439966755109,0.004115908333401648,0.1537043996675511,4.115908333401648,0.1537043996675511,"[[0.9615370439966754, 0.01846295600332449], [0.01846295600332449, 0.0015370439966755109]]","[[0.9441159083334016, 0.045884091666598355], [0.005884091666598352, 0.004115908333401648]]","[[96.15370439966753, 1.8462956003324489], [1.8462956003324489, 0.1537043996675511]]","[[944.1159083334016, 45.88409166659835], [5.884091666598352, 4.115908333401648]]",0.002917547762267722,0.019882017068096565
P1_extreme_rare_di0p01_n10,P1,extreme_rare_di0p01,Extreme rare power family,extreme_rare,extreme_rare_np10_nq10,10,10,1.0,0.02,0.02,0.01,0.05,1,1,0.001137043996675511,0.005271268431485237,0.001000000000000112,0.011000000000000232,-0.01000000000000012,0.01,0.0015370439966755109,0.0042287315685147625,0.01537043996675511,0.042287315685147625,0.01537043996675511,"[[0.9615370439966754, 0.01846295600332449], [0.01846295600332449, 0.0015370439966755109]]","[[0.9457712684314853, 0.04422873156851476], [0.0042287315685147625, 0.005771268431485238]]","[[9.615370439966753, 0.18462956003324488], [0.18462956003324488, 0.01537043996675511]]","[[9.457712684314853, 0.4422873156851476], [0.042287315685147625, 0.05771268431485238]]",0.002917547762267722,0.037769699048942285
P1_extreme_rare_di0p01_n20,P1,extreme_rare_di0p01,Extreme rare power family,extreme_rare,extreme_rare_np20_nq20,20,20,1.0,0.02,0.02,0.01,0.05,1,1,0.001137043996675511,0.005271268431485237,0.001000000000000112,0.011000000000000232,-0.01000000000000012,0.01,0.0015370439966755109,0.0042287315685147625,0.03074087993351022,0.08457463137029525,0.03074087993351022,"[[0.9615370439966754, 0.01846295600332449], [0.01846295600332449, 0.0015370439966755109]]","[[0.9457712684314853, 0.04422873156851476], [0.0042287315685147625, 0.005771268431485238]]","[[19.230740879933506, 0.36925912006648975], [0.36925912006648975, 0.03074087993351022]]","[[18.915425368629705, 0.8845746313702952], [0.08457463137029525, 0.11542536862970476]]",0.002917547762267722,0.037769699048942285
P1_extreme_rare_di0p01_n30,P1,extreme_rare_di0p01,Extreme rare power family,extreme_rare,extreme_rare_np30_nq30,30,30,1.0,0.02,0.02,0.01,0.05,1,1,0.001137043996675511,0.005271268431485237,0.001000000000000112,0.011000000000000232,-0.01000000000000012,0.01,0.0015370439966755109,0.0042287315685147625,0.046111319900265325,0.12686194705544288,0.046111319900265325,"[[0.9615370439966754, 0.01846295600332449], [0.01846295600332449, 0.0015370439966755109]]","[[0.9457712684314853, 0.04422873156851476], [0.0042287315685147625, 0.005771268431485238]]","[[28.846111319900263, 0.5538886800997347], [0.5538886800997347, 0.046111319900265325]]","[[28.373138052944558, 1.3268619470554428], [0.12686194705544288, 0.17313805294455714]]",0.002917547762267722,0.037769699048942285
P1_extreme_rare_di0p01_n50,P1,extreme_rare_di0p01,Extreme rare power family,extreme_rare,extreme_rare_np50_nq50,50,50,1.0,0.02,0.02,0.01,0.05,1,1,0.001137043996675511,0.005271268431485237,0.001000000000000112,0.011000000000000232,-0.01000000000000012,0.01,0.0015370439966755109,0.0042287315685147625,0.07685219983377554,0.21143657842573813,0.07685219983377554,"[[0.9615370439966754, 0.01846295600332449], [0.01846295600332449, 0.0015370439966755109]]","[[0.9457712684314853, 0.04422873156851476], [0.0042287315685147625, 0.005771268431485238]]","[[48.076852199833766, 0.9231478001662244], [0.9231478001662244, 0.07685219983377554]]","[[47.28856342157427, 2.2114365784257384], [0.21143657842573813, 0.2885634215742619]]",0.002917547762267722,0.037769699048942285
P1_extreme_rare_di0p01_n100,P1,extreme_rare_di0p01,Extreme rare power family,extreme_rare,extreme_rare_np100_nq100,100,100,1.0,0.02,0.02,0.01,0.05,1,1,0.001137043996675511,0.005271268431485237,0.001000000000000112,0.011000000000000232,-0.01000000000000012,0.01,0.0015370439966755109,0.0042287315685147625,0.1537043996675511,0.42287315685147625,0.1537043996675511,"[[0.9615370439966754, 0.01846295600332449], [0.01846295600332449, 0.0015370439966755109]]","[[0.9457712684314853, 0.04422873156851476], [0.0042287315685147625, 0.005771268431485238]]","[[96.15370439966753, 1.8462956003324489], [1.8462956003324489, 0.1537043996675511]]","[[94.57712684314853, 4.422873156851477], [0.42287315685147625, 0.5771268431485238]]",0.002917547762267722,0.037769699048942285
P1_extreme_rare_di0p01_n200,P1,extreme_rare_di0p01,Extreme rare power family,extreme_rare,extreme_rare_np200_nq200,200,200,1.0,0.02,0.02,0.01,0.05,1,1,0.001137043996675511,0.005271268431485237,0.001000000000000112,0.011000000000000232,-0.01000000000000012,0.01,0.0015370439966755109,0.0042287315685147625,0.3074087993351022,0.8457463137029525,0.3074087993351022,"[[0.9615370439966754, 0.01846295600332449], [0.01846295600332449, 0.0015370439966755109]]","[[0.9457712684314853, 0.04422873156851476], [0.0042287315685147625, 0.005771268431485238]]","[[192.30740879933506, 3.6925912006648978], [3.6925912006648978, 0.3074087993351022]]","[[189.15425368629707, 8.845746313702954], [0.8457463137029525, 1.1542536862970476]]",0.002917547762267722,0.037769699048942285
P1_extreme_rare_di0p01_n500,P1,extreme_rare_di0p01,Extreme rare power family,extreme_rare,extreme_rare_np500_nq500,500,500,1.0,0.02,0.02,0.01,0.05,1,1,0.001137043996675511,0.005271268431485237,0.001000000000000112,0.011000000000000232,-0.01000000000000012,0.01,0.0015370439966755109,0.0042287315685147625,0.7685219983377555,2.114365784257381,0.7685219983377555,"[[0.9615370439966754, 0.01846295600332449], [0.01846295600332449, 0.0015370439966755109]]","[[0.9457712684314853, 0.04422873156851476], [0.0042287315685147625, 0.005771268431485238]]","[[480.7685219983377, 9.231478001662245], [9.231478001662245, 0.7685219983377555]]","[[472.88563421574264, 22.11436578425738], [2.114365784257381, 2.885634215742619]]",0.002917547762267722,0.037769699048942285
P1_extreme_rare_di0p01_n1000,P1,extreme_rare_di0p01,Extreme rare power family,extreme_rare,extreme_rare_np1000_nq1000,1000,1000,1.0,0.02,0.02,0.01,0.05,1,1,0.001137043996675511,0.005271268431485237,0.001000000000000112,0.011000000000000232,-0.01000000000000012,0.01,0.0015370439966755109,0.0042287315685147625,1.537043996675511,4.228731568514762,1.537043996675511,"[[0.9615370439966754, 0.01846295600332449], [0.01846295600332449, 0.0015370439966755109]]","[[0.9457712684314853, 0.04422873156851476], [0.0042287315685147625, 0.005771268431485238]]","[[961.5370439966754, 18.46295600332449], [18.46295600332449, 1.537043996675511]]","[[945.7712684314853, 44.22873156851476], [4.228731568514762, 5.771268431485238]]",0.002917547762267722,0.037769699048942285
P2_extreme_rare_di0p01_np20_nq40,P2,extreme_rare_di0p01,Extreme rare power family,extreme_rare,extreme_rare_np20_nq40,20,40,2.0,0.02,0.02,0.01,0.05,1,1,0.001137043996675511,0.005271268431485237,0.001000000000000112,0.011000000000000232,-0.01000000000000012,0.01,0.0015370439966755109,0.0042287315685147625,0.03074087993351022,0.1691492627405905,0.03074087993351022,"[[0.9615370439966754, 0.01846295600332449], [0.01846295600332449, 0.0015370439966755109]]","[[0.9457712684314853, 0.04422873156851476], [0.0042287315685147625, 0.005771268431485238]]","[[19.230740879933506, 0.36925912006648975], [0.36925912006648975, 0.03074087993351022]]","[[37.83085073725941, 1.7691492627405905], [0.1691492627405905, 0.23085073725940952]]",0.002917547762267722,0.037769699048942285
P2_extreme_rare_di0p01_np20_nq100,P2,extreme_rare_di0p01,Extreme rare power family,extreme_rare,extreme_rare_np20_nq100,20,100,5.0,0.02,0.02,0.01,0.05,1,1,0.001137043996675511,0.005271268431485237,0.001000000000000112,0.011000000000000232,-0.01000000000000012,0.01,0.0015370439966755109,0.0042287315685147625,0.03074087993351022,0.42287315685147625,0.03074087993351022,"[[0.9615370439966754, 0.01846295600332449], [0.01846295600332449, 0.0015370439966755109]]","[[0.9457712684314853, 0.04422873156851476], [0.0042287315685147625, 0.005771268431485238]]","[[19.230740879933506, 0.36925912006648975], [0.36925912006648975, 0.03074087993351022]]","[[94.57712684314853, 4.422873156851477], [0.42287315685147625, 0.5771268431485238]]",0.002917547762267722,0.037769699048942285
P2_extreme_rare_di0p01_np20_nq200,P2,extreme_rare_di0p01,Extreme rare power family,extreme_rare,extreme_rare_np20_nq200,20,200,10.0,0.02,0.02,0.01,0.05,1,1,0.001137043996675511,0.005271268431485237,0.001000000000000112,0.011000000000000232,-0.01000000000000012,0.01,0.0015370439966755109,0.0042287315685147625,0.03074087993351022,0.8457463137029525,0.03074087993351022,"[[0.9615370439966754, 0.01846295600332449], [0.01846295600332449, 0.0015370439966755109]]","[[0.9457712684314853, 0.04422873156851476], [0.0042287315685147625, 0.005771268431485238]]","[[19.230740879933506, 0.36925912006648975], [0.36925912006648975, 0.03074087993351022]]","[[189.15425368629707, 8.845746313702954], [0.8457463137029525, 1.1542536862970476]]",0.002917547762267722,0.037769699048942285
P2_extreme_rare_di0p01_np50_nq100,P2,extreme_rare_di0p01,Extreme rare power family,extreme_rare,extreme_rare_np50_nq100,50,100,2.0,0.02,0.02,0.01,0.05,1,1,0.001137043996675511,0.005271268431485237,0.001000000000000112,0.011000000000000232,-0.01000000000000012,0.01,0.0015370439966755109,0.0042287315685147625,0.07685219983377554,0.42287315685147625,0.07685219983377554,"[[0.9615370439966754, 0.01846295600332449], [0.01846295600332449, 0.0015370439966755109]]","[[0.9457712684314853, 0.04422873156851476], [0.0042287315685147625, 0.005771268431485238]]","[[48.076852199833766, 0.9231478001662244], [0.9231478001662244, 0.07685219983377554]]","[[94.57712684314853, 4.422873156851477], [0.42287315685147625, 0.5771268431485238]]",0.002917547762267722,0.037769699048942285
P2_extreme_rare_di0p01_np50_nq250,P2,extreme_rare_di0p01,Extreme rare power family,extreme_rare,extreme_rare_np50_nq250,50,250,5.0,0.02,0.02,0.01,0.05,1,1,0.001137043996675511,0.005271268431485237,0.001000000000000112,0.011000000000000232,-0.01000000000000012,0.01,0.0015370439966755109,0.0042287315685147625,0.07685219983377554,1.0571828921286905,0.07685219983377554,"[[0.9615370439966754, 0.01846295600332449], [0.01846295600332449, 0.0015370439966755109]]","[[0.9457712684314853, 0.04422873156851476], [0.0042287315685147625, 0.005771268431485238]]","[[48.076852199833766, 0.9231478001662244], [0.9231478001662244, 0.07685219983377554]]","[[236.44281710787132, 11.05718289212869], [1.0571828921286905, 1.4428171078713095]]",0.002917547762267722,0.037769699048942285
P2_extreme_rare_di0p01_np50_nq500,P2,extreme_rare_di0p01,Extreme rare power family,extreme_rare,extreme_rare_np50_nq500,50,500,10.0,0.02,0.02,0.01,0.05,1,1,0.001137043996675511,0.005271268431485237,0.001000000000000112,0.011000000000000232,-0.01000000000000012,0.01,0.0015370439966755109,0.0042287315685147625,0.07685219983377554,2.114365784257381,0.07685219983377554,"[[0.9615370439966754, 0.01846295600332449], [0.01846295600332449, 0.0015370439966755109]]","[[0.9457712684314853, 0.04422873156851476], [0.0042287315685147625, 0.005771268431485238]]","[[48.076852199833766, 0.9231478001662244], [0.9231478001662244, 0.07685219983377554]]","[[472.88563421574264, 22.11436578425738], [2.114365784257381, 2.885634215742619]]",0.002917547762267722,0.037769699048942285
P2_extreme_rare_di0p01_np100_nq200,P2,extreme_rare_di0p01,Extreme rare power family,extreme_rare,extreme_rare_np100_nq200,100,200,2.0,0.02,0.02,0.01,0.05,1,1,0.001137043996675511,0.005271268431485237,0.001000000000000112,0.011000000000000232,-0.01000000000000012,0.01,0.0015370439966755109,0.0042287315685147625,0.1537043996675511,0.8457463137029525,0.1537043996675511,"[[0.9615370439966754, 0.01846295600332449], [0.01846295600332449, 0.0015370439966755109]]","[[0.9457712684314853, 0.04422873156851476], [0.0042287315685147625, 0.005771268431485238]]","[[96.15370439966753, 1.8462956003324489], [1.8462956003324489, 0.1537043996675511]]","[[189.15425368629707, 8.845746313702954], [0.8457463137029525, 1.1542536862970476]]",0.002917547762267722,0.037769699048942285
P2_extreme_rare_di0p01_np100_nq500,P2,extreme_rare_di0p01,Extreme rare power family,extreme_rare,extreme_rare_np100_nq500,100,500,5.0,0.02,0.02,0.01,0.05,1,1,0.001137043996675511,0.005271268431485237,0.001000000000000112,0.011000000000000232,-0.01000000000000012,0.01,0.0015370439966755109,0.0042287315685147625,0.1537043996675511,2.114365784257381,0.1537043996675511,"[[0.9615370439966754, 0.01846295600332449], [0.01846295600332449, 0.0015370439966755109]]","[[0.9457712684314853, 0.04422873156851476], [0.0042287315685147625, 0.005771268431485238]]","[[96.15370439966753, 1.8462956003324489], [1.8462956003324489, 0.1537043996675511]]","[[472.88563421574264, 22.11436578425738], [2.114365784257381, 2.885634215742619]]",0.002917547762267722,0.037769699048942285
P2_extreme_rare_di0p01_np100_nq1000,P2,extreme_rare_di0p01,Extreme rare power family,extreme_rare,extreme_rare_np100_nq1000,100,1000,10.0,0.02,0.02,0.01,0.05,1,1,0.001137043996675511,0.005271268431485237,0.001000000000000112,0.011000000000000232,-0.01000000000000012,0.01,0.0015370439966755109,0.0042287315685147625,0.1537043996675511,4.228731568514762,0.1537043996675511,"[[0.9615370439966754, 0.01846295600332449], [0.01846295600332449, 0.0015370439966755109]]","[[0.9457712684314853, 0.04422873156851476], [0.0042287315685147625, 0.005771268431485238]]","[[96.15370439966753, 1.8462956003324489], [1.8462956003324489, 0.1537043996675511]]","[[945.7712684314853, 44.22873156851476], [4.228731568514762, 5.771268431485238]]",0.002917547762267722,0.037769699048942285
PCAL_PCAL_balanced_mild_np10_nq10_balanced_mild_np10_nq10,PCAL,PCAL_balanced_mild_np10_nq10,Balanced/mild size-adjustment null,balanced_mild,balanced_mild_np10_nq10,10,10,1.0,0.5,0.5,0.3,0.4,1,1,0.07839079918248305,0.0712371977070939,0.0499999999999996,0.04999999999997107,2.853273173286652e-14,0.0,0.17160920081751696,0.1087628022929061,1.7160920081751696,1.087628022929061,1.087628022929061,"[[0.32839079918248304, 0.17160920081751696], [0.17160920081751696, 0.32839079918248304]]","[[0.4912371977070939, 0.20876280229290606], [0.1087628022929061, 0.1912371977070939]]","[[3.2839079918248304, 1.7160920081751696], [1.7160920081751696, 3.2839079918248304]]","[[4.912371977070939, 2.0876280229290605], [1.087628022929061, 1.912371977070939]]",0.09494241304247028,0.09668902790081219
PCAL_PCAL_balanced_mild_np20_nq20_balanced_mild_np20_nq20,PCAL,PCAL_balanced_mild_np20_nq20,Balanced/mild size-adjustment null,balanced_mild,balanced_mild_np20_nq20,20,20,1.0,0.5,0.5,0.3,0.4,1,1,0.07839079918248305,0.0712371977070939,0.0499999999999996,0.04999999999997107,2.853273173286652e-14,0.0,0.17160920081751696,0.1087628022929061,3.432184016350339,2.175256045858122,2.175256045858122,"[[0.32839079918248304, 0.17160920081751696], [0.17160920081751696, 0.32839079918248304]]","[[0.4912371977070939, 0.20876280229290606], [0.1087628022929061, 0.1912371977070939]]","[[6.567815983649661, 3.432184016350339], [3.432184016350339, 6.567815983649661]]","[[9.824743954141878, 4.175256045858121], [2.175256045858122, 3.824743954141878]]",0.09494241304247028,0.09668902790081219
PCAL_PCAL_balanced_mild_np30_nq30_balanced_mild_np30_nq30,PCAL,PCAL_balanced_mild_np30_nq30,Balanced/mild size-adjustment null,balanced_mild,balanced_mild_np30_nq30,30,30,1.0,0.5,0.5,0.3,0.4,1,1,0.07839079918248305,0.0712371977070939,0.0499999999999996,0.04999999999997107,2.853273173286652e-14,0.0,0.17160920081751696,0.1087628022929061,5.148276024525509,3.2628840687871827,3.2628840687871827,"[[0.32839079918248304, 0.17160920081751696], [0.17160920081751696, 0.32839079918248304]]","[[0.4912371977070939, 0.20876280229290606], [0.1087628022929061, 0.1912371977070939]]","[[9.851723975474492, 5.148276024525509], [5.148276024525509, 9.851723975474492]]","[[14.737115931212816, 6.262884068787182], [3.2628840687871827, 5.737115931212817]]",0.09494241304247028,0.09668902790081219
PCAL_PCAL_balanced_mild_np50_nq50_balanced_mild_np50_nq50,PCAL,PCAL_balanced_mild_np50_nq50,Balanced/mild size-adjustment null,balanced_mild,balanced_mild_np50_nq50,50,50,1.0,0.5,0.5,0.3,0.4,1,1,0.07839079918248305,0.0712371977070939,0.0499999999999996,0.04999999999997107,2.853273173286652e-14,0.0,0.17160920081751696,0.1087628022929061,8.580460040875849,5.438140114645305,5.438140114645305,"[[0.32839079918248304, 0.17160920081751696], [0.17160920081751696, 0.32839079918248304]]","[[0.4912371977070939, 0.20876280229290606], [0.1087628022929061, 0.1912371977070939]]","[[16.41953995912415, 8.580460040875849], [8.580460040875849, 16.41953995912415]]","[[24.561859885354696, 10.438140114645304], [5.438140114645305, 9.561859885354696]]",0.09494241304247028,0.09668902790081219
PCAL_PCAL_balanced_mild_np100_nq100_balanced_mild_np100_nq100,PCAL,PCAL_balanced_mild_np100_nq100,Balanced/mild size-adjustment null,balanced_mild,balanced_mild_np100_nq100,100,100,1.0,0.5,0.5,0.3,0.4,1,1,0.07839079918248305,0.0712371977070939,0.0499999999999996,0.04999999999997107,2.853273173286652e-14,0.0,0.17160920081751696,0.1087628022929061,17.160920081751698,10.87628022929061,10.87628022929061,"[[0.32839079918248304, 0.17160920081751696], [0.17160920081751696, 0.32839079918248304]]","[[0.4912371977070939, 0.20876280229290606], [0.1087628022929061, 0.1912371977070939]]","[[32.8390799182483, 17.160920081751698], [17.160920081751698, 32.8390799182483]]","[[49.12371977070939, 20.876280229290607], [10.87628022929061, 19.123719770709393]]",0.09494241304247028,0.09668902790081219
PCAL_PCAL_balanced_mild_np200_nq200_balanced_mild_np200_nq200,PCAL,PCAL_balanced_mild_np200_nq200,Balanced/mild size-adjustment null,balanced_mild,balanced_mild_np200_nq200,200,200,1.0,0.5,0.5,0.3,0.4,1,1,0.07839079918248305,0.0712371977070939,0.0499999999999996,0.04999999999997107,2.853273173286652e-14,0.0,0.17160920081751696,0.1087628022929061,34.321840163503396,21.75256045858122,21.75256045858122,"[[0.32839079918248304, 0.17160920081751696], [0.17160920081751696, 0.32839079918248304]]","[[0.4912371977070939, 0.20876280229290606], [0.1087628022929061, 0.1912371977070939]]","[[65.6781598364966, 34.321840163503396], [34.321840163503396, 65.6781598364966]]","[[98.24743954141879, 41.752560458581215], [21.75256045858122, 38.247439541418785]]",0.09494241304247028,0.09668902790081219
PCAL_PCAL_balanced_mild_np500_nq500_balanced_mild_np500_nq500,PCAL,PCAL_balanced_mild_np500_nq500,Balanced/mild size-adjustment null,balanced_mild,balanced_mild_np500_nq500,500,500,1.0,0.5,0.5,0.3,0.4,1,1,0.07839079918248305,0.0712371977070939,0.0499999999999996,0.04999999999997107,2.853273173286652e-14,0.0,0.17160920081751696,0.1087628022929061,85.80460040875847,54.381401146453044,54.381401146453044,"[[0.32839079918248304, 0.17160920081751696], [0.17160920081751696, 0.32839079918248304]]","[[0.4912371977070939, 0.20876280229290606], [0.1087628022929061, 0.1912371977070939]]","[[164.1953995912415, 85.80460040875847], [85.80460040875847, 164.1953995912415]]","[[245.61859885354696, 104.38140114645303], [54.381401146453044, 95.61859885354696]]",0.09494241304247028,0.09668902790081219
PCAL_PCAL_balanced_mild_np1000_nq1000_balanced_mild_np1000_nq1000,PCAL,PCAL_balanced_mild_np1000_nq1000,Balanced/mild size-adjustment null,balanced_mild,balanced_mild_np1000_nq1000,1000,1000,1.0,0.5,0.5,0.3,0.4,1,1,0.07839079918248305,0.0712371977070939,0.0499999999999996,0.04999999999997107,2.853273173286652e-14,0.0,0.17160920081751696,0.1087628022929061,171.60920081751695,108.76280229290609,108.76280229290609,"[[0.32839079918248304, 0.17160920081751696], [0.17160920081751696, 0.32839079918248304]]","[[0.4912371977070939, 0.20876280229290606], [0.1087628022929061, 0.1912371977070939]]","[[328.390799182483, 171.60920081751695], [171.60920081751695, 328.390799182483]]","[[491.2371977070939, 208.76280229290606], [108.76280229290609, 191.2371977070939]]",0.09494241304247028,0.09668902790081219
PCAL_PCAL_balanced_mild_np20_nq40_balanced_mild_np20_nq40,PCAL,PCAL_balanced_mild_np20_nq40,Balanced/mild size-adjustment null,balanced_mild,balanced_mild_np20_nq40,20,40,2.0,0.5,0.5,0.3,0.4,1,1,0.07839079918248305,0.0712371977070939,0.0499999999999996,0.04999999999997107,2.853273173286652e-14,0.0,0.17160920081751696,0.1087628022929061,3.432184016350339,4.350512091716244,3.432184016350339,"[[0.32839079918248304, 0.17160920081751696], [0.17160920081751696, 0.32839079918248304]]","[[0.4912371977070939, 0.20876280229290606], [0.1087628022929061, 0.1912371977070939]]","[[6.567815983649661, 3.432184016350339], [3.432184016350339, 6.567815983649661]]","[[19.649487908283756, 8.350512091716242], [4.350512091716244, 7.649487908283756]]",0.09494241304247028,0.09668902790081219
PCAL_PCAL_balanced_mild_np20_nq100_balanced_mild_np20_nq100,PCAL,PCAL_balanced_mild_np20_nq100,Balanced/mild size-adjustment null,balanced_mild,balanced_mild_np20_nq100,20,100,5.0,0.5,0.5,0.3,0.4,1,1,0.07839079918248305,0.0712371977070939,0.0499999999999996,0.04999999999997107,2.853273173286652e-14,0.0,0.17160920081751696,0.1087628022929061,3.432184016350339,10.87628022929061,3.432184016350339,"[[0.32839079918248304, 0.17160920081751696], [0.17160920081751696, 0.32839079918248304]]","[[0.4912371977070939, 0.20876280229290606], [0.1087628022929061, 0.1912371977070939]]","[[6.567815983649661, 3.432184016350339], [3.432184016350339, 6.567815983649661]]","[[49.12371977070939, 20.876280229290607], [10.87628022929061, 19.123719770709393]]",0.09494241304247028,0.09668902790081219
PCAL_PCAL_balanced_mild_np20_nq200_balanced_mild_np20_nq200,PCAL,PCAL_balanced_mild_np20_nq200,Balanced/mild size-adjustment null,balanced_mild,balanced_mild_np20_nq200,20,200,10.0,0.5,0.5,0.3,0.4,1,1,0.07839079918248305,0.0712371977070939,0.0499999999999996,0.04999999999997107,2.853273173286652e-14,0.0,0.17160920081751696,0.1087628022929061,3.432184016350339,21.75256045858122,3.432184016350339,"[[0.32839079918248304, 0.17160920081751696], [0.17160920081751696, 0.32839079918248304]]","[[0.4912371977070939, 0.20876280229290606], [0.1087628022929061, 0.1912371977070939]]","[[6.567815983649661, 3.432184016350339], [3.432184016350339, 6.567815983649661]]","[[98.24743954141879, 41.752560458581215], [21.75256045858122, 38.247439541418785]]",0.09494241304247028,0.09668902790081219
PCAL_PCAL_balanced_mild_np50_nq100_balanced_mild_np50_nq100,PCAL,PCAL_balanced_mild_np50_nq100,Balanced/mild size-adjustment null,balanced_mild,balanced_mild_np50_nq100,50,100,2.0,0.5,0.5,0.3,0.4,1,1,0.07839079918248305,0.0712371977070939,0.0499999999999996,0.04999999999997107,2.853273173286652e-14,0.0,0.17160920081751696,0.1087628022929061,8.580460040875849,10.87628022929061,8.580460040875849,"[[0.32839079918248304, 0.17160920081751696], [0.17160920081751696, 0.32839079918248304]]","[[0.4912371977070939, 0.20876280229290606], [0.1087628022929061, 0.1912371977070939]]","[[16.41953995912415, 8.580460040875849], [8.580460040875849, 16.41953995912415]]","[[49.12371977070939, 20.876280229290607], [10.87628022929061, 19.123719770709393]]",0.09494241304247028,0.09668902790081219
PCAL_PCAL_balanced_mild_np50_nq250_balanced_mild_np50_nq250,PCAL,PCAL_balanced_mild_np50_nq250,Balanced/mild size-adjustment null,balanced_mild,balanced_mild_np50_nq250,50,250,5.0,0.5,0.5,0.3,0.4,1,1,0.07839079918248305,0.0712371977070939,0.0499999999999996,0.04999999999997107,2.853273173286652e-14,0.0,0.17160920081751696,0.1087628022929061,8.580460040875849,27.190700573226522,8.580460040875849,"[[0.32839079918248304, 0.17160920081751696], [0.17160920081751696, 0.32839079918248304]]","[[0.4912371977070939, 0.20876280229290606], [0.1087628022929061, 0.1912371977070939]]","[[16.41953995912415, 8.580460040875849], [8.580460040875849, 16.41953995912415]]","[[122.80929942677348, 52.190700573226515], [27.190700573226522, 47.80929942677348]]",0.09494241304247028,0.09668902790081219
PCAL_PCAL_balanced_mild_np50_nq500_balanced_mild_np50_nq500,PCAL,PCAL_balanced_mild_np50_nq500,Balanced/mild size-adjustment null,balanced_mild,balanced_mild_np50_nq500,50,500,10.0,0.5,0.5,0.3,0.4,1,1,0.07839079918248305,0.0712371977070939,0.0499999999999996,0.04999999999997107,2.853273173286652e-14,0.0,0.17160920081751696,0.1087628022929061,8.580460040875849,54.381401146453044,8.580460040875849,"[[0.32839079918248304, 0.17160920081751696], [0.17160920081751696, 0.32839079918248304]]","[[0.4912371977070939, 0.20876280229290606], [0.1087628022929061, 0.1912371977070939]]","[[16.41953995912415, 8.580460040875849], [8.580460040875849, 16.41953995912415]]","[[245.61859885354696, 104.38140114645303], [54.381401146453044, 95.61859885354696]]",0.09494241304247028,0.09668902790081219
PCAL_PCAL_balanced_mild_np100_nq200_balanced_mild_np100_nq200,PCAL,PCAL_balanced_mild_np100_nq200,Balanced/mild size-adjustment null,balanced_mild,balanced_mild_np100_nq200,100,200,2.0,0.5,0.5,0.3,0.4,1,1,0.07839079918248305,0.0712371977070939,0.0499999999999996,0.04999999999997107,2.853273173286652e-14,0.0,0.17160920081751696,0.1087628022929061,17.160920081751698,21.75256045858122,17.160920081751698,"[[0.32839079918248304, 0.17160920081751696], [0.17160920081751696, 0.32839079918248304]]","[[0.4912371977070939, 0.20876280229290606], [0.1087628022929061, 0.1912371977070939]]","[[32.8390799182483, 17.160920081751698], [17.160920081751698, 32.8390799182483]]","[[98.24743954141879, 41.752560458581215], [21.75256045858122, 38.247439541418785]]",0.09494241304247028,0.09668902790081219
PCAL_PCAL_balanced_mild_np100_nq500_balanced_mild_np100_nq500,PCAL,PCAL_balanced_mild_np100_nq500,Balanced/mild size-adjustment null,balanced_mild,balanced_mild_np100_nq500,100,500,5.0,0.5,0.5,0.3,0.4,1,1,0.07839079918248305,0.0712371977070939,0.0499999999999996,0.04999999999997107,2.853273173286652e-14,0.0,0.17160920081751696,0.1087628022929061,17.160920081751698,54.381401146453044,17.160920081751698,"[[0.32839079918248304, 0.17160920081751696], [0.17160920081751696, 0.32839079918248304]]","[[0.4912371977070939, 0.20876280229290606], [0.1087628022929061, 0.1912371977070939]]","[[32.8390799182483, 17.160920081751698], [17.160920081751698, 32.8390799182483]]","[[245.61859885354696, 104.38140114645303], [54.381401146453044, 95.61859885354696]]",0.09494241304247028,0.09668902790081219
PCAL_PCAL_balanced_mild_np100_nq1000_balanced_mild_np100_nq1000,PCAL,PCAL_balanced_mild_np100_nq1000,Balanced/mild size-adjustment null,balanced_mild,balanced_mild_np100_nq1000,100,1000,10.0,0.5,0.5,0.3,0.4,1,1,0.07839079918248305,0.0712371977070939,0.0499999999999996,0.04999999999997107,2.853273173286652e-14,0.0,0.17160920081751696,0.1087628022929061,17.160920081751698,108.76280229290609,17.160920081751698,"[[0.32839079918248304, 0.17160920081751696], [0.17160920081751696, 0.32839079918248304]]","[[0.4912371977070939, 0.20876280229290606], [0.1087628022929061, 0.1912371977070939]]","[[32.8390799182483, 17.160920081751698], [17.160920081751698, 32.8390799182483]]","[[491.2371977070939, 208.76280229290606], [108.76280229290609, 191.2371977070939]]",0.09494241304247028,0.09668902790081219
PCAL_PCAL_sparse_np10_nq10_sparse_np10_nq10,PCAL,PCAL_sparse_np10_nq10,Sparse size-adjustment null,sparse,sparse_np10_nq10,10,10,1.0,0.1,0.1,0.05,0.2,1,1,0.014455728986972094,0.013662417849468648,0.009999999999969145,0.009999999999998066,-2.892130979148533e-14,0.0,0.024455728986972097,0.02366241784946865,0.24455728986972097,0.2366241784946865,0.2366241784946865,"[[0.8244557289869722, 0.07554427101302792], [0.07554427101302792, 0.024455728986972097]]","[[0.7736624178494687, 0.17633758215053136], [0.02633758215053136, 0.02366241784946865]]","[[8.244557289869721, 0.7554427101302792], [0.7554427101302792, 0.24455728986972097]]","[[7.7366241784946865, 1.7633758215053135], [0.2633758215053136, 0.2366241784946865]]",0.02434798744293218,0.023280590840405208
PCAL_PCAL_sparse_np20_nq20_sparse_np20_nq20,PCAL,PCAL_sparse_np20_nq20,Sparse size-adjustment null,sparse,sparse_np20_nq20,20,20,1.0,0.1,0.1,0.05,0.2,1,1,0.014455728986972094,0.013662417849468648,0.009999999999969145,0.009999999999998066,-2.892130979148533e-14,0.0,0.024455728986972097,0.02366241784946865,0.48911457973944195,0.473248356989373,0.473248356989373,"[[0.8244557289869722, 0.07554427101302792], [0.07554427101302792, 0.024455728986972097]]","[[0.7736624178494687, 0.17633758215053136], [0.02633758215053136, 0.02366241784946865]]","[[16.489114579739443, 1.5108854202605584], [1.5108854202605584, 0.48911457973944195]]","[[15.473248356989373, 3.526751643010627], [0.5267516430106272, 0.473248356989373]]",0.02434798744293218,0.023280590840405208
PCAL_PCAL_sparse_np30_nq30_sparse_np30_nq30,PCAL,PCAL_sparse_np30_nq30,Sparse size-adjustment null,sparse,sparse_np30_nq30,30,30,1.0,0.1,0.1,0.05,0.2,1,1,0.014455728986972094,0.013662417849468648,0.009999999999969145,0.009999999999998066,-2.892130979148533e-14,0.0,0.024455728986972097,0.02366241784946865,0.7336718696091629,0.7098725354840595,0.7098725354840595,"[[0.8244557289869722, 0.07554427101302792], [0.07554427101302792, 0.024455728986972097]]","[[0.7736624178494687, 0.17633758215053136], [0.02633758215053136, 0.02366241784946865]]","[[24.733671869609164, 2.266328130390838], [2.266328130390838, 0.7336718696091629]]","[[23.20987253548406, 5.29012746451594], [0.7901274645159408, 0.7098725354840595]]",0.02434798744293218,0.023280590840405208
PCAL_PCAL_sparse_np50_nq50_sparse_np50_nq50,PCAL,PCAL_sparse_np50_nq50,Sparse size-adjustment null,sparse,sparse_np50_nq50,50,50,1.0,0.1,0.1,0.05,0.2,1,1,0.014455728986972094,0.013662417849468648,0.009999999999969145,0.009999999999998066,-2.892130979148533e-14,0.0,0.024455728986972097,0.02366241784946865,1.222786449348605,1.1831208924734324,1.1831208924734324,"[[0.8244557289869722, 0.07554427101302792], [0.07554427101302792, 0.024455728986972097]]","[[0.7736624178494687, 0.17633758215053136], [0.02633758215053136, 0.02366241784946865]]","[[41.22278644934861, 3.777213550651396], [3.777213550651396, 1.222786449348605]]","[[38.68312089247343, 8.816879107526567], [1.316879107526568, 1.1831208924734324]]",0.02434798744293218,0.023280590840405208
PCAL_PCAL_sparse_np100_nq100_sparse_np100_nq100,PCAL,PCAL_sparse_np100_nq100,Sparse size-adjustment null,sparse,sparse_np100_nq100,100,100,1.0,0.1,0.1,0.05,0.2,1,1,0.014455728986972094,0.013662417849468648,0.009999999999969145,0.009999999999998066,-2.892130979148533e-14,0.0,0.024455728986972097,0.02366241784946865,2.44557289869721,2.366241784946865,2.366241784946865,"[[0.8244557289869722, 0.07554427101302792], [0.07554427101302792, 0.024455728986972097]]","[[0.7736624178494687, 0.17633758215053136], [0.02633758215053136, 0.02366241784946865]]","[[82.44557289869722, 7.554427101302792], [7.554427101302792, 2.44557289869721]]","[[77.36624178494687, 17.633758215053135], [2.633758215053136, 2.366241784946865]]",0.02434798744293218,0.023280590840405208
PCAL_PCAL_sparse_np200_nq200_sparse_np200_nq200,PCAL,PCAL_sparse_np200_nq200,Sparse size-adjustment null,sparse,sparse_np200_nq200,200,200,1.0,0.1,0.1,0.05,0.2,1,1,0.014455728986972094,0.013662417849468648,0.009999999999969145,0.009999999999998066,-2.892130979148533e-14,0.0,0.024455728986972097,0.02366241784946865,4.89114579739442,4.73248356989373,4.73248356989373,"[[0.8244557289869722, 0.07554427101302792], [0.07554427101302792, 0.024455728986972097]]","[[0.7736624178494687, 0.17633758215053136], [0.02633758215053136, 0.02366241784946865]]","[[164.89114579739444, 15.108854202605585], [15.108854202605585, 4.89114579739442]]","[[154.73248356989373, 35.26751643010627], [5.267516430106272, 4.73248356989373]]",0.02434798744293218,0.023280590840405208
PCAL_PCAL_sparse_np500_nq500_sparse_np500_nq500,PCAL,PCAL_sparse_np500_nq500,Sparse size-adjustment null,sparse,sparse_np500_nq500,500,500,1.0,0.1,0.1,0.05,0.2,1,1,0.014455728986972094,0.013662417849468648,0.009999999999969145,0.009999999999998066,-2.892130979148533e-14,0.0,0.024455728986972097,0.02366241784946865,12.227864493486049,11.831208924734325,11.831208924734325,"[[0.8244557289869722, 0.07554427101302792], [0.07554427101302792, 0.024455728986972097]]","[[0.7736624178494687, 0.17633758215053136], [0.02633758215053136, 0.02366241784946865]]","[[412.2278644934861, 37.77213550651396], [37.77213550651396, 12.227864493486049]]","[[386.8312089247343, 88.16879107526567], [13.16879107526568, 11.831208924734325]]",0.02434798744293218,0.023280590840405208
PCAL_PCAL_sparse_np1000_nq1000_sparse_np1000_nq1000,PCAL,PCAL_sparse_np1000_nq1000,Sparse size-adjustment null,sparse,sparse_np1000_nq1000,1000,1000,1.0,0.1,0.1,0.05,0.2,1,1,0.014455728986972094,0.013662417849468648,0.009999999999969145,0.009999999999998066,-2.892130979148533e-14,0.0,0.024455728986972097,0.02366241784946865,24.455728986972098,23.66241784946865,23.66241784946865,"[[0.8244557289869722, 0.07554427101302792], [0.07554427101302792, 0.024455728986972097]]","[[0.7736624178494687, 0.17633758215053136], [0.02633758215053136, 0.02366241784946865]]","[[824.4557289869722, 75.54427101302792], [75.54427101302792, 24.455728986972098]]","[[773.6624178494686, 176.33758215053135], [26.33758215053136, 23.66241784946865]]",0.02434798744293218,0.023280590840405208
PCAL_PCAL_sparse_np20_nq40_sparse_np20_nq40,PCAL,PCAL_sparse_np20_nq40,Sparse size-adjustment null,sparse,sparse_np20_nq40,20,40,2.0,0.1,0.1,0.05,0.2,1,1,0.014455728986972094,0.013662417849468648,0.009999999999969145,0.009999999999998066,-2.892130979148533e-14,0.0,0.024455728986972097,0.02366241784946865,0.48911457973944195,0.946496713978746,0.48911457973944195,"[[0.8244557289869722, 0.07554427101302792], [0.07554427101302792, 0.024455728986972097]]","[[0.7736624178494687, 0.17633758215053136], [0.02633758215053136, 0.02366241784946865]]","[[16.489114579739443, 1.5108854202605584], [1.5108854202605584, 0.48911457973944195]]","[[30.946496713978746, 7.053503286021254], [1.0535032860212543, 0.946496713978746]]",0.02434798744293218,0.023280590840405208
PCAL_PCAL_sparse_np20_nq100_sparse_np20_nq100,PCAL,PCAL_sparse_np20_nq100,Sparse size-adjustment null,sparse,sparse_np20_nq100,20,100,5.0,0.1,0.1,0.05,0.2,1,1,0.014455728986972094,0.013662417849468648,0.009999999999969145,0.009999999999998066,-2.892130979148533e-14,0.0,0.024455728986972097,0.02366241784946865,0.48911457973944195,2.366241784946865,0.48911457973944195,"[[0.8244557289869722, 0.07554427101302792], [0.07554427101302792, 0.024455728986972097]]","[[0.7736624178494687, 0.17633758215053136], [0.02633758215053136, 0.02366241784946865]]","[[16.489114579739443, 1.5108854202605584], [1.5108854202605584, 0.48911457973944195]]","[[77.36624178494687, 17.633758215053135], [2.633758215053136, 2.366241784946865]]",0.02434798744293218,0.023280590840405208
PCAL_PCAL_sparse_np20_nq200_sparse_np20_nq200,PCAL,PCAL_sparse_np20_nq200,Sparse size-adjustment null,sparse,sparse_np20_nq200,20,200,10.0,0.1,0.1,0.05,0.2,1,1,0.014455728986972094,0.013662417849468648,0.009999999999969145,0.009999999999998066,-2.892130979148533e-14,0.0,0.024455728986972097,0.02366241784946865,0.48911457973944195,4.73248356989373,0.48911457973944195,"[[0.8244557289869722, 0.07554427101302792], [0.07554427101302792, 0.024455728986972097]]","[[0.7736624178494687, 0.17633758215053136], [0.02633758215053136, 0.02366241784946865]]","[[16.489114579739443, 1.5108854202605584], [1.5108854202605584, 0.48911457973944195]]","[[154.73248356989373, 35.26751643010627], [5.267516430106272, 4.73248356989373]]",0.02434798744293218,0.023280590840405208
PCAL_PCAL_sparse_np50_nq100_sparse_np50_nq100,PCAL,PCAL_sparse_np50_nq100,Sparse size-adjustment null,sparse,sparse_np50_nq100,50,100,2.0,0.1,0.1,0.05,0.2,1,1,0.014455728986972094,0.013662417849468648,0.009999999999969145,0.009999999999998066,-2.892130979148533e-14,0.0,0.024455728986972097,0.02366241784946865,1.222786449348605,2.366241784946865,1.222786449348605,"[[0.8244557289869722, 0.07554427101302792], [0.07554427101302792, 0.024455728986972097]]","[[0.7736624178494687, 0.17633758215053136], [0.02633758215053136, 0.02366241784946865]]","[[41.22278644934861, 3.777213550651396], [3.777213550651396, 1.222786449348605]]","[[77.36624178494687, 17.633758215053135], [2.633758215053136, 2.366241784946865]]",0.02434798744293218,0.023280590840405208
PCAL_PCAL_sparse_np50_nq250_sparse_np50_nq250,PCAL,PCAL_sparse_np50_nq250,Sparse size-adjustment null,sparse,sparse_np50_nq250,50,250,5.0,0.1,0.1,0.05,0.2,1,1,0.014455728986972094,0.013662417849468648,0.009999999999969145,0.009999999999998066,-2.892130979148533e-14,0.0,0.024455728986972097,0.02366241784946865,1.222786449348605,5.915604462367162,1.222786449348605,"[[0.8244557289869722, 0.07554427101302792], [0.07554427101302792, 0.024455728986972097]]","[[0.7736624178494687, 0.17633758215053136], [0.02633758215053136, 0.02366241784946865]]","[[41.22278644934861, 3.777213550651396], [3.777213550651396, 1.222786449348605]]","[[193.41560446236716, 44.08439553763284], [6.58439553763284, 5.915604462367162]]",0.02434798744293218,0.023280590840405208
PCAL_PCAL_sparse_np50_nq500_sparse_np50_nq500,PCAL,PCAL_sparse_np50_nq500,Sparse size-adjustment null,sparse,sparse_np50_nq500,50,500,10.0,0.1,0.1,0.05,0.2,1,1,0.014455728986972094,0.013662417849468648,0.009999999999969145,0.009999999999998066,-2.892130979148533e-14,0.0,0.024455728986972097,0.02366241784946865,1.222786449348605,11.831208924734325,1.222786449348605,"[[0.8244557289869722, 0.07554427101302792], [0.07554427101302792, 0.024455728986972097]]","[[0.7736624178494687, 0.17633758215053136], [0.02633758215053136, 0.02366241784946865]]","[[41.22278644934861, 3.777213550651396], [3.777213550651396, 1.222786449348605]]","[[386.8312089247343, 88.16879107526567], [13.16879107526568, 11.831208924734325]]",0.02434798744293218,0.023280590840405208
PCAL_PCAL_sparse_np100_nq200_sparse_np100_nq200,PCAL,PCAL_sparse_np100_nq200,Sparse size-adjustment null,sparse,sparse_np100_nq200,100,200,2.0,0.1,0.1,0.05,0.2,1,1,0.014455728986972094,0.013662417849468648,0.009999999999969145,0.009999999999998066,-2.892130979148533e-14,0.0,0.024455728986972097,0.02366241784946865,2.44557289869721,4.73248356989373,2.44557289869721,"[[0.8244557289869722, 0.07554427101302792], [0.07554427101302792, 0.024455728986972097]]","[[0.7736624178494687, 0.17633758215053136], [0.02633758215053136, 0.02366241784946865]]","[[82.44557289869722, 7.554427101302792], [7.554427101302792, 2.44557289869721]]","[[154.73248356989373, 35.26751643010627], [5.267516430106272, 4.73248356989373]]",0.02434798744293218,0.023280590840405208
PCAL_PCAL_sparse_np100_nq500_sparse_np100_nq500,PCAL,PCAL_sparse_np100_nq500,Sparse size-adjustment null,sparse,sparse_np100_nq500,100,500,5.0,0.1,0.1,0.05,0.2,1,1,0.014455728986972094,0.013662417849468648,0.009999999999969145,0.009999999999998066,-2.892130979148533e-14,0.0,0.024455728986972097,0.02366241784946865,2.44557289869721,11.831208924734325,2.44557289869721,"[[0.8244557289869722, 0.07554427101302792], [0.07554427101302792, 0.024455728986972097]]","[[0.7736624178494687, 0.17633758215053136], [0.02633758215053136, 0.02366241784946865]]","[[82.44557289869722, 7.554427101302792], [7.554427101302792, 2.44557289869721]]","[[386.8312089247343, 88.16879107526567], [13.16879107526568, 11.831208924734325]]",0.02434798744293218,0.023280590840405208
PCAL_PCAL_sparse_np100_nq1000_sparse_np100_nq1000,PCAL,PCAL_sparse_np100_nq1000,Sparse size-adjustment null,sparse,sparse_np100_nq1000,100,1000,10.0,0.1,0.1,0.05,0.2,1,1,0.014455728986972094,0.013662417849468648,0.009999999999969145,0.009999999999998066,-2.892130979148533e-14,0.0,0.024455728986972097,0.02366241784946865,2.44557289869721,23.66241784946865,2.44557289869721,"[[0.8244557289869722, 0.07554427101302792], [0.07554427101302792, 0.024455728986972097]]","[[0.7736624178494687, 0.17633758215053136], [0.02633758215053136, 0.02366241784946865]]","[[82.44557289869722, 7.554427101302792], [7.554427101302792, 2.44557289869721]]","[[773.6624178494686, 176.33758215053135], [26.33758215053136, 23.66241784946865]]",0.02434798744293218,0.023280590840405208
PCAL_PCAL_extreme_rare_np10_nq10_extreme_rare_np10_nq10,PCAL,PCAL_extreme_rare_np10_nq10,Extreme rare size-adjustment null,extreme_rare,extreme_rare_np10_nq10,10,10,1.0,0.02,0.02,0.01,0.05,1,1,0.001137043996675511,0.0012179369941002192,0.001000000000000112,0.0009999999999491527,5.0959236830294685e-14,0.0,0.0015370439966755109,0.0017179369941002192,0.01537043996675511,0.017179369941002193,0.01537043996675511,"[[0.9615370439966754, 0.01846295600332449], [0.01846295600332449, 0.0015370439966755109]]","[[0.9417179369941002, 0.04828206300589978], [0.00828206300589978, 0.0017179369941002192]]","[[9.615370439966753, 0.18462956003324488], [0.18462956003324488, 0.01537043996675511]]","[[9.417179369941003, 0.4828206300589978], [0.0828206300589978, 0.017179369941002193]]",0.002917547762267722,0.0028035916997350054
PCAL_PCAL_extreme_rare_np20_nq20_extreme_rare_np20_nq20,PCAL,PCAL_extreme_rare_np20_nq20,Extreme rare size-adjustment null,extreme_rare,extreme_rare_np20_nq20,20,20,1.0,0.02,0.02,0.01,0.05,1,1,0.001137043996675511,0.0012179369941002192,0.001000000000000112,0.0009999999999491527,5.0959236830294685e-14,0.0,0.0015370439966755109,0.0017179369941002192,0.03074087993351022,0.034358739882004385,0.03074087993351022,"[[0.9615370439966754, 0.01846295600332449], [0.01846295600332449, 0.0015370439966755109]]","[[0.9417179369941002, 0.04828206300589978], [0.00828206300589978, 0.0017179369941002192]]","[[19.230740879933506, 0.36925912006648975], [0.36925912006648975, 0.03074087993351022]]","[[18.834358739882006, 0.9656412601179956], [0.1656412601179956, 0.034358739882004385]]",0.002917547762267722,0.0028035916997350054
PCAL_PCAL_extreme_rare_np30_nq30_extreme_rare_np30_nq30,PCAL,PCAL_extreme_rare_np30_nq30,Extreme rare size-adjustment null,extreme_rare,extreme_rare_np30_nq30,30,30,1.0,0.02,0.02,0.01,0.05,1,1,0.001137043996675511,0.0012179369941002192,0.001000000000000112,0.0009999999999491527,5.0959236830294685e-14,0.0,0.0015370439966755109,0.0017179369941002192,0.046111319900265325,0.05153810982300658,0.046111319900265325,"[[0.9615370439966754, 0.01846295600332449], [0.01846295600332449, 0.0015370439966755109]]","[[0.9417179369941002, 0.04828206300589978], [0.00828206300589978, 0.0017179369941002192]]","[[28.846111319900263, 0.5538886800997347], [0.5538886800997347, 0.046111319900265325]]","[[28.251538109823006, 1.4484618901769934], [0.24846189017699338, 0.05153810982300658]]",0.002917547762267722,0.0028035916997350054
PCAL_PCAL_extreme_rare_np50_nq50_extreme_rare_np50_nq50,PCAL,PCAL_extreme_rare_np50_nq50,Extreme rare size-adjustment null,extreme_rare,extreme_rare_np50_nq50,50,50,1.0,0.02,0.02,0.01,0.05,1,1,0.001137043996675511,0.0012179369941002192,0.001000000000000112,0.0009999999999491527,5.0959236830294685e-14,0.0,0.0015370439966755109,0.0017179369941002192,0.07685219983377554,0.08589684970501096,0.07685219983377554,"[[0.9615370439966754, 0.01846295600332449], [0.01846295600332449, 0.0015370439966755109]]","[[0.9417179369941002, 0.04828206300589978], [0.00828206300589978, 0.0017179369941002192]]","[[48.076852199833766, 0.9231478001662244], [0.9231478001662244, 0.07685219983377554]]","[[47.08589684970501, 2.4141031502949892], [0.414103150294989, 0.08589684970501096]]",0.002917547762267722,0.0028035916997350054
PCAL_PCAL_extreme_rare_np100_nq100_extreme_rare_np100_nq100,PCAL,PCAL_extreme_rare_np100_nq100,Extreme rare size-adjustment null,extreme_rare,extreme_rare_np100_nq100,100,100,1.0,0.02,0.02,0.01,0.05,1,1,0.001137043996675511,0.0012179369941002192,0.001000000000000112,0.0009999999999491527,5.0959236830294685e-14,0.0,0.0015370439966755109,0.0017179369941002192,0.1537043996675511,0.17179369941002193,0.1537043996675511,"[[0.9615370439966754, 0.01846295600332449], [0.01846295600332449, 0.0015370439966755109]]","[[0.9417179369941002, 0.04828206300589978], [0.00828206300589978, 0.0017179369941002192]]","[[96.15370439966753, 1.8462956003324489], [1.8462956003324489, 0.1537043996675511]]","[[94.17179369941002, 4.8282063005899785], [0.828206300589978, 0.17179369941002193]]",0.002917547762267722,0.0028035916997350054
PCAL_PCAL_extreme_rare_np200_nq200_extreme_rare_np200_nq200,PCAL,PCAL_extreme_rare_np200_nq200,Extreme rare size-adjustment null,extreme_rare,extreme_rare_np200_nq200,200,200,1.0,0.02,0.02,0.01,0.05,1,1,0.001137043996675511,0.0012179369941002192,0.001000000000000112,0.0009999999999491527,5.0959236830294685e-14,0.0,0.0015370439966755109,0.0017179369941002192,0.3074087993351022,0.34358739882004385,0.3074087993351022,"[[0.9615370439966754, 0.01846295600332449], [0.01846295600332449, 0.0015370439966755109]]","[[0.9417179369941002, 0.04828206300589978], [0.00828206300589978, 0.0017179369941002192]]","[[192.30740879933506, 3.6925912006648978], [3.6925912006648978, 0.3074087993351022]]","[[188.34358739882003, 9.656412601179957], [1.656412601179956, 0.34358739882004385]]",0.002917547762267722,0.0028035916997350054
PCAL_PCAL_extreme_rare_np500_nq500_extreme_rare_np500_nq500,PCAL,PCAL_extreme_rare_np500_nq500,Extreme rare size-adjustment null,extreme_rare,extreme_rare_np500_nq500,500,500,1.0,0.02,0.02,0.01,0.05,1,1,0.001137043996675511,0.0012179369941002192,0.001000000000000112,0.0009999999999491527,5.0959236830294685e-14,0.0,0.0015370439966755109,0.0017179369941002192,0.7685219983377555,0.8589684970501096,0.7685219983377555,"[[0.9615370439966754, 0.01846295600332449], [0.01846295600332449, 0.0015370439966755109]]","[[0.9417179369941002, 0.04828206300589978], [0.00828206300589978, 0.0017179369941002192]]","[[480.7685219983377, 9.231478001662245], [9.231478001662245, 0.7685219983377555]]","[[470.8589684970501, 24.14103150294989], [4.14103150294989, 0.8589684970501096]]",0.002917547762267722,0.0028035916997350054
PCAL_PCAL_extreme_rare_np1000_nq1000_extreme_rare_np1000_nq1000,PCAL,PCAL_extreme_rare_np1000_nq1000,Extreme rare size-adjustment null,extreme_rare,extreme_rare_np1000_nq1000,1000,1000,1.0,0.02,0.02,0.01,0.05,1,1,0.001137043996675511,0.0012179369941002192,0.001000000000000112,0.0009999999999491527,5.0959236830294685e-14,0.0,0.0015370439966755109,0.0017179369941002192,1.537043996675511,1.7179369941002192,1.537043996675511,"[[0.9615370439966754, 0.01846295600332449], [0.01846295600332449, 0.0015370439966755109]]","[[0.9417179369941002, 0.04828206300589978], [0.00828206300589978, 0.0017179369941002192]]","[[961.5370439966754, 18.46295600332449], [18.46295600332449, 1.537043996675511]]","[[941.7179369941002, 48.28206300589978], [8.28206300589978, 1.7179369941002192]]",0.002917547762267722,0.0028035916997350054
PCAL_PCAL_extreme_rare_np20_nq40_extreme_rare_np20_nq40,PCAL,PCAL_extreme_rare_np20_nq40,Extreme rare size-adjustment null,extreme_rare,extreme_rare_np20_nq40,20,40,2.0,0.02,0.02,0.01,0.05,1,1,0.001137043996675511,0.0012179369941002192,0.001000000000000112,0.0009999999999491527,5.0959236830294685e-14,0.0,0.0015370439966755109,0.0017179369941002192,0.03074087993351022,0.06871747976400877,0.03074087993351022,"[[0.9615370439966754, 0.01846295600332449], [0.01846295600332449, 0.0015370439966755109]]","[[0.9417179369941002, 0.04828206300589978], [0.00828206300589978, 0.0017179369941002192]]","[[19.230740879933506, 0.36925912006648975], [0.36925912006648975, 0.03074087993351022]]","[[37.66871747976401, 1.9312825202359911], [0.3312825202359912, 0.06871747976400877]]",0.002917547762267722,0.0028035916997350054
PCAL_PCAL_extreme_rare_np20_nq100_extreme_rare_np20_nq100,PCAL,PCAL_extreme_rare_np20_nq100,Extreme rare size-adjustment null,extreme_rare,extreme_rare_np20_nq100,20,100,5.0,0.02,0.02,0.01,0.05,1,1,0.001137043996675511,0.0012179369941002192,0.001000000000000112,0.0009999999999491527,5.0959236830294685e-14,0.0,0.0015370439966755109,0.0017179369941002192,0.03074087993351022,0.17179369941002193,0.03074087993351022,"[[0.9615370439966754, 0.01846295600332449], [0.01846295600332449, 0.0015370439966755109]]","[[0.9417179369941002, 0.04828206300589978], [0.00828206300589978, 0.0017179369941002192]]","[[19.230740879933506, 0.36925912006648975], [0.36925912006648975, 0.03074087993351022]]","[[94.17179369941002, 4.8282063005899785], [0.828206300589978, 0.17179369941002193]]",0.002917547762267722,0.0028035916997350054
PCAL_PCAL_extreme_rare_np20_nq200_extreme_rare_np20_nq200,PCAL,PCAL_extreme_rare_np20_nq200,Extreme rare size-adjustment null,extreme_rare,extreme_rare_np20_nq200,20,200,10.0,0.02,0.02,0.01,0.05,1,1,0.001137043996675511,0.0012179369941002192,0.001000000000000112,0.0009999999999491527,5.0959236830294685e-14,0.0,0.0015370439966755109,0.0017179369941002192,0.03074087993351022,0.34358739882004385,0.03074087993351022,"[[0.9615370439966754, 0.01846295600332449], [0.01846295600332449, 0.0015370439966755109]]","[[0.9417179369941002, 0.04828206300589978], [0.00828206300589978, 0.0017179369941002192]]","[[19.230740879933506, 0.36925912006648975], [0.36925912006648975, 0.03074087993351022]]","[[188.34358739882003, 9.656412601179957], [1.656412601179956, 0.34358739882004385]]",0.002917547762267722,0.0028035916997350054
PCAL_PCAL_extreme_rare_np50_nq100_extreme_rare_np50_nq100,PCAL,PCAL_extreme_rare_np50_nq100,Extreme rare size-adjustment null,extreme_rare,extreme_rare_np50_nq100,50,100,2.0,0.02,0.02,0.01,0.05,1,1,0.001137043996675511,0.0012179369941002192,0.001000000000000112,0.0009999999999491527,5.0959236830294685e-14,0.0,0.0015370439966755109,0.0017179369941002192,0.07685219983377554,0.17179369941002193,0.07685219983377554,"[[0.9615370439966754, 0.01846295600332449], [0.01846295600332449, 0.0015370439966755109]]","[[0.9417179369941002, 0.04828206300589978], [0.00828206300589978, 0.0017179369941002192]]","[[48.076852199833766, 0.9231478001662244], [0.9231478001662244, 0.07685219983377554]]","[[94.17179369941002, 4.8282063005899785], [0.828206300589978, 0.17179369941002193]]",0.002917547762267722,0.0028035916997350054
PCAL_PCAL_extreme_rare_np50_nq250_extreme_rare_np50_nq250,PCAL,PCAL_extreme_rare_np50_nq250,Extreme rare size-adjustment null,extreme_rare,extreme_rare_np50_nq250,50,250,5.0,0.02,0.02,0.01,0.05,1,1,0.001137043996675511,0.0012179369941002192,0.001000000000000112,0.0009999999999491527,5.0959236830294685e-14,0.0,0.0015370439966755109,0.0017179369941002192,0.07685219983377554,0.4294842485250548,0.07685219983377554,"[[0.9615370439966754, 0.01846295600332449], [0.01846295600332449, 0.0015370439966755109]]","[[0.9417179369941002, 0.04828206300589978], [0.00828206300589978, 0.0017179369941002192]]","[[48.076852199833766, 0.9231478001662244], [0.9231478001662244, 0.07685219983377554]]","[[235.42948424852506, 12.070515751474945], [2.070515751474945, 0.4294842485250548]]",0.002917547762267722,0.0028035916997350054
PCAL_PCAL_extreme_rare_np50_nq500_extreme_rare_np50_nq500,PCAL,PCAL_extreme_rare_np50_nq500,Extreme rare size-adjustment null,extreme_rare,extreme_rare_np50_nq500,50,500,10.0,0.02,0.02,0.01,0.05,1,1,0.001137043996675511,0.0012179369941002192,0.001000000000000112,0.0009999999999491527,5.0959236830294685e-14,0.0,0.0015370439966755109,0.0017179369941002192,0.07685219983377554,0.8589684970501096,0.07685219983377554,"[[0.9615370439966754, 0.01846295600332449], [0.01846295600332449, 0.0015370439966755109]]","[[0.9417179369941002, 0.04828206300589978], [0.00828206300589978, 0.0017179369941002192]]","[[48.076852199833766, 0.9231478001662244], [0.9231478001662244, 0.07685219983377554]]","[[470.8589684970501, 24.14103150294989], [4.14103150294989, 0.8589684970501096]]",0.002917547762267722,0.0028035916997350054
PCAL_PCAL_extreme_rare_np100_nq200_extreme_rare_np100_nq200,PCAL,PCAL_extreme_rare_np100_nq200,Extreme rare size-adjustment null,extreme_rare,extreme_rare_np100_nq200,100,200,2.0,0.02,0.02,0.01,0.05,1,1,0.001137043996675511,0.0012179369941002192,0.001000000000000112,0.0009999999999491527,5.0959236830294685e-14,0.0,0.0015370439966755109,0.0017179369941002192,0.1537043996675511,0.34358739882004385,0.1537043996675511,"[[0.9615370439966754, 0.01846295600332449], [0.01846295600332449, 0.0015370439966755109]]","[[0.9417179369941002, 0.04828206300589978], [0.00828206300589978, 0.0017179369941002192]]","[[96.15370439966753, 1.8462956003324489], [1.8462956003324489, 0.1537043996675511]]","[[188.34358739882003, 9.656412601179957], [1.656412601179956, 0.34358739882004385]]",0.002917547762267722,0.0028035916997350054
PCAL_PCAL_extreme_rare_np100_nq500_extreme_rare_np100_nq500,PCAL,PCAL_extreme_rare_np100_nq500,Extreme rare size-adjustment null,extreme_rare,extreme_rare_np100_nq500,100,500,5.0,0.02,0.02,0.01,0.05,1,1,0.001137043996675511,0.0012179369941002192,0.001000000000000112,0.0009999999999491527,5.0959236830294685e-14,0.0,0.0015370439966755109,0.0017179369941002192,0.1537043996675511,0.8589684970501096,0.1537043996675511,"[[0.9615370439966754, 0.01846295600332449], [0.01846295600332449, 0.0015370439966755109]]","[[0.9417179369941002, 0.04828206300589978], [0.00828206300589978, 0.0017179369941002192]]","[[96.15370439966753, 1.8462956003324489], [1.8462956003324489, 0.1537043996675511]]","[[470.8589684970501, 24.14103150294989], [4.14103150294989, 0.8589684970501096]]",0.002917547762267722,0.0028035916997350054
PCAL_PCAL_extreme_rare_np100_nq1000_extreme_rare_np100_nq1000,PCAL,PCAL_extreme_rare_np100_nq1000,Extreme rare size-adjustment null,extreme_rare,extreme_rare_np100_nq1000,100,1000,10.0,0.02,0.02,0.01,0.05,1,1,0.001137043996675511,0.0012179369941002192,0.001000000000000112,0.0009999999999491527,5.0959236830294685e-14,0.0,0.0015370439966755109,0.0017179369941002192,0.1537043996675511,1.7179369941002192,0.1537043996675511,"[[0.9615370439966754, 0.01846295600332449], [0.01846295600332449, 0.0015370439966755109]]","[[0.9417179369941002, 0.04828206300589978], [0.00828206300589978, 0.0017179369941002192]]","[[96.15370439966753, 1.8462956003324489], [1.8462956003324489, 0.1537043996675511]]","[[941.7179369941002, 48.28206300589978], [8.28206300589978, 1.7179369941002192]]",0.002917547762267722,0.0028035916997350054
