configuration_id,population_id,experiment,shape,rows,columns,skewness,relationship,interaction_pair,n_p,n_q,sample_size_ratio_q_to_p,allocation_ratio,relative_effect,baseline_fraction,shared_reachable_mi,target_mi_p,target_mi_q,achieved_mi_p,achieved_mi_q,absolute_mi_difference,structural_breakdown,replicates,simulation_seed
heterogeneous_margins_2x2_balanced_vs_mild_b0.2_e0_np50_nq50,heterogeneous_margins_2x2_balanced_vs_mild_b0.2_e0,heterogeneous_margins,2x2,2,2,balanced_vs_mild,equal_mi_different_shape,primary,50,50,1.0,1,0.0,0.2,0.1328286287645824,0.02656572575291648,0.02656572575291648,0.026565725753040975,0.026565725752864387,1.7658791096053505e-13,False,10000,16335068596958946951
heterogeneous_margins_2x2_balanced_vs_mild_b0.2_e0_np250_nq250,heterogeneous_margins_2x2_balanced_vs_mild_b0.2_e0,heterogeneous_margins,2x2,2,2,balanced_vs_mild,equal_mi_different_shape,primary,250,250,1.0,1,0.0,0.2,0.1328286287645824,0.02656572575291648,0.02656572575291648,0.026565725753040975,0.026565725752864387,1.7658791096053505e-13,False,10000,9863651815688192352
heterogeneous_margins_2x2_balanced_vs_mild_b0.2_e0_np1000_nq1000,heterogeneous_margins_2x2_balanced_vs_mild_b0.2_e0,heterogeneous_margins,2x2,2,2,balanced_vs_mild,equal_mi_different_shape,primary,1000,1000,1.0,1,0.0,0.2,0.1328286287645824,0.02656572575291648,0.02656572575291648,0.026565725753040975,0.026565725752864387,1.7658791096053505e-13,False,10000,18210342808027603866
heterogeneous_margins_2x2_balanced_vs_mild_b0.2_e0.1_np50_nq50,heterogeneous_margins_2x2_balanced_vs_mild_b0.2_e0.1,heterogeneous_margins,2x2,2,2,balanced_vs_mild,equal_mi_different_shape,primary,50,50,1.0,1,0.1,0.2,0.1328286287645824,0.02656572575291648,0.03984858862937472,0.026565725753040975,0.03984858862937466,0.013282862876333686,False,10000,2590220630402011700
heterogeneous_margins_2x2_balanced_vs_mild_b0.2_e0.1_np250_nq250,heterogeneous_margins_2x2_balanced_vs_mild_b0.2_e0.1,heterogeneous_margins,2x2,2,2,balanced_vs_mild,equal_mi_different_shape,primary,250,250,1.0,1,0.1,0.2,0.1328286287645824,0.02656572575291648,0.03984858862937472,0.026565725753040975,0.03984858862937466,0.013282862876333686,False,10000,15215419473731274312
heterogeneous_margins_2x2_balanced_vs_mild_b0.2_e0.1_np1000_nq1000,heterogeneous_margins_2x2_balanced_vs_mild_b0.2_e0.1,heterogeneous_margins,2x2,2,2,balanced_vs_mild,equal_mi_different_shape,primary,1000,1000,1.0,1,0.1,0.2,0.1328286287645824,0.02656572575291648,0.03984858862937472,0.026565725753040975,0.03984858862937466,0.013282862876333686,False,10000,10877519731663066578
heterogeneous_margins_2x2_balanced_vs_mild_b0.2_e0.4_np50_nq50,heterogeneous_margins_2x2_balanced_vs_mild_b0.2_e0.4,heterogeneous_margins,2x2,2,2,balanced_vs_mild,equal_mi_different_shape,primary,50,50,1.0,1,0.4,0.2,0.1328286287645824,0.02656572575291648,0.07969717725874945,0.026565725753040975,0.07969717725874978,0.053131451505708804,False,10000,13651799067344712372
heterogeneous_margins_2x2_balanced_vs_mild_b0.2_e0.4_np250_nq250,heterogeneous_margins_2x2_balanced_vs_mild_b0.2_e0.4,heterogeneous_margins,2x2,2,2,balanced_vs_mild,equal_mi_different_shape,primary,250,250,1.0,1,0.4,0.2,0.1328286287645824,0.02656572575291648,0.07969717725874945,0.026565725753040975,0.07969717725874978,0.053131451505708804,False,10000,16622410556191282594
heterogeneous_margins_2x2_balanced_vs_mild_b0.2_e0.4_np1000_nq1000,heterogeneous_margins_2x2_balanced_vs_mild_b0.2_e0.4,heterogeneous_margins,2x2,2,2,balanced_vs_mild,equal_mi_different_shape,primary,1000,1000,1.0,1,0.4,0.2,0.1328286287645824,0.02656572575291648,0.07969717725874945,0.026565725753040975,0.07969717725874978,0.053131451505708804,False,10000,12085365480973993631
heterogeneous_margins_3x3_balanced_vs_mild_b0.2_e0_np50_nq50,heterogeneous_margins_3x3_balanced_vs_mild_b0.2_e0,heterogeneous_margins,3x3,3,3,balanced_vs_mild,equal_mi_different_shape,primary,50,50,1.0,1,0.0,0.2,0.4279099268351994,0.08558198536703988,0.08558198536703988,0.08558198536704023,0.08558198536703965,5.828670879282072e-16,False,10000,4955354697568469408
heterogeneous_margins_3x3_balanced_vs_mild_b0.2_e0_np250_nq250,heterogeneous_margins_3x3_balanced_vs_mild_b0.2_e0,heterogeneous_margins,3x3,3,3,balanced_vs_mild,equal_mi_different_shape,primary,250,250,1.0,1,0.0,0.2,0.4279099268351994,0.08558198536703988,0.08558198536703988,0.08558198536704023,0.08558198536703965,5.828670879282072e-16,False,10000,9604312328330070432
heterogeneous_margins_3x3_balanced_vs_mild_b0.2_e0_np1000_nq1000,heterogeneous_margins_3x3_balanced_vs_mild_b0.2_e0,heterogeneous_margins,3x3,3,3,balanced_vs_mild,equal_mi_different_shape,primary,1000,1000,1.0,1,0.0,0.2,0.4279099268351994,0.08558198536703988,0.08558198536703988,0.08558198536704023,0.08558198536703965,5.828670879282072e-16,False,10000,6564990547285302875
heterogeneous_margins_3x3_balanced_vs_mild_b0.2_e0.1_np50_nq50,heterogeneous_margins_3x3_balanced_vs_mild_b0.2_e0.1,heterogeneous_margins,3x3,3,3,balanced_vs_mild,equal_mi_different_shape,primary,50,50,1.0,1,0.1,0.2,0.4279099268351994,0.08558198536703988,0.12837297805055983,0.08558198536704023,0.12837297805055958,0.04279099268351935,False,10000,15850631063519574460
heterogeneous_margins_3x3_balanced_vs_mild_b0.2_e0.1_np250_nq250,heterogeneous_margins_3x3_balanced_vs_mild_b0.2_e0.1,heterogeneous_margins,3x3,3,3,balanced_vs_mild,equal_mi_different_shape,primary,250,250,1.0,1,0.1,0.2,0.4279099268351994,0.08558198536703988,0.12837297805055983,0.08558198536704023,0.12837297805055958,0.04279099268351935,False,10000,13613531434420798664
heterogeneous_margins_3x3_balanced_vs_mild_b0.2_e0.1_np1000_nq1000,heterogeneous_margins_3x3_balanced_vs_mild_b0.2_e0.1,heterogeneous_margins,3x3,3,3,balanced_vs_mild,equal_mi_different_shape,primary,1000,1000,1.0,1,0.1,0.2,0.4279099268351994,0.08558198536703988,0.12837297805055983,0.08558198536704023,0.12837297805055958,0.04279099268351935,False,10000,8384018118749078986
heterogeneous_margins_3x3_balanced_vs_mild_b0.2_e0.4_np50_nq50,heterogeneous_margins_3x3_balanced_vs_mild_b0.2_e0.4,heterogeneous_margins,3x3,3,3,balanced_vs_mild,equal_mi_different_shape,primary,50,50,1.0,1,0.4,0.2,0.4279099268351994,0.08558198536703988,0.25674595610111967,0.08558198536704023,0.2567459561011263,0.1711639707340861,False,10000,3537735278178973370
heterogeneous_margins_3x3_balanced_vs_mild_b0.2_e0.4_np250_nq250,heterogeneous_margins_3x3_balanced_vs_mild_b0.2_e0.4,heterogeneous_margins,3x3,3,3,balanced_vs_mild,equal_mi_different_shape,primary,250,250,1.0,1,0.4,0.2,0.4279099268351994,0.08558198536703988,0.25674595610111967,0.08558198536704023,0.2567459561011263,0.1711639707340861,False,10000,2989605934776897506
heterogeneous_margins_3x3_balanced_vs_mild_b0.2_e0.4_np1000_nq1000,heterogeneous_margins_3x3_balanced_vs_mild_b0.2_e0.4,heterogeneous_margins,3x3,3,3,balanced_vs_mild,equal_mi_different_shape,primary,1000,1000,1.0,1,0.4,0.2,0.4279099268351994,0.08558198536703988,0.25674595610111967,0.08558198536704023,0.2567459561011263,0.1711639707340861,False,10000,10987086333974928140
heterogeneous_margins_5x5_balanced_vs_mild_b0.2_e0_np50_nq50,heterogeneous_margins_5x5_balanced_vs_mild_b0.2_e0,heterogeneous_margins,5x5,5,5,balanced_vs_mild,equal_mi_different_shape,primary,50,50,1.0,1,0.0,0.2,0.748216447409892,0.14964328948197841,0.14964328948197841,0.14964328948197864,0.1496432894819786,2.7755575615628914e-17,False,10000,5249502079671727708
heterogeneous_margins_5x5_balanced_vs_mild_b0.2_e0_np250_nq250,heterogeneous_margins_5x5_balanced_vs_mild_b0.2_e0,heterogeneous_margins,5x5,5,5,balanced_vs_mild,equal_mi_different_shape,primary,250,250,1.0,1,0.0,0.2,0.748216447409892,0.14964328948197841,0.14964328948197841,0.14964328948197864,0.1496432894819786,2.7755575615628914e-17,False,10000,7415483585069276835
heterogeneous_margins_5x5_balanced_vs_mild_b0.2_e0_np1000_nq1000,heterogeneous_margins_5x5_balanced_vs_mild_b0.2_e0,heterogeneous_margins,5x5,5,5,balanced_vs_mild,equal_mi_different_shape,primary,1000,1000,1.0,1,0.0,0.2,0.748216447409892,0.14964328948197841,0.14964328948197841,0.14964328948197864,0.1496432894819786,2.7755575615628914e-17,False,10000,6393446176122645157
heterogeneous_margins_5x5_balanced_vs_mild_b0.2_e0.1_np50_nq50,heterogeneous_margins_5x5_balanced_vs_mild_b0.2_e0.1,heterogeneous_margins,5x5,5,5,balanced_vs_mild,equal_mi_different_shape,primary,50,50,1.0,1,0.1,0.2,0.748216447409892,0.14964328948197841,0.22446493422296765,0.14964328948197864,0.2244649342229677,0.07482164474098907,False,10000,8433838910598111497
heterogeneous_margins_5x5_balanced_vs_mild_b0.2_e0.1_np250_nq250,heterogeneous_margins_5x5_balanced_vs_mild_b0.2_e0.1,heterogeneous_margins,5x5,5,5,balanced_vs_mild,equal_mi_different_shape,primary,250,250,1.0,1,0.1,0.2,0.748216447409892,0.14964328948197841,0.22446493422296765,0.14964328948197864,0.2244649342229677,0.07482164474098907,False,10000,6958100047601527045
heterogeneous_margins_5x5_balanced_vs_mild_b0.2_e0.1_np1000_nq1000,heterogeneous_margins_5x5_balanced_vs_mild_b0.2_e0.1,heterogeneous_margins,5x5,5,5,balanced_vs_mild,equal_mi_different_shape,primary,1000,1000,1.0,1,0.1,0.2,0.748216447409892,0.14964328948197841,0.22446493422296765,0.14964328948197864,0.2244649342229677,0.07482164474098907,False,10000,13776562105604980680
heterogeneous_margins_5x5_balanced_vs_mild_b0.2_e0.4_np50_nq50,heterogeneous_margins_5x5_balanced_vs_mild_b0.2_e0.4,heterogeneous_margins,5x5,5,5,balanced_vs_mild,equal_mi_different_shape,primary,50,50,1.0,1,0.4,0.2,0.748216447409892,0.14964328948197841,0.4489298684459353,0.14964328948197864,0.44892986844593585,0.2992865789639572,False,10000,7099583366085318026
heterogeneous_margins_5x5_balanced_vs_mild_b0.2_e0.4_np250_nq250,heterogeneous_margins_5x5_balanced_vs_mild_b0.2_e0.4,heterogeneous_margins,5x5,5,5,balanced_vs_mild,equal_mi_different_shape,primary,250,250,1.0,1,0.4,0.2,0.748216447409892,0.14964328948197841,0.4489298684459353,0.14964328948197864,0.44892986844593585,0.2992865789639572,False,10000,12195843639199107068
heterogeneous_margins_5x5_balanced_vs_mild_b0.2_e0.4_np1000_nq1000,heterogeneous_margins_5x5_balanced_vs_mild_b0.2_e0.4,heterogeneous_margins,5x5,5,5,balanced_vs_mild,equal_mi_different_shape,primary,1000,1000,1.0,1,0.4,0.2,0.748216447409892,0.14964328948197841,0.4489298684459353,0.14964328948197864,0.44892986844593585,0.2992865789639572,False,10000,4211932490480421121
heterogeneous_margins_8x8_balanced_vs_mild_b0.2_e0_np50_nq50,heterogeneous_margins_8x8_balanced_vs_mild_b0.2_e0,heterogeneous_margins,8x8,8,8,balanced_vs_mild,equal_mi_different_shape,primary,50,50,1.0,1,0.0,0.2,0.90880328793446,0.181760657586892,0.181760657586892,0.18176065758689153,0.18176065758689233,8.049116928532385e-16,False,10000,13249584172682681242
heterogeneous_margins_8x8_balanced_vs_mild_b0.2_e0_np250_nq250,heterogeneous_margins_8x8_balanced_vs_mild_b0.2_e0,heterogeneous_margins,8x8,8,8,balanced_vs_mild,equal_mi_different_shape,primary,250,250,1.0,1,0.0,0.2,0.90880328793446,0.181760657586892,0.181760657586892,0.18176065758689153,0.18176065758689233,8.049116928532385e-16,False,10000,2961631310139769866
heterogeneous_margins_8x8_balanced_vs_mild_b0.2_e0_np1000_nq1000,heterogeneous_margins_8x8_balanced_vs_mild_b0.2_e0,heterogeneous_margins,8x8,8,8,balanced_vs_mild,equal_mi_different_shape,primary,1000,1000,1.0,1,0.0,0.2,0.90880328793446,0.181760657586892,0.181760657586892,0.18176065758689153,0.18176065758689233,8.049116928532385e-16,False,10000,17142694682976920107
heterogeneous_margins_8x8_balanced_vs_mild_b0.2_e0.1_np50_nq50,heterogeneous_margins_8x8_balanced_vs_mild_b0.2_e0.1,heterogeneous_margins,8x8,8,8,balanced_vs_mild,equal_mi_different_shape,primary,50,50,1.0,1,0.1,0.2,0.90880328793446,0.181760657586892,0.272640986380338,0.18176065758689153,0.2726409863803383,0.09088032879344676,False,10000,7416506683555883663
heterogeneous_margins_8x8_balanced_vs_mild_b0.2_e0.1_np250_nq250,heterogeneous_margins_8x8_balanced_vs_mild_b0.2_e0.1,heterogeneous_margins,8x8,8,8,balanced_vs_mild,equal_mi_different_shape,primary,250,250,1.0,1,0.1,0.2,0.90880328793446,0.181760657586892,0.272640986380338,0.18176065758689153,0.2726409863803383,0.09088032879344676,False,10000,14356430832799131254
heterogeneous_margins_8x8_balanced_vs_mild_b0.2_e0.1_np1000_nq1000,heterogeneous_margins_8x8_balanced_vs_mild_b0.2_e0.1,heterogeneous_margins,8x8,8,8,balanced_vs_mild,equal_mi_different_shape,primary,1000,1000,1.0,1,0.1,0.2,0.90880328793446,0.181760657586892,0.272640986380338,0.18176065758689153,0.2726409863803383,0.09088032879344676,False,10000,473301275489612279
heterogeneous_margins_8x8_balanced_vs_mild_b0.2_e0.4_np50_nq50,heterogeneous_margins_8x8_balanced_vs_mild_b0.2_e0.4,heterogeneous_margins,8x8,8,8,balanced_vs_mild,equal_mi_different_shape,primary,50,50,1.0,1,0.4,0.2,0.90880328793446,0.181760657586892,0.545281972760676,0.18176065758689153,0.5452819727606985,0.3635213151738069,False,10000,2590477153790681895
heterogeneous_margins_8x8_balanced_vs_mild_b0.2_e0.4_np250_nq250,heterogeneous_margins_8x8_balanced_vs_mild_b0.2_e0.4,heterogeneous_margins,8x8,8,8,balanced_vs_mild,equal_mi_different_shape,primary,250,250,1.0,1,0.4,0.2,0.90880328793446,0.181760657586892,0.545281972760676,0.18176065758689153,0.5452819727606985,0.3635213151738069,False,10000,9750642672647586106
heterogeneous_margins_8x8_balanced_vs_mild_b0.2_e0.4_np1000_nq1000,heterogeneous_margins_8x8_balanced_vs_mild_b0.2_e0.4,heterogeneous_margins,8x8,8,8,balanced_vs_mild,equal_mi_different_shape,primary,1000,1000,1.0,1,0.4,0.2,0.90880328793446,0.181760657586892,0.545281972760676,0.18176065758689153,0.5452819727606985,0.3635213151738069,False,10000,6936913293267295130
baseline_sensitivity_3x3_balanced_b0.02_e0_np50_nq50,baseline_sensitivity_3x3_balanced_b0.02_e0,baseline_sensitivity,3x3,3,3,balanced,equal_mi_different_shape,primary,50,50,1.0,1,0.0,0.02,1.0945886493400376,0.021891772986800753,0.021891772986800753,0.02189177298680018,0.021891772986799816,3.642919299551295e-16,False,10000,17420546238118213680
baseline_sensitivity_3x3_balanced_b0.02_e0_np250_nq250,baseline_sensitivity_3x3_balanced_b0.02_e0,baseline_sensitivity,3x3,3,3,balanced,equal_mi_different_shape,primary,250,250,1.0,1,0.0,0.02,1.0945886493400376,0.021891772986800753,0.021891772986800753,0.02189177298680018,0.021891772986799816,3.642919299551295e-16,False,10000,9138513399286882668
baseline_sensitivity_3x3_balanced_b0.02_e0_np1000_nq1000,baseline_sensitivity_3x3_balanced_b0.02_e0,baseline_sensitivity,3x3,3,3,balanced,equal_mi_different_shape,primary,1000,1000,1.0,1,0.0,0.02,1.0945886493400376,0.021891772986800753,0.021891772986800753,0.02189177298680018,0.021891772986799816,3.642919299551295e-16,False,10000,14756357310756871656
baseline_sensitivity_3x3_balanced_b0.02_e0.1_np50_nq50,baseline_sensitivity_3x3_balanced_b0.02_e0.1,baseline_sensitivity,3x3,3,3,balanced,equal_mi_different_shape,primary,50,50,1.0,1,0.1,0.02,1.0945886493400376,0.021891772986800753,0.13135063792080454,0.02189177298680018,0.131350637920672,0.10945886493387183,False,10000,15363052931794438895
baseline_sensitivity_3x3_balanced_b0.02_e0.1_np250_nq250,baseline_sensitivity_3x3_balanced_b0.02_e0.1,baseline_sensitivity,3x3,3,3,balanced,equal_mi_different_shape,primary,250,250,1.0,1,0.1,0.02,1.0945886493400376,0.021891772986800753,0.13135063792080454,0.02189177298680018,0.131350637920672,0.10945886493387183,False,10000,16316214059634339582
baseline_sensitivity_3x3_balanced_b0.02_e0.1_np1000_nq1000,baseline_sensitivity_3x3_balanced_b0.02_e0.1,baseline_sensitivity,3x3,3,3,balanced,equal_mi_different_shape,primary,1000,1000,1.0,1,0.1,0.02,1.0945886493400376,0.021891772986800753,0.13135063792080454,0.02189177298680018,0.131350637920672,0.10945886493387183,False,10000,6459765158831733630
baseline_sensitivity_3x3_balanced_b0.02_e0.2_np50_nq50,baseline_sensitivity_3x3_balanced_b0.02_e0.2,baseline_sensitivity,3x3,3,3,balanced,equal_mi_different_shape,primary,50,50,1.0,1,0.2,0.02,1.0945886493400376,0.021891772986800753,0.2408095028548083,0.02189177298680018,0.24080950285480845,0.21891772986800828,False,10000,7263696142562744237
baseline_sensitivity_3x3_balanced_b0.02_e0.2_np250_nq250,baseline_sensitivity_3x3_balanced_b0.02_e0.2,baseline_sensitivity,3x3,3,3,balanced,equal_mi_different_shape,primary,250,250,1.0,1,0.2,0.02,1.0945886493400376,0.021891772986800753,0.2408095028548083,0.02189177298680018,0.24080950285480845,0.21891772986800828,False,10000,9910241078688345278
baseline_sensitivity_3x3_balanced_b0.02_e0.2_np1000_nq1000,baseline_sensitivity_3x3_balanced_b0.02_e0.2,baseline_sensitivity,3x3,3,3,balanced,equal_mi_different_shape,primary,1000,1000,1.0,1,0.2,0.02,1.0945886493400376,0.021891772986800753,0.2408095028548083,0.02189177298680018,0.24080950285480845,0.21891772986800828,False,10000,4497320930471769150
baseline_sensitivity_3x3_balanced_b0.2_e0_np50_nq50,baseline_sensitivity_3x3_balanced_b0.2_e0,baseline_sensitivity,3x3,3,3,balanced,equal_mi_different_shape,primary,50,50,1.0,1,0.0,0.2,1.0945886493400376,0.21891772986800753,0.21891772986800753,0.2189177298680084,0.21891772986800803,3.608224830031759e-16,False,10000,7560003492795323077
baseline_sensitivity_3x3_balanced_b0.2_e0_np250_nq250,baseline_sensitivity_3x3_balanced_b0.2_e0,baseline_sensitivity,3x3,3,3,balanced,equal_mi_different_shape,primary,250,250,1.0,1,0.0,0.2,1.0945886493400376,0.21891772986800753,0.21891772986800753,0.2189177298680084,0.21891772986800803,3.608224830031759e-16,False,10000,6660743000932762744
baseline_sensitivity_3x3_balanced_b0.2_e0_np1000_nq1000,baseline_sensitivity_3x3_balanced_b0.2_e0,baseline_sensitivity,3x3,3,3,balanced,equal_mi_different_shape,primary,1000,1000,1.0,1,0.0,0.2,1.0945886493400376,0.21891772986800753,0.21891772986800753,0.2189177298680084,0.21891772986800803,3.608224830031759e-16,False,10000,15707614473334179158
baseline_sensitivity_3x3_balanced_b0.2_e0.1_np50_nq50,baseline_sensitivity_3x3_balanced_b0.2_e0.1,baseline_sensitivity,3x3,3,3,balanced,equal_mi_different_shape,primary,50,50,1.0,1,0.1,0.2,1.0945886493400376,0.21891772986800753,0.3283765948020113,0.2189177298680084,0.32837659480193604,0.10945886493392765,False,10000,13073025787785017357
baseline_sensitivity_3x3_balanced_b0.2_e0.1_np250_nq250,baseline_sensitivity_3x3_balanced_b0.2_e0.1,baseline_sensitivity,3x3,3,3,balanced,equal_mi_different_shape,primary,250,250,1.0,1,0.1,0.2,1.0945886493400376,0.21891772986800753,0.3283765948020113,0.2189177298680084,0.32837659480193604,0.10945886493392765,False,10000,17866853101482572636
baseline_sensitivity_3x3_balanced_b0.2_e0.1_np1000_nq1000,baseline_sensitivity_3x3_balanced_b0.2_e0.1,baseline_sensitivity,3x3,3,3,balanced,equal_mi_different_shape,primary,1000,1000,1.0,1,0.1,0.2,1.0945886493400376,0.21891772986800753,0.3283765948020113,0.2189177298680084,0.32837659480193604,0.10945886493392765,False,10000,8381219974289780350
baseline_sensitivity_3x3_balanced_b0.2_e0.2_np50_nq50,baseline_sensitivity_3x3_balanced_b0.2_e0.2,baseline_sensitivity,3x3,3,3,balanced,equal_mi_different_shape,primary,50,50,1.0,1,0.2,0.2,1.0945886493400376,0.21891772986800753,0.43783545973601506,0.2189177298680084,0.4378354597360147,0.21891772986800628,False,10000,2741290997654200388
baseline_sensitivity_3x3_balanced_b0.2_e0.2_np250_nq250,baseline_sensitivity_3x3_balanced_b0.2_e0.2,baseline_sensitivity,3x3,3,3,balanced,equal_mi_different_shape,primary,250,250,1.0,1,0.2,0.2,1.0945886493400376,0.21891772986800753,0.43783545973601506,0.2189177298680084,0.4378354597360147,0.21891772986800628,False,10000,3126236856973196573
baseline_sensitivity_3x3_balanced_b0.2_e0.2_np1000_nq1000,baseline_sensitivity_3x3_balanced_b0.2_e0.2,baseline_sensitivity,3x3,3,3,balanced,equal_mi_different_shape,primary,1000,1000,1.0,1,0.2,0.2,1.0945886493400376,0.21891772986800753,0.43783545973601506,0.2189177298680084,0.4378354597360147,0.21891772986800628,False,10000,11200450840322114830
baseline_sensitivity_3x3_balanced_b0.6_e0_np50_nq50,baseline_sensitivity_3x3_balanced_b0.6_e0,baseline_sensitivity,3x3,3,3,balanced,equal_mi_different_shape,primary,50,50,1.0,1,0.0,0.6,1.0945886493400376,0.6567531896040225,0.6567531896040225,0.6567531896040226,0.6567531896040225,1.1102230246251565e-16,False,10000,18313654954979651569
baseline_sensitivity_3x3_balanced_b0.6_e0_np250_nq250,baseline_sensitivity_3x3_balanced_b0.6_e0,baseline_sensitivity,3x3,3,3,balanced,equal_mi_different_shape,primary,250,250,1.0,1,0.0,0.6,1.0945886493400376,0.6567531896040225,0.6567531896040225,0.6567531896040226,0.6567531896040225,1.1102230246251565e-16,False,10000,17273593880679006246
baseline_sensitivity_3x3_balanced_b0.6_e0_np1000_nq1000,baseline_sensitivity_3x3_balanced_b0.6_e0,baseline_sensitivity,3x3,3,3,balanced,equal_mi_different_shape,primary,1000,1000,1.0,1,0.0,0.6,1.0945886493400376,0.6567531896040225,0.6567531896040225,0.6567531896040226,0.6567531896040225,1.1102230246251565e-16,False,10000,10495962834115176915
baseline_sensitivity_3x3_balanced_b0.6_e0.1_np50_nq50,baseline_sensitivity_3x3_balanced_b0.6_e0.1,baseline_sensitivity,3x3,3,3,balanced,equal_mi_different_shape,primary,50,50,1.0,1,0.1,0.6,1.0945886493400376,0.6567531896040225,0.7662120545380263,0.6567531896040226,0.7662120545380263,0.1094588649340037,False,10000,769423674887404136
baseline_sensitivity_3x3_balanced_b0.6_e0.1_np250_nq250,baseline_sensitivity_3x3_balanced_b0.6_e0.1,baseline_sensitivity,3x3,3,3,balanced,equal_mi_different_shape,primary,250,250,1.0,1,0.1,0.6,1.0945886493400376,0.6567531896040225,0.7662120545380263,0.6567531896040226,0.7662120545380263,0.1094588649340037,False,10000,2447927391623041451
baseline_sensitivity_3x3_balanced_b0.6_e0.1_np1000_nq1000,baseline_sensitivity_3x3_balanced_b0.6_e0.1,baseline_sensitivity,3x3,3,3,balanced,equal_mi_different_shape,primary,1000,1000,1.0,1,0.1,0.6,1.0945886493400376,0.6567531896040225,0.7662120545380263,0.6567531896040226,0.7662120545380263,0.1094588649340037,False,10000,12701512063359530229
baseline_sensitivity_3x3_balanced_b0.6_e0.2_np50_nq50,baseline_sensitivity_3x3_balanced_b0.6_e0.2,baseline_sensitivity,3x3,3,3,balanced,equal_mi_different_shape,primary,50,50,1.0,1,0.2,0.6,1.0945886493400376,0.6567531896040225,0.8756709194720301,0.6567531896040226,0.8756709194720304,0.21891772986800773,False,10000,16124304639211995986
baseline_sensitivity_3x3_balanced_b0.6_e0.2_np250_nq250,baseline_sensitivity_3x3_balanced_b0.6_e0.2,baseline_sensitivity,3x3,3,3,balanced,equal_mi_different_shape,primary,250,250,1.0,1,0.2,0.6,1.0945886493400376,0.6567531896040225,0.8756709194720301,0.6567531896040226,0.8756709194720304,0.21891772986800773,False,10000,9640534217719867043
baseline_sensitivity_3x3_balanced_b0.6_e0.2_np1000_nq1000,baseline_sensitivity_3x3_balanced_b0.6_e0.2,baseline_sensitivity,3x3,3,3,balanced,equal_mi_different_shape,primary,1000,1000,1.0,1,0.2,0.6,1.0945886493400376,0.6567531896040225,0.8756709194720301,0.6567531896040226,0.8756709194720304,0.21891772986800773,False,10000,12107295259280404305
baseline_sensitivity_3x3_strong_b0.02_e0_np50_nq50,baseline_sensitivity_3x3_strong_b0.02_e0,baseline_sensitivity,3x3,3,3,strong,equal_mi_different_shape,primary,50,50,1.0,1,0.0,0.02,0.1922085929866958,0.003844171859733916,0.003844171859733916,0.003844171859733771,0.0038441718597255073,8.263788958684515e-15,False,10000,5574534513753464522
baseline_sensitivity_3x3_strong_b0.02_e0_np250_nq250,baseline_sensitivity_3x3_strong_b0.02_e0,baseline_sensitivity,3x3,3,3,strong,equal_mi_different_shape,primary,250,250,1.0,1,0.0,0.02,0.1922085929866958,0.003844171859733916,0.003844171859733916,0.003844171859733771,0.0038441718597255073,8.263788958684515e-15,False,10000,13713666430417423059
baseline_sensitivity_3x3_strong_b0.02_e0_np1000_nq1000,baseline_sensitivity_3x3_strong_b0.02_e0,baseline_sensitivity,3x3,3,3,strong,equal_mi_different_shape,primary,1000,1000,1.0,1,0.0,0.02,0.1922085929866958,0.003844171859733916,0.003844171859733916,0.003844171859733771,0.0038441718597255073,8.263788958684515e-15,False,10000,1682534163242857770
baseline_sensitivity_3x3_strong_b0.02_e0.1_np50_nq50,baseline_sensitivity_3x3_strong_b0.02_e0.1,baseline_sensitivity,3x3,3,3,strong,equal_mi_different_shape,primary,50,50,1.0,1,0.1,0.02,0.1922085929866958,0.003844171859733916,0.0230650311584035,0.003844171859733771,0.023065031158403387,0.019220859298669617,False,10000,7648396302956780461
baseline_sensitivity_3x3_strong_b0.02_e0.1_np250_nq250,baseline_sensitivity_3x3_strong_b0.02_e0.1,baseline_sensitivity,3x3,3,3,strong,equal_mi_different_shape,primary,250,250,1.0,1,0.1,0.02,0.1922085929866958,0.003844171859733916,0.0230650311584035,0.003844171859733771,0.023065031158403387,0.019220859298669617,False,10000,16916933534407243228
baseline_sensitivity_3x3_strong_b0.02_e0.1_np1000_nq1000,baseline_sensitivity_3x3_strong_b0.02_e0.1,baseline_sensitivity,3x3,3,3,strong,equal_mi_different_shape,primary,1000,1000,1.0,1,0.1,0.02,0.1922085929866958,0.003844171859733916,0.0230650311584035,0.003844171859733771,0.023065031158403387,0.019220859298669617,False,10000,18198537078272932892
baseline_sensitivity_3x3_strong_b0.02_e0.2_np50_nq50,baseline_sensitivity_3x3_strong_b0.02_e0.2,baseline_sensitivity,3x3,3,3,strong,equal_mi_different_shape,primary,50,50,1.0,1,0.2,0.02,0.1922085929866958,0.003844171859733916,0.04228589045707307,0.003844171859733771,0.04228589045707325,0.038441718597339476,False,10000,6576913675326501515
baseline_sensitivity_3x3_strong_b0.02_e0.2_np250_nq250,baseline_sensitivity_3x3_strong_b0.02_e0.2,baseline_sensitivity,3x3,3,3,strong,equal_mi_different_shape,primary,250,250,1.0,1,0.2,0.02,0.1922085929866958,0.003844171859733916,0.04228589045707307,0.003844171859733771,0.04228589045707325,0.038441718597339476,False,10000,16688358425005642535
baseline_sensitivity_3x3_strong_b0.02_e0.2_np1000_nq1000,baseline_sensitivity_3x3_strong_b0.02_e0.2,baseline_sensitivity,3x3,3,3,strong,equal_mi_different_shape,primary,1000,1000,1.0,1,0.2,0.02,0.1922085929866958,0.003844171859733916,0.04228589045707307,0.003844171859733771,0.04228589045707325,0.038441718597339476,False,10000,16413602450371953738
baseline_sensitivity_3x3_strong_b0.2_e0_np50_nq50,baseline_sensitivity_3x3_strong_b0.2_e0,baseline_sensitivity,3x3,3,3,strong,equal_mi_different_shape,primary,50,50,1.0,1,0.0,0.2,0.1922085929866958,0.038441718597339164,0.038441718597339164,0.03844171859733893,0.038441718597339046,1.1796119636642288e-16,False,10000,8202256876265594977
baseline_sensitivity_3x3_strong_b0.2_e0_np250_nq250,baseline_sensitivity_3x3_strong_b0.2_e0,baseline_sensitivity,3x3,3,3,strong,equal_mi_different_shape,primary,250,250,1.0,1,0.0,0.2,0.1922085929866958,0.038441718597339164,0.038441718597339164,0.03844171859733893,0.038441718597339046,1.1796119636642288e-16,False,10000,10029611670066103534
baseline_sensitivity_3x3_strong_b0.2_e0_np1000_nq1000,baseline_sensitivity_3x3_strong_b0.2_e0,baseline_sensitivity,3x3,3,3,strong,equal_mi_different_shape,primary,1000,1000,1.0,1,0.0,0.2,0.1922085929866958,0.038441718597339164,0.038441718597339164,0.03844171859733893,0.038441718597339046,1.1796119636642288e-16,False,10000,13013808368176204818
baseline_sensitivity_3x3_strong_b0.2_e0.1_np50_nq50,baseline_sensitivity_3x3_strong_b0.2_e0.1,baseline_sensitivity,3x3,3,3,strong,equal_mi_different_shape,primary,50,50,1.0,1,0.1,0.2,0.1922085929866958,0.038441718597339164,0.057662577896008746,0.03844171859733893,0.05766257789600861,0.01922085929866968,False,10000,17139588200606260166
baseline_sensitivity_3x3_strong_b0.2_e0.1_np250_nq250,baseline_sensitivity_3x3_strong_b0.2_e0.1,baseline_sensitivity,3x3,3,3,strong,equal_mi_different_shape,primary,250,250,1.0,1,0.1,0.2,0.1922085929866958,0.038441718597339164,0.057662577896008746,0.03844171859733893,0.05766257789600861,0.01922085929866968,False,10000,3369456791282239823
baseline_sensitivity_3x3_strong_b0.2_e0.1_np1000_nq1000,baseline_sensitivity_3x3_strong_b0.2_e0.1,baseline_sensitivity,3x3,3,3,strong,equal_mi_different_shape,primary,1000,1000,1.0,1,0.1,0.2,0.1922085929866958,0.038441718597339164,0.057662577896008746,0.03844171859733893,0.05766257789600861,0.01922085929866968,False,10000,3815101762404324763
baseline_sensitivity_3x3_strong_b0.2_e0.2_np50_nq50,baseline_sensitivity_3x3_strong_b0.2_e0.2,baseline_sensitivity,3x3,3,3,strong,equal_mi_different_shape,primary,50,50,1.0,1,0.2,0.2,0.1922085929866958,0.038441718597339164,0.07688343719467833,0.03844171859733893,0.07688343719467837,0.03844171859733944,False,10000,5924491170334935291
baseline_sensitivity_3x3_strong_b0.2_e0.2_np250_nq250,baseline_sensitivity_3x3_strong_b0.2_e0.2,baseline_sensitivity,3x3,3,3,strong,equal_mi_different_shape,primary,250,250,1.0,1,0.2,0.2,0.1922085929866958,0.038441718597339164,0.07688343719467833,0.03844171859733893,0.07688343719467837,0.03844171859733944,False,10000,11795443179854355253
baseline_sensitivity_3x3_strong_b0.2_e0.2_np1000_nq1000,baseline_sensitivity_3x3_strong_b0.2_e0.2,baseline_sensitivity,3x3,3,3,strong,equal_mi_different_shape,primary,1000,1000,1.0,1,0.2,0.2,0.1922085929866958,0.038441718597339164,0.07688343719467833,0.03844171859733893,0.07688343719467837,0.03844171859733944,False,10000,15076914827747898460
baseline_sensitivity_3x3_strong_b0.6_e0_np50_nq50,baseline_sensitivity_3x3_strong_b0.6_e0,baseline_sensitivity,3x3,3,3,strong,equal_mi_different_shape,primary,50,50,1.0,1,0.0,0.6,0.1922085929866958,0.11532515579201746,0.11532515579201746,0.11532515579201755,0.11532515579195997,5.757894161462218e-14,False,10000,7785962078380538928
baseline_sensitivity_3x3_strong_b0.6_e0_np250_nq250,baseline_sensitivity_3x3_strong_b0.6_e0,baseline_sensitivity,3x3,3,3,strong,equal_mi_different_shape,primary,250,250,1.0,1,0.0,0.6,0.1922085929866958,0.11532515579201746,0.11532515579201746,0.11532515579201755,0.11532515579195997,5.757894161462218e-14,False,10000,9584156927752205050
baseline_sensitivity_3x3_strong_b0.6_e0_np1000_nq1000,baseline_sensitivity_3x3_strong_b0.6_e0,baseline_sensitivity,3x3,3,3,strong,equal_mi_different_shape,primary,1000,1000,1.0,1,0.0,0.6,0.1922085929866958,0.11532515579201746,0.11532515579201746,0.11532515579201755,0.11532515579195997,5.757894161462218e-14,False,10000,13093898522963499445
baseline_sensitivity_3x3_strong_b0.6_e0.1_np50_nq50,baseline_sensitivity_3x3_strong_b0.6_e0.1,baseline_sensitivity,3x3,3,3,strong,equal_mi_different_shape,primary,50,50,1.0,1,0.1,0.6,0.1922085929866958,0.11532515579201746,0.13454601509068703,0.11532515579201755,0.13454601509073977,0.01922085929872222,False,10000,2283030322647406378
baseline_sensitivity_3x3_strong_b0.6_e0.1_np250_nq250,baseline_sensitivity_3x3_strong_b0.6_e0.1,baseline_sensitivity,3x3,3,3,strong,equal_mi_different_shape,primary,250,250,1.0,1,0.1,0.6,0.1922085929866958,0.11532515579201746,0.13454601509068703,0.11532515579201755,0.13454601509073977,0.01922085929872222,False,10000,13977398003093874234
baseline_sensitivity_3x3_strong_b0.6_e0.1_np1000_nq1000,baseline_sensitivity_3x3_strong_b0.6_e0.1,baseline_sensitivity,3x3,3,3,strong,equal_mi_different_shape,primary,1000,1000,1.0,1,0.1,0.6,0.1922085929866958,0.11532515579201746,0.13454601509068703,0.11532515579201755,0.13454601509073977,0.01922085929872222,False,10000,10546919490439535861
baseline_sensitivity_3x3_strong_b0.6_e0.2_np50_nq50,baseline_sensitivity_3x3_strong_b0.6_e0.2,baseline_sensitivity,3x3,3,3,strong,equal_mi_different_shape,primary,50,50,1.0,1,0.2,0.6,0.1922085929866958,0.11532515579201746,0.15376687438935666,0.11532515579201755,0.15376687438935815,0.03844171859734061,False,10000,10099843125717454393
baseline_sensitivity_3x3_strong_b0.6_e0.2_np250_nq250,baseline_sensitivity_3x3_strong_b0.6_e0.2,baseline_sensitivity,3x3,3,3,strong,equal_mi_different_shape,primary,250,250,1.0,1,0.2,0.6,0.1922085929866958,0.11532515579201746,0.15376687438935666,0.11532515579201755,0.15376687438935815,0.03844171859734061,False,10000,6749080749420777206
baseline_sensitivity_3x3_strong_b0.6_e0.2_np1000_nq1000,baseline_sensitivity_3x3_strong_b0.6_e0.2,baseline_sensitivity,3x3,3,3,strong,equal_mi_different_shape,primary,1000,1000,1.0,1,0.2,0.6,0.1922085929866958,0.11532515579201746,0.15376687438935666,0.11532515579201755,0.15376687438935815,0.03844171859734061,False,10000,7522818109017247520
baseline_sensitivity_5x5_balanced_b0.02_e0_np50_nq50,baseline_sensitivity_5x5_balanced_b0.02_e0,baseline_sensitivity,5x5,5,5,balanced,equal_mi_different_shape,primary,50,50,1.0,1,0.0,0.02,1.467010942719053,0.02934021885438106,0.02934021885438106,0.029340218854382743,0.02934021885438299,2.463307335887066e-16,False,10000,9204941969192022609
baseline_sensitivity_5x5_balanced_b0.02_e0_np250_nq250,baseline_sensitivity_5x5_balanced_b0.02_e0,baseline_sensitivity,5x5,5,5,balanced,equal_mi_different_shape,primary,250,250,1.0,1,0.0,0.02,1.467010942719053,0.02934021885438106,0.02934021885438106,0.029340218854382743,0.02934021885438299,2.463307335887066e-16,False,10000,3262606132274410314
baseline_sensitivity_5x5_balanced_b0.02_e0_np1000_nq1000,baseline_sensitivity_5x5_balanced_b0.02_e0,baseline_sensitivity,5x5,5,5,balanced,equal_mi_different_shape,primary,1000,1000,1.0,1,0.0,0.02,1.467010942719053,0.02934021885438106,0.02934021885438106,0.029340218854382743,0.02934021885438299,2.463307335887066e-16,False,10000,16695394579039765130
baseline_sensitivity_5x5_balanced_b0.02_e0.1_np50_nq50,baseline_sensitivity_5x5_balanced_b0.02_e0.1,baseline_sensitivity,5x5,5,5,balanced,equal_mi_different_shape,primary,50,50,1.0,1,0.1,0.02,1.467010942719053,0.02934021885438106,0.17604131312628638,0.029340218854382743,0.17604131312628707,0.14670109427190434,False,10000,8514597979321340929
baseline_sensitivity_5x5_balanced_b0.02_e0.1_np250_nq250,baseline_sensitivity_5x5_balanced_b0.02_e0.1,baseline_sensitivity,5x5,5,5,balanced,equal_mi_different_shape,primary,250,250,1.0,1,0.1,0.02,1.467010942719053,0.02934021885438106,0.17604131312628638,0.029340218854382743,0.17604131312628707,0.14670109427190434,False,10000,14700357264581246972
baseline_sensitivity_5x5_balanced_b0.02_e0.1_np1000_nq1000,baseline_sensitivity_5x5_balanced_b0.02_e0.1,baseline_sensitivity,5x5,5,5,balanced,equal_mi_different_shape,primary,1000,1000,1.0,1,0.1,0.02,1.467010942719053,0.02934021885438106,0.17604131312628638,0.029340218854382743,0.17604131312628707,0.14670109427190434,False,10000,6931361087147052233
baseline_sensitivity_5x5_balanced_b0.02_e0.2_np50_nq50,baseline_sensitivity_5x5_balanced_b0.02_e0.2,baseline_sensitivity,5x5,5,5,balanced,equal_mi_different_shape,primary,50,50,1.0,1,0.2,0.02,1.467010942719053,0.02934021885438106,0.32274240739819166,0.029340218854382743,0.322742407398094,0.29340218854371125,False,10000,13842038733040058031
baseline_sensitivity_5x5_balanced_b0.02_e0.2_np250_nq250,baseline_sensitivity_5x5_balanced_b0.02_e0.2,baseline_sensitivity,5x5,5,5,balanced,equal_mi_different_shape,primary,250,250,1.0,1,0.2,0.02,1.467010942719053,0.02934021885438106,0.32274240739819166,0.029340218854382743,0.322742407398094,0.29340218854371125,False,10000,4963646092672346471
baseline_sensitivity_5x5_balanced_b0.02_e0.2_np1000_nq1000,baseline_sensitivity_5x5_balanced_b0.02_e0.2,baseline_sensitivity,5x5,5,5,balanced,equal_mi_different_shape,primary,1000,1000,1.0,1,0.2,0.02,1.467010942719053,0.02934021885438106,0.32274240739819166,0.029340218854382743,0.322742407398094,0.29340218854371125,False,10000,7288194269329730979
baseline_sensitivity_5x5_balanced_b0.2_e0_np50_nq50,baseline_sensitivity_5x5_balanced_b0.2_e0,baseline_sensitivity,5x5,5,5,balanced,equal_mi_different_shape,primary,50,50,1.0,1,0.0,0.2,1.467010942719053,0.2934021885438106,0.2934021885438106,0.2934021885435963,0.29340218854359634,5.551115123125783e-17,False,10000,16581961783277841127
baseline_sensitivity_5x5_balanced_b0.2_e0_np250_nq250,baseline_sensitivity_5x5_balanced_b0.2_e0,baseline_sensitivity,5x5,5,5,balanced,equal_mi_different_shape,primary,250,250,1.0,1,0.0,0.2,1.467010942719053,0.2934021885438106,0.2934021885438106,0.2934021885435963,0.29340218854359634,5.551115123125783e-17,False,10000,12343225333740813283
baseline_sensitivity_5x5_balanced_b0.2_e0_np1000_nq1000,baseline_sensitivity_5x5_balanced_b0.2_e0,baseline_sensitivity,5x5,5,5,balanced,equal_mi_different_shape,primary,1000,1000,1.0,1,0.0,0.2,1.467010942719053,0.2934021885438106,0.2934021885438106,0.2934021885435963,0.29340218854359634,5.551115123125783e-17,False,10000,8667917075424471162
baseline_sensitivity_5x5_balanced_b0.2_e0.1_np50_nq50,baseline_sensitivity_5x5_balanced_b0.2_e0.1,baseline_sensitivity,5x5,5,5,balanced,equal_mi_different_shape,primary,50,50,1.0,1,0.1,0.2,1.467010942719053,0.2934021885438106,0.440103282815716,0.2934021885435963,0.44010328281571626,0.14670109427211997,False,10000,13541140809468595402
baseline_sensitivity_5x5_balanced_b0.2_e0.1_np250_nq250,baseline_sensitivity_5x5_balanced_b0.2_e0.1,baseline_sensitivity,5x5,5,5,balanced,equal_mi_different_shape,primary,250,250,1.0,1,0.1,0.2,1.467010942719053,0.2934021885438106,0.440103282815716,0.2934021885435963,0.44010328281571626,0.14670109427211997,False,10000,7706462332926718666
baseline_sensitivity_5x5_balanced_b0.2_e0.1_np1000_nq1000,baseline_sensitivity_5x5_balanced_b0.2_e0.1,baseline_sensitivity,5x5,5,5,balanced,equal_mi_different_shape,primary,1000,1000,1.0,1,0.1,0.2,1.467010942719053,0.2934021885438106,0.440103282815716,0.2934021885435963,0.44010328281571626,0.14670109427211997,False,10000,186642051303196388
baseline_sensitivity_5x5_balanced_b0.2_e0.2_np50_nq50,baseline_sensitivity_5x5_balanced_b0.2_e0.2,baseline_sensitivity,5x5,5,5,balanced,equal_mi_different_shape,primary,50,50,1.0,1,0.2,0.2,1.467010942719053,0.2934021885438106,0.5868043770876212,0.2934021885435963,0.5868043770876212,0.29340218854402494,False,10000,2327696473790746087
baseline_sensitivity_5x5_balanced_b0.2_e0.2_np250_nq250,baseline_sensitivity_5x5_balanced_b0.2_e0.2,baseline_sensitivity,5x5,5,5,balanced,equal_mi_different_shape,primary,250,250,1.0,1,0.2,0.2,1.467010942719053,0.2934021885438106,0.5868043770876212,0.2934021885435963,0.5868043770876212,0.29340218854402494,False,10000,14489273422438299676
baseline_sensitivity_5x5_balanced_b0.2_e0.2_np1000_nq1000,baseline_sensitivity_5x5_balanced_b0.2_e0.2,baseline_sensitivity,5x5,5,5,balanced,equal_mi_different_shape,primary,1000,1000,1.0,1,0.2,0.2,1.467010942719053,0.2934021885438106,0.5868043770876212,0.2934021885435963,0.5868043770876212,0.29340218854402494,False,10000,16195697229283494426
baseline_sensitivity_5x5_balanced_b0.6_e0_np50_nq50,baseline_sensitivity_5x5_balanced_b0.6_e0,baseline_sensitivity,5x5,5,5,balanced,equal_mi_different_shape,primary,50,50,1.0,1,0.0,0.6,1.467010942719053,0.8802065656314317,0.8802065656314317,0.8802065656314828,0.8802065656314827,1.1102230246251565e-16,False,10000,2231936325511646180
baseline_sensitivity_5x5_balanced_b0.6_e0_np250_nq250,baseline_sensitivity_5x5_balanced_b0.6_e0,baseline_sensitivity,5x5,5,5,balanced,equal_mi_different_shape,primary,250,250,1.0,1,0.0,0.6,1.467010942719053,0.8802065656314317,0.8802065656314317,0.8802065656314828,0.8802065656314827,1.1102230246251565e-16,False,10000,17046278927540855889
baseline_sensitivity_5x5_balanced_b0.6_e0_np1000_nq1000,baseline_sensitivity_5x5_balanced_b0.6_e0,baseline_sensitivity,5x5,5,5,balanced,equal_mi_different_shape,primary,1000,1000,1.0,1,0.0,0.6,1.467010942719053,0.8802065656314317,0.8802065656314317,0.8802065656314828,0.8802065656314827,1.1102230246251565e-16,False,10000,9858062497453740391
baseline_sensitivity_5x5_balanced_b0.6_e0.1_np50_nq50,baseline_sensitivity_5x5_balanced_b0.6_e0.1,baseline_sensitivity,5x5,5,5,balanced,equal_mi_different_shape,primary,50,50,1.0,1,0.1,0.6,1.467010942719053,0.8802065656314317,1.026907659903337,0.8802065656314828,1.0269076599033373,0.14670109427185452,False,10000,6905178216592319537
baseline_sensitivity_5x5_balanced_b0.6_e0.1_np250_nq250,baseline_sensitivity_5x5_balanced_b0.6_e0.1,baseline_sensitivity,5x5,5,5,balanced,equal_mi_different_shape,primary,250,250,1.0,1,0.1,0.6,1.467010942719053,0.8802065656314317,1.026907659903337,0.8802065656314828,1.0269076599033373,0.14670109427185452,False,10000,16470088074366360637
baseline_sensitivity_5x5_balanced_b0.6_e0.1_np1000_nq1000,baseline_sensitivity_5x5_balanced_b0.6_e0.1,baseline_sensitivity,5x5,5,5,balanced,equal_mi_different_shape,primary,1000,1000,1.0,1,0.1,0.6,1.467010942719053,0.8802065656314317,1.026907659903337,0.8802065656314828,1.0269076599033373,0.14670109427185452,False,10000,8360861099146203023
baseline_sensitivity_5x5_balanced_b0.6_e0.2_np50_nq50,baseline_sensitivity_5x5_balanced_b0.6_e0.2,baseline_sensitivity,5x5,5,5,balanced,equal_mi_different_shape,primary,50,50,1.0,1,0.2,0.6,1.467010942719053,0.8802065656314317,1.1736087541752425,0.8802065656314828,1.173608754175242,0.2934021885437592,False,10000,11078839576368430179
baseline_sensitivity_5x5_balanced_b0.6_e0.2_np250_nq250,baseline_sensitivity_5x5_balanced_b0.6_e0.2,baseline_sensitivity,5x5,5,5,balanced,equal_mi_different_shape,primary,250,250,1.0,1,0.2,0.6,1.467010942719053,0.8802065656314317,1.1736087541752425,0.8802065656314828,1.173608754175242,0.2934021885437592,False,10000,1647628899305408057
baseline_sensitivity_5x5_balanced_b0.6_e0.2_np1000_nq1000,baseline_sensitivity_5x5_balanced_b0.6_e0.2,baseline_sensitivity,5x5,5,5,balanced,equal_mi_different_shape,primary,1000,1000,1.0,1,0.2,0.6,1.467010942719053,0.8802065656314317,1.1736087541752425,0.8802065656314828,1.173608754175242,0.2934021885437592,False,10000,10886207554228385135
baseline_sensitivity_5x5_strong_b0.02_e0_np50_nq50,baseline_sensitivity_5x5_strong_b0.02_e0,baseline_sensitivity,5x5,5,5,strong,equal_mi_different_shape,primary,50,50,1.0,1,0.0,0.02,0.3360339010727185,0.00672067802145437,0.00672067802145437,0.0067206780214548,0.006720678021446817,7.982330074707278e-15,False,10000,8142659637838270985
baseline_sensitivity_5x5_strong_b0.02_e0_np250_nq250,baseline_sensitivity_5x5_strong_b0.02_e0,baseline_sensitivity,5x5,5,5,strong,equal_mi_different_shape,primary,250,250,1.0,1,0.0,0.02,0.3360339010727185,0.00672067802145437,0.00672067802145437,0.0067206780214548,0.006720678021446817,7.982330074707278e-15,False,10000,7588376859849352220
baseline_sensitivity_5x5_strong_b0.02_e0_np1000_nq1000,baseline_sensitivity_5x5_strong_b0.02_e0,baseline_sensitivity,5x5,5,5,strong,equal_mi_different_shape,primary,1000,1000,1.0,1,0.0,0.02,0.3360339010727185,0.00672067802145437,0.00672067802145437,0.0067206780214548,0.006720678021446817,7.982330074707278e-15,False,10000,3052868369435284716
baseline_sensitivity_5x5_strong_b0.02_e0.1_np50_nq50,baseline_sensitivity_5x5_strong_b0.02_e0.1,baseline_sensitivity,5x5,5,5,strong,equal_mi_different_shape,primary,50,50,1.0,1,0.1,0.02,0.3360339010727185,0.00672067802145437,0.04032406812872623,0.0067206780214548,0.040324068128726465,0.03360339010727167,False,10000,9834041088188200247
baseline_sensitivity_5x5_strong_b0.02_e0.1_np250_nq250,baseline_sensitivity_5x5_strong_b0.02_e0.1,baseline_sensitivity,5x5,5,5,strong,equal_mi_different_shape,primary,250,250,1.0,1,0.1,0.02,0.3360339010727185,0.00672067802145437,0.04032406812872623,0.0067206780214548,0.040324068128726465,0.03360339010727167,False,10000,7292630140458523455
baseline_sensitivity_5x5_strong_b0.02_e0.1_np1000_nq1000,baseline_sensitivity_5x5_strong_b0.02_e0.1,baseline_sensitivity,5x5,5,5,strong,equal_mi_different_shape,primary,1000,1000,1.0,1,0.1,0.02,0.3360339010727185,0.00672067802145437,0.04032406812872623,0.0067206780214548,0.040324068128726465,0.03360339010727167,False,10000,16608033382483638642
baseline_sensitivity_5x5_strong_b0.02_e0.2_np50_nq50,baseline_sensitivity_5x5_strong_b0.02_e0.2,baseline_sensitivity,5x5,5,5,strong,equal_mi_different_shape,primary,50,50,1.0,1,0.2,0.02,0.3360339010727185,0.00672067802145437,0.07392745823599807,0.0067206780214548,0.07392745823594514,0.06720678021449034,False,10000,2167023367881471740
baseline_sensitivity_5x5_strong_b0.02_e0.2_np250_nq250,baseline_sensitivity_5x5_strong_b0.02_e0.2,baseline_sensitivity,5x5,5,5,strong,equal_mi_different_shape,primary,250,250,1.0,1,0.2,0.02,0.3360339010727185,0.00672067802145437,0.07392745823599807,0.0067206780214548,0.07392745823594514,0.06720678021449034,False,10000,9773680224202952571
baseline_sensitivity_5x5_strong_b0.02_e0.2_np1000_nq1000,baseline_sensitivity_5x5_strong_b0.02_e0.2,baseline_sensitivity,5x5,5,5,strong,equal_mi_different_shape,primary,1000,1000,1.0,1,0.2,0.02,0.3360339010727185,0.00672067802145437,0.07392745823599807,0.0067206780214548,0.07392745823594514,0.06720678021449034,False,10000,18417728480321810588
baseline_sensitivity_5x5_strong_b0.2_e0_np50_nq50,baseline_sensitivity_5x5_strong_b0.2_e0,baseline_sensitivity,5x5,5,5,strong,equal_mi_different_shape,primary,50,50,1.0,1,0.0,0.2,0.3360339010727185,0.06720678021454371,0.06720678021454371,0.06720678021461499,0.06720678021454372,7.126244039312724e-14,False,10000,7789092784186026523
baseline_sensitivity_5x5_strong_b0.2_e0_np250_nq250,baseline_sensitivity_5x5_strong_b0.2_e0,baseline_sensitivity,5x5,5,5,strong,equal_mi_different_shape,primary,250,250,1.0,1,0.0,0.2,0.3360339010727185,0.06720678021454371,0.06720678021454371,0.06720678021461499,0.06720678021454372,7.126244039312724e-14,False,10000,17130125338134687172
baseline_sensitivity_5x5_strong_b0.2_e0_np1000_nq1000,baseline_sensitivity_5x5_strong_b0.2_e0,baseline_sensitivity,5x5,5,5,strong,equal_mi_different_shape,primary,1000,1000,1.0,1,0.0,0.2,0.3360339010727185,0.06720678021454371,0.06720678021454371,0.06720678021461499,0.06720678021454372,7.126244039312724e-14,False,10000,15727109931176561874
baseline_sensitivity_5x5_strong_b0.2_e0.1_np50_nq50,baseline_sensitivity_5x5_strong_b0.2_e0.1,baseline_sensitivity,5x5,5,5,strong,equal_mi_different_shape,primary,50,50,1.0,1,0.1,0.2,0.3360339010727185,0.06720678021454371,0.10081017032181556,0.06720678021461499,0.10081017032181565,0.03360339010720066,False,10000,251395126788322791
baseline_sensitivity_5x5_strong_b0.2_e0.1_np250_nq250,baseline_sensitivity_5x5_strong_b0.2_e0.1,baseline_sensitivity,5x5,5,5,strong,equal_mi_different_shape,primary,250,250,1.0,1,0.1,0.2,0.3360339010727185,0.06720678021454371,0.10081017032181556,0.06720678021461499,0.10081017032181565,0.03360339010720066,False,10000,3112675020196245343
baseline_sensitivity_5x5_strong_b0.2_e0.1_np1000_nq1000,baseline_sensitivity_5x5_strong_b0.2_e0.1,baseline_sensitivity,5x5,5,5,strong,equal_mi_different_shape,primary,1000,1000,1.0,1,0.1,0.2,0.3360339010727185,0.06720678021454371,0.10081017032181556,0.06720678021461499,0.10081017032181565,0.03360339010720066,False,10000,8662199500231466859
baseline_sensitivity_5x5_strong_b0.2_e0.2_np50_nq50,baseline_sensitivity_5x5_strong_b0.2_e0.2,baseline_sensitivity,5x5,5,5,strong,equal_mi_different_shape,primary,50,50,1.0,1,0.2,0.2,0.3360339010727185,0.06720678021454371,0.13441356042908742,0.06720678021461499,0.13441356042913166,0.06720678021451668,False,10000,4492045059805941155
baseline_sensitivity_5x5_strong_b0.2_e0.2_np250_nq250,baseline_sensitivity_5x5_strong_b0.2_e0.2,baseline_sensitivity,5x5,5,5,strong,equal_mi_different_shape,primary,250,250,1.0,1,0.2,0.2,0.3360339010727185,0.06720678021454371,0.13441356042908742,0.06720678021461499,0.13441356042913166,0.06720678021451668,False,10000,2535460184246898568
baseline_sensitivity_5x5_strong_b0.2_e0.2_np1000_nq1000,baseline_sensitivity_5x5_strong_b0.2_e0.2,baseline_sensitivity,5x5,5,5,strong,equal_mi_different_shape,primary,1000,1000,1.0,1,0.2,0.2,0.3360339010727185,0.06720678021454371,0.13441356042908742,0.06720678021461499,0.13441356042913166,0.06720678021451668,False,10000,3806733904906398203
baseline_sensitivity_5x5_strong_b0.6_e0_np50_nq50,baseline_sensitivity_5x5_strong_b0.6_e0,baseline_sensitivity,5x5,5,5,strong,equal_mi_different_shape,primary,50,50,1.0,1,0.0,0.6,0.3360339010727185,0.2016203406436311,0.2016203406436311,0.20162034064363074,0.201620340643631,2.498001805406602e-16,False,10000,7714867974267748376
baseline_sensitivity_5x5_strong_b0.6_e0_np250_nq250,baseline_sensitivity_5x5_strong_b0.6_e0,baseline_sensitivity,5x5,5,5,strong,equal_mi_different_shape,primary,250,250,1.0,1,0.0,0.6,0.3360339010727185,0.2016203406436311,0.2016203406436311,0.20162034064363074,0.201620340643631,2.498001805406602e-16,False,10000,7404999439941376776
baseline_sensitivity_5x5_strong_b0.6_e0_np1000_nq1000,baseline_sensitivity_5x5_strong_b0.6_e0,baseline_sensitivity,5x5,5,5,strong,equal_mi_different_shape,primary,1000,1000,1.0,1,0.0,0.6,0.3360339010727185,0.2016203406436311,0.2016203406436311,0.20162034064363074,0.201620340643631,2.498001805406602e-16,False,10000,9005841264560803800
baseline_sensitivity_5x5_strong_b0.6_e0.1_np50_nq50,baseline_sensitivity_5x5_strong_b0.6_e0.1,baseline_sensitivity,5x5,5,5,strong,equal_mi_different_shape,primary,50,50,1.0,1,0.1,0.6,0.3360339010727185,0.2016203406436311,0.23522373075090294,0.20162034064363074,0.235223730750905,0.033603390107274256,False,10000,591101472977508605
baseline_sensitivity_5x5_strong_b0.6_e0.1_np250_nq250,baseline_sensitivity_5x5_strong_b0.6_e0.1,baseline_sensitivity,5x5,5,5,strong,equal_mi_different_shape,primary,250,250,1.0,1,0.1,0.6,0.3360339010727185,0.2016203406436311,0.23522373075090294,0.20162034064363074,0.235223730750905,0.033603390107274256,False,10000,5051599926130921296
baseline_sensitivity_5x5_strong_b0.6_e0.1_np1000_nq1000,baseline_sensitivity_5x5_strong_b0.6_e0.1,baseline_sensitivity,5x5,5,5,strong,equal_mi_different_shape,primary,1000,1000,1.0,1,0.1,0.6,0.3360339010727185,0.2016203406436311,0.23522373075090294,0.20162034064363074,0.235223730750905,0.033603390107274256,False,10000,11425598445365922065
baseline_sensitivity_5x5_strong_b0.6_e0.2_np50_nq50,baseline_sensitivity_5x5_strong_b0.6_e0.2,baseline_sensitivity,5x5,5,5,strong,equal_mi_different_shape,primary,50,50,1.0,1,0.2,0.6,0.3360339010727185,0.2016203406436311,0.26882712085817484,0.20162034064363074,0.2688271208581751,0.06720678021454438,False,10000,16536773854100012878
baseline_sensitivity_5x5_strong_b0.6_e0.2_np250_nq250,baseline_sensitivity_5x5_strong_b0.6_e0.2,baseline_sensitivity,5x5,5,5,strong,equal_mi_different_shape,primary,250,250,1.0,1,0.2,0.6,0.3360339010727185,0.2016203406436311,0.26882712085817484,0.20162034064363074,0.2688271208581751,0.06720678021454438,False,10000,15901308063354904040
baseline_sensitivity_5x5_strong_b0.6_e0.2_np1000_nq1000,baseline_sensitivity_5x5_strong_b0.6_e0.2,baseline_sensitivity,5x5,5,5,strong,equal_mi_different_shape,primary,1000,1000,1.0,1,0.2,0.6,0.3360339010727185,0.2016203406436311,0.26882712085817484,0.20162034064363074,0.2688271208581751,0.06720678021454438,False,10000,16121630557314069451
allocation_reversal_2x2_strong_b0.2_e0_np1000_nq100,allocation_reversal_2x2_strong_b0.2_e0,allocation_reversal,2x2,2,2,strong,equal_mi_different_shape,primary,1000,100,0.1,10,0.0,0.2,0.0111340871327206,0.0022268174265441198,0.0022268174265441198,0.002226817426529009,0.0022268174265440803,1.50712775592865e-14,False,10000,6746252847431064311
allocation_reversal_2x2_strong_b0.2_e0.1_np1000_nq100,allocation_reversal_2x2_strong_b0.2_e0.1,allocation_reversal,2x2,2,2,strong,equal_mi_different_shape,primary,1000,100,0.1,10,0.1,0.2,0.0111340871327206,0.0022268174265441198,0.0033402261398161803,0.002226817426529009,0.0033402261398165394,0.0011134087132875304,False,10000,5085689652219977953
allocation_reversal_2x2_strong_b0.2_e0.4_np1000_nq100,allocation_reversal_2x2_strong_b0.2_e0.4,allocation_reversal,2x2,2,2,strong,equal_mi_different_shape,primary,1000,100,0.1,10,0.4,0.2,0.0111340871327206,0.0022268174265441198,0.006680452279632361,0.002226817426529009,0.006680452279632591,0.004453634853103582,False,10000,10771896281498709886
allocation_reversal_2x2_strong_b0.2_e0_np200_nq100,allocation_reversal_2x2_strong_b0.2_e0,allocation_reversal,2x2,2,2,strong,equal_mi_different_shape,primary,200,100,0.5,2,0.0,0.2,0.0111340871327206,0.0022268174265441198,0.0022268174265441198,0.002226817426529009,0.0022268174265440803,1.50712775592865e-14,False,10000,2218051108088108682
allocation_reversal_2x2_strong_b0.2_e0.1_np200_nq100,allocation_reversal_2x2_strong_b0.2_e0.1,allocation_reversal,2x2,2,2,strong,equal_mi_different_shape,primary,200,100,0.5,2,0.1,0.2,0.0111340871327206,0.0022268174265441198,0.0033402261398161803,0.002226817426529009,0.0033402261398165394,0.0011134087132875304,False,10000,12273609728516458980
allocation_reversal_2x2_strong_b0.2_e0.4_np200_nq100,allocation_reversal_2x2_strong_b0.2_e0.4,allocation_reversal,2x2,2,2,strong,equal_mi_different_shape,primary,200,100,0.5,2,0.4,0.2,0.0111340871327206,0.0022268174265441198,0.006680452279632361,0.002226817426529009,0.006680452279632591,0.004453634853103582,False,10000,6322086474922456516
allocation_reversal_2x2_strong_b0.2_e0_np500_nq100,allocation_reversal_2x2_strong_b0.2_e0,allocation_reversal,2x2,2,2,strong,equal_mi_different_shape,primary,500,100,0.2,5,0.0,0.2,0.0111340871327206,0.0022268174265441198,0.0022268174265441198,0.002226817426529009,0.0022268174265440803,1.50712775592865e-14,False,10000,15725451201332295633
allocation_reversal_2x2_strong_b0.2_e0.1_np500_nq100,allocation_reversal_2x2_strong_b0.2_e0.1,allocation_reversal,2x2,2,2,strong,equal_mi_different_shape,primary,500,100,0.2,5,0.1,0.2,0.0111340871327206,0.0022268174265441198,0.0033402261398161803,0.002226817426529009,0.0033402261398165394,0.0011134087132875304,False,10000,253813403526223923
allocation_reversal_2x2_strong_b0.2_e0.4_np500_nq100,allocation_reversal_2x2_strong_b0.2_e0.4,allocation_reversal,2x2,2,2,strong,equal_mi_different_shape,primary,500,100,0.2,5,0.4,0.2,0.0111340871327206,0.0022268174265441198,0.006680452279632361,0.002226817426529009,0.006680452279632591,0.004453634853103582,False,10000,5735085965216200213
allocation_reversal_2x2_strong_b0.2_e0_np100_nq10,allocation_reversal_2x2_strong_b0.2_e0,allocation_reversal,2x2,2,2,strong,equal_mi_different_shape,primary,100,10,0.1,10,0.0,0.2,0.0111340871327206,0.0022268174265441198,0.0022268174265441198,0.002226817426529009,0.0022268174265440803,1.50712775592865e-14,False,10000,3700752281091768094
allocation_reversal_2x2_strong_b0.2_e0.1_np100_nq10,allocation_reversal_2x2_strong_b0.2_e0.1,allocation_reversal,2x2,2,2,strong,equal_mi_different_shape,primary,100,10,0.1,10,0.1,0.2,0.0111340871327206,0.0022268174265441198,0.0033402261398161803,0.002226817426529009,0.0033402261398165394,0.0011134087132875304,False,10000,4017296921464279680
allocation_reversal_2x2_strong_b0.2_e0.4_np100_nq10,allocation_reversal_2x2_strong_b0.2_e0.4,allocation_reversal,2x2,2,2,strong,equal_mi_different_shape,primary,100,10,0.1,10,0.4,0.2,0.0111340871327206,0.0022268174265441198,0.006680452279632361,0.002226817426529009,0.006680452279632591,0.004453634853103582,False,10000,6191455206013950257
allocation_reversal_2x2_strong_b0.2_e0_np20_nq10,allocation_reversal_2x2_strong_b0.2_e0,allocation_reversal,2x2,2,2,strong,equal_mi_different_shape,primary,20,10,0.5,2,0.0,0.2,0.0111340871327206,0.0022268174265441198,0.0022268174265441198,0.002226817426529009,0.0022268174265440803,1.50712775592865e-14,False,10000,3244822245353414775
allocation_reversal_2x2_strong_b0.2_e0.1_np20_nq10,allocation_reversal_2x2_strong_b0.2_e0.1,allocation_reversal,2x2,2,2,strong,equal_mi_different_shape,primary,20,10,0.5,2,0.1,0.2,0.0111340871327206,0.0022268174265441198,0.0033402261398161803,0.002226817426529009,0.0033402261398165394,0.0011134087132875304,False,10000,5032474581371779953
allocation_reversal_2x2_strong_b0.2_e0.4_np20_nq10,allocation_reversal_2x2_strong_b0.2_e0.4,allocation_reversal,2x2,2,2,strong,equal_mi_different_shape,primary,20,10,0.5,2,0.4,0.2,0.0111340871327206,0.0022268174265441198,0.006680452279632361,0.002226817426529009,0.006680452279632591,0.004453634853103582,False,10000,9788453656423951942
allocation_reversal_2x2_strong_b0.2_e0_np50_nq10,allocation_reversal_2x2_strong_b0.2_e0,allocation_reversal,2x2,2,2,strong,equal_mi_different_shape,primary,50,10,0.2,5,0.0,0.2,0.0111340871327206,0.0022268174265441198,0.0022268174265441198,0.002226817426529009,0.0022268174265440803,1.50712775592865e-14,False,10000,5808104680436317909
allocation_reversal_2x2_strong_b0.2_e0.1_np50_nq10,allocation_reversal_2x2_strong_b0.2_e0.1,allocation_reversal,2x2,2,2,strong,equal_mi_different_shape,primary,50,10,0.2,5,0.1,0.2,0.0111340871327206,0.0022268174265441198,0.0033402261398161803,0.002226817426529009,0.0033402261398165394,0.0011134087132875304,False,10000,16476692019104292849
allocation_reversal_2x2_strong_b0.2_e0.4_np50_nq10,allocation_reversal_2x2_strong_b0.2_e0.4,allocation_reversal,2x2,2,2,strong,equal_mi_different_shape,primary,50,10,0.2,5,0.4,0.2,0.0111340871327206,0.0022268174265441198,0.006680452279632361,0.002226817426529009,0.006680452279632591,0.004453634853103582,False,10000,13431502144780203753
allocation_reversal_2x2_strong_b0.2_e0_np100_nq20,allocation_reversal_2x2_strong_b0.2_e0,allocation_reversal,2x2,2,2,strong,equal_mi_different_shape,primary,100,20,0.2,5,0.0,0.2,0.0111340871327206,0.0022268174265441198,0.0022268174265441198,0.002226817426529009,0.0022268174265440803,1.50712775592865e-14,False,10000,4948372086636687037
allocation_reversal_2x2_strong_b0.2_e0.1_np100_nq20,allocation_reversal_2x2_strong_b0.2_e0.1,allocation_reversal,2x2,2,2,strong,equal_mi_different_shape,primary,100,20,0.2,5,0.1,0.2,0.0111340871327206,0.0022268174265441198,0.0033402261398161803,0.002226817426529009,0.0033402261398165394,0.0011134087132875304,False,10000,990284462351824569
allocation_reversal_2x2_strong_b0.2_e0.4_np100_nq20,allocation_reversal_2x2_strong_b0.2_e0.4,allocation_reversal,2x2,2,2,strong,equal_mi_different_shape,primary,100,20,0.2,5,0.4,0.2,0.0111340871327206,0.0022268174265441198,0.006680452279632361,0.002226817426529009,0.006680452279632591,0.004453634853103582,False,10000,6959090275603782723
allocation_reversal_2x2_strong_b0.2_e0_np200_nq20,allocation_reversal_2x2_strong_b0.2_e0,allocation_reversal,2x2,2,2,strong,equal_mi_different_shape,primary,200,20,0.1,10,0.0,0.2,0.0111340871327206,0.0022268174265441198,0.0022268174265441198,0.002226817426529009,0.0022268174265440803,1.50712775592865e-14,False,10000,16357059403729294737
allocation_reversal_2x2_strong_b0.2_e0.1_np200_nq20,allocation_reversal_2x2_strong_b0.2_e0.1,allocation_reversal,2x2,2,2,strong,equal_mi_different_shape,primary,200,20,0.1,10,0.1,0.2,0.0111340871327206,0.0022268174265441198,0.0033402261398161803,0.002226817426529009,0.0033402261398165394,0.0011134087132875304,False,10000,17003141219816184013
allocation_reversal_2x2_strong_b0.2_e0.4_np200_nq20,allocation_reversal_2x2_strong_b0.2_e0.4,allocation_reversal,2x2,2,2,strong,equal_mi_different_shape,primary,200,20,0.1,10,0.4,0.2,0.0111340871327206,0.0022268174265441198,0.006680452279632361,0.002226817426529009,0.006680452279632591,0.004453634853103582,False,10000,11289459674336511101
allocation_reversal_2x2_strong_b0.2_e0_np40_nq20,allocation_reversal_2x2_strong_b0.2_e0,allocation_reversal,2x2,2,2,strong,equal_mi_different_shape,primary,40,20,0.5,2,0.0,0.2,0.0111340871327206,0.0022268174265441198,0.0022268174265441198,0.002226817426529009,0.0022268174265440803,1.50712775592865e-14,False,10000,2423839813643696690
allocation_reversal_2x2_strong_b0.2_e0.1_np40_nq20,allocation_reversal_2x2_strong_b0.2_e0.1,allocation_reversal,2x2,2,2,strong,equal_mi_different_shape,primary,40,20,0.5,2,0.1,0.2,0.0111340871327206,0.0022268174265441198,0.0033402261398161803,0.002226817426529009,0.0033402261398165394,0.0011134087132875304,False,10000,4818596946469626721
allocation_reversal_2x2_strong_b0.2_e0.4_np40_nq20,allocation_reversal_2x2_strong_b0.2_e0.4,allocation_reversal,2x2,2,2,strong,equal_mi_different_shape,primary,40,20,0.5,2,0.4,0.2,0.0111340871327206,0.0022268174265441198,0.006680452279632361,0.002226817426529009,0.006680452279632591,0.004453634853103582,False,10000,15359644925383126966
allocation_reversal_2x2_strong_b0.2_e0_np100_nq50,allocation_reversal_2x2_strong_b0.2_e0,allocation_reversal,2x2,2,2,strong,equal_mi_different_shape,primary,100,50,0.5,2,0.0,0.2,0.0111340871327206,0.0022268174265441198,0.0022268174265441198,0.002226817426529009,0.0022268174265440803,1.50712775592865e-14,False,10000,17108851790712386927
allocation_reversal_2x2_strong_b0.2_e0.1_np100_nq50,allocation_reversal_2x2_strong_b0.2_e0.1,allocation_reversal,2x2,2,2,strong,equal_mi_different_shape,primary,100,50,0.5,2,0.1,0.2,0.0111340871327206,0.0022268174265441198,0.0033402261398161803,0.002226817426529009,0.0033402261398165394,0.0011134087132875304,False,10000,10205519604517690968
allocation_reversal_2x2_strong_b0.2_e0.4_np100_nq50,allocation_reversal_2x2_strong_b0.2_e0.4,allocation_reversal,2x2,2,2,strong,equal_mi_different_shape,primary,100,50,0.5,2,0.4,0.2,0.0111340871327206,0.0022268174265441198,0.006680452279632361,0.002226817426529009,0.006680452279632591,0.004453634853103582,False,10000,10112380475149477298
allocation_reversal_2x2_strong_b0.2_e0_np250_nq50,allocation_reversal_2x2_strong_b0.2_e0,allocation_reversal,2x2,2,2,strong,equal_mi_different_shape,primary,250,50,0.2,5,0.0,0.2,0.0111340871327206,0.0022268174265441198,0.0022268174265441198,0.002226817426529009,0.0022268174265440803,1.50712775592865e-14,False,10000,5442199061629824272
allocation_reversal_2x2_strong_b0.2_e0.1_np250_nq50,allocation_reversal_2x2_strong_b0.2_e0.1,allocation_reversal,2x2,2,2,strong,equal_mi_different_shape,primary,250,50,0.2,5,0.1,0.2,0.0111340871327206,0.0022268174265441198,0.0033402261398161803,0.002226817426529009,0.0033402261398165394,0.0011134087132875304,False,10000,9795155990792182462
allocation_reversal_2x2_strong_b0.2_e0.4_np250_nq50,allocation_reversal_2x2_strong_b0.2_e0.4,allocation_reversal,2x2,2,2,strong,equal_mi_different_shape,primary,250,50,0.2,5,0.4,0.2,0.0111340871327206,0.0022268174265441198,0.006680452279632361,0.002226817426529009,0.006680452279632591,0.004453634853103582,False,10000,11244162045699730363
allocation_reversal_2x2_strong_b0.2_e0_np500_nq50,allocation_reversal_2x2_strong_b0.2_e0,allocation_reversal,2x2,2,2,strong,equal_mi_different_shape,primary,500,50,0.1,10,0.0,0.2,0.0111340871327206,0.0022268174265441198,0.0022268174265441198,0.002226817426529009,0.0022268174265440803,1.50712775592865e-14,False,10000,497335370544113289
allocation_reversal_2x2_strong_b0.2_e0.1_np500_nq50,allocation_reversal_2x2_strong_b0.2_e0.1,allocation_reversal,2x2,2,2,strong,equal_mi_different_shape,primary,500,50,0.1,10,0.1,0.2,0.0111340871327206,0.0022268174265441198,0.0033402261398161803,0.002226817426529009,0.0033402261398165394,0.0011134087132875304,False,10000,14859902791720019207
allocation_reversal_2x2_strong_b0.2_e0.4_np500_nq50,allocation_reversal_2x2_strong_b0.2_e0.4,allocation_reversal,2x2,2,2,strong,equal_mi_different_shape,primary,500,50,0.1,10,0.4,0.2,0.0111340871327206,0.0022268174265441198,0.006680452279632361,0.002226817426529009,0.006680452279632591,0.004453634853103582,False,10000,10466579835045951476
allocation_reversal_2x2_strong_b0.2_e0_np10_nq5,allocation_reversal_2x2_strong_b0.2_e0,allocation_reversal,2x2,2,2,strong,equal_mi_different_shape,primary,10,5,0.5,2,0.0,0.2,0.0111340871327206,0.0022268174265441198,0.0022268174265441198,0.002226817426529009,0.0022268174265440803,1.50712775592865e-14,False,10000,14780184714603683398
allocation_reversal_2x2_strong_b0.2_e0.1_np10_nq5,allocation_reversal_2x2_strong_b0.2_e0.1,allocation_reversal,2x2,2,2,strong,equal_mi_different_shape,primary,10,5,0.5,2,0.1,0.2,0.0111340871327206,0.0022268174265441198,0.0033402261398161803,0.002226817426529009,0.0033402261398165394,0.0011134087132875304,False,10000,10453327228834085310
allocation_reversal_2x2_strong_b0.2_e0.4_np10_nq5,allocation_reversal_2x2_strong_b0.2_e0.4,allocation_reversal,2x2,2,2,strong,equal_mi_different_shape,primary,10,5,0.5,2,0.4,0.2,0.0111340871327206,0.0022268174265441198,0.006680452279632361,0.002226817426529009,0.006680452279632591,0.004453634853103582,False,10000,849865256007262464
allocation_reversal_2x2_strong_b0.2_e0_np25_nq5,allocation_reversal_2x2_strong_b0.2_e0,allocation_reversal,2x2,2,2,strong,equal_mi_different_shape,primary,25,5,0.2,5,0.0,0.2,0.0111340871327206,0.0022268174265441198,0.0022268174265441198,0.002226817426529009,0.0022268174265440803,1.50712775592865e-14,False,10000,11849756671261662141
allocation_reversal_2x2_strong_b0.2_e0.1_np25_nq5,allocation_reversal_2x2_strong_b0.2_e0.1,allocation_reversal,2x2,2,2,strong,equal_mi_different_shape,primary,25,5,0.2,5,0.1,0.2,0.0111340871327206,0.0022268174265441198,0.0033402261398161803,0.002226817426529009,0.0033402261398165394,0.0011134087132875304,False,10000,5646319104201676925
allocation_reversal_2x2_strong_b0.2_e0.4_np25_nq5,allocation_reversal_2x2_strong_b0.2_e0.4,allocation_reversal,2x2,2,2,strong,equal_mi_different_shape,primary,25,5,0.2,5,0.4,0.2,0.0111340871327206,0.0022268174265441198,0.006680452279632361,0.002226817426529009,0.006680452279632591,0.004453634853103582,False,10000,11166036339348674683
allocation_reversal_2x2_strong_b0.2_e0_np50_nq5,allocation_reversal_2x2_strong_b0.2_e0,allocation_reversal,2x2,2,2,strong,equal_mi_different_shape,primary,50,5,0.1,10,0.0,0.2,0.0111340871327206,0.0022268174265441198,0.0022268174265441198,0.002226817426529009,0.0022268174265440803,1.50712775592865e-14,False,10000,314525667496722339
allocation_reversal_2x2_strong_b0.2_e0.1_np50_nq5,allocation_reversal_2x2_strong_b0.2_e0.1,allocation_reversal,2x2,2,2,strong,equal_mi_different_shape,primary,50,5,0.1,10,0.1,0.2,0.0111340871327206,0.0022268174265441198,0.0033402261398161803,0.002226817426529009,0.0033402261398165394,0.0011134087132875304,False,10000,15615919976562733906
allocation_reversal_2x2_strong_b0.2_e0.4_np50_nq5,allocation_reversal_2x2_strong_b0.2_e0.4,allocation_reversal,2x2,2,2,strong,equal_mi_different_shape,primary,50,5,0.1,10,0.4,0.2,0.0111340871327206,0.0022268174265441198,0.006680452279632361,0.002226817426529009,0.006680452279632591,0.004453634853103582,False,10000,5620627848524213991
allocation_reversal_2x2_ultra_b0.2_e0_np1000_nq100,allocation_reversal_2x2_ultra_b0.2_e0,allocation_reversal,2x2,2,2,ultra,equal_mi_different_shape,primary,1000,100,0.1,10,0.0,0.2,0.0026327952443023,0.0005265590488604601,0.0005265590488604601,0.000526559048845205,0.0005265590488605452,1.5340159698062905e-14,False,10000,16452316747295132007
allocation_reversal_2x2_ultra_b0.2_e0.1_np1000_nq100,allocation_reversal_2x2_ultra_b0.2_e0.1,allocation_reversal,2x2,2,2,ultra,equal_mi_different_shape,primary,1000,100,0.1,10,0.1,0.2,0.0026327952443023,0.0005265590488604601,0.0007898385732906902,0.000526559048845205,0.0007898385732908566,0.00026327952444565156,False,10000,1278555582715168360
allocation_reversal_2x2_ultra_b0.2_e0.4_np1000_nq100,allocation_reversal_2x2_ultra_b0.2_e0.4,allocation_reversal,2x2,2,2,ultra,equal_mi_different_shape,primary,1000,100,0.1,10,0.4,0.2,0.0026327952443023,0.0005265590488604601,0.0015796771465813803,0.000526559048845205,0.0015796771465813016,0.0010531180977360966,False,10000,7122578052554251205
allocation_reversal_2x2_ultra_b0.2_e0_np200_nq100,allocation_reversal_2x2_ultra_b0.2_e0,allocation_reversal,2x2,2,2,ultra,equal_mi_different_shape,primary,200,100,0.5,2,0.0,0.2,0.0026327952443023,0.0005265590488604601,0.0005265590488604601,0.000526559048845205,0.0005265590488605452,1.5340159698062905e-14,False,10000,18255983271696752208
allocation_reversal_2x2_ultra_b0.2_e0.1_np200_nq100,allocation_reversal_2x2_ultra_b0.2_e0.1,allocation_reversal,2x2,2,2,ultra,equal_mi_different_shape,primary,200,100,0.5,2,0.1,0.2,0.0026327952443023,0.0005265590488604601,0.0007898385732906902,0.000526559048845205,0.0007898385732908566,0.00026327952444565156,False,10000,15331681439886874679
allocation_reversal_2x2_ultra_b0.2_e0.4_np200_nq100,allocation_reversal_2x2_ultra_b0.2_e0.4,allocation_reversal,2x2,2,2,ultra,equal_mi_different_shape,primary,200,100,0.5,2,0.4,0.2,0.0026327952443023,0.0005265590488604601,0.0015796771465813803,0.000526559048845205,0.0015796771465813016,0.0010531180977360966,False,10000,15747618034530066779
allocation_reversal_2x2_ultra_b0.2_e0_np500_nq100,allocation_reversal_2x2_ultra_b0.2_e0,allocation_reversal,2x2,2,2,ultra,equal_mi_different_shape,primary,500,100,0.2,5,0.0,0.2,0.0026327952443023,0.0005265590488604601,0.0005265590488604601,0.000526559048845205,0.0005265590488605452,1.5340159698062905e-14,False,10000,4211336876386759562
allocation_reversal_2x2_ultra_b0.2_e0.1_np500_nq100,allocation_reversal_2x2_ultra_b0.2_e0.1,allocation_reversal,2x2,2,2,ultra,equal_mi_different_shape,primary,500,100,0.2,5,0.1,0.2,0.0026327952443023,0.0005265590488604601,0.0007898385732906902,0.000526559048845205,0.0007898385732908566,0.00026327952444565156,False,10000,1425366588254136887
allocation_reversal_2x2_ultra_b0.2_e0.4_np500_nq100,allocation_reversal_2x2_ultra_b0.2_e0.4,allocation_reversal,2x2,2,2,ultra,equal_mi_different_shape,primary,500,100,0.2,5,0.4,0.2,0.0026327952443023,0.0005265590488604601,0.0015796771465813803,0.000526559048845205,0.0015796771465813016,0.0010531180977360966,False,10000,7052467792699771751
allocation_reversal_2x2_ultra_b0.2_e0_np100_nq10,allocation_reversal_2x2_ultra_b0.2_e0,allocation_reversal,2x2,2,2,ultra,equal_mi_different_shape,primary,100,10,0.1,10,0.0,0.2,0.0026327952443023,0.0005265590488604601,0.0005265590488604601,0.000526559048845205,0.0005265590488605452,1.5340159698062905e-14,False,10000,8820292607706431827
allocation_reversal_2x2_ultra_b0.2_e0.1_np100_nq10,allocation_reversal_2x2_ultra_b0.2_e0.1,allocation_reversal,2x2,2,2,ultra,equal_mi_different_shape,primary,100,10,0.1,10,0.1,0.2,0.0026327952443023,0.0005265590488604601,0.0007898385732906902,0.000526559048845205,0.0007898385732908566,0.00026327952444565156,False,10000,4978593037143342568
allocation_reversal_2x2_ultra_b0.2_e0.4_np100_nq10,allocation_reversal_2x2_ultra_b0.2_e0.4,allocation_reversal,2x2,2,2,ultra,equal_mi_different_shape,primary,100,10,0.1,10,0.4,0.2,0.0026327952443023,0.0005265590488604601,0.0015796771465813803,0.000526559048845205,0.0015796771465813016,0.0010531180977360966,False,10000,6590573281287932863
allocation_reversal_2x2_ultra_b0.2_e0_np20_nq10,allocation_reversal_2x2_ultra_b0.2_e0,allocation_reversal,2x2,2,2,ultra,equal_mi_different_shape,primary,20,10,0.5,2,0.0,0.2,0.0026327952443023,0.0005265590488604601,0.0005265590488604601,0.000526559048845205,0.0005265590488605452,1.5340159698062905e-14,False,10000,6285292511141628212
allocation_reversal_2x2_ultra_b0.2_e0.1_np20_nq10,allocation_reversal_2x2_ultra_b0.2_e0.1,allocation_reversal,2x2,2,2,ultra,equal_mi_different_shape,primary,20,10,0.5,2,0.1,0.2,0.0026327952443023,0.0005265590488604601,0.0007898385732906902,0.000526559048845205,0.0007898385732908566,0.00026327952444565156,False,10000,15921887106960985265
allocation_reversal_2x2_ultra_b0.2_e0.4_np20_nq10,allocation_reversal_2x2_ultra_b0.2_e0.4,allocation_reversal,2x2,2,2,ultra,equal_mi_different_shape,primary,20,10,0.5,2,0.4,0.2,0.0026327952443023,0.0005265590488604601,0.0015796771465813803,0.000526559048845205,0.0015796771465813016,0.0010531180977360966,False,10000,10797746198976350936
allocation_reversal_2x2_ultra_b0.2_e0_np50_nq10,allocation_reversal_2x2_ultra_b0.2_e0,allocation_reversal,2x2,2,2,ultra,equal_mi_different_shape,primary,50,10,0.2,5,0.0,0.2,0.0026327952443023,0.0005265590488604601,0.0005265590488604601,0.000526559048845205,0.0005265590488605452,1.5340159698062905e-14,False,10000,6686462529387418087
allocation_reversal_2x2_ultra_b0.2_e0.1_np50_nq10,allocation_reversal_2x2_ultra_b0.2_e0.1,allocation_reversal,2x2,2,2,ultra,equal_mi_different_shape,primary,50,10,0.2,5,0.1,0.2,0.0026327952443023,0.0005265590488604601,0.0007898385732906902,0.000526559048845205,0.0007898385732908566,0.00026327952444565156,False,10000,7256344103119571638
allocation_reversal_2x2_ultra_b0.2_e0.4_np50_nq10,allocation_reversal_2x2_ultra_b0.2_e0.4,allocation_reversal,2x2,2,2,ultra,equal_mi_different_shape,primary,50,10,0.2,5,0.4,0.2,0.0026327952443023,0.0005265590488604601,0.0015796771465813803,0.000526559048845205,0.0015796771465813016,0.0010531180977360966,False,10000,13507338912297837281
allocation_reversal_2x2_ultra_b0.2_e0_np100_nq20,allocation_reversal_2x2_ultra_b0.2_e0,allocation_reversal,2x2,2,2,ultra,equal_mi_different_shape,primary,100,20,0.2,5,0.0,0.2,0.0026327952443023,0.0005265590488604601,0.0005265590488604601,0.000526559048845205,0.0005265590488605452,1.5340159698062905e-14,False,10000,5824954673689231316
allocation_reversal_2x2_ultra_b0.2_e0.1_np100_nq20,allocation_reversal_2x2_ultra_b0.2_e0.1,allocation_reversal,2x2,2,2,ultra,equal_mi_different_shape,primary,100,20,0.2,5,0.1,0.2,0.0026327952443023,0.0005265590488604601,0.0007898385732906902,0.000526559048845205,0.0007898385732908566,0.00026327952444565156,False,10000,17452785763607207377
allocation_reversal_2x2_ultra_b0.2_e0.4_np100_nq20,allocation_reversal_2x2_ultra_b0.2_e0.4,allocation_reversal,2x2,2,2,ultra,equal_mi_different_shape,primary,100,20,0.2,5,0.4,0.2,0.0026327952443023,0.0005265590488604601,0.0015796771465813803,0.000526559048845205,0.0015796771465813016,0.0010531180977360966,False,10000,11930844577975503077
allocation_reversal_2x2_ultra_b0.2_e0_np200_nq20,allocation_reversal_2x2_ultra_b0.2_e0,allocation_reversal,2x2,2,2,ultra,equal_mi_different_shape,primary,200,20,0.1,10,0.0,0.2,0.0026327952443023,0.0005265590488604601,0.0005265590488604601,0.000526559048845205,0.0005265590488605452,1.5340159698062905e-14,False,10000,12437266995353992452
allocation_reversal_2x2_ultra_b0.2_e0.1_np200_nq20,allocation_reversal_2x2_ultra_b0.2_e0.1,allocation_reversal,2x2,2,2,ultra,equal_mi_different_shape,primary,200,20,0.1,10,0.1,0.2,0.0026327952443023,0.0005265590488604601,0.0007898385732906902,0.000526559048845205,0.0007898385732908566,0.00026327952444565156,False,10000,1679435555807165914
allocation_reversal_2x2_ultra_b0.2_e0.4_np200_nq20,allocation_reversal_2x2_ultra_b0.2_e0.4,allocation_reversal,2x2,2,2,ultra,equal_mi_different_shape,primary,200,20,0.1,10,0.4,0.2,0.0026327952443023,0.0005265590488604601,0.0015796771465813803,0.000526559048845205,0.0015796771465813016,0.0010531180977360966,False,10000,12146547664610898302
allocation_reversal_2x2_ultra_b0.2_e0_np40_nq20,allocation_reversal_2x2_ultra_b0.2_e0,allocation_reversal,2x2,2,2,ultra,equal_mi_different_shape,primary,40,20,0.5,2,0.0,0.2,0.0026327952443023,0.0005265590488604601,0.0005265590488604601,0.000526559048845205,0.0005265590488605452,1.5340159698062905e-14,False,10000,17540210819928332202
allocation_reversal_2x2_ultra_b0.2_e0.1_np40_nq20,allocation_reversal_2x2_ultra_b0.2_e0.1,allocation_reversal,2x2,2,2,ultra,equal_mi_different_shape,primary,40,20,0.5,2,0.1,0.2,0.0026327952443023,0.0005265590488604601,0.0007898385732906902,0.000526559048845205,0.0007898385732908566,0.00026327952444565156,False,10000,15623283732416939718
allocation_reversal_2x2_ultra_b0.2_e0.4_np40_nq20,allocation_reversal_2x2_ultra_b0.2_e0.4,allocation_reversal,2x2,2,2,ultra,equal_mi_different_shape,primary,40,20,0.5,2,0.4,0.2,0.0026327952443023,0.0005265590488604601,0.0015796771465813803,0.000526559048845205,0.0015796771465813016,0.0010531180977360966,False,10000,10048153516889664336
allocation_reversal_2x2_ultra_b0.2_e0_np100_nq50,allocation_reversal_2x2_ultra_b0.2_e0,allocation_reversal,2x2,2,2,ultra,equal_mi_different_shape,primary,100,50,0.5,2,0.0,0.2,0.0026327952443023,0.0005265590488604601,0.0005265590488604601,0.000526559048845205,0.0005265590488605452,1.5340159698062905e-14,False,10000,843206673586069153
allocation_reversal_2x2_ultra_b0.2_e0.1_np100_nq50,allocation_reversal_2x2_ultra_b0.2_e0.1,allocation_reversal,2x2,2,2,ultra,equal_mi_different_shape,primary,100,50,0.5,2,0.1,0.2,0.0026327952443023,0.0005265590488604601,0.0007898385732906902,0.000526559048845205,0.0007898385732908566,0.00026327952444565156,False,10000,809362075571150215
allocation_reversal_2x2_ultra_b0.2_e0.4_np100_nq50,allocation_reversal_2x2_ultra_b0.2_e0.4,allocation_reversal,2x2,2,2,ultra,equal_mi_different_shape,primary,100,50,0.5,2,0.4,0.2,0.0026327952443023,0.0005265590488604601,0.0015796771465813803,0.000526559048845205,0.0015796771465813016,0.0010531180977360966,False,10000,5875827149300632725
allocation_reversal_2x2_ultra_b0.2_e0_np250_nq50,allocation_reversal_2x2_ultra_b0.2_e0,allocation_reversal,2x2,2,2,ultra,equal_mi_different_shape,primary,250,50,0.2,5,0.0,0.2,0.0026327952443023,0.0005265590488604601,0.0005265590488604601,0.000526559048845205,0.0005265590488605452,1.5340159698062905e-14,False,10000,12865669581043870601
allocation_reversal_2x2_ultra_b0.2_e0.1_np250_nq50,allocation_reversal_2x2_ultra_b0.2_e0.1,allocation_reversal,2x2,2,2,ultra,equal_mi_different_shape,primary,250,50,0.2,5,0.1,0.2,0.0026327952443023,0.0005265590488604601,0.0007898385732906902,0.000526559048845205,0.0007898385732908566,0.00026327952444565156,False,10000,16363366490042917549
allocation_reversal_2x2_ultra_b0.2_e0.4_np250_nq50,allocation_reversal_2x2_ultra_b0.2_e0.4,allocation_reversal,2x2,2,2,ultra,equal_mi_different_shape,primary,250,50,0.2,5,0.4,0.2,0.0026327952443023,0.0005265590488604601,0.0015796771465813803,0.000526559048845205,0.0015796771465813016,0.0010531180977360966,False,10000,5349972631109525362
allocation_reversal_2x2_ultra_b0.2_e0_np500_nq50,allocation_reversal_2x2_ultra_b0.2_e0,allocation_reversal,2x2,2,2,ultra,equal_mi_different_shape,primary,500,50,0.1,10,0.0,0.2,0.0026327952443023,0.0005265590488604601,0.0005265590488604601,0.000526559048845205,0.0005265590488605452,1.5340159698062905e-14,False,10000,700344232806495522
allocation_reversal_2x2_ultra_b0.2_e0.1_np500_nq50,allocation_reversal_2x2_ultra_b0.2_e0.1,allocation_reversal,2x2,2,2,ultra,equal_mi_different_shape,primary,500,50,0.1,10,0.1,0.2,0.0026327952443023,0.0005265590488604601,0.0007898385732906902,0.000526559048845205,0.0007898385732908566,0.00026327952444565156,False,10000,10401418888978742338
allocation_reversal_2x2_ultra_b0.2_e0.4_np500_nq50,allocation_reversal_2x2_ultra_b0.2_e0.4,allocation_reversal,2x2,2,2,ultra,equal_mi_different_shape,primary,500,50,0.1,10,0.4,0.2,0.0026327952443023,0.0005265590488604601,0.0015796771465813803,0.000526559048845205,0.0015796771465813016,0.0010531180977360966,False,10000,7588929557324826203
allocation_reversal_2x2_ultra_b0.2_e0_np10_nq5,allocation_reversal_2x2_ultra_b0.2_e0,allocation_reversal,2x2,2,2,ultra,equal_mi_different_shape,primary,10,5,0.5,2,0.0,0.2,0.0026327952443023,0.0005265590488604601,0.0005265590488604601,0.000526559048845205,0.0005265590488605452,1.5340159698062905e-14,False,10000,11153247564570850419
allocation_reversal_2x2_ultra_b0.2_e0.1_np10_nq5,allocation_reversal_2x2_ultra_b0.2_e0.1,allocation_reversal,2x2,2,2,ultra,equal_mi_different_shape,primary,10,5,0.5,2,0.1,0.2,0.0026327952443023,0.0005265590488604601,0.0007898385732906902,0.000526559048845205,0.0007898385732908566,0.00026327952444565156,False,10000,5672834119362770828
allocation_reversal_2x2_ultra_b0.2_e0.4_np10_nq5,allocation_reversal_2x2_ultra_b0.2_e0.4,allocation_reversal,2x2,2,2,ultra,equal_mi_different_shape,primary,10,5,0.5,2,0.4,0.2,0.0026327952443023,0.0005265590488604601,0.0015796771465813803,0.000526559048845205,0.0015796771465813016,0.0010531180977360966,False,10000,15728271853541107079
allocation_reversal_2x2_ultra_b0.2_e0_np25_nq5,allocation_reversal_2x2_ultra_b0.2_e0,allocation_reversal,2x2,2,2,ultra,equal_mi_different_shape,primary,25,5,0.2,5,0.0,0.2,0.0026327952443023,0.0005265590488604601,0.0005265590488604601,0.000526559048845205,0.0005265590488605452,1.5340159698062905e-14,False,10000,11509606770729021933
allocation_reversal_2x2_ultra_b0.2_e0.1_np25_nq5,allocation_reversal_2x2_ultra_b0.2_e0.1,allocation_reversal,2x2,2,2,ultra,equal_mi_different_shape,primary,25,5,0.2,5,0.1,0.2,0.0026327952443023,0.0005265590488604601,0.0007898385732906902,0.000526559048845205,0.0007898385732908566,0.00026327952444565156,False,10000,10133643389376536484
allocation_reversal_2x2_ultra_b0.2_e0.4_np25_nq5,allocation_reversal_2x2_ultra_b0.2_e0.4,allocation_reversal,2x2,2,2,ultra,equal_mi_different_shape,primary,25,5,0.2,5,0.4,0.2,0.0026327952443023,0.0005265590488604601,0.0015796771465813803,0.000526559048845205,0.0015796771465813016,0.0010531180977360966,False,10000,15265739277327008167
allocation_reversal_2x2_ultra_b0.2_e0_np50_nq5,allocation_reversal_2x2_ultra_b0.2_e0,allocation_reversal,2x2,2,2,ultra,equal_mi_different_shape,primary,50,5,0.1,10,0.0,0.2,0.0026327952443023,0.0005265590488604601,0.0005265590488604601,0.000526559048845205,0.0005265590488605452,1.5340159698062905e-14,False,10000,12967600119686214730
allocation_reversal_2x2_ultra_b0.2_e0.1_np50_nq5,allocation_reversal_2x2_ultra_b0.2_e0.1,allocation_reversal,2x2,2,2,ultra,equal_mi_different_shape,primary,50,5,0.1,10,0.1,0.2,0.0026327952443023,0.0005265590488604601,0.0007898385732906902,0.000526559048845205,0.0007898385732908566,0.00026327952444565156,False,10000,16703763986802894890
allocation_reversal_2x2_ultra_b0.2_e0.4_np50_nq5,allocation_reversal_2x2_ultra_b0.2_e0.4,allocation_reversal,2x2,2,2,ultra,equal_mi_different_shape,primary,50,5,0.1,10,0.4,0.2,0.0026327952443023,0.0005265590488604601,0.0015796771465813803,0.000526559048845205,0.0015796771465813016,0.0010531180977360966,False,10000,8283895364734639613
allocation_reversal_3x3_strong_b0.2_e0_np1000_nq100,allocation_reversal_3x3_strong_b0.2_e0,allocation_reversal,3x3,3,3,strong,equal_mi_different_shape,primary,1000,100,0.1,10,0.0,0.2,0.1922085929866958,0.038441718597339164,0.038441718597339164,0.03844171859733924,0.0384417185973391,1.3877787807814457e-16,False,10000,12177277331054262250
allocation_reversal_3x3_strong_b0.2_e0.1_np1000_nq100,allocation_reversal_3x3_strong_b0.2_e0.1,allocation_reversal,3x3,3,3,strong,equal_mi_different_shape,primary,1000,100,0.1,10,0.1,0.2,0.1922085929866958,0.038441718597339164,0.057662577896008746,0.03844171859733924,0.05766257789600868,0.019220859298669436,False,10000,3817313255944114245
allocation_reversal_3x3_strong_b0.2_e0.4_np1000_nq100,allocation_reversal_3x3_strong_b0.2_e0.4,allocation_reversal,3x3,3,3,strong,equal_mi_different_shape,primary,1000,100,0.1,10,0.4,0.2,0.1922085929866958,0.038441718597339164,0.11532515579201749,0.03844171859733924,0.11532515579195965,0.0768834371946204,False,10000,17314881229320686476
allocation_reversal_3x3_strong_b0.2_e0_np200_nq100,allocation_reversal_3x3_strong_b0.2_e0,allocation_reversal,3x3,3,3,strong,equal_mi_different_shape,primary,200,100,0.5,2,0.0,0.2,0.1922085929866958,0.038441718597339164,0.038441718597339164,0.03844171859733924,0.0384417185973391,1.3877787807814457e-16,False,10000,14068887476146037352
allocation_reversal_3x3_strong_b0.2_e0.1_np200_nq100,allocation_reversal_3x3_strong_b0.2_e0.1,allocation_reversal,3x3,3,3,strong,equal_mi_different_shape,primary,200,100,0.5,2,0.1,0.2,0.1922085929866958,0.038441718597339164,0.057662577896008746,0.03844171859733924,0.05766257789600868,0.019220859298669436,False,10000,1957554783658632269
allocation_reversal_3x3_strong_b0.2_e0.4_np200_nq100,allocation_reversal_3x3_strong_b0.2_e0.4,allocation_reversal,3x3,3,3,strong,equal_mi_different_shape,primary,200,100,0.5,2,0.4,0.2,0.1922085929866958,0.038441718597339164,0.11532515579201749,0.03844171859733924,0.11532515579195965,0.0768834371946204,False,10000,3467145554632745701
allocation_reversal_3x3_strong_b0.2_e0_np500_nq100,allocation_reversal_3x3_strong_b0.2_e0,allocation_reversal,3x3,3,3,strong,equal_mi_different_shape,primary,500,100,0.2,5,0.0,0.2,0.1922085929866958,0.038441718597339164,0.038441718597339164,0.03844171859733924,0.0384417185973391,1.3877787807814457e-16,False,10000,9782374096169685134
allocation_reversal_3x3_strong_b0.2_e0.1_np500_nq100,allocation_reversal_3x3_strong_b0.2_e0.1,allocation_reversal,3x3,3,3,strong,equal_mi_different_shape,primary,500,100,0.2,5,0.1,0.2,0.1922085929866958,0.038441718597339164,0.057662577896008746,0.03844171859733924,0.05766257789600868,0.019220859298669436,False,10000,46281876122477838
allocation_reversal_3x3_strong_b0.2_e0.4_np500_nq100,allocation_reversal_3x3_strong_b0.2_e0.4,allocation_reversal,3x3,3,3,strong,equal_mi_different_shape,primary,500,100,0.2,5,0.4,0.2,0.1922085929866958,0.038441718597339164,0.11532515579201749,0.03844171859733924,0.11532515579195965,0.0768834371946204,False,10000,12950285652623960123
allocation_reversal_3x3_strong_b0.2_e0_np100_nq10,allocation_reversal_3x3_strong_b0.2_e0,allocation_reversal,3x3,3,3,strong,equal_mi_different_shape,primary,100,10,0.1,10,0.0,0.2,0.1922085929866958,0.038441718597339164,0.038441718597339164,0.03844171859733924,0.0384417185973391,1.3877787807814457e-16,False,10000,7828583125503069144
allocation_reversal_3x3_strong_b0.2_e0.1_np100_nq10,allocation_reversal_3x3_strong_b0.2_e0.1,allocation_reversal,3x3,3,3,strong,equal_mi_different_shape,primary,100,10,0.1,10,0.1,0.2,0.1922085929866958,0.038441718597339164,0.057662577896008746,0.03844171859733924,0.05766257789600868,0.019220859298669436,False,10000,8923813039464817018
allocation_reversal_3x3_strong_b0.2_e0.4_np100_nq10,allocation_reversal_3x3_strong_b0.2_e0.4,allocation_reversal,3x3,3,3,strong,equal_mi_different_shape,primary,100,10,0.1,10,0.4,0.2,0.1922085929866958,0.038441718597339164,0.11532515579201749,0.03844171859733924,0.11532515579195965,0.0768834371946204,False,10000,9417564709769864564
allocation_reversal_3x3_strong_b0.2_e0_np20_nq10,allocation_reversal_3x3_strong_b0.2_e0,allocation_reversal,3x3,3,3,strong,equal_mi_different_shape,primary,20,10,0.5,2,0.0,0.2,0.1922085929866958,0.038441718597339164,0.038441718597339164,0.03844171859733924,0.0384417185973391,1.3877787807814457e-16,False,10000,11554833696183837626
allocation_reversal_3x3_strong_b0.2_e0.1_np20_nq10,allocation_reversal_3x3_strong_b0.2_e0.1,allocation_reversal,3x3,3,3,strong,equal_mi_different_shape,primary,20,10,0.5,2,0.1,0.2,0.1922085929866958,0.038441718597339164,0.057662577896008746,0.03844171859733924,0.05766257789600868,0.019220859298669436,False,10000,8639289599401683129
allocation_reversal_3x3_strong_b0.2_e0.4_np20_nq10,allocation_reversal_3x3_strong_b0.2_e0.4,allocation_reversal,3x3,3,3,strong,equal_mi_different_shape,primary,20,10,0.5,2,0.4,0.2,0.1922085929866958,0.038441718597339164,0.11532515579201749,0.03844171859733924,0.11532515579195965,0.0768834371946204,False,10000,1211599891743404692
allocation_reversal_3x3_strong_b0.2_e0_np50_nq10,allocation_reversal_3x3_strong_b0.2_e0,allocation_reversal,3x3,3,3,strong,equal_mi_different_shape,primary,50,10,0.2,5,0.0,0.2,0.1922085929866958,0.038441718597339164,0.038441718597339164,0.03844171859733924,0.0384417185973391,1.3877787807814457e-16,False,10000,5895176699320254486
allocation_reversal_3x3_strong_b0.2_e0.1_np50_nq10,allocation_reversal_3x3_strong_b0.2_e0.1,allocation_reversal,3x3,3,3,strong,equal_mi_different_shape,primary,50,10,0.2,5,0.1,0.2,0.1922085929866958,0.038441718597339164,0.057662577896008746,0.03844171859733924,0.05766257789600868,0.019220859298669436,False,10000,1666631944607931825
allocation_reversal_3x3_strong_b0.2_e0.4_np50_nq10,allocation_reversal_3x3_strong_b0.2_e0.4,allocation_reversal,3x3,3,3,strong,equal_mi_different_shape,primary,50,10,0.2,5,0.4,0.2,0.1922085929866958,0.038441718597339164,0.11532515579201749,0.03844171859733924,0.11532515579195965,0.0768834371946204,False,10000,12217671247657633767
allocation_reversal_3x3_strong_b0.2_e0_np100_nq20,allocation_reversal_3x3_strong_b0.2_e0,allocation_reversal,3x3,3,3,strong,equal_mi_different_shape,primary,100,20,0.2,5,0.0,0.2,0.1922085929866958,0.038441718597339164,0.038441718597339164,0.03844171859733924,0.0384417185973391,1.3877787807814457e-16,False,10000,8278977774181257631
allocation_reversal_3x3_strong_b0.2_e0.1_np100_nq20,allocation_reversal_3x3_strong_b0.2_e0.1,allocation_reversal,3x3,3,3,strong,equal_mi_different_shape,primary,100,20,0.2,5,0.1,0.2,0.1922085929866958,0.038441718597339164,0.057662577896008746,0.03844171859733924,0.05766257789600868,0.019220859298669436,False,10000,15856825339743243533
allocation_reversal_3x3_strong_b0.2_e0.4_np100_nq20,allocation_reversal_3x3_strong_b0.2_e0.4,allocation_reversal,3x3,3,3,strong,equal_mi_different_shape,primary,100,20,0.2,5,0.4,0.2,0.1922085929866958,0.038441718597339164,0.11532515579201749,0.03844171859733924,0.11532515579195965,0.0768834371946204,False,10000,1126576052521799325
allocation_reversal_3x3_strong_b0.2_e0_np200_nq20,allocation_reversal_3x3_strong_b0.2_e0,allocation_reversal,3x3,3,3,strong,equal_mi_different_shape,primary,200,20,0.1,10,0.0,0.2,0.1922085929866958,0.038441718597339164,0.038441718597339164,0.03844171859733924,0.0384417185973391,1.3877787807814457e-16,False,10000,5007347472299217283
allocation_reversal_3x3_strong_b0.2_e0.1_np200_nq20,allocation_reversal_3x3_strong_b0.2_e0.1,allocation_reversal,3x3,3,3,strong,equal_mi_different_shape,primary,200,20,0.1,10,0.1,0.2,0.1922085929866958,0.038441718597339164,0.057662577896008746,0.03844171859733924,0.05766257789600868,0.019220859298669436,False,10000,10629367472519456389
allocation_reversal_3x3_strong_b0.2_e0.4_np200_nq20,allocation_reversal_3x3_strong_b0.2_e0.4,allocation_reversal,3x3,3,3,strong,equal_mi_different_shape,primary,200,20,0.1,10,0.4,0.2,0.1922085929866958,0.038441718597339164,0.11532515579201749,0.03844171859733924,0.11532515579195965,0.0768834371946204,False,10000,5013879535386000584
allocation_reversal_3x3_strong_b0.2_e0_np40_nq20,allocation_reversal_3x3_strong_b0.2_e0,allocation_reversal,3x3,3,3,strong,equal_mi_different_shape,primary,40,20,0.5,2,0.0,0.2,0.1922085929866958,0.038441718597339164,0.038441718597339164,0.03844171859733924,0.0384417185973391,1.3877787807814457e-16,False,10000,4843399839924349872
allocation_reversal_3x3_strong_b0.2_e0.1_np40_nq20,allocation_reversal_3x3_strong_b0.2_e0.1,allocation_reversal,3x3,3,3,strong,equal_mi_different_shape,primary,40,20,0.5,2,0.1,0.2,0.1922085929866958,0.038441718597339164,0.057662577896008746,0.03844171859733924,0.05766257789600868,0.019220859298669436,False,10000,7047235682005386395
allocation_reversal_3x3_strong_b0.2_e0.4_np40_nq20,allocation_reversal_3x3_strong_b0.2_e0.4,allocation_reversal,3x3,3,3,strong,equal_mi_different_shape,primary,40,20,0.5,2,0.4,0.2,0.1922085929866958,0.038441718597339164,0.11532515579201749,0.03844171859733924,0.11532515579195965,0.0768834371946204,False,10000,10799281669306354286
allocation_reversal_3x3_strong_b0.2_e0_np100_nq50,allocation_reversal_3x3_strong_b0.2_e0,allocation_reversal,3x3,3,3,strong,equal_mi_different_shape,primary,100,50,0.5,2,0.0,0.2,0.1922085929866958,0.038441718597339164,0.038441718597339164,0.03844171859733924,0.0384417185973391,1.3877787807814457e-16,False,10000,14722696206237727649
allocation_reversal_3x3_strong_b0.2_e0.1_np100_nq50,allocation_reversal_3x3_strong_b0.2_e0.1,allocation_reversal,3x3,3,3,strong,equal_mi_different_shape,primary,100,50,0.5,2,0.1,0.2,0.1922085929866958,0.038441718597339164,0.057662577896008746,0.03844171859733924,0.05766257789600868,0.019220859298669436,False,10000,14187499095001655530
allocation_reversal_3x3_strong_b0.2_e0.4_np100_nq50,allocation_reversal_3x3_strong_b0.2_e0.4,allocation_reversal,3x3,3,3,strong,equal_mi_different_shape,primary,100,50,0.5,2,0.4,0.2,0.1922085929866958,0.038441718597339164,0.11532515579201749,0.03844171859733924,0.11532515579195965,0.0768834371946204,False,10000,6969427406036800328
allocation_reversal_3x3_strong_b0.2_e0_np250_nq50,allocation_reversal_3x3_strong_b0.2_e0,allocation_reversal,3x3,3,3,strong,equal_mi_different_shape,primary,250,50,0.2,5,0.0,0.2,0.1922085929866958,0.038441718597339164,0.038441718597339164,0.03844171859733924,0.0384417185973391,1.3877787807814457e-16,False,10000,2713099653724482498
allocation_reversal_3x3_strong_b0.2_e0.1_np250_nq50,allocation_reversal_3x3_strong_b0.2_e0.1,allocation_reversal,3x3,3,3,strong,equal_mi_different_shape,primary,250,50,0.2,5,0.1,0.2,0.1922085929866958,0.038441718597339164,0.057662577896008746,0.03844171859733924,0.05766257789600868,0.019220859298669436,False,10000,12743156188203249746
allocation_reversal_3x3_strong_b0.2_e0.4_np250_nq50,allocation_reversal_3x3_strong_b0.2_e0.4,allocation_reversal,3x3,3,3,strong,equal_mi_different_shape,primary,250,50,0.2,5,0.4,0.2,0.1922085929866958,0.038441718597339164,0.11532515579201749,0.03844171859733924,0.11532515579195965,0.0768834371946204,False,10000,2085351894623059069
allocation_reversal_3x3_strong_b0.2_e0_np500_nq50,allocation_reversal_3x3_strong_b0.2_e0,allocation_reversal,3x3,3,3,strong,equal_mi_different_shape,primary,500,50,0.1,10,0.0,0.2,0.1922085929866958,0.038441718597339164,0.038441718597339164,0.03844171859733924,0.0384417185973391,1.3877787807814457e-16,False,10000,15740683885164526628
allocation_reversal_3x3_strong_b0.2_e0.1_np500_nq50,allocation_reversal_3x3_strong_b0.2_e0.1,allocation_reversal,3x3,3,3,strong,equal_mi_different_shape,primary,500,50,0.1,10,0.1,0.2,0.1922085929866958,0.038441718597339164,0.057662577896008746,0.03844171859733924,0.05766257789600868,0.019220859298669436,False,10000,13191620785210680756
allocation_reversal_3x3_strong_b0.2_e0.4_np500_nq50,allocation_reversal_3x3_strong_b0.2_e0.4,allocation_reversal,3x3,3,3,strong,equal_mi_different_shape,primary,500,50,0.1,10,0.4,0.2,0.1922085929866958,0.038441718597339164,0.11532515579201749,0.03844171859733924,0.11532515579195965,0.0768834371946204,False,10000,16209406521035367601
allocation_reversal_3x3_strong_b0.2_e0_np10_nq5,allocation_reversal_3x3_strong_b0.2_e0,allocation_reversal,3x3,3,3,strong,equal_mi_different_shape,primary,10,5,0.5,2,0.0,0.2,0.1922085929866958,0.038441718597339164,0.038441718597339164,0.03844171859733924,0.0384417185973391,1.3877787807814457e-16,False,10000,17773865524526973024
allocation_reversal_3x3_strong_b0.2_e0.1_np10_nq5,allocation_reversal_3x3_strong_b0.2_e0.1,allocation_reversal,3x3,3,3,strong,equal_mi_different_shape,primary,10,5,0.5,2,0.1,0.2,0.1922085929866958,0.038441718597339164,0.057662577896008746,0.03844171859733924,0.05766257789600868,0.019220859298669436,False,10000,18207227654204519995
allocation_reversal_3x3_strong_b0.2_e0.4_np10_nq5,allocation_reversal_3x3_strong_b0.2_e0.4,allocation_reversal,3x3,3,3,strong,equal_mi_different_shape,primary,10,5,0.5,2,0.4,0.2,0.1922085929866958,0.038441718597339164,0.11532515579201749,0.03844171859733924,0.11532515579195965,0.0768834371946204,False,10000,15631987299344886561
allocation_reversal_3x3_strong_b0.2_e0_np25_nq5,allocation_reversal_3x3_strong_b0.2_e0,allocation_reversal,3x3,3,3,strong,equal_mi_different_shape,primary,25,5,0.2,5,0.0,0.2,0.1922085929866958,0.038441718597339164,0.038441718597339164,0.03844171859733924,0.0384417185973391,1.3877787807814457e-16,False,10000,642521770948788610
allocation_reversal_3x3_strong_b0.2_e0.1_np25_nq5,allocation_reversal_3x3_strong_b0.2_e0.1,allocation_reversal,3x3,3,3,strong,equal_mi_different_shape,primary,25,5,0.2,5,0.1,0.2,0.1922085929866958,0.038441718597339164,0.057662577896008746,0.03844171859733924,0.05766257789600868,0.019220859298669436,False,10000,1456642217312345507
allocation_reversal_3x3_strong_b0.2_e0.4_np25_nq5,allocation_reversal_3x3_strong_b0.2_e0.4,allocation_reversal,3x3,3,3,strong,equal_mi_different_shape,primary,25,5,0.2,5,0.4,0.2,0.1922085929866958,0.038441718597339164,0.11532515579201749,0.03844171859733924,0.11532515579195965,0.0768834371946204,False,10000,9207169585924320926
allocation_reversal_3x3_strong_b0.2_e0_np50_nq5,allocation_reversal_3x3_strong_b0.2_e0,allocation_reversal,3x3,3,3,strong,equal_mi_different_shape,primary,50,5,0.1,10,0.0,0.2,0.1922085929866958,0.038441718597339164,0.038441718597339164,0.03844171859733924,0.0384417185973391,1.3877787807814457e-16,False,10000,1661494535027840575
allocation_reversal_3x3_strong_b0.2_e0.1_np50_nq5,allocation_reversal_3x3_strong_b0.2_e0.1,allocation_reversal,3x3,3,3,strong,equal_mi_different_shape,primary,50,5,0.1,10,0.1,0.2,0.1922085929866958,0.038441718597339164,0.057662577896008746,0.03844171859733924,0.05766257789600868,0.019220859298669436,False,10000,17362644055088129307
allocation_reversal_3x3_strong_b0.2_e0.4_np50_nq5,allocation_reversal_3x3_strong_b0.2_e0.4,allocation_reversal,3x3,3,3,strong,equal_mi_different_shape,primary,50,5,0.1,10,0.4,0.2,0.1922085929866958,0.038441718597339164,0.11532515579201749,0.03844171859733924,0.11532515579195965,0.0768834371946204,False,10000,14255185735370567513
allocation_reversal_3x3_ultra_b0.2_e0_np1000_nq100,allocation_reversal_3x3_ultra_b0.2_e0,allocation_reversal,3x3,3,3,ultra,equal_mi_different_shape,primary,1000,100,0.1,10,0.0,0.2,0.1129845931506304,0.022596918630126084,0.022596918630126084,0.02259691863027121,0.022596918630126177,1.4503329093251693e-13,False,10000,2052316490675190688
allocation_reversal_3x3_ultra_b0.2_e0.1_np1000_nq100,allocation_reversal_3x3_ultra_b0.2_e0.1,allocation_reversal,3x3,3,3,ultra,equal_mi_different_shape,primary,1000,100,0.1,10,0.1,0.2,0.1129845931506304,0.022596918630126084,0.033895377945189126,0.02259691863027121,0.03389537794518881,0.011298459314917596,False,10000,12180868529726688264
allocation_reversal_3x3_ultra_b0.2_e0.4_np1000_nq100,allocation_reversal_3x3_ultra_b0.2_e0.4,allocation_reversal,3x3,3,3,ultra,equal_mi_different_shape,primary,1000,100,0.1,10,0.4,0.2,0.1129845931506304,0.022596918630126084,0.06779075589037825,0.02259691863027121,0.06779075589043743,0.045193837260166216,False,10000,1030934597341968038
allocation_reversal_3x3_ultra_b0.2_e0_np200_nq100,allocation_reversal_3x3_ultra_b0.2_e0,allocation_reversal,3x3,3,3,ultra,equal_mi_different_shape,primary,200,100,0.5,2,0.0,0.2,0.1129845931506304,0.022596918630126084,0.022596918630126084,0.02259691863027121,0.022596918630126177,1.4503329093251693e-13,False,10000,9307170472161901285
allocation_reversal_3x3_ultra_b0.2_e0.1_np200_nq100,allocation_reversal_3x3_ultra_b0.2_e0.1,allocation_reversal,3x3,3,3,ultra,equal_mi_different_shape,primary,200,100,0.5,2,0.1,0.2,0.1129845931506304,0.022596918630126084,0.033895377945189126,0.02259691863027121,0.03389537794518881,0.011298459314917596,False,10000,14109837645153474774
allocation_reversal_3x3_ultra_b0.2_e0.4_np200_nq100,allocation_reversal_3x3_ultra_b0.2_e0.4,allocation_reversal,3x3,3,3,ultra,equal_mi_different_shape,primary,200,100,0.5,2,0.4,0.2,0.1129845931506304,0.022596918630126084,0.06779075589037825,0.02259691863027121,0.06779075589043743,0.045193837260166216,False,10000,5642075830030161573
allocation_reversal_3x3_ultra_b0.2_e0_np500_nq100,allocation_reversal_3x3_ultra_b0.2_e0,allocation_reversal,3x3,3,3,ultra,equal_mi_different_shape,primary,500,100,0.2,5,0.0,0.2,0.1129845931506304,0.022596918630126084,0.022596918630126084,0.02259691863027121,0.022596918630126177,1.4503329093251693e-13,False,10000,10566941988163179684
allocation_reversal_3x3_ultra_b0.2_e0.1_np500_nq100,allocation_reversal_3x3_ultra_b0.2_e0.1,allocation_reversal,3x3,3,3,ultra,equal_mi_different_shape,primary,500,100,0.2,5,0.1,0.2,0.1129845931506304,0.022596918630126084,0.033895377945189126,0.02259691863027121,0.03389537794518881,0.011298459314917596,False,10000,1089546657276668930
allocation_reversal_3x3_ultra_b0.2_e0.4_np500_nq100,allocation_reversal_3x3_ultra_b0.2_e0.4,allocation_reversal,3x3,3,3,ultra,equal_mi_different_shape,primary,500,100,0.2,5,0.4,0.2,0.1129845931506304,0.022596918630126084,0.06779075589037825,0.02259691863027121,0.06779075589043743,0.045193837260166216,False,10000,6050801323116981003
allocation_reversal_3x3_ultra_b0.2_e0_np100_nq10,allocation_reversal_3x3_ultra_b0.2_e0,allocation_reversal,3x3,3,3,ultra,equal_mi_different_shape,primary,100,10,0.1,10,0.0,0.2,0.1129845931506304,0.022596918630126084,0.022596918630126084,0.02259691863027121,0.022596918630126177,1.4503329093251693e-13,False,10000,669065795454064933
allocation_reversal_3x3_ultra_b0.2_e0.1_np100_nq10,allocation_reversal_3x3_ultra_b0.2_e0.1,allocation_reversal,3x3,3,3,ultra,equal_mi_different_shape,primary,100,10,0.1,10,0.1,0.2,0.1129845931506304,0.022596918630126084,0.033895377945189126,0.02259691863027121,0.03389537794518881,0.011298459314917596,False,10000,9794773207603259602
allocation_reversal_3x3_ultra_b0.2_e0.4_np100_nq10,allocation_reversal_3x3_ultra_b0.2_e0.4,allocation_reversal,3x3,3,3,ultra,equal_mi_different_shape,primary,100,10,0.1,10,0.4,0.2,0.1129845931506304,0.022596918630126084,0.06779075589037825,0.02259691863027121,0.06779075589043743,0.045193837260166216,False,10000,10993852217860521021
allocation_reversal_3x3_ultra_b0.2_e0_np20_nq10,allocation_reversal_3x3_ultra_b0.2_e0,allocation_reversal,3x3,3,3,ultra,equal_mi_different_shape,primary,20,10,0.5,2,0.0,0.2,0.1129845931506304,0.022596918630126084,0.022596918630126084,0.02259691863027121,0.022596918630126177,1.4503329093251693e-13,False,10000,16729790288551890535
allocation_reversal_3x3_ultra_b0.2_e0.1_np20_nq10,allocation_reversal_3x3_ultra_b0.2_e0.1,allocation_reversal,3x3,3,3,ultra,equal_mi_different_shape,primary,20,10,0.5,2,0.1,0.2,0.1129845931506304,0.022596918630126084,0.033895377945189126,0.02259691863027121,0.03389537794518881,0.011298459314917596,False,10000,3861021162564341084
allocation_reversal_3x3_ultra_b0.2_e0.4_np20_nq10,allocation_reversal_3x3_ultra_b0.2_e0.4,allocation_reversal,3x3,3,3,ultra,equal_mi_different_shape,primary,20,10,0.5,2,0.4,0.2,0.1129845931506304,0.022596918630126084,0.06779075589037825,0.02259691863027121,0.06779075589043743,0.045193837260166216,False,10000,1136827070479336251
allocation_reversal_3x3_ultra_b0.2_e0_np50_nq10,allocation_reversal_3x3_ultra_b0.2_e0,allocation_reversal,3x3,3,3,ultra,equal_mi_different_shape,primary,50,10,0.2,5,0.0,0.2,0.1129845931506304,0.022596918630126084,0.022596918630126084,0.02259691863027121,0.022596918630126177,1.4503329093251693e-13,False,10000,7399420832928267922
allocation_reversal_3x3_ultra_b0.2_e0.1_np50_nq10,allocation_reversal_3x3_ultra_b0.2_e0.1,allocation_reversal,3x3,3,3,ultra,equal_mi_different_shape,primary,50,10,0.2,5,0.1,0.2,0.1129845931506304,0.022596918630126084,0.033895377945189126,0.02259691863027121,0.03389537794518881,0.011298459314917596,False,10000,14893915211342447166
allocation_reversal_3x3_ultra_b0.2_e0.4_np50_nq10,allocation_reversal_3x3_ultra_b0.2_e0.4,allocation_reversal,3x3,3,3,ultra,equal_mi_different_shape,primary,50,10,0.2,5,0.4,0.2,0.1129845931506304,0.022596918630126084,0.06779075589037825,0.02259691863027121,0.06779075589043743,0.045193837260166216,False,10000,4572001580492138466
allocation_reversal_3x3_ultra_b0.2_e0_np100_nq20,allocation_reversal_3x3_ultra_b0.2_e0,allocation_reversal,3x3,3,3,ultra,equal_mi_different_shape,primary,100,20,0.2,5,0.0,0.2,0.1129845931506304,0.022596918630126084,0.022596918630126084,0.02259691863027121,0.022596918630126177,1.4503329093251693e-13,False,10000,10834608800998263248
allocation_reversal_3x3_ultra_b0.2_e0.1_np100_nq20,allocation_reversal_3x3_ultra_b0.2_e0.1,allocation_reversal,3x3,3,3,ultra,equal_mi_different_shape,primary,100,20,0.2,5,0.1,0.2,0.1129845931506304,0.022596918630126084,0.033895377945189126,0.02259691863027121,0.03389537794518881,0.011298459314917596,False,10000,1379232645697090636
allocation_reversal_3x3_ultra_b0.2_e0.4_np100_nq20,allocation_reversal_3x3_ultra_b0.2_e0.4,allocation_reversal,3x3,3,3,ultra,equal_mi_different_shape,primary,100,20,0.2,5,0.4,0.2,0.1129845931506304,0.022596918630126084,0.06779075589037825,0.02259691863027121,0.06779075589043743,0.045193837260166216,False,10000,2764737757857298382
allocation_reversal_3x3_ultra_b0.2_e0_np200_nq20,allocation_reversal_3x3_ultra_b0.2_e0,allocation_reversal,3x3,3,3,ultra,equal_mi_different_shape,primary,200,20,0.1,10,0.0,0.2,0.1129845931506304,0.022596918630126084,0.022596918630126084,0.02259691863027121,0.022596918630126177,1.4503329093251693e-13,False,10000,4589924059977868876
allocation_reversal_3x3_ultra_b0.2_e0.1_np200_nq20,allocation_reversal_3x3_ultra_b0.2_e0.1,allocation_reversal,3x3,3,3,ultra,equal_mi_different_shape,primary,200,20,0.1,10,0.1,0.2,0.1129845931506304,0.022596918630126084,0.033895377945189126,0.02259691863027121,0.03389537794518881,0.011298459314917596,False,10000,2111589090076444193
allocation_reversal_3x3_ultra_b0.2_e0.4_np200_nq20,allocation_reversal_3x3_ultra_b0.2_e0.4,allocation_reversal,3x3,3,3,ultra,equal_mi_different_shape,primary,200,20,0.1,10,0.4,0.2,0.1129845931506304,0.022596918630126084,0.06779075589037825,0.02259691863027121,0.06779075589043743,0.045193837260166216,False,10000,4356461683481787212
allocation_reversal_3x3_ultra_b0.2_e0_np40_nq20,allocation_reversal_3x3_ultra_b0.2_e0,allocation_reversal,3x3,3,3,ultra,equal_mi_different_shape,primary,40,20,0.5,2,0.0,0.2,0.1129845931506304,0.022596918630126084,0.022596918630126084,0.02259691863027121,0.022596918630126177,1.4503329093251693e-13,False,10000,6554808936523632555
allocation_reversal_3x3_ultra_b0.2_e0.1_np40_nq20,allocation_reversal_3x3_ultra_b0.2_e0.1,allocation_reversal,3x3,3,3,ultra,equal_mi_different_shape,primary,40,20,0.5,2,0.1,0.2,0.1129845931506304,0.022596918630126084,0.033895377945189126,0.02259691863027121,0.03389537794518881,0.011298459314917596,False,10000,5197368715449285053
allocation_reversal_3x3_ultra_b0.2_e0.4_np40_nq20,allocation_reversal_3x3_ultra_b0.2_e0.4,allocation_reversal,3x3,3,3,ultra,equal_mi_different_shape,primary,40,20,0.5,2,0.4,0.2,0.1129845931506304,0.022596918630126084,0.06779075589037825,0.02259691863027121,0.06779075589043743,0.045193837260166216,False,10000,7890631622620768953
allocation_reversal_3x3_ultra_b0.2_e0_np100_nq50,allocation_reversal_3x3_ultra_b0.2_e0,allocation_reversal,3x3,3,3,ultra,equal_mi_different_shape,primary,100,50,0.5,2,0.0,0.2,0.1129845931506304,0.022596918630126084,0.022596918630126084,0.02259691863027121,0.022596918630126177,1.4503329093251693e-13,False,10000,627406697462089777
allocation_reversal_3x3_ultra_b0.2_e0.1_np100_nq50,allocation_reversal_3x3_ultra_b0.2_e0.1,allocation_reversal,3x3,3,3,ultra,equal_mi_different_shape,primary,100,50,0.5,2,0.1,0.2,0.1129845931506304,0.022596918630126084,0.033895377945189126,0.02259691863027121,0.03389537794518881,0.011298459314917596,False,10000,14403013137248457881
allocation_reversal_3x3_ultra_b0.2_e0.4_np100_nq50,allocation_reversal_3x3_ultra_b0.2_e0.4,allocation_reversal,3x3,3,3,ultra,equal_mi_different_shape,primary,100,50,0.5,2,0.4,0.2,0.1129845931506304,0.022596918630126084,0.06779075589037825,0.02259691863027121,0.06779075589043743,0.045193837260166216,False,10000,4289481241541245976
allocation_reversal_3x3_ultra_b0.2_e0_np250_nq50,allocation_reversal_3x3_ultra_b0.2_e0,allocation_reversal,3x3,3,3,ultra,equal_mi_different_shape,primary,250,50,0.2,5,0.0,0.2,0.1129845931506304,0.022596918630126084,0.022596918630126084,0.02259691863027121,0.022596918630126177,1.4503329093251693e-13,False,10000,11354601592049747637
allocation_reversal_3x3_ultra_b0.2_e0.1_np250_nq50,allocation_reversal_3x3_ultra_b0.2_e0.1,allocation_reversal,3x3,3,3,ultra,equal_mi_different_shape,primary,250,50,0.2,5,0.1,0.2,0.1129845931506304,0.022596918630126084,0.033895377945189126,0.02259691863027121,0.03389537794518881,0.011298459314917596,False,10000,17179331428577306826
allocation_reversal_3x3_ultra_b0.2_e0.4_np250_nq50,allocation_reversal_3x3_ultra_b0.2_e0.4,allocation_reversal,3x3,3,3,ultra,equal_mi_different_shape,primary,250,50,0.2,5,0.4,0.2,0.1129845931506304,0.022596918630126084,0.06779075589037825,0.02259691863027121,0.06779075589043743,0.045193837260166216,False,10000,14760481688864063570
allocation_reversal_3x3_ultra_b0.2_e0_np500_nq50,allocation_reversal_3x3_ultra_b0.2_e0,allocation_reversal,3x3,3,3,ultra,equal_mi_different_shape,primary,500,50,0.1,10,0.0,0.2,0.1129845931506304,0.022596918630126084,0.022596918630126084,0.02259691863027121,0.022596918630126177,1.4503329093251693e-13,False,10000,3073275309264340150
allocation_reversal_3x3_ultra_b0.2_e0.1_np500_nq50,allocation_reversal_3x3_ultra_b0.2_e0.1,allocation_reversal,3x3,3,3,ultra,equal_mi_different_shape,primary,500,50,0.1,10,0.1,0.2,0.1129845931506304,0.022596918630126084,0.033895377945189126,0.02259691863027121,0.03389537794518881,0.011298459314917596,False,10000,1178491108179494426
allocation_reversal_3x3_ultra_b0.2_e0.4_np500_nq50,allocation_reversal_3x3_ultra_b0.2_e0.4,allocation_reversal,3x3,3,3,ultra,equal_mi_different_shape,primary,500,50,0.1,10,0.4,0.2,0.1129845931506304,0.022596918630126084,0.06779075589037825,0.02259691863027121,0.06779075589043743,0.045193837260166216,False,10000,17670983652357823554
allocation_reversal_3x3_ultra_b0.2_e0_np10_nq5,allocation_reversal_3x3_ultra_b0.2_e0,allocation_reversal,3x3,3,3,ultra,equal_mi_different_shape,primary,10,5,0.5,2,0.0,0.2,0.1129845931506304,0.022596918630126084,0.022596918630126084,0.02259691863027121,0.022596918630126177,1.4503329093251693e-13,False,10000,13748663304504955539
allocation_reversal_3x3_ultra_b0.2_e0.1_np10_nq5,allocation_reversal_3x3_ultra_b0.2_e0.1,allocation_reversal,3x3,3,3,ultra,equal_mi_different_shape,primary,10,5,0.5,2,0.1,0.2,0.1129845931506304,0.022596918630126084,0.033895377945189126,0.02259691863027121,0.03389537794518881,0.011298459314917596,False,10000,18409252076817832508
allocation_reversal_3x3_ultra_b0.2_e0.4_np10_nq5,allocation_reversal_3x3_ultra_b0.2_e0.4,allocation_reversal,3x3,3,3,ultra,equal_mi_different_shape,primary,10,5,0.5,2,0.4,0.2,0.1129845931506304,0.022596918630126084,0.06779075589037825,0.02259691863027121,0.06779075589043743,0.045193837260166216,False,10000,5597303696766513005
allocation_reversal_3x3_ultra_b0.2_e0_np25_nq5,allocation_reversal_3x3_ultra_b0.2_e0,allocation_reversal,3x3,3,3,ultra,equal_mi_different_shape,primary,25,5,0.2,5,0.0,0.2,0.1129845931506304,0.022596918630126084,0.022596918630126084,0.02259691863027121,0.022596918630126177,1.4503329093251693e-13,False,10000,13410899480539212444
allocation_reversal_3x3_ultra_b0.2_e0.1_np25_nq5,allocation_reversal_3x3_ultra_b0.2_e0.1,allocation_reversal,3x3,3,3,ultra,equal_mi_different_shape,primary,25,5,0.2,5,0.1,0.2,0.1129845931506304,0.022596918630126084,0.033895377945189126,0.02259691863027121,0.03389537794518881,0.011298459314917596,False,10000,8285668877714574130
allocation_reversal_3x3_ultra_b0.2_e0.4_np25_nq5,allocation_reversal_3x3_ultra_b0.2_e0.4,allocation_reversal,3x3,3,3,ultra,equal_mi_different_shape,primary,25,5,0.2,5,0.4,0.2,0.1129845931506304,0.022596918630126084,0.06779075589037825,0.02259691863027121,0.06779075589043743,0.045193837260166216,False,10000,7123715799246656961
allocation_reversal_3x3_ultra_b0.2_e0_np50_nq5,allocation_reversal_3x3_ultra_b0.2_e0,allocation_reversal,3x3,3,3,ultra,equal_mi_different_shape,primary,50,5,0.1,10,0.0,0.2,0.1129845931506304,0.022596918630126084,0.022596918630126084,0.02259691863027121,0.022596918630126177,1.4503329093251693e-13,False,10000,16991260025801780348
allocation_reversal_3x3_ultra_b0.2_e0.1_np50_nq5,allocation_reversal_3x3_ultra_b0.2_e0.1,allocation_reversal,3x3,3,3,ultra,equal_mi_different_shape,primary,50,5,0.1,10,0.1,0.2,0.1129845931506304,0.022596918630126084,0.033895377945189126,0.02259691863027121,0.03389537794518881,0.011298459314917596,False,10000,5777760838662631272
allocation_reversal_3x3_ultra_b0.2_e0.4_np50_nq5,allocation_reversal_3x3_ultra_b0.2_e0.4,allocation_reversal,3x3,3,3,ultra,equal_mi_different_shape,primary,50,5,0.1,10,0.4,0.2,0.1129845931506304,0.022596918630126084,0.06779075589037825,0.02259691863027121,0.06779075589043743,0.045193837260166216,False,10000,3019557054534833663
allocation_reversal_5x5_strong_b0.2_e0_np1000_nq100,allocation_reversal_5x5_strong_b0.2_e0,allocation_reversal,5x5,5,5,strong,equal_mi_different_shape,primary,1000,100,0.1,10,0.0,0.2,0.3360339010727185,0.06720678021454371,0.06720678021454371,0.06720678021461499,0.06720678021454372,7.126244039312724e-14,False,10000,4355481568794569295
allocation_reversal_5x5_strong_b0.2_e0.1_np1000_nq100,allocation_reversal_5x5_strong_b0.2_e0.1,allocation_reversal,5x5,5,5,strong,equal_mi_different_shape,primary,1000,100,0.1,10,0.1,0.2,0.3360339010727185,0.06720678021454371,0.10081017032181556,0.06720678021461499,0.10081017032181565,0.03360339010720066,False,10000,15665013734736911758
allocation_reversal_5x5_strong_b0.2_e0.4_np1000_nq100,allocation_reversal_5x5_strong_b0.2_e0.4,allocation_reversal,5x5,5,5,strong,equal_mi_different_shape,primary,1000,100,0.1,10,0.4,0.2,0.3360339010727185,0.06720678021454371,0.20162034064363113,0.06720678021461499,0.20162034064363096,0.13441356042901598,False,10000,10022628260271298998
allocation_reversal_5x5_strong_b0.2_e0_np200_nq100,allocation_reversal_5x5_strong_b0.2_e0,allocation_reversal,5x5,5,5,strong,equal_mi_different_shape,primary,200,100,0.5,2,0.0,0.2,0.3360339010727185,0.06720678021454371,0.06720678021454371,0.06720678021461499,0.06720678021454372,7.126244039312724e-14,False,10000,7002988326495411071
allocation_reversal_5x5_strong_b0.2_e0.1_np200_nq100,allocation_reversal_5x5_strong_b0.2_e0.1,allocation_reversal,5x5,5,5,strong,equal_mi_different_shape,primary,200,100,0.5,2,0.1,0.2,0.3360339010727185,0.06720678021454371,0.10081017032181556,0.06720678021461499,0.10081017032181565,0.03360339010720066,False,10000,2675324230534927485
allocation_reversal_5x5_strong_b0.2_e0.4_np200_nq100,allocation_reversal_5x5_strong_b0.2_e0.4,allocation_reversal,5x5,5,5,strong,equal_mi_different_shape,primary,200,100,0.5,2,0.4,0.2,0.3360339010727185,0.06720678021454371,0.20162034064363113,0.06720678021461499,0.20162034064363096,0.13441356042901598,False,10000,6415920320956682979
allocation_reversal_5x5_strong_b0.2_e0_np500_nq100,allocation_reversal_5x5_strong_b0.2_e0,allocation_reversal,5x5,5,5,strong,equal_mi_different_shape,primary,500,100,0.2,5,0.0,0.2,0.3360339010727185,0.06720678021454371,0.06720678021454371,0.06720678021461499,0.06720678021454372,7.126244039312724e-14,False,10000,12797364488560076300
allocation_reversal_5x5_strong_b0.2_e0.1_np500_nq100,allocation_reversal_5x5_strong_b0.2_e0.1,allocation_reversal,5x5,5,5,strong,equal_mi_different_shape,primary,500,100,0.2,5,0.1,0.2,0.3360339010727185,0.06720678021454371,0.10081017032181556,0.06720678021461499,0.10081017032181565,0.03360339010720066,False,10000,7577626249520180654
allocation_reversal_5x5_strong_b0.2_e0.4_np500_nq100,allocation_reversal_5x5_strong_b0.2_e0.4,allocation_reversal,5x5,5,5,strong,equal_mi_different_shape,primary,500,100,0.2,5,0.4,0.2,0.3360339010727185,0.06720678021454371,0.20162034064363113,0.06720678021461499,0.20162034064363096,0.13441356042901598,False,10000,11066788775062516308
allocation_reversal_5x5_strong_b0.2_e0_np100_nq10,allocation_reversal_5x5_strong_b0.2_e0,allocation_reversal,5x5,5,5,strong,equal_mi_different_shape,primary,100,10,0.1,10,0.0,0.2,0.3360339010727185,0.06720678021454371,0.06720678021454371,0.06720678021461499,0.06720678021454372,7.126244039312724e-14,False,10000,132188014627749501
allocation_reversal_5x5_strong_b0.2_e0.1_np100_nq10,allocation_reversal_5x5_strong_b0.2_e0.1,allocation_reversal,5x5,5,5,strong,equal_mi_different_shape,primary,100,10,0.1,10,0.1,0.2,0.3360339010727185,0.06720678021454371,0.10081017032181556,0.06720678021461499,0.10081017032181565,0.03360339010720066,False,10000,8037608566171823214
allocation_reversal_5x5_strong_b0.2_e0.4_np100_nq10,allocation_reversal_5x5_strong_b0.2_e0.4,allocation_reversal,5x5,5,5,strong,equal_mi_different_shape,primary,100,10,0.1,10,0.4,0.2,0.3360339010727185,0.06720678021454371,0.20162034064363113,0.06720678021461499,0.20162034064363096,0.13441356042901598,False,10000,6032886430388240764
allocation_reversal_5x5_strong_b0.2_e0_np20_nq10,allocation_reversal_5x5_strong_b0.2_e0,allocation_reversal,5x5,5,5,strong,equal_mi_different_shape,primary,20,10,0.5,2,0.0,0.2,0.3360339010727185,0.06720678021454371,0.06720678021454371,0.06720678021461499,0.06720678021454372,7.126244039312724e-14,False,10000,17513606143643946142
allocation_reversal_5x5_strong_b0.2_e0.1_np20_nq10,allocation_reversal_5x5_strong_b0.2_e0.1,allocation_reversal,5x5,5,5,strong,equal_mi_different_shape,primary,20,10,0.5,2,0.1,0.2,0.3360339010727185,0.06720678021454371,0.10081017032181556,0.06720678021461499,0.10081017032181565,0.03360339010720066,False,10000,718200944833866081
allocation_reversal_5x5_strong_b0.2_e0.4_np20_nq10,allocation_reversal_5x5_strong_b0.2_e0.4,allocation_reversal,5x5,5,5,strong,equal_mi_different_shape,primary,20,10,0.5,2,0.4,0.2,0.3360339010727185,0.06720678021454371,0.20162034064363113,0.06720678021461499,0.20162034064363096,0.13441356042901598,False,10000,2793198379073501827
allocation_reversal_5x5_strong_b0.2_e0_np50_nq10,allocation_reversal_5x5_strong_b0.2_e0,allocation_reversal,5x5,5,5,strong,equal_mi_different_shape,primary,50,10,0.2,5,0.0,0.2,0.3360339010727185,0.06720678021454371,0.06720678021454371,0.06720678021461499,0.06720678021454372,7.126244039312724e-14,False,10000,13709746959466070646
allocation_reversal_5x5_strong_b0.2_e0.1_np50_nq10,allocation_reversal_5x5_strong_b0.2_e0.1,allocation_reversal,5x5,5,5,strong,equal_mi_different_shape,primary,50,10,0.2,5,0.1,0.2,0.3360339010727185,0.06720678021454371,0.10081017032181556,0.06720678021461499,0.10081017032181565,0.03360339010720066,False,10000,16792830146832026289
allocation_reversal_5x5_strong_b0.2_e0.4_np50_nq10,allocation_reversal_5x5_strong_b0.2_e0.4,allocation_reversal,5x5,5,5,strong,equal_mi_different_shape,primary,50,10,0.2,5,0.4,0.2,0.3360339010727185,0.06720678021454371,0.20162034064363113,0.06720678021461499,0.20162034064363096,0.13441356042901598,False,10000,4997179343291644521
allocation_reversal_5x5_strong_b0.2_e0_np100_nq20,allocation_reversal_5x5_strong_b0.2_e0,allocation_reversal,5x5,5,5,strong,equal_mi_different_shape,primary,100,20,0.2,5,0.0,0.2,0.3360339010727185,0.06720678021454371,0.06720678021454371,0.06720678021461499,0.06720678021454372,7.126244039312724e-14,False,10000,13802759983614925817
allocation_reversal_5x5_strong_b0.2_e0.1_np100_nq20,allocation_reversal_5x5_strong_b0.2_e0.1,allocation_reversal,5x5,5,5,strong,equal_mi_different_shape,primary,100,20,0.2,5,0.1,0.2,0.3360339010727185,0.06720678021454371,0.10081017032181556,0.06720678021461499,0.10081017032181565,0.03360339010720066,False,10000,9598581518223771683
allocation_reversal_5x5_strong_b0.2_e0.4_np100_nq20,allocation_reversal_5x5_strong_b0.2_e0.4,allocation_reversal,5x5,5,5,strong,equal_mi_different_shape,primary,100,20,0.2,5,0.4,0.2,0.3360339010727185,0.06720678021454371,0.20162034064363113,0.06720678021461499,0.20162034064363096,0.13441356042901598,False,10000,11673060869718701049
allocation_reversal_5x5_strong_b0.2_e0_np200_nq20,allocation_reversal_5x5_strong_b0.2_e0,allocation_reversal,5x5,5,5,strong,equal_mi_different_shape,primary,200,20,0.1,10,0.0,0.2,0.3360339010727185,0.06720678021454371,0.06720678021454371,0.06720678021461499,0.06720678021454372,7.126244039312724e-14,False,10000,15584533054688723633
allocation_reversal_5x5_strong_b0.2_e0.1_np200_nq20,allocation_reversal_5x5_strong_b0.2_e0.1,allocation_reversal,5x5,5,5,strong,equal_mi_different_shape,primary,200,20,0.1,10,0.1,0.2,0.3360339010727185,0.06720678021454371,0.10081017032181556,0.06720678021461499,0.10081017032181565,0.03360339010720066,False,10000,4813607884692752608
allocation_reversal_5x5_strong_b0.2_e0.4_np200_nq20,allocation_reversal_5x5_strong_b0.2_e0.4,allocation_reversal,5x5,5,5,strong,equal_mi_different_shape,primary,200,20,0.1,10,0.4,0.2,0.3360339010727185,0.06720678021454371,0.20162034064363113,0.06720678021461499,0.20162034064363096,0.13441356042901598,False,10000,1336422021410515095
allocation_reversal_5x5_strong_b0.2_e0_np40_nq20,allocation_reversal_5x5_strong_b0.2_e0,allocation_reversal,5x5,5,5,strong,equal_mi_different_shape,primary,40,20,0.5,2,0.0,0.2,0.3360339010727185,0.06720678021454371,0.06720678021454371,0.06720678021461499,0.06720678021454372,7.126244039312724e-14,False,10000,7612082163232104907
allocation_reversal_5x5_strong_b0.2_e0.1_np40_nq20,allocation_reversal_5x5_strong_b0.2_e0.1,allocation_reversal,5x5,5,5,strong,equal_mi_different_shape,primary,40,20,0.5,2,0.1,0.2,0.3360339010727185,0.06720678021454371,0.10081017032181556,0.06720678021461499,0.10081017032181565,0.03360339010720066,False,10000,7869656075744416133
allocation_reversal_5x5_strong_b0.2_e0.4_np40_nq20,allocation_reversal_5x5_strong_b0.2_e0.4,allocation_reversal,5x5,5,5,strong,equal_mi_different_shape,primary,40,20,0.5,2,0.4,0.2,0.3360339010727185,0.06720678021454371,0.20162034064363113,0.06720678021461499,0.20162034064363096,0.13441356042901598,False,10000,1563899772065921633
allocation_reversal_5x5_strong_b0.2_e0_np100_nq50,allocation_reversal_5x5_strong_b0.2_e0,allocation_reversal,5x5,5,5,strong,equal_mi_different_shape,primary,100,50,0.5,2,0.0,0.2,0.3360339010727185,0.06720678021454371,0.06720678021454371,0.06720678021461499,0.06720678021454372,7.126244039312724e-14,False,10000,4631144809333666150
allocation_reversal_5x5_strong_b0.2_e0.1_np100_nq50,allocation_reversal_5x5_strong_b0.2_e0.1,allocation_reversal,5x5,5,5,strong,equal_mi_different_shape,primary,100,50,0.5,2,0.1,0.2,0.3360339010727185,0.06720678021454371,0.10081017032181556,0.06720678021461499,0.10081017032181565,0.03360339010720066,False,10000,17481413485532416582
allocation_reversal_5x5_strong_b0.2_e0.4_np100_nq50,allocation_reversal_5x5_strong_b0.2_e0.4,allocation_reversal,5x5,5,5,strong,equal_mi_different_shape,primary,100,50,0.5,2,0.4,0.2,0.3360339010727185,0.06720678021454371,0.20162034064363113,0.06720678021461499,0.20162034064363096,0.13441356042901598,False,10000,14109738520764912152
allocation_reversal_5x5_strong_b0.2_e0_np250_nq50,allocation_reversal_5x5_strong_b0.2_e0,allocation_reversal,5x5,5,5,strong,equal_mi_different_shape,primary,250,50,0.2,5,0.0,0.2,0.3360339010727185,0.06720678021454371,0.06720678021454371,0.06720678021461499,0.06720678021454372,7.126244039312724e-14,False,10000,17050323525393207824
allocation_reversal_5x5_strong_b0.2_e0.1_np250_nq50,allocation_reversal_5x5_strong_b0.2_e0.1,allocation_reversal,5x5,5,5,strong,equal_mi_different_shape,primary,250,50,0.2,5,0.1,0.2,0.3360339010727185,0.06720678021454371,0.10081017032181556,0.06720678021461499,0.10081017032181565,0.03360339010720066,False,10000,10141602835600186969
allocation_reversal_5x5_strong_b0.2_e0.4_np250_nq50,allocation_reversal_5x5_strong_b0.2_e0.4,allocation_reversal,5x5,5,5,strong,equal_mi_different_shape,primary,250,50,0.2,5,0.4,0.2,0.3360339010727185,0.06720678021454371,0.20162034064363113,0.06720678021461499,0.20162034064363096,0.13441356042901598,False,10000,1047435804214813042
allocation_reversal_5x5_strong_b0.2_e0_np500_nq50,allocation_reversal_5x5_strong_b0.2_e0,allocation_reversal,5x5,5,5,strong,equal_mi_different_shape,primary,500,50,0.1,10,0.0,0.2,0.3360339010727185,0.06720678021454371,0.06720678021454371,0.06720678021461499,0.06720678021454372,7.126244039312724e-14,False,10000,12902666304193611303
allocation_reversal_5x5_strong_b0.2_e0.1_np500_nq50,allocation_reversal_5x5_strong_b0.2_e0.1,allocation_reversal,5x5,5,5,strong,equal_mi_different_shape,primary,500,50,0.1,10,0.1,0.2,0.3360339010727185,0.06720678021454371,0.10081017032181556,0.06720678021461499,0.10081017032181565,0.03360339010720066,False,10000,5202893231137466196
allocation_reversal_5x5_strong_b0.2_e0.4_np500_nq50,allocation_reversal_5x5_strong_b0.2_e0.4,allocation_reversal,5x5,5,5,strong,equal_mi_different_shape,primary,500,50,0.1,10,0.4,0.2,0.3360339010727185,0.06720678021454371,0.20162034064363113,0.06720678021461499,0.20162034064363096,0.13441356042901598,False,10000,5033979184591119
allocation_reversal_5x5_strong_b0.2_e0_np10_nq5,allocation_reversal_5x5_strong_b0.2_e0,allocation_reversal,5x5,5,5,strong,equal_mi_different_shape,primary,10,5,0.5,2,0.0,0.2,0.3360339010727185,0.06720678021454371,0.06720678021454371,0.06720678021461499,0.06720678021454372,7.126244039312724e-14,False,10000,8590042017190682611
allocation_reversal_5x5_strong_b0.2_e0.1_np10_nq5,allocation_reversal_5x5_strong_b0.2_e0.1,allocation_reversal,5x5,5,5,strong,equal_mi_different_shape,primary,10,5,0.5,2,0.1,0.2,0.3360339010727185,0.06720678021454371,0.10081017032181556,0.06720678021461499,0.10081017032181565,0.03360339010720066,False,10000,12328983145099137077
allocation_reversal_5x5_strong_b0.2_e0.4_np10_nq5,allocation_reversal_5x5_strong_b0.2_e0.4,allocation_reversal,5x5,5,5,strong,equal_mi_different_shape,primary,10,5,0.5,2,0.4,0.2,0.3360339010727185,0.06720678021454371,0.20162034064363113,0.06720678021461499,0.20162034064363096,0.13441356042901598,False,10000,17328641598036396163
allocation_reversal_5x5_strong_b0.2_e0_np25_nq5,allocation_reversal_5x5_strong_b0.2_e0,allocation_reversal,5x5,5,5,strong,equal_mi_different_shape,primary,25,5,0.2,5,0.0,0.2,0.3360339010727185,0.06720678021454371,0.06720678021454371,0.06720678021461499,0.06720678021454372,7.126244039312724e-14,False,10000,8167036458058942110
allocation_reversal_5x5_strong_b0.2_e0.1_np25_nq5,allocation_reversal_5x5_strong_b0.2_e0.1,allocation_reversal,5x5,5,5,strong,equal_mi_different_shape,primary,25,5,0.2,5,0.1,0.2,0.3360339010727185,0.06720678021454371,0.10081017032181556,0.06720678021461499,0.10081017032181565,0.03360339010720066,False,10000,1361253482943273996
allocation_reversal_5x5_strong_b0.2_e0.4_np25_nq5,allocation_reversal_5x5_strong_b0.2_e0.4,allocation_reversal,5x5,5,5,strong,equal_mi_different_shape,primary,25,5,0.2,5,0.4,0.2,0.3360339010727185,0.06720678021454371,0.20162034064363113,0.06720678021461499,0.20162034064363096,0.13441356042901598,False,10000,10269829511039684335
allocation_reversal_5x5_strong_b0.2_e0_np50_nq5,allocation_reversal_5x5_strong_b0.2_e0,allocation_reversal,5x5,5,5,strong,equal_mi_different_shape,primary,50,5,0.1,10,0.0,0.2,0.3360339010727185,0.06720678021454371,0.06720678021454371,0.06720678021461499,0.06720678021454372,7.126244039312724e-14,False,10000,11522216166388308320
allocation_reversal_5x5_strong_b0.2_e0.1_np50_nq5,allocation_reversal_5x5_strong_b0.2_e0.1,allocation_reversal,5x5,5,5,strong,equal_mi_different_shape,primary,50,5,0.1,10,0.1,0.2,0.3360339010727185,0.06720678021454371,0.10081017032181556,0.06720678021461499,0.10081017032181565,0.03360339010720066,False,10000,12522260112483361378
allocation_reversal_5x5_strong_b0.2_e0.4_np50_nq5,allocation_reversal_5x5_strong_b0.2_e0.4,allocation_reversal,5x5,5,5,strong,equal_mi_different_shape,primary,50,5,0.1,10,0.4,0.2,0.3360339010727185,0.06720678021454371,0.20162034064363113,0.06720678021461499,0.20162034064363096,0.13441356042901598,False,10000,18177282080893337649
allocation_reversal_5x5_ultra_b0.2_e0_np1000_nq100,allocation_reversal_5x5_ultra_b0.2_e0,allocation_reversal,5x5,5,5,ultra,equal_mi_different_shape,primary,1000,100,0.1,10,0.0,0.2,0.1945195813371506,0.03890391626743012,0.03890391626743012,0.03890391626742991,0.038903916267432975,3.066991105526995e-15,False,10000,8178514974548232641
allocation_reversal_5x5_ultra_b0.2_e0.1_np1000_nq100,allocation_reversal_5x5_ultra_b0.2_e0.1,allocation_reversal,5x5,5,5,ultra,equal_mi_different_shape,primary,1000,100,0.1,10,0.1,0.2,0.1945195813371506,0.03890391626743012,0.05835587440114519,0.03890391626742991,0.058355874401145494,0.019451958133715586,False,10000,8647443135314520577
allocation_reversal_5x5_ultra_b0.2_e0.4_np1000_nq100,allocation_reversal_5x5_ultra_b0.2_e0.4,allocation_reversal,5x5,5,5,ultra,equal_mi_different_shape,primary,1000,100,0.1,10,0.4,0.2,0.1945195813371506,0.03890391626743012,0.11671174880229038,0.03890391626742991,0.11671174880229042,0.07780783253486051,False,10000,17291096835202572839
allocation_reversal_5x5_ultra_b0.2_e0_np200_nq100,allocation_reversal_5x5_ultra_b0.2_e0,allocation_reversal,5x5,5,5,ultra,equal_mi_different_shape,primary,200,100,0.5,2,0.0,0.2,0.1945195813371506,0.03890391626743012,0.03890391626743012,0.03890391626742991,0.038903916267432975,3.066991105526995e-15,False,10000,653916953089573117
allocation_reversal_5x5_ultra_b0.2_e0.1_np200_nq100,allocation_reversal_5x5_ultra_b0.2_e0.1,allocation_reversal,5x5,5,5,ultra,equal_mi_different_shape,primary,200,100,0.5,2,0.1,0.2,0.1945195813371506,0.03890391626743012,0.05835587440114519,0.03890391626742991,0.058355874401145494,0.019451958133715586,False,10000,16960083893354247452
allocation_reversal_5x5_ultra_b0.2_e0.4_np200_nq100,allocation_reversal_5x5_ultra_b0.2_e0.4,allocation_reversal,5x5,5,5,ultra,equal_mi_different_shape,primary,200,100,0.5,2,0.4,0.2,0.1945195813371506,0.03890391626743012,0.11671174880229038,0.03890391626742991,0.11671174880229042,0.07780783253486051,False,10000,3790900045266821964
allocation_reversal_5x5_ultra_b0.2_e0_np500_nq100,allocation_reversal_5x5_ultra_b0.2_e0,allocation_reversal,5x5,5,5,ultra,equal_mi_different_shape,primary,500,100,0.2,5,0.0,0.2,0.1945195813371506,0.03890391626743012,0.03890391626743012,0.03890391626742991,0.038903916267432975,3.066991105526995e-15,False,10000,5710804020475430291
allocation_reversal_5x5_ultra_b0.2_e0.1_np500_nq100,allocation_reversal_5x5_ultra_b0.2_e0.1,allocation_reversal,5x5,5,5,ultra,equal_mi_different_shape,primary,500,100,0.2,5,0.1,0.2,0.1945195813371506,0.03890391626743012,0.05835587440114519,0.03890391626742991,0.058355874401145494,0.019451958133715586,False,10000,324090400678384075
allocation_reversal_5x5_ultra_b0.2_e0.4_np500_nq100,allocation_reversal_5x5_ultra_b0.2_e0.4,allocation_reversal,5x5,5,5,ultra,equal_mi_different_shape,primary,500,100,0.2,5,0.4,0.2,0.1945195813371506,0.03890391626743012,0.11671174880229038,0.03890391626742991,0.11671174880229042,0.07780783253486051,False,10000,10430201180771790463
allocation_reversal_5x5_ultra_b0.2_e0_np100_nq10,allocation_reversal_5x5_ultra_b0.2_e0,allocation_reversal,5x5,5,5,ultra,equal_mi_different_shape,primary,100,10,0.1,10,0.0,0.2,0.1945195813371506,0.03890391626743012,0.03890391626743012,0.03890391626742991,0.038903916267432975,3.066991105526995e-15,False,10000,1885548194487736886
allocation_reversal_5x5_ultra_b0.2_e0.1_np100_nq10,allocation_reversal_5x5_ultra_b0.2_e0.1,allocation_reversal,5x5,5,5,ultra,equal_mi_different_shape,primary,100,10,0.1,10,0.1,0.2,0.1945195813371506,0.03890391626743012,0.05835587440114519,0.03890391626742991,0.058355874401145494,0.019451958133715586,False,10000,11714832432556373553
allocation_reversal_5x5_ultra_b0.2_e0.4_np100_nq10,allocation_reversal_5x5_ultra_b0.2_e0.4,allocation_reversal,5x5,5,5,ultra,equal_mi_different_shape,primary,100,10,0.1,10,0.4,0.2,0.1945195813371506,0.03890391626743012,0.11671174880229038,0.03890391626742991,0.11671174880229042,0.07780783253486051,False,10000,6181040949448424714
allocation_reversal_5x5_ultra_b0.2_e0_np20_nq10,allocation_reversal_5x5_ultra_b0.2_e0,allocation_reversal,5x5,5,5,ultra,equal_mi_different_shape,primary,20,10,0.5,2,0.0,0.2,0.1945195813371506,0.03890391626743012,0.03890391626743012,0.03890391626742991,0.038903916267432975,3.066991105526995e-15,False,10000,17534716437554854954
allocation_reversal_5x5_ultra_b0.2_e0.1_np20_nq10,allocation_reversal_5x5_ultra_b0.2_e0.1,allocation_reversal,5x5,5,5,ultra,equal_mi_different_shape,primary,20,10,0.5,2,0.1,0.2,0.1945195813371506,0.03890391626743012,0.05835587440114519,0.03890391626742991,0.058355874401145494,0.019451958133715586,False,10000,4833617797280050996
allocation_reversal_5x5_ultra_b0.2_e0.4_np20_nq10,allocation_reversal_5x5_ultra_b0.2_e0.4,allocation_reversal,5x5,5,5,ultra,equal_mi_different_shape,primary,20,10,0.5,2,0.4,0.2,0.1945195813371506,0.03890391626743012,0.11671174880229038,0.03890391626742991,0.11671174880229042,0.07780783253486051,False,10000,6459285851799164398
allocation_reversal_5x5_ultra_b0.2_e0_np50_nq10,allocation_reversal_5x5_ultra_b0.2_e0,allocation_reversal,5x5,5,5,ultra,equal_mi_different_shape,primary,50,10,0.2,5,0.0,0.2,0.1945195813371506,0.03890391626743012,0.03890391626743012,0.03890391626742991,0.038903916267432975,3.066991105526995e-15,False,10000,3546840496750666068
allocation_reversal_5x5_ultra_b0.2_e0.1_np50_nq10,allocation_reversal_5x5_ultra_b0.2_e0.1,allocation_reversal,5x5,5,5,ultra,equal_mi_different_shape,primary,50,10,0.2,5,0.1,0.2,0.1945195813371506,0.03890391626743012,0.05835587440114519,0.03890391626742991,0.058355874401145494,0.019451958133715586,False,10000,18184361754369755612
allocation_reversal_5x5_ultra_b0.2_e0.4_np50_nq10,allocation_reversal_5x5_ultra_b0.2_e0.4,allocation_reversal,5x5,5,5,ultra,equal_mi_different_shape,primary,50,10,0.2,5,0.4,0.2,0.1945195813371506,0.03890391626743012,0.11671174880229038,0.03890391626742991,0.11671174880229042,0.07780783253486051,False,10000,1350854111127921476
allocation_reversal_5x5_ultra_b0.2_e0_np100_nq20,allocation_reversal_5x5_ultra_b0.2_e0,allocation_reversal,5x5,5,5,ultra,equal_mi_different_shape,primary,100,20,0.2,5,0.0,0.2,0.1945195813371506,0.03890391626743012,0.03890391626743012,0.03890391626742991,0.038903916267432975,3.066991105526995e-15,False,10000,5000894741032212221
allocation_reversal_5x5_ultra_b0.2_e0.1_np100_nq20,allocation_reversal_5x5_ultra_b0.2_e0.1,allocation_reversal,5x5,5,5,ultra,equal_mi_different_shape,primary,100,20,0.2,5,0.1,0.2,0.1945195813371506,0.03890391626743012,0.05835587440114519,0.03890391626742991,0.058355874401145494,0.019451958133715586,False,10000,13331624835667294304
allocation_reversal_5x5_ultra_b0.2_e0.4_np100_nq20,allocation_reversal_5x5_ultra_b0.2_e0.4,allocation_reversal,5x5,5,5,ultra,equal_mi_different_shape,primary,100,20,0.2,5,0.4,0.2,0.1945195813371506,0.03890391626743012,0.11671174880229038,0.03890391626742991,0.11671174880229042,0.07780783253486051,False,10000,3052301918239340404
allocation_reversal_5x5_ultra_b0.2_e0_np200_nq20,allocation_reversal_5x5_ultra_b0.2_e0,allocation_reversal,5x5,5,5,ultra,equal_mi_different_shape,primary,200,20,0.1,10,0.0,0.2,0.1945195813371506,0.03890391626743012,0.03890391626743012,0.03890391626742991,0.038903916267432975,3.066991105526995e-15,False,10000,12485524458286550741
allocation_reversal_5x5_ultra_b0.2_e0.1_np200_nq20,allocation_reversal_5x5_ultra_b0.2_e0.1,allocation_reversal,5x5,5,5,ultra,equal_mi_different_shape,primary,200,20,0.1,10,0.1,0.2,0.1945195813371506,0.03890391626743012,0.05835587440114519,0.03890391626742991,0.058355874401145494,0.019451958133715586,False,10000,2193270349672431324
allocation_reversal_5x5_ultra_b0.2_e0.4_np200_nq20,allocation_reversal_5x5_ultra_b0.2_e0.4,allocation_reversal,5x5,5,5,ultra,equal_mi_different_shape,primary,200,20,0.1,10,0.4,0.2,0.1945195813371506,0.03890391626743012,0.11671174880229038,0.03890391626742991,0.11671174880229042,0.07780783253486051,False,10000,4045818560968996467
allocation_reversal_5x5_ultra_b0.2_e0_np40_nq20,allocation_reversal_5x5_ultra_b0.2_e0,allocation_reversal,5x5,5,5,ultra,equal_mi_different_shape,primary,40,20,0.5,2,0.0,0.2,0.1945195813371506,0.03890391626743012,0.03890391626743012,0.03890391626742991,0.038903916267432975,3.066991105526995e-15,False,10000,7970476408440982367
allocation_reversal_5x5_ultra_b0.2_e0.1_np40_nq20,allocation_reversal_5x5_ultra_b0.2_e0.1,allocation_reversal,5x5,5,5,ultra,equal_mi_different_shape,primary,40,20,0.5,2,0.1,0.2,0.1945195813371506,0.03890391626743012,0.05835587440114519,0.03890391626742991,0.058355874401145494,0.019451958133715586,False,10000,1425871455808968638
allocation_reversal_5x5_ultra_b0.2_e0.4_np40_nq20,allocation_reversal_5x5_ultra_b0.2_e0.4,allocation_reversal,5x5,5,5,ultra,equal_mi_different_shape,primary,40,20,0.5,2,0.4,0.2,0.1945195813371506,0.03890391626743012,0.11671174880229038,0.03890391626742991,0.11671174880229042,0.07780783253486051,False,10000,14489139209617923579
allocation_reversal_5x5_ultra_b0.2_e0_np100_nq50,allocation_reversal_5x5_ultra_b0.2_e0,allocation_reversal,5x5,5,5,ultra,equal_mi_different_shape,primary,100,50,0.5,2,0.0,0.2,0.1945195813371506,0.03890391626743012,0.03890391626743012,0.03890391626742991,0.038903916267432975,3.066991105526995e-15,False,10000,5180256039114067889
allocation_reversal_5x5_ultra_b0.2_e0.1_np100_nq50,allocation_reversal_5x5_ultra_b0.2_e0.1,allocation_reversal,5x5,5,5,ultra,equal_mi_different_shape,primary,100,50,0.5,2,0.1,0.2,0.1945195813371506,0.03890391626743012,0.05835587440114519,0.03890391626742991,0.058355874401145494,0.019451958133715586,False,10000,7705664538512900876
allocation_reversal_5x5_ultra_b0.2_e0.4_np100_nq50,allocation_reversal_5x5_ultra_b0.2_e0.4,allocation_reversal,5x5,5,5,ultra,equal_mi_different_shape,primary,100,50,0.5,2,0.4,0.2,0.1945195813371506,0.03890391626743012,0.11671174880229038,0.03890391626742991,0.11671174880229042,0.07780783253486051,False,10000,5333698295546914297
allocation_reversal_5x5_ultra_b0.2_e0_np250_nq50,allocation_reversal_5x5_ultra_b0.2_e0,allocation_reversal,5x5,5,5,ultra,equal_mi_different_shape,primary,250,50,0.2,5,0.0,0.2,0.1945195813371506,0.03890391626743012,0.03890391626743012,0.03890391626742991,0.038903916267432975,3.066991105526995e-15,False,10000,5893818441985979088
allocation_reversal_5x5_ultra_b0.2_e0.1_np250_nq50,allocation_reversal_5x5_ultra_b0.2_e0.1,allocation_reversal,5x5,5,5,ultra,equal_mi_different_shape,primary,250,50,0.2,5,0.1,0.2,0.1945195813371506,0.03890391626743012,0.05835587440114519,0.03890391626742991,0.058355874401145494,0.019451958133715586,False,10000,7520770153271389040
allocation_reversal_5x5_ultra_b0.2_e0.4_np250_nq50,allocation_reversal_5x5_ultra_b0.2_e0.4,allocation_reversal,5x5,5,5,ultra,equal_mi_different_shape,primary,250,50,0.2,5,0.4,0.2,0.1945195813371506,0.03890391626743012,0.11671174880229038,0.03890391626742991,0.11671174880229042,0.07780783253486051,False,10000,11784175078406098973
allocation_reversal_5x5_ultra_b0.2_e0_np500_nq50,allocation_reversal_5x5_ultra_b0.2_e0,allocation_reversal,5x5,5,5,ultra,equal_mi_different_shape,primary,500,50,0.1,10,0.0,0.2,0.1945195813371506,0.03890391626743012,0.03890391626743012,0.03890391626742991,0.038903916267432975,3.066991105526995e-15,False,10000,419528565952062042
allocation_reversal_5x5_ultra_b0.2_e0.1_np500_nq50,allocation_reversal_5x5_ultra_b0.2_e0.1,allocation_reversal,5x5,5,5,ultra,equal_mi_different_shape,primary,500,50,0.1,10,0.1,0.2,0.1945195813371506,0.03890391626743012,0.05835587440114519,0.03890391626742991,0.058355874401145494,0.019451958133715586,False,10000,11856636258575595418
allocation_reversal_5x5_ultra_b0.2_e0.4_np500_nq50,allocation_reversal_5x5_ultra_b0.2_e0.4,allocation_reversal,5x5,5,5,ultra,equal_mi_different_shape,primary,500,50,0.1,10,0.4,0.2,0.1945195813371506,0.03890391626743012,0.11671174880229038,0.03890391626742991,0.11671174880229042,0.07780783253486051,False,10000,9100111935809696886
allocation_reversal_5x5_ultra_b0.2_e0_np10_nq5,allocation_reversal_5x5_ultra_b0.2_e0,allocation_reversal,5x5,5,5,ultra,equal_mi_different_shape,primary,10,5,0.5,2,0.0,0.2,0.1945195813371506,0.03890391626743012,0.03890391626743012,0.03890391626742991,0.038903916267432975,3.066991105526995e-15,False,10000,15187105868838669719
allocation_reversal_5x5_ultra_b0.2_e0.1_np10_nq5,allocation_reversal_5x5_ultra_b0.2_e0.1,allocation_reversal,5x5,5,5,ultra,equal_mi_different_shape,primary,10,5,0.5,2,0.1,0.2,0.1945195813371506,0.03890391626743012,0.05835587440114519,0.03890391626742991,0.058355874401145494,0.019451958133715586,False,10000,7465226036360540642
allocation_reversal_5x5_ultra_b0.2_e0.4_np10_nq5,allocation_reversal_5x5_ultra_b0.2_e0.4,allocation_reversal,5x5,5,5,ultra,equal_mi_different_shape,primary,10,5,0.5,2,0.4,0.2,0.1945195813371506,0.03890391626743012,0.11671174880229038,0.03890391626742991,0.11671174880229042,0.07780783253486051,False,10000,1278207824361718636
allocation_reversal_5x5_ultra_b0.2_e0_np25_nq5,allocation_reversal_5x5_ultra_b0.2_e0,allocation_reversal,5x5,5,5,ultra,equal_mi_different_shape,primary,25,5,0.2,5,0.0,0.2,0.1945195813371506,0.03890391626743012,0.03890391626743012,0.03890391626742991,0.038903916267432975,3.066991105526995e-15,False,10000,11633007699345613051
allocation_reversal_5x5_ultra_b0.2_e0.1_np25_nq5,allocation_reversal_5x5_ultra_b0.2_e0.1,allocation_reversal,5x5,5,5,ultra,equal_mi_different_shape,primary,25,5,0.2,5,0.1,0.2,0.1945195813371506,0.03890391626743012,0.05835587440114519,0.03890391626742991,0.058355874401145494,0.019451958133715586,False,10000,6242748367355195436
allocation_reversal_5x5_ultra_b0.2_e0.4_np25_nq5,allocation_reversal_5x5_ultra_b0.2_e0.4,allocation_reversal,5x5,5,5,ultra,equal_mi_different_shape,primary,25,5,0.2,5,0.4,0.2,0.1945195813371506,0.03890391626743012,0.11671174880229038,0.03890391626742991,0.11671174880229042,0.07780783253486051,False,10000,6464254153791518026
allocation_reversal_5x5_ultra_b0.2_e0_np50_nq5,allocation_reversal_5x5_ultra_b0.2_e0,allocation_reversal,5x5,5,5,ultra,equal_mi_different_shape,primary,50,5,0.1,10,0.0,0.2,0.1945195813371506,0.03890391626743012,0.03890391626743012,0.03890391626742991,0.038903916267432975,3.066991105526995e-15,False,10000,11182902407966422906
allocation_reversal_5x5_ultra_b0.2_e0.1_np50_nq5,allocation_reversal_5x5_ultra_b0.2_e0.1,allocation_reversal,5x5,5,5,ultra,equal_mi_different_shape,primary,50,5,0.1,10,0.1,0.2,0.1945195813371506,0.03890391626743012,0.05835587440114519,0.03890391626742991,0.058355874401145494,0.019451958133715586,False,10000,3692991524851886441
allocation_reversal_5x5_ultra_b0.2_e0.4_np50_nq5,allocation_reversal_5x5_ultra_b0.2_e0.4,allocation_reversal,5x5,5,5,ultra,equal_mi_different_shape,primary,50,5,0.1,10,0.4,0.2,0.1945195813371506,0.03890391626743012,0.11671174880229038,0.03890391626742991,0.11671174880229042,0.07780783253486051,False,10000,214590642834029574
allocation_reversal_8x8_strong_b0.2_e0_np1000_nq100,allocation_reversal_8x8_strong_b0.2_e0,allocation_reversal,8x8,8,8,strong,equal_mi_different_shape,primary,1000,100,0.1,10,0.0,0.2,0.4029197153251672,0.08058394306503344,0.08058394306503344,0.08058394306503777,0.08058394306503341,4.3576253716537394e-15,False,10000,9129740994385536130
allocation_reversal_8x8_strong_b0.2_e0.1_np1000_nq100,allocation_reversal_8x8_strong_b0.2_e0.1,allocation_reversal,8x8,8,8,strong,equal_mi_different_shape,primary,1000,100,0.1,10,0.1,0.2,0.4029197153251672,0.08058394306503344,0.12087591459755018,0.08058394306503777,0.12087591459755012,0.04029197153251235,False,10000,11288852672666228022
allocation_reversal_8x8_strong_b0.2_e0.4_np1000_nq100,allocation_reversal_8x8_strong_b0.2_e0.4,allocation_reversal,8x8,8,8,strong,equal_mi_different_shape,primary,1000,100,0.1,10,0.4,0.2,0.4029197153251672,0.08058394306503344,0.24175182919510035,0.08058394306503777,0.24175182919510035,0.16116788613006258,False,10000,11584091777729104709
allocation_reversal_8x8_strong_b0.2_e0_np200_nq100,allocation_reversal_8x8_strong_b0.2_e0,allocation_reversal,8x8,8,8,strong,equal_mi_different_shape,primary,200,100,0.5,2,0.0,0.2,0.4029197153251672,0.08058394306503344,0.08058394306503344,0.08058394306503777,0.08058394306503341,4.3576253716537394e-15,False,10000,15733747195426233922
allocation_reversal_8x8_strong_b0.2_e0.1_np200_nq100,allocation_reversal_8x8_strong_b0.2_e0.1,allocation_reversal,8x8,8,8,strong,equal_mi_different_shape,primary,200,100,0.5,2,0.1,0.2,0.4029197153251672,0.08058394306503344,0.12087591459755018,0.08058394306503777,0.12087591459755012,0.04029197153251235,False,10000,6766965789391928592
allocation_reversal_8x8_strong_b0.2_e0.4_np200_nq100,allocation_reversal_8x8_strong_b0.2_e0.4,allocation_reversal,8x8,8,8,strong,equal_mi_different_shape,primary,200,100,0.5,2,0.4,0.2,0.4029197153251672,0.08058394306503344,0.24175182919510035,0.08058394306503777,0.24175182919510035,0.16116788613006258,False,10000,3717324575987494398
allocation_reversal_8x8_strong_b0.2_e0_np500_nq100,allocation_reversal_8x8_strong_b0.2_e0,allocation_reversal,8x8,8,8,strong,equal_mi_different_shape,primary,500,100,0.2,5,0.0,0.2,0.4029197153251672,0.08058394306503344,0.08058394306503344,0.08058394306503777,0.08058394306503341,4.3576253716537394e-15,False,10000,18238746077519083619
allocation_reversal_8x8_strong_b0.2_e0.1_np500_nq100,allocation_reversal_8x8_strong_b0.2_e0.1,allocation_reversal,8x8,8,8,strong,equal_mi_different_shape,primary,500,100,0.2,5,0.1,0.2,0.4029197153251672,0.08058394306503344,0.12087591459755018,0.08058394306503777,0.12087591459755012,0.04029197153251235,False,10000,11048743357007797540
allocation_reversal_8x8_strong_b0.2_e0.4_np500_nq100,allocation_reversal_8x8_strong_b0.2_e0.4,allocation_reversal,8x8,8,8,strong,equal_mi_different_shape,primary,500,100,0.2,5,0.4,0.2,0.4029197153251672,0.08058394306503344,0.24175182919510035,0.08058394306503777,0.24175182919510035,0.16116788613006258,False,10000,14188066502588497917
allocation_reversal_8x8_strong_b0.2_e0_np100_nq10,allocation_reversal_8x8_strong_b0.2_e0,allocation_reversal,8x8,8,8,strong,equal_mi_different_shape,primary,100,10,0.1,10,0.0,0.2,0.4029197153251672,0.08058394306503344,0.08058394306503344,0.08058394306503777,0.08058394306503341,4.3576253716537394e-15,False,10000,16866258140514904588
allocation_reversal_8x8_strong_b0.2_e0.1_np100_nq10,allocation_reversal_8x8_strong_b0.2_e0.1,allocation_reversal,8x8,8,8,strong,equal_mi_different_shape,primary,100,10,0.1,10,0.1,0.2,0.4029197153251672,0.08058394306503344,0.12087591459755018,0.08058394306503777,0.12087591459755012,0.04029197153251235,False,10000,12278963026097427771
allocation_reversal_8x8_strong_b0.2_e0.4_np100_nq10,allocation_reversal_8x8_strong_b0.2_e0.4,allocation_reversal,8x8,8,8,strong,equal_mi_different_shape,primary,100,10,0.1,10,0.4,0.2,0.4029197153251672,0.08058394306503344,0.24175182919510035,0.08058394306503777,0.24175182919510035,0.16116788613006258,False,10000,13386214974209561689
allocation_reversal_8x8_strong_b0.2_e0_np20_nq10,allocation_reversal_8x8_strong_b0.2_e0,allocation_reversal,8x8,8,8,strong,equal_mi_different_shape,primary,20,10,0.5,2,0.0,0.2,0.4029197153251672,0.08058394306503344,0.08058394306503344,0.08058394306503777,0.08058394306503341,4.3576253716537394e-15,False,10000,8138858188820402801
allocation_reversal_8x8_strong_b0.2_e0.1_np20_nq10,allocation_reversal_8x8_strong_b0.2_e0.1,allocation_reversal,8x8,8,8,strong,equal_mi_different_shape,primary,20,10,0.5,2,0.1,0.2,0.4029197153251672,0.08058394306503344,0.12087591459755018,0.08058394306503777,0.12087591459755012,0.04029197153251235,False,10000,11785731165310133177
allocation_reversal_8x8_strong_b0.2_e0.4_np20_nq10,allocation_reversal_8x8_strong_b0.2_e0.4,allocation_reversal,8x8,8,8,strong,equal_mi_different_shape,primary,20,10,0.5,2,0.4,0.2,0.4029197153251672,0.08058394306503344,0.24175182919510035,0.08058394306503777,0.24175182919510035,0.16116788613006258,False,10000,17074850896778396770
allocation_reversal_8x8_strong_b0.2_e0_np50_nq10,allocation_reversal_8x8_strong_b0.2_e0,allocation_reversal,8x8,8,8,strong,equal_mi_different_shape,primary,50,10,0.2,5,0.0,0.2,0.4029197153251672,0.08058394306503344,0.08058394306503344,0.08058394306503777,0.08058394306503341,4.3576253716537394e-15,False,10000,11203448441298431685
allocation_reversal_8x8_strong_b0.2_e0.1_np50_nq10,allocation_reversal_8x8_strong_b0.2_e0.1,allocation_reversal,8x8,8,8,strong,equal_mi_different_shape,primary,50,10,0.2,5,0.1,0.2,0.4029197153251672,0.08058394306503344,0.12087591459755018,0.08058394306503777,0.12087591459755012,0.04029197153251235,False,10000,14511014164050850749
allocation_reversal_8x8_strong_b0.2_e0.4_np50_nq10,allocation_reversal_8x8_strong_b0.2_e0.4,allocation_reversal,8x8,8,8,strong,equal_mi_different_shape,primary,50,10,0.2,5,0.4,0.2,0.4029197153251672,0.08058394306503344,0.24175182919510035,0.08058394306503777,0.24175182919510035,0.16116788613006258,False,10000,14503133684239953112
allocation_reversal_8x8_strong_b0.2_e0_np100_nq20,allocation_reversal_8x8_strong_b0.2_e0,allocation_reversal,8x8,8,8,strong,equal_mi_different_shape,primary,100,20,0.2,5,0.0,0.2,0.4029197153251672,0.08058394306503344,0.08058394306503344,0.08058394306503777,0.08058394306503341,4.3576253716537394e-15,False,10000,1398376683120751590
allocation_reversal_8x8_strong_b0.2_e0.1_np100_nq20,allocation_reversal_8x8_strong_b0.2_e0.1,allocation_reversal,8x8,8,8,strong,equal_mi_different_shape,primary,100,20,0.2,5,0.1,0.2,0.4029197153251672,0.08058394306503344,0.12087591459755018,0.08058394306503777,0.12087591459755012,0.04029197153251235,False,10000,2936599224776269136
allocation_reversal_8x8_strong_b0.2_e0.4_np100_nq20,allocation_reversal_8x8_strong_b0.2_e0.4,allocation_reversal,8x8,8,8,strong,equal_mi_different_shape,primary,100,20,0.2,5,0.4,0.2,0.4029197153251672,0.08058394306503344,0.24175182919510035,0.08058394306503777,0.24175182919510035,0.16116788613006258,False,10000,15952798056966499537
allocation_reversal_8x8_strong_b0.2_e0_np200_nq20,allocation_reversal_8x8_strong_b0.2_e0,allocation_reversal,8x8,8,8,strong,equal_mi_different_shape,primary,200,20,0.1,10,0.0,0.2,0.4029197153251672,0.08058394306503344,0.08058394306503344,0.08058394306503777,0.08058394306503341,4.3576253716537394e-15,False,10000,7707584241810107356
allocation_reversal_8x8_strong_b0.2_e0.1_np200_nq20,allocation_reversal_8x8_strong_b0.2_e0.1,allocation_reversal,8x8,8,8,strong,equal_mi_different_shape,primary,200,20,0.1,10,0.1,0.2,0.4029197153251672,0.08058394306503344,0.12087591459755018,0.08058394306503777,0.12087591459755012,0.04029197153251235,False,10000,719342892119242420
allocation_reversal_8x8_strong_b0.2_e0.4_np200_nq20,allocation_reversal_8x8_strong_b0.2_e0.4,allocation_reversal,8x8,8,8,strong,equal_mi_different_shape,primary,200,20,0.1,10,0.4,0.2,0.4029197153251672,0.08058394306503344,0.24175182919510035,0.08058394306503777,0.24175182919510035,0.16116788613006258,False,10000,2186431892250946345
allocation_reversal_8x8_strong_b0.2_e0_np40_nq20,allocation_reversal_8x8_strong_b0.2_e0,allocation_reversal,8x8,8,8,strong,equal_mi_different_shape,primary,40,20,0.5,2,0.0,0.2,0.4029197153251672,0.08058394306503344,0.08058394306503344,0.08058394306503777,0.08058394306503341,4.3576253716537394e-15,False,10000,10884663714851326057
allocation_reversal_8x8_strong_b0.2_e0.1_np40_nq20,allocation_reversal_8x8_strong_b0.2_e0.1,allocation_reversal,8x8,8,8,strong,equal_mi_different_shape,primary,40,20,0.5,2,0.1,0.2,0.4029197153251672,0.08058394306503344,0.12087591459755018,0.08058394306503777,0.12087591459755012,0.04029197153251235,False,10000,7262710896426811233
allocation_reversal_8x8_strong_b0.2_e0.4_np40_nq20,allocation_reversal_8x8_strong_b0.2_e0.4,allocation_reversal,8x8,8,8,strong,equal_mi_different_shape,primary,40,20,0.5,2,0.4,0.2,0.4029197153251672,0.08058394306503344,0.24175182919510035,0.08058394306503777,0.24175182919510035,0.16116788613006258,False,10000,15126063158062792150
allocation_reversal_8x8_strong_b0.2_e0_np100_nq50,allocation_reversal_8x8_strong_b0.2_e0,allocation_reversal,8x8,8,8,strong,equal_mi_different_shape,primary,100,50,0.5,2,0.0,0.2,0.4029197153251672,0.08058394306503344,0.08058394306503344,0.08058394306503777,0.08058394306503341,4.3576253716537394e-15,False,10000,15694083549847631867
allocation_reversal_8x8_strong_b0.2_e0.1_np100_nq50,allocation_reversal_8x8_strong_b0.2_e0.1,allocation_reversal,8x8,8,8,strong,equal_mi_different_shape,primary,100,50,0.5,2,0.1,0.2,0.4029197153251672,0.08058394306503344,0.12087591459755018,0.08058394306503777,0.12087591459755012,0.04029197153251235,False,10000,3008549571052902781
allocation_reversal_8x8_strong_b0.2_e0.4_np100_nq50,allocation_reversal_8x8_strong_b0.2_e0.4,allocation_reversal,8x8,8,8,strong,equal_mi_different_shape,primary,100,50,0.5,2,0.4,0.2,0.4029197153251672,0.08058394306503344,0.24175182919510035,0.08058394306503777,0.24175182919510035,0.16116788613006258,False,10000,9452079676385619266
allocation_reversal_8x8_strong_b0.2_e0_np250_nq50,allocation_reversal_8x8_strong_b0.2_e0,allocation_reversal,8x8,8,8,strong,equal_mi_different_shape,primary,250,50,0.2,5,0.0,0.2,0.4029197153251672,0.08058394306503344,0.08058394306503344,0.08058394306503777,0.08058394306503341,4.3576253716537394e-15,False,10000,2219146005242704777
allocation_reversal_8x8_strong_b0.2_e0.1_np250_nq50,allocation_reversal_8x8_strong_b0.2_e0.1,allocation_reversal,8x8,8,8,strong,equal_mi_different_shape,primary,250,50,0.2,5,0.1,0.2,0.4029197153251672,0.08058394306503344,0.12087591459755018,0.08058394306503777,0.12087591459755012,0.04029197153251235,False,10000,12576976581397212406
allocation_reversal_8x8_strong_b0.2_e0.4_np250_nq50,allocation_reversal_8x8_strong_b0.2_e0.4,allocation_reversal,8x8,8,8,strong,equal_mi_different_shape,primary,250,50,0.2,5,0.4,0.2,0.4029197153251672,0.08058394306503344,0.24175182919510035,0.08058394306503777,0.24175182919510035,0.16116788613006258,False,10000,15792784500255806863
allocation_reversal_8x8_strong_b0.2_e0_np500_nq50,allocation_reversal_8x8_strong_b0.2_e0,allocation_reversal,8x8,8,8,strong,equal_mi_different_shape,primary,500,50,0.1,10,0.0,0.2,0.4029197153251672,0.08058394306503344,0.08058394306503344,0.08058394306503777,0.08058394306503341,4.3576253716537394e-15,False,10000,2794655173441621349
allocation_reversal_8x8_strong_b0.2_e0.1_np500_nq50,allocation_reversal_8x8_strong_b0.2_e0.1,allocation_reversal,8x8,8,8,strong,equal_mi_different_shape,primary,500,50,0.1,10,0.1,0.2,0.4029197153251672,0.08058394306503344,0.12087591459755018,0.08058394306503777,0.12087591459755012,0.04029197153251235,False,10000,15926948385471803987
allocation_reversal_8x8_strong_b0.2_e0.4_np500_nq50,allocation_reversal_8x8_strong_b0.2_e0.4,allocation_reversal,8x8,8,8,strong,equal_mi_different_shape,primary,500,50,0.1,10,0.4,0.2,0.4029197153251672,0.08058394306503344,0.24175182919510035,0.08058394306503777,0.24175182919510035,0.16116788613006258,False,10000,14958349951169557710
allocation_reversal_8x8_strong_b0.2_e0_np10_nq5,allocation_reversal_8x8_strong_b0.2_e0,allocation_reversal,8x8,8,8,strong,equal_mi_different_shape,primary,10,5,0.5,2,0.0,0.2,0.4029197153251672,0.08058394306503344,0.08058394306503344,0.08058394306503777,0.08058394306503341,4.3576253716537394e-15,True,10000,5812813882372800186
allocation_reversal_8x8_strong_b0.2_e0.1_np10_nq5,allocation_reversal_8x8_strong_b0.2_e0.1,allocation_reversal,8x8,8,8,strong,equal_mi_different_shape,primary,10,5,0.5,2,0.1,0.2,0.4029197153251672,0.08058394306503344,0.12087591459755018,0.08058394306503777,0.12087591459755012,0.04029197153251235,True,10000,17550613638076900405
allocation_reversal_8x8_strong_b0.2_e0.4_np10_nq5,allocation_reversal_8x8_strong_b0.2_e0.4,allocation_reversal,8x8,8,8,strong,equal_mi_different_shape,primary,10,5,0.5,2,0.4,0.2,0.4029197153251672,0.08058394306503344,0.24175182919510035,0.08058394306503777,0.24175182919510035,0.16116788613006258,True,10000,18195167641013153170
allocation_reversal_8x8_strong_b0.2_e0_np25_nq5,allocation_reversal_8x8_strong_b0.2_e0,allocation_reversal,8x8,8,8,strong,equal_mi_different_shape,primary,25,5,0.2,5,0.0,0.2,0.4029197153251672,0.08058394306503344,0.08058394306503344,0.08058394306503777,0.08058394306503341,4.3576253716537394e-15,True,10000,10671377870201468212
allocation_reversal_8x8_strong_b0.2_e0.1_np25_nq5,allocation_reversal_8x8_strong_b0.2_e0.1,allocation_reversal,8x8,8,8,strong,equal_mi_different_shape,primary,25,5,0.2,5,0.1,0.2,0.4029197153251672,0.08058394306503344,0.12087591459755018,0.08058394306503777,0.12087591459755012,0.04029197153251235,True,10000,13349598320247485659
allocation_reversal_8x8_strong_b0.2_e0.4_np25_nq5,allocation_reversal_8x8_strong_b0.2_e0.4,allocation_reversal,8x8,8,8,strong,equal_mi_different_shape,primary,25,5,0.2,5,0.4,0.2,0.4029197153251672,0.08058394306503344,0.24175182919510035,0.08058394306503777,0.24175182919510035,0.16116788613006258,True,10000,2628835477856646586
allocation_reversal_8x8_strong_b0.2_e0_np50_nq5,allocation_reversal_8x8_strong_b0.2_e0,allocation_reversal,8x8,8,8,strong,equal_mi_different_shape,primary,50,5,0.1,10,0.0,0.2,0.4029197153251672,0.08058394306503344,0.08058394306503344,0.08058394306503777,0.08058394306503341,4.3576253716537394e-15,True,10000,12317497918828178728
allocation_reversal_8x8_strong_b0.2_e0.1_np50_nq5,allocation_reversal_8x8_strong_b0.2_e0.1,allocation_reversal,8x8,8,8,strong,equal_mi_different_shape,primary,50,5,0.1,10,0.1,0.2,0.4029197153251672,0.08058394306503344,0.12087591459755018,0.08058394306503777,0.12087591459755012,0.04029197153251235,True,10000,16007956628665816065
allocation_reversal_8x8_strong_b0.2_e0.4_np50_nq5,allocation_reversal_8x8_strong_b0.2_e0.4,allocation_reversal,8x8,8,8,strong,equal_mi_different_shape,primary,50,5,0.1,10,0.4,0.2,0.4029197153251672,0.08058394306503344,0.24175182919510035,0.08058394306503777,0.24175182919510035,0.16116788613006258,True,10000,11120387496396227874
allocation_reversal_8x8_ultra_b0.2_e0_np1000_nq100,allocation_reversal_8x8_ultra_b0.2_e0,allocation_reversal,8x8,8,8,ultra,equal_mi_different_shape,primary,1000,100,0.1,10,0.0,0.2,0.2309043973743725,0.0461808794748745,0.0461808794748745,0.04618087947487472,0.04618087947487449,2.2898349882893854e-16,False,10000,17540109067971341178
allocation_reversal_8x8_ultra_b0.2_e0.1_np1000_nq100,allocation_reversal_8x8_ultra_b0.2_e0.1,allocation_reversal,8x8,8,8,ultra,equal_mi_different_shape,primary,1000,100,0.1,10,0.1,0.2,0.2309043973743725,0.0461808794748745,0.06927131921231176,0.04618087947487472,0.06927131921228993,0.023090439737415216,False,10000,5519935654576437468
allocation_reversal_8x8_ultra_b0.2_e0.4_np1000_nq100,allocation_reversal_8x8_ultra_b0.2_e0.4,allocation_reversal,8x8,8,8,ultra,equal_mi_different_shape,primary,1000,100,0.1,10,0.4,0.2,0.2309043973743725,0.0461808794748745,0.13854263842462353,0.04618087947487472,0.13854263842462355,0.09236175894974884,False,10000,6976511308567863354
allocation_reversal_8x8_ultra_b0.2_e0_np200_nq100,allocation_reversal_8x8_ultra_b0.2_e0,allocation_reversal,8x8,8,8,ultra,equal_mi_different_shape,primary,200,100,0.5,2,0.0,0.2,0.2309043973743725,0.0461808794748745,0.0461808794748745,0.04618087947487472,0.04618087947487449,2.2898349882893854e-16,False,10000,2562615568965117501
allocation_reversal_8x8_ultra_b0.2_e0.1_np200_nq100,allocation_reversal_8x8_ultra_b0.2_e0.1,allocation_reversal,8x8,8,8,ultra,equal_mi_different_shape,primary,200,100,0.5,2,0.1,0.2,0.2309043973743725,0.0461808794748745,0.06927131921231176,0.04618087947487472,0.06927131921228993,0.023090439737415216,False,10000,5383024774223905213
allocation_reversal_8x8_ultra_b0.2_e0.4_np200_nq100,allocation_reversal_8x8_ultra_b0.2_e0.4,allocation_reversal,8x8,8,8,ultra,equal_mi_different_shape,primary,200,100,0.5,2,0.4,0.2,0.2309043973743725,0.0461808794748745,0.13854263842462353,0.04618087947487472,0.13854263842462355,0.09236175894974884,False,10000,8123548948112356460
allocation_reversal_8x8_ultra_b0.2_e0_np500_nq100,allocation_reversal_8x8_ultra_b0.2_e0,allocation_reversal,8x8,8,8,ultra,equal_mi_different_shape,primary,500,100,0.2,5,0.0,0.2,0.2309043973743725,0.0461808794748745,0.0461808794748745,0.04618087947487472,0.04618087947487449,2.2898349882893854e-16,False,10000,16432572573877705743
allocation_reversal_8x8_ultra_b0.2_e0.1_np500_nq100,allocation_reversal_8x8_ultra_b0.2_e0.1,allocation_reversal,8x8,8,8,ultra,equal_mi_different_shape,primary,500,100,0.2,5,0.1,0.2,0.2309043973743725,0.0461808794748745,0.06927131921231176,0.04618087947487472,0.06927131921228993,0.023090439737415216,False,10000,17884737228621888402
allocation_reversal_8x8_ultra_b0.2_e0.4_np500_nq100,allocation_reversal_8x8_ultra_b0.2_e0.4,allocation_reversal,8x8,8,8,ultra,equal_mi_different_shape,primary,500,100,0.2,5,0.4,0.2,0.2309043973743725,0.0461808794748745,0.13854263842462353,0.04618087947487472,0.13854263842462355,0.09236175894974884,False,10000,924696532287238491
allocation_reversal_8x8_ultra_b0.2_e0_np100_nq10,allocation_reversal_8x8_ultra_b0.2_e0,allocation_reversal,8x8,8,8,ultra,equal_mi_different_shape,primary,100,10,0.1,10,0.0,0.2,0.2309043973743725,0.0461808794748745,0.0461808794748745,0.04618087947487472,0.04618087947487449,2.2898349882893854e-16,False,10000,1025130253504042568
allocation_reversal_8x8_ultra_b0.2_e0.1_np100_nq10,allocation_reversal_8x8_ultra_b0.2_e0.1,allocation_reversal,8x8,8,8,ultra,equal_mi_different_shape,primary,100,10,0.1,10,0.1,0.2,0.2309043973743725,0.0461808794748745,0.06927131921231176,0.04618087947487472,0.06927131921228993,0.023090439737415216,False,10000,8641840251163689279
allocation_reversal_8x8_ultra_b0.2_e0.4_np100_nq10,allocation_reversal_8x8_ultra_b0.2_e0.4,allocation_reversal,8x8,8,8,ultra,equal_mi_different_shape,primary,100,10,0.1,10,0.4,0.2,0.2309043973743725,0.0461808794748745,0.13854263842462353,0.04618087947487472,0.13854263842462355,0.09236175894974884,False,10000,16552649511007536294
allocation_reversal_8x8_ultra_b0.2_e0_np20_nq10,allocation_reversal_8x8_ultra_b0.2_e0,allocation_reversal,8x8,8,8,ultra,equal_mi_different_shape,primary,20,10,0.5,2,0.0,0.2,0.2309043973743725,0.0461808794748745,0.0461808794748745,0.04618087947487472,0.04618087947487449,2.2898349882893854e-16,False,10000,15873977458051340533
allocation_reversal_8x8_ultra_b0.2_e0.1_np20_nq10,allocation_reversal_8x8_ultra_b0.2_e0.1,allocation_reversal,8x8,8,8,ultra,equal_mi_different_shape,primary,20,10,0.5,2,0.1,0.2,0.2309043973743725,0.0461808794748745,0.06927131921231176,0.04618087947487472,0.06927131921228993,0.023090439737415216,False,10000,8518701313510177388
allocation_reversal_8x8_ultra_b0.2_e0.4_np20_nq10,allocation_reversal_8x8_ultra_b0.2_e0.4,allocation_reversal,8x8,8,8,ultra,equal_mi_different_shape,primary,20,10,0.5,2,0.4,0.2,0.2309043973743725,0.0461808794748745,0.13854263842462353,0.04618087947487472,0.13854263842462355,0.09236175894974884,False,10000,16547774945717674587
allocation_reversal_8x8_ultra_b0.2_e0_np50_nq10,allocation_reversal_8x8_ultra_b0.2_e0,allocation_reversal,8x8,8,8,ultra,equal_mi_different_shape,primary,50,10,0.2,5,0.0,0.2,0.2309043973743725,0.0461808794748745,0.0461808794748745,0.04618087947487472,0.04618087947487449,2.2898349882893854e-16,False,10000,2674693918844231328
allocation_reversal_8x8_ultra_b0.2_e0.1_np50_nq10,allocation_reversal_8x8_ultra_b0.2_e0.1,allocation_reversal,8x8,8,8,ultra,equal_mi_different_shape,primary,50,10,0.2,5,0.1,0.2,0.2309043973743725,0.0461808794748745,0.06927131921231176,0.04618087947487472,0.06927131921228993,0.023090439737415216,False,10000,5551422827296540093
allocation_reversal_8x8_ultra_b0.2_e0.4_np50_nq10,allocation_reversal_8x8_ultra_b0.2_e0.4,allocation_reversal,8x8,8,8,ultra,equal_mi_different_shape,primary,50,10,0.2,5,0.4,0.2,0.2309043973743725,0.0461808794748745,0.13854263842462353,0.04618087947487472,0.13854263842462355,0.09236175894974884,False,10000,2968491222476902340
allocation_reversal_8x8_ultra_b0.2_e0_np100_nq20,allocation_reversal_8x8_ultra_b0.2_e0,allocation_reversal,8x8,8,8,ultra,equal_mi_different_shape,primary,100,20,0.2,5,0.0,0.2,0.2309043973743725,0.0461808794748745,0.0461808794748745,0.04618087947487472,0.04618087947487449,2.2898349882893854e-16,False,10000,3334755985780463619
allocation_reversal_8x8_ultra_b0.2_e0.1_np100_nq20,allocation_reversal_8x8_ultra_b0.2_e0.1,allocation_reversal,8x8,8,8,ultra,equal_mi_different_shape,primary,100,20,0.2,5,0.1,0.2,0.2309043973743725,0.0461808794748745,0.06927131921231176,0.04618087947487472,0.06927131921228993,0.023090439737415216,False,10000,1320357200521357427
allocation_reversal_8x8_ultra_b0.2_e0.4_np100_nq20,allocation_reversal_8x8_ultra_b0.2_e0.4,allocation_reversal,8x8,8,8,ultra,equal_mi_different_shape,primary,100,20,0.2,5,0.4,0.2,0.2309043973743725,0.0461808794748745,0.13854263842462353,0.04618087947487472,0.13854263842462355,0.09236175894974884,False,10000,7217234196890661134
allocation_reversal_8x8_ultra_b0.2_e0_np200_nq20,allocation_reversal_8x8_ultra_b0.2_e0,allocation_reversal,8x8,8,8,ultra,equal_mi_different_shape,primary,200,20,0.1,10,0.0,0.2,0.2309043973743725,0.0461808794748745,0.0461808794748745,0.04618087947487472,0.04618087947487449,2.2898349882893854e-16,False,10000,13780594906172481410
allocation_reversal_8x8_ultra_b0.2_e0.1_np200_nq20,allocation_reversal_8x8_ultra_b0.2_e0.1,allocation_reversal,8x8,8,8,ultra,equal_mi_different_shape,primary,200,20,0.1,10,0.1,0.2,0.2309043973743725,0.0461808794748745,0.06927131921231176,0.04618087947487472,0.06927131921228993,0.023090439737415216,False,10000,5613787177504496510
allocation_reversal_8x8_ultra_b0.2_e0.4_np200_nq20,allocation_reversal_8x8_ultra_b0.2_e0.4,allocation_reversal,8x8,8,8,ultra,equal_mi_different_shape,primary,200,20,0.1,10,0.4,0.2,0.2309043973743725,0.0461808794748745,0.13854263842462353,0.04618087947487472,0.13854263842462355,0.09236175894974884,False,10000,10213025249455698222
allocation_reversal_8x8_ultra_b0.2_e0_np40_nq20,allocation_reversal_8x8_ultra_b0.2_e0,allocation_reversal,8x8,8,8,ultra,equal_mi_different_shape,primary,40,20,0.5,2,0.0,0.2,0.2309043973743725,0.0461808794748745,0.0461808794748745,0.04618087947487472,0.04618087947487449,2.2898349882893854e-16,False,10000,2575850707281376225
allocation_reversal_8x8_ultra_b0.2_e0.1_np40_nq20,allocation_reversal_8x8_ultra_b0.2_e0.1,allocation_reversal,8x8,8,8,ultra,equal_mi_different_shape,primary,40,20,0.5,2,0.1,0.2,0.2309043973743725,0.0461808794748745,0.06927131921231176,0.04618087947487472,0.06927131921228993,0.023090439737415216,False,10000,2213140397119109972
allocation_reversal_8x8_ultra_b0.2_e0.4_np40_nq20,allocation_reversal_8x8_ultra_b0.2_e0.4,allocation_reversal,8x8,8,8,ultra,equal_mi_different_shape,primary,40,20,0.5,2,0.4,0.2,0.2309043973743725,0.0461808794748745,0.13854263842462353,0.04618087947487472,0.13854263842462355,0.09236175894974884,False,10000,5314771596106133415
allocation_reversal_8x8_ultra_b0.2_e0_np100_nq50,allocation_reversal_8x8_ultra_b0.2_e0,allocation_reversal,8x8,8,8,ultra,equal_mi_different_shape,primary,100,50,0.5,2,0.0,0.2,0.2309043973743725,0.0461808794748745,0.0461808794748745,0.04618087947487472,0.04618087947487449,2.2898349882893854e-16,False,10000,15426937147744364603
allocation_reversal_8x8_ultra_b0.2_e0.1_np100_nq50,allocation_reversal_8x8_ultra_b0.2_e0.1,allocation_reversal,8x8,8,8,ultra,equal_mi_different_shape,primary,100,50,0.5,2,0.1,0.2,0.2309043973743725,0.0461808794748745,0.06927131921231176,0.04618087947487472,0.06927131921228993,0.023090439737415216,False,10000,12914582261679853253
allocation_reversal_8x8_ultra_b0.2_e0.4_np100_nq50,allocation_reversal_8x8_ultra_b0.2_e0.4,allocation_reversal,8x8,8,8,ultra,equal_mi_different_shape,primary,100,50,0.5,2,0.4,0.2,0.2309043973743725,0.0461808794748745,0.13854263842462353,0.04618087947487472,0.13854263842462355,0.09236175894974884,False,10000,13213671686027466867
allocation_reversal_8x8_ultra_b0.2_e0_np250_nq50,allocation_reversal_8x8_ultra_b0.2_e0,allocation_reversal,8x8,8,8,ultra,equal_mi_different_shape,primary,250,50,0.2,5,0.0,0.2,0.2309043973743725,0.0461808794748745,0.0461808794748745,0.04618087947487472,0.04618087947487449,2.2898349882893854e-16,False,10000,1145167525942224282
allocation_reversal_8x8_ultra_b0.2_e0.1_np250_nq50,allocation_reversal_8x8_ultra_b0.2_e0.1,allocation_reversal,8x8,8,8,ultra,equal_mi_different_shape,primary,250,50,0.2,5,0.1,0.2,0.2309043973743725,0.0461808794748745,0.06927131921231176,0.04618087947487472,0.06927131921228993,0.023090439737415216,False,10000,15566630951370417345
allocation_reversal_8x8_ultra_b0.2_e0.4_np250_nq50,allocation_reversal_8x8_ultra_b0.2_e0.4,allocation_reversal,8x8,8,8,ultra,equal_mi_different_shape,primary,250,50,0.2,5,0.4,0.2,0.2309043973743725,0.0461808794748745,0.13854263842462353,0.04618087947487472,0.13854263842462355,0.09236175894974884,False,10000,14940252548123696257
allocation_reversal_8x8_ultra_b0.2_e0_np500_nq50,allocation_reversal_8x8_ultra_b0.2_e0,allocation_reversal,8x8,8,8,ultra,equal_mi_different_shape,primary,500,50,0.1,10,0.0,0.2,0.2309043973743725,0.0461808794748745,0.0461808794748745,0.04618087947487472,0.04618087947487449,2.2898349882893854e-16,False,10000,9824727305613439104
allocation_reversal_8x8_ultra_b0.2_e0.1_np500_nq50,allocation_reversal_8x8_ultra_b0.2_e0.1,allocation_reversal,8x8,8,8,ultra,equal_mi_different_shape,primary,500,50,0.1,10,0.1,0.2,0.2309043973743725,0.0461808794748745,0.06927131921231176,0.04618087947487472,0.06927131921228993,0.023090439737415216,False,10000,2438402642861643838
allocation_reversal_8x8_ultra_b0.2_e0.4_np500_nq50,allocation_reversal_8x8_ultra_b0.2_e0.4,allocation_reversal,8x8,8,8,ultra,equal_mi_different_shape,primary,500,50,0.1,10,0.4,0.2,0.2309043973743725,0.0461808794748745,0.13854263842462353,0.04618087947487472,0.13854263842462355,0.09236175894974884,False,10000,10354073913122493647
allocation_reversal_8x8_ultra_b0.2_e0_np10_nq5,allocation_reversal_8x8_ultra_b0.2_e0,allocation_reversal,8x8,8,8,ultra,equal_mi_different_shape,primary,10,5,0.5,2,0.0,0.2,0.2309043973743725,0.0461808794748745,0.0461808794748745,0.04618087947487472,0.04618087947487449,2.2898349882893854e-16,True,10000,16794862173862995132
allocation_reversal_8x8_ultra_b0.2_e0.1_np10_nq5,allocation_reversal_8x8_ultra_b0.2_e0.1,allocation_reversal,8x8,8,8,ultra,equal_mi_different_shape,primary,10,5,0.5,2,0.1,0.2,0.2309043973743725,0.0461808794748745,0.06927131921231176,0.04618087947487472,0.06927131921228993,0.023090439737415216,True,10000,17601457763846515932
allocation_reversal_8x8_ultra_b0.2_e0.4_np10_nq5,allocation_reversal_8x8_ultra_b0.2_e0.4,allocation_reversal,8x8,8,8,ultra,equal_mi_different_shape,primary,10,5,0.5,2,0.4,0.2,0.2309043973743725,0.0461808794748745,0.13854263842462353,0.04618087947487472,0.13854263842462355,0.09236175894974884,True,10000,7944559885323630960
allocation_reversal_8x8_ultra_b0.2_e0_np25_nq5,allocation_reversal_8x8_ultra_b0.2_e0,allocation_reversal,8x8,8,8,ultra,equal_mi_different_shape,primary,25,5,0.2,5,0.0,0.2,0.2309043973743725,0.0461808794748745,0.0461808794748745,0.04618087947487472,0.04618087947487449,2.2898349882893854e-16,True,10000,6735877572521649772
allocation_reversal_8x8_ultra_b0.2_e0.1_np25_nq5,allocation_reversal_8x8_ultra_b0.2_e0.1,allocation_reversal,8x8,8,8,ultra,equal_mi_different_shape,primary,25,5,0.2,5,0.1,0.2,0.2309043973743725,0.0461808794748745,0.06927131921231176,0.04618087947487472,0.06927131921228993,0.023090439737415216,True,10000,4354972679342292133
allocation_reversal_8x8_ultra_b0.2_e0.4_np25_nq5,allocation_reversal_8x8_ultra_b0.2_e0.4,allocation_reversal,8x8,8,8,ultra,equal_mi_different_shape,primary,25,5,0.2,5,0.4,0.2,0.2309043973743725,0.0461808794748745,0.13854263842462353,0.04618087947487472,0.13854263842462355,0.09236175894974884,True,10000,7734875057725440968
allocation_reversal_8x8_ultra_b0.2_e0_np50_nq5,allocation_reversal_8x8_ultra_b0.2_e0,allocation_reversal,8x8,8,8,ultra,equal_mi_different_shape,primary,50,5,0.1,10,0.0,0.2,0.2309043973743725,0.0461808794748745,0.0461808794748745,0.04618087947487472,0.04618087947487449,2.2898349882893854e-16,True,10000,14607723058910681308
allocation_reversal_8x8_ultra_b0.2_e0.1_np50_nq5,allocation_reversal_8x8_ultra_b0.2_e0.1,allocation_reversal,8x8,8,8,ultra,equal_mi_different_shape,primary,50,5,0.1,10,0.1,0.2,0.2309043973743725,0.0461808794748745,0.06927131921231176,0.04618087947487472,0.06927131921228993,0.023090439737415216,True,10000,3788853294219316632
allocation_reversal_8x8_ultra_b0.2_e0.4_np50_nq5,allocation_reversal_8x8_ultra_b0.2_e0.4,allocation_reversal,8x8,8,8,ultra,equal_mi_different_shape,primary,50,5,0.1,10,0.4,0.2,0.2309043973743725,0.0461808794748745,0.13854263842462353,0.04618087947487472,0.13854263842462355,0.09236175894974884,True,10000,1802892190385986372
convergence_2x2_strong_b0.2_e0_np2500_nq2500,convergence_2x2_strong_b0.2_e0,convergence,2x2,2,2,strong,equal_mi_different_shape,primary,2500,2500,1.0,1,0.0,0.2,0.0111340871327206,0.0022268174265441198,0.0022268174265441198,0.002226817426529009,0.0022268174265440803,1.50712775592865e-14,False,10000,8488455294610813929
convergence_2x2_strong_b0.2_e0_np10000_nq10000,convergence_2x2_strong_b0.2_e0,convergence,2x2,2,2,strong,equal_mi_different_shape,primary,10000,10000,1.0,1,0.0,0.2,0.0111340871327206,0.0022268174265441198,0.0022268174265441198,0.002226817426529009,0.0022268174265440803,1.50712775592865e-14,False,10000,15952666851053998470
convergence_2x2_strong_b0.2_e0_np50000_nq50000,convergence_2x2_strong_b0.2_e0,convergence,2x2,2,2,strong,equal_mi_different_shape,primary,50000,50000,1.0,1,0.0,0.2,0.0111340871327206,0.0022268174265441198,0.0022268174265441198,0.002226817426529009,0.0022268174265440803,1.50712775592865e-14,False,10000,8892066948566387082
convergence_2x2_ultra_b0.2_e0_np2500_nq2500,convergence_2x2_ultra_b0.2_e0,convergence,2x2,2,2,ultra,equal_mi_different_shape,primary,2500,2500,1.0,1,0.0,0.2,0.0026327952443023,0.0005265590488604601,0.0005265590488604601,0.000526559048845205,0.0005265590488605452,1.5340159698062905e-14,False,10000,5724006926298135742
convergence_2x2_ultra_b0.2_e0_np10000_nq10000,convergence_2x2_ultra_b0.2_e0,convergence,2x2,2,2,ultra,equal_mi_different_shape,primary,10000,10000,1.0,1,0.0,0.2,0.0026327952443023,0.0005265590488604601,0.0005265590488604601,0.000526559048845205,0.0005265590488605452,1.5340159698062905e-14,False,10000,173375277348068539
convergence_2x2_ultra_b0.2_e0_np50000_nq50000,convergence_2x2_ultra_b0.2_e0,convergence,2x2,2,2,ultra,equal_mi_different_shape,primary,50000,50000,1.0,1,0.0,0.2,0.0026327952443023,0.0005265590488604601,0.0005265590488604601,0.000526559048845205,0.0005265590488605452,1.5340159698062905e-14,False,10000,2311254117304515803
convergence_3x3_strong_b0.2_e0_np2500_nq2500,convergence_3x3_strong_b0.2_e0,convergence,3x3,3,3,strong,equal_mi_different_shape,primary,2500,2500,1.0,1,0.0,0.2,0.1922085929866958,0.038441718597339164,0.038441718597339164,0.03844171859733924,0.0384417185973391,1.3877787807814457e-16,False,10000,7838239709206152405
convergence_3x3_strong_b0.2_e0_np10000_nq10000,convergence_3x3_strong_b0.2_e0,convergence,3x3,3,3,strong,equal_mi_different_shape,primary,10000,10000,1.0,1,0.0,0.2,0.1922085929866958,0.038441718597339164,0.038441718597339164,0.03844171859733924,0.0384417185973391,1.3877787807814457e-16,False,10000,16790915182609526418
convergence_3x3_strong_b0.2_e0_np50000_nq50000,convergence_3x3_strong_b0.2_e0,convergence,3x3,3,3,strong,equal_mi_different_shape,primary,50000,50000,1.0,1,0.0,0.2,0.1922085929866958,0.038441718597339164,0.038441718597339164,0.03844171859733924,0.0384417185973391,1.3877787807814457e-16,False,10000,1076287106525227358
convergence_3x3_ultra_b0.2_e0_np2500_nq2500,convergence_3x3_ultra_b0.2_e0,convergence,3x3,3,3,ultra,equal_mi_different_shape,primary,2500,2500,1.0,1,0.0,0.2,0.1129845931506304,0.022596918630126084,0.022596918630126084,0.02259691863027121,0.022596918630126177,1.4503329093251693e-13,False,10000,17123232361994949758
convergence_3x3_ultra_b0.2_e0_np10000_nq10000,convergence_3x3_ultra_b0.2_e0,convergence,3x3,3,3,ultra,equal_mi_different_shape,primary,10000,10000,1.0,1,0.0,0.2,0.1129845931506304,0.022596918630126084,0.022596918630126084,0.02259691863027121,0.022596918630126177,1.4503329093251693e-13,False,10000,3807731458618283188
convergence_3x3_ultra_b0.2_e0_np50000_nq50000,convergence_3x3_ultra_b0.2_e0,convergence,3x3,3,3,ultra,equal_mi_different_shape,primary,50000,50000,1.0,1,0.0,0.2,0.1129845931506304,0.022596918630126084,0.022596918630126084,0.02259691863027121,0.022596918630126177,1.4503329093251693e-13,False,10000,15812461717363931666
convergence_5x5_strong_b0.2_e0_np2500_nq2500,convergence_5x5_strong_b0.2_e0,convergence,5x5,5,5,strong,equal_mi_different_shape,primary,2500,2500,1.0,1,0.0,0.2,0.3360339010727185,0.06720678021454371,0.06720678021454371,0.06720678021461499,0.06720678021454372,7.126244039312724e-14,False,10000,9918549498779764443
convergence_5x5_strong_b0.2_e0_np10000_nq10000,convergence_5x5_strong_b0.2_e0,convergence,5x5,5,5,strong,equal_mi_different_shape,primary,10000,10000,1.0,1,0.0,0.2,0.3360339010727185,0.06720678021454371,0.06720678021454371,0.06720678021461499,0.06720678021454372,7.126244039312724e-14,False,10000,22842839212360474
convergence_5x5_strong_b0.2_e0_np50000_nq50000,convergence_5x5_strong_b0.2_e0,convergence,5x5,5,5,strong,equal_mi_different_shape,primary,50000,50000,1.0,1,0.0,0.2,0.3360339010727185,0.06720678021454371,0.06720678021454371,0.06720678021461499,0.06720678021454372,7.126244039312724e-14,False,10000,8831453184129154664
convergence_5x5_ultra_b0.2_e0_np2500_nq2500,convergence_5x5_ultra_b0.2_e0,convergence,5x5,5,5,ultra,equal_mi_different_shape,primary,2500,2500,1.0,1,0.0,0.2,0.1945195813371506,0.03890391626743012,0.03890391626743012,0.03890391626742991,0.038903916267432975,3.066991105526995e-15,False,10000,14094160664353986499
convergence_5x5_ultra_b0.2_e0_np10000_nq10000,convergence_5x5_ultra_b0.2_e0,convergence,5x5,5,5,ultra,equal_mi_different_shape,primary,10000,10000,1.0,1,0.0,0.2,0.1945195813371506,0.03890391626743012,0.03890391626743012,0.03890391626742991,0.038903916267432975,3.066991105526995e-15,False,10000,17966452283653628404
convergence_5x5_ultra_b0.2_e0_np50000_nq50000,convergence_5x5_ultra_b0.2_e0,convergence,5x5,5,5,ultra,equal_mi_different_shape,primary,50000,50000,1.0,1,0.0,0.2,0.1945195813371506,0.03890391626743012,0.03890391626743012,0.03890391626742991,0.038903916267432975,3.066991105526995e-15,False,10000,17510842363734054981
convergence_8x8_strong_b0.2_e0_np2500_nq2500,convergence_8x8_strong_b0.2_e0,convergence,8x8,8,8,strong,equal_mi_different_shape,primary,2500,2500,1.0,1,0.0,0.2,0.4029197153251672,0.08058394306503344,0.08058394306503344,0.08058394306503777,0.08058394306503341,4.3576253716537394e-15,False,10000,15853829973161915315
convergence_8x8_strong_b0.2_e0_np10000_nq10000,convergence_8x8_strong_b0.2_e0,convergence,8x8,8,8,strong,equal_mi_different_shape,primary,10000,10000,1.0,1,0.0,0.2,0.4029197153251672,0.08058394306503344,0.08058394306503344,0.08058394306503777,0.08058394306503341,4.3576253716537394e-15,False,10000,6454329804426745511
convergence_8x8_strong_b0.2_e0_np50000_nq50000,convergence_8x8_strong_b0.2_e0,convergence,8x8,8,8,strong,equal_mi_different_shape,primary,50000,50000,1.0,1,0.0,0.2,0.4029197153251672,0.08058394306503344,0.08058394306503344,0.08058394306503777,0.08058394306503341,4.3576253716537394e-15,False,10000,14440565752262185648
convergence_8x8_ultra_b0.2_e0_np2500_nq2500,convergence_8x8_ultra_b0.2_e0,convergence,8x8,8,8,ultra,equal_mi_different_shape,primary,2500,2500,1.0,1,0.0,0.2,0.2309043973743725,0.0461808794748745,0.0461808794748745,0.04618087947487472,0.04618087947487449,2.2898349882893854e-16,False,10000,6853163751692808922
convergence_8x8_ultra_b0.2_e0_np10000_nq10000,convergence_8x8_ultra_b0.2_e0,convergence,8x8,8,8,ultra,equal_mi_different_shape,primary,10000,10000,1.0,1,0.0,0.2,0.2309043973743725,0.0461808794748745,0.0461808794748745,0.04618087947487472,0.04618087947487449,2.2898349882893854e-16,False,10000,1525380490349490358
convergence_8x8_ultra_b0.2_e0_np50000_nq50000,convergence_8x8_ultra_b0.2_e0,convergence,8x8,8,8,ultra,equal_mi_different_shape,primary,50000,50000,1.0,1,0.0,0.2,0.2309043973743725,0.0461808794748745,0.0461808794748745,0.04618087947487472,0.04618087947487449,2.2898349882893854e-16,False,10000,3547561519344533546
