stage,population_seed,scenario_id,scenario_key,simulation_seed,rows,columns,design_index,n_p,n_q,replicates,valid_n,valid_rate,true_delta,minimum_joint_expected_p,minimum_joint_expected_q,mean_zero_fraction_p,mean_zero_fraction_q,batch_seconds,batch_microseconds_per_pair,empirical_component_df_p,empirical_component_df_q,empirical_total_df,median_naive_total_df,median_if_total_df,population_if_component_df_p,population_if_component_df_q,population_if_total_df,correlation_delta_total_variance,wald_normal_coverage_95,wald_normal_fpr_10,wald_normal_fpr_10_low,wald_normal_fpr_10_high,wald_normal_error_10,wald_normal_fpr_05,wald_normal_fpr_05_low,wald_normal_fpr_05_high,wald_normal_error_05,welch_n_minus_1_coverage_95,welch_n_minus_1_median_df,welch_n_minus_1_fpr_10,welch_n_minus_1_fpr_10_low,welch_n_minus_1_fpr_10_high,welch_n_minus_1_error_10,welch_n_minus_1_fpr_05,welch_n_minus_1_fpr_05_low,welch_n_minus_1_fpr_05_high,welch_n_minus_1_error_05,if_satterthwaite_coverage_95,if_satterthwaite_median_df,if_satterthwaite_fpr_10,if_satterthwaite_fpr_10_low,if_satterthwaite_fpr_10_high,if_satterthwaite_error_10,if_satterthwaite_fpr_05,if_satterthwaite_fpr_05_low,if_satterthwaite_fpr_05_high,if_satterthwaite_error_05
broad,73105913,random_2x2_d0,broad:73105913:random_2x2_d0,3057367574,2,2,0,400,400,5000,5000,1.0,-1.1102230246251565e-16,68.62890458840818,74.14944797808268,0.0,0.0,0.007174416910856962,1.4348833821713924,14.182139605551074,14.377877731670784,28.17822579110813,772.7138768903693,27.145015106850867,13.13967511929898,13.158600090631962,26.298232549948153,0.006880601869428929,0.9588,0.0898,0.08218723673405674,0.0980425859416681,0.0102,0.0412,0.03603404693250977,0.04707039637227465,0.008800000000000002,0.9602,772.7138768903693,0.0894,0.08180344452007886,0.09762699231720202,0.010600000000000012,0.0398,0.03472528711352322,0.04558130575670736,0.0102,0.9682,27.145015106850867,0.0804,0.07318127536682943,0.0882629801054625,0.019600000000000006,0.0318,0.027284421471199267,0.03703445463015223,0.0182
broad,73105913,random_2x2_d1,broad:73105913:random_2x2_d1,3273524577,2,2,1,200,400,5000,5000,1.0,5.340172748447003e-14,30.08017762780793,32.02149088528924,0.0,0.0,0.0034777919063344598,0.695558381266892,18.62440248977572,38.674301931017766,36.56400196408247,391.31179217669006,35.68856118596831,17.493625628912824,37.77558103859344,34.84107248332602,0.599873546574282,0.95,0.106,0.09776772219825865,0.11483722693444633,0.0059999999999999915,0.05,0.04429689670057055,0.05639403504998086,0.0,0.9506,391.31179217669006,0.1054,0.09718947343586365,0.1142163969391754,0.005399999999999988,0.0494,0.04373172063796703,0.055760132354918446,0.0006000000000000033,0.957,35.68856118596831,0.0948,0.08698853981142897,0.10323360584484532,0.00520000000000001,0.043,0.0377192510877771,0.0489824284900051,0.007000000000000006
broad,73105913,random_2x2_d2,broad:73105913:random_2x2_d2,349175255,2,2,2,120,480,5000,5000,1.0,1.1102230246251565e-15,0.03544053530959799,7.792035411385706,0.2417,5e-05,0.003477292018942535,0.695458403788507,33.50619931026693,200.33223986691416,77.32267418498166,272.5625214200618,88.35960796150736,12.051763271127026,210.4248396027345,27.600873828144824,0.5285917833053595,0.941,0.1078,0.09950297750115336,0.1166992079045494,0.007800000000000001,0.059,0.052801227987900407,0.06587588512763998,0.008999999999999994,0.9418,272.5625214200618,0.1072,0.09892447485888445,0.1160786317891524,0.007199999999999998,0.0582,0.05204341062193982,0.06503493081671266,0.008199999999999999,0.9436,88.35960796150736,0.1046,0.09641860881615973,0.11338848988199142,0.004599999999999993,0.0564,0.05033958885978194,0.06314151630587274,0.006399999999999996
broad,73105913,random_2x2_d3,broad:73105913:random_2x2_d3,3794144454,2,2,3,800,800,5000,5000,1.0,4.3298697960381105e-15,21.60924039501662,20.347082331376583,0.0,0.0,0.003344374941661954,0.6688749883323908,33.10983920505238,43.73729826795975,73.91035964986492,1577.7484584138451,74.40780641145683,33.02371663331158,40.95154757309426,72.19686037456532,0.14932511822516017,0.9492,0.0996,0.09160426345312381,0.10821051226447792,0.00040000000000001146,0.0508,0.04505083668536068,0.057238866742078634,0.0007999999999999952,0.95,1577.7484584138451,0.0994,0.0914118206070568,0.10800326219132297,0.0006000000000000033,0.05,0.04429689670057055,0.05639403504998086,0.0,0.9534,74.40780641145683,0.096,0.08814189353368367,0.1044784096379225,0.0040000000000000036,0.0466,0.04109752422905178,0.05279862789472602,0.0034000000000000002
broad,73105913,random_2x2_d4,broad:73105913:random_2x2_d4,800648090,2,2,4,120,240,5000,5000,1.0,0.0,16.639799244149383,16.035918025106078,0.0,0.0,0.003398041008040309,0.6796082016080618,11.642821355992881,18.57491470961971,23.52138172625463,248.69317254693703,22.934987668760094,10.473743626486902,18.430114913611256,21.660225020977915,0.4956663599891602,0.9484,0.1052,0.09699674290476157,0.1140094345510555,0.005199999999999996,0.0516,0.04580519305269662,0.0580832820516306,0.0015999999999999973,0.95,248.69317254693703,0.1038,0.0956478984489612,0.11256042857230204,0.003799999999999998,0.05,0.04429689670057055,0.05639403504998086,0.0,0.962,22.934987668760094,0.0898,0.08218723673405674,0.0980425859416681,0.0102,0.038,0.03304526128739777,0.04366409530983501,0.012000000000000004
broad,73105913,random_2x2_d5,broad:73105913:random_2x2_d5,3343105717,2,2,5,120,480,5000,5000,1.0,1.5543122344752192e-15,8.510855726412276,35.839337956299445,0.0,0.0,0.0035195830278098583,0.7039166055619717,38.830169958750936,141.16755665926829,60.13322233558575,183.91274448239952,56.284790321276255,35.07480129424485,136.91074178373475,54.18477868995288,0.8096885692917405,0.9428,0.109,0.10066023233412806,0.11794011058690658,0.008999999999999994,0.0572,0.051096623167800594,0.063983253674742,0.007199999999999998,0.9442,183.91274448239952,0.107,0.09873165928086486,0.11587175444795,0.006999999999999992,0.0558,0.04977204852711962,0.06250997788086914,0.0058,0.9496,56.284790321276255,0.1018,0.09372180779356477,0.11048959003547872,0.001799999999999996,0.0504,0.044673814062764695,0.05681650352623067,0.0003999999999999976
broad,73105913,random_2x5_d0,broad:73105913:random_2x5_d0,2307318220,2,5,0,1000,1000,5000,5000,1.0,3.574918139293004e-14,53.987754099220176,27.301374816613173,0.0,0.0,0.006076207966543734,1.2152415933087468,36.49062584517857,48.055022309784476,79.52230162282349,1975.5398201927808,80.15120640510368,33.92317174072826,42.0038152149767,74.25321241712197,0.1613735890387679,0.9536,0.0992,0.09121938807647939,0.1077960018026784,0.000800000000000009,0.0464,0.04090958228231389,0.05258687692224192,0.003600000000000006,0.9536,1975.5398201927808,0.099,0.0910269658890982,0.1075887310708376,0.0010000000000000009,0.0464,0.04090958228231389,0.05258687692224192,0.003600000000000006,0.956,80.15120640510368,0.0954,0.08756516763547541,0.10385605677846481,0.004600000000000007,0.044,0.03865664033773348,0.05004350383615861,0.006000000000000005
broad,73105913,random_2x5_d1,broad:73105913:random_2x5_d1,3694793252,2,5,1,500,1000,5000,5000,1.0,-1.5543122344752192e-15,14.548331478005903,5.2750339656473715,0.0,0.00062,0.0047307920176535845,0.9461584035307169,54.13523083110425,99.75461018228528,97.95071484416862,926.059680937974,100.56961339749613,51.21121371219851,102.25776005596826,95.95176856075774,0.6579708864316881,0.9474,0.1102,0.10181781589489737,0.11918068454146914,0.0102,0.0526,0.04674871022497823,0.05913822947545888,0.002599999999999998,0.9476,926.059680937974,0.11,0.10162486267378054,0.11897394484336399,0.009999999999999995,0.0524,0.04655995670627651,0.05892729007493863,0.0023999999999999994,0.9494,100.56961339749613,0.107,0.09873165928086486,0.11587175444795,0.006999999999999992,0.0506,0.044862312290198145,0.0570276982180192,0.0005999999999999964
broad,73105913,random_2x5_d2,broad:73105913:random_2x5_d2,4058442007,2,5,2,250,1000,5000,5000,1.0,-1.9984014443252818e-14,1.4512867385085475,0.032683416394197334,0.02342,0.09948,0.0043492920231074095,0.8698584046214819,81.73824534286676,186.16061702503032,115.80887656446525,356.07543198762346,117.45768500717115,79.7042371146698,171.29223462552608,112.773537459774,0.731204764107074,0.9334,0.1142,0.10567874259611648,0.12331361622468956,0.01419999999999999,0.0666,0.06001647553764848,0.07384896850832705,0.016600000000000004,0.935,356.07543198762346,0.1134,0.1049062772179981,0.12248730992592004,0.013399999999999995,0.065,0.05849519252435276,0.07217270816784693,0.015,0.9366,117.45768500717115,0.112,0.10355479737222283,0.12104093933714148,0.011999999999999997,0.0634,0.0569750881353032,0.07049526920312069,0.013399999999999995
broad,73105913,random_2x5_d3,broad:73105913:random_2x5_d3,428093294,2,5,3,2000,2000,5000,5000,1.0,1.1102230246251565e-16,9.431880451919957,0.008936328950790877,0.0,0.26306,0.004455541027709842,0.8911082055419683,83.96364489586468,40.113633605364384,114.41733836957606,3954.7676841593047,113.55653980676955,79.11603700277631,39.69615454328503,109.5672727265811,-0.05848135568084413,0.95,0.1004,0.09237413744293914,0.10903940995155052,0.0003999999999999976,0.05,0.04429689670057055,0.05639403504998086,0.0,0.95,3954.7676841593047,0.1,0.09198917998158554,0.10862498157446016,0.0,0.05,0.04429689670057055,0.05639403504998086,0.0,0.9518,113.55653980676955,0.0982,0.09025738113052353,0.10675954415252437,0.00180000000000001,0.0482,0.04260210373766007,0.05449159173989355,0.001800000000000003
broad,73105913,random_2x5_d4,broad:73105913:random_2x5_d4,1571618907,2,5,4,200,400,5000,5000,1.0,2.220446049250313e-16,1.6672591761288047,5.4095001965446405,0.01826,0.00058,0.004420166020281613,0.8840332040563226,21.587148018786486,41.315550741851126,42.998187452231534,406.35150901955285,41.241795401130304,18.296693884057092,36.74272689986918,37.373970664150924,0.43954062889004236,0.9538,0.0982,0.09025738113052353,0.10675954415252437,0.00180000000000001,0.0462,0.0407216699236964,0.05237509636163745,0.0038000000000000048,0.9542,406.35150901955285,0.0972,0.08929563628725427,0.10572282439968374,0.002800000000000011,0.0458,0.040345934701495674,0.05195144574539421,0.004200000000000002,0.9584,41.241795401130304,0.09,0.08237915058874334,0.09825036500620349,0.010000000000000009,0.0416,0.03640829747606612,0.04749553166716225,0.008400000000000005
broad,73105913,random_2x5_d5,broad:73105913:random_2x5_d5,2840658051,2,5,5,120,480,5000,5000,1.0,8.881784197001252e-16,9.077449845514473e-10,0.9260701938777481,0.30188,0.03838,0.004496542038396001,0.8993084076792002,19.887052636902595,92.20983944590355,32.391670260104625,194.57924333450984,30.57480933458504,16.297490003272728,104.07467413750359,27.10252824568127,0.7765566857985977,0.9174,0.1428,0.13337637900061192,0.15277206726893686,0.042800000000000005,0.0826,0.07528650038771441,0.09055437719601929,0.032600000000000004,0.919,194.57924333450984,0.1408,0.1314347491543919,0.1507167679229371,0.0408,0.081,0.07375526540604448,0.08888806882391338,0.031,0.9286,30.57480933458504,0.1298,0.12076786219271811,0.13940054432740212,0.029799999999999993,0.0714,0.06458701559947404,0.07887105850782893,0.021400000000000002
broad,73105913,random_3x3_d0,broad:73105913:random_3x3_d0,3560973295,3,3,0,900,900,5000,5000,1.0,-2.220446049250313e-16,42.44565725876529,58.50137676814493,0.0,0.0,0.004625375033356249,0.9250750066712499,41.74824058801165,34.580060650573884,76.64677110202423,1775.697620058324,73.0756195951476,36.25399414338414,32.13038420963686,67.92425063217814,-0.09164458960142943,0.952,0.0942,0.08641201089382725,0.10261105600478113,0.0058,0.048,0.04241393141870799,0.054280071139623645,0.0020000000000000018,0.952,1775.697620058324,0.0938,0.08602771364704209,0.10219596741312231,0.006200000000000011,0.048,0.04241393141870799,0.054280071139623645,0.0020000000000000018,0.9552,73.0756195951476,0.0912,0.0835308799658389,0.09949679314443981,0.008800000000000002,0.0448,0.03940712743434635,0.05089178841643366,0.005200000000000003
broad,73105913,random_3x3_d1,broad:73105913:random_3x3_d1,1420530494,3,3,1,450,900,5000,5000,1.0,-1.9984014443252818e-15,16.766520454824494,26.498321185651402,0.0,0.0,0.004543417016975582,0.9086834033951163,46.004536647681654,90.28949128579119,92.28059640426963,892.7310460051672,85.68336011909554,39.95004340644835,84.35699174020746,80.3888226847156,0.5632556570243412,0.9496,0.1,0.09198917998158554,0.10862498157446016,0.0,0.0504,0.044673814062764695,0.05681650352623067,0.0003999999999999976,0.9498,892.7310460051672,0.0996,0.09160426345312381,0.10821051226447792,0.00040000000000001146,0.0502,0.04448534215006971,0.05660528251970368,0.0001999999999999988,0.9528,85.68336011909554,0.097,0.08910331908658219,0.10551544868113384,0.0030000000000000027,0.0472,0.04166152580497485,0.05343370507646888,0.002800000000000004
broad,73105913,random_3x3_d2,broad:73105913:random_3x3_d2,789371887,3,3,2,225,900,5000,5000,1.0,2.4424906541753444e-15,4.915207185929716,2.8436670385446607,0.0009333333333333333,0.0062,0.004440917051397264,0.8881834102794528,73.75089985364707,184.71570078737358,113.4867458688917,347.1686548497089,109.3832853982149,64.19596505701524,189.74072299250054,99.63944847168932,0.7400455157677736,0.939,0.11,0.10162486267378054,0.11897394484336399,0.009999999999999995,0.061,0.0546972332830901,0.06797680902467004,0.010999999999999996,0.9398,347.1686548497089,0.1092,0.10085314022754296,0.11814689561271366,0.0092,0.0602,0.053938584463858776,0.06713668616701347,0.010199999999999994,0.9416,109.3832853982149,0.1078,0.09950297750115336,0.1166992079045494,0.007800000000000001,0.0584,0.05223283299055025,0.06524520136732419,0.008399999999999998
broad,73105913,random_3x3_d3,broad:73105913:random_3x3_d3,1844814267,3,3,3,1800,1800,5000,5000,1.0,-4.440892098500626e-16,12.713562664225133,3.0846444989553756,0.0,0.0054444444444444445,0.004620874999091029,0.9241749998182058,67.41414466512728,50.62641350395004,112.75235813278049,3541.2005918208515,105.89452797614416,63.272430381142875,46.9035056123162,103.54424495737457,-0.23083990698279783,0.9492,0.1038,0.0956478984489612,0.11256042857230204,0.003799999999999998,0.0508,0.04505083668536068,0.057238866742078634,0.0007999999999999952,0.9492,3541.2005918208515,0.1036,0.0954552451429801,0.11235338895906116,0.003599999999999992,0.0508,0.04505083668536068,0.057238866742078634,0.0007999999999999952,0.9528,105.89452797614416,0.1004,0.09237413744293914,0.10903940995155052,0.0003999999999999976,0.0472,0.04166152580497485,0.05343370507646888,0.002800000000000004
broad,73105913,random_3x3_d4,broad:73105913:random_3x3_d4,3892667489,3,3,4,180,360,5000,5000,1.0,-1.2212453270876722e-15,6.245453348017342,0.04712006381009776,0.0002666666666666667,0.29662222222222223,0.004673083079978824,0.9346166159957647,27.6950632518435,43.57825042954497,51.313085613876005,346.68004135166984,46.968083881143286,21.465839118665816,41.16337387645396,43.182806953903665,0.5299863118632799,0.9442,0.1064,0.09815326877688091,0.11525106619426803,0.006399999999999989,0.0558,0.04977204852711962,0.06250997788086914,0.0058,0.945,346.68004135166984,0.1044,0.09622591670218933,0.11318148907673983,0.004400000000000001,0.055,0.04901564776937427,0.06166760696172657,0.0049999999999999975,0.9508,46.968083881143286,0.0992,0.09121938807647939,0.1077960018026784,0.000800000000000009,0.0492,0.04354338255549714,0.055548777518166365,0.0008000000000000021
broad,73105913,random_3x3_d5,broad:73105913:random_3x3_d5,239258612,3,3,5,120,480,5000,5000,1.0,-4.773959005888173e-14,1.1662084585917856,14.058509606455319,0.06895555555555556,0.0,0.004836083040572703,0.9672166081145406,34.768062292580815,172.37454682198427,54.370472460690586,187.08168898594346,58.584472709133024,35.16781762946304,159.78949820879131,54.1687503231221,0.5093399235266152,0.9288,0.1258,0.11689433892891625,0.1352802092067645,0.02579999999999999,0.0712,0.06439638427486137,0.07866199691321961,0.021199999999999997,0.9312,187.08168898594346,0.1242,0.11534577187026394,0.13363123291164097,0.0242,0.0688,0.06211009257017858,0.07615197358723869,0.018799999999999997,0.9346,58.584472709133024,0.1204,0.11166991704656731,0.12971292227012002,0.020399999999999988,0.0654,0.058875404352604514,0.07259188217803915,0.015399999999999997
broad,73105913,random_3x7_d0,broad:73105913:random_3x7_d0,952180465,3,7,0,2100,2100,5000,5000,1.0,0.0,53.22356969942915,46.45104961158031,0.0,0.0,0.0065151669550687075,1.3030333910137415,72.62023819920451,78.05459400122754,153.78944030270773,4169.652535828916,144.4149246410076,62.90302318514809,67.41292741559226,129.9417134927272,0.050558732729209625,0.9542,0.1014,0.09333670876034914,0.11007530323025039,0.0013999999999999985,0.0458,0.040345934701495674,0.05195144574539421,0.004200000000000002,0.9544,4169.652535828916,0.1014,0.09333670876034914,0.11007530323025039,0.0013999999999999985,0.0456,0.04015811220817567,0.05173957531949225,0.004400000000000001,0.9568,144.4149246410076,0.0998,0.0917967165871111,0.10841775204971262,0.00020000000000000573,0.0432,0.03790666385366587,0.04919470864333832,0.0068000000000000005
broad,73105913,random_3x7_d1,broad:73105913:random_3x7_d1,346272366,3,7,1,1050,2100,5000,5000,1.0,4.6407322429331543e-14,20.980010614147396,11.496477909180841,0.0,9.523809523809523e-06,0.006107249995693564,1.2214499991387129,106.51275948460439,187.96530248664655,212.1551486848356,2069.572454343297,198.83565692030731,91.70027035586683,174.17765600035517,182.84555437307432,0.5746938924801053,0.9498,0.0994,0.0914118206070568,0.10800326219132297,0.0006000000000000033,0.0502,0.04448534215006971,0.05660528251970368,0.0001999999999999988,0.9502,2069.572454343297,0.0992,0.09121938807647939,0.1077960018026784,0.000800000000000009,0.0498,0.04410847786419271,0.056182760967136716,0.00020000000000000573,0.9522,198.83565692030731,0.0982,0.09025738113052353,0.10675954415252437,0.00180000000000001,0.0478,0.04222578729757764,0.054068522341532026,0.0022000000000000006
broad,73105913,random_3x7_d2,broad:73105913:random_3x7_d2,2578968987,3,7,2,525,2100,5000,5000,1.0,3.730349362740526e-14,6.407523126226128,1.3226537134471554,0.00014285714285714287,0.012723809523809524,0.006282708025537431,1.2565416051074862,141.6073768212826,434.23257476438636,204.53874663474986,761.5593784388068,197.72318494710328,123.4036809367034,436.07227503197123,181.30714073008411,0.785477245186719,0.9532,0.1,0.09198917998158554,0.10862498157446016,0.0,0.0468,0.041285495583661055,0.05301034945933872,0.0032000000000000015,0.9536,761.5593784388068,0.0996,0.09160426345312381,0.10821051226447792,0.00040000000000001146,0.0464,0.04090958228231389,0.05258687692224192,0.003600000000000006,0.9542,197.72318494710328,0.0984,0.09044976166527606,0.10696685653699382,0.0016000000000000042,0.0458,0.040345934701495674,0.05195144574539421,0.004200000000000002
broad,73105913,random_3x7_d3,broad:73105913:random_3x7_d3,2284454440,3,7,3,4200,4200,5000,5000,1.0,6.661338147750939e-16,1.4063501229969626,0.3598176850411351,0.02241904761904762,0.1369904761904762,0.006482957978732884,1.2965915957465768,178.07271075915324,130.7197534702133,293.2408329861152,8361.789640001627,292.23232573805853,166.494435332329,127.10647078011343,282.7647980916333,-0.14880203717785814,0.9538,0.0974,0.08948796411595085,0.10593018949020915,0.002600000000000005,0.0462,0.0407216699236964,0.05237509636163745,0.0038000000000000048,0.954,8361.789640001627,0.0972,0.08929563628725427,0.10572282439968374,0.002800000000000011,0.046,0.040533787335377866,0.052163286030734,0.0040000000000000036,0.9556,292.23232573805853,0.0964,0.08852643154627349,0.10489325746377662,0.003600000000000006,0.0444,0.039031820881426316,0.05046770913090974,0.005600000000000001
broad,73105913,random_3x7_d4,broad:73105913:random_3x7_d4,1334391241,3,7,4,420,840,5000,5000,1.0,-5.084821452783217e-14,4.850998992813055,0.5406028335380029,0.00031428571428571427,0.058866666666666664,0.006303333095274866,1.2606666190549731,58.26458610211649,84.6702356825103,113.54746066812278,861.365406997431,102.260815422045,42.356361100512906,71.72889788958513,87.51578288125462,0.4628562910853882,0.9528,0.0952,0.08737294742283017,0.1036485840718881,0.004799999999999999,0.0472,0.04166152580497485,0.05343370507646888,0.002800000000000004,0.9534,861.365406997431,0.0944,0.08660417615817816,0.10281858365965217,0.005600000000000008,0.0466,0.04109752422905178,0.05279862789472602,0.0034000000000000002,0.9552,102.260815422045,0.092,0.08429893153598811,0.1003275132511785,0.008000000000000007,0.0448,0.03940712743434635,0.05089178841643366,0.005200000000000003
broad,73105913,random_3x7_d5,broad:73105913:random_3x7_d5,1846064307,3,7,5,210,840,5000,5000,1.0,4.6629367034256575e-14,0.36685259139542886,5.481831455613304,0.10006666666666666,0.0002,0.006473541026934981,1.2947082053869963,58.71880266169413,208.1107740432376,91.15719305907803,323.003866733,81.4096255137712,46.047600947135884,184.88709147641646,70.87829451740042,0.7159714251326537,0.9356,0.12,0.11128315138625092,0.12930030209199248,0.01999999999999999,0.0644,0.0579250130777428,0.07154380885679097,0.014399999999999996,0.9358,323.003866733,0.119,0.11031637850955724,0.12826861037257625,0.01899999999999999,0.0642,0.057734990459406596,0.07133413855590516,0.01419999999999999,0.9386,81.4096255137712,0.1158,0.10722408446271624,0.12496581771186564,0.015799999999999995,0.0614,0.05507667877524177,0.06839674937096232,0.0114
broad,73105913,random_4x6_d0,broad:73105913:random_4x6_d0,3915416324,4,6,0,2400,2400,5000,5000,1.0,-1.1102230246251565e-15,46.97476390691694,46.55186070337262,0.0,0.0,0.007187250070273876,1.4374500140547752,103.26190069530534,90.9606409834273,194.64470219315226,4773.814611769696,183.36476903964888,88.06698579789676,78.4434068717941,165.1627061101594,-0.07858232108498873,0.953,0.0946,0.08679635247448181,0.1030261002625705,0.005400000000000002,0.047,0.041473496167793764,0.05322204179442799,0.0030000000000000027,0.953,4773.814611769696,0.0946,0.08679635247448181,0.1030261002625705,0.005400000000000002,0.047,0.041473496167793764,0.05322204179442799,0.0030000000000000027,0.9532,183.36476903964888,0.0934,0.08564346098790362,0.10178083423381681,0.006600000000000009,0.0468,0.041285495583661055,0.05301034945933872,0.0032000000000000015
broad,73105913,random_4x6_d1,broad:73105913:random_4x6_d1,3704984735,4,6,1,1200,2400,5000,5000,1.0,6.661338147750939e-16,14.35367658070443,14.900817604407612,0.0,0.0,0.006861958070658147,1.3723916141316295,121.46459418739632,205.7836047401137,237.97725174575615,2354.800352389247,223.09534911318633,103.9233474455634,192.8592592908952,206.01582527624137,0.5668822513975795,0.9538,0.0978,0.08987265154103252,0.10634488790357141,0.0022000000000000075,0.0462,0.0407216699236964,0.05237509636163745,0.0038000000000000048,0.9538,2354.800352389247,0.0978,0.08987265154103252,0.10634488790357141,0.0022000000000000075,0.0462,0.0407216699236964,0.05237509636163745,0.0038000000000000048,0.9564,223.09534911318633,0.096,0.08814189353368367,0.1044784096379225,0.0040000000000000036,0.0436,0.03828158743789399,0.049619170897554146,0.006400000000000003
broad,73105913,random_4x6_d2,broad:73105913:random_4x6_d2,3041186094,4,6,2,600,2400,5000,5000,1.0,8.881784197001252e-16,1.1500041727092334,1.6220560443435867,0.013766666666666667,0.013341666666666667,0.007031125016510487,1.4062250033020973,160.24119487184444,498.31119740127883,259.6351399678941,972.62258179688,251.22969700233514,150.82574899601218,466.9273683880261,245.8333265908938,0.6225997800169658,0.9406,0.1114,0.10297572349198636,0.120420934459712,0.011399999999999993,0.0594,0.05318026355064123,0.0662962354033431,0.009399999999999999,0.941,972.62258179688,0.1114,0.10297572349198636,0.120420934459712,0.011399999999999993,0.059,0.052801227987900407,0.06587588512763998,0.008999999999999994,0.9428,251.22969700233514,0.1098,0.10143191847486697,0.11876719612305557,0.00979999999999999,0.0572,0.051096623167800594,0.063983253674742,0.007199999999999998
broad,73105913,random_4x6_d3,broad:73105913:random_4x6_d3,2553310289,4,6,3,4800,4800,5000,5000,1.0,1.5765166949677223e-14,4.827121290552921,0.036089706939597,0.00028333333333333335,0.21965833333333334,0.0071044169599190354,1.420883391983807,173.53326337724639,118.14440177313493,290.0786522916308,9184.596463627933,290.5308282660464,162.65491494731708,120.24964809820001,282.208411309017,0.3555022084254716,0.9474,0.1022,0.09410694680069474,0.11090383686679268,0.0021999999999999936,0.0526,0.04674871022497823,0.05913822947545888,0.002599999999999998,0.9474,9184.596463627933,0.1022,0.09410694680069474,0.11090383686679268,0.0021999999999999936,0.0526,0.04674871022497823,0.05913822947545888,0.002599999999999998,0.9478,290.5308282660464,0.1008,0.09275913562040934,0.10945379761252426,0.0007999999999999952,0.0522,0.04637122809422762,0.05871632576776554,0.0022000000000000006
broad,73105913,random_4x6_d4,broad:73105913:random_4x6_d4,2418268675,4,6,4,480,960,5000,5000,1.0,-8.881784197001252e-16,7.648704353763511,0.08148505132337273,8.333333333333334e-06,0.171475,0.006937375059351325,1.387475011870265,55.64168168949248,78.30661261178284,98.15110873700779,874.8666868201366,91.39228783162801,39.5601478413237,74.751121200642,77.2328125197044,0.6079383373362037,0.9504,0.0978,0.08987265154103252,0.10634488790357141,0.0022000000000000075,0.0496,0.04392008579235034,0.055971460119757115,0.0004000000000000045,0.9508,874.8666868201366,0.0974,0.08948796411595085,0.10593018949020915,0.002600000000000005,0.0492,0.04354338255549714,0.055548777518166365,0.0008000000000000021,0.9536,91.39228783162801,0.0938,0.08602771364704209,0.10219596741312231,0.006200000000000011,0.0464,0.04090958228231389,0.05258687692224192,0.003600000000000006
broad,73105913,random_4x6_d5,broad:73105913:random_4x6_d5,2207962612,4,6,5,240,960,5000,5000,1.0,-1.0769163338864018e-13,1.548793172222043,8.684391110451767,0.017933333333333332,1.6666666666666667e-05,0.007073709042742848,1.4147418085485697,73.70061472742854,197.3435809050364,113.55088746938495,371.88151244462296,103.06004286718942,52.41275104460013,187.081103991529,83.17971242121824,0.6830135062576841,0.9444,0.1048,0.09661131057076797,0.11359548104660516,0.004799999999999999,0.0556,0.04958291385480927,0.06229941963395749,0.005599999999999994,0.9456,371.88151244462296,0.1042,0.09603323425328442,0.11297447860642279,0.004199999999999995,0.0544,0.048448591059440875,0.06103558491399403,0.004399999999999994,0.9486,103.06004286718942,0.1018,0.09372180779356477,0.11048959003547872,0.001799999999999996,0.0514,0.045616565428436305,0.05787221675666895,0.0013999999999999985
broad,73105913,random_5x5_d0,broad:73105913:random_5x5_d0,2178550270,5,5,0,2500,2500,5000,5000,1.0,2.220446049250313e-16,48.31162114737368,53.14070495399114,0.0,0.0,0.007389832986518741,1.4779665973037481,87.55746451493994,87.61241154261398,176.654300531817,4972.443310665372,169.4926360735281,76.70385493185489,73.88985609601009,150.50198532578534,0.000970431597883159,0.9522,0.0962,0.08833415715201101,0.10468583893881708,0.0038000000000000117,0.0478,0.04222578729757764,0.054068522341532026,0.0022000000000000006,0.9526,4972.443310665372,0.096,0.08814189353368367,0.1044784096379225,0.0040000000000000036,0.0474,0.04184958432057469,0.05364533948009102,0.002600000000000005,0.9532,169.4926360735281,0.095,0.0871807381378733,0.10344110043762297,0.0050000000000000044,0.0468,0.041285495583661055,0.05301034945933872,0.0032000000000000015
broad,73105913,random_5x5_d1,broad:73105913:random_5x5_d1,2404068255,5,5,1,1250,2500,5000,5000,1.0,-4.440892098500626e-16,12.146906702015837,5.624788098437224,0.0,0.000208,0.007142874994315207,1.4285749988630414,120.0064590668079,196.33327741012454,242.57744056124534,2549.4112359426235,227.20470275218486,101.21851651513732,192.20137076931366,207.93321376687823,0.49592060816408884,0.9528,0.1078,0.09950297750115336,0.1166992079045494,0.007800000000000001,0.0472,0.04166152580497485,0.05343370507646888,0.002800000000000004,0.9528,2549.4112359426235,0.1074,0.0991172997701778,0.11628549979708103,0.00739999999999999,0.0472,0.04166152580497485,0.05343370507646888,0.002800000000000004,0.9538,227.20470275218486,0.1058,0.09757496310641671,0.11463029310706631,0.0058,0.0462,0.0407216699236964,0.05237509636163745,0.0038000000000000048
broad,73105913,random_5x5_d2,broad:73105913:random_5x5_d2,3614233537,5,5,2,625,2500,5000,5000,1.0,3.774758283725532e-15,0.36970771345551257,3.650193720442355,0.04436,0.000976,0.007473332923837006,1.4946665847674012,123.50403348938862,502.06793888380093,192.07086914025038,965.7088318290919,190.2621366153751,116.39227376789954,482.57019673727245,180.46935915006145,0.6896946614815308,0.9508,0.1002,0.09218165360924936,0.10883220086601832,0.00019999999999999185,0.0492,0.04354338255549714,0.055548777518166365,0.0008000000000000021,0.951,965.7088318290919,0.0992,0.09121938807647939,0.1077960018026784,0.000800000000000009,0.049,0.043355071700947344,0.05533739545349418,0.0010000000000000009,0.9518,190.2621366153751,0.0974,0.08948796411595085,0.10593018949020915,0.002600000000000005,0.0482,0.04260210373766007,0.05449159173989355,0.001800000000000003
broad,73105913,random_5x5_d3,broad:73105913:random_5x5_d3,115366412,5,5,3,5000,5000,5000,5000,1.0,4.440892098500626e-16,1.0093230919265515,0.023756799565047126,0.030792,0.141176,0.007280166959390044,1.4560333918780088,174.45328510035944,221.75171940183756,388.70988541357514,9967.56880614053,377.6629652027053,165.0418250778134,214.5628593021205,369.45021471518163,0.12444544414949008,0.9448,0.1072,0.09892447485888445,0.1160786317891524,0.007199999999999998,0.0552,0.049204713358980225,0.061878234291342586,0.005199999999999996,0.9448,9967.56880614053,0.107,0.09873165928086486,0.11587175444795,0.006999999999999992,0.0552,0.049204713358980225,0.061878234291342586,0.005199999999999996,0.9452,377.6629652027053,0.1064,0.09815326877688091,0.11525106619426803,0.006399999999999989,0.0548,0.04882660544300011,0.06145695636887875,0.004799999999999999
broad,73105913,random_5x5_d4,broad:73105913:random_5x5_d4,2404787107,5,5,4,500,1000,5000,5000,1.0,-8.881784197001252e-16,6.093598440463985,0.596698029123869,0.000136,0.070232,0.007448457996360958,1.4896915992721915,52.27485955938455,98.03154795086152,98.72078606684441,949.4998762016589,92.6704175013495,36.67974292047951,82.95661947736914,73.05656571667166,0.5990623998515788,0.954,0.092,0.08429893153598811,0.1003275132511785,0.008000000000000007,0.046,0.040533787335377866,0.052163286030734,0.0040000000000000036,0.9544,949.4998762016589,0.0918,0.08410690139814984,0.10011985046979481,0.008199999999999999,0.0456,0.04015811220817567,0.05173957531949225,0.004400000000000001,0.9568,92.6704175013495,0.0896,0.08199533469929988,0.09783479505720301,0.010400000000000006,0.0432,0.03790666385366587,0.04919470864333832,0.0068000000000000005
broad,73105913,random_5x5_d5,broad:73105913:random_5x5_d5,822738042,5,5,5,250,1000,5000,5000,1.0,7.105427357601002e-15,0.01612620926478536,6.159813484373401,0.257064,2.4e-05,0.00811808300204575,1.6236166004091501,89.41630729653424,250.0638187620387,143.77398717113414,407.2093641693473,142.8870700949513,88.03761737860656,225.99787515004465,142.15087313688235,0.4481182986765652,0.944,0.1076,0.09931013399186059,0.11649235849462022,0.007599999999999996,0.056,0.04996120599481009,0.06272051333240064,0.005999999999999998,0.9452,407.2093641693473,0.1064,0.09815326877688091,0.11525106619426803,0.006399999999999989,0.0548,0.04882660544300011,0.06145695636887875,0.004799999999999999,0.946,142.8870700949513,0.1052,0.09699674290476157,0.1140094345510555,0.005199999999999996,0.054,0.04807067117820129,0.06061411895678966,0.003999999999999997
broad,73105913,random_5x10_d0,broad:73105913:random_5x10_d0,2457677408,5,10,0,5000,5000,5000,5000,1.0,4.440892098500626e-16,42.52088127397677,40.89137213608818,0.0,0.0,0.012330500059761107,2.4661000119522214,178.61025533434346,177.1916215149599,348.77528018497634,9972.393281022618,338.14641035835893,151.48763262393496,145.67054121172413,296.86909333613033,-0.011872133531587455,0.9562,0.0898,0.08218723673405674,0.0980425859416681,0.0102,0.0438,0.03846909782873126,0.04983135342593886,0.006200000000000004,0.9562,9972.393281022618,0.0898,0.08218723673405674,0.0980425859416681,0.0102,0.0438,0.03846909782873126,0.04983135342593886,0.006200000000000004,0.957,338.14641035835893,0.0896,0.08199533469929988,0.09783479505720301,0.010400000000000006,0.043,0.0377192510877771,0.0489824284900051,0.007000000000000006
broad,73105913,random_5x10_d1,broad:73105913:random_5x10_d1,1167061714,5,10,1,2500,5000,5000,5000,1.0,8.881784197001252e-16,18.53346520055919,22.544279197761885,0.0,0.0,0.010975750046782196,2.195150009356439,200.4729401579802,396.98702699269245,394.18280933678386,4881.386577514932,383.38241817749446,172.50265994685645,369.451972052923,344.71996191833585,0.5884137610045078,0.95,0.103,0.09487734390886227,0.11173221143551307,0.002999999999999989,0.05,0.04429689670057055,0.05639403504998086,0.0,0.9502,4881.386577514932,0.103,0.09487734390886227,0.11173221143551307,0.002999999999999989,0.0498,0.04410847786419271,0.056182760967136716,0.00020000000000000573,0.9512,383.38241817749446,0.102,0.09391437231340359,0.11069671843486185,0.001999999999999988,0.0488,0.043166788231898734,0.05512598600332083,0.0011999999999999997
broad,73105913,random_5x10_d2,broad:73105913:random_5x10_d2,275017196,5,10,2,1250,5000,5000,5000,1.0,0.0,1.59581490999676,0.3481036243967215,0.010352,0.031344,0.010863167000934482,2.1726334001868963,278.11676282962634,1124.2634073969168,429.8211589701732,1943.2346599826628,419.20362711789915,250.12788790004723,1078.4556557731958,395.5804097700246,0.6769729217631922,0.9526,0.098,0.09006501107959225,0.10655222128423367,0.0020000000000000018,0.0474,0.04184958432057469,0.05364533948009102,0.002600000000000005,0.9526,1943.2346599826628,0.0978,0.08987265154103252,0.10634488790357141,0.0022000000000000075,0.0474,0.04184958432057469,0.05364533948009102,0.002600000000000005,0.9526,419.20362711789915,0.0976,0.08968030254353887,0.10613754398184314,0.0023999999999999994,0.0474,0.04184958432057469,0.05364533948009102,0.002600000000000005
broad,73105913,random_5x10_d3,broad:73105913:random_5x10_d3,3896444368,5,10,3,10000,10000,5000,5000,1.0,0.0,0.7411865101737058,0.00525695370049762,0.014,0.248464,0.010868499986827374,2.1736999973654747,320.14462371241245,402.3989860162843,706.4853837686095,19973.203678898244,685.4361225888799,303.50087372559193,371.0536488083742,667.1588776069399,0.0526185778624086,0.9502,0.0998,0.0917967165871111,0.10841775204971262,0.00020000000000000573,0.0498,0.04410847786419271,0.056182760967136716,0.00020000000000000573,0.9502,19973.203678898244,0.0998,0.0917967165871111,0.10841775204971262,0.00020000000000000573,0.0498,0.04410847786419271,0.056182760967136716,0.00020000000000000573,0.9506,685.4361225888799,0.0996,0.09160426345312381,0.10821051226447792,0.00040000000000001146,0.0494,0.04373172063796703,0.055760132354918446,0.0006000000000000033
broad,73105913,random_5x10_d4,broad:73105913:random_5x10_d4,3825611593,5,10,4,1000,2000,5000,5000,1.0,2.220446049250313e-16,3.8405397710038027,0.2484703367410318,0.001844,0.079944,0.010609125019982457,2.1218250039964914,125.9345968522177,182.1853510872021,242.40977325499307,1990.782992044267,214.86135396498338,89.49265787683345,152.68984845457595,182.99330559287898,0.47891321712250023,0.9538,0.0916,0.08391488273466795,0.0999121762140547,0.008400000000000005,0.0462,0.0407216699236964,0.05237509636163745,0.0038000000000000048,0.954,1990.782992044267,0.0916,0.08391488273466795,0.0999121762140547,0.008400000000000005,0.046,0.040533787335377866,0.052163286030734,0.0040000000000000036,0.9558,214.86135396498338,0.0906,0.08295496271923773,0.09887363163337505,0.009400000000000006,0.0442,0.03884421475711896,0.05025562233599513,0.0058
broad,73105913,random_5x10_d5,broad:73105913:random_5x10_d5,1485225056,5,10,5,500,2000,5000,5000,1.0,-4.440892098500626e-16,0.3093510450548433,2.9634601179092894,0.082104,0.002056,0.01094149996060878,2.188299992121756,107.90041138131151,436.3080872224454,150.56680877261985,694.6067771565553,138.5771215535537,78.9724227308848,425.28335103100403,111.2749306256293,0.7682123241349209,0.9448,0.11,0.10162486267378054,0.11897394484336399,0.009999999999999995,0.0552,0.049204713358980225,0.061878234291342586,0.005199999999999996,0.9456,694.6067771565553,0.1088,0.10046733357174994,0.11773331643006271,0.008799999999999988,0.0544,0.048448591059440875,0.06103558491399403,0.004399999999999994,0.9478,138.5771215535537,0.106,0.09776772219825865,0.11483722693444633,0.0059999999999999915,0.0522,0.04637122809422762,0.05871632576776554,0.0022000000000000006
broad,73105913,random_8x8_d0,broad:73105913:random_8x8_d0,1600812113,8,8,0,6400,6400,5000,5000,1.0,5.773159728050814e-15,39.815021500238224,45.19838021768237,0.0,0.0,0.014980667037889361,2.9961334075778723,232.19956339032694,247.95008913433378,481.6238106600531,12772.956978571856,454.8919163495777,194.999341726774,203.88008921605314,398.4960689050668,0.030049260909594172,0.9562,0.09,0.08237915058874334,0.09825036500620349,0.010000000000000009,0.0438,0.03846909782873126,0.04983135342593886,0.006200000000000004,0.9562,12772.956978571856,0.09,0.08237915058874334,0.09825036500620349,0.010000000000000009,0.0438,0.03846909782873126,0.04983135342593886,0.006200000000000004,0.9564,454.8919163495777,0.0898,0.08218723673405674,0.0980425859416681,0.0102,0.0436,0.03828158743789399,0.049619170897554146,0.006400000000000003
broad,73105913,random_8x8_d1,broad:73105913:random_8x8_d1,3627847736,8,8,1,3200,6400,5000,5000,1.0,-2.886579864025407e-15,13.803468180744199,13.806940932245737,0.0,0.0,0.013254416990093887,2.6508833980187774,300.9648744509014,474.6512942259988,600.8082277787805,6524.2594457560335,573.5183820795023,256.63425639783003,431.5334702383684,521.9865639797905,0.5105680427478584,0.9494,0.0984,0.09044976166527606,0.10696685653699382,0.0016000000000000042,0.0506,0.044862312290198145,0.0570276982180192,0.0005999999999999964,0.9494,6524.2594457560335,0.0984,0.09044976166527606,0.10696685653699382,0.0016000000000000042,0.0506,0.044862312290198145,0.0570276982180192,0.0005999999999999964,0.9502,573.5183820795023,0.0984,0.09044976166527606,0.10696685653699382,0.0016000000000000042,0.0498,0.04410847786419271,0.056182760967136716,0.00020000000000000573
broad,73105913,random_8x8_d2,broad:73105913:random_8x8_d2,1663913528,8,8,2,1600,6400,5000,5000,1.0,4.440892098500626e-16,1.6062119358247844,1.1831013589391353,0.0071875,0.01058125,0.013245541951619089,2.6491083903238177,315.52825855294947,1269.1519232422247,469.81052408370937,2368.7605695045136,448.1444751040359,268.63134208805775,1238.195490433338,404.29744310945466,0.7939765202511616,0.9464,0.1028,0.09468472980921207,0.11152513261594128,0.002799999999999997,0.0536,0.04769284678695338,0.06019255750959362,0.003599999999999999,0.9464,2368.7605695045136,0.1026,0.09449212557428167,0.1113180439316497,0.002599999999999991,0.0536,0.04769284678695338,0.06019255750959362,0.003599999999999999,0.9468,448.1444751040359,0.1018,0.09372180779356477,0.11048959003547872,0.001799999999999996,0.0532,0.04731511889160377,0.05977089956649927,0.0031999999999999945
broad,73105913,random_8x8_d3,broad:73105913:random_8x8_d3,2842243997,8,8,3,12800,12800,5000,5000,1.0,3.9968028886505635e-15,22.57697616807517,0.02668603924635669,0.0,0.1101375,0.013907000073231757,2.7814000146463513,431.3497763107218,448.2822811419927,862.8789354533194,25571.357110502355,841.9752207142956,388.9130046431898,405.16060364587366,793.715984354243,0.013732132559373632,0.9592,0.0918,0.08410690139814984,0.10011985046979481,0.008199999999999999,0.0408,0.0356599365855389,0.04664512088080157,0.0092,0.9592,25571.357110502355,0.0916,0.08391488273466795,0.0999121762140547,0.008400000000000005,0.0408,0.0356599365855389,0.04664512088080157,0.0092,0.9596,841.9752207142956,0.0916,0.08391488273466795,0.0999121762140547,0.008400000000000005,0.0404,0.035285968403331106,0.04621970322456541,0.009600000000000004
broad,73105913,random_8x8_d4,broad:73105913:random_8x8_d4,2741237791,8,8,4,1280,2560,5000,5000,1.0,8.881784197001252e-16,4.793438759341643,0.2794024343164799,0.000121875,0.0287875,0.013202000060118735,2.640400012023747,155.66018487557562,256.35260021289645,288.8973264242779,2447.1183613927283,256.55031229741945,103.1121619653951,204.6618956408631,207.06648072623952,0.5692507903553332,0.9616,0.088,0.08046054825312766,0.09617203814959939,0.01200000000000001,0.0384,0.03341833232460282,0.044090410111073904,0.011600000000000006,0.962,2447.1183613927283,0.088,0.08046054825312766,0.09617203814959939,0.01200000000000001,0.038,0.03304526128739777,0.04366409530983501,0.012000000000000004,0.9626,256.55031229741945,0.0874,0.07988520275826139,0.09554830488679975,0.0126,0.0374,0.03248595059283844,0.04302432724672841,0.0126
broad,73105913,random_8x8_d5,broad:73105913:random_8x8_d5,3196700749,8,8,5,640,2560,5000,5000,1.0,-4.618527782440651e-14,0.10954260019629784,2.761467212254548,0.16015,0.00153125,0.013516041915863752,2.7032083831727505,153.81884908351984,517.9867548266864,236.82873743632075,984.788024563085,209.15103134816684,126.15388954655585,472.7820205139555,193.67133039188968,0.6667657999328749,0.9438,0.1144,0.10587188046648684,0.12352017127354119,0.014399999999999996,0.0562,0.05015038614349223,0.06293102610294048,0.006199999999999997,0.9444,984.788024563085,0.1138,0.10529249264693014,0.12290048033543197,0.013799999999999993,0.0556,0.04958291385480927,0.06229941963395749,0.005599999999999994,0.9456,209.15103134816684,0.1126,0.1041339505583773,0.12166086490865292,0.0126,0.0544,0.048448591059440875,0.06103558491399403,0.004399999999999994
broad,73105913,random_8x12_d0,broad:73105913:random_8x12_d0,128808866,8,12,0,9600,9600,5000,5000,1.0,-1.7763568394002505e-15,45.31991209230354,37.94343363535573,0.0,0.0,0.020337333087809384,4.067466617561877,355.5835062419956,366.56187306821295,732.5154378693964,19173.44101151578,680.7250979733534,296.0777956641255,297.8464981116487,593.9019896669305,0.023801835866197166,0.956,0.0912,0.0835308799658389,0.09949679314443981,0.008800000000000002,0.044,0.03865664033773348,0.05004350383615861,0.006000000000000005,0.956,19173.44101151578,0.0912,0.0835308799658389,0.09949679314443981,0.008800000000000002,0.044,0.03865664033773348,0.05004350383615861,0.006000000000000005,0.9566,680.7250979733534,0.0906,0.08295496271923773,0.09887363163337505,0.009400000000000006,0.0434,0.0380941093753608,0.04940695604086537,0.006600000000000002
broad,73105913,random_8x12_d1,broad:73105913:random_8x12_d1,3144359941,8,12,1,4800,9600,5000,5000,1.0,2.220446049250313e-15,9.68408064702202,1.7060892014860265,0.0,0.00206875,0.017632415983825922,3.5264831967651844,408.20702950954325,794.5739044254431,779.4476986928851,9306.24971234821,758.955834210071,343.25828956058467,743.8202364763089,684.8817709766447,0.5639444419822907,0.9538,0.0972,0.08929563628725427,0.10572282439968374,0.002800000000000011,0.0462,0.0407216699236964,0.05237509636163745,0.0038000000000000048,0.9538,9306.24971234821,0.0972,0.08929563628725427,0.10572282439968374,0.002800000000000011,0.0462,0.0407216699236964,0.05237509636163745,0.0038000000000000048,0.9538,758.955834210071,0.0966,0.08871871668658596,0.10510066524268613,0.0034000000000000002,0.0462,0.0407216699236964,0.05237509636163745,0.0038000000000000048
broad,73105913,random_8x12_d2,broad:73105913:random_8x12_d2,3811840583,8,12,2,2400,9600,5000,5000,1.0,-4.440892098500626e-16,1.2941771460317377,1.8277156650649342,0.0073104166666666665,0.004485416666666667,0.017321332939900458,3.4642665879800916,528.6916447776172,1592.4875174776646,823.8714255463557,3737.3192599998965,782.860524051403,457.7969751160506,1507.4496041647133,721.5145948853748,0.7441903856424885,0.9444,0.1032,0.09506996784785655,0.11193928041574076,0.0031999999999999945,0.0556,0.04958291385480927,0.06229941963395749,0.005599999999999994,0.9444,3737.3192599998965,0.1032,0.09506996784785655,0.11193928041574076,0.0031999999999999945,0.0556,0.04958291385480927,0.06229941963395749,0.005599999999999994,0.9446,782.860524051403,0.103,0.09487734390886227,0.11173221143551307,0.002999999999999989,0.0554,0.049393802093284464,0.06208883847626033,0.005399999999999995
broad,73105913,random_8x12_d3,broad:73105913:random_8x12_d3,768018168,8,12,3,19200,19200,5000,5000,1.0,3.019806626980426e-14,11.377112003492943,0.005435351248267672,0.0,0.14327916666666668,0.017406083992682397,3.4812167985364795,653.3306897390456,650.2147070165468,1306.7097935692643,38370.4399444367,1243.827957398776,576.3447288947218,595.9855367217137,1171.8776568079898,0.0007077400709035936,0.951,0.101,0.0929516499105266,0.10966097624162902,0.0010000000000000009,0.049,0.043355071700947344,0.05533739545349418,0.0010000000000000009,0.951,38370.4399444367,0.1008,0.09275913562040934,0.10945379761252426,0.0007999999999999952,0.049,0.043355071700947344,0.05533739545349418,0.0010000000000000009,0.9512,1243.827957398776,0.1006,0.09256663145562494,0.10924660885808668,0.0005999999999999894,0.0488,0.043166788231898734,0.05512598600332083,0.0011999999999999997
broad,73105913,random_8x12_d4,broad:73105913:random_8x12_d4,1343859856,8,12,4,1920,3840,5000,5000,1.0,6.661338147750939e-16,5.784368950663526,0.16060616520707385,0.00015,0.06054583333333333,0.018214958952739835,3.642991790547967,216.2893537564893,365.28206667909,402.5911072603464,3650.304750611712,361.2416958726804,142.93647191218602,296.2176066392599,286.2302123449056,0.568725432918189,0.9606,0.0892,0.08161156623219645,0.09741917768586247,0.010800000000000004,0.0394,0.03435168327487957,0.045155523756907054,0.010600000000000005,0.9608,3650.304750611712,0.0892,0.08161156623219645,0.09741917768586247,0.010800000000000004,0.0392,0.03416493726116426,0.04494257685140038,0.010800000000000004,0.9614,361.2416958726804,0.089,0.08141969987165351,0.09721135112718343,0.01100000000000001,0.0386,0.033604926130696156,0.044303509224202564,0.0114
broad,73105913,random_8x12_d5,broad:73105913:random_8x12_d5,3509310149,8,12,5,960,3840,5000,5000,1.0,8.881784197001252e-16,0.09248784640499205,4.903030840874886,0.12000833333333333,0.00010625,0.017777291941456497,3.5554583882912993,217.30628886454807,722.5867825943767,324.90836013680143,1442.019503589539,294.0627266393517,161.54770432873957,642.2595903836643,246.9969362032864,0.6991089127897748,0.9468,0.1054,0.09718947343586365,0.1142163969391754,0.005399999999999988,0.0532,0.04731511889160377,0.05977089956649927,0.0031999999999999945,0.947,1442.019503589539,0.105,0.09680402194170139,0.11380246259489372,0.0049999999999999906,0.053,0.047126291449339705,0.05956003408954136,0.0029999999999999957,0.948,294.0627266393517,0.1034,0.09526260160094047,0.1121463395818788,0.0034000000000000002,0.052,0.046182524523658765,0.05850533641911242,0.001999999999999995
broad,73105913,random_10x10_d0,broad:73105913:random_10x10_d0,2229685905,10,10,0,10000,10000,5000,5000,1.0,-8.881784197001252e-16,34.55326515076844,43.38297985668918,0.0,0.0,0.02155691699590534,4.311383399181068,361.5590364932063,349.7622173957313,716.5139221653906,19971.139004091216,679.1757376532166,299.0343967380723,290.4442587233535,589.1839835022105,-0.022141514201492928,0.9568,0.0932,0.08545135145874014,0.10157325084375834,0.0068000000000000005,0.0432,0.03790666385366587,0.04919470864333832,0.0068000000000000005,0.9568,19971.139004091216,0.093,0.08525925317287317,0.10136565621040333,0.007000000000000006,0.0432,0.03790666385366587,0.04919470864333832,0.0068000000000000005,0.9572,679.1757376532166,0.0922,0.0844909731146427,0.1005351645917459,0.007800000000000001,0.0428,0.037531871295135404,0.04877011536342483,0.007200000000000005
broad,73105913,random_10x10_d1,broad:73105913:random_10x10_d1,3261722243,10,10,1,5000,10000,5000,5000,1.0,8.881784197001252e-16,11.908120195611588,9.562389494343206,0.0,2e-06,0.018387457937933505,3.677491587586701,424.95417330014067,763.4723620252608,814.4536115525941,9777.085310599283,786.1560615178271,355.0820227096737,686.8403242283346,705.8947651883681,0.5725495296228373,0.95,0.0938,0.08602771364704209,0.10219596741312231,0.006200000000000011,0.05,0.04429689670057055,0.05639403504998086,0.0,0.95,9777.085310599283,0.0938,0.08602771364704209,0.10219596741312231,0.006200000000000011,0.05,0.04429689670057055,0.05639403504998086,0.0,0.9506,786.1560615178271,0.0936,0.08583558172805157,0.10198840641289085,0.006400000000000003,0.0494,0.04373172063796703,0.055760132354918446,0.0006000000000000033
broad,73105913,random_10x10_d2,broad:73105913:random_10x10_d2,1038662104,10,10,2,2500,10000,5000,5000,1.0,6.661338147750939e-16,2.781359335039051,0.0031211323466767186,0.001866,0.116582,0.0189423750853166,3.7884750170633197,560.9540286879993,1924.5892969485642,834.4278605076447,3739.7707936750403,812.110208217947,488.3128386502785,1795.4161521024153,744.6666678778306,0.7896000874606988,0.9482,0.0982,0.09025738113052353,0.10675954415252437,0.00180000000000001,0.0518,0.045993846130679035,0.05829432189287017,0.001799999999999996,0.9482,3739.7707936750403,0.098,0.09006501107959225,0.10655222128423367,0.0020000000000000018,0.0518,0.045993846130679035,0.05829432189287017,0.001799999999999996,0.9484,812.110208217947,0.0976,0.08968030254353887,0.10613754398184314,0.0023999999999999994,0.0516,0.04580519305269662,0.0580832820516306,0.0015999999999999973
broad,73105913,random_10x10_d3,broad:73105913:random_10x10_d3,272532283,10,10,3,20000,20000,5000,5000,1.0,2.220446049250313e-15,0.03128879875534467,0.011067980945500584,0.056062,0.115214,0.018975957995280623,3.7951915990561247,642.5008287281046,675.4325897330974,1293.8047398109945,39971.2443834482,1259.5351896586421,576.1925304761307,617.1933217860432,1191.5047558885517,0.017911542175850562,0.9536,0.092,0.08429893153598811,0.1003275132511785,0.008000000000000007,0.0464,0.04090958228231389,0.05258687692224192,0.003600000000000006,0.9536,39971.2443834482,0.0918,0.08410690139814984,0.10011985046979481,0.008199999999999999,0.0464,0.04090958228231389,0.05258687692224192,0.003600000000000006,0.9536,1259.5351896586421,0.0916,0.08391488273466795,0.0999121762140547,0.008400000000000005,0.0464,0.04090958228231389,0.05258687692224192,0.003600000000000006
broad,73105913,random_10x10_d4,broad:73105913:random_10x10_d4,113745094,10,10,4,2000,4000,5000,5000,1.0,4.440892098500626e-16,2.5781490790115575,0.003724262135029724,0.001488,0.218376,0.019472458981908858,3.8944917963817716,225.7398470058365,355.4768394469256,425.42095744120036,3845.282937667839,380.31759732564285,151.91354815615165,303.09762186101227,307.79023206397915,0.5422651191360637,0.9526,0.0908,0.08314692350146155,0.09908136377037322,0.0092,0.0474,0.04184958432057469,0.05364533948009102,0.002600000000000005,0.953,3845.282937667839,0.0908,0.08314692350146155,0.09908136377037322,0.0092,0.047,0.041473496167793764,0.05322204179442799,0.0030000000000000027,0.9536,380.31759732564285,0.0896,0.08199533469929988,0.09783479505720301,0.010400000000000006,0.0464,0.04090958228231389,0.05258687692224192,0.003600000000000006
broad,73105913,random_10x10_d5,broad:73105913:random_10x10_d5,1774580655,10,10,5,1000,4000,5000,5000,1.0,-4.440892098500626e-16,0.5008132197302728,3.5953881900443174,0.041528,0.000444,0.018484166939742863,3.6968333879485726,241.53091379657627,771.3979586686248,359.02527498217626,1487.1882751211187,320.8363882929584,169.12695620504772,684.1792920917813,258.91374685023237,0.7221720432822949,0.947,0.1062,0.09796049076292289,0.11504415128900407,0.006199999999999997,0.053,0.047126291449339705,0.05956003408954136,0.0029999999999999957,0.947,1487.1882751211187,0.1062,0.09796049076292289,0.11504415128900407,0.006199999999999997,0.053,0.047126291449339705,0.05956003408954136,0.0029999999999999957,0.9472,320.8363882929584,0.1056,0.09738221351103542,0.11442334978322562,0.005599999999999994,0.0528,0.046937488516770584,0.05934914410288851,0.002799999999999997
broad,73105913,random_10x15_d0,broad:73105913:random_10x15_d0,1810592091,10,15,0,15000,15000,5000,5000,1.0,8.881784197001252e-16,47.67974502395125,41.24970709852838,0.0,0.0,0.03103433398064226,6.206866796128452,529.4067650446395,572.8006711768261,1097.6647708058977,29969.211689372925,1045.5606358855323,439.88298613001683,467.0282094598005,904.9696682912341,0.046488535686513593,0.9582,0.0948,0.08698853981142897,0.10323360584484532,0.00520000000000001,0.0418,0.036595474719308296,0.047708047343142046,0.008200000000000006,0.9582,29969.211689372925,0.0948,0.08698853981142897,0.10323360584484532,0.00520000000000001,0.0418,0.036595474719308296,0.047708047343142046,0.008200000000000006,0.9582,1045.5606358855323,0.0944,0.08660417615817816,0.10281858365965217,0.005600000000000008,0.0418,0.036595474719308296,0.047708047343142046,0.008200000000000006
broad,73105913,random_10x15_d1,broad:73105913:random_10x15_d1,3583319741,10,15,1,7500,15000,5000,5000,1.0,2.220446049250313e-15,11.7849717759837,8.039319290537355,0.0,2.666666666666667e-06,0.024881583987735212,4.976316797547042,638.4938519646037,1116.5778825606642,1232.3473706141897,14960.236738985815,1219.5847572644388,541.4073167786023,1038.3909062881025,1096.8913660141354,0.5373671755238116,0.957,0.0962,0.08833415715201101,0.10468583893881708,0.0038000000000000117,0.043,0.0377192510877771,0.0489824284900051,0.007000000000000006,0.957,14960.236738985815,0.096,0.08814189353368367,0.1044784096379225,0.0040000000000000036,0.043,0.0377192510877771,0.0489824284900051,0.007000000000000006,0.9574,1219.5847572644388,0.096,0.08814189353368367,0.1044784096379225,0.0040000000000000036,0.0426,0.03734452469569485,0.04855776904364341,0.007400000000000004
broad,73105913,random_10x15_d2,broad:73105913:random_10x15_d2,230929739,10,15,2,3750,15000,5000,5000,1.0,3.019806626980426e-14,0.4741605642927224,0.17295418890216283,0.011904,0.03827066666666667,0.024936000001616776,4.987200000323355,682.5011028271811,2721.6553336184384,997.3964638785627,5483.275734179731,970.7575304343311,586.2366372793135,2623.5120748379536,873.1682042464467,0.7964176720171295,0.95,0.0974,0.08948796411595085,0.10593018949020915,0.002600000000000005,0.05,0.04429689670057055,0.05639403504998086,0.0,0.95,5483.275734179731,0.0974,0.08948796411595085,0.10593018949020915,0.002600000000000005,0.05,0.04429689670057055,0.05639403504998086,0.0,0.9504,970.7575304343311,0.0972,0.08929563628725427,0.10572282439968374,0.002800000000000011,0.0496,0.04392008579235034,0.055971460119757115,0.0004000000000000045
broad,73105913,random_10x15_d3,broad:73105913:random_10x15_d3,1145056087,10,15,3,30000,30000,5000,5000,1.0,5.995204332975845e-15,0.1186405992874621,0.24304184139134705,0.03566266666666667,0.030418666666666667,0.02497654198668897,4.995308397337794,1012.5389580581536,959.3371274087194,1921.6496160099941,59971.62355704644,1940.3732831179968,935.2701987942719,895.7251298550083,1830.2727182233289,-0.009806054128318099,0.9514,0.093,0.08525925317287317,0.10136565621040333,0.007000000000000006,0.0486,0.04297853230752914,0.05491454900846843,0.0014000000000000054,0.9514,59971.62355704644,0.0928,0.08506716616278633,0.10115805030126816,0.007200000000000012,0.0486,0.04297853230752914,0.05491454900846843,0.0014000000000000054,0.9516,1940.3732831179968,0.0924,0.0846830261007529,0.10074280452485768,0.0076000000000000095,0.0484,0.04279030408863613,0.05470308430813947,0.0016000000000000042
broad,73105913,random_10x15_d4,broad:73105913:random_10x15_d4,1355561852,10,15,4,3000,6000,5000,5000,1.0,-3.1086244689504383e-15,5.19794935041302,0.0067145226159499105,0.000164,0.30889466666666665,0.025816416018642485,5.163283203728497,296.84077792434624,405.7705747603435,546.2846312649942,5737.416030371712,505.61345135942037,198.657845824151,358.50586889266646,399.2211198900142,0.5458882566472246,0.9476,0.0986,0.09064215265544256,0.10717415846604927,0.0014000000000000123,0.0524,0.04655995670627651,0.05892729007493863,0.0023999999999999994,0.9476,5737.416030371712,0.0986,0.09064215265544256,0.10717415846604927,0.0014000000000000123,0.0524,0.04655995670627651,0.05892729007493863,0.0023999999999999994,0.9482,505.61345135942037,0.0984,0.09044976166527606,0.10696685653699382,0.0016000000000000042,0.0518,0.045993846130679035,0.05829432189287017,0.001799999999999996
broad,73105913,random_10x15_d5,broad:73105913:random_10x15_d5,92817783,10,15,5,1500,6000,5000,5000,1.0,8.881784197001252e-15,0.06542403514647013,3.129606622811441,0.108548,0.0005973333333333333,0.025447583058848977,5.089516611769795,369.7887683693879,935.4834219817744,563.3206581597622,2291.365660477528,477.37556596614604,262.04673382493814,875.2669969241598,408.6311813576522,0.6800446504910097,0.9428,0.1032,0.09506996784785655,0.11193928041574076,0.0031999999999999945,0.0572,0.051096623167800594,0.063983253674742,0.007199999999999998,0.9428,2291.365660477528,0.103,0.09487734390886227,0.11173221143551307,0.002999999999999989,0.0572,0.051096623167800594,0.063983253674742,0.007199999999999998,0.943,477.37556596614604,0.103,0.09487734390886227,0.11173221143551307,0.002999999999999989,0.057,0.05090733129526275,0.06377285262805785,0.006999999999999999
broad,73105913,random_20x20_d0,broad:73105913:random_20x20_d0,4016929469,20,20,0,40000,40000,5000,5000,1.0,-1.3322676295501878e-15,35.59640330417033,38.991464193047634,0.0,0.0,0.07941374997608364,15.882749995216727,1470.8578297319568,1561.1743328204695,3022.074229491226,79973.24158600587,2831.4889627372004,1208.027613574041,1226.0701807338255,2433.7286762555923,0.032284127014762284,0.9594,0.0918,0.08410690139814984,0.10011985046979481,0.008199999999999999,0.0406,0.03547293459896256,0.046432429948155926,0.009400000000000006,0.9594,79973.24158600587,0.0918,0.08410690139814984,0.10011985046979481,0.008199999999999999,0.0406,0.03547293459896256,0.046432429948155926,0.009400000000000006,0.9594,2831.4889627372004,0.0918,0.08410690139814984,0.10011985046979481,0.008199999999999999,0.0406,0.03547293459896256,0.046432429948155926,0.009400000000000006
broad,73105913,random_20x20_d1,broad:73105913:random_20x20_d1,3430000396,20,20,1,20000,40000,5000,5000,1.0,8.881784197001252e-16,8.465136234286932,10.90065900757998,5e-07,0.0,0.060242583975195885,12.048516795039177,1648.3127453956909,3022.996401399152,3200.108889019108,39077.583708273945,3040.970495339865,1354.7145068923046,2784.9362748138433,2713.497470671601,0.5627475865867104,0.9524,0.0978,0.08987265154103252,0.10634488790357141,0.0022000000000000075,0.0476,0.04203767154178206,0.05385694517810563,0.0023999999999999994,0.9524,39077.583708273945,0.0978,0.08987265154103252,0.10634488790357141,0.0022000000000000075,0.0476,0.04203767154178206,0.05385694517810563,0.0023999999999999994,0.9524,3040.970495339865,0.0978,0.08987265154103252,0.10634488790357141,0.0022000000000000075,0.0476,0.04203767154178206,0.05385694517810563,0.0023999999999999994
broad,73105913,random_20x20_d2,broad:73105913:random_20x20_d2,3563250592,20,20,2,10000,40000,5000,5000,1.0,-2.220446049250313e-15,2.1295117217501303,0.03971296781415783,0.0024225,0.033283,0.06110900000203401,12.221800000406802,1811.7659763845938,6454.154556620172,2742.2860856452176,15235.4468720598,2669.6577968943984,1553.7018434730428,6137.746365109344,2411.7921234405107,0.7527104922978588,0.952,0.1016,0.09352925326717293,0.11028245164264858,0.0015999999999999903,0.048,0.04241393141870799,0.054280071139623645,0.0020000000000000018,0.952,15235.4468720598,0.1016,0.09352925326717293,0.11028245164264858,0.0015999999999999903,0.048,0.04241393141870799,0.054280071139623645,0.0020000000000000018,0.952,2669.6577968943984,0.1012,0.0931441742993416,0.10986814477203596,0.0011999999999999927,0.048,0.04241393141870799,0.054280071139623645,0.0020000000000000018
broad,73105913,random_20x20_d3,broad:73105913:random_20x20_d3,3908557240,20,20,3,80000,80000,5000,5000,1.0,-8.704148513061227e-14,0.22054297811162174,0.01041209794302971,0.0045175,0.107431,0.06266499997582287,12.532999995164573,2704.0886832879855,2733.7130164381165,5329.265030076136,159970.42826277594,5198.104427512675,2429.11372212767,2432.7742668697283,4861.88358055388,0.015879642552591472,0.9514,0.0918,0.08410690139814984,0.10011985046979481,0.008199999999999999,0.0486,0.04297853230752914,0.05491454900846843,0.0014000000000000054,0.9514,159970.42826277594,0.0918,0.08410690139814984,0.10011985046979481,0.008199999999999999,0.0486,0.04297853230752914,0.05491454900846843,0.0014000000000000054,0.9516,5198.104427512675,0.0918,0.08410690139814984,0.10011985046979481,0.008199999999999999,0.0484,0.04279030408863613,0.05470308430813947,0.0016000000000000042
broad,73105913,random_20x20_d4,broad:73105913:random_20x20_d4,272872875,20,20,4,8000,16000,5000,5000,1.0,8.881784197001252e-16,2.9497579745214355,0.29990512704644473,0.000524,0.042653,0.06270849995780736,12.541699991561472,832.1139854437438,1357.6840123851916,1538.5829834986944,15276.814995120994,1446.6042721961394,560.9853324717527,1088.1739257309373,1126.4700614478145,0.5647634714465039,0.9552,0.0904,0.08276301361645519,0.09866588781693558,0.009600000000000011,0.0448,0.03940712743434635,0.05089178841643366,0.005200000000000003,0.9552,15276.814995120994,0.0902,0.08257107622794863,0.09845813228622019,0.009800000000000003,0.0448,0.03940712743434635,0.05089178841643366,0.005200000000000003,0.9554,1446.6042721961394,0.09,0.08237915058874334,0.09825036500620349,0.010000000000000009,0.0446,0.03921945850747833,0.0506797644240797,0.005400000000000002
broad,73105913,random_20x20_d5,broad:73105913:random_20x20_d5,3911207827,20,20,5,4000,16000,5000,5000,1.0,-1.270095140171179e-13,0.1683585023483545,5.626363973295544,0.0936515,3.2e-05,0.06423162494320422,12.846324988640845,895.9845263170133,2548.746205239805,1336.1919304513292,6052.576083417989,1165.7490690916125,620.7178337317631,2271.805469818341,970.1556812834357,0.6974389637816338,0.9478,0.1076,0.09931013399186059,0.11649235849462022,0.007599999999999996,0.0522,0.04637122809422762,0.05871632576776554,0.0022000000000000006,0.948,6052.576083417989,0.1076,0.09931013399186059,0.11649235849462022,0.007599999999999996,0.052,0.046182524523658765,0.05850533641911242,0.001999999999999995,0.948,1165.7490690916125,0.1076,0.09931013399186059,0.11649235849462022,0.007599999999999996,0.052,0.046182524523658765,0.05850533641911242,0.001999999999999995
broad,84207631,random_2x2_d0,broad:84207631:random_2x2_d0,2768801224,2,2,0,400,400,5000,5000,1.0,2.220446049250313e-16,59.38352231343574,67.76934194641456,0.0,0.0,0.0035567920422181487,0.7113584084436297,14.683756045045461,14.147319385746078,29.187861716973277,771.975896101691,27.536820866585465,13.29929153760251,13.193035941814008,26.491441880481844,-0.01629428967211288,0.9598,0.0934,0.08564346098790362,0.10178083423381681,0.006600000000000009,0.0402,0.0350990382522204,0.04600694045645413,0.009800000000000003,0.9604,771.975896101691,0.093,0.08525925317287317,0.10136565621040333,0.007000000000000006,0.0396,0.03453846664891083,0.04536843330209778,0.0104,0.9692,27.536820866585465,0.0808,0.07356392173647129,0.08867971957426461,0.01920000000000001,0.0308,0.026359508374236954,0.035960903131004654,0.019200000000000002
broad,84207631,random_2x2_d1,broad:84207631:random_2x2_d1,3100035337,2,2,1,200,400,5000,5000,1.0,1.1102230246251565e-16,30.13745423998958,59.1880296004192,0.0,0.0,0.0036349170841276646,0.7269834168255329,18.450965770463004,36.8106508131739,36.2386864628845,398.3263980679749,36.246946304670374,17.620753192382423,35.48034056264552,35.19625542404217,0.5810755743365497,0.9476,0.1014,0.09333670876034914,0.11007530323025039,0.0013999999999999985,0.0524,0.04655995670627651,0.05892729007493863,0.0023999999999999994,0.948,398.3263980679749,0.1006,0.09256663145562494,0.10924660885808668,0.0005999999999999894,0.052,0.046182524523658765,0.05850533641911242,0.001999999999999995,0.9548,36.246946304670374,0.0926,0.08487509046113607,0.10095043308369646,0.007400000000000004,0.0452,0.03978255839785056,0.05131574329137339,0.004800000000000006
broad,84207631,random_2x2_d2,broad:84207631:random_2x2_d2,2219398334,2,2,2,120,480,5000,5000,1.0,3.552713678800501e-15,7.174986207727478,4.3157175065531455,5e-05,0.00355,0.003498292062431574,0.6996584124863148,36.81504583499575,176.772314446746,49.428101796593495,160.40529382915742,47.042846492507806,33.70242101689795,223.5986116119662,45.772047166582354,0.8855722085824557,0.937,0.1068,0.09853885305910906,0.11566486775048385,0.0068000000000000005,0.063,0.05659525102061195,0.07007572047936797,0.012999999999999998,0.9388,160.40529382915742,0.105,0.09680402194170139,0.11380246259489372,0.0049999999999999906,0.0612,0.054886946015951704,0.06818678921103043,0.011199999999999995,0.9456,47.042846492507806,0.1,0.09198917998158554,0.10862498157446016,0.0,0.0544,0.048448591059440875,0.06103558491399403,0.004399999999999994
broad,84207631,random_2x2_d3,broad:84207631:random_2x2_d3,1467365388,2,2,3,800,800,5000,5000,1.0,-6.439293542825908e-15,8.915675454132412,27.36369522694131,0.0,0.0,0.003606208018027246,0.7212416036054492,48.680209092276066,32.02202845380398,73.96961880119103,1572.9712391765815,71.91675930276702,46.79922792421338,29.71090747415989,69.88802949684343,-0.22409095230017217,0.9488,0.1,0.09198917998158554,0.10862498157446016,0.0,0.0512,0.04542796339795725,0.057661125867926016,0.0011999999999999997,0.9494,1572.9712391765815,0.0996,0.09160426345312381,0.10821051226447792,0.00040000000000001146,0.0506,0.044862312290198145,0.0570276982180192,0.0005999999999999964,0.9532,71.91675930276702,0.0962,0.08833415715201101,0.10468583893881708,0.0038000000000000117,0.0468,0.041285495583661055,0.05301034945933872,0.0032000000000000015
broad,84207631,random_2x2_d4,broad:84207631:random_2x2_d4,1940591099,2,2,4,120,240,5000,5000,1.0,0.0,17.810375567652223,3.5495503744498573,0.0,0.0068,0.0034717919770628214,0.6943583954125643,11.856862731307729,34.926344146645334,22.617813650427,224.429247159387,21.516878108769045,10.641985638299765,32.66847446494694,21.07082767204885,0.700795405172482,0.9444,0.1108,0.10239672947720273,0.11980084971682971,0.01079999999999999,0.0556,0.04958291385480927,0.06229941963395749,0.005599999999999994,0.945,224.429247159387,0.1092,0.10085314022754296,0.11814689561271366,0.0092,0.055,0.04901564776937427,0.06166760696172657,0.0049999999999999975,0.9548,21.516878108769045,0.0954,0.08756516763547541,0.10385605677846481,0.004600000000000007,0.0452,0.03978255839785056,0.05131574329137339,0.004800000000000006
broad,84207631,random_2x2_d5,broad:84207631:random_2x2_d5,956302896,2,2,5,120,480,5000,5000,1.0,5.67323965583455e-14,6.127156145376954,52.13612147580485,0.0006,0.0,0.0035284999758005142,0.7056999951601028,35.24047789545295,140.12279578558847,52.88116922729187,177.96804573431865,48.555691088744176,31.496779695618578,130.1668439273497,46.979964158350995,0.8197602132551058,0.9422,0.1122,0.10374783964992389,0.1212475899786624,0.012199999999999989,0.0578,0.05166463044785411,0.06461432515235441,0.0077999999999999944,0.9432,177.96804573431865,0.1104,0.10201077811674306,0.11938741523884544,0.010399999999999993,0.0568,0.05071806154659551,0.06356242945750312,0.0068000000000000005,0.9506,48.555691088744176,0.1024,0.09429953122956897,0.11111094535714044,0.0023999999999999994,0.0494,0.04373172063796703,0.055760132354918446,0.0006000000000000033
broad,84207631,random_2x5_d0,broad:84207631:random_2x5_d0,303982817,2,5,0,1000,1000,5000,5000,1.0,1.1324274851176597e-14,45.5817606968254,42.98151486953498,0.0,0.0,0.0044271249789744616,0.8854249957948923,39.03204355569796,38.2681952552143,79.62184656059381,1972.7311350323246,73.42587335718676,34.60613451926012,33.68380241498712,68.27483146421474,-0.010602976228583126,0.9544,0.0936,0.08583558172805157,0.10198840641289085,0.006400000000000003,0.0456,0.04015811220817567,0.05173957531949225,0.004400000000000001,0.9544,1972.7311350323246,0.0936,0.08583558172805157,0.10198840641289085,0.006400000000000003,0.0456,0.04015811220817567,0.05173957531949225,0.004400000000000001,0.9576,73.42587335718676,0.0886,0.0810360030775896,0.09679566208280341,0.011400000000000007,0.0424,0.037157211511963724,0.048345389308152555,0.007600000000000003
broad,84207631,random_2x5_d1,broad:84207631:random_2x5_d1,3594505479,2,5,1,500,1000,5000,5000,1.0,-7.105427357601002e-15,14.725538088500587,1.7049587227623957,0.0,0.01784,0.004396457923576236,0.8792915847152472,55.850322335160676,73.0791932898172,97.83739392383367,904.0925382583296,94.0741751195605,49.63001968472604,80.14680080883227,89.55790268311132,0.6530698805218166,0.9468,0.1006,0.09256663145562494,0.10924660885808668,0.0005999999999999894,0.0532,0.04731511889160377,0.05977089956649927,0.0031999999999999945,0.9474,904.0925382583296,0.1006,0.09256663145562494,0.10924660885808668,0.0005999999999999894,0.0526,0.04674871022497823,0.05913822947545888,0.002599999999999998,0.952,94.0741751195605,0.0984,0.09044976166527606,0.10696685653699382,0.0016000000000000042,0.048,0.04241393141870799,0.054280071139623645,0.0020000000000000018
broad,84207631,random_2x5_d2,broad:84207631:random_2x5_d2,1505813824,2,5,2,250,1000,5000,5000,1.0,-9.880984919163893e-15,7.71424481489953,0.012987208767030025,8e-05,0.09874,0.004535624990239739,0.9071249980479479,88.80646837253933,250.52303995010956,128.77618234679514,360.6069074800039,120.89865193669169,73.73366813846671,235.8221644815788,107.32029219546368,0.8219525352097529,0.9452,0.1022,0.09410694680069474,0.11090383686679268,0.0021999999999999936,0.0548,0.04882660544300011,0.06145695636887875,0.004799999999999999,0.9456,360.6069074800039,0.1012,0.0931441742993416,0.10986814477203596,0.0011999999999999927,0.0544,0.048448591059440875,0.06103558491399403,0.004399999999999994,0.9474,120.89865193669169,0.0996,0.09160426345312381,0.10821051226447792,0.00040000000000001146,0.0526,0.04674871022497823,0.05913822947545888,0.002599999999999998
broad,84207631,random_2x5_d3,broad:84207631:random_2x5_d3,193498488,2,5,3,2000,2000,5000,5000,1.0,-4.440892098500626e-16,3.851655446945378,28.38472201660542,0.00222,0.0,0.00423733307980001,0.847466615960002,72.5729641525988,72.7022840447847,143.48602498628807,3971.541806728427,140.08203644198764,65.5526059146834,69.82835341317028,134.89815306781958,0.027025578593392923,0.9576,0.0914,0.08372287557926333,0.09970449045023735,0.00860000000000001,0.0424,0.037157211511963724,0.048345389308152555,0.007600000000000003,0.9578,3971.541806728427,0.0914,0.08372287557926333,0.09970449045023735,0.00860000000000001,0.0422,0.036969931969046375,0.04813297593184792,0.007800000000000001,0.9594,140.08203644198764,0.0894,0.08180344452007886,0.09762699231720202,0.010600000000000012,0.0406,0.03547293459896256,0.046432429948155926,0.009400000000000006
broad,84207631,random_2x5_d4,broad:84207631:random_2x5_d4,1751713130,2,5,4,200,400,5000,5000,1.0,6.661338147750939e-16,4.663372466721894,0.29266180389549873,0.00102,0.07368,0.004564958973787725,0.912991794757545,22.848173146698866,31.90647369255535,43.77761675964032,391.64555408465486,40.50665318123799,17.53046104001223,31.401598131070156,34.92424688001268,0.5242086217205696,0.9452,0.108,0.09969583027538101,0.11690604804954374,0.007999999999999993,0.0548,0.04882660544300011,0.06145695636887875,0.004799999999999999,0.9456,391.64555408465486,0.1072,0.09892447485888445,0.1160786317891524,0.007199999999999998,0.0544,0.048448591059440875,0.06103558491399403,0.004399999999999994,0.9522,40.50665318123799,0.098,0.09006501107959225,0.10655222128423367,0.0020000000000000018,0.0478,0.04222578729757764,0.054068522341532026,0.0022000000000000006
broad,84207631,random_2x5_d5,broad:84207631:random_2x5_d5,4204685467,2,5,5,120,480,5000,5000,1.0,-1.7763568394002505e-14,1.165785899521863,7.105392992220263,0.04842,0.00012,0.004531749989837408,0.9063499979674816,50.97587070246831,195.51313304294925,80.22988035085612,187.09198530360771,75.03560411187968,48.283062687036704,189.6823477029216,74.13307256697233,0.46926267058516513,0.9286,0.124,0.11515223549844852,0.1334250763642344,0.023999999999999994,0.0714,0.06458701559947404,0.07887105850782893,0.021400000000000002,0.9312,187.09198530360771,0.1228,0.11399117999101867,0.13218797435633242,0.0228,0.0688,0.06211009257017858,0.07615197358723869,0.018799999999999997,0.9346,75.03560411187968,0.1192,0.11050971686933803,0.12847496493201746,0.019199999999999995,0.0654,0.058875404352604514,0.07259188217803915,0.015399999999999997
broad,84207631,random_3x3_d0,broad:84207631:random_3x3_d0,975168505,3,3,0,900,900,5000,5000,1.0,4.796163466380676e-14,49.23537215802427,51.71096624128994,0.0,0.0,0.004642541985958815,0.9285083971917629,32.272660335361756,30.619161305864594,62.71296149037867,1772.2847050570508,60.87053652386227,28.98504175831964,27.363940863022336,56.24108740211603,-0.029119644168806434,0.9526,0.0958,0.08794964072133023,0.10427096953105396,0.004200000000000009,0.0474,0.04184958432057469,0.05364533948009102,0.002600000000000005,0.9526,1772.2847050570508,0.0956,0.0877573987451443,0.1040635185880179,0.004400000000000001,0.0474,0.04184958432057469,0.05364533948009102,0.002600000000000005,0.9566,60.87053652386227,0.0896,0.08199533469929988,0.09783479505720301,0.010400000000000006,0.0434,0.0380941093753608,0.04940695604086537,0.006600000000000002
broad,84207631,random_3x3_d1,broad:84207631:random_3x3_d1,3981633351,3,3,1,450,900,5000,5000,1.0,0.0,9.851751976197638,23.62233040594679,0.0,0.0,0.004469082923606038,0.8938165847212076,51.68395388510382,80.03294851680619,102.75497069137572,935.4053452647133,100.9959854191772,46.48464197003528,75.49958626819631,94.75018084524925,0.4703832137038832,0.9516,0.1014,0.09333670876034914,0.11007530323025039,0.0013999999999999985,0.0484,0.04279030408863613,0.05470308430813947,0.0016000000000000042,0.9518,935.4053452647133,0.1006,0.09256663145562494,0.10924660885808668,0.0005999999999999894,0.0482,0.04260210373766007,0.05449159173989355,0.001800000000000003,0.9546,100.9959854191772,0.0966,0.08871871668658596,0.10510066524268613,0.0034000000000000002,0.0454,0.039970320043562504,0.05152767456488344,0.0046
broad,84207631,random_3x3_d2,broad:84207631:random_3x3_d2,1022268856,3,3,2,225,900,5000,5000,1.0,-6.661338147750939e-16,4.775241127452816,13.983656597779618,0.0007333333333333333,0.0,0.004528708988800645,0.905741797760129,63.29665243351209,225.86676097949822,95.62519559592069,337.20801673611504,91.99708112356001,56.49018662677824,217.48214090570116,85.47112526511847,0.8034390832540059,0.9396,0.1132,0.10471318249826776,0.12228071172642839,0.01319999999999999,0.0604,0.05412821616515825,0.06734674738493598,0.0104,0.9406,337.20801673611504,0.1132,0.10471318249826776,0.12228071172642839,0.01319999999999999,0.0594,0.05318026355064123,0.0662962354033431,0.009399999999999999,0.9424,91.99708112356001,0.1092,0.10085314022754296,0.11814689561271366,0.0092,0.0576,0.05147527285124603,0.06440398982974052,0.007599999999999996
broad,84207631,random_3x3_d3,broad:84207631:random_3x3_d3,1688802797,3,3,3,1800,1800,5000,5000,1.0,2.0650148258027912e-14,32.183617362110674,18.067607630558026,0.0,0.0,0.00450945901684463,0.901891803368926,66.34771674618868,59.6243581401358,124.3441471029611,3572.2332350115084,123.92720130420301,61.87862706882726,57.00303569274977,118.39717826243965,-0.05780751985080119,0.9522,0.0926,0.08487509046113607,0.10095043308369646,0.007400000000000004,0.0478,0.04222578729757764,0.054068522341532026,0.0022000000000000006,0.9524,3572.2332350115084,0.0926,0.08487509046113607,0.10095043308369646,0.007400000000000004,0.0476,0.04203767154178206,0.05385694517810563,0.0023999999999999994,0.9552,123.92720130420301,0.091,0.08333889592848116,0.09928908426257556,0.009000000000000008,0.0448,0.03940712743434635,0.05089178841643366,0.005200000000000003
broad,84207631,random_3x3_d4,broad:84207631:random_3x3_d4,284663478,3,3,4,180,360,5000,5000,1.0,-7.771561172376096e-16,7.724500011133454,2.4483400537742046,8.888888888888889e-05,0.014933333333333333,0.004496084060519934,0.8992168121039867,20.27910868735528,49.7777477493832,37.335497330494604,326.8881462333816,34.944170111457325,15.836383142532503,43.175800668830554,30.789425138255094,0.6789315082620047,0.9456,0.1044,0.09622591670218933,0.11318148907673983,0.004400000000000001,0.0544,0.048448591059440875,0.06103558491399403,0.004399999999999994,0.9468,326.8881462333816,0.1032,0.09506996784785655,0.11193928041574076,0.0031999999999999945,0.0532,0.04731511889160377,0.05977089956649927,0.0031999999999999945,0.9548,34.944170111457325,0.0946,0.08679635247448181,0.1030261002625705,0.005400000000000002,0.0452,0.03978255839785056,0.05131574329137339,0.004800000000000006
broad,84207631,random_3x3_d5,broad:84207631:random_3x3_d5,3621411162,3,3,5,120,480,5000,5000,1.0,-2.2093438190040615e-14,1.7962737508837179,14.732262218255862,0.047466666666666664,0.0,0.004870917066000402,0.9741834132000804,40.779432353273975,114.60791078214099,66.1314772971712,193.45622828044887,62.77911931152671,36.81366700463198,109.23663105182565,58.12827594236587,0.6068358484813111,0.9268,0.1334,0.12425652777453161,0.14310635129158422,0.033399999999999985,0.0732,0.06630341758111985,0.08075189279918091,0.0232,0.9284,193.45622828044887,0.131,0.12193049257152741,0.14063607146392473,0.031,0.0716,0.06477766308959114,0.07908010393693381,0.021599999999999994,0.9338,62.77911931152671,0.125,0.11611999425786466,0.13445578220092813,0.024999999999999994,0.0662,0.059636046471147335,0.07343001173638423,0.016199999999999992
broad,84207631,random_3x7_d0,broad:84207631:random_3x7_d0,3788700985,3,7,0,2100,2100,5000,5000,1.0,2.886579864025407e-15,34.25958350650027,54.28112132916277,0.0,0.0,0.0061359170358628035,1.2271834071725607,81.55284220345075,77.51511783022467,159.65072044240745,4173.3546007063815,151.43971919858612,70.29725464411763,66.6222183810969,136.6752525793616,-0.03641888860368493,0.9564,0.0892,0.08161156623219645,0.09741917768586247,0.010800000000000004,0.0436,0.03828158743789399,0.049619170897554146,0.006400000000000003,0.9564,4173.3546007063815,0.0892,0.08161156623219645,0.09741917768586247,0.010800000000000004,0.0436,0.03828158743789399,0.049619170897554146,0.006400000000000003,0.9586,151.43971919858612,0.0868,0.07930996760939542,0.09492446127799979,0.013200000000000003,0.0414,0.03622115480088501,0.04728298142312138,0.008600000000000003
broad,84207631,random_3x7_d1,broad:84207631:random_3x7_d1,2895959149,3,7,1,1050,2100,5000,5000,1.0,1.0658141036401503e-14,12.70275576892013,17.000599295094755,0.0,0.0,0.006007790914736688,1.2015581829473376,96.2006950711877,222.11152492947198,181.6945685682965,1973.0671804206531,178.8731447431713,84.64243076493999,203.88329883177127,163.71493900747487,0.6457067183058006,0.9482,0.0988,0.09083455407275795,0.10738144996795587,0.0012000000000000066,0.0518,0.045993846130679035,0.05829432189287017,0.001799999999999996,0.9484,1973.0671804206531,0.0986,0.09064215265544256,0.10717415846604927,0.0014000000000000123,0.0516,0.04580519305269662,0.0580832820516306,0.0015999999999999973,0.9498,178.8731447431713,0.0966,0.08871871668658596,0.10510066524268613,0.0034000000000000002,0.0502,0.04448534215006971,0.05660528251970368,0.0001999999999999988
broad,84207631,random_3x7_d2,broad:84207631:random_3x7_d2,2459241733,3,7,2,525,2100,5000,5000,1.0,-4.884981308350689e-15,3.4699217249060785,0.008642240487493475,0.003695238095238095,0.09584761904761904,0.006184833007864654,1.2369666015729308,125.90761218737285,552.025475093744,202.28358497339798,837.2856383670091,196.46586782296265,111.39692380005751,543.0396447624902,181.0970747869644,0.7549689776854638,0.9488,0.0986,0.09064215265544256,0.10717415846604927,0.0014000000000000123,0.0512,0.04542796339795725,0.057661125867926016,0.0011999999999999997,0.949,837.2856383670091,0.0982,0.09025738113052353,0.10675954415252437,0.00180000000000001,0.051,0.045239387102671155,0.057450009243990116,0.000999999999999994,0.9496,196.46586782296265,0.097,0.08910331908658219,0.10551544868113384,0.0030000000000000027,0.0504,0.044673814062764695,0.05681650352623067,0.0003999999999999976
broad,84207631,random_3x7_d3,broad:84207631:random_3x7_d3,2196174662,3,7,3,4200,4200,5000,5000,1.0,6.661338147750939e-16,32.38353422532974,0.15874212741513083,0.0,0.05073333333333333,0.00620962493121624,1.241924986243248,173.4383784836893,139.2454164306837,313.6796928327075,8362.950212014013,296.94829346712794,162.12896635490043,128.38148770671353,282.4533749801365,-0.11863578302028452,0.9498,0.0992,0.09121938807647939,0.1077960018026784,0.000800000000000009,0.0502,0.04448534215006971,0.05660528251970368,0.0001999999999999988,0.9502,8362.950212014013,0.099,0.0910269658890982,0.1075887310708376,0.0010000000000000009,0.0498,0.04410847786419271,0.056182760967136716,0.00020000000000000573,0.9514,296.94829346712794,0.0978,0.08987265154103252,0.10634488790357141,0.0022000000000000075,0.0486,0.04297853230752914,0.05491454900846843,0.0014000000000000054
broad,84207631,random_3x7_d4,broad:84207631:random_3x7_d4,1335442847,3,7,4,420,840,5000,5000,1.0,-1.0658141036401503e-14,4.288903179130068,0.9008903424444947,0.000780952380952381,0.03040952380952381,0.006276374915614724,1.2552749831229448,52.688138782988155,108.08709371003502,96.59417425218582,771.2960759049599,92.01710694645831,39.76994618149018,93.15426113640393,77.77207805167866,0.6379097892218069,0.9492,0.1072,0.09892447485888445,0.1160786317891524,0.007199999999999998,0.0508,0.04505083668536068,0.057238866742078634,0.0007999999999999952,0.9496,771.2960759049599,0.1062,0.09796049076292289,0.11504415128900407,0.006199999999999997,0.0504,0.044673814062764695,0.05681650352623067,0.0003999999999999976,0.9532,92.01710694645831,0.1026,0.09449212557428167,0.1113180439316497,0.002599999999999991,0.0468,0.041285495583661055,0.05301034945933872,0.0032000000000000015
broad,84207631,random_3x7_d5,broad:84207631:random_3x7_d5,603272906,3,7,5,210,840,5000,5000,1.0,-1.7763568394002505e-15,0.2804661292698374,1.9295737296783566,0.13537142857142856,0.006952380952380952,0.006402499973773956,1.2804999947547913,41.57701754551368,228.92531518373352,65.25387130865202,326.57370354579547,58.41258912110307,38.980298125309695,218.54182537001108,60.8626472578547,0.6498940864368943,0.939,0.1136,0.10509938060752584,0.12269389945561428,0.013600000000000001,0.061,0.0546972332830901,0.06797680902467004,0.010999999999999996,0.9404,326.57370354579547,0.113,0.10452009646834266,0.12207410483713153,0.012999999999999998,0.0596,0.0533698127022566,0.06650637917094972,0.009599999999999997,0.944,58.41258912110307,0.1082,0.099888692291972,0.11711287895217473,0.008199999999999999,0.056,0.04996120599481009,0.06272051333240064,0.005999999999999998
broad,84207631,random_4x6_d0,broad:84207631:random_4x6_d0,2100417797,4,6,0,2400,2400,5000,5000,1.0,5.551115123125783e-14,55.775007513556154,50.848399505716955,0.0,0.0,0.006767999962903559,1.3535999925807118,91.08073143630044,90.44124764078275,183.0632297586451,4773.44963152614,173.54011023745124,77.67024557476509,78.27018324032368,155.92323643859828,0.007666259244606677,0.9528,0.0958,0.08794964072133023,0.10427096953105396,0.004200000000000009,0.0472,0.04166152580497485,0.05343370507646888,0.002800000000000004,0.9528,4773.44963152614,0.0958,0.08794964072133023,0.10427096953105396,0.004200000000000009,0.0472,0.04166152580497485,0.05343370507646888,0.002800000000000004,0.9548,173.54011023745124,0.0942,0.08641201089382725,0.10261105600478113,0.0058,0.0452,0.03978255839785056,0.05131574329137339,0.004800000000000006
broad,84207631,random_4x6_d1,broad:84207631:random_4x6_d1,3514133879,4,6,1,1200,2400,5000,5000,1.0,-2.220446049250313e-16,13.858180065056787,5.6237892398652995,0.0,0.00016666666666666666,0.006744249956682324,1.3488499913364649,112.45715246600656,208.735880532224,225.7357654612874,2387.572105256606,205.6452405090145,92.44969620369159,193.10110402745212,188.1423102524679,0.5355450112556651,0.9532,0.0968,0.08891101254321587,0.1053080623052782,0.0032000000000000084,0.0468,0.041285495583661055,0.05301034945933872,0.0032000000000000015,0.9534,2387.572105256606,0.0966,0.08871871668658596,0.10510066524268613,0.0034000000000000002,0.0466,0.04109752422905178,0.05279862789472602,0.0034000000000000002,0.9546,205.6452405090145,0.0954,0.08756516763547541,0.10385605677846481,0.004600000000000007,0.0454,0.039970320043562504,0.05152767456488344,0.0046
broad,84207631,random_4x6_d2,broad:84207631:random_4x6_d2,1827892020,4,6,2,600,2400,5000,5000,1.0,-2.864375403532904e-14,1.3766510682063795,0.6392667262771807,0.013675,0.04190833333333333,0.0069657498970627785,1.3931499794125557,152.19906661579768,421.8022335376245,233.47473687319828,920.9195737565433,219.8635332492769,130.37958280068398,431.8500721948375,201.82963393229437,0.7104057215815462,0.9438,0.1074,0.0991172997701778,0.11628549979708103,0.00739999999999999,0.0562,0.05015038614349223,0.06293102610294048,0.006199999999999997,0.9438,920.9195737565433,0.1074,0.0991172997701778,0.11628549979708103,0.00739999999999999,0.0562,0.05015038614349223,0.06293102610294048,0.006199999999999997,0.9456,219.8635332492769,0.1062,0.09796049076292289,0.11504415128900407,0.006199999999999997,0.0544,0.048448591059440875,0.06103558491399403,0.004399999999999994
broad,84207631,random_4x6_d3,broad:84207631:random_4x6_d3,1775423138,4,6,3,4800,4800,5000,5000,1.0,-6.661338147750939e-16,9.494564914182423,0.06177229534227048,0.0,0.12535,0.006968416040763259,1.3936832081526518,167.4069558029247,74.30243001073408,179.23777225239175,9365.925533483667,174.35296436664834,152.11657730081492,66.06880022616356,159.53206900251004,-0.3466402561853069,0.9574,0.09,0.08237915058874334,0.09825036500620349,0.010000000000000009,0.0426,0.03734452469569485,0.04855776904364341,0.007400000000000004,0.9576,9365.925533483667,0.09,0.08237915058874334,0.09825036500620349,0.010000000000000009,0.0424,0.037157211511963724,0.048345389308152555,0.007600000000000003,0.9594,174.35296436664834,0.0894,0.08180344452007886,0.09762699231720202,0.010600000000000012,0.0406,0.03547293459896256,0.046432429948155926,0.009400000000000006
broad,84207631,random_4x6_d4,broad:84207631:random_4x6_d4,4130571730,4,6,4,480,960,5000,5000,1.0,7.571721027943568e-14,4.765912624214311,0.0006519578343452784,0.0004916666666666666,0.393925,0.006845625001005828,1.3691250002011657,59.57612319304472,58.55511004837134,111.73836906954185,1034.7435333110557,102.31228262129807,42.259998196478534,57.42583528976413,89.7800294653719,0.32856512411913485,0.9534,0.0956,0.0877573987451443,0.1040635185880179,0.004400000000000001,0.0466,0.04109752422905178,0.05279862789472602,0.0034000000000000002,0.9534,1034.7435333110557,0.0954,0.08756516763547541,0.10385605677846481,0.004600000000000007,0.0466,0.04109752422905178,0.05279862789472602,0.0034000000000000002,0.955,102.31228262129807,0.092,0.08429893153598811,0.1003275132511785,0.008000000000000007,0.045,0.0395948274633155,0.051103781306686476,0.0050000000000000044
broad,84207631,random_4x6_d5,broad:84207631:random_4x6_d5,3222077813,4,6,5,240,960,5000,5000,1.0,-8.881784197001252e-16,0.08572716066576945,8.111479369603169,0.16905,0.0,0.007569000008516014,1.5138000017032027,86.33120569806974,264.41423574511583,129.2666546443283,360.04276427840557,110.8045922226718,64.53180073908533,248.91379269722142,97.50945827799659,0.7104341397826536,0.9486,0.1006,0.09256663145562494,0.10924660885808668,0.0005999999999999894,0.0514,0.045616565428436305,0.05787221675666895,0.0013999999999999985,0.9494,360.04276427840557,0.099,0.0910269658890982,0.1075887310708376,0.0010000000000000009,0.0506,0.044862312290198145,0.0570276982180192,0.0005999999999999964,0.9508,110.8045922226718,0.0974,0.08948796411595085,0.10593018949020915,0.002600000000000005,0.0492,0.04354338255549714,0.055548777518166365,0.0008000000000000021
broad,84207631,random_5x5_d0,broad:84207631:random_5x5_d0,4041394880,5,5,0,2500,2500,5000,5000,1.0,4.6629367034256575e-15,53.230393161261226,44.51010103721772,0.0,0.0,0.00733625004068017,1.467250008136034,101.96323757553131,91.86757455445452,194.02070719309896,4975.5678963921655,182.7344199326841,84.08237117652028,80.02369592040228,163.82498880642734,-0.07079136053432489,0.9574,0.0968,0.08891101254321587,0.1053080623052782,0.0032000000000000084,0.0426,0.03734452469569485,0.04855776904364341,0.007400000000000004,0.9574,4975.5678963921655,0.0968,0.08891101254321587,0.1053080623052782,0.0032000000000000084,0.0426,0.03734452469569485,0.04855776904364341,0.007400000000000004,0.9582,182.7344199326841,0.0956,0.0877573987451443,0.1040635185880179,0.004400000000000001,0.0418,0.036595474719308296,0.047708047343142046,0.008200000000000006
broad,84207631,random_5x5_d1,broad:84207631:random_5x5_d1,504746891,5,5,1,1250,2500,5000,5000,1.0,6.661338147750939e-16,18.26697424727398,12.94603725865696,0.0,0.0,0.007089458988048136,1.4178917976096272,118.37975090798685,265.62758476663953,223.42022093013117,2346.1508471664447,216.0763338306813,102.27048341784527,236.98132122020348,197.3501977771161,0.6470676072210987,0.9516,0.0946,0.08679635247448181,0.1030261002625705,0.005400000000000002,0.0484,0.04279030408863613,0.05470308430813947,0.0016000000000000042,0.9516,2346.1508471664447,0.0944,0.08660417615817816,0.10281858365965217,0.005600000000000008,0.0484,0.04279030408863613,0.05470308430813947,0.0016000000000000042,0.9526,216.0763338306813,0.0936,0.08583558172805157,0.10198840641289085,0.006400000000000003,0.0474,0.04184958432057469,0.05364533948009102,0.002600000000000005
broad,84207631,random_5x5_d2,broad:84207631:random_5x5_d2,1633380279,5,5,2,625,2500,5000,5000,1.0,0.0,0.4394577785122957,0.024848974569094687,0.0328,0.123624,0.007604458020068705,1.520891604013741,137.2656929790627,527.1451090023445,216.05732520634595,981.9656288496105,211.30650192367216,120.45955691449129,518.2781790038184,191.21870839659664,0.6586240282512447,0.9496,0.1046,0.09641860881615973,0.11338848988199142,0.004599999999999993,0.0504,0.044673814062764695,0.05681650352623067,0.0003999999999999976,0.9498,981.9656288496105,0.1046,0.09641860881615973,0.11338848988199142,0.004599999999999993,0.0502,0.04448534215006971,0.05660528251970368,0.0001999999999999988,0.9508,211.30650192367216,0.1044,0.09622591670218933,0.11318148907673983,0.004400000000000001,0.0492,0.04354338255549714,0.055548777518166365,0.0008000000000000021
broad,84207631,random_5x5_d3,broad:84207631:random_5x5_d3,3779302602,5,5,3,5000,5000,5000,5000,1.0,0.0,21.666970823960888,0.08537244303337267,0.0,0.132176,0.0075044999830424786,1.5008999966084957,182.7738202759943,184.73975333139717,366.03706106827656,9973.563132644604,357.26543224480713,170.17579618167318,173.40344145634006,343.56219942590155,0.00193411006325229,0.9542,0.0996,0.09160426345312381,0.10821051226447792,0.00040000000000001146,0.0458,0.040345934701495674,0.05195144574539421,0.004200000000000002,0.9544,9973.563132644604,0.0996,0.09160426345312381,0.10821051226447792,0.00040000000000001146,0.0456,0.04015811220817567,0.05173957531949225,0.004400000000000001,0.9546,357.26543224480713,0.0982,0.09025738113052353,0.10675954415252437,0.00180000000000001,0.0454,0.039970320043562504,0.05152767456488344,0.0046
broad,84207631,random_5x5_d4,broad:84207631:random_5x5_d4,434675665,5,5,4,500,1000,5000,5000,1.0,-4.440892098500626e-16,5.752378666962974,1.1772964802889165,0.000136,0.04148,0.007154416060075164,1.4308832120150328,54.77425120148225,90.26696294815677,102.56058259283931,954.8735776152105,97.3614329007656,39.513056285676164,80.06439039659217,79.20289995325902,0.5652872211324118,0.9552,0.0986,0.09064215265544256,0.10717415846604927,0.0014000000000000123,0.0448,0.03940712743434635,0.05089178841643366,0.005200000000000003,0.9552,954.8735776152105,0.0984,0.09044976166527606,0.10696685653699382,0.0016000000000000042,0.0448,0.03940712743434635,0.05089178841643366,0.005200000000000003,0.9568,97.3614329007656,0.0956,0.0877573987451443,0.1040635185880179,0.004400000000000001,0.0432,0.03790666385366587,0.04919470864333832,0.0068000000000000005
broad,84207631,random_5x5_d5,broad:84207631:random_5x5_d5,1436375290,5,5,5,250,1000,5000,5000,1.0,-6.972200594645983e-14,0.4693042325543801,7.174301281159067,0.089472,7.2e-05,0.007599000004120171,1.5198000008240342,58.586453530712426,264.9008631803708,88.89776627081173,379.8884165363472,83.75050632338673,49.02999409293965,252.79633422227968,74.74871128278046,0.5760448907616245,0.9406,0.112,0.10355479737222283,0.12104093933714148,0.011999999999999997,0.0594,0.05318026355064123,0.0662962354033431,0.009399999999999999,0.941,379.8884165363472,0.1104,0.10201077811674306,0.11938741523884544,0.010399999999999993,0.059,0.052801227987900407,0.06587588512763998,0.008999999999999994,0.9426,83.75050632338673,0.1084,0.10008156352845776,0.11731970063491096,0.00839999999999999,0.0574,0.05128593705566524,0.06419363270609932,0.007399999999999997
broad,84207631,random_5x10_d0,broad:84207631:random_5x10_d0,645139606,5,10,0,5000,5000,5000,5000,1.0,-4.4853010194856324e-14,39.97077528684637,45.10448245650793,0.0,0.0,0.011178249958902597,2.2356499917805195,184.9777141600278,178.0715083825004,368.6920941806144,9971.640910942016,354.9275950733935,161.7433049768575,152.18276923922048,313.2915674064146,-0.024958776821993288,0.95,0.1016,0.09352925326717293,0.11028245164264858,0.0015999999999999903,0.05,0.04429689670057055,0.05639403504998086,0.0,0.95,9971.640910942016,0.1016,0.09352925326717293,0.11028245164264858,0.0015999999999999903,0.05,0.04429689670057055,0.05639403504998086,0.0,0.951,354.9275950733935,0.1012,0.0931441742993416,0.10986814477203596,0.0011999999999999927,0.049,0.043355071700947344,0.05533739545349418,0.0010000000000000009
broad,84207631,random_5x10_d1,broad:84207631:random_5x10_d1,2528341172,5,10,1,2500,5000,5000,5000,1.0,-3.9968028886505635e-15,10.615016874359425,4.408878482304309,0.0,0.000268,0.01069895806722343,2.139791613444686,251.9030313368287,493.57853937464574,494.6254610145936,4933.027273983128,482.4965361753304,221.6999672977231,452.95398084364155,447.65721376313974,0.5582432353157222,0.9516,0.0968,0.08891101254321587,0.1053080623052782,0.0032000000000000084,0.0484,0.04279030408863613,0.05470308430813947,0.0016000000000000042,0.9516,4933.027273983128,0.0968,0.08891101254321587,0.1053080623052782,0.0032000000000000084,0.0484,0.04279030408863613,0.05470308430813947,0.0016000000000000042,0.952,482.4965361753304,0.0964,0.08852643154627349,0.10489325746377662,0.003600000000000006,0.048,0.04241393141870799,0.054280071139623645,0.0020000000000000018
broad,84207631,random_5x10_d2,broad:84207631:random_5x10_d2,1608319742,5,10,2,1250,5000,5000,5000,1.0,1.1102230246251565e-15,0.44021934749697955,1.3586877453874668,0.0391,0.00904,0.010784916928969324,2.1569833857938647,268.6041117024537,1015.5838575122444,410.48913353948353,1915.0009406914503,395.5606556714235,244.03078277206774,1000.596980944109,377.61339020049985,0.7047282670345446,0.949,0.1058,0.09757496310641671,0.11463029310706631,0.0058,0.051,0.045239387102671155,0.057450009243990116,0.000999999999999994,0.9492,1915.0009406914503,0.1054,0.09718947343586365,0.1142163969391754,0.005399999999999988,0.0508,0.04505083668536068,0.057238866742078634,0.0007999999999999952,0.9504,395.5606556714235,0.1048,0.09661131057076797,0.11359548104660516,0.004799999999999999,0.0496,0.04392008579235034,0.055971460119757115,0.0004000000000000045
broad,84207631,random_5x10_d3,broad:84207631:random_5x10_d3,832828329,5,10,3,10000,10000,5000,5000,1.0,6.661338147750939e-16,0.27815563576207103,7.852946598972464,0.034084,2.4e-05,0.0110727499704808,2.21454999409616,344.8557844677181,334.57517550376207,672.631728131735,19971.22416348516,654.7299665939183,309.1515436260829,304.4542182091357,613.5838794485925,-0.0113832104851763,0.9538,0.0934,0.08564346098790362,0.10178083423381681,0.006600000000000009,0.0462,0.0407216699236964,0.05237509636163745,0.0038000000000000048,0.9538,19971.22416348516,0.0934,0.08564346098790362,0.10178083423381681,0.006600000000000009,0.0462,0.0407216699236964,0.05237509636163745,0.0038000000000000048,0.954,654.7299665939183,0.0932,0.08545135145874014,0.10157325084375834,0.0068000000000000005,0.046,0.040533787335377866,0.052163286030734,0.0040000000000000036
broad,84207631,random_5x10_d4,broad:84207631:random_5x10_d4,1981921569,5,10,4,1000,2000,5000,5000,1.0,-1.5543122344752192e-15,4.061988955426836,0.14343767143391578,0.000816,0.108376,0.010684625012800097,2.1369250025600195,116.16870848589043,198.69860233517886,215.906773911245,1886.887934314654,196.73625771240506,80.33833605200942,169.70782892992963,158.9111680917723,0.5750703872019852,0.9582,0.0934,0.08564346098790362,0.10178083423381681,0.006600000000000009,0.0418,0.036595474719308296,0.047708047343142046,0.008200000000000006,0.9584,1886.887934314654,0.0932,0.08545135145874014,0.10157325084375834,0.0068000000000000005,0.0416,0.03640829747606612,0.04749553166716225,0.008400000000000005,0.9598,196.73625771240506,0.092,0.08429893153598811,0.1003275132511785,0.008000000000000007,0.0402,0.0350990382522204,0.04600694045645413,0.009800000000000003
broad,84207631,random_5x10_d5,broad:84207631:random_5x10_d5,1891367109,5,10,5,500,2000,5000,5000,1.0,8.881784197001252e-16,0.22626421541509667,9.837706212402924,0.158592,0.0,0.011094374931417406,2.218874986283481,130.23215552211423,401.1374331857844,199.71017500566265,770.7474622231166,178.59058374619246,97.0080342295131,356.95071087805195,150.79077764512587,0.6959400704763327,0.9448,0.1094,0.10104605723003103,0.11835367152944758,0.009399999999999992,0.0552,0.049204713358980225,0.061878234291342586,0.005199999999999996,0.9452,770.7474622231166,0.1092,0.10085314022754296,0.11814689561271366,0.0092,0.0548,0.04882660544300011,0.06145695636887875,0.004799999999999999,0.9458,178.59058374619246,0.1074,0.0991172997701778,0.11628549979708103,0.00739999999999999,0.0542,0.04825961924472352,0.06082486380948941,0.004199999999999995
broad,84207631,random_8x8_d0,broad:84207631:random_8x8_d0,2498975704,8,8,0,6400,6400,5000,5000,1.0,1.3322676295501878e-15,49.06099006003561,45.423328350193174,0.0,0.0,0.01352399995084852,2.704799990169704,247.82420115004112,241.29514052014923,494.88154358385555,12773.733441270302,468.64660869503814,206.7148791655418,205.09232315249443,411.7961742249537,-0.008914141445113065,0.952,0.0956,0.0877573987451443,0.1040635185880179,0.004400000000000001,0.048,0.04241393141870799,0.054280071139623645,0.0020000000000000018,0.952,12773.733441270302,0.0956,0.0877573987451443,0.1040635185880179,0.004400000000000001,0.048,0.04241393141870799,0.054280071139623645,0.0020000000000000018,0.9526,468.64660869503814,0.095,0.0871807381378733,0.10344110043762297,0.0050000000000000044,0.0474,0.04184958432057469,0.05364533948009102,0.002600000000000005
broad,84207631,random_8x8_d1,broad:84207631:random_8x8_d1,746017232,8,8,1,3200,6400,5000,5000,1.0,-1.7763568394002505e-15,11.022297688478762,12.209208880476167,0.0,0.0,0.013348084059543908,2.6696168119087815,278.83777145375785,514.0592573336343,531.4469303656047,6249.597541363277,524.6759103020793,238.55159776933934,469.9641601698813,473.5088315792108,0.5685059004243607,0.9532,0.094,0.08621985671290236,0.10240351726648403,0.006000000000000005,0.0468,0.041285495583661055,0.05301034945933872,0.0032000000000000015,0.9532,6249.597541363277,0.0938,0.08602771364704209,0.10219596741312231,0.006200000000000011,0.0468,0.041285495583661055,0.05301034945933872,0.0032000000000000015,0.9536,524.6759103020793,0.0934,0.08564346098790362,0.10178083423381681,0.006600000000000009,0.0464,0.04090958228231389,0.05258687692224192,0.003600000000000006
broad,84207631,random_8x8_d2,broad:84207631:random_8x8_d2,2067129400,8,8,2,1600,6400,5000,5000,1.0,8.881784197001252e-16,0.6209307598333069,0.15913457482042104,0.026675,0.1143,0.013665667036548257,2.7331334073096514,284.87146445796884,1213.7499097239124,437.1292608280419,2470.373651060134,441.27356690253964,260.73285049187115,1168.2704813654598,407.8077651158598,0.7094935888872107,0.948,0.1052,0.09699674290476157,0.1140094345510555,0.005199999999999996,0.052,0.046182524523658765,0.05850533641911242,0.001999999999999995,0.948,2470.373651060134,0.1052,0.09699674290476157,0.1140094345510555,0.005199999999999996,0.052,0.046182524523658765,0.05850533641911242,0.001999999999999995,0.9482,441.27356690253964,0.105,0.09680402194170139,0.11380246259489372,0.0049999999999999906,0.0518,0.045993846130679035,0.05829432189287017,0.001799999999999996
broad,84207631,random_8x8_d3,broad:84207631:random_8x8_d3,2719425385,8,8,3,12800,12800,5000,5000,1.0,3.3306690738754696e-15,4.025330420705884,0.008462184073769509,0.000309375,0.202715625,0.013806791976094246,2.761358395218849,420.80901673315907,498.5416505100565,901.3741422719091,25546.439278742244,877.6943418817425,390.83693372372073,460.3124876192331,839.1852854696143,0.11921907763827129,0.951,0.0974,0.08948796411595085,0.10593018949020915,0.002600000000000005,0.049,0.043355071700947344,0.05533739545349418,0.0010000000000000009,0.951,25546.439278742244,0.0974,0.08948796411595085,0.10593018949020915,0.002600000000000005,0.049,0.043355071700947344,0.05533739545349418,0.0010000000000000009,0.951,877.6943418817425,0.0974,0.08948796411595085,0.10593018949020915,0.002600000000000005,0.049,0.043355071700947344,0.05533739545349418,0.0010000000000000009
broad,84207631,random_8x8_d4,broad:84207631:random_8x8_d4,1064557810,8,8,4,1280,2560,5000,5000,1.0,0.0,3.106925024044574,0.16275096554903626,0.000971875,0.06885,0.013473458937369287,2.6946917874738574,134.27617309577124,229.9842008544894,252.39029269667031,2414.842543201623,233.40943172454394,92.82093891595896,191.04207013753245,184.69631167189388,0.5944439094573056,0.9514,0.0914,0.08372287557926333,0.09970449045023735,0.00860000000000001,0.0486,0.04297853230752914,0.05491454900846843,0.0014000000000000054,0.9516,2414.842543201623,0.0914,0.08372287557926333,0.09970449045023735,0.00860000000000001,0.0484,0.04279030408863613,0.05470308430813947,0.0016000000000000042,0.9528,233.40943172454394,0.09,0.08237915058874334,0.09825036500620349,0.010000000000000009,0.0472,0.04166152580497485,0.05343370507646888,0.002800000000000004
broad,84207631,random_8x8_d5,broad:84207631:random_8x8_d5,993217497,8,8,5,640,2560,5000,5000,1.0,6.661338147750939e-14,0.11094584024052197,3.8992865875416522,0.092234375,0.000328125,0.013601167011074722,2.7202334022149444,177.96578626301078,600.6256905501385,267.9130467566886,967.1876203771776,226.76973440956021,130.35521039202698,532.5677143682036,199.9145744960803,0.6547223972180809,0.942,0.1132,0.10471318249826776,0.12228071172642839,0.01319999999999999,0.058,0.05185400973971143,0.06482463877971906,0.008,0.9426,967.1876203771776,0.1132,0.10471318249826776,0.12228071172642839,0.01319999999999999,0.0574,0.05128593705566524,0.06419363270609932,0.007399999999999997,0.9432,226.76973440956021,0.1122,0.10374783964992389,0.1212475899786624,0.012199999999999989,0.0568,0.05071806154659551,0.06356242945750312,0.0068000000000000005
broad,84207631,random_8x12_d0,broad:84207631:random_8x12_d0,3491008108,8,12,0,9600,9600,5000,5000,1.0,4.440892098500626e-16,45.96829663879804,47.59538233014831,0.0,0.0,0.017361042089760303,3.4722084179520607,335.32276505888126,349.4209612247425,670.0074278266079,19172.242714777873,645.2722288550867,273.07958259268634,287.38490192000893,559.5339851809825,0.029391977242528653,0.9614,0.0866,0.07911824725927426,0.09471648870889897,0.013400000000000009,0.0386,0.033604926130696156,0.044303509224202564,0.0114,0.9614,19172.242714777873,0.0866,0.07911824725927426,0.09471648870889897,0.013400000000000009,0.0386,0.033604926130696156,0.044303509224202564,0.0114,0.9622,645.2722288550867,0.086,0.07854316084954936,0.09409249636095791,0.014000000000000012,0.0378,0.03285878464227879,0.04345087903573201,0.012200000000000003
broad,84207631,random_8x12_d1,broad:84207631:random_8x12_d1,1117286029,8,12,1,4800,9600,5000,5000,1.0,1.3322676295501878e-15,17.532029933340635,10.957491839385916,0.0,0.0,0.01742704096250236,3.485408192500472,383.7798575854702,783.8462246510326,737.9174858523686,9246.646438496522,721.3914572712928,324.7214142379734,731.8094506237438,644.3579565219328,0.5884626091024441,0.9526,0.0984,0.09044976166527606,0.10696685653699382,0.0016000000000000042,0.0474,0.04184958432057469,0.05364533948009102,0.002600000000000005,0.9528,9246.646438496522,0.0984,0.09044976166527606,0.10696685653699382,0.0016000000000000042,0.0472,0.04166152580497485,0.05343370507646888,0.002800000000000004,0.9528,721.3914572712928,0.0974,0.08948796411595085,0.10593018949020915,0.002600000000000005,0.0472,0.04166152580497485,0.05343370507646888,0.002800000000000004
broad,84207631,random_8x12_d2,broad:84207631:random_8x12_d2,2160131639,8,12,2,2400,9600,5000,5000,1.0,2.220446049250313e-16,0.9681565783940222,1.023187411002628,0.0152125,0.009647916666666667,0.03463570901658386,6.927141803316772,407.3430950031086,1726.0550065279604,605.0824110403554,3567.306704145532,579.2131716640738,349.4672759982127,1659.1860079789017,526.7919050669097,0.7357079348973884,0.9518,0.097,0.08910331908658219,0.10551544868113384,0.0030000000000000027,0.0482,0.04260210373766007,0.05449159173989355,0.001800000000000003,0.9518,3567.306704145532,0.097,0.08910331908658219,0.10551544868113384,0.0030000000000000027,0.0482,0.04260210373766007,0.05449159173989355,0.001800000000000003,0.9524,579.2131716640738,0.0968,0.08891101254321587,0.1053080623052782,0.0032000000000000084,0.0476,0.04203767154178206,0.05385694517810563,0.0023999999999999994
broad,84207631,random_8x12_d3,broad:84207631:random_8x12_d3,3142387966,8,12,3,19200,19200,5000,5000,1.0,1.3322676295501878e-15,0.6204220114947453,0.26293028968674953,0.029104166666666667,0.03036875,0.018256832961924374,3.651366592384875,661.6143998466974,703.2243792941522,1386.7224942805667,38361.88680914018,1261.1437591983597,569.3721780975385,618.820946402917,1182.969427217072,0.04655874471331808,0.958,0.0902,0.08257107622794863,0.09845813228622019,0.009800000000000003,0.042,0.036782686294686,0.047920528686986326,0.008,0.958,38361.88680914018,0.0902,0.08257107622794863,0.09845813228622019,0.009800000000000003,0.042,0.036782686294686,0.047920528686986326,0.008,0.9586,1261.1437591983597,0.09,0.08237915058874334,0.09825036500620349,0.010000000000000009,0.0414,0.03622115480088501,0.04728298142312138,0.008600000000000003
broad,84207631,random_8x12_d4,broad:84207631:random_8x12_d4,1344375409,8,12,4,1920,3840,5000,5000,1.0,1.7763568394002505e-15,2.5982334610848534,0.006136097780150324,0.0017375,0.19795416666666665,0.01849374989978969,3.698749979957938,200.90460002405305,319.7032551442193,370.86669336069053,3617.258583479974,341.988691377726,136.30142056463006,281.96677217573654,272.76974610244315,0.5728985953321127,0.9538,0.0944,0.08660417615817816,0.10281858365965217,0.005600000000000008,0.0462,0.0407216699236964,0.05237509636163745,0.0038000000000000048,0.9538,3617.258583479974,0.0942,0.08641201089382725,0.10261105600478113,0.0058,0.0462,0.0407216699236964,0.05237509636163745,0.0038000000000000048,0.9546,341.988691377726,0.0936,0.08583558172805157,0.10198840641289085,0.006400000000000003,0.0454,0.039970320043562504,0.05152767456488344,0.0046
broad,84207631,random_8x12_d5,broad:84207631:random_8x12_d5,2081276163,8,12,5,960,3840,5000,5000,1.0,4.440892098500626e-16,0.3928672643323049,4.834256278770083,0.09244375,0.00015416666666666666,0.018190291011705995,3.638058202341199,234.93135643207646,730.0911567638427,353.99841559794027,1454.570892396987,306.12395483041746,177.95111176839288,664.7671881926915,271.948710807394,0.6498505080657269,0.9426,0.1118,0.10336176390622992,0.1208342798839124,0.011799999999999991,0.0574,0.05128593705566524,0.06419363270609932,0.007399999999999997,0.9428,1454.570892396987,0.1114,0.10297572349198636,0.120420934459712,0.011399999999999993,0.0572,0.051096623167800594,0.063983253674742,0.007199999999999998,0.9438,306.12395483041746,0.1112,0.1027827165852735,0.1202142484472029,0.011199999999999988,0.0562,0.05015038614349223,0.06293102610294048,0.006199999999999997
broad,84207631,random_10x10_d0,broad:84207631:random_10x10_d0,3228427157,10,10,0,10000,10000,5000,5000,1.0,-8.881784197001252e-16,40.52382887621952,47.323114129651685,0.0,0.0,0.019183749915100634,3.836749983020127,380.9631868285693,383.2671835631352,754.4237266256845,19974.671485208033,710.5783478755186,315.352057384213,303.805735755824,618.6992415092768,0.001505736200052455,0.9578,0.0894,0.08180344452007886,0.09762699231720202,0.010600000000000012,0.0422,0.036969931969046375,0.04813297593184792,0.007800000000000001,0.9578,19974.671485208033,0.0894,0.08180344452007886,0.09762699231720202,0.010600000000000012,0.0422,0.036969931969046375,0.04813297593184792,0.007800000000000001,0.9578,710.5783478755186,0.0892,0.08161156623219645,0.09741917768586247,0.010800000000000004,0.0422,0.036969931969046375,0.04813297593184792,0.007800000000000001
broad,84207631,random_10x10_d1,broad:84207631:random_10x10_d1,1103253058,10,10,1,5000,10000,5000,5000,1.0,-1.3322676295501878e-15,11.161749215277633,13.950642161364765,0.0,0.0,0.01840675005223602,3.681350010447204,426.14003253183256,821.4420925279037,834.5673772249089,9676.508967197082,791.6956229576634,358.32033180503646,755.2300066365663,711.2964265254859,0.5835023148078811,0.9508,0.1006,0.09256663145562494,0.10924660885808668,0.0005999999999999894,0.0492,0.04354338255549714,0.055548777518166365,0.0008000000000000021,0.9508,9676.508967197082,0.1006,0.09256663145562494,0.10924660885808668,0.0005999999999999894,0.0492,0.04354338255549714,0.055548777518166365,0.0008000000000000021,0.9512,791.6956229576634,0.1002,0.09218165360924936,0.10883220086601832,0.00019999999999999185,0.0488,0.043166788231898734,0.05512598600332083,0.0011999999999999997
broad,84207631,random_10x10_d2,broad:84207631:random_10x10_d2,3405604079,10,10,2,2500,10000,5000,5000,1.0,2.220446049250313e-16,0.6015978140310901,0.02276183686129033,0.010246,0.078606,0.01872266607824713,3.744533215649426,462.45631406148095,1665.6092159439704,682.6906568570901,3704.1247317250645,651.3145272254413,396.0215574689031,1632.733145206968,596.9391258781553,0.7523997261044619,0.952,0.0984,0.09044976166527606,0.10696685653699382,0.0016000000000000042,0.048,0.04241393141870799,0.054280071139623645,0.0020000000000000018,0.952,3704.1247317250645,0.0984,0.09044976166527606,0.10696685653699382,0.0016000000000000042,0.048,0.04241393141870799,0.054280071139623645,0.0020000000000000018,0.9526,651.3145272254413,0.0976,0.08968030254353887,0.10613754398184314,0.0023999999999999994,0.0474,0.04184958432057469,0.05364533948009102,0.002600000000000005
broad,84207631,random_10x10_d3,broad:84207631:random_10x10_d3,3180896719,10,10,3,20000,20000,5000,5000,1.0,0.0,1.9453386226919651,0.02035359656937337,0.002796,0.080328,0.0188368329545483,3.76736659090966,766.901976948226,786.5746686158363,1583.1841984484518,39974.266853723224,1480.0484478135968,705.1097134319209,700.9015030581013,1405.91154568071,0.020324725499629794,0.9504,0.1004,0.09237413744293914,0.10903940995155052,0.0003999999999999976,0.0496,0.04392008579235034,0.055971460119757115,0.0004000000000000045,0.9504,39974.266853723224,0.1004,0.09237413744293914,0.10903940995155052,0.0003999999999999976,0.0496,0.04392008579235034,0.055971460119757115,0.0004000000000000045,0.9508,1480.0484478135968,0.1004,0.09237413744293914,0.10903940995155052,0.0003999999999999976,0.0492,0.04354338255549714,0.055548777518166365,0.0008000000000000021
broad,84207631,random_10x10_d4,broad:84207631:random_10x10_d4,2542276902,10,10,4,2000,4000,5000,5000,1.0,2.375877272697835e-14,3.693042150540158,0.12313918440981614,0.000606,0.07067,0.019529332988895476,3.905866597779095,215.8030495438883,378.4813128203373,400.3952869231189,3748.588453049133,361.05661670629877,144.2838335182147,307.7426472536232,286.4367658866283,0.5935379891364568,0.9518,0.0952,0.08737294742283017,0.1036485840718881,0.004799999999999999,0.0482,0.04260210373766007,0.05449159173989355,0.001800000000000003,0.952,3748.588453049133,0.0952,0.08737294742283017,0.1036485840718881,0.004799999999999999,0.048,0.04241393141870799,0.054280071139623645,0.0020000000000000018,0.9528,361.05661670629877,0.094,0.08621985671290236,0.10240351726648403,0.006000000000000005,0.0472,0.04166152580497485,0.05343370507646888,0.002800000000000004
broad,84207631,random_10x10_d5,broad:84207631:random_10x10_d5,3063595809,10,10,5,1000,4000,5000,5000,1.0,-2.4424906541753444e-15,0.11531817910847753,7.505440377992075,0.101458,8e-06,0.01904437504708767,3.808875009417534,249.14035390701986,756.8697191058053,373.2469674857973,1505.1431152563728,331.26928687110956,182.24660057035925,700.6607020031933,279.60043104995367,0.7036879487579693,0.9472,0.1052,0.09699674290476157,0.1140094345510555,0.005199999999999996,0.0528,0.046937488516770584,0.05934914410288851,0.002799999999999997,0.9474,1505.1431152563728,0.1052,0.09699674290476157,0.1140094345510555,0.005199999999999996,0.0526,0.04674871022497823,0.05913822947545888,0.002599999999999998,0.948,331.26928687110956,0.1046,0.09641860881615973,0.11338848988199142,0.004599999999999993,0.052,0.046182524523658765,0.05850533641911242,0.001999999999999995
broad,84207631,random_10x15_d0,broad:84207631:random_10x15_d0,1921648578,10,15,0,15000,15000,5000,5000,1.0,4.440892098500626e-16,36.38490550311975,45.362613389712216,0.0,0.0,0.025347041082568467,5.069408216513693,528.3497654267886,586.5323546075796,1106.5799794051666,29973.345773915342,1042.781787670368,443.53020952782487,459.15530522567695,902.1075803284014,0.053956256256258585,0.9556,0.0874,0.07988520275826139,0.09554830488679975,0.0126,0.0444,0.039031820881426316,0.05046770913090974,0.005600000000000001,0.9556,29973.345773915342,0.0872,0.07969344539728372,0.09534036932855543,0.012800000000000006,0.0444,0.039031820881426316,0.05046770913090974,0.005600000000000001,0.956,1042.781787670368,0.0872,0.07969344539728372,0.09534036932855543,0.012800000000000006,0.044,0.03865664033773348,0.05004350383615861,0.006000000000000005
broad,84207631,random_10x15_d1,broad:84207631:random_10x15_d1,1468853771,10,15,1,7500,15000,5000,5000,1.0,-4.440892098500626e-16,14.656529165785233,7.336346068727522,0.0,2.666666666666667e-06,0.024477749946527183,4.895549989305437,695.2789184233436,1159.0448806621998,1332.9432098473064,14907.546930828594,1290.9893853361855,579.6055521234837,1091.9664999534834,1168.6917743430934,0.5309743569002147,0.957,0.0878,0.0802687542239326,0.09596413925957249,0.012200000000000003,0.043,0.0377192510877771,0.0489824284900051,0.007000000000000006,0.9572,14907.546930828594,0.0878,0.0802687542239326,0.09596413925957249,0.012200000000000003,0.0428,0.037531871295135404,0.04877011536342483,0.007200000000000005,0.9572,1290.9893853361855,0.0876,0.08007697237976286,0.09575622818452026,0.012400000000000008,0.0428,0.037531871295135404,0.04877011536342483,0.007200000000000005
broad,84207631,random_10x15_d2,broad:84207631:random_10x15_d2,3142949334,10,15,2,3750,15000,5000,5000,1.0,0.0,1.7374229769039953,0.12207649982317535,0.00406,0.033577333333333334,0.024958582944236696,4.991716588847339,774.4529054386409,2673.510844277753,1183.0799241080651,5687.053892107966,1090.5477265440086,642.0871909103757,2579.5555703288696,994.2800822469856,0.7531004903953572,0.95,0.1038,0.0956478984489612,0.11256042857230204,0.003799999999999998,0.05,0.04429689670057055,0.05639403504998086,0.0,0.95,5687.053892107966,0.1038,0.0956478984489612,0.11256042857230204,0.003799999999999998,0.05,0.04429689670057055,0.05639403504998086,0.0,0.9502,1090.5477265440086,0.1034,0.09526260160094047,0.1121463395818788,0.0034000000000000002,0.0498,0.04410847786419271,0.056182760967136716,0.00020000000000000573
broad,84207631,random_10x15_d3,broad:84207631:random_10x15_d3,175368418,10,15,3,30000,30000,5000,5000,1.0,-4.440892098500626e-16,1.8925037371809568,0.008032952272407223,0.001844,0.10715333333333334,0.02493254200089723,4.986508400179446,1101.4759108550152,1015.8077043184223,2031.1665374223087,59972.80194657728,2028.5150712659452,958.4789224513682,953.4061379114752,1911.8847286985206,-0.030351198214158326,0.9554,0.0884,0.08084417271707507,0.09658779952409598,0.0116,0.0446,0.03921945850747833,0.0506797644240797,0.005400000000000002,0.9554,59972.80194657728,0.0884,0.08084417271707507,0.09658779952409598,0.0116,0.0446,0.03921945850747833,0.0506797644240797,0.005400000000000002,0.9554,2028.5150712659452,0.0884,0.08084417271707507,0.09658779952409598,0.0116,0.0446,0.03921945850747833,0.0506797644240797,0.005400000000000002
broad,84207631,random_10x15_d4,broad:84207631:random_10x15_d4,3617006640,10,15,4,3000,6000,5000,5000,1.0,-7.416289804496046e-14,3.0800080801311807,0.0029625696679145396,0.000596,0.128848,0.025457374984398484,5.091474996879697,340.2885857872661,591.8462591855975,638.3744862614083,5611.307789795997,565.6156611557607,225.07948116888522,494.49144340881725,447.7595824173036,0.5896720419468034,0.955,0.0962,0.08833415715201101,0.10468583893881708,0.0038000000000000117,0.045,0.0395948274633155,0.051103781306686476,0.0050000000000000044,0.955,5611.307789795997,0.096,0.08814189353368367,0.1044784096379225,0.0040000000000000036,0.045,0.0395948274633155,0.051103781306686476,0.0050000000000000044,0.956,565.6156611557607,0.095,0.0871807381378733,0.10344110043762297,0.0050000000000000044,0.044,0.03865664033773348,0.05004350383615861,0.006000000000000005
broad,84207631,random_10x15_d5,broad:84207631:random_10x15_d5,1367220639,10,15,5,1500,6000,5000,5000,1.0,9.547918011776346e-14,0.21024329672821104,5.107442678071876,0.10320533333333333,9.6e-05,0.0258769589709118,5.17539179418236,384.8100775860182,1101.000353161437,586.4386254970127,2290.7730328947864,503.72156029902226,281.35870339931904,972.205145397439,439.17944152907097,0.6826847882622137,0.947,0.1046,0.09641860881615973,0.11338848988199142,0.004599999999999993,0.053,0.047126291449339705,0.05956003408954136,0.0029999999999999957,0.9474,2290.7730328947864,0.1044,0.09622591670218933,0.11318148907673983,0.004400000000000001,0.0526,0.04674871022497823,0.05913822947545888,0.002599999999999998,0.9478,503.72156029902226,0.1042,0.09603323425328442,0.11297447860642279,0.004199999999999995,0.0522,0.04637122809422762,0.05871632576776554,0.0022000000000000006
broad,84207631,random_20x20_d0,broad:84207631:random_20x20_d0,4139468303,20,20,0,40000,40000,5000,5000,1.0,-4.440892098500626e-16,30.358801143332965,33.63586432808997,0.0,0.0,0.06043916707858443,12.087833415716887,1424.50551853406,1420.9895075576392,2800.9515313145826,79972.57237975358,2719.482637069552,1161.5293881864848,1166.0097069551698,2327.538729982205,-0.007082204065488377,0.9542,0.0946,0.08679635247448181,0.1030261002625705,0.005400000000000002,0.0458,0.040345934701495674,0.05195144574539421,0.004200000000000002,0.9542,79972.57237975358,0.0946,0.08679635247448181,0.1030261002625705,0.005400000000000002,0.0458,0.040345934701495674,0.05195144574539421,0.004200000000000002,0.9544,2719.482637069552,0.0946,0.08679635247448181,0.1030261002625705,0.005400000000000002,0.0456,0.04015811220817567,0.05173957531949225,0.004400000000000001
broad,84207631,random_20x20_d1,broad:84207631:random_20x20_d1,1454902392,20,20,1,20000,40000,5000,5000,1.0,-4.440892098500626e-16,6.348127540140614,8.70984881071724,7e-06,1.5e-06,0.06024566700216383,12.049133400432765,1781.6867896638769,3143.3928743667225,3407.8313652548677,39331.70641334407,3220.3612861996835,1438.8591799103142,2883.250011131091,2896.0109637675287,0.5361760617497151,0.9546,0.0874,0.07988520275826139,0.09554830488679975,0.0126,0.0454,0.039970320043562504,0.05152767456488344,0.0046,0.9546,39331.70641334407,0.0874,0.07988520275826139,0.09554830488679975,0.0126,0.0454,0.039970320043562504,0.05152767456488344,0.0046,0.9546,3220.3612861996835,0.0874,0.07988520275826139,0.09554830488679975,0.0126,0.0454,0.039970320043562504,0.05152767456488344,0.0046
broad,84207631,random_20x20_d2,broad:84207631:random_20x20_d2,2823921965,20,20,2,10000,40000,5000,5000,1.0,5.329070518200751e-15,0.8997029658880482,0.10810416539870063,0.0061655,0.0350745,0.0624167500063777,12.48335000127554,1755.043627683169,7045.914543615555,2593.082246681456,14804.88339480621,2432.5462704447436,1440.3486859369625,6735.096589069403,2174.3256609014397,0.777224787732456,0.953,0.0992,0.09121938807647939,0.1077960018026784,0.000800000000000009,0.047,0.041473496167793764,0.05322204179442799,0.0030000000000000027,0.953,14804.88339480621,0.0992,0.09121938807647939,0.1077960018026784,0.000800000000000009,0.047,0.041473496167793764,0.05322204179442799,0.0030000000000000027,0.953,2432.5462704447436,0.099,0.0910269658890982,0.1075887310708376,0.0010000000000000009,0.047,0.041473496167793764,0.05322204179442799,0.0030000000000000027
broad,84207631,random_20x20_d3,broad:84207631:random_20x20_d3,2116051843,20,20,3,80000,80000,5000,5000,1.0,5.773159728050814e-15,0.7063397943890117,0.03635857396854389,0.0066705,0.045386,0.06312933401204646,12.625866802409291,2736.566367663729,2674.9873369525535,5430.426592787812,159970.28656568605,5324.768807216635,2467.676578991654,2484.1351232262164,4951.688951838389,-0.008133010696173667,0.9474,0.1036,0.0954552451429801,0.11235338895906116,0.003599999999999992,0.0526,0.04674871022497823,0.05913822947545888,0.002599999999999998,0.9474,159970.28656568605,0.1036,0.0954552451429801,0.11235338895906116,0.003599999999999992,0.0526,0.04674871022497823,0.05913822947545888,0.002599999999999998,0.9476,5324.768807216635,0.1036,0.0954552451429801,0.11235338895906116,0.003599999999999992,0.0524,0.04655995670627651,0.05892729007493863,0.0023999999999999994
broad,84207631,random_20x20_d4,broad:84207631:random_20x20_d4,689015007,20,20,4,8000,16000,5000,5000,1.0,-8.881784197001252e-16,4.163804666045051,0.011825202929986327,0.0002555,0.133336,0.06430304097011685,12.86060819402337,854.7856498095092,1496.3415140630423,1581.1773369537673,14869.035258240236,1424.1955974273724,560.5009508625689,1195.42796846483,1108.262869881944,0.6055851450689336,0.9496,0.0998,0.0917967165871111,0.10841775204971262,0.00020000000000000573,0.0504,0.044673814062764695,0.05681650352623067,0.0003999999999999976,0.9498,14869.035258240236,0.0998,0.0917967165871111,0.10841775204971262,0.00020000000000000573,0.0502,0.04448534215006971,0.05660528251970368,0.0001999999999999988,0.9502,1424.1955974273724,0.0998,0.0917967165871111,0.10841775204971262,0.00020000000000000573,0.0498,0.04410847786419271,0.056182760967136716,0.00020000000000000573
broad,84207631,random_20x20_d5,broad:84207631:random_20x20_d5,241610350,20,20,5,4000,16000,5000,5000,1.0,1.3322676295501878e-15,0.04552869182774607,3.9497300365503123,0.113055,0.00019,0.063246582983993,12.649316596798599,933.7463970400472,2815.9484993727965,1386.5889367898196,5994.877930670424,1176.250857394738,648.8536262942607,2512.043213425941,999.3746177836097,0.6987886070162094,0.9468,0.106,0.09776772219825865,0.11483722693444633,0.0059999999999999915,0.0532,0.04731511889160377,0.05977089956649927,0.0031999999999999945,0.9468,5994.877930670424,0.1058,0.09757496310641671,0.11463029310706631,0.0058,0.0532,0.04731511889160377,0.05977089956649927,0.0031999999999999945,0.947,1176.250857394738,0.1054,0.09718947343586365,0.1142163969391754,0.005399999999999988,0.053,0.047126291449339705,0.05956003408954136,0.0029999999999999957
hard,73105913,random_2x2_d5,hard:73105913:random_2x2_d5,3188937390,2,2,5,120,480,20000,20000,1.0,1.5543122344752192e-15,8.510855726412276,35.839337956299445,2.5e-05,0.0,0.013176457956433296,0.6588228978216648,37.94778135548628,141.99761448196458,58.83291092500897,184.2453883594996,55.53580590620085,35.07480129424485,136.91074178373475,54.18477868995288,0.8136646849249489,0.93895,0.11155,0.10726138603498997,0.11598780677699772,0.01154999999999999,0.06105,0.05781538346016495,0.06445320499348929,0.011049999999999997,0.9402,184.2453883594996,0.10995,0.10568918566487444,0.11436062166249279,0.00995,0.0598,0.05659756399820913,0.06317150454558539,0.009799999999999996,0.94555,55.53580590620085,0.1049,0.10072885421065486,0.10922289268087901,0.004899999999999988,0.05445,0.051390035464914385,0.05768108786468046,0.004449999999999996
hard,73105913,random_2x5_d5,hard:73105913:random_2x5_d5,2591547503,2,5,5,120,480,20000,20000,1.0,8.881784197001252e-16,9.077449845514473e-10,0.9260701938777481,0.30225,0.039365,0.01751191692892462,0.875595846446231,19.978671382667862,91.15943474158094,32.41640401711169,194.05518036262896,30.843682939513236,16.297490003272728,104.07467413750359,27.10252824568127,0.769994556376785,0.91275,0.1409,0.13614711605319949,0.14579080424229487,0.04089999999999999,0.08725,0.08341779998187722,0.09124072578243712,0.03724999999999999,0.914,194.05518036262896,0.1396,0.13486602397261185,0.14447239561662836,0.039599999999999996,0.086,0.08219348660334425,0.08996551925111038,0.03599999999999999,0.9266,30.843682939513236,0.12925,0.1246717179368112,0.13397067679879038,0.029249999999999998,0.0734,0.06986701565977019,0.0770968295032983,0.023400000000000004
hard,73105913,random_3x7_d5,hard:73105913:random_3x7_d5,1180591462,3,7,5,210,840,20000,20000,1.0,4.6629367034256575e-14,0.36685259139542886,5.481831455613304,0.10180238095238095,0.00021904761904761904,0.025045999907888472,1.2522999953944236,58.09708498245069,205.8017467607781,89.50392853797871,323.3866970473506,81.69523196557033,46.047600947135884,184.88709147641646,70.87829451740042,0.7020749064291788,0.9393,0.11385,0.10952192044515134,0.11832638900097826,0.013850000000000001,0.0607,0.057474353806576506,0.06409436907231703,0.010699999999999994,0.93995,323.3866970473506,0.113,0.1086864381584507,0.11746219774897429,0.012999999999999998,0.06005,0.056841095821515045,0.06342787670425142,0.010049999999999996,0.94315,81.69523196557033,0.1094,0.10514880837763654,0.1138012101893924,0.009399999999999992,0.05685,0.05372514029852582,0.06014506125799972,0.006849999999999995
hard,73105913,random_4x6_d5,hard:73105913:random_4x6_d5,1690773599,4,6,5,240,960,20000,20000,1.0,-1.0769163338864018e-13,1.548793172222043,8.684391110451767,0.017710416666666666,1.25e-05,0.027686625020578504,1.3843312510289252,74.40166800686163,205.79718948290628,114.98737108039231,371.9505999951418,102.4977900739669,52.41275104460013,187.081103991529,83.17971242121824,0.6804705801395086,0.94605,0.1028,0.09866703470056802,0.1070855187424015,0.002799999999999997,0.05395,0.05090376658630195,0.057167548779348994,0.003949999999999995,0.94645,371.9505999951418,0.1021,0.09797988193700699,0.10637294035644107,0.0020999999999999908,0.05355,0.05051480544745436,0.05675666354704147,0.0035499999999999976,0.9483,102.4977900739669,0.09965,0.09557533225981617,0.10387843101030682,0.0003500000000000031,0.0517,0.04871649951539003,0.05485568001251338,0.0017000000000000001
hard,73105913,random_5x5_d5,hard:73105913:random_5x5_d5,4277464124,5,5,5,250,1000,20000,20000,1.0,7.105427357601002e-15,0.01612620926478536,6.159813484373401,0.256838,9.2e-05,0.029842707910574973,1.4921353955287486,89.58119465654853,242.6683400306219,145.3842312945942,406.65865617974174,141.69834012422103,88.03761737860656,225.99787515004465,142.15087313688235,0.43803023239070155,0.93695,0.1166,0.11222548237056013,0.12112177087726089,0.01659999999999999,0.06305,0.059764709531786975,0.06650311077764287,0.013049999999999992,0.938,406.65865617974174,0.11595,0.11158638624392571,0.12046111665076827,0.015949999999999992,0.062,0.058741190364769914,0.06542703322037775,0.011999999999999997,0.94015,141.69834012422103,0.11445,0.11011171969240174,0.11893635931046054,0.01444999999999999,0.05985,0.05664626906811666,0.06322278027207226,0.009849999999999998
hard,73105913,random_5x10_d5,hard:73105913:random_5x10_d5,892851312,5,10,5,500,2000,20000,20000,1.0,-4.440892098500626e-16,0.3093510450548433,2.9634601179092894,0.08203,0.002192,0.04365783301182091,2.1828916505910456,107.27718471205411,450.5567001841332,149.2319714373627,695.7935233056146,138.35467123460649,78.9724227308848,425.28335103100403,111.2749306256293,0.7710801913331701,0.94465,0.10835,0.10411727483167017,0.11273314701107658,0.008349999999999996,0.05535,0.052265505399823387,0.05860527226487046,0.005350000000000001,0.9452,695.7935233056146,0.108,0.10377345848431538,0.11237709778367067,0.007999999999999993,0.0548,0.05173046779334236,0.0580405211110132,0.004799999999999999,0.9467,138.35467123460649,0.10615,0.10195638058866752,0.1104948862127261,0.006149999999999989,0.0533,0.05027172934079895,0.05649983567172493,0.0032999999999999974
hard,84207631,random_2x2_d5,hard:84207631:random_2x2_d5,399441459,2,2,5,120,480,20000,20000,1.0,5.67323965583455e-14,6.127156145376954,52.13612147580485,0.0004375,0.0,0.0133157919626683,0.665789598133415,33.780724589248216,132.94185995869063,50.66750262894248,178.13569429307364,48.25133769022224,31.496779695618578,130.1668439273497,46.979964158350995,0.8166991198768103,0.9362,0.11565,0.11129143381480254,0.1201561843015251,0.015649999999999997,0.0638,0.06049595770637598,0.06727157454896969,0.013799999999999993,0.93805,178.13569429307364,0.114,0.10966936662088886,0.11847888521442393,0.013999999999999999,0.06195,0.05869245809169862,0.06537578469705466,0.011949999999999995,0.94525,48.25133769022224,0.1077,0.10347877004512593,0.11207190144449378,0.0076999999999999985,0.05475,0.05168183239470021,0.05798917571326096,0.004749999999999997
hard,84207631,random_2x5_d5,hard:84207631:random_2x5_d5,907076461,2,5,5,120,480,20000,20000,1.0,-1.7763568394002505e-14,1.165785899521863,7.105392992220263,0.04714,9.5e-05,0.017560333013534546,0.8780166506767273,49.82362661896979,198.61174533499877,78.20396853382873,186.98083465442272,74.1763865448741,48.283062687036704,189.6823477029216,74.13307256697233,0.4872869414037149,0.92535,0.12835,0.12378570705370467,0.13305703334679791,0.028349999999999986,0.07465,0.07108860428065986,0.07837476079226832,0.02464999999999999,0.92735,186.98083465442272,0.1264,0.121866274835415,0.13107721450570645,0.026400000000000007,0.07265,0.06913420838745188,0.07632992482970077,0.022650000000000003,0.9311,74.1763865448741,0.1225,0.1180284941470996,0.1271164930752594,0.022499999999999992,0.0689,0.06547187483594068,0.07249369865163273,0.0189
hard,84207631,random_3x7_d5,hard:84207631:random_3x7_d5,1613511854,3,7,5,210,840,20000,20000,1.0,-1.7763568394002505e-15,0.2804661292698374,1.9295737296783566,0.1372952380952381,0.007057142857142857,0.025932749966159463,1.2966374983079731,42.45367791000262,230.5209037385167,66.47464618988779,326.4508589399149,58.672407840155046,38.980298125309695,218.54182537001108,60.8626472578547,0.642933233034386,0.9431,0.10935,0.10509968487392367,0.11375035289671089,0.009349999999999997,0.0569,0.0537738057258873,0.060196376627032616,0.006899999999999996,0.9441,326.4508589399149,0.1088,0.10455934516608527,0.113190903844211,0.008799999999999988,0.0559,0.052800630551061545,0.05916993587397058,0.0058999999999999955,0.94785,58.672407840155046,0.10475,0.10058156362179722,0.10907024088055349,0.00474999999999999,0.05215,0.04915382695389645,0.05531817974155647,0.002149999999999999
hard,84207631,random_4x6_d5,hard:84207631:random_4x6_d5,2847298052,4,6,5,240,960,20000,20000,1.0,-8.881784197001252e-16,0.08572716066576945,8.111479369603169,0.17030208333333333,1.0416666666666666e-05,0.028021167032420635,1.4010583516210318,85.97224260280524,270.83700167258445,128.7018454318286,359.990330175473,111.80961041150171,64.53180073908533,248.91379269722142,97.50945827799659,0.7148621455124546,0.9413,0.1098,0.10554180663877362,0.11420805829941043,0.00979999999999999,0.0587,0.05552621799488649,0.06204327302823146,0.0087,0.9421,359.990330175473,0.1092,0.10495231607212606,0.11359777930932531,0.0092,0.0579,0.05474725927197293,0.06122253900883478,0.007899999999999997,0.94425,111.80961041150171,0.10745,0.10323320433388619,0.11181756317376154,0.007449999999999998,0.05575,0.05265467871563882,0.059015945320210136,0.005749999999999998
hard,84207631,random_5x5_d5,hard:84207631:random_5x5_d5,4178836167,5,5,5,250,1000,20000,20000,1.0,-6.972200594645983e-14,0.4693042325543801,7.174301281159067,0.090058,6.8e-05,0.029703332926146686,1.4851666463073343,59.20875892193398,274.0578734044198,90.31937452514227,380.8144025291154,83.20290183274227,49.02999409293965,252.79633422227968,74.74871128278046,0.5682177463433388,0.94295,0.1122,0.10790017388726783,0.11664876927784693,0.012199999999999989,0.05705,0.05391980617972807,0.060350318562375015,0.007049999999999994,0.9437,380.8144025291154,0.11125,0.10696657666398257,0.11568273136963877,0.011249999999999996,0.0563,0.05318986677259335,0.0595805460235939,0.0063,0.9463,83.20290183274227,0.1074,0.10318409206520253,0.11176669464605084,0.00739999999999999,0.0537,0.050660660216361786,0.05691075116731721,0.003699999999999995
hard,84207631,random_5x10_d5,hard:84207631:random_5x10_d5,2600759017,5,10,5,500,2000,20000,20000,1.0,8.881784197001252e-16,0.22626421541509667,9.837706212402924,0.157677,4e-06,0.044216457987204194,2.2108228993602097,133.48560999500947,389.0367825879517,205.2125399856072,770.2976180940735,179.58101262267328,97.0080342295131,356.95071087805195,150.79077764512587,0.6883663039929566,0.9447,0.11035,0.1060822088291133,0.11476744486940903,0.010349999999999998,0.0553,0.05221686198141197,0.058553934886887496,0.005299999999999999,0.94515,770.2976180940735,0.1098,0.10554180663877362,0.11420805829941043,0.00979999999999999,0.05485,0.05177910392574305,0.058091865775006905,0.00485,0.9465,179.58101262267328,0.10815,0.10392080661416334,0.11252969204300586,0.00814999999999999,0.0535,0.050466188705964386,0.05670529949213705,0.003499999999999996
strong,73105913,strong_random_2x2_d0,strong:73105913:strong_random_2x2_d0,3530711560,2,2,0,400,400,5000,5000,1.0,0.0,68.62890458840818,68.62890458840818,0.0,0.0,0.003492249990813434,0.6984499981626868,14.16760811006479,14.238731179654632,28.432112313061356,771.8416567951716,27.28500126564257,13.13967511929898,13.13967511929898,26.27935023859796,0.014119418381348227,0.9554,0.0912,0.0835308799658389,0.09949679314443981,0.008800000000000002,0.0446,0.03921945850747833,0.0506797644240797,0.005400000000000002,0.9556,771.8416567951716,0.0906,0.08295496271923773,0.09887363163337505,0.009400000000000006,0.0444,0.039031820881426316,0.05046770913090974,0.005600000000000001,0.9642,27.28500126564257,0.0794,0.07222490060832917,0.08722089026785287,0.020600000000000007,0.0358,0.030996250022910007,0.041316484462881026,0.014200000000000004
strong,73105913,strong_random_2x2_d1,strong:73105913:strong_random_2x2_d1,2766861259,2,2,1,200,400,5000,5000,1.0,0.0,30.08017762780793,60.16035525561586,0.0,0.0,0.0034522080095484853,0.6904416019096971,18.819938010963586,36.03012911950639,37.49738313288508,400.5526542935131,35.86014136716747,17.493625628912824,34.98725125782565,34.98725125782565,0.5684645839268072,0.9466,0.104,0.09584056149398838,0.11276745844649684,0.00399999999999999,0.0534,0.0475039707136969,0.059981740663628116,0.0034000000000000002,0.9474,400.5526542935131,0.1034,0.09526260160094047,0.1121463395818788,0.0034000000000000002,0.0526,0.04674871022497823,0.05913822947545888,0.002599999999999998,0.9542,35.86014136716747,0.0986,0.09064215265544256,0.10717415846604927,0.0014000000000000123,0.0458,0.040345934701495674,0.05195144574539421,0.004200000000000002
strong,73105913,strong_random_2x2_d2,strong:73105913:strong_random_2x2_d2,3164224237,2,2,2,120,480,5000,5000,1.0,0.0,0.03544053530959799,0.14176214123839195,0.24045,0.21705,0.003439792082644999,0.6879584165289998,32.25061163150978,78.59784752736957,49.482480253964575,184.983933269966,58.25835677559362,12.051763271127026,48.207053084508104,18.54117426327235,0.6639056581661847,0.9416,0.109,0.10066023233412806,0.11794011058690658,0.008999999999999994,0.0584,0.05223283299055025,0.06524520136732419,0.008399999999999998,0.9434,184.983933269966,0.1074,0.0991172997701778,0.11628549979708103,0.00739999999999999,0.0566,0.05052881403128711,0.06335198405358955,0.006599999999999995,0.947,58.25835677559362,0.1052,0.09699674290476157,0.1140094345510555,0.005199999999999996,0.053,0.047126291449339705,0.05956003408954136,0.0029999999999999957
strong,73105913,strong_random_2x2_d3,strong:73105913:strong_random_2x2_d3,1818450863,2,2,3,800,800,5000,5000,1.0,0.0,21.60924039501662,21.60924039501662,0.0,0.0,0.0034089579712599516,0.6817915942519903,33.91317099921698,35.202889887690304,68.86823391638262,1576.7440678004502,67.39790973291548,33.02371663331158,33.02371663331158,66.04743326662317,0.023042500969777748,0.9538,0.097,0.08910331908658219,0.10551544868113384,0.0030000000000000027,0.0462,0.0407216699236964,0.05237509636163745,0.0038000000000000048,0.954,1576.7440678004502,0.0968,0.08891101254321587,0.1053080623052782,0.0032000000000000084,0.046,0.040533787335377866,0.052163286030734,0.0040000000000000036,0.9566,67.39790973291548,0.0924,0.0846830261007529,0.10074280452485768,0.0076000000000000095,0.0434,0.0380941093753608,0.04940695604086537,0.006600000000000002
strong,73105913,strong_random_2x2_d4,strong:73105913:strong_random_2x2_d4,1965827427,2,2,4,120,240,5000,5000,1.0,0.0,16.639799244149383,33.27959848829877,0.0,0.0,0.0034297090023756027,0.6859418004751205,11.905991869811071,21.979331708300077,23.297448887665038,236.26289714344216,22.276615812421472,10.473743626486902,20.947487252973804,20.94748725297381,0.5781836456631871,0.9466,0.1058,0.09757496310641671,0.11463029310706631,0.0058,0.0534,0.0475039707136969,0.059981740663628116,0.0034000000000000002,0.9484,236.26289714344216,0.1052,0.09699674290476157,0.1140094345510555,0.005199999999999996,0.0516,0.04580519305269662,0.0580832820516306,0.0015999999999999973,0.9594,22.276615812421472,0.0934,0.08564346098790362,0.10178083423381681,0.006600000000000009,0.0406,0.03547293459896256,0.046432429948155926,0.009400000000000006
strong,73105913,strong_random_2x2_d5,strong:73105913:strong_random_2x2_d5,1590133103,2,2,5,120,480,5000,5000,1.0,0.0,8.510855726412276,34.0434229056491,0.0001,0.0,0.0034642498940229416,0.6928499788045883,38.12664785261213,142.76571231941622,58.75619051178381,183.51157718283227,55.070534882091565,35.07480129424485,140.2992051769794,53.96123276037667,0.8076430762122275,0.939,0.1112,0.1027827165852735,0.1202142484472029,0.011199999999999988,0.061,0.0546972332830901,0.06797680902467004,0.010999999999999996,0.9408,183.51157718283227,0.1092,0.10085314022754296,0.11814689561271366,0.0092,0.0592,0.052990735279565715,0.06608607075519664,0.0092,0.9448,55.070534882091565,0.1044,0.09622591670218933,0.11318148907673983,0.004400000000000001,0.0552,0.049204713358980225,0.061878234291342586,0.005199999999999996
strong,73105913,strong_random_2x5_d0,strong:73105913:strong_random_2x5_d0,52361969,2,5,0,1000,1000,5000,5000,1.0,0.0,53.987754099220176,53.987754099220176,0.0,0.0,0.004541917005553842,0.9083834011107683,38.26420410782079,37.06292979282565,74.16110867144471,1975.2859265692791,72.97585025530196,33.92317174072826,33.92317174072826,67.8463434814565,-0.013015332033303142,0.9568,0.0902,0.08257107622794863,0.09845813228622019,0.009800000000000003,0.0432,0.03790666385366587,0.04919470864333832,0.0068000000000000005,0.9568,1975.2859265692791,0.0902,0.08257107622794863,0.09845813228622019,0.009800000000000003,0.0432,0.03790666385366587,0.04919470864333832,0.0068000000000000005,0.9596,72.97585025530196,0.0878,0.0802687542239326,0.09596413925957249,0.012200000000000003,0.0404,0.035285968403331106,0.04621970322456541,0.009600000000000004
strong,73105913,strong_random_2x5_d1,strong:73105913:strong_random_2x5_d1,3782193561,2,5,1,500,1000,5000,5000,1.0,0.0,14.548331478005903,29.096662956011805,0.0,0.0,0.004522499977611005,0.9044999955222011,57.251707547065955,110.62854907420437,113.88788842210135,991.3592874101014,107.99108263369371,51.21121371219851,102.42242742439701,102.422427424397,0.5780089202435996,0.9468,0.103,0.09487734390886227,0.11173221143551307,0.002999999999999989,0.0532,0.04731511889160377,0.05977089956649927,0.0031999999999999945,0.9468,991.3592874101014,0.1026,0.09449212557428167,0.1113180439316497,0.002599999999999991,0.0532,0.04731511889160377,0.05977089956649927,0.0031999999999999945,0.9502,107.99108263369371,0.1008,0.09275913562040934,0.10945379761252426,0.0007999999999999952,0.0498,0.04410847786419271,0.056182760967136716,0.00020000000000000573
strong,73105913,strong_random_2x5_d2,strong:73105913:strong_random_2x5_d2,1242428717,2,5,2,250,1000,5000,5000,1.0,0.0,1.4512867385085475,5.80514695403419,0.02272,0.00024,0.004528166027739644,0.9056332055479288,85.57633566191039,328.9874947002921,132.45674690962613,384.49640295809536,128.7749610457144,79.7042371146698,318.8169484586792,122.62190325333815,0.7088815367671474,0.9434,0.111,0.1025897185733455,0.12000755353990891,0.010999999999999996,0.0566,0.05052881403128711,0.06335198405358955,0.006599999999999995,0.9442,384.49640295809536,0.1106,0.10220374931793917,0.11959413695687128,0.010599999999999998,0.0558,0.04977204852711962,0.06250997788086914,0.0058,0.9456,128.7749610457144,0.1082,0.099888692291972,0.11711287895217473,0.008199999999999999,0.0544,0.048448591059440875,0.06103558491399403,0.004399999999999994
strong,73105913,strong_random_2x5_d3,strong:73105913:strong_random_2x5_d3,2715510574,2,5,3,2000,2000,5000,5000,1.0,0.0,9.431880451919957,9.431880451919957,0.0,0.0,0.004261666908860207,0.8523333817720413,85.99255039932203,84.27928424265511,174.2338856827362,3976.1078217092027,167.15429778637827,79.11603700277631,79.11603700277631,158.2320740055526,-0.012936981911208213,0.9494,0.0996,0.09160426345312381,0.10821051226447792,0.00040000000000001146,0.0506,0.044862312290198145,0.0570276982180192,0.0005999999999999964,0.9494,3976.1078217092027,0.0996,0.09160426345312381,0.10821051226447792,0.00040000000000001146,0.0506,0.044862312290198145,0.0570276982180192,0.0005999999999999964,0.9514,167.15429778637827,0.0974,0.08948796411595085,0.10593018949020915,0.002600000000000005,0.0486,0.04297853230752914,0.05491454900846843,0.0014000000000000054
strong,73105913,strong_random_2x5_d4,strong:73105913:strong_random_2x5_d4,1738385537,2,5,4,200,400,5000,5000,1.0,0.0,1.6672591761288047,3.3345183522576094,0.01784,0.00346,0.004456709022633731,0.8913418045267463,21.019898157504223,39.79806982570763,41.68088378430432,398.87644270302553,39.45212731667385,18.296693884057092,36.593387768114184,36.593387768114184,0.487686719712639,0.94,0.1122,0.10374783964992389,0.1212475899786624,0.012199999999999989,0.06,0.05374897325570842,0.06692660445594185,0.009999999999999995,0.9408,398.87644270302553,0.1116,0.10316873927257678,0.12062761159834356,0.0116,0.0592,0.052990735279565715,0.06608607075519664,0.0092,0.9492,39.45212731667385,0.106,0.09776772219825865,0.11483722693444633,0.0059999999999999915,0.0508,0.04505083668536068,0.057238866742078634,0.0007999999999999952
strong,73105913,strong_random_2x5_d5,strong:73105913:strong_random_2x5_d5,451642992,2,5,5,120,480,5000,5000,1.0,0.0,9.077449845514473e-10,3.6309799382057894e-09,0.30236,0.2994,0.004527999903075397,0.9055999806150794,20.522940611659305,71.62129448235194,31.19542901956215,182.77505118842254,28.95868023540687,16.297490003272728,65.18996001309091,25.0730615434965,0.7649343297690169,0.9298,0.119,0.11031637850955724,0.12826861037257625,0.01899999999999999,0.0702,0.0634434723454752,0.07761644424649589,0.020199999999999996,0.9316,182.77505118842254,0.1176,0.10896323899606583,0.12682389945151384,0.01759999999999999,0.0684,0.061729279053560085,0.07573340126541321,0.0184,0.9432,28.95868023540687,0.1078,0.09950297750115336,0.1166992079045494,0.007800000000000001,0.0568,0.05071806154659551,0.06356242945750312,0.0068000000000000005
strong,73105913,strong_random_3x3_d0,strong:73105913:strong_random_3x3_d0,4193907479,3,3,0,900,900,5000,5000,1.0,0.0,42.44565725876529,42.44565725876529,0.0,0.0,0.00459537492133677,0.919074984267354,40.37363268568659,40.853947696436016,79.56924761856077,1778.8348247733431,77.05791957734334,36.25399414338414,36.25399414338414,72.5079882867683,0.006510659236770403,0.9554,0.094,0.08621985671290236,0.10240351726648403,0.006000000000000005,0.0446,0.03921945850747833,0.0506797644240797,0.005400000000000002,0.9556,1778.8348247733431,0.094,0.08621985671290236,0.10240351726648403,0.006000000000000005,0.0444,0.039031820881426316,0.05046770913090974,0.005600000000000001,0.9586,77.05791957734334,0.0916,0.08391488273466795,0.0999121762140547,0.008400000000000005,0.0414,0.03622115480088501,0.04728298142312138,0.008600000000000003
strong,73105913,strong_random_3x3_d1,strong:73105913:strong_random_3x3_d1,3319216304,3,3,1,450,900,5000,5000,1.0,0.0,16.766520454824494,33.53304090964899,0.0,0.0,0.0045071670319885015,0.9014334063977003,43.384541002078095,80.56315399941057,84.79020142468966,895.4147186359016,84.86894265084128,39.95004340644835,79.9000868128967,79.9000868128967,0.5583479948772027,0.9494,0.099,0.0910269658890982,0.1075887310708376,0.0010000000000000009,0.0506,0.044862312290198145,0.0570276982180192,0.0005999999999999964,0.9494,895.4147186359016,0.0982,0.09025738113052353,0.10675954415252437,0.00180000000000001,0.0506,0.044862312290198145,0.0570276982180192,0.0005999999999999964,0.9536,84.86894265084128,0.0944,0.08660417615817816,0.10281858365965217,0.005600000000000008,0.0464,0.04090958228231389,0.05258687692224192,0.003600000000000006
strong,73105913,strong_random_3x3_d2,strong:73105913:strong_random_3x3_d2,2205292442,3,3,2,225,900,5000,5000,1.0,0.0,4.915207185929716,19.660828743718863,0.001,0.0,0.004666749970056117,0.9333499940112233,71.30741227546031,261.5349369256611,109.23019258573468,343.6225381449727,107.57639824637218,64.19596505701524,256.783860228061,98.76302316463884,0.7575059495180445,0.938,0.1156,0.10703088700143773,0.12475932225392217,0.015599999999999989,0.062,0.055645996304359874,0.06902651059951016,0.011999999999999997,0.9392,343.6225381449727,0.1154,0.1068376979954951,0.12455281834064282,0.015399999999999997,0.0608,0.054507540668491145,0.06776680872004703,0.010799999999999997,0.9404,107.57639824637218,0.1124,0.10394089071879224,0.121454231829016,0.012399999999999994,0.0596,0.0533698127022566,0.06650637917094972,0.009599999999999997
strong,73105913,strong_random_3x3_d3,strong:73105913:strong_random_3x3_d3,1940300122,3,3,3,1800,1800,5000,5000,1.0,0.0,12.713562664225133,12.713562664225133,0.0,0.0,0.004407624946907163,0.8815249893814325,66.01440010675226,68.22371119047769,133.40004803027125,3573.96098427338,131.33492898516795,63.272430381142875,63.272430381142875,126.54486076228575,0.0025328428204347774,0.9516,0.095,0.0871807381378733,0.10344110043762297,0.0050000000000000044,0.0484,0.04279030408863613,0.05470308430813947,0.0016000000000000042,0.9516,3573.96098427338,0.0948,0.08698853981142897,0.10323360584484532,0.00520000000000001,0.0484,0.04279030408863613,0.05470308430813947,0.0016000000000000042,0.954,131.33492898516795,0.0908,0.08314692350146155,0.09908136377037322,0.0092,0.046,0.040533787335377866,0.052163286030734,0.0040000000000000036
strong,73105913,strong_random_3x3_d4,strong:73105913:strong_random_3x3_d4,3704071509,3,3,4,180,360,5000,5000,1.0,0.0,6.245453348017342,12.490906696034685,0.00037777777777777777,0.0,0.004564541042782366,0.9129082085564733,28.883802508797643,51.46593192762375,55.116103500983314,349.7373730696078,47.63797279836699,21.465839118665816,42.93167823733163,42.93167823733163,0.5498018521136862,0.948,0.097,0.08910331908658219,0.10551544868113384,0.0030000000000000027,0.052,0.046182524523658765,0.05850533641911242,0.001999999999999995,0.9492,349.7373730696078,0.0962,0.08833415715201101,0.10468583893881708,0.0038000000000000117,0.0508,0.04505083668536068,0.057238866742078634,0.0007999999999999952,0.9574,47.63797279836699,0.0904,0.08276301361645519,0.09866588781693558,0.009600000000000011,0.0426,0.03734452469569485,0.04855776904364341,0.007400000000000004
strong,73105913,strong_random_3x3_d5,strong:73105913:strong_random_3x3_d5,1315045197,3,3,5,120,480,5000,5000,1.0,0.0,1.1662084585917856,4.664833834367142,0.07013333333333334,0.0009777777777777777,0.004785874974913895,0.957174994982779,34.20490316204768,136.83891175277736,53.0436870775861,186.38747695417405,59.06415818627303,35.16781762946304,140.67127051785215,54.10433481455851,0.5025793378493049,0.9302,0.123,0.11418466978956499,0.13239417747700805,0.022999999999999993,0.0698,0.06306242296201776,0.07719810779150939,0.019799999999999998,0.9324,186.38747695417405,0.1222,0.11341075757583892,0.13156931801384622,0.022199999999999998,0.0676,0.06096785843452042,0.07489605020756494,0.01759999999999999,0.9374,59.06415818627303,0.118,0.10934980921261131,0.1272367150734123,0.017999999999999988,0.0626,0.05621549083520565,0.06965609482633033,0.0126
strong,73105913,strong_random_3x7_d0,strong:73105913:strong_random_3x7_d0,3223168395,3,7,0,2100,2100,5000,5000,1.0,0.0,53.22356969942915,53.22356969942915,0.0,0.0,0.0062256669625639915,1.2451333925127983,69.70674303487036,72.5336930412319,141.42105046378072,4170.045317101877,140.8189099828886,62.90302318514809,62.90302318514809,125.80604637029616,0.0200650410811716,0.9554,0.0938,0.08602771364704209,0.10219596741312231,0.006200000000000011,0.0446,0.03921945850747833,0.0506797644240797,0.005400000000000002,0.9554,4170.045317101877,0.0934,0.08564346098790362,0.10178083423381681,0.006600000000000009,0.0446,0.03921945850747833,0.0506797644240797,0.005400000000000002,0.957,140.8189099828886,0.0926,0.08487509046113607,0.10095043308369646,0.007400000000000004,0.043,0.0377192510877771,0.0489824284900051,0.007000000000000006
strong,73105913,strong_random_3x7_d1,strong:73105913:strong_random_3x7_d1,161410339,3,7,1,1050,2100,5000,5000,1.0,0.0,20.980010614147396,41.96002122829479,0.0,0.0,0.006952084018848836,1.3904168037697673,107.34832691436979,190.35648610515398,208.63894821484172,2067.388433070958,199.21300576716985,91.70027035586683,183.40054071173367,183.4005407117337,0.5557353846537734,0.9524,0.096,0.08814189353368367,0.1044784096379225,0.0040000000000000036,0.0476,0.04203767154178206,0.05385694517810563,0.0023999999999999994,0.9528,2067.388433070958,0.096,0.08814189353368367,0.1044784096379225,0.0040000000000000036,0.0472,0.04166152580497485,0.05343370507646888,0.002800000000000004,0.9536,199.21300576716985,0.094,0.08621985671290236,0.10240351726648403,0.006000000000000005,0.0464,0.04090958228231389,0.05258687692224192,0.003600000000000006
strong,73105913,strong_random_3x7_d2,strong:73105913:strong_random_3x7_d2,4096315162,3,7,2,525,2100,5000,5000,1.0,0.0,6.407523126226128,25.63009250490451,0.00011428571428571428,0.0,0.006275749998167157,1.2551499996334314,136.98362378760206,501.20323299975877,208.40975922877195,796.4693741552535,207.86523758165794,123.4036809367034,493.6147237468136,189.8518168256975,0.7696213019729008,0.941,0.1096,0.10123898331972772,0.11856043835897284,0.009599999999999997,0.059,0.052801227987900407,0.06587588512763998,0.008999999999999994,0.9414,796.4693741552535,0.1096,0.10123898331972772,0.11856043835897284,0.009599999999999997,0.0586,0.05242227674243233,0.0654554505346641,0.008599999999999997,0.9424,207.86523758165794,0.1076,0.09931013399186059,0.11649235849462022,0.007599999999999996,0.0576,0.05147527285124603,0.06440398982974052,0.007599999999999996
strong,73105913,strong_random_3x7_d3,strong:73105913:strong_random_3x7_d3,1508166361,3,7,3,4200,4200,5000,5000,1.0,0.0,1.4063501229969626,1.4063501229969626,0.02298095238095238,0.02260952380952381,0.006406209082342684,1.2812418164685369,186.33450011950364,181.33335335916522,366.7780400594578,8378.084362325728,344.5018488652455,166.494435332329,166.494435332329,332.988870664658,-0.01516527792051163,0.9526,0.0956,0.0877573987451443,0.1040635185880179,0.004400000000000001,0.0474,0.04184958432057469,0.05364533948009102,0.002600000000000005,0.9526,8378.084362325728,0.0956,0.0877573987451443,0.1040635185880179,0.004400000000000001,0.0474,0.04184958432057469,0.05364533948009102,0.002600000000000005,0.9532,344.5018488652455,0.0946,0.08679635247448181,0.1030261002625705,0.005400000000000002,0.0468,0.041285495583661055,0.05301034945933872,0.0032000000000000015
strong,73105913,strong_random_3x7_d4,strong:73105913:strong_random_3x7_d4,3700171322,3,7,4,420,840,5000,5000,1.0,0.0,4.850998992813055,9.70199798562611,0.00046666666666666666,0.0,0.0063136250246316195,1.262725004926324,58.090294761852576,97.68702961607677,109.3763751344592,812.0312776003435,100.10989827304546,42.356361100512906,84.71272220102581,84.71272220102581,0.5454037088724903,0.9498,0.1006,0.09256663145562494,0.10924660885808668,0.0005999999999999894,0.0502,0.04448534215006971,0.05660528251970368,0.0001999999999999988,0.95,812.0312776003435,0.1,0.09198917998158554,0.10862498157446016,0.0,0.05,0.04429689670057055,0.05639403504998086,0.0,0.9524,100.10989827304546,0.0966,0.08871871668658596,0.10510066524268613,0.0034000000000000002,0.0476,0.04203767154178206,0.05385694517810563,0.0023999999999999994
strong,73105913,strong_random_3x7_d5,strong:73105913:strong_random_3x7_d5,2966246311,3,7,5,210,840,5000,5000,1.0,0.0,0.36685259139542886,1.4674103655817154,0.10044761904761905,0.01819047619047619,0.006394875003024936,1.2789750006049871,57.7960891868491,193.43003060990603,89.125885505292,321.6525388412598,80.52894852301623,46.047600947135884,184.19040378854353,70.84246299559366,0.6975760068239697,0.9344,0.1188,0.11012304829281917,0.12806224767009233,0.018799999999999997,0.0656,0.05906553769029381,0.07280144175957183,0.015600000000000003,0.9356,321.6525388412598,0.117,0.10838344573416357,0.12620461395575017,0.017,0.0644,0.0579250130777428,0.07154380885679097,0.014399999999999996,0.9396,80.52894852301623,0.114,0.10548561331637654,0.12310705258520754,0.013999999999999999,0.0604,0.05412821616515825,0.06734674738493598,0.0104
strong,73105913,strong_random_4x6_d0,strong:73105913:strong_random_4x6_d0,4171485961,4,6,0,2400,2400,5000,5000,1.0,0.0,46.97476390691694,46.97476390691694,0.0,0.0,0.006889625103212893,1.3779250206425786,103.61149293735124,98.12365341416765,200.86256621750263,4776.399175157787,193.1783981727786,88.06698579789676,88.06698579789676,176.13397159579353,-0.019804458868297452,0.9528,0.0982,0.09025738113052353,0.10675954415252437,0.00180000000000001,0.0472,0.04166152580497485,0.05343370507646888,0.002800000000000004,0.9528,4776.399175157787,0.0982,0.09025738113052353,0.10675954415252437,0.00180000000000001,0.0472,0.04166152580497485,0.05343370507646888,0.002800000000000004,0.9534,193.1783981727786,0.0968,0.08891101254321587,0.1053080623052782,0.0032000000000000084,0.0466,0.04109752422905178,0.05279862789472602,0.0034000000000000002
strong,73105913,strong_random_4x6_d1,strong:73105913:strong_random_4x6_d1,2781960879,4,6,1,1200,2400,5000,5000,1.0,0.0,14.35367658070443,28.70735316140886,0.0,0.0,0.006744624930433929,1.3489249860867858,122.80428578418984,226.2796158608638,239.58195058420426,2364.9042727578626,227.12594823431698,103.9233474455634,207.8466948911268,207.84669489112676,0.5657002999288352,0.955,0.0918,0.08410690139814984,0.10011985046979481,0.008199999999999999,0.045,0.0395948274633155,0.051103781306686476,0.0050000000000000044,0.9554,2364.9042727578626,0.0914,0.08372287557926333,0.09970449045023735,0.00860000000000001,0.0446,0.03921945850747833,0.0506797644240797,0.005400000000000002,0.9562,227.12594823431698,0.0906,0.08295496271923773,0.09887363163337505,0.009400000000000006,0.0438,0.03846909782873126,0.04983135342593886,0.006200000000000004
strong,73105913,strong_random_4x6_d2,strong:73105913:strong_random_4x6_d2,3655251979,4,6,2,600,2400,5000,5000,1.0,0.0,1.1500041727092334,4.6000166908369335,0.01365,0.00035833333333333333,0.007127374992705882,1.4254749985411763,155.7673293560971,613.2338181961701,238.0736223803196,913.5022537664106,237.8901732364815,150.82574899601218,603.3029959840487,232.03961384001875,0.6731752078723753,0.9434,0.1066,0.0983460562167133,0.11545797167365762,0.006599999999999995,0.0566,0.05052881403128711,0.06335198405358955,0.006599999999999995,0.9436,913.5022537664106,0.1062,0.09796049076292289,0.11504415128900407,0.006199999999999997,0.0564,0.05033958885978194,0.06314151630587274,0.006399999999999996,0.9448,237.8901732364815,0.105,0.09680402194170139,0.11380246259489372,0.0049999999999999906,0.0552,0.049204713358980225,0.061878234291342586,0.005199999999999996
strong,73105913,strong_random_4x6_d3,strong:73105913:strong_random_4x6_d3,2307307102,4,6,3,4800,4800,5000,5000,1.0,0.0,4.827121290552921,4.827121290552921,0.0003,0.000325,0.006991041940636933,1.3982083881273866,170.19570856425264,177.52413121987342,347.39143050791995,9572.34397720427,344.60840062675607,162.65491494731708,162.65491494731708,325.3098298946342,0.018789979898043686,0.95,0.0994,0.0914118206070568,0.10800326219132297,0.0006000000000000033,0.05,0.04429689670057055,0.05639403504998086,0.0,0.95,9572.34397720427,0.0994,0.0914118206070568,0.10800326219132297,0.0006000000000000033,0.05,0.04429689670057055,0.05639403504998086,0.0,0.9514,344.60840062675607,0.098,0.09006501107959225,0.10655222128423367,0.0020000000000000018,0.0486,0.04297853230752914,0.05491454900846843,0.0014000000000000054
strong,73105913,strong_random_4x6_d4,strong:73105913:strong_random_4x6_d4,150415482,4,6,4,480,960,5000,5000,1.0,0.0,7.648704353763511,15.297408707527023,4.1666666666666665e-05,0.0,0.006756291026249528,1.3512582052499056,56.300222733449026,90.29602849052301,105.11850058902237,928.0672741276497,97.34592540472957,39.5601478413237,79.1202956826474,79.12029568264737,0.5517855268635242,0.959,0.0922,0.0844909731146427,0.1005351645917459,0.007800000000000001,0.041,0.035846974112552034,0.0468577762730104,0.009000000000000001,0.9592,928.0672741276497,0.092,0.08429893153598811,0.1003275132511785,0.008000000000000007,0.0408,0.0356599365855389,0.04664512088080157,0.0092,0.9612,97.34592540472957,0.09,0.08237915058874334,0.09825036500620349,0.010000000000000009,0.0388,0.03379155841070425,0.04451656986341644,0.011200000000000002
strong,73105913,strong_random_4x6_d5,strong:73105913:strong_random_4x6_d5,3413949383,4,6,5,240,960,5000,5000,1.0,0.0,1.548793172222043,6.195172688888172,0.018391666666666667,9.166666666666667e-05,0.007126707932911813,1.4253415865823627,72.20693830849815,236.08459969047948,108.12787385064806,360.87029226238974,99.98524318453087,52.41275104460013,209.6510041784005,80.63500160707713,0.7080420214639256,0.9406,0.1088,0.10046733357174994,0.11773331643006271,0.008799999999999988,0.0594,0.05318026355064123,0.0662962354033431,0.009399999999999999,0.9416,360.87029226238974,0.1082,0.099888692291972,0.11711287895217473,0.008199999999999999,0.0584,0.05223283299055025,0.06524520136732419,0.008399999999999998,0.9434,99.98524318453087,0.1072,0.09892447485888445,0.1160786317891524,0.007199999999999998,0.0566,0.05052881403128711,0.06335198405358955,0.006599999999999995
strong,73105913,strong_random_5x5_d0,strong:73105913:strong_random_5x5_d0,433845777,5,5,0,2500,2500,5000,5000,1.0,0.0,48.31162114737368,48.31162114737368,0.0,0.0,0.0071766250766813755,1.435325015336275,93.7023554464406,88.87468105707703,183.30951806210086,4972.972540700153,172.2016913387335,76.70385493185489,76.70385493185489,153.4077098637098,-0.022683773147781344,0.958,0.0878,0.0802687542239326,0.09596413925957249,0.012200000000000003,0.042,0.036782686294686,0.047920528686986326,0.008,0.958,4972.972540700153,0.0878,0.0802687542239326,0.09596413925957249,0.012200000000000003,0.042,0.036782686294686,0.047920528686986326,0.008,0.9588,172.2016913387335,0.0866,0.07911824725927426,0.09471648870889897,0.013400000000000009,0.0412,0.03603404693250977,0.04707039637227465,0.008800000000000002
strong,73105913,strong_random_5x5_d1,strong:73105913:strong_random_5x5_d1,1630516052,5,5,1,1250,2500,5000,5000,1.0,0.0,12.146906702015837,24.293813404031674,0.0,0.0,0.007159042055718601,1.4318084111437201,120.51613968029807,221.8827022787336,234.0423673918753,2464.112554821406,221.33938420651256,101.21851651513732,202.43703303027465,202.43703303027465,0.5584677703299551,0.957,0.092,0.08429893153598811,0.1003275132511785,0.008000000000000007,0.043,0.0377192510877771,0.0489824284900051,0.007000000000000006,0.957,2464.112554821406,0.0916,0.08391488273466795,0.0999121762140547,0.008400000000000005,0.043,0.0377192510877771,0.0489824284900051,0.007000000000000006,0.9588,221.33938420651256,0.0902,0.08257107622794863,0.09845813228622019,0.009800000000000003,0.0412,0.03603404693250977,0.04707039637227465,0.008800000000000002
strong,73105913,strong_random_5x5_d2,strong:73105913:strong_random_5x5_d2,2555422087,5,5,2,625,2500,5000,5000,1.0,0.0,0.36970771345551257,1.4788308538220503,0.04396,0.009576,0.0075374169973656535,1.5074833994731307,126.11385959818489,469.0446662632818,193.50297675771998,957.9506929934721,187.4709728661862,116.39227376789954,465.56909507159816,179.06503656599932,0.6778376472798063,0.9458,0.1022,0.09410694680069474,0.11090383686679268,0.0021999999999999936,0.0542,0.04825961924472352,0.06082486380948941,0.004199999999999995,0.9458,957.9506929934721,0.1018,0.09372180779356477,0.11048959003547872,0.001799999999999996,0.0542,0.04825961924472352,0.06082486380948941,0.004199999999999995,0.9464,187.4709728661862,0.0998,0.0917967165871111,0.10841775204971262,0.00020000000000000573,0.0536,0.04769284678695338,0.06019255750959362,0.003599999999999999
strong,73105913,strong_random_5x5_d3,strong:73105913:strong_random_5x5_d3,3361648196,5,5,3,5000,5000,5000,5000,1.0,0.0,1.0093230919265515,1.0093230919265515,0.030768,0.030592,0.007445957977324724,1.4891915954649448,178.2654735432211,171.16640923773164,351.933150830234,9972.143939311096,341.623477512295,165.0418250778134,165.0418250778134,330.0836501556268,-0.02861522599417196,0.9512,0.1046,0.09641860881615973,0.11338848988199142,0.004599999999999993,0.0488,0.043166788231898734,0.05512598600332083,0.0011999999999999997,0.9512,9972.143939311096,0.1046,0.09641860881615973,0.11338848988199142,0.004599999999999993,0.0488,0.043166788231898734,0.05512598600332083,0.0011999999999999997,0.9524,341.623477512295,0.103,0.09487734390886227,0.11173221143551307,0.002999999999999989,0.0476,0.04203767154178206,0.05385694517810563,0.0023999999999999994
strong,73105913,strong_random_5x5_d4,strong:73105913:strong_random_5x5_d4,3033915420,5,5,4,500,1000,5000,5000,1.0,0.0,6.093598440463985,12.18719688092797,0.000128,0.0,0.007239874918013811,1.4479749836027622,51.800810400037655,89.36032589495372,97.74118662259175,970.8294827836437,92.84526572481754,36.67974292047951,73.35948584095902,73.359485840959,0.5732275659130996,0.9618,0.0884,0.08084417271707507,0.09658779952409598,0.0116,0.0382,0.03323177727980299,0.04387727223665176,0.011800000000000005,0.9626,970.8294827836437,0.0874,0.07988520275826139,0.09554830488679975,0.0126,0.0374,0.03248595059283844,0.04302432724672841,0.0126,0.9646,92.84526572481754,0.0828,0.07547796479300165,0.09076260570995401,0.017200000000000007,0.0354,0.030624246822118124,0.04088910182522896,0.014600000000000002
strong,73105913,strong_random_5x5_d5,strong:73105913:strong_random_5x5_d5,1224158066,5,5,5,250,1000,5000,5000,1.0,0.0,0.01612620926478536,0.06450483705914144,0.256992,0.146232,0.008325541974045336,1.6651083948090672,88.17739882978441,377.2711939231902,134.60755858275252,380.18029705681977,133.0407259564755,88.03761737860656,352.1504695144262,135.4424882747793,0.47906466962995037,0.932,0.1202,0.11147653019740306,0.12950661620006232,0.020199999999999996,0.068,0.061348534154977034,0.07531476032555232,0.018000000000000002,0.9326,380.18029705681977,0.1198,0.11108978063043588,0.12909397992858554,0.019799999999999998,0.0674,0.060777546693353085,0.07468666902951035,0.0174,0.9342,133.0407259564755,0.1178,0.10915651997897703,0.1270303113878246,0.017799999999999996,0.0658,0.05925568920703122,0.07301098316205637,0.015799999999999995
strong,73105913,strong_random_5x10_d0,strong:73105913:strong_random_5x10_d0,1543613829,5,10,0,5000,5000,5000,5000,1.0,0.0,42.52088127397677,42.52088127397677,0.0,0.0,0.010635875049047172,2.1271750098094344,175.4551069982859,179.3673183594494,349.8501286224698,9974.201564928757,345.7844321403863,151.48763262393496,151.48763262393496,302.97526524786986,0.011822005869941567,0.9518,0.094,0.08621985671290236,0.10240351726648403,0.006000000000000005,0.0482,0.04260210373766007,0.05449159173989355,0.001800000000000003,0.9518,9974.201564928757,0.0938,0.08602771364704209,0.10219596741312231,0.006200000000000011,0.0482,0.04260210373766007,0.05449159173989355,0.001800000000000003,0.9528,345.7844321403863,0.0932,0.08545135145874014,0.10157325084375834,0.0068000000000000005,0.0472,0.04166152580497485,0.05343370507646888,0.002800000000000004
strong,73105913,strong_random_5x10_d1,strong:73105913:strong_random_5x10_d1,1028700213,5,10,1,2500,5000,5000,5000,1.0,0.0,18.53346520055919,37.06693040111838,0.0,0.0,0.010934750083833933,2.1869500167667866,208.5298895981231,369.406968325044,398.4625079826766,4912.1416151976355,383.71370209953983,172.50265994685645,345.0053198937129,345.0053198937129,0.5492483599602374,0.9538,0.0912,0.0835308799658389,0.09949679314443981,0.008800000000000002,0.0462,0.0407216699236964,0.05237509636163745,0.0038000000000000048,0.9538,4912.1416151976355,0.0912,0.0835308799658389,0.09949679314443981,0.008800000000000002,0.0462,0.0407216699236964,0.05237509636163745,0.0038000000000000048,0.954,383.71370209953983,0.0902,0.08257107622794863,0.09845813228622019,0.009800000000000003,0.046,0.040533787335377866,0.052163286030734,0.0040000000000000036
strong,73105913,strong_random_5x10_d2,strong:73105913:strong_random_5x10_d2,4231589751,5,10,2,1250,5000,5000,5000,1.0,0.0,1.59581490999676,6.38325963998704,0.010188,2e-05,0.01058808306697756,2.117616613395512,277.4863440785723,1040.703165899828,422.61264170560173,1897.6761112728823,407.7307652812173,250.12788790004723,1000.5115516001889,384.8121352308419,0.7001816478367259,0.9462,0.1024,0.09429953122956897,0.11111094535714044,0.0023999999999999994,0.0538,0.0478817469838921,0.06040335023187688,0.003799999999999998,0.9466,1897.6761112728823,0.1024,0.09429953122956897,0.11111094535714044,0.0023999999999999994,0.0534,0.0475039707136969,0.059981740663628116,0.0034000000000000002,0.947,407.7307652812173,0.1022,0.09410694680069474,0.11090383686679268,0.0021999999999999936,0.053,0.047126291449339705,0.05956003408954136,0.0029999999999999957
strong,73105913,strong_random_5x10_d3,strong:73105913:strong_random_5x10_d3,2558267666,5,10,3,10000,10000,5000,5000,1.0,0.0,0.7411865101737058,0.7411865101737058,0.014288,0.014252,0.010791874956339598,2.1583749912679195,317.93219158241794,330.6987174567907,662.5398355958622,19970.128499567745,636.8780980495055,303.50087372559193,303.50087372559193,607.0017474511839,0.019799710637829728,0.949,0.1008,0.09275913562040934,0.10945379761252426,0.0007999999999999952,0.051,0.045239387102671155,0.057450009243990116,0.000999999999999994,0.949,19970.128499567745,0.1008,0.09275913562040934,0.10945379761252426,0.0007999999999999952,0.051,0.045239387102671155,0.057450009243990116,0.000999999999999994,0.9496,636.8780980495055,0.1004,0.09237413744293914,0.10903940995155052,0.0003999999999999976,0.0504,0.044673814062764695,0.05681650352623067,0.0003999999999999976
strong,73105913,strong_random_5x10_d4,strong:73105913:strong_random_5x10_d4,382820060,5,10,4,1000,2000,5000,5000,1.0,0.0,3.8405397710038027,7.6810795420076055,0.001696,2e-05,0.010436832904815674,2.0873665809631348,126.54412759785028,214.50222151978565,240.48566810630118,1924.321985123086,212.84967504768093,89.49265787683345,178.9853157536669,178.98531575366692,0.5350491129084918,0.9518,0.0984,0.09044976166527606,0.10696685653699382,0.0016000000000000042,0.0482,0.04260210373766007,0.05449159173989355,0.001800000000000003,0.952,1924.321985123086,0.0984,0.09044976166527606,0.10696685653699382,0.0016000000000000042,0.048,0.04241393141870799,0.054280071139623645,0.0020000000000000018,0.953,212.84967504768093,0.0964,0.08852643154627349,0.10489325746377662,0.003600000000000006,0.047,0.041473496167793764,0.05322204179442799,0.0030000000000000027
strong,73105913,strong_random_5x10_d5,strong:73105913:strong_random_5x10_d5,3377068092,5,10,5,500,2000,5000,5000,1.0,0.0,0.3093510450548433,1.2374041802193732,0.082532,0.010656,0.010988209047354758,2.1976418094709516,104.76281649278157,337.69036137216864,157.50793486944698,756.8322575698295,150.5742157611559,78.9724227308848,315.8896909235392,121.496034970592,0.7203929256329196,0.9388,0.1116,0.10316873927257678,0.12062761159834356,0.0116,0.0612,0.054886946015951704,0.06818678921103043,0.011199999999999995,0.939,756.8322575698295,0.1112,0.1027827165852735,0.1202142484472029,0.011199999999999988,0.061,0.0546972332830901,0.06797680902467004,0.010999999999999996,0.94,150.5742157611559,0.1104,0.10201077811674306,0.11938741523884544,0.010399999999999993,0.06,0.05374897325570842,0.06692660445594185,0.009999999999999995
strong,73105913,strong_random_8x8_d0,strong:73105913:strong_random_8x8_d0,3905610761,8,8,0,6400,6400,5000,5000,1.0,0.0,39.815021500238224,39.815021500238224,0.0,0.0,0.013524333946406841,2.7048667892813683,232.42987352656505,228.1515429250819,451.3425696194126,12774.175913911271,446.02955581347237,194.999341726774,194.999341726774,389.9986834535479,-0.01069267358090805,0.9544,0.0904,0.08276301361645519,0.09866588781693558,0.009600000000000011,0.0456,0.04015811220817567,0.05173957531949225,0.004400000000000001,0.9544,12774.175913911271,0.0904,0.08276301361645519,0.09866588781693558,0.009600000000000011,0.0456,0.04015811220817567,0.05173957531949225,0.004400000000000001,0.9552,446.02955581347237,0.0896,0.08199533469929988,0.09783479505720301,0.010400000000000006,0.0448,0.03940712743434635,0.05089178841643366,0.005200000000000003
strong,73105913,strong_random_8x8_d1,strong:73105913:strong_random_8x8_d1,1815814216,8,8,1,3200,6400,5000,5000,1.0,0.0,13.803468180744199,27.606936361488398,0.0,0.0,0.013307957910001278,2.6615915820002556,307.24120429470395,576.7402414819159,600.1460723290754,6288.016967487982,565.3519949315212,256.63425639783003,513.2685127956601,513.2685127956603,0.5708640849295785,0.9558,0.0914,0.08372287557926333,0.09970449045023735,0.00860000000000001,0.0442,0.03884421475711896,0.05025562233599513,0.0058,0.9558,6288.016967487982,0.0914,0.08372287557926333,0.09970449045023735,0.00860000000000001,0.0442,0.03884421475711896,0.05025562233599513,0.0058,0.9564,565.3519949315212,0.0908,0.08314692350146155,0.09908136377037322,0.0092,0.0436,0.03828158743789399,0.049619170897554146,0.006400000000000003
strong,73105913,strong_random_8x8_d2,strong:73105913:strong_random_8x8_d2,62276128,8,8,2,1600,6400,5000,5000,1.0,0.0,1.6062119358247844,6.4248477432991375,0.0071625,2.5e-05,0.013410083018243313,2.6820166036486626,299.78400518025904,1130.8070959822112,453.0946277128961,2424.3363606231005,458.901865583005,268.63134208805775,1074.525368352231,413.2789878277812,0.7856640874757675,0.9488,0.1054,0.09718947343586365,0.1142163969391754,0.005399999999999988,0.0512,0.04542796339795725,0.057661125867926016,0.0011999999999999997,0.9492,2424.3363606231005,0.1054,0.09718947343586365,0.1142163969391754,0.005399999999999988,0.0508,0.04505083668536068,0.057238866742078634,0.0007999999999999952,0.95,458.901865583005,0.1046,0.09641860881615973,0.11338848988199142,0.004599999999999993,0.05,0.04429689670057055,0.05639403504998086,0.0
strong,73105913,strong_random_8x8_d3,strong:73105913:strong_random_8x8_d3,3410442786,8,8,3,12800,12800,5000,5000,1.0,0.0,22.57697616807517,22.57697616807517,0.0,0.0,0.013772833975963295,2.754566795192659,425.08778393721286,430.45184076163656,850.110026881621,25571.78997773381,830.3896104188968,388.9130046431898,388.9130046431898,777.8260092863795,0.009542877898382728,0.9528,0.0934,0.08564346098790362,0.10178083423381681,0.006600000000000009,0.0472,0.04166152580497485,0.05343370507646888,0.002800000000000004,0.9528,25571.78997773381,0.0934,0.08564346098790362,0.10178083423381681,0.006600000000000009,0.0472,0.04166152580497485,0.05343370507646888,0.002800000000000004,0.9532,830.3896104188968,0.0928,0.08506716616278633,0.10115805030126816,0.007200000000000012,0.0468,0.041285495583661055,0.05301034945933872,0.0032000000000000015
strong,73105913,strong_random_8x8_d4,strong:73105913:strong_random_8x8_d4,3838363769,8,8,4,1280,2560,5000,5000,1.0,0.0,4.793438759341643,9.586877518683286,0.000184375,0.0,0.013770000077784061,2.7540000155568123,147.54313028421095,262.0641822026525,276.60432657344876,2458.253089108911,258.19706180721323,103.1121619653951,206.2243239307902,206.22432393079018,0.5778631391758958,0.957,0.091,0.08333889592848116,0.09928908426257556,0.009000000000000008,0.043,0.0377192510877771,0.0489824284900051,0.007000000000000006,0.957,2458.253089108911,0.091,0.08333889592848116,0.09928908426257556,0.009000000000000008,0.043,0.0377192510877771,0.0489824284900051,0.007000000000000006,0.9574,258.19706180721323,0.0896,0.08199533469929988,0.09783479505720301,0.010400000000000006,0.0426,0.03734452469569485,0.04855776904364341,0.007400000000000004
strong,73105913,strong_random_8x8_d5,strong:73105913:strong_random_8x8_d5,1164667545,8,8,5,640,2560,5000,5000,1.0,0.0,0.10954260019629784,0.43817040078519137,0.1597,0.037315625,0.014672166085802019,2.9344332171604037,157.9233953972075,549.856197737075,240.96389734601536,979.6849075116311,206.9751562076719,126.15388954655585,504.6155581862234,194.08290699470132,0.6655550462708179,0.9422,0.1058,0.09757496310641671,0.11463029310706631,0.0058,0.0578,0.05166463044785411,0.06461432515235441,0.0077999999999999944,0.9424,979.6849075116311,0.1054,0.09718947343586365,0.1142163969391754,0.005399999999999988,0.0576,0.05147527285124603,0.06440398982974052,0.007599999999999996,0.9442,206.9751562076719,0.1044,0.09622591670218933,0.11318148907673983,0.004400000000000001,0.0558,0.04977204852711962,0.06250997788086914,0.0058
strong,73105913,strong_random_8x12_d0,strong:73105913:strong_random_8x12_d0,3382785958,8,12,0,9600,9600,5000,5000,1.0,0.0,45.31991209230354,45.31991209230354,0.0,0.0,0.01798337500076741,3.596675000153482,366.220134041888,356.2139863152394,720.3734229498366,19173.760478641794,678.7156295346188,296.0777956641255,296.0777956641255,592.1555913282513,-0.01155718564251118,0.9562,0.0896,0.08199533469929988,0.09783479505720301,0.010400000000000006,0.0438,0.03846909782873126,0.04983135342593886,0.006200000000000004,0.9562,19173.760478641794,0.0896,0.08199533469929988,0.09783479505720301,0.010400000000000006,0.0438,0.03846909782873126,0.04983135342593886,0.006200000000000004,0.9566,678.7156295346188,0.089,0.08141969987165351,0.09721135112718343,0.01100000000000001,0.0434,0.0380941093753608,0.04940695604086537,0.006600000000000002
strong,73105913,strong_random_8x12_d1,strong:73105913:strong_random_8x12_d1,3475038808,8,12,1,4800,9600,5000,5000,1.0,0.0,9.68408064702202,19.36816129404404,0.0,0.0,0.018665874958969653,3.7331749917939305,415.78061902999036,761.7468725159378,803.2443259674978,9404.432149955977,761.5383742221186,343.25828956058467,686.5165791211693,686.5165791211695,0.5599858083985133,0.955,0.093,0.08525925317287317,0.10136565621040333,0.007000000000000006,0.045,0.0395948274633155,0.051103781306686476,0.0050000000000000044,0.9552,9404.432149955977,0.093,0.08525925317287317,0.10136565621040333,0.007000000000000006,0.0448,0.03940712743434635,0.05089178841643366,0.005200000000000003,0.9554,761.5383742221186,0.0928,0.08506716616278633,0.10115805030126816,0.007200000000000012,0.0446,0.03921945850747833,0.0506797644240797,0.005400000000000002
strong,73105913,strong_random_8x12_d2,strong:73105913:strong_random_8x12_d2,2640763699,8,12,2,2400,9600,5000,5000,1.0,0.0,1.2941771460317377,5.176708584126951,0.007535416666666667,5e-05,0.018245749990455806,3.6491499980911613,552.4523875448737,1872.6777271271928,834.1789551622657,3636.6765317497548,767.3915047079855,457.7969751160506,1831.1879004642024,704.3030386400778,0.74420667512548,0.9514,0.0936,0.08583558172805157,0.10198840641289085,0.006400000000000003,0.0486,0.04297853230752914,0.05491454900846843,0.0014000000000000054,0.9514,3636.6765317497548,0.0936,0.08583558172805157,0.10198840641289085,0.006400000000000003,0.0486,0.04297853230752914,0.05491454900846843,0.0014000000000000054,0.9516,767.3915047079855,0.0932,0.08545135145874014,0.10157325084375834,0.0068000000000000005,0.0484,0.04279030408863613,0.05470308430813947,0.0016000000000000042
strong,73105913,strong_random_8x12_d3,strong:73105913:strong_random_8x12_d3,3097418305,8,12,3,19200,19200,5000,5000,1.0,0.0,11.377112003492943,11.377112003492943,0.0,0.0,0.018191459006629884,3.638291801325977,650.7247444876007,643.8946372223946,1298.1334113808787,38370.058983136056,1238.558010485213,576.3447288947218,576.3447288947218,1152.6894577894434,-0.008607718174733785,0.955,0.0928,0.08506716616278633,0.10115805030126816,0.007200000000000012,0.045,0.0395948274633155,0.051103781306686476,0.0050000000000000044,0.955,38370.058983136056,0.0928,0.08506716616278633,0.10115805030126816,0.007200000000000012,0.045,0.0395948274633155,0.051103781306686476,0.0050000000000000044,0.955,1238.558010485213,0.0926,0.08487509046113607,0.10095043308369646,0.007400000000000004,0.045,0.0395948274633155,0.051103781306686476,0.0050000000000000044
strong,73105913,strong_random_8x12_d4,strong:73105913:strong_random_8x12_d4,2565889071,8,12,4,1920,3840,5000,5000,1.0,0.0,5.784368950663526,11.568737901327053,0.00014583333333333335,0.0,0.01787316706031561,3.574633412063122,210.5056603315831,347.611299119019,396.70137140834424,3679.1322437230174,364.39855265256324,142.93647191218602,285.87294382437204,285.87294382437204,0.5639106930505856,0.9532,0.0892,0.08161156623219645,0.09741917768586247,0.010800000000000004,0.0468,0.041285495583661055,0.05301034945933872,0.0032000000000000015,0.9532,3679.1322437230174,0.0892,0.08161156623219645,0.09741917768586247,0.010800000000000004,0.0468,0.041285495583661055,0.05301034945933872,0.0032000000000000015,0.9538,364.39855265256324,0.0882,0.08065235442991606,0.09637992489203298,0.011800000000000005,0.0462,0.0407216699236964,0.05237509636163745,0.0038000000000000048
strong,73105913,strong_random_8x12_d5,strong:73105913:strong_random_8x12_d5,703028019,8,12,5,960,3840,5000,5000,1.0,0.0,0.09248784640499205,0.3699513856199682,0.11937083333333333,0.036339583333333335,0.019564791931770742,3.9129583863541484,224.35347883422443,695.232340043102,339.1838854468988,1445.672263735402,294.3479213364675,161.54770432873957,646.1908173149583,248.53492973652237,0.6938828708741804,0.945,0.104,0.09584056149398838,0.11276745844649684,0.00399999999999999,0.055,0.04901564776937427,0.06166760696172657,0.0049999999999999975,0.9452,1445.672263735402,0.1036,0.0954552451429801,0.11235338895906116,0.003599999999999992,0.0548,0.04882660544300011,0.06145695636887875,0.004799999999999999,0.9468,294.3479213364675,0.1032,0.09506996784785655,0.11193928041574076,0.0031999999999999945,0.0532,0.04731511889160377,0.05977089956649927,0.0031999999999999945
strong,73105913,strong_random_10x10_d0,strong:73105913:strong_random_10x10_d0,1934803106,10,10,0,10000,10000,5000,5000,1.0,0.0,34.55326515076844,34.55326515076844,0.0,0.0,0.01910633302759379,3.8212666055187583,358.1324760746889,364.83967783559297,745.2455729088828,19972.13193969002,690.3857295876492,299.0343967380723,299.0343967380723,598.0687934761447,0.004590694820261759,0.9526,0.098,0.09006501107959225,0.10655222128423367,0.0020000000000000018,0.0474,0.04184958432057469,0.05364533948009102,0.002600000000000005,0.9526,19972.13193969002,0.098,0.09006501107959225,0.10655222128423367,0.0020000000000000018,0.0474,0.04184958432057469,0.05364533948009102,0.002600000000000005,0.9526,690.3857295876492,0.0972,0.08929563628725427,0.10572282439968374,0.002800000000000011,0.0474,0.04184958432057469,0.05364533948009102,0.002600000000000005
strong,73105913,strong_random_10x10_d1,strong:73105913:strong_random_10x10_d1,3487760348,10,10,1,5000,10000,5000,5000,1.0,0.0,11.908120195611588,23.816240391223175,0.0,0.0,0.019177542068064213,3.8355084136128426,426.0537788107676,782.2860884312548,826.9023367864291,9792.92611851959,791.1591907542869,355.0820227096737,710.1640454193474,710.1640454193473,0.5724584024176651,0.9532,0.0962,0.08833415715201101,0.10468583893881708,0.0038000000000000117,0.0468,0.041285495583661055,0.05301034945933872,0.0032000000000000015,0.9532,9792.92611851959,0.0962,0.08833415715201101,0.10468583893881708,0.0038000000000000117,0.0468,0.041285495583661055,0.05301034945933872,0.0032000000000000015,0.9544,791.1591907542869,0.0958,0.08794964072133023,0.10427096953105396,0.004200000000000009,0.0456,0.04015811220817567,0.05173957531949225,0.004400000000000001
strong,73105913,strong_random_10x10_d2,strong:73105913:strong_random_10x10_d2,1082770939,10,10,2,2500,10000,5000,5000,1.0,0.0,2.781359335039051,11.125437340156203,0.001772,0.0,0.019166457932442427,3.8332915864884853,565.3206148535464,2100.7465214084295,855.3523763384883,3777.559554478721,823.2344772412125,488.3128386502785,1953.251354601114,751.2505210004283,0.7855759712883179,0.9522,0.098,0.09006501107959225,0.10655222128423367,0.0020000000000000018,0.0478,0.04222578729757764,0.054068522341532026,0.0022000000000000006,0.9522,3777.559554478721,0.098,0.09006501107959225,0.10655222128423367,0.0020000000000000018,0.0478,0.04222578729757764,0.054068522341532026,0.0022000000000000006,0.9524,823.2344772412125,0.0976,0.08968030254353887,0.10613754398184314,0.0023999999999999994,0.0476,0.04203767154178206,0.05385694517810563,0.0023999999999999994
strong,73105913,strong_random_10x10_d3,strong:73105913:strong_random_10x10_d3,141207675,10,10,3,20000,20000,5000,5000,1.0,0.0,0.03128879875534467,0.03128879875534467,0.05637,0.055882,0.019625541986897588,3.9251083973795176,638.2685905668077,634.169586465542,1250.7108683837466,39968.885529658866,1229.4660289559456,576.1925304761307,576.1925304761307,1152.3850609522615,-0.006782351591049441,0.958,0.0906,0.08295496271923773,0.09887363163337505,0.009400000000000006,0.042,0.036782686294686,0.047920528686986326,0.008,0.958,39968.885529658866,0.0906,0.08295496271923773,0.09887363163337505,0.009400000000000006,0.042,0.036782686294686,0.047920528686986326,0.008,0.9584,1229.4660289559456,0.0902,0.08257107622794863,0.09845813228622019,0.009800000000000003,0.0416,0.03640829747606612,0.04749553166716225,0.008400000000000005
strong,73105913,strong_random_10x10_d4,strong:73105913:strong_random_10x10_d4,1834869756,10,10,4,2000,4000,5000,5000,1.0,0.0,2.5781490790115575,5.156298158023115,0.00151,8.2e-05,0.018895999994128942,3.7791999988257885,230.19683851949745,369.27613421579815,436.40823132967483,3830.791869307369,382.3551780456859,151.91354815615165,303.8270963123033,303.82709631230335,0.5491507365892654,0.9548,0.0972,0.08929563628725427,0.10572282439968374,0.002800000000000011,0.0452,0.03978255839785056,0.05131574329137339,0.004800000000000006,0.955,3830.791869307369,0.097,0.08910331908658219,0.10551544868113384,0.0030000000000000027,0.045,0.0395948274633155,0.051103781306686476,0.0050000000000000044,0.9556,382.3551780456859,0.0964,0.08852643154627349,0.10489325746377662,0.003600000000000006,0.0444,0.039031820881426316,0.05046770913090974,0.005600000000000001
strong,73105913,strong_random_10x10_d5,strong:73105913:strong_random_10x10_d5,2866293514,10,10,5,1000,4000,5000,5000,1.0,0.0,0.5008132197302728,2.0032528789210913,0.041266,0.003452,0.0193078329320997,3.86156658641994,245.14112222044685,730.294583874726,366.8386855491823,1492.8738199851293,323.13162295142035,169.12695620504772,676.5078248201909,260.1953172385349,0.7128016937200992,0.9398,0.1154,0.1068376979954951,0.12455281834064282,0.015399999999999997,0.0602,0.053938584463858776,0.06713668616701347,0.010199999999999994,0.9398,1492.8738199851293,0.1152,0.1066445174639681,0.12434630595294784,0.015199999999999991,0.0602,0.053938584463858776,0.06713668616701347,0.010199999999999994,0.9406,323.13162295142035,0.1144,0.10587188046648684,0.12352017127354119,0.014399999999999996,0.0594,0.05318026355064123,0.0662962354033431,0.009399999999999999
strong,73105913,strong_random_10x15_d0,strong:73105913:strong_random_10x15_d0,1137116884,10,15,0,15000,15000,5000,5000,1.0,0.0,47.67974502395125,47.67974502395125,0.0,0.0,0.025481500080786645,5.096300016157329,529.3401955669409,530.6390126156181,1049.8700025951864,29971.80645860388,1019.2313940456462,439.88298613001683,439.88298613001683,879.7659722600338,0.0003976692546486812,0.9552,0.0938,0.08602771364704209,0.10219596741312231,0.006200000000000011,0.0448,0.03940712743434635,0.05089178841643366,0.005200000000000003,0.9554,29971.80645860388,0.0938,0.08602771364704209,0.10219596741312231,0.006200000000000011,0.0446,0.03921945850747833,0.0506797644240797,0.005400000000000002,0.9558,1019.2313940456462,0.0938,0.08602771364704209,0.10219596741312231,0.006200000000000011,0.0442,0.03884421475711896,0.05025562233599513,0.0058
strong,73105913,strong_random_10x15_d1,strong:73105913:strong_random_10x15_d1,1787227455,10,15,1,7500,15000,5000,5000,1.0,0.0,11.7849717759837,23.5699435519674,0.0,0.0,0.025657542049884796,5.131508409976959,640.6650934499116,1203.9296605554296,1255.0291013959707,14692.637507693595,1205.9147516287258,541.4073167786023,1082.8146335572046,1082.8146335572044,0.57505753121735,0.9494,0.1028,0.09468472980921207,0.11152513261594128,0.002799999999999997,0.0506,0.044862312290198145,0.0570276982180192,0.0005999999999999964,0.9494,14692.637507693595,0.1028,0.09468472980921207,0.11152513261594128,0.002799999999999997,0.0506,0.044862312290198145,0.0570276982180192,0.0005999999999999964,0.9494,1205.9147516287258,0.1024,0.09429953122956897,0.11111094535714044,0.0023999999999999994,0.0506,0.044862312290198145,0.0570276982180192,0.0005999999999999964
strong,73105913,strong_random_10x15_d2,strong:73105913:strong_random_10x15_d2,2342926206,10,15,2,3750,15000,5000,5000,1.0,0.0,0.4741605642927224,1.8966422571708896,0.011990666666666667,0.00118,0.025989416055381298,5.19788321107626,685.3286485774044,2314.929692877739,1036.1472717934134,5675.670753316685,1006.8749523147308,586.2366372793135,2344.946549117254,901.9025188912516,0.7771791778609869,0.9472,0.103,0.09487734390886227,0.11173221143551307,0.002999999999999989,0.0528,0.046937488516770584,0.05934914410288851,0.002799999999999997,0.9472,5675.670753316685,0.103,0.09487734390886227,0.11173221143551307,0.002999999999999989,0.0528,0.046937488516770584,0.05934914410288851,0.002799999999999997,0.9474,1006.8749523147308,0.1026,0.09449212557428167,0.1113180439316497,0.002599999999999991,0.0526,0.04674871022497823,0.05913822947545888,0.002599999999999998
strong,73105913,strong_random_10x15_d3,strong:73105913:strong_random_10x15_d3,3218485515,10,15,3,30000,30000,5000,5000,1.0,0.0,0.1186405992874621,0.1186405992874621,0.035818666666666665,0.035853333333333334,0.02726441598497331,5.452883196994662,1019.0743810149626,1049.9695107427924,2073.687673230626,59972.36588743683,1985.9792278637374,935.2701987942719,935.2701987942719,1870.540397588544,0.012391833217555596,0.9556,0.095,0.0871807381378733,0.10344110043762297,0.0050000000000000044,0.0444,0.039031820881426316,0.05046770913090974,0.005600000000000001,0.9556,59972.36588743683,0.095,0.0871807381378733,0.10344110043762297,0.0050000000000000044,0.0444,0.039031820881426316,0.05046770913090974,0.005600000000000001,0.9556,1985.9792278637374,0.0948,0.08698853981142897,0.10323360584484532,0.00520000000000001,0.0444,0.039031820881426316,0.05046770913090974,0.005600000000000001
strong,73105913,strong_random_10x15_d4,strong:73105913:strong_random_10x15_d4,3269065513,10,15,4,3000,6000,5000,5000,1.0,0.0,5.19794935041302,10.39589870082604,0.00019333333333333333,0.0,0.0257543750340119,5.15087500680238,311.4726846272244,486.90054884322655,578.0852263232214,5751.593492809921,518.8903632652982,198.657845824151,397.315691648302,397.31569164830194,0.544522895421433,0.9564,0.0856,0.0781598325025074,0.09367643886955594,0.01440000000000001,0.0436,0.03828158743789399,0.049619170897554146,0.006400000000000003,0.9564,5751.593492809921,0.0856,0.0781598325025074,0.09367643886955594,0.01440000000000001,0.0436,0.03828158743789399,0.049619170897554146,0.006400000000000003,0.9574,518.8903632652982,0.0846,0.07720173303417406,0.09263607374177939,0.015400000000000011,0.0426,0.03734452469569485,0.04855776904364341,0.007400000000000004
strong,73105913,strong_random_10x15_d5,strong:73105913:strong_random_10x15_d5,1144197173,10,15,5,1500,6000,5000,5000,1.0,0.0,0.06542403514647013,0.26169614058588053,0.108088,0.023666666666666666,0.029439124977216125,5.887824995443225,362.2406751788227,1102.705465385577,543.2539406934228,2251.1950582538266,470.1325292549311,262.04673382493814,1048.1869352997526,403.1488212691356,0.691091127937186,0.9422,0.1114,0.10297572349198636,0.120420934459712,0.011399999999999993,0.0578,0.05166463044785411,0.06461432515235441,0.0077999999999999944,0.9424,2251.1950582538266,0.1112,0.1027827165852735,0.1202142484472029,0.011199999999999988,0.0576,0.05147527285124603,0.06440398982974052,0.007599999999999996,0.943,470.1325292549311,0.1108,0.10239672947720273,0.11980084971682971,0.01079999999999999,0.057,0.05090733129526275,0.06377285262805785,0.006999999999999999
strong,73105913,strong_random_20x20_d0,strong:73105913:strong_random_20x20_d0,726764109,20,20,0,40000,40000,5000,5000,1.0,0.0,35.59640330417033,35.59640330417033,0.0,0.0,0.06284612498711795,12.56922499742359,1474.8998520765135,1496.922522636459,2946.89533707479,79973.08603359066,2809.907801385745,1208.027613574041,1208.027613574041,2416.0552271480815,0.006305955202295395,0.9586,0.0892,0.08161156623219645,0.09741917768586247,0.010800000000000004,0.0414,0.03622115480088501,0.04728298142312138,0.008600000000000003,0.9586,79973.08603359066,0.0892,0.08161156623219645,0.09741917768586247,0.010800000000000004,0.0414,0.03622115480088501,0.04728298142312138,0.008600000000000003,0.9586,2809.907801385745,0.0892,0.08161156623219645,0.09741917768586247,0.010800000000000004,0.0414,0.03622115480088501,0.04728298142312138,0.008600000000000003
strong,73105913,strong_random_20x20_d1,strong:73105913:strong_random_20x20_d1,20169707,20,20,1,20000,40000,5000,5000,1.0,0.0,8.465136234286932,16.930272468573865,1e-06,0.0,0.06831045798026025,13.66209159605205,1727.3024642918156,3080.6088140942825,3355.692023385041,39133.23963681042,3035.5840045237624,1354.7145068923046,2709.429013784609,2709.429013784609,0.5615298260083362,0.9536,0.089,0.08141969987165351,0.09721135112718343,0.01100000000000001,0.0464,0.04090958228231389,0.05258687692224192,0.003600000000000006,0.9536,39133.23963681042,0.089,0.08141969987165351,0.09721135112718343,0.01100000000000001,0.0464,0.04090958228231389,0.05258687692224192,0.003600000000000006,0.9536,3035.5840045237624,0.0888,0.08122784547465063,0.09700351260496436,0.011200000000000002,0.0464,0.04090958228231389,0.05258687692224192,0.003600000000000006
strong,73105913,strong_random_20x20_d2,strong:73105913:strong_random_20x20_d2,1743191987,20,20,2,10000,40000,5000,5000,1.0,0.0,2.1295117217501303,8.518046887000521,0.002431,1e-06,0.06483233300969005,12.96646660193801,1824.6059527734258,6660.965837747273,2746.7248374717274,15102.980918101557,2639.839733951829,1553.7018434730428,6214.807373892171,2390.3105284200665,0.7519929272123008,0.9518,0.0986,0.09064215265544256,0.10717415846604927,0.0014000000000000123,0.0482,0.04260210373766007,0.05449159173989355,0.001800000000000003,0.9518,15102.980918101557,0.0986,0.09064215265544256,0.10717415846604927,0.0014000000000000123,0.0482,0.04260210373766007,0.05449159173989355,0.001800000000000003,0.9518,2639.839733951829,0.0982,0.09025738113052353,0.10675954415252437,0.00180000000000001,0.0482,0.04260210373766007,0.05449159173989355,0.001800000000000003
strong,73105913,strong_random_20x20_d3,strong:73105913:strong_random_20x20_d3,604660550,20,20,3,80000,80000,5000,5000,1.0,0.0,0.22054297811162174,0.22054297811162174,0.0045595,0.004518,0.06491404096595943,12.982808193191886,2752.7465190860667,2713.0696981528126,5388.640174919949,159969.5648801679,5242.458170863544,2429.11372212767,2429.11372212767,4858.22744425534,-0.00959655447337633,0.9574,0.0904,0.08276301361645519,0.09866588781693558,0.009600000000000011,0.0426,0.03734452469569485,0.04855776904364341,0.007400000000000004,0.9574,159969.5648801679,0.0904,0.08276301361645519,0.09866588781693558,0.009600000000000011,0.0426,0.03734452469569485,0.04855776904364341,0.007400000000000004,0.9576,5242.458170863544,0.0904,0.08276301361645519,0.09866588781693558,0.009600000000000011,0.0424,0.037157211511963724,0.048345389308152555,0.007600000000000003
strong,73105913,strong_random_20x20_d4,strong:73105913:strong_random_20x20_d4,4084977096,20,20,4,8000,16000,5000,5000,1.0,0.0,2.9497579745214355,5.899515949042871,0.000526,1e-05,0.062288957997225225,12.457791599445045,852.126027968674,1397.2228938510543,1573.884781568167,15264.580346322397,1451.358203594908,560.9853324717527,1121.9706649435054,1121.9706649435054,0.5601895963224458,0.9584,0.0904,0.08276301361645519,0.09866588781693558,0.009600000000000011,0.0416,0.03640829747606612,0.04749553166716225,0.008400000000000005,0.9584,15264.580346322397,0.0904,0.08276301361645519,0.09866588781693558,0.009600000000000011,0.0416,0.03640829747606612,0.04749553166716225,0.008400000000000005,0.9586,1451.358203594908,0.09,0.08237915058874334,0.09825036500620349,0.010000000000000009,0.0414,0.03622115480088501,0.04728298142312138,0.008600000000000003
strong,73105913,strong_random_20x20_d5,strong:73105913:strong_random_20x20_d5,812124134,20,20,5,4000,16000,5000,5000,1.0,0.0,0.1683585023483545,0.673434009393418,0.0934945,0.012798,0.06453837500885129,12.907675001770258,871.7980292822508,2796.9469171574947,1295.6094894470477,5955.985356864343,1148.3262250651114,620.7178337317631,2482.8713349270524,954.9505134334815,0.7221756333788085,0.9424,0.1114,0.10297572349198636,0.120420934459712,0.011399999999999993,0.0576,0.05147527285124603,0.06440398982974052,0.007599999999999996,0.9428,5955.985356864343,0.1114,0.10297572349198636,0.120420934459712,0.011399999999999993,0.0572,0.051096623167800594,0.063983253674742,0.007199999999999998,0.9428,1148.3262250651114,0.1108,0.10239672947720273,0.11980084971682971,0.01079999999999999,0.0572,0.051096623167800594,0.063983253674742,0.007199999999999998
strong,84207631,strong_random_2x2_d0,strong:84207631:strong_random_2x2_d0,1078742114,2,2,0,400,400,5000,5000,1.0,0.0,59.38352231343574,59.38352231343574,0.0,0.0,0.00359595799818635,0.71919159963727,14.022048273185328,14.08584110736389,28.616609395474875,770.1072626058642,27.600067566736065,13.29929153760251,13.29929153760251,26.598583075205024,0.003834074995857321,0.9582,0.097,0.08910331908658219,0.10551544868113384,0.0030000000000000027,0.0418,0.036595474719308296,0.047708047343142046,0.008200000000000006,0.9586,770.1072626058642,0.0966,0.08871871668658596,0.10510066524268613,0.0034000000000000002,0.0414,0.03622115480088501,0.04728298142312138,0.008600000000000003,0.9678,27.600067566736065,0.0848,0.0773933274635884,0.09284417223158703,0.015200000000000005,0.0322,0.027654745830079885,0.037463516109715565,0.017800000000000003
strong,84207631,strong_random_2x2_d1,strong:84207631:strong_random_2x2_d1,3394178374,2,2,1,200,400,5000,5000,1.0,0.0,30.13745423998958,60.27490847997916,0.0,0.0,0.0035357499727979302,0.707149994559586,19.047737098649627,36.02893706913024,37.20336075328377,396.0959629915323,36.007394786510304,17.620753192382423,35.24150638476485,35.24150638476485,0.569661389658841,0.9544,0.094,0.08621985671290236,0.10240351726648403,0.006000000000000005,0.0456,0.04015811220817567,0.05173957531949225,0.004400000000000001,0.9552,396.0959629915323,0.0928,0.08506716616278633,0.10115805030126816,0.007200000000000012,0.0448,0.03940712743434635,0.05089178841643366,0.005200000000000003,0.9628,36.007394786510304,0.0846,0.07720173303417406,0.09263607374177939,0.015400000000000011,0.0372,0.032299593797888555,0.04281099112245631,0.012800000000000006
strong,84207631,strong_random_2x2_d2,strong:84207631:strong_random_2x2_d2,3565804236,2,2,2,120,480,5000,5000,1.0,0.0,7.174986207727478,28.699944830909914,0.0002,0.0,0.003504374995827675,0.700874999165535,38.8361310854689,141.57228208153924,59.54695030867503,183.22207406230456,54.136639972635535,33.70242101689795,134.8096840675918,51.8498784875353,0.7991142253798219,0.945,0.1026,0.09449212557428167,0.1113180439316497,0.002599999999999991,0.055,0.04901564776937427,0.06166760696172657,0.0049999999999999975,0.9466,183.22207406230456,0.1016,0.09352925326717293,0.11028245164264858,0.0015999999999999903,0.0534,0.0475039707136969,0.059981740663628116,0.0034000000000000002,0.9512,54.136639972635535,0.096,0.08814189353368367,0.1044784096379225,0.0040000000000000036,0.0488,0.043166788231898734,0.05512598600332083,0.0011999999999999997
strong,84207631,strong_random_2x2_d3,strong:84207631:strong_random_2x2_d3,3688493130,2,2,3,800,800,5000,5000,1.0,0.0,8.915675454132412,8.915675454132412,0.0,5e-05,0.0035110419848933816,0.7022083969786763,49.86487422177653,47.90809283923294,98.64508290417953,1582.8032163645707,96.53729724106866,46.79922792421338,46.79922792421338,93.59845584842677,-0.0039039925729235747,0.9402,0.1098,0.10143191847486697,0.11876719612305557,0.00979999999999999,0.0598,0.053559382636359947,0.06671650215606834,0.009799999999999996,0.9404,1582.8032163645707,0.1098,0.10143191847486697,0.11876719612305557,0.00979999999999999,0.0596,0.0533698127022566,0.06650637917094972,0.009599999999999997,0.9428,96.53729724106866,0.1064,0.09815326877688091,0.11525106619426803,0.006399999999999989,0.0572,0.051096623167800594,0.063983253674742,0.007199999999999998
strong,84207631,strong_random_2x2_d4,strong:84207631:strong_random_2x2_d4,10903084,2,2,4,120,240,5000,5000,1.0,0.0,17.810375567652223,35.620751135304445,0.0,0.0,0.0035325000062584877,0.7065000012516975,12.14400975099643,23.0187607104878,23.559814906378087,237.89651121212344,22.333773104484628,10.641985638299765,21.28397127659953,21.28397127659953,0.5725663901576973,0.9558,0.0896,0.08199533469929988,0.09783479505720301,0.010400000000000006,0.0442,0.03884421475711896,0.05025562233599513,0.0058,0.957,237.89651121212344,0.0882,0.08065235442991606,0.09637992489203298,0.011800000000000005,0.043,0.0377192510877771,0.0489824284900051,0.007000000000000006,0.965,22.333773104484628,0.0784,0.07126887513142804,0.08617845114864411,0.021600000000000008,0.035,0.030252417866064703,0.04046154494283843,0.015
strong,84207631,strong_random_2x2_d5,strong:84207631:strong_random_2x2_d5,2181679779,2,2,5,120,480,5000,5000,1.0,0.0,6.127156145376954,24.508624581507817,0.00045,0.0,0.003530707908794284,0.7061415817588568,34.11227301564942,134.58894221113113,52.75713354705304,183.81830132881484,50.31600321757473,31.496779695618578,125.98711878247431,48.4565841471055,0.8154328221128841,0.9408,0.1118,0.10336176390622992,0.1208342798839124,0.011799999999999991,0.0592,0.052990735279565715,0.06608607075519664,0.0092,0.9418,183.81830132881484,0.1102,0.10181781589489737,0.11918068454146914,0.0102,0.0582,0.05204341062193982,0.06503493081671266,0.008199999999999999,0.9458,50.31600321757473,0.1056,0.09738221351103542,0.11442334978322562,0.005599999999999994,0.0542,0.04825961924472352,0.06082486380948941,0.004199999999999995
strong,84207631,strong_random_2x5_d0,strong:84207631:strong_random_2x5_d0,1504860820,2,5,0,1000,1000,5000,5000,1.0,0.0,45.5817606968254,45.5817606968254,0.0,0.0,0.004473667009733617,0.8947334019467235,40.032134691014136,37.720001282192015,77.75083151643707,1974.9747773499812,74.8884909997386,34.60613451926012,34.60613451926012,69.21226903852023,-0.02304359227550903,0.9584,0.0884,0.08084417271707507,0.09658779952409598,0.0116,0.0416,0.03640829747606612,0.04749553166716225,0.008400000000000005,0.9584,1974.9747773499812,0.0882,0.08065235442991606,0.09637992489203298,0.011800000000000005,0.0416,0.03640829747606612,0.04749553166716225,0.008400000000000005,0.9616,74.8884909997386,0.0844,0.07701015141856621,0.09242796243816526,0.015600000000000003,0.0384,0.03341833232460282,0.044090410111073904,0.011600000000000006
strong,84207631,strong_random_2x5_d1,strong:84207631:strong_random_2x5_d1,344474504,2,5,1,500,1000,5000,5000,1.0,0.0,14.725538088500587,29.451076177001173,0.0,0.0,0.00453804200515151,0.907608401030302,55.29958403892976,100.56305498367738,110.66424783170343,989.3498397259773,105.45362898108765,49.63001968472604,99.26003936945207,99.26003936945206,0.5616624904737555,0.9464,0.1026,0.09449212557428167,0.1113180439316497,0.002599999999999991,0.0536,0.04769284678695338,0.06019255750959362,0.003599999999999999,0.9466,989.3498397259773,0.1022,0.09410694680069474,0.11090383686679268,0.0021999999999999936,0.0534,0.0475039707136969,0.059981740663628116,0.0034000000000000002,0.9488,105.45362898108765,0.1002,0.09218165360924936,0.10883220086601832,0.00019999999999999185,0.0512,0.04542796339795725,0.057661125867926016,0.0011999999999999997
strong,84207631,strong_random_2x5_d2,strong:84207631:strong_random_2x5_d2,2245953354,2,5,2,250,1000,5000,5000,1.0,0.0,7.71424481489953,30.85697925959812,8e-05,0.0,0.004379292018711567,0.8758584037423134,85.85227662495103,296.33111399583294,132.0805460164697,381.5457252304393,126.63447160838155,73.73366813846671,294.93467255386685,113.43641252071805,0.8087233306672393,0.945,0.1088,0.10046733357174994,0.11773331643006271,0.008799999999999988,0.055,0.04901564776937427,0.06166760696172657,0.0049999999999999975,0.946,381.5457252304393,0.1082,0.099888692291972,0.11711287895217473,0.008199999999999999,0.054,0.04807067117820129,0.06061411895678966,0.003999999999999997,0.949,126.63447160838155,0.1056,0.09738221351103542,0.11442334978322562,0.005599999999999994,0.051,0.045239387102671155,0.057450009243990116,0.000999999999999994
strong,84207631,strong_random_2x5_d3,strong:84207631:strong_random_2x5_d3,599559091,2,5,3,2000,2000,5000,5000,1.0,0.0,3.851655446945378,3.851655446945378,0.00168,0.00166,0.004501458955928683,0.9002917911857367,69.73932513257093,67.55011532432121,136.0431120287924,3972.2446435039783,137.1309529856446,65.5526059146834,65.5526059146834,131.1052118293668,-0.010432104094846534,0.9486,0.0968,0.08891101254321587,0.1053080623052782,0.0032000000000000084,0.0514,0.045616565428436305,0.05787221675666895,0.0013999999999999985,0.949,3972.2446435039783,0.0968,0.08891101254321587,0.1053080623052782,0.0032000000000000084,0.051,0.045239387102671155,0.057450009243990116,0.000999999999999994,0.9516,137.1309529856446,0.0952,0.08737294742283017,0.1036485840718881,0.004799999999999999,0.0484,0.04279030408863613,0.05470308430813947,0.0016000000000000042
strong,84207631,strong_random_2x5_d4,strong:84207631:strong_random_2x5_d4,4091150892,2,5,4,200,400,5000,5000,1.0,0.0,4.663372466721894,9.326744933443788,0.00106,0.0,0.004377207951620221,0.8754415903240442,22.56178494691464,40.4006406559842,44.07535910880842,392.20254024469,41.69462379596998,17.53046104001223,35.06092208002446,35.06092208002445,0.5631838701063018,0.947,0.1012,0.0931441742993416,0.10986814477203596,0.0011999999999999927,0.053,0.047126291449339705,0.05956003408954136,0.0029999999999999957,0.9474,392.20254024469,0.1002,0.09218165360924936,0.10883220086601832,0.00019999999999999185,0.0526,0.04674871022497823,0.05913822947545888,0.002599999999999998,0.9526,41.69462379596998,0.0932,0.08545135145874014,0.10157325084375834,0.0068000000000000005,0.0474,0.04184958432057469,0.05364533948009102,0.002600000000000005
strong,84207631,strong_random_2x5_d5,strong:84207631:strong_random_2x5_d5,3064957800,2,5,5,120,480,5000,5000,1.0,0.0,1.165785899521863,4.663143598087452,0.04742,0.00086,0.0047365829814225435,0.9473165962845087,50.28420650976979,196.22727491054695,79.01493862944808,186.56361175470659,74.49157752456667,48.283062687036704,193.13225074814682,74.28163490313341,0.4930482751016419,0.9304,0.1216,0.11283040597851501,0.1309505908535042,0.021599999999999994,0.0696,0.06287192325712557,0.0769889145771796,0.019599999999999992,0.932,186.56361175470659,0.1192,0.11050971686933803,0.12847496493201746,0.019199999999999995,0.068,0.061348534154977034,0.07531476032555232,0.018000000000000002,0.9358,74.49157752456667,0.1156,0.10703088700143773,0.12475932225392217,0.015599999999999989,0.0642,0.057734990459406596,0.07133413855590516,0.01419999999999999
strong,84207631,strong_random_3x3_d0,strong:84207631:strong_random_3x3_d0,937081437,3,3,0,900,900,5000,5000,1.0,0.0,49.23537215802427,49.23537215802427,0.0,0.0,0.004716249997727573,0.9432499995455146,32.70303606388762,32.89479584104934,66.50867983996868,1772.913020248206,62.85071000391341,28.98504175831964,28.98504175831964,57.97008351663929,0.001077501489784549,0.9556,0.0912,0.0835308799658389,0.09949679314443981,0.008800000000000002,0.0444,0.039031820881426316,0.05046770913090974,0.005600000000000001,0.956,1772.913020248206,0.0902,0.08257107622794863,0.09845813228622019,0.009800000000000003,0.044,0.03865664033773348,0.05004350383615861,0.006000000000000005,0.9598,62.85071000391341,0.0842,0.07681858265802284,0.09221983827948667,0.01580000000000001,0.0402,0.0350990382522204,0.04600694045645413,0.009800000000000003
strong,84207631,strong_random_3x3_d1,strong:84207631:strong_random_3x3_d1,3813247753,3,3,1,450,900,5000,5000,1.0,0.0,9.851751976197638,19.703503952395277,0.0,0.0,0.00462849996984005,0.92569999396801,51.06178269489523,96.44099037304791,100.14869010132334,894.3775261696022,98.19104412527079,46.48464197003528,92.96928394007055,92.96928394007057,0.5508082917110527,0.9508,0.101,0.0929516499105266,0.10966097624162902,0.0010000000000000009,0.0492,0.04354338255549714,0.055548777518166365,0.0008000000000000021,0.951,894.3775261696022,0.1006,0.09256663145562494,0.10924660885808668,0.0005999999999999894,0.049,0.043355071700947344,0.05533739545349418,0.0010000000000000009,0.9528,98.19104412527079,0.0978,0.08987265154103252,0.10634488790357141,0.0022000000000000075,0.0472,0.04166152580497485,0.05343370507646888,0.002800000000000004
strong,84207631,strong_random_3x3_d2,strong:84207631:strong_random_3x3_d2,1369861365,3,3,2,225,900,5000,5000,1.0,0.0,4.775241127452816,19.100964509811263,0.0008888888888888889,0.0,0.0045886250445619226,0.9177250089123845,63.818963066401714,239.31001299532957,97.2776631797021,343.1041929504205,93.81490218337186,56.49018662677824,225.96074650711296,86.90797942581267,0.7892300755006945,0.9474,0.1064,0.09815326877688091,0.11525106619426803,0.006399999999999989,0.0526,0.04674871022497823,0.05913822947545888,0.002599999999999998,0.948,343.1041929504205,0.1056,0.09738221351103542,0.11442334978322562,0.005599999999999994,0.052,0.046182524523658765,0.05850533641911242,0.001999999999999995,0.9506,93.81490218337186,0.1036,0.0954552451429801,0.11235338895906116,0.003599999999999992,0.0494,0.04373172063796703,0.055760132354918446,0.0006000000000000033
strong,84207631,strong_random_3x3_d3,strong:84207631:strong_random_3x3_d3,2222542446,3,3,3,1800,1800,5000,5000,1.0,0.0,32.183617362110674,32.183617362110674,0.0,0.0,0.004442417062819004,0.8884834125638008,66.80955231615836,66.20647115455796,129.6902523820304,3573.913175326378,128.54914106776704,61.87862706882726,61.87862706882726,123.75725413765453,-0.0036197192788036325,0.9566,0.0906,0.08295496271923773,0.09887363163337505,0.009400000000000006,0.0434,0.0380941093753608,0.04940695604086537,0.006600000000000002,0.9566,3573.913175326378,0.0904,0.08276301361645519,0.09866588781693558,0.009600000000000011,0.0434,0.0380941093753608,0.04940695604086537,0.006600000000000002,0.9584,128.54914106776704,0.0874,0.07988520275826139,0.09554830488679975,0.0126,0.0416,0.03640829747606612,0.04749553166716225,0.008400000000000005
strong,84207631,strong_random_3x3_d4,strong:84207631:strong_random_3x3_d4,1538209711,3,3,4,180,360,5000,5000,1.0,0.0,7.724500011133454,15.449000022266908,2.2222222222222223e-05,0.0,0.004729541949927807,0.9459083899855614,21.12888417512032,36.46429968714688,40.20643535643895,348.6214893736254,37.64093906904789,15.836383142532503,31.672766285065006,31.67276628506501,0.5726298141206212,0.952,0.0974,0.08948796411595085,0.10593018949020915,0.002600000000000005,0.048,0.04241393141870799,0.054280071139623645,0.0020000000000000018,0.9536,348.6214893736254,0.0964,0.08852643154627349,0.10489325746377662,0.003600000000000006,0.0464,0.04090958228231389,0.05258687692224192,0.003600000000000006,0.9594,37.64093906904789,0.0908,0.08314692350146155,0.09908136377037322,0.0092,0.0406,0.03547293459896256,0.046432429948155926,0.009400000000000006
strong,84207631,strong_random_3x3_d5,strong:84207631:strong_random_3x3_d5,1453713521,3,3,5,120,480,5000,5000,1.0,0.0,1.7962737508837179,7.1850950035348715,0.04755555555555555,8.888888888888889e-05,0.004776249988935888,0.9552499977871776,42.073648661923166,158.5686964581741,65.42607024655865,186.47420686970122,61.62711998171865,36.81366700463198,147.25466801852792,56.636410776356904,0.6160328306423335,0.9388,0.1144,0.10587188046648684,0.12352017127354119,0.014399999999999996,0.0612,0.054886946015951704,0.06818678921103043,0.011199999999999995,0.9396,186.47420686970122,0.1118,0.10336176390622992,0.1208342798839124,0.011799999999999991,0.0604,0.05412821616515825,0.06734674738493598,0.0104,0.9432,61.62711998171865,0.1064,0.09815326877688091,0.11525106619426803,0.006399999999999989,0.0568,0.05071806154659551,0.06356242945750312,0.0068000000000000005
strong,84207631,strong_random_3x7_d0,strong:84207631:strong_random_3x7_d0,2365108089,3,7,0,2100,2100,5000,5000,1.0,0.0,34.25958350650027,34.25958350650027,0.0,0.0,0.0061732500325888395,1.234650006517768,80.5654041988978,83.38344316002848,163.4013301262666,4173.742676523322,156.39894834293037,70.29725464411763,70.29725464411763,140.59450928823526,0.02100081536928801,0.9572,0.0898,0.08218723673405674,0.0980425859416681,0.0102,0.0428,0.037531871295135404,0.04877011536342483,0.007200000000000005,0.9572,4173.742676523322,0.0898,0.08218723673405674,0.0980425859416681,0.0102,0.0428,0.037531871295135404,0.04877011536342483,0.007200000000000005,0.9588,156.39894834293037,0.0872,0.07969344539728372,0.09534036932855543,0.012800000000000006,0.0412,0.03603404693250977,0.04707039637227465,0.008800000000000002
strong,84207631,strong_random_3x7_d1,strong:84207631:strong_random_3x7_d1,1649281225,3,7,1,1050,2100,5000,5000,1.0,0.0,12.70275576892013,25.40551153784026,0.0,0.0,0.006135875009931624,1.2271750019863248,97.18322893628277,180.59914446719668,191.19587277482165,2072.996128255958,185.20123909814225,84.64243076493999,169.28486152987998,169.28486152988,0.56912217502218,0.9492,0.0996,0.09160426345312381,0.10821051226447792,0.00040000000000001146,0.0508,0.04505083668536068,0.057238866742078634,0.0007999999999999952,0.9494,2072.996128255958,0.0994,0.0914118206070568,0.10800326219132297,0.0006000000000000033,0.0506,0.044862312290198145,0.0570276982180192,0.0005999999999999964,0.9502,185.20123909814225,0.0974,0.08948796411595085,0.10593018949020915,0.002600000000000005,0.0498,0.04410847786419271,0.056182760967136716,0.00020000000000000573
strong,84207631,strong_random_3x7_d2,strong:84207631:strong_random_3x7_d2,4179280223,3,7,2,525,2100,5000,5000,1.0,0.0,3.4699217249060785,13.879686899624314,0.003476190476190476,0.0,0.006357166916131973,1.2714333832263947,128.91810643551926,464.05395300310454,197.99176949865864,800.9231122904469,186.9782104156589,111.39692380005751,445.58769520023003,171.37988276931927,0.7575985773304542,0.9432,0.1048,0.09661131057076797,0.11359548104660516,0.004799999999999999,0.0568,0.05071806154659551,0.06356242945750312,0.0068000000000000005,0.9438,800.9231122904469,0.1044,0.09622591670218933,0.11318148907673983,0.004400000000000001,0.0562,0.05015038614349223,0.06293102610294048,0.006199999999999997,0.946,186.9782104156589,0.1024,0.09429953122956897,0.11111094535714044,0.0023999999999999994,0.054,0.04807067117820129,0.06061411895678966,0.003999999999999997
strong,84207631,strong_random_3x7_d3,strong:84207631:strong_random_3x7_d3,770860406,3,7,3,4200,4200,5000,5000,1.0,0.0,32.38353422532974,32.38353422532974,0.0,0.0,0.006244624964892864,1.2489249929785728,172.79668408680496,180.38000623765845,352.14324646259905,8376.334054753865,336.6815456040888,162.12896635490043,162.12896635490043,324.25793270980085,0.01831926507590431,0.9556,0.091,0.08333889592848116,0.09928908426257556,0.009000000000000008,0.0444,0.039031820881426316,0.05046770913090974,0.005600000000000001,0.9556,8376.334054753865,0.091,0.08333889592848116,0.09928908426257556,0.009000000000000008,0.0444,0.039031820881426316,0.05046770913090974,0.005600000000000001,0.9566,336.6815456040888,0.0904,0.08276301361645519,0.09866588781693558,0.009600000000000011,0.0434,0.0380941093753608,0.04940695604086537,0.006600000000000002
strong,84207631,strong_random_3x7_d4,strong:84207631:strong_random_3x7_d4,3166924781,3,7,4,420,840,5000,5000,1.0,0.0,4.288903179130068,8.577806358260135,0.0006476190476190476,0.0,0.006297542015090585,1.259508403018117,53.93499598873307,94.77211555076168,101.26888915616168,814.4557390568406,95.12691646715524,39.76994618149018,79.53989236298035,79.53989236298035,0.5549149334031773,0.953,0.0866,0.07911824725927426,0.09471648870889897,0.013400000000000009,0.047,0.041473496167793764,0.05322204179442799,0.0030000000000000027,0.953,814.4557390568406,0.0864,0.07892653932325945,0.09450850372569179,0.013600000000000001,0.047,0.041473496167793764,0.05322204179442799,0.0030000000000000027,0.956,95.12691646715524,0.0852,0.07777655460000227,0.09326033093361713,0.014800000000000008,0.044,0.03865664033773348,0.05004350383615861,0.006000000000000005
strong,84207631,strong_random_3x7_d5,strong:84207631:strong_random_3x7_d5,3605476826,3,7,5,210,840,5000,5000,1.0,0.0,0.2804661292698374,1.1218645170793495,0.1362,0.035019047619047616,0.006531040999107063,1.3062081998214126,41.76785965302655,149.85376575137084,63.619959297467005,321.2836943556164,57.08420134451902,38.980298125309695,155.92119250123878,59.96968942355336,0.6551563457800605,0.9394,0.1098,0.10143191847486697,0.11876719612305557,0.00979999999999999,0.0606,0.05431786826473538,0.06755678820458082,0.010599999999999998,0.9406,321.2836943556164,0.1094,0.10104605723003103,0.11835367152944758,0.009399999999999992,0.0594,0.05318026355064123,0.0662962354033431,0.009399999999999999,0.9446,57.08420134451902,0.105,0.09680402194170139,0.11380246259489372,0.0049999999999999906,0.0554,0.049393802093284464,0.06208883847626033,0.005399999999999995
strong,84207631,strong_random_4x6_d0,strong:84207631:strong_random_4x6_d0,2477600762,4,6,0,2400,2400,5000,5000,1.0,0.0,55.775007513556154,55.775007513556154,0.0,0.0,0.007011541980318725,1.402308396063745,92.41443806413967,93.88868097437715,192.44279192381993,4773.678490735252,173.79051886920053,77.67024557476509,77.67024557476509,155.3404911495302,0.002338697759816364,0.953,0.0948,0.08698853981142897,0.10323360584484532,0.00520000000000001,0.047,0.041473496167793764,0.05322204179442799,0.0030000000000000027,0.9532,4773.678490735252,0.0948,0.08698853981142897,0.10323360584484532,0.00520000000000001,0.0468,0.041285495583661055,0.05301034945933872,0.0032000000000000015,0.9548,173.79051886920053,0.0936,0.08583558172805157,0.10198840641289085,0.006400000000000003,0.0452,0.03978255839785056,0.05131574329137339,0.004800000000000006
strong,84207631,strong_random_4x6_d1,strong:84207631:strong_random_4x6_d1,3332112917,4,6,1,1200,2400,5000,5000,1.0,0.0,13.858180065056787,27.716360130113575,0.0,0.0,0.0068133749300614,1.36267498601228,104.62957830483354,207.8633790995105,202.04270931326587,2366.866568445061,202.66482317089978,92.44969620369159,184.89939240738317,184.89939240738323,0.5698946801647323,0.9542,0.0932,0.08545135145874014,0.10157325084375834,0.0068000000000000005,0.0458,0.040345934701495674,0.05195144574539421,0.004200000000000002,0.9544,2366.866568445061,0.093,0.08525925317287317,0.10136565621040333,0.007000000000000006,0.0456,0.04015811220817567,0.05173957531949225,0.004400000000000001,0.9566,202.66482317089978,0.0918,0.08410690139814984,0.10011985046979481,0.008199999999999999,0.0434,0.0380941093753608,0.04940695604086537,0.006600000000000002
strong,84207631,strong_random_4x6_d2,strong:84207631:strong_random_4x6_d2,4124554038,4,6,2,600,2400,5000,5000,1.0,0.0,1.3766510682063795,5.506604272825518,0.014333333333333333,0.0003,0.007079708040691912,1.4159416081383824,153.1977227800692,537.3485922537891,233.91921668875918,916.1835566989796,220.36045142154998,130.37958280068398,521.5183312027359,200.5839735395138,0.725611925939523,0.947,0.0994,0.0914118206070568,0.10800326219132297,0.0006000000000000033,0.053,0.047126291449339705,0.05956003408954136,0.0029999999999999957,0.9472,916.1835566989796,0.0988,0.09083455407275795,0.10738144996795587,0.0012000000000000066,0.0528,0.046937488516770584,0.05934914410288851,0.002799999999999997,0.9484,220.36045142154998,0.0984,0.09044976166527606,0.10696685653699382,0.0016000000000000042,0.0516,0.04580519305269662,0.0580832820516306,0.0015999999999999973
strong,84207631,strong_random_4x6_d3,strong:84207631:strong_random_4x6_d3,516231547,4,6,3,4800,4800,5000,5000,1.0,0.0,9.494564914182423,9.494564914182423,8.333333333333334e-06,0.0,0.0068886250955984,1.37772501911968,163.31193424335405,165.10575490768736,329.14733151499536,9572.149840101327,320.09890464381476,152.11657730081492,152.11657730081492,304.2331546016299,0.01311598519368621,0.9542,0.0946,0.08679635247448181,0.1030261002625705,0.005400000000000002,0.0458,0.040345934701495674,0.05195144574539421,0.004200000000000002,0.9542,9572.149840101327,0.0944,0.08660417615817816,0.10281858365965217,0.005600000000000008,0.0458,0.040345934701495674,0.05195144574539421,0.004200000000000002,0.9548,320.09890464381476,0.0928,0.08506716616278633,0.10115805030126816,0.007200000000000012,0.0452,0.03978255839785056,0.05131574329137339,0.004800000000000006
strong,84207631,strong_random_4x6_d4,strong:84207631:strong_random_4x6_d4,504205654,4,6,4,480,960,5000,5000,1.0,0.0,4.765912624214311,9.531825248428621,0.00048333333333333334,8.333333333333334e-06,0.006862874957732856,1.3725749915465713,58.13136252895762,99.60483744096834,110.78366854974284,927.3430711698347,102.35858344031277,42.259998196478534,84.51999639295707,84.5199963929571,0.552497612628306,0.95,0.102,0.09391437231340359,0.11069671843486185,0.001999999999999988,0.05,0.04429689670057055,0.05639403504998086,0.0,0.9502,927.3430711698347,0.1016,0.09352925326717293,0.11028245164264858,0.0015999999999999903,0.0498,0.04410847786419271,0.056182760967136716,0.00020000000000000573,0.9524,102.35858344031277,0.0988,0.09083455407275795,0.10738144996795587,0.0012000000000000066,0.0476,0.04203767154178206,0.05385694517810563,0.0023999999999999994
strong,84207631,strong_random_4x6_d5,strong:84207631:strong_random_4x6_d5,3484462869,4,6,5,240,960,5000,5000,1.0,0.0,0.08572716066576945,0.3429086426630778,0.16993333333333333,0.08074166666666667,0.00734162493608892,1.468324987217784,85.72457532837579,288.11464731414316,128.5043710291013,363.08231625875396,113.89706249837332,64.53180073908533,258.1272029563413,99.27969344474664,0.6977935969116962,0.9468,0.1052,0.09699674290476157,0.1140094345510555,0.005199999999999996,0.0532,0.04731511889160377,0.05977089956649927,0.0031999999999999945,0.9472,363.08231625875396,0.1046,0.09641860881615973,0.11338848988199142,0.004599999999999993,0.0528,0.046937488516770584,0.05934914410288851,0.002799999999999997,0.95,113.89706249837332,0.1022,0.09410694680069474,0.11090383686679268,0.0021999999999999936,0.05,0.04429689670057055,0.05639403504998086,0.0
strong,84207631,strong_random_5x5_d0,strong:84207631:strong_random_5x5_d0,513301356,5,5,0,2500,2500,5000,5000,1.0,0.0,53.230393161261226,53.230393161261226,0.0,0.0,0.007402332965284586,1.4804665930569172,96.81555740970803,98.5864107776634,193.59822211567783,4974.72968230498,187.38812779678238,84.08237117652028,84.08237117652028,168.16474235304057,0.006591600500309824,0.957,0.093,0.08525925317287317,0.10136565621040333,0.007000000000000006,0.043,0.0377192510877771,0.0489824284900051,0.007000000000000006,0.9572,4974.72968230498,0.093,0.08525925317287317,0.10136565621040333,0.007000000000000006,0.0428,0.037531871295135404,0.04877011536342483,0.007200000000000005,0.958,187.38812779678238,0.0912,0.0835308799658389,0.09949679314443981,0.008800000000000002,0.042,0.036782686294686,0.047920528686986326,0.008
strong,84207631,strong_random_5x5_d1,strong:84207631:strong_random_5x5_d1,3830120877,5,5,1,1250,2500,5000,5000,1.0,0.0,18.26697424727398,36.53394849454796,0.0,0.0,0.007300834055058658,1.4601668110117316,118.3762120472535,223.57011492644858,231.83245307225903,2464.906703806092,222.85230039071772,102.27048341784527,204.54096683569054,204.54096683569048,0.573195914869141,0.95,0.0934,0.08564346098790362,0.10178083423381681,0.006600000000000009,0.05,0.04429689670057055,0.05639403504998086,0.0,0.9502,2464.906703806092,0.0932,0.08545135145874014,0.10157325084375834,0.0068000000000000005,0.0498,0.04410847786419271,0.056182760967136716,0.00020000000000000573,0.9522,222.85230039071772,0.0912,0.0835308799658389,0.09949679314443981,0.008800000000000002,0.0478,0.04222578729757764,0.054068522341532026,0.0022000000000000006
strong,84207631,strong_random_5x5_d2,strong:84207631:strong_random_5x5_d2,986840094,5,5,2,625,2500,5000,5000,1.0,0.0,0.4394577785122957,1.757831114049183,0.032792,0.006736,0.00759974995162338,1.519949990324676,130.72073993395117,485.4048170996407,199.7531667424481,957.3799621940736,204.53787676790768,120.45955691449129,481.83822765796515,185.32239525306352,0.6835146192034919,0.9374,0.112,0.10355479737222283,0.12104093933714148,0.011999999999999997,0.0626,0.05621549083520565,0.06965609482633033,0.0126,0.9382,957.3799621940736,0.1118,0.10336176390622992,0.1208342798839124,0.011799999999999991,0.0618,0.05545620400945182,0.06881660997519624,0.011799999999999998,0.94,204.53787676790768,0.111,0.1025897185733455,0.12000755353990891,0.010999999999999996,0.06,0.05374897325570842,0.06692660445594185,0.009999999999999995
strong,84207631,strong_random_5x5_d3,strong:84207631:strong_random_5x5_d3,3407906252,5,5,3,5000,5000,5000,5000,1.0,0.0,21.666970823960888,21.666970823960888,0.0,0.0,0.007449249969795346,1.4898499939590693,180.95683178065298,188.0706705349123,362.58773611354746,9974.553608338429,356.6483922247593,170.17579618167318,170.17579618167318,340.3515923633464,0.01905060729378536,0.9516,0.0938,0.08602771364704209,0.10219596741312231,0.006200000000000011,0.0484,0.04279030408863613,0.05470308430813947,0.0016000000000000042,0.9516,9974.553608338429,0.0938,0.08602771364704209,0.10219596741312231,0.006200000000000011,0.0484,0.04279030408863613,0.05470308430813947,0.0016000000000000042,0.9518,356.6483922247593,0.0928,0.08506716616278633,0.10115805030126816,0.007200000000000012,0.0482,0.04260210373766007,0.05449159173989355,0.001800000000000003
strong,84207631,strong_random_5x5_d4,strong:84207631:strong_random_5x5_d4,653415622,5,5,4,500,1000,5000,5000,1.0,0.0,5.752378666962974,11.504757333925948,0.00016,0.0,0.007474792073480785,1.494958414696157,54.53637732130716,93.15987911917946,104.66717118174134,967.4768521720584,97.88970825616678,39.513056285676164,79.02611257135233,79.02611257135233,0.5666846368166175,0.9514,0.0954,0.08756516763547541,0.10385605677846481,0.004600000000000007,0.0486,0.04297853230752914,0.05491454900846843,0.0014000000000000054,0.9516,967.4768521720584,0.0952,0.08737294742283017,0.1036485840718881,0.004799999999999999,0.0484,0.04279030408863613,0.05470308430813947,0.0016000000000000042,0.9538,97.88970825616678,0.092,0.08429893153598811,0.1003275132511785,0.008000000000000007,0.0462,0.0407216699236964,0.05237509636163745,0.0038000000000000048
strong,84207631,strong_random_5x5_d5,strong:84207631:strong_random_5x5_d5,1727147476,5,5,5,250,1000,5000,5000,1.0,0.0,0.4693042325543801,1.8772169302175203,0.0896,0.007432,0.00806600006762892,1.613200013525784,56.13460433620724,203.77437236491895,86.63749620931068,383.39175006184905,83.94569289500888,49.02999409293965,196.1199763717586,75.43076014298407,0.5946546918139666,0.9432,0.1118,0.10336176390622992,0.1208342798839124,0.011799999999999991,0.0568,0.05071806154659551,0.06356242945750312,0.0068000000000000005,0.9442,383.39175006184905,0.1114,0.10297572349198636,0.120420934459712,0.011399999999999993,0.0558,0.04977204852711962,0.06250997788086914,0.0058,0.947,83.94569289500888,0.1076,0.09931013399186059,0.11649235849462022,0.007599999999999996,0.053,0.047126291449339705,0.05956003408954136,0.0029999999999999957
strong,84207631,strong_random_5x10_d0,strong:84207631:strong_random_5x10_d0,2050993936,5,10,0,5000,5000,5000,5000,1.0,0.0,39.97077528684637,39.97077528684637,0.0,0.0,0.010575374937616289,2.1150749875232577,196.95400365709483,188.59867252616567,381.73646394827307,9975.51037432751,365.19408968589767,161.7433049768575,161.7433049768575,323.486609953715,-0.024414621941752705,0.9572,0.0878,0.0802687542239326,0.09596413925957249,0.012200000000000003,0.0428,0.037531871295135404,0.04877011536342483,0.007200000000000005,0.9572,9975.51037432751,0.0878,0.0802687542239326,0.09596413925957249,0.012200000000000003,0.0428,0.037531871295135404,0.04877011536342483,0.007200000000000005,0.9572,365.19408968589767,0.0864,0.07892653932325945,0.09450850372569179,0.013600000000000001,0.0428,0.037531871295135404,0.04877011536342483,0.007200000000000005
strong,84207631,strong_random_5x10_d1,strong:84207631:strong_random_5x10_d1,2486105978,5,10,1,2500,5000,5000,5000,1.0,0.0,10.615016874359425,21.23003374871885,0.0,0.0,0.010867957957088947,2.1735915914177895,260.20018218203865,486.76529959566625,507.77724366411763,4906.951707596245,478.4209443462118,221.6999672977231,443.3999345954462,443.39993459544627,0.5675214065291584,0.954,0.091,0.08333889592848116,0.09928908426257556,0.009000000000000008,0.046,0.040533787335377866,0.052163286030734,0.0040000000000000036,0.954,4906.951707596245,0.091,0.08333889592848116,0.09928908426257556,0.009000000000000008,0.046,0.040533787335377866,0.052163286030734,0.0040000000000000036,0.9544,478.4209443462118,0.0902,0.08257107622794863,0.09845813228622019,0.009800000000000003,0.0456,0.04015811220817567,0.05173957531949225,0.004400000000000001
strong,84207631,strong_random_5x10_d2,strong:84207631:strong_random_5x10_d2,1229352285,5,10,2,1250,5000,5000,5000,1.0,0.0,0.44021934749697955,1.7608773899879182,0.03898,0.004836,0.010969666996970773,2.1939333993941545,258.9465933764905,984.5866852513938,393.773950692579,1907.206307732406,394.4982008611305,244.03078277206774,976.123131088271,375.43197349548893,0.7168086152004899,0.951,0.099,0.0910269658890982,0.1075887310708376,0.0010000000000000009,0.049,0.043355071700947344,0.05533739545349418,0.0010000000000000009,0.9516,1907.206307732406,0.099,0.0910269658890982,0.1075887310708376,0.0010000000000000009,0.0484,0.04279030408863613,0.05470308430813947,0.0016000000000000042,0.9522,394.4982008611305,0.0984,0.09044976166527606,0.10696685653699382,0.0016000000000000042,0.0478,0.04222578729757764,0.054068522341532026,0.0022000000000000006
strong,84207631,strong_random_5x10_d3,strong:84207631:strong_random_5x10_d3,3046338432,5,10,3,10000,10000,5000,5000,1.0,0.0,0.27815563576207103,0.27815563576207103,0.034184,0.033992,0.011147417011670768,2.2294834023341537,339.03519123585994,339.0367442153846,667.9601933334981,19972.200482788805,660.8708564332723,309.1515436260829,309.1515436260829,618.3030872521657,-0.003347619209721957,0.9528,0.0928,0.08506716616278633,0.10115805030126816,0.007200000000000012,0.0472,0.04166152580497485,0.05343370507646888,0.002800000000000004,0.953,19972.200482788805,0.0928,0.08506716616278633,0.10115805030126816,0.007200000000000012,0.047,0.041473496167793764,0.05322204179442799,0.0030000000000000027,0.9536,660.8708564332723,0.0926,0.08487509046113607,0.10095043308369646,0.007400000000000004,0.0464,0.04090958228231389,0.05258687692224192,0.003600000000000006
strong,84207631,strong_random_5x10_d4,strong:84207631:strong_random_5x10_d4,2236477164,5,10,4,1000,2000,5000,5000,1.0,0.0,4.061988955426836,8.123977910853672,0.000676,8e-06,0.010799415991641581,2.159883198328316,116.7313135229091,195.32406297166983,217.30586838630646,1925.855942940964,200.1962596868957,80.33833605200942,160.67667210401885,160.67667210401885,0.5505301049841642,0.9568,0.0836,0.07624395392299979,0.09159538825684377,0.016400000000000012,0.0432,0.03790666385366587,0.04919470864333832,0.0068000000000000005,0.9568,1925.855942940964,0.0836,0.07624395392299979,0.09159538825684377,0.016400000000000012,0.0432,0.03790666385366587,0.04919470864333832,0.0068000000000000005,0.957,200.1962596868957,0.0822,0.07490361133345794,0.0901378804118318,0.01780000000000001,0.043,0.0377192510877771,0.0489824284900051,0.007000000000000006
strong,84207631,strong_random_5x10_d5,strong:84207631:strong_random_5x10_d5,1254035617,5,10,5,500,2000,5000,5000,1.0,0.0,0.22626421541509667,0.9050568616603867,0.157688,0.034004,0.011366916005499661,2.273383201099932,128.04670676084828,442.3202690866145,193.466211311166,758.4869232187073,177.4795025033205,97.0080342295131,388.0321369180524,149.24312958386628,0.7140953055657131,0.942,0.116,0.1074172903603322,0.12517230473347166,0.016,0.058,0.05185400973971143,0.06482463877971906,0.008,0.942,758.4869232187073,0.1152,0.1066445174639681,0.12434630595294784,0.015199999999999991,0.058,0.05185400973971143,0.06482463877971906,0.008,0.9428,177.4795025033205,0.1142,0.10567874259611648,0.12331361622468956,0.01419999999999999,0.0572,0.051096623167800594,0.063983253674742,0.007199999999999998
strong,84207631,strong_random_8x8_d0,strong:84207631:strong_random_8x8_d0,1376110224,8,8,0,6400,6400,5000,5000,1.0,0.0,49.06099006003561,49.06099006003561,0.0,0.0,0.01342983404174447,2.685966808348894,240.92228970803802,245.98902004044325,495.710285515777,12774.243759216837,469.2031342693351,206.7148791655418,206.7148791655418,413.4297583310836,0.008899764688957255,0.952,0.0958,0.08794964072133023,0.10427096953105396,0.004200000000000009,0.048,0.04241393141870799,0.054280071139623645,0.0020000000000000018,0.952,12774.243759216837,0.0958,0.08794964072133023,0.10427096953105396,0.004200000000000009,0.048,0.04241393141870799,0.054280071139623645,0.0020000000000000018,0.9532,469.2031342693351,0.0954,0.08756516763547541,0.10385605677846481,0.004600000000000007,0.0468,0.041285495583661055,0.05301034945933872,0.0032000000000000015
strong,84207631,strong_random_8x8_d1,strong:84207631:strong_random_8x8_d1,2295058348,8,8,1,3200,6400,5000,5000,1.0,0.0,11.022297688478762,22.044595376957524,0.0,0.0,0.013519124942831695,2.703824988566339,279.2404804986904,527.9885042924777,544.9480414901216,6286.636939576019,527.0254565152641,238.55159776933934,477.1031955386787,477.1031955386785,0.5759904274150826,0.954,0.0924,0.0846830261007529,0.10074280452485768,0.0076000000000000095,0.046,0.040533787335377866,0.052163286030734,0.0040000000000000036,0.954,6286.636939576019,0.0922,0.0844909731146427,0.1005351645917459,0.007800000000000001,0.046,0.040533787335377866,0.052163286030734,0.0040000000000000036,0.9542,527.0254565152641,0.092,0.08429893153598811,0.1003275132511785,0.008000000000000007,0.0458,0.040345934701495674,0.05195144574539421,0.004200000000000002
strong,84207631,strong_random_8x8_d2,strong:84207631:strong_random_8x8_d2,2094819811,8,8,2,1600,6400,5000,5000,1.0,0.0,0.6209307598333069,2.4837230393332277,0.026953125,0.001521875,0.013639417011290789,2.7278834022581577,292.720910664418,1074.1386710140998,446.5629536588727,2438.927589058954,435.01346908852634,260.73285049187115,1042.9314019674846,401.1274622951864,0.7115352128459124,0.943,0.1086,0.10027444396247197,0.11752651312011873,0.008599999999999997,0.057,0.05090733129526275,0.06377285262805785,0.006999999999999999,0.943,2438.927589058954,0.1086,0.10027444396247197,0.11752651312011873,0.008599999999999997,0.057,0.05090733129526275,0.06377285262805785,0.006999999999999999,0.9436,435.01346908852634,0.1082,0.099888692291972,0.11711287895217473,0.008199999999999999,0.0564,0.05033958885978194,0.06314151630587274,0.006399999999999996
strong,84207631,strong_random_8x8_d3,strong:84207631:strong_random_8x8_d3,1346680609,8,8,3,12800,12800,5000,5000,1.0,0.0,4.025330420705884,4.025330420705884,0.000253125,0.000284375,0.013317374978214502,2.6634749956429005,420.3546277089415,437.5373497439836,864.4974300756609,25570.979940617188,839.5906726351194,390.83693372372073,390.83693372372073,781.6738674474415,0.018449954104110745,0.9494,0.1022,0.09410694680069474,0.11090383686679268,0.0021999999999999936,0.0506,0.044862312290198145,0.0570276982180192,0.0005999999999999964,0.9494,25570.979940617188,0.1022,0.09410694680069474,0.11090383686679268,0.0021999999999999936,0.0506,0.044862312290198145,0.0570276982180192,0.0005999999999999964,0.9496,839.5906726351194,0.1016,0.09352925326717293,0.11028245164264858,0.0015999999999999903,0.0504,0.044673814062764695,0.05681650352623067,0.0003999999999999976
strong,84207631,strong_random_8x8_d4,strong:84207631:strong_random_8x8_d4,3783478885,8,8,4,1280,2560,5000,5000,1.0,0.0,3.106925024044574,6.213850048089148,0.000959375,2.8125e-05,0.013527125003747642,2.7054250007495284,138.40087916293274,229.73349672761137,262.2832969814299,2460.0582177719994,236.92370557692897,92.82093891595896,185.64187783191792,185.64187783191792,0.5696455221941271,0.9554,0.0932,0.08545135145874014,0.10157325084375834,0.0068000000000000005,0.0446,0.03921945850747833,0.0506797644240797,0.005400000000000002,0.9554,2460.0582177719994,0.0932,0.08545135145874014,0.10157325084375834,0.0068000000000000005,0.0446,0.03921945850747833,0.0506797644240797,0.005400000000000002,0.9568,236.92370557692897,0.0916,0.08391488273466795,0.0999121762140547,0.008400000000000005,0.0432,0.03790666385366587,0.04919470864333832,0.0068000000000000005
strong,84207631,strong_random_8x8_d5,strong:84207631:strong_random_8x8_d5,865120075,8,8,5,640,2560,5000,5000,1.0,0.0,0.11094584024052197,0.44378336096208787,0.0927125,0.0177875,0.013827000046148896,2.7654000092297792,175.61132092436634,557.6553252652619,263.0809763759867,966.340780626656,225.88992654624496,130.35521039202698,521.4208415681079,200.54647752619533,0.6325092463798907,0.9472,0.1068,0.09853885305910906,0.11566486775048385,0.0068000000000000005,0.0528,0.046937488516770584,0.05934914410288851,0.002799999999999997,0.948,966.340780626656,0.1064,0.09815326877688091,0.11525106619426803,0.006399999999999989,0.052,0.046182524523658765,0.05850533641911242,0.001999999999999995,0.949,225.88992654624496,0.1054,0.09718947343586365,0.1142163969391754,0.005399999999999988,0.051,0.045239387102671155,0.057450009243990116,0.000999999999999994
strong,84207631,strong_random_8x12_d0,strong:84207631:strong_random_8x12_d0,1229952046,8,12,0,9600,9600,5000,5000,1.0,0.0,45.96829663879804,45.96829663879804,0.0,0.0,0.017440958064980805,3.488191612996161,321.91191009878696,318.2455148705634,661.2593028489382,19168.8006705882,630.7626055111859,273.07958259268634,273.07958259268634,546.1591651853727,-0.006884358153738511,0.95,0.1006,0.09256663145562494,0.10924660885808668,0.0005999999999999894,0.05,0.04429689670057055,0.05639403504998086,0.0,0.95,19168.8006705882,0.1006,0.09256663145562494,0.10924660885808668,0.0005999999999999894,0.05,0.04429689670057055,0.05639403504998086,0.0,0.95,630.7626055111859,0.1,0.09198917998158554,0.10862498157446016,0.0,0.05,0.04429689670057055,0.05639403504998086,0.0
strong,84207631,strong_random_8x12_d1,strong:84207631:strong_random_8x12_d1,336105363,8,12,1,4800,9600,5000,5000,1.0,0.0,17.532029933340635,35.06405986668127,0.0,0.0,0.01762270904146135,3.5245418082922697,375.44392056397237,709.7699791380327,737.1265650511581,9422.643215346869,724.2279478924813,324.7214142379734,649.4428284759468,649.4428284759468,0.576467407199803,0.9502,0.098,0.09006501107959225,0.10655222128423367,0.0020000000000000018,0.0498,0.04410847786419271,0.056182760967136716,0.00020000000000000573,0.9502,9422.643215346869,0.098,0.09006501107959225,0.10655222128423367,0.0020000000000000018,0.0498,0.04410847786419271,0.056182760967136716,0.00020000000000000573,0.9504,724.2279478924813,0.0978,0.08987265154103252,0.10634488790357141,0.0022000000000000075,0.0496,0.04392008579235034,0.055971460119757115,0.0004000000000000045
strong,84207631,strong_random_8x12_d2,strong:84207631:strong_random_8x12_d2,3005311143,8,12,2,2400,9600,5000,5000,1.0,0.0,0.9681565783940222,3.872626313576089,0.014933333333333333,0.000325,0.01783687504939735,3.56737500987947,406.1238272447784,1466.4892218761495,614.9245524150925,3647.812099822425,591.0097061824722,349.4672759982127,1397.8691039928508,537.6419630741734,0.7313948771013579,0.953,0.0908,0.08314692350146155,0.09908136377037322,0.0092,0.047,0.041473496167793764,0.05322204179442799,0.0030000000000000027,0.953,3647.812099822425,0.0908,0.08314692350146155,0.09908136377037322,0.0092,0.047,0.041473496167793764,0.05322204179442799,0.0030000000000000027,0.9538,591.0097061824722,0.0906,0.08295496271923773,0.09887363163337505,0.009400000000000006,0.0462,0.0407216699236964,0.05237509636163745,0.0038000000000000048
strong,84207631,strong_random_8x12_d3,strong:84207631:strong_random_8x12_d3,2877703442,8,12,3,19200,19200,5000,5000,1.0,0.0,0.6204220114947453,0.6204220114947453,0.0289125,0.028945833333333334,0.017748499987646937,3.5496999975293875,615.2944570910596,621.8194057601797,1254.2043891668711,38368.71338369507,1221.9119982091556,569.3721780975385,569.3721780975385,1138.7443561950768,0.0063547037582898985,0.9488,0.1042,0.09603323425328442,0.11297447860642279,0.004199999999999995,0.0512,0.04542796339795725,0.057661125867926016,0.0011999999999999997,0.9488,38368.71338369507,0.1042,0.09603323425328442,0.11297447860642279,0.004199999999999995,0.0512,0.04542796339795725,0.057661125867926016,0.0011999999999999997,0.949,1221.9119982091556,0.104,0.09584056149398838,0.11276745844649684,0.00399999999999999,0.051,0.045239387102671155,0.057450009243990116,0.000999999999999994
strong,84207631,strong_random_8x12_d4,strong:84207631:strong_random_8x12_d4,289675263,8,12,4,1920,3840,5000,5000,1.0,0.0,2.5982334610848534,5.196466922169707,0.00169375,0.0001,0.018282834091223776,3.6565668182447553,198.7259513114745,336.6601445792703,375.03137917532075,3683.9930162958753,348.5644068139493,136.30142056463006,272.6028411292601,272.6028411292601,0.5714332071575643,0.9558,0.0934,0.08564346098790362,0.10178083423381681,0.006600000000000009,0.0442,0.03884421475711896,0.05025562233599513,0.0058,0.9558,3683.9930162958753,0.0934,0.08564346098790362,0.10178083423381681,0.006600000000000009,0.0442,0.03884421475711896,0.05025562233599513,0.0058,0.9562,348.5644068139493,0.0922,0.0844909731146427,0.1005351645917459,0.007800000000000001,0.0438,0.03846909782873126,0.04983135342593886,0.006200000000000004
strong,84207631,strong_random_8x12_d5,strong:84207631:strong_random_8x12_d5,572412971,8,12,5,960,3840,5000,5000,1.0,0.0,0.3928672643323049,1.5714690573292196,0.09320625,0.00679375,0.018492582952603698,3.6985165905207396,239.56278274915053,771.5251889117794,362.1758250178268,1455.881368526937,307.5260256076889,177.95111176839288,711.8044470735715,273.77094118214285,0.64590076628391,0.9394,0.1194,0.11070306335447488,0.12868131136610256,0.0194,0.0606,0.05431786826473538,0.06755678820458082,0.010599999999999998,0.9394,1455.881368526937,0.1192,0.11050971686933803,0.12847496493201746,0.019199999999999995,0.0606,0.05431786826473538,0.06755678820458082,0.010599999999999998,0.9412,307.5260256076889,0.1186,0.10992972623688405,0.1278558768068055,0.01859999999999999,0.0588,0.05261174177534381,0.0656656784209746,0.008799999999999995
strong,84207631,strong_random_10x10_d0,strong:84207631:strong_random_10x10_d0,1178634543,10,10,0,10000,10000,5000,5000,1.0,0.0,40.52382887621952,40.52382887621952,0.0,0.0,0.01847004098817706,3.694008197635412,389.5710946303931,400.8702233601817,814.953017592287,19973.09477653104,722.6683539329205,315.352057384213,315.352057384213,630.7041147684262,0.01466465353139332,0.9602,0.0866,0.07911824725927426,0.09471648870889897,0.013400000000000009,0.0398,0.03472528711352322,0.04558130575670736,0.0102,0.9602,19973.09477653104,0.0866,0.07911824725927426,0.09471648870889897,0.013400000000000009,0.0398,0.03472528711352322,0.04558130575670736,0.0102,0.9602,722.6683539329205,0.0866,0.07911824725927426,0.09471648870889897,0.013400000000000009,0.0398,0.03472528711352322,0.04558130575670736,0.0102
strong,84207631,strong_random_10x10_d1,strong:84207631:strong_random_10x10_d1,117589432,10,10,1,5000,10000,5000,5000,1.0,0.0,11.161749215277633,22.323498430555265,0.0,0.0,0.018492667004466057,3.6985334008932114,441.2752046140798,780.6022432500855,858.1316417329095,9796.803376362808,796.6921567313094,358.32033180503646,716.6406636100729,716.640663610073,0.5470391654431771,0.955,0.0958,0.08794964072133023,0.10427096953105396,0.004200000000000009,0.045,0.0395948274633155,0.051103781306686476,0.0050000000000000044,0.955,9796.803376362808,0.0958,0.08794964072133023,0.10427096953105396,0.004200000000000009,0.045,0.0395948274633155,0.051103781306686476,0.0050000000000000044,0.955,796.6921567313094,0.0952,0.08737294742283017,0.1036485840718881,0.004799999999999999,0.045,0.0395948274633155,0.051103781306686476,0.0050000000000000044
strong,84207631,strong_random_10x10_d2,strong:84207631:strong_random_10x10_d2,2351619269,10,10,2,2500,10000,5000,5000,1.0,0.0,0.6015978140310901,2.4063912561243606,0.010274,0.000978,0.019292499986477196,3.8584999972954392,462.2835370219364,1645.3978109792397,698.5607246598787,3786.775185231546,667.221933112822,396.0215574689031,1584.0862298756124,609.2639345675433,0.7498979821617286,0.9512,0.099,0.0910269658890982,0.1075887310708376,0.0010000000000000009,0.0488,0.043166788231898734,0.05512598600332083,0.0011999999999999997,0.9514,3786.775185231546,0.099,0.0910269658890982,0.1075887310708376,0.0010000000000000009,0.0486,0.04297853230752914,0.05491454900846843,0.0014000000000000054,0.9518,667.221933112822,0.0984,0.09044976166527606,0.10696685653699382,0.0016000000000000042,0.0482,0.04260210373766007,0.05449159173989355,0.001800000000000003
strong,84207631,strong_random_10x10_d3,strong:84207631:strong_random_10x10_d3,2286464614,10,10,3,20000,20000,5000,5000,1.0,0.0,1.9453386226919651,1.9453386226919651,0.002756,0.002944,0.01866816694382578,3.7336333887651563,768.5104603978873,770.896807574855,1503.3469839346983,39974.26523795353,1494.816374176683,705.1097134319209,705.1097134319209,1410.2194268638418,0.004916077169897167,0.9522,0.0948,0.08698853981142897,0.10323360584484532,0.00520000000000001,0.0478,0.04222578729757764,0.054068522341532026,0.0022000000000000006,0.9522,39974.26523795353,0.0948,0.08698853981142897,0.10323360584484532,0.00520000000000001,0.0478,0.04222578729757764,0.054068522341532026,0.0022000000000000006,0.9524,1494.816374176683,0.0946,0.08679635247448181,0.1030261002625705,0.005400000000000002,0.0476,0.04203767154178206,0.05385694517810563,0.0023999999999999994
strong,84207631,strong_random_10x10_d4,strong:84207631:strong_random_10x10_d4,3185542911,10,10,4,2000,4000,5000,5000,1.0,0.0,3.693042150540158,7.386084301080316,0.000536,1.4e-05,0.018233874929137528,3.6467749858275056,219.69451900079775,354.4555189580644,412.95542041982225,3831.8621414701056,369.4820026121515,144.2838335182147,288.5676670364294,288.5676670364294,0.5576019813997549,0.9556,0.0886,0.0810360030775896,0.09679566208280341,0.011400000000000007,0.0444,0.039031820881426316,0.05046770913090974,0.005600000000000001,0.9556,3831.8621414701056,0.0886,0.0810360030775896,0.09679566208280341,0.011400000000000007,0.0444,0.039031820881426316,0.05046770913090974,0.005600000000000001,0.9566,369.4820026121515,0.0882,0.08065235442991606,0.09637992489203298,0.011800000000000005,0.0434,0.0380941093753608,0.04940695604086537,0.006600000000000002
strong,84207631,strong_random_10x10_d5,strong:84207631:strong_random_10x10_d5,2703603797,10,10,5,1000,4000,5000,5000,1.0,0.0,0.11531817910847753,0.4612727164339101,0.101154,0.015218,0.019524000003002584,3.904800000600517,262.3185373501852,803.8789355488391,394.802548913819,1503.9368919649357,333.17692359928907,182.24660057035925,728.986402281437,280.3793854928603,0.7002914905439515,0.9488,0.1028,0.09468472980921207,0.11152513261594128,0.002799999999999997,0.0512,0.04542796339795725,0.057661125867926016,0.0011999999999999997,0.9494,1503.9368919649357,0.1024,0.09429953122956897,0.11111094535714044,0.0023999999999999994,0.0506,0.044862312290198145,0.0570276982180192,0.0005999999999999964,0.9496,333.17692359928907,0.1016,0.09352925326717293,0.11028245164264858,0.0015999999999999903,0.0504,0.044673814062764695,0.05681650352623067,0.0003999999999999976
strong,84207631,strong_random_10x15_d0,strong:84207631:strong_random_10x15_d0,87428078,10,15,0,15000,15000,5000,5000,1.0,0.0,36.38490550311975,36.38490550311975,0.0,0.0,0.025668457965366542,5.1336915930733085,534.3721660101555,560.3320809046999,1104.0067961169527,29972.46384060408,1025.957259205904,443.53020952782487,443.53020952782487,887.0604190556498,0.02446483358395643,0.959,0.0898,0.08218723673405674,0.0980425859416681,0.0102,0.041,0.035846974112552034,0.0468577762730104,0.009000000000000001,0.959,29972.46384060408,0.0898,0.08218723673405674,0.0980425859416681,0.0102,0.041,0.035846974112552034,0.0468577762730104,0.009000000000000001,0.9594,1025.957259205904,0.0896,0.08199533469929988,0.09783479505720301,0.010400000000000006,0.0406,0.03547293459896256,0.046432429948155926,0.009400000000000006
strong,84207631,strong_random_10x15_d1,strong:84207631:strong_random_10x15_d1,1538964656,10,15,1,7500,15000,5000,5000,1.0,0.0,14.656529165785233,29.313058331570467,0.0,0.0,0.024923791992478073,4.9847583984956145,666.418739285483,1221.1950477609716,1277.1097011878753,14678.095410626658,1280.5419173384623,579.6055521234837,1159.2111042469674,1159.2111042469671,0.5629734020707122,0.9504,0.0968,0.08891101254321587,0.1053080623052782,0.0032000000000000084,0.0496,0.04392008579235034,0.055971460119757115,0.0004000000000000045,0.9504,14678.095410626658,0.0968,0.08891101254321587,0.1053080623052782,0.0032000000000000084,0.0496,0.04392008579235034,0.055971460119757115,0.0004000000000000045,0.951,1280.5419173384623,0.0966,0.08871871668658596,0.10510066524268613,0.0034000000000000002,0.049,0.043355071700947344,0.05533739545349418,0.0010000000000000009
strong,84207631,strong_random_10x15_d2,strong:84207631:strong_random_10x15_d2,949219107,10,15,2,3750,15000,5000,5000,1.0,0.0,1.7374229769039953,6.949691907615981,0.004008,9.333333333333333e-06,0.024818332982249558,4.963666596449912,810.2733102014755,2694.793830804183,1222.9450912663744,5666.513405533087,1086.2417415127634,642.0871909103757,2568.348763641503,987.826447554424,0.741896972956424,0.9562,0.0942,0.08641201089382725,0.10261105600478113,0.0058,0.0438,0.03846909782873126,0.04983135342593886,0.006200000000000004,0.9562,5666.513405533087,0.094,0.08621985671290236,0.10240351726648403,0.006000000000000005,0.0438,0.03846909782873126,0.04983135342593886,0.006200000000000004,0.9562,1086.2417415127634,0.0938,0.08602771364704209,0.10219596741312231,0.006200000000000011,0.0438,0.03846909782873126,0.04983135342593886,0.006200000000000004
strong,84207631,strong_random_10x15_d3,strong:84207631:strong_random_10x15_d3,4282669549,10,15,3,30000,30000,5000,5000,1.0,0.0,1.8925037371809568,1.8925037371809568,0.0017853333333333334,0.0018986666666666668,0.024855791009031236,4.971158201806247,1084.9704411218884,1068.5809954369083,2188.728138413429,59972.24879926197,2050.4164637523545,958.4789224513682,958.4789224513682,1916.957844902737,-0.0023516782984775836,0.9488,0.095,0.0871807381378733,0.10344110043762297,0.0050000000000000044,0.0512,0.04542796339795725,0.057661125867926016,0.0011999999999999997,0.9488,59972.24879926197,0.095,0.0871807381378733,0.10344110043762297,0.0050000000000000044,0.0512,0.04542796339795725,0.057661125867926016,0.0011999999999999997,0.9488,2050.4164637523545,0.0948,0.08698853981142897,0.10323360584484532,0.00520000000000001,0.0512,0.04542796339795725,0.057661125867926016,0.0011999999999999997
strong,84207631,strong_random_10x15_d4,strong:84207631:strong_random_10x15_d4,1579632673,10,15,4,3000,6000,5000,5000,1.0,0.0,3.0800080801311807,6.160016160262361,0.0005906666666666666,2.2666666666666668e-05,0.02474987495224923,4.949974990449846,354.3188943624751,564.6586711559604,650.894673927819,5732.524089576778,571.746672535091,225.07948116888522,450.15896233777045,450.1589623377704,0.5426688281051312,0.9578,0.0816,0.0743293778033679,0.0895130351842559,0.0184,0.0422,0.036969931969046375,0.04813297593184792,0.007800000000000001,0.9578,5732.524089576778,0.0816,0.0743293778033679,0.0895130351842559,0.0184,0.0422,0.036969931969046375,0.04813297593184792,0.007800000000000001,0.958,571.746672535091,0.0814,0.07413799348501177,0.08930472658339006,0.018600000000000005,0.042,0.036782686294686,0.047920528686986326,0.008
strong,84207631,strong_random_10x15_d5,strong:84207631:strong_random_10x15_d5,2697296757,10,15,5,1500,6000,5000,5000,1.0,0.0,0.21024329672821104,0.8409731869128442,0.10347333333333333,0.018250666666666665,0.026333625079132617,5.266725015826523,391.5867137809857,1290.8123215762373,584.2637147040301,2249.7311905649262,494.75857374802854,281.35870339931904,1125.4348135972762,432.8595436912601,0.683878772001365,0.949,0.1102,0.10181781589489737,0.11918068454146914,0.0102,0.051,0.045239387102671155,0.057450009243990116,0.000999999999999994,0.949,2249.7311905649262,0.11,0.10162486267378054,0.11897394484336399,0.009999999999999995,0.051,0.045239387102671155,0.057450009243990116,0.000999999999999994,0.95,494.75857374802854,0.1086,0.10027444396247197,0.11752651312011873,0.008599999999999997,0.05,0.04429689670057055,0.05639403504998086,0.0
strong,84207631,strong_random_20x20_d0,strong:84207631:strong_random_20x20_d0,1731090767,20,20,0,40000,40000,5000,5000,1.0,0.0,30.358801143332965,30.358801143332965,0.0,0.0,0.0608140000840649,12.16280001681298,1419.6944653617793,1481.2640157263284,2873.886795835645,79973.35492630591,2715.734869431555,1161.5293881864848,1161.5293881864848,2323.058776372969,0.02036313974636486,0.9576,0.0898,0.08218723673405674,0.0980425859416681,0.0102,0.0424,0.037157211511963724,0.048345389308152555,0.007600000000000003,0.9576,79973.35492630591,0.0898,0.08218723673405674,0.0980425859416681,0.0102,0.0424,0.037157211511963724,0.048345389308152555,0.007600000000000003,0.9578,2715.734869431555,0.0896,0.08199533469929988,0.09783479505720301,0.010400000000000006,0.0422,0.036969931969046375,0.04813297593184792,0.007800000000000001
strong,84207631,strong_random_20x20_d1,strong:84207631:strong_random_20x20_d1,3823165741,20,20,1,20000,40000,5000,5000,1.0,0.0,6.348127540140614,12.696255080281228,5.5e-06,0.0,0.06180187501013279,12.360375002026558,1745.941922820551,3216.3634128607114,3433.824254879943,39106.119267847076,3198.860517297462,1438.8591799103142,2877.7183598206284,2877.718359820628,0.5641899590050643,0.9546,0.097,0.08910331908658219,0.10551544868113384,0.0030000000000000027,0.0454,0.039970320043562504,0.05152767456488344,0.0046,0.9546,39106.119267847076,0.097,0.08910331908658219,0.10551544868113384,0.0030000000000000027,0.0454,0.039970320043562504,0.05152767456488344,0.0046,0.9546,3198.860517297462,0.0968,0.08891101254321587,0.1053080623052782,0.0032000000000000084,0.0454,0.039970320043562504,0.05152767456488344,0.0046
strong,84207631,strong_random_20x20_d2,strong:84207631:strong_random_20x20_d2,2660828664,20,20,2,10000,40000,5000,5000,1.0,0.0,0.8997029658880482,3.598811863552193,0.006128,7.45e-05,0.06272954202722758,12.545908405445516,1704.9001163925416,6139.489173968586,2571.636916060884,15110.287538219101,2478.222641150598,1440.3486859369625,5761.39474374785,2215.9210552876348,0.7670754403800504,0.9498,0.0966,0.08871871668658596,0.10510066524268613,0.0034000000000000002,0.0502,0.04448534215006971,0.05660528251970368,0.0001999999999999988,0.9498,15110.287538219101,0.0966,0.08871871668658596,0.10510066524268613,0.0034000000000000002,0.0502,0.04448534215006971,0.05660528251970368,0.0001999999999999988,0.9498,2478.222641150598,0.0966,0.08871871668658596,0.10510066524268613,0.0034000000000000002,0.0502,0.04448534215006971,0.05660528251970368,0.0001999999999999988
strong,84207631,strong_random_20x20_d3,strong:84207631:strong_random_20x20_d3,2942022331,20,20,3,80000,80000,5000,5000,1.0,0.0,0.7063397943890117,0.7063397943890117,0.006629,0.0065915,0.06295091600622982,12.590183201245964,2655.832641737504,2704.5543852449114,5542.577188240534,159970.67203991453,5323.279654476487,2467.676578991654,2467.676578991654,4935.353157983306,0.008388881817825131,0.9448,0.1064,0.09815326877688091,0.11525106619426803,0.006399999999999989,0.0552,0.049204713358980225,0.061878234291342586,0.005199999999999996,0.9448,159970.67203991453,0.1064,0.09815326877688091,0.11525106619426803,0.006399999999999989,0.0552,0.049204713358980225,0.061878234291342586,0.005199999999999996,0.9448,5323.279654476487,0.1064,0.09815326877688091,0.11525106619426803,0.006399999999999989,0.0552,0.049204713358980225,0.061878234291342586,0.005199999999999996
strong,84207631,strong_random_20x20_d4,strong:84207631:strong_random_20x20_d4,1741329229,20,20,4,8000,16000,5000,5000,1.0,0.0,4.163804666045051,8.327609332090102,0.0002595,2e-06,0.061577457934617996,12.3154915869236,867.0267895789881,1437.0872162482435,1634.6285659256207,15255.476795904107,1457.7595970919028,560.5009508625689,1121.0019017251377,1121.0019017251377,0.571273121870954,0.958,0.0892,0.08161156623219645,0.09741917768586247,0.010800000000000004,0.042,0.036782686294686,0.047920528686986326,0.008,0.958,15255.476795904107,0.0892,0.08161156623219645,0.09741917768586247,0.010800000000000004,0.042,0.036782686294686,0.047920528686986326,0.008,0.958,1457.7595970919028,0.0888,0.08122784547465063,0.09700351260496436,0.011200000000000002,0.042,0.036782686294686,0.047920528686986326,0.008
strong,84207631,strong_random_20x20_d5,strong:84207631:strong_random_20x20_d5,2989213211,20,20,5,4000,16000,5000,5000,1.0,0.0,0.04552869182774607,0.18211476731098428,0.1131065,0.027633,0.06505683402065188,13.011366804130375,954.133424950771,2815.5808486750548,1414.2382606504757,5971.516015813602,1173.8037916862797,648.8536262942607,2595.414505177043,998.2363481450162,0.7003802345825878,0.947,0.1034,0.09526260160094047,0.1121463395818788,0.0034000000000000002,0.053,0.047126291449339705,0.05956003408954136,0.0029999999999999957,0.947,5971.516015813602,0.1034,0.09526260160094047,0.1121463395818788,0.0034000000000000002,0.053,0.047126291449339705,0.05956003408954136,0.0029999999999999957,0.947,1173.8037916862797,0.1032,0.09506996784785655,0.11193928041574076,0.0031999999999999945,0.053,0.047126291449339705,0.05956003408954136,0.0029999999999999957
stress,73105913,stress_random_2x2_d0_n20_20,stress:73105913:stress_random_2x2_d0_n20_20,4076944418,2,2,0,20,20,10000,9992,0.9992,-1.1102230246251565e-16,3.431445229420409,3.7074723989041343,0.0089,0.008625,0.007132500060833991,0.7132500060833991,2.044657960078151,2.0688084500838357,4.064125579062015,27.634906957475373,2.3847314275841285,0.656983755964949,0.6579300045315981,1.3149116274974075,-0.02093149185034137,0.9679743795036029,0.05184147317854283,0.04766401337201238,0.05636339273526437,0.04815852682145717,0.032025620496397116,0.028749194130189462,0.03566173730295617,0.017974379503602887,0.9728783026421137,27.634906957475373,0.04733787029623699,0.04334514220807258,0.05167851965508346,0.052662129703763015,0.027121697357886308,0.024113856919340943,0.030492997447984355,0.022878302642113695,0.9795836669335468,2.3847314275841285,0.04143314651721377,0.03769858214709859,0.04552017059598808,0.05856685348278624,0.020416333066453164,0.01782217021832029,0.023379109385536403,0.02958366693354684
stress,73105913,stress_random_2x2_d0_n30_30,stress:73105913:stress_random_2x2_d0_n30_30,4059206406,2,2,0,30,30,10000,9998,0.9998,-1.1102230246251565e-16,5.147167844130614,5.561208598356202,0.0012,0.000925,0.006967082968913019,0.6967082968913019,2.1699232692358517,2.160041381431433,4.297259484405633,43.54977056329076,2.926183373889238,0.9854756339474234,0.9868950067973971,1.9723674412461105,-0.02418725785264355,0.984496899379876,0.040808161632326465,0.03710317260552766,0.044865879013229026,0.05919183836767354,0.015503100620124026,0.013260877481806864,0.01811749020306732,0.034496899379875975,0.9860972194438887,43.54977056329076,0.035007001400280055,0.0315791363380955,0.03879205097961302,0.06499299859971995,0.013902780556111223,0.011787233461975076,0.016391723381230648,0.03609721944388878,0.9876975395079016,2.926183373889238,0.027205441088217642,0.02419365524562645,0.030580404218948337,0.07279455891178237,0.01230246049209842,0.010321357581358277,0.014658188420178991,0.037697539507901584
stress,73105913,stress_random_2x2_d0_n50_50,stress:73105913:stress_random_2x2_d0_n50_50,4089452027,2,2,0,50,50,10000,10000,1.0,-1.1102230246251565e-16,8.578613073551022,9.268680997260335,2.5e-05,2.5e-05,0.006979499943554401,0.6979499943554401,2.69464501205475,2.7368045547070214,5.327913589456085,79.64308242392318,4.203712258678085,1.6424593899123725,1.6448250113289953,3.287279068743519,0.009315248549063865,0.9852,0.0439,0.040056664635316194,0.048093618678414995,0.056100000000000004,0.0148,0.01261275780745284,0.01735987421145173,0.0352,0.9872,79.64308242392318,0.0385,0.034902806561893866,0.04245162393424063,0.061500000000000006,0.0128,0.010776367996168325,0.015197800016218949,0.037200000000000004,0.9916,4.203712258678085,0.0261,0.023152457773687764,0.02941149588203951,0.07390000000000001,0.0084,0.006790405766700767,0.01038714143134846,0.041600000000000005
stress,73105913,stress_random_2x2_d0_n100_100,stress:73105913:stress_random_2x2_d0_n100_100,101027656,2,2,0,100,100,10000,10000,1.0,-1.1102230246251565e-16,17.157226147102044,18.53736199452067,0.0,0.0,0.006989042041823268,0.6989042041823268,4.165857373853316,4.319454219308219,8.414369938322078,174.2562297027764,7.35365451568488,3.284918779824745,3.2896500226579906,6.574558137487038,0.007069826828409674,0.9793,0.0643,0.05965779150234358,0.069276824677864,0.03570000000000001,0.0207,0.01808796362357549,0.023680137214555093,0.029300000000000003,0.9811,174.2562297027764,0.0614,0.05686117117938984,0.06627567219136767,0.0386,0.0189,0.016409946182360143,0.02175953704990488,0.031100000000000003,0.9883,7.35365451568488,0.0384,0.03480754176870031,0.042346965527108316,0.06160000000000001,0.0117,0.00977199841537232,0.014003014393430442,0.0383
stress,73105913,stress_random_2x5_d5_n30_120,stress:73105913:stress_random_2x5_d5_n30_120,3939544460,2,5,5,30,120,10000,10000,1.0,8.881784197001252e-16,2.2693624613786184e-10,0.23151754846943703,0.35974,0.07999,0.00918291590642184,0.918291590642184,7.848945257521763,31.606877969085595,12.51648932847464,47.06011419539943,10.333041178683935,4.074372500818182,26.018668534375898,6.775632061420318,0.7164005316774675,0.8332,0.2384,0.2301499495499617,0.24685095839757631,0.1384,0.1668,0.15962153982637,0.17423435668784887,0.1168,0.8395,47.06011419539943,0.2322,0.22402811314009016,0.24057755638724423,0.13219999999999998,0.1605,0.15343614475522827,0.16782459013846113,0.1105,0.8973,10.333041178683935,0.1783,0.17092189780378297,0.18592516674791032,0.07829999999999998,0.1027,0.09690195201038847,0.10880317309495117,0.0527
stress,73105913,stress_random_2x5_d5_n50_200,stress:73105913:stress_random_2x5_d5_n50_200,4201610559,2,5,5,50,200,10000,10000,1.0,8.881784197001252e-16,3.782270768964364e-10,0.38586258078239505,0.32569,0.06833,0.008887124946340919,0.8887124946340919,10.067418978945863,44.04456947506233,16.147712214438226,79.39455565469393,14.644558499905806,6.79062083469697,43.36444755729316,11.292720102367198,0.7511576998297657,0.8697,0.1942,0.18656473063500326,0.20207012276850259,0.0942,0.1303,0.12384381425728684,0.13704011413799144,0.0803,0.8722,79.39455565469393,0.1907,0.18311955496592291,0.19851798642617763,0.0907,0.1278,0.12139894718038388,0.1344869012067478,0.0778,0.906,14.644558499905806,0.1615,0.15441769594328073,0.16884227095366736,0.0615,0.094,0.08843513913331585,0.09987666754367353,0.044
stress,73105913,stress_random_2x5_d5_n100_400,stress:73105913:stress_random_2x5_d5_n100_400,3025594862,2,5,5,100,400,10000,10000,1.0,8.881784197001252e-16,7.564541537928728e-10,0.7717251615647901,0.30458,0.04588,0.008996082935482264,0.8996082935482264,16.899301679740226,76.66820314490052,27.494330628344713,161.26157055045329,26.028969221288033,13.58124166939394,86.72889511458632,22.585440204734397,0.7713251944123094,0.9047,0.1551,0.14813749781942093,0.16232738425667176,0.05509999999999998,0.0953,0.08969939098825978,0.10121141729296583,0.04529999999999999,0.9074,161.26157055045329,0.1536,0.14666618004383244,0.16079985402737226,0.05359999999999998,0.0926,0.08707400932446209,0.0984388725479652,0.0426,0.923,26.028969221288033,0.1393,0.13265184003002725,0.14622517639457885,0.0393,0.077,0.07193581365373697,0.08238904896785543,0.026999999999999996
stress,73105913,stress_random_3x3_d2_n30_120,stress:73105913:stress_random_3x3_d2_n30_120,1596620353,3,3,2,30,120,10000,10000,1.0,2.4424906541753444e-15,0.6553609581239621,0.37915560513928814,0.16584444444444443,0.09975555555555556,0.009527541929855943,0.9527541929855943,15.736363213288298,27.95043307440955,24.821442228500263,47.16754037371046,16.281873050764148,8.559462007602033,25.29876306566674,13.285259796225244,0.36624061359555427,0.8892,0.174,0.16669514627324092,0.18155522066444016,0.07399999999999998,0.1108,0.10479679861935051,0.11710210571238416,0.06079999999999999,0.8984,47.16754037371046,0.1654,0.15824667740785173,0.17281029430180508,0.06539999999999999,0.1016,0.09583067183565595,0.10767529806609914,0.05159999999999999,0.9247,16.281873050764148,0.1399,0.13323939019393913,0.14683716543262218,0.03989999999999999,0.0753,0.07028965503084275,0.08063651318520995,0.025300000000000003
stress,73105913,stress_random_3x3_d2_n50_200,stress:73105913:stress_random_3x3_d2_n50_200,1909523276,3,3,2,50,200,10000,10000,1.0,2.4424906541753444e-15,1.0922682635399368,0.6319260085654802,0.08384444444444444,0.06391111111111111,0.009267791989259422,0.9267791989259422,21.85026597890345,42.83336669417714,33.89977409058248,77.18533569216103,26.77478314106352,14.265770012670057,42.164605109444565,22.142099660375408,0.44875093642395386,0.9102,0.1496,0.1427438223236886,0.15672528373448158,0.049600000000000005,0.0898,0.0843529388240022,0.09556209343930087,0.0398,0.9129,77.18533569216103,0.1444,0.13764734650580046,0.15142575313542472,0.044399999999999995,0.0871,0.08173060321353506,0.09278650264096966,0.037099999999999994,0.9269,26.77478314106352,0.1304,0.12394162574904777,0.13714222584655633,0.030399999999999983,0.0731,0.06816047751850315,0.07836738029038051,0.023099999999999996
stress,73105913,stress_random_3x3_d2_n100_400,stress:73105913:stress_random_3x3_d2_n100_400,11180187,3,3,2,100,400,10000,10000,1.0,2.4424906541753444e-15,2.1845365270798736,1.2638520171309604,0.018566666666666665,0.0314,0.009240666986443102,0.9240666986443102,36.2627155470891,82.45044989031004,55.38392340688365,153.4659684896696,51.863108824547574,28.531540025340114,84.32921021888913,44.284199320750815,0.6175965606619629,0.9277,0.1285,0.12208342799375611,0.13520188279565665,0.028499999999999998,0.0723,0.0673865609604734,0.07754191124580335,0.0223,0.9292,153.4659684896696,0.1264,0.12003017930618444,0.13305674427638517,0.026400000000000007,0.0708,0.06593595516500314,0.07599366903638563,0.0208,0.9363,51.863108824547574,0.1188,0.11260438556927689,0.12528837478852697,0.018799999999999997,0.0637,0.05907894589748436,0.06865613108076804,0.013700000000000004
stress,73105913,stress_random_4x6_d5_n50_200,stress:73105913:stress_random_4x6_d5_n50_200,211383330,4,6,5,50,200,10000,10000,1.0,-1.0769163338864018e-13,0.3226652442129256,1.8092481480107847,0.2510291666666667,0.01485,0.014707207912579179,1.4707207912579179,28.88982265439542,58.147841331311966,45.89761506388835,79.60908075688678,27.08388574464695,10.919323134291693,38.97522999823521,17.32910675442047,0.3347394013997063,0.9027,0.1625,0.1553993453552091,0.1698598535449976,0.0625,0.0973,0.09164502945588461,0.1032642428318583,0.047299999999999995,0.9085,79.60908075688678,0.1577,0.15068833033852974,0.16497455494603547,0.0577,0.0915,0.08600482594391368,0.09730890072492909,0.041499999999999995,0.9177,27.08388574464695,0.1474,0.14058725764493432,0.15448353800606682,0.0474,0.0823,0.0770726451510133,0.08784814708784992,0.032299999999999995
stress,73105913,stress_random_4x6_d5_n100_400,stress:73105913:stress_random_4x6_d5_n100_400,3055553307,4,6,5,100,400,10000,10000,1.0,-1.0769163338864018e-13,0.6453304884258512,3.6184962960215694,0.1048,0.0014,0.014101292006671429,1.4101292006671429,40.93971412085552,95.27518277396518,63.781300732547315,155.85948300795008,47.85071350925982,21.838646268583386,77.95045999647041,34.65821350884094,0.5303505802972261,0.9256,0.1317,0.12521329131149195,0.13846956188834847,0.031700000000000006,0.0744,0.06941846917938224,0.07970839023373763,0.02439999999999999,0.9275,155.85948300795008,0.1291,0.12267017677689551,0.13581467321447238,0.029099999999999987,0.0725,0.06758002331835347,0.07774829528857499,0.022499999999999992,0.9319,47.85071350925982,0.1238,0.11748887818020112,0.13040004219389595,0.023799999999999988,0.0681,0.06332652098496507,0.07320517680762535,0.01809999999999999
stress,73105913,stress_random_4x6_d5_n200_800,stress:73105913:stress_random_4x6_d5_n200_800,3205249314,4,6,5,200,800,10000,10000,1.0,-1.0769163338864018e-13,1.2906609768517023,7.236992592043139,0.028016666666666665,2.0833333333333333e-05,0.01373991696164012,1.373991696164012,63.17446197730401,170.18147924835685,97.66067122608767,310.10910383123803,87.41278570444733,43.67729253716677,155.90091999294083,69.31642701768187,0.6570869732469714,0.9392,0.117,0.11084684235929051,0.12344730039264776,0.017,0.0608,0.05628292474217007,0.06565437942663224,0.010799999999999997,0.9401,310.10910383123803,0.1165,0.11035872023710813,0.12293580651320082,0.0165,0.0599,0.05541579742650972,0.06472219793935981,0.009899999999999999,0.943,87.41278570444733,0.1136,0.1075283490749479,0.11996840486591098,0.013600000000000001,0.057,0.05262376832268912,0.06171645423373034,0.006999999999999999
stress,84207631,stress_random_2x2_d0_n20_20,stress:84207631:stress_random_2x2_d0_n20_20,4057944413,2,2,0,20,20,10000,9990,0.999,2.220446049250313e-16,2.9691761156717873,3.3884670973207283,0.0115,0.0086,0.0070723750395700336,0.7072375039570034,2.075018924638998,2.0964087035647543,4.095678401699374,27.784528109491845,2.470273616535801,0.6649645768801256,0.6596517970907004,1.3245720940240915,-0.014896531643845367,0.9619619619619619,0.05765765765765766,0.053254540090101526,0.06240083262951805,0.04234234234234235,0.03803803803803804,0.034461073444593496,0.041970142916810546,0.011961961961961962,0.9666666666666667,27.784528109491845,0.05165165165165165,0.04748138548913017,0.05616659242695403,0.048348348348348356,0.03333333333333333,0.029988816537647858,0.03703660722765345,0.01666666666666667,0.9752752752752752,2.470273616535801,0.046446446446446445,0.04249108940913084,0.0507504796772227,0.05355355355355356,0.024724724724724725,0.021857469462422684,0.027957355084477924,0.025275275275275278
stress,84207631,stress_random_2x2_d0_n30_30,stress:84207631:stress_random_2x2_d0_n30_30,3535640561,2,2,0,30,30,10000,9997,0.9997,2.220446049250313e-16,4.453764173507681,5.082700645981093,0.0024,0.0012,0.007080250070430338,0.7080250070430338,2.211187915016445,2.1549141261009366,4.403592763857095,43.42031993165905,2.910039074352347,0.9974468653201883,0.9894776956360505,1.9868581410361377,-0.002889708158363265,0.9813944183254977,0.04261278383515055,0.03882595782890616,0.04675098710564693,0.05738721616484946,0.01860558167450235,0.01613570738543467,0.021445276211620935,0.03139441832549765,0.9839951985595679,43.42031993165905,0.038111433430029006,0.03453216669855363,0.04204553548521867,0.061888566569971,0.01600480144043213,0.013724168167940852,0.018657252950885855,0.03399519855956787,0.9858957687306192,2.910039074352347,0.03160948284485346,0.02835571050321806,0.03522308548498203,0.06839051715514655,0.014104231269380815,0.01197223953235654,0.016609501313918282,0.035895768730619185
stress,84207631,stress_random_2x2_d0_n50_50,stress:84207631:stress_random_2x2_d0_n50_50,4068164339,2,2,0,50,50,10000,10000,1.0,2.220446049250313e-16,7.422940289179468,8.47116774330182,0.000125,5e-05,0.006939042010344565,0.6939042010344565,2.664836377213614,2.7039798440544125,5.436226825664673,78.62571760712339,4.207370627257031,1.6624114422003138,1.649129492726751,3.3114302350602305,-0.001110246872776062,0.9832,0.0476,0.04359778345506978,0.05194965827071841,0.0524,0.0168,0.014460231994417773,0.019510864031004094,0.03320000000000001,0.9862,78.62571760712339,0.0432,0.03938757077465524,0.047363250136794904,0.0568,0.0138,0.01169303356334014,0.01628036645230578,0.0362,0.9898,4.207370627257031,0.0293,0.026171040591166105,0.032790455474988836,0.07070000000000001,0.0102,0.008410152377830622,0.012366012426084174,0.0398
stress,84207631,stress_random_2x2_d0_n100_100,stress:84207631:stress_random_2x2_d0_n100_100,3268242015,2,2,0,100,100,10000,10000,1.0,2.220446049250313e-16,14.845880578358935,16.94233548660364,0.0,0.0,0.00683829199988395,0.683829199988395,4.44898556061344,4.2231571239667725,8.539012878596251,175.25918465004423,7.448651881918263,3.3248228844006276,3.298258985453502,6.622860470120461,-0.019792725573832794,0.9768,0.0594,0.0549341876459215,0.0642041917183187,0.040600000000000004,0.0232,0.020427485405598345,0.026338695440678853,0.026800000000000004,0.9781,175.25918465004423,0.0577,0.053297413090029784,0.06244227186867072,0.042300000000000004,0.0219,0.019209724626243638,0.02495745461579732,0.028100000000000003,0.9881,7.448651881918263,0.0396,0.03595116606388124,0.043602419635837775,0.0604,0.0119,0.009954278775904261,0.014220580433550234,0.0381
stress,84207631,stress_random_2x5_d5_n30_120,stress:84207631:stress_random_2x5_d5_n30_120,169494749,2,5,5,30,120,10000,10000,1.0,-1.7763568394002505e-14,0.29144647488046577,1.7763482480550659,0.20411,0.0181,0.009329249965958297,0.9329249965958297,21.580395036250945,54.15628021904171,35.650687504001205,48.346300698067104,20.79635759900161,12.070765671759176,47.4205869257304,18.533268141743083,0.43556900157661177,0.8952,0.1644,0.1572647472375898,0.17179299246880833,0.06439999999999999,0.1048,0.09894770837873794,0.11095580393344485,0.0548,0.9018,48.346300698067104,0.1568,0.14980527180138778,0.16405830468024465,0.05679999999999999,0.0982,0.0925208132697518,0.10418776782092391,0.04819999999999999,0.9257,20.79635759900161,0.1373,0.1306936472901703,0.14418490512791848,0.0373,0.0743,0.06932168421384148,0.07960525199895256,0.024300000000000002
stress,84207631,stress_random_2x5_d5_n50_200,stress:84207631:stress_random_2x5_d5_n50_200,3365607047,2,5,5,50,200,10000,10000,1.0,-1.7763568394002505e-14,0.4857441248007762,2.96058041342511,0.13448,0.00467,0.009052625042386353,0.9052625042386353,26.133110665249344,89.28506909724744,42.64381250000153,80.3101969998715,30.67415834012816,20.117942786265292,79.03431154288398,30.888780236238468,0.43074935754520666,0.913,0.1474,0.14058725764493432,0.15448353800606682,0.0474,0.087,0.08163350980821202,0.09268367284596682,0.03699999999999999,0.916,80.3101969998715,0.1435,0.13676556977562518,0.15050822106266723,0.04349999999999998,0.084,0.07872173922489444,0.08959774741950847,0.034,0.9277,30.67415834012816,0.1287,0.12227900571210885,0.1354061514779556,0.028700000000000003,0.0723,0.0673865609604734,0.07754191124580335,0.0223
stress,84207631,stress_random_2x5_d5_n100_400,stress:84207631:stress_random_2x5_d5_n100_400,1312701237,2,5,5,100,400,10000,10000,1.0,-1.7763568394002505e-14,0.9714882496015524,5.92116082685022,0.0619,0.00027,0.008844916941598058,0.8844916941598058,41.49259966411198,168.06722596704614,65.82757859867664,156.80824580336372,60.916855753306166,40.235885572530584,158.06862308576797,61.777560472476935,0.4690493401561831,0.9206,0.1399,0.13323939019393913,0.14683716543262218,0.03989999999999999,0.0794,0.0742610670868209,0.08486195234259225,0.029399999999999996,0.9226,156.80824580336372,0.1377,0.13108524770141056,0.14459299751798171,0.037699999999999984,0.0774,0.07232325434187925,0.0828013010810166,0.027399999999999994,0.9272,60.916855753306166,0.1312,0.12472416371473778,0.13795907348347328,0.031200000000000006,0.0728,0.0678702378720228,0.07805785033588326,0.0228
stress,84207631,stress_random_3x3_d2_n30_120,stress:84207631:stress_random_3x3_d2_n30_120,61226455,3,3,2,30,120,10000,10000,1.0,-6.661338147750939e-16,0.6366988169937088,1.8644875463706156,0.1542111111111111,0.026833333333333334,0.009486834052950144,0.9486834052950144,13.861045525023673,31.428247380690053,21.218334059046526,45.12493731178925,14.728742394838722,7.532024883570433,28.99761878742682,11.39615003534913,0.561602798318049,0.896,0.1634,0.15628291320342744,0.17077559449971205,0.06339999999999998,0.104,0.09816828299142255,0.11013584371815333,0.05399999999999999,0.9011,45.12493731178925,0.157,0.150001499925265,0.16426192295701914,0.056999999999999995,0.0989,0.09320208250763985,0.10490596098531689,0.0489,0.9283,14.728742394838722,0.1331,0.12658301640861294,0.13989876159578954,0.03309999999999999,0.0717,0.0668062416135247,0.07692269139079684,0.021699999999999997
stress,84207631,stress_random_3x3_d2_n50_200,stress:84207631:stress_random_3x3_d2_n50_200,2308429137,3,3,2,50,200,10000,10000,1.0,-6.661338147750939e-16,1.0611646949895146,3.107479243951026,0.07485555555555555,0.006066666666666666,0.009153958992101252,0.9153958992101252,18.970286274773613,51.28378777283344,28.58609877632624,74.84957873279586,22.85491322048175,12.553374805950721,48.329364645711365,18.993583392248553,0.6174277168296273,0.9181,0.1373,0.1306936472901703,0.14418490512791848,0.0373,0.0819,0.076684721274765,0.08743637816279476,0.0319,0.9223,74.84957873279586,0.1332,0.1266808633190313,0.1400008378856971,0.03320000000000001,0.0777,0.0726138617813624,0.08311046324251103,0.027700000000000002,0.9363,22.85491322048175,0.1201,0.1138740139673215,0.1266177479947186,0.020099999999999993,0.0637,0.05907894589748436,0.06865613108076804,0.013700000000000004
stress,84207631,stress_random_3x3_d2_n100_400,stress:84207631:stress_random_3x3_d2_n100_400,2236487226,3,3,2,100,400,10000,10000,1.0,-6.661338147750939e-16,2.122329389979029,6.214958487902052,0.018166666666666668,0.00023333333333333333,0.009147000033408403,0.9147000033408403,31.482113069943,105.0007252079996,47.20796956757146,149.29358244162788,43.14649944020945,25.106749611901442,96.65872929142273,37.987166784497106,0.7194182003906683,0.9355,0.118,0.11182319691636709,0.12447017783882984,0.017999999999999988,0.0645,0.059850766612729644,0.06948369596812967,0.014499999999999999,0.9372,149.29358244162788,0.1163,0.11016348174910562,0.12273119860055162,0.016299999999999995,0.0628,0.05821090451957561,0.06772486365574398,0.012799999999999992,0.9439,43.14649944020945,0.1099,0.10391906174443061,0.11618053378437129,0.009899999999999992,0.0561,0.05175793644691601,0.06078297730657066,0.006099999999999994
stress,84207631,stress_random_4x6_d5_n50_200,stress:84207631:stress_random_4x6_d5_n50_200,3629464248,4,6,5,50,200,10000,10000,1.0,-8.881784197001252e-16,0.01785982513870197,1.6898915353339934,0.3922583333333333,0.020941666666666667,0.014706374960951507,1.4706374960951507,29.61374485641521,66.72652817289094,44.72691121061629,75.22365909156545,29.57576380555432,13.44412515397611,51.857040145254466,20.314470474582617,0.3864705843207059,0.906,0.1613,0.15422137782418782,0.1686387426721085,0.06129999999999999,0.094,0.08843513913331585,0.09987666754367353,0.044,0.9108,75.22365909156545,0.1556,0.1486279888033619,0.16283650927436008,0.05559999999999998,0.0892,0.08377006348345017,0.0949454295778977,0.0392,0.9235,29.57576380555432,0.1428,0.1360798069996437,0.14979452143636765,0.042800000000000005,0.0765,0.07145157089871979,0.08187367572124327,0.026499999999999996
stress,84207631,stress_random_4x6_d5_n100_400,stress:84207631:stress_random_4x6_d5_n100_400,2805859157,4,6,5,100,400,10000,10000,1.0,-8.881784197001252e-16,0.03571965027740394,3.3797830706679868,0.2732541666666667,0.00215,0.014117582933977246,1.4117582933977246,44.68247833744985,122.33699399909192,66.78072322098775,149.66050097260853,52.26825730511041,26.88825030795222,103.71408029050893,40.628940949165234,0.5224692873336997,0.9237,0.1341,0.12756154150463053,0.14091946850303058,0.03409999999999999,0.0763,0.0712578919927582,0.08166750822655316,0.026300000000000004,0.9259,149.66050097260853,0.1315,0.12501763646775332,0.13826537033143532,0.0315,0.0741,0.06912812242006838,0.07939896739207392,0.024099999999999996,0.9318,52.26825730511041,0.1268,0.12042122933038314,0.13346538705348987,0.02679999999999999,0.0682,0.06342312768049133,0.07330849331242498,0.018199999999999994
stress,84207631,stress_random_4x6_d5_n200_800,stress:84207631:stress_random_4x6_d5_n200_800,3469870624,4,6,5,200,800,10000,10000,1.0,-8.881784197001252e-16,0.07143930055480788,6.7595661413359736,0.1870125,5e-05,0.013915540999732912,1.3915540999732912,75.63799524849831,231.43993501471144,113.45866255440816,299.59984077223896,94.34155472882738,53.77650061590444,207.42816058101786,81.25788189833047,0.6816116137951826,0.9405,0.1144,0.10830901428662576,0.12078712525684004,0.014399999999999996,0.0595,0.05503050223544109,0.06430780032912498,0.009499999999999995,0.9415,299.59984077223896,0.1133,0.10723562483853583,0.11966135950134546,0.013299999999999992,0.0585,0.05406752392995941,0.06327154663134801,0.0085,0.9439,94.34155472882738,0.1103,0.10430915111284116,0.1165901372172642,0.01029999999999999,0.0561,0.05175793644691601,0.06078297730657066,0.006099999999999994
