reference,model,n,mean_error,median_abs_error,mean_abs_error,max_abs_error
product,standard,9,-0.08187491879606583,0.07996012072443037,0.08580460207811534,0.17446552040534263
product,stage12,9,-0.010575992266190888,0.015282467920768539,0.023517668602035215,0.08752788091278021
permutation,standard,9,-0.22417131729414397,0.2599891593590029,0.22417131729414397,0.4395886122786694
permutation,stage12,9,-0.152872390764269,0.17692707497065951,0.152872390764269,0.35374608381284023
product,permutation_empirical,9,0.14229639849807812,0.12685238952209554,0.14229639849807812,0.32806330733853223
