configuration_id,shape,alphabet_size,cells,regime,regime_label,sample_size_p,sample_size_q,observations_per_cell,stage,true_mi_p,true_mi_q,true_mi_difference,method,method_label,replicates,valid_count,valid_rate,reject_count,rejection_rate,wilson_low,wilson_high,absolute_calibration_error
3x3_balanced_n25,3x3,3,9,balanced,Balanced margins,25,25,2.7777777777777777,alternative,0.05,0.1,0.05,constrained_lr,Constrained LR,20,20,1.0,1,0.05,0.008881448800795402,0.23613119344674205,
3x3_balanced_n25,3x3,3,9,balanced,Balanced margins,25,25,2.7777777777777777,alternative,0.05,0.1,0.05,expanded_welch,Expanded Welch,20,20,1.0,1,0.05,0.008881448800795402,0.23613119344674205,
3x3_balanced_n25,3x3,3,9,balanced,Balanced margins,25,25,2.7777777777777777,alternative,0.05,0.1,0.05,normal_wald,Normal Wald,20,20,1.0,2,0.1,0.027866481213768224,0.3010336452284873,
3x3_balanced_n25,3x3,3,9,balanced,Balanced margins,25,25,2.7777777777777777,equal_mi_null,0.05,0.05,0.0,constrained_lr,Constrained LR,20,20,1.0,0,0.0,0.0,0.16112515805281938,0.05
3x3_balanced_n25,3x3,3,9,balanced,Balanced margins,25,25,2.7777777777777777,equal_mi_null,0.05,0.05,0.0,expanded_welch,Expanded Welch,20,20,1.0,0,0.0,0.0,0.16112515805281938,0.05
3x3_balanced_n25,3x3,3,9,balanced,Balanced margins,25,25,2.7777777777777777,equal_mi_null,0.05,0.05,0.0,normal_wald,Normal Wald,20,20,1.0,1,0.05,0.008881448800795402,0.23613119344674205,0.0
3x3_balanced_n50,3x3,3,9,balanced,Balanced margins,50,50,5.555555555555555,alternative,0.05,0.1,0.05,constrained_lr,Constrained LR,20,20,1.0,4,0.2,0.08065766257979806,0.41601743225189364,
3x3_balanced_n50,3x3,3,9,balanced,Balanced margins,50,50,5.555555555555555,alternative,0.05,0.1,0.05,expanded_welch,Expanded Welch,20,20,1.0,3,0.15,0.052368745896216595,0.36041886474075696,
3x3_balanced_n50,3x3,3,9,balanced,Balanced margins,50,50,5.555555555555555,alternative,0.05,0.1,0.05,normal_wald,Normal Wald,20,20,1.0,5,0.25,0.11186170140766569,0.468700877618744,
3x3_balanced_n50,3x3,3,9,balanced,Balanced margins,50,50,5.555555555555555,equal_mi_null,0.05,0.05,0.0,constrained_lr,Constrained LR,20,20,1.0,0,0.0,0.0,0.16112515805281938,0.05
3x3_balanced_n50,3x3,3,9,balanced,Balanced margins,50,50,5.555555555555555,equal_mi_null,0.05,0.05,0.0,expanded_welch,Expanded Welch,20,20,1.0,0,0.0,0.0,0.16112515805281938,0.05
3x3_balanced_n50,3x3,3,9,balanced,Balanced margins,50,50,5.555555555555555,equal_mi_null,0.05,0.05,0.0,normal_wald,Normal Wald,20,20,1.0,0,0.0,0.0,0.16112515805281938,0.05
3x3_balanced_n75,3x3,3,9,balanced,Balanced margins,75,75,8.333333333333334,alternative,0.05,0.1,0.05,constrained_lr,Constrained LR,20,20,1.0,3,0.15,0.052368745896216595,0.36041886474075696,
3x3_balanced_n75,3x3,3,9,balanced,Balanced margins,75,75,8.333333333333334,alternative,0.05,0.1,0.05,expanded_welch,Expanded Welch,20,20,1.0,3,0.15,0.052368745896216595,0.36041886474075696,
3x3_balanced_n75,3x3,3,9,balanced,Balanced margins,75,75,8.333333333333334,alternative,0.05,0.1,0.05,normal_wald,Normal Wald,20,20,1.0,3,0.15,0.052368745896216595,0.36041886474075696,
3x3_balanced_n75,3x3,3,9,balanced,Balanced margins,75,75,8.333333333333334,equal_mi_null,0.05,0.05,0.0,constrained_lr,Constrained LR,20,20,1.0,2,0.1,0.027866481213768224,0.3010336452284873,0.05
3x3_balanced_n75,3x3,3,9,balanced,Balanced margins,75,75,8.333333333333334,equal_mi_null,0.05,0.05,0.0,expanded_welch,Expanded Welch,20,20,1.0,0,0.0,0.0,0.16112515805281938,0.05
3x3_balanced_n75,3x3,3,9,balanced,Balanced margins,75,75,8.333333333333334,equal_mi_null,0.05,0.05,0.0,normal_wald,Normal Wald,20,20,1.0,2,0.1,0.027866481213768224,0.3010336452284873,0.05
3x3_balanced_n100,3x3,3,9,balanced,Balanced margins,100,100,11.11111111111111,alternative,0.05,0.1,0.05,constrained_lr,Constrained LR,20,20,1.0,2,0.1,0.027866481213768224,0.3010336452284873,
3x3_balanced_n100,3x3,3,9,balanced,Balanced margins,100,100,11.11111111111111,alternative,0.05,0.1,0.05,expanded_welch,Expanded Welch,20,20,1.0,2,0.1,0.027866481213768224,0.3010336452284873,
3x3_balanced_n100,3x3,3,9,balanced,Balanced margins,100,100,11.11111111111111,alternative,0.05,0.1,0.05,normal_wald,Normal Wald,20,20,1.0,2,0.1,0.027866481213768224,0.3010336452284873,
3x3_balanced_n100,3x3,3,9,balanced,Balanced margins,100,100,11.11111111111111,equal_mi_null,0.05,0.05,0.0,constrained_lr,Constrained LR,20,20,1.0,1,0.05,0.008881448800795402,0.23613119344674205,0.0
3x3_balanced_n100,3x3,3,9,balanced,Balanced margins,100,100,11.11111111111111,equal_mi_null,0.05,0.05,0.0,expanded_welch,Expanded Welch,20,20,1.0,0,0.0,0.0,0.16112515805281938,0.05
3x3_balanced_n100,3x3,3,9,balanced,Balanced margins,100,100,11.11111111111111,equal_mi_null,0.05,0.05,0.0,normal_wald,Normal Wald,20,20,1.0,1,0.05,0.008881448800795402,0.23613119344674205,0.0
3x3_balanced_n150,3x3,3,9,balanced,Balanced margins,150,150,16.666666666666668,alternative,0.05,0.1,0.05,constrained_lr,Constrained LR,20,20,1.0,4,0.2,0.08065766257979806,0.41601743225189364,
3x3_balanced_n150,3x3,3,9,balanced,Balanced margins,150,150,16.666666666666668,alternative,0.05,0.1,0.05,expanded_welch,Expanded Welch,20,20,1.0,4,0.2,0.08065766257979806,0.41601743225189364,
3x3_balanced_n150,3x3,3,9,balanced,Balanced margins,150,150,16.666666666666668,alternative,0.05,0.1,0.05,normal_wald,Normal Wald,20,20,1.0,4,0.2,0.08065766257979806,0.41601743225189364,
3x3_balanced_n150,3x3,3,9,balanced,Balanced margins,150,150,16.666666666666668,equal_mi_null,0.05,0.05,0.0,constrained_lr,Constrained LR,20,20,1.0,0,0.0,0.0,0.16112515805281938,0.05
3x3_balanced_n150,3x3,3,9,balanced,Balanced margins,150,150,16.666666666666668,equal_mi_null,0.05,0.05,0.0,expanded_welch,Expanded Welch,20,20,1.0,0,0.0,0.0,0.16112515805281938,0.05
3x3_balanced_n150,3x3,3,9,balanced,Balanced margins,150,150,16.666666666666668,equal_mi_null,0.05,0.05,0.0,normal_wald,Normal Wald,20,20,1.0,0,0.0,0.0,0.16112515805281938,0.05
3x3_balanced_n250,3x3,3,9,balanced,Balanced margins,250,250,27.77777777777778,alternative,0.05,0.1,0.05,constrained_lr,Constrained LR,20,20,1.0,5,0.25,0.11186170140766569,0.468700877618744,
3x3_balanced_n250,3x3,3,9,balanced,Balanced margins,250,250,27.77777777777778,alternative,0.05,0.1,0.05,expanded_welch,Expanded Welch,20,20,1.0,5,0.25,0.11186170140766569,0.468700877618744,
3x3_balanced_n250,3x3,3,9,balanced,Balanced margins,250,250,27.77777777777778,alternative,0.05,0.1,0.05,normal_wald,Normal Wald,20,20,1.0,5,0.25,0.11186170140766569,0.468700877618744,
3x3_balanced_n250,3x3,3,9,balanced,Balanced margins,250,250,27.77777777777778,equal_mi_null,0.05,0.05,0.0,constrained_lr,Constrained LR,20,20,1.0,1,0.05,0.008881448800795402,0.23613119344674205,0.0
3x3_balanced_n250,3x3,3,9,balanced,Balanced margins,250,250,27.77777777777778,equal_mi_null,0.05,0.05,0.0,expanded_welch,Expanded Welch,20,20,1.0,1,0.05,0.008881448800795402,0.23613119344674205,0.0
3x3_balanced_n250,3x3,3,9,balanced,Balanced margins,250,250,27.77777777777778,equal_mi_null,0.05,0.05,0.0,normal_wald,Normal Wald,20,20,1.0,1,0.05,0.008881448800795402,0.23613119344674205,0.0
3x3_balanced_n500,3x3,3,9,balanced,Balanced margins,500,500,55.55555555555556,alternative,0.05,0.1,0.05,constrained_lr,Constrained LR,20,20,1.0,10,0.5,0.2992980081982123,0.7007019918017877,
3x3_balanced_n500,3x3,3,9,balanced,Balanced margins,500,500,55.55555555555556,alternative,0.05,0.1,0.05,expanded_welch,Expanded Welch,20,20,1.0,10,0.5,0.2992980081982123,0.7007019918017877,
3x3_balanced_n500,3x3,3,9,balanced,Balanced margins,500,500,55.55555555555556,alternative,0.05,0.1,0.05,normal_wald,Normal Wald,20,20,1.0,10,0.5,0.2992980081982123,0.7007019918017877,
3x3_balanced_n500,3x3,3,9,balanced,Balanced margins,500,500,55.55555555555556,equal_mi_null,0.05,0.05,0.0,constrained_lr,Constrained LR,20,20,1.0,1,0.05,0.008881448800795402,0.23613119344674205,0.0
3x3_balanced_n500,3x3,3,9,balanced,Balanced margins,500,500,55.55555555555556,equal_mi_null,0.05,0.05,0.0,expanded_welch,Expanded Welch,20,20,1.0,1,0.05,0.008881448800795402,0.23613119344674205,0.0
3x3_balanced_n500,3x3,3,9,balanced,Balanced margins,500,500,55.55555555555556,equal_mi_null,0.05,0.05,0.0,normal_wald,Normal Wald,20,20,1.0,1,0.05,0.008881448800795402,0.23613119344674205,0.0
3x3_balanced_n1000,3x3,3,9,balanced,Balanced margins,1000,1000,111.11111111111111,alternative,0.05,0.1,0.05,constrained_lr,Constrained LR,20,20,1.0,19,0.95,0.763868806553258,0.9911185511992047,
3x3_balanced_n1000,3x3,3,9,balanced,Balanced margins,1000,1000,111.11111111111111,alternative,0.05,0.1,0.05,expanded_welch,Expanded Welch,20,20,1.0,19,0.95,0.763868806553258,0.9911185511992047,
3x3_balanced_n1000,3x3,3,9,balanced,Balanced margins,1000,1000,111.11111111111111,alternative,0.05,0.1,0.05,normal_wald,Normal Wald,20,20,1.0,19,0.95,0.763868806553258,0.9911185511992047,
3x3_balanced_n1000,3x3,3,9,balanced,Balanced margins,1000,1000,111.11111111111111,equal_mi_null,0.05,0.05,0.0,constrained_lr,Constrained LR,20,20,1.0,0,0.0,0.0,0.16112515805281938,0.05
3x3_balanced_n1000,3x3,3,9,balanced,Balanced margins,1000,1000,111.11111111111111,equal_mi_null,0.05,0.05,0.0,expanded_welch,Expanded Welch,20,20,1.0,0,0.0,0.0,0.16112515805281938,0.05
3x3_balanced_n1000,3x3,3,9,balanced,Balanced margins,1000,1000,111.11111111111111,equal_mi_null,0.05,0.05,0.0,normal_wald,Normal Wald,20,20,1.0,0,0.0,0.0,0.16112515805281938,0.05
3x3_mild_n25,3x3,3,9,mild,Mildly skewed margins,25,25,2.7777777777777777,alternative,0.05,0.1,0.05,constrained_lr,Constrained LR,20,20,1.0,0,0.0,0.0,0.16112515805281938,
3x3_mild_n25,3x3,3,9,mild,Mildly skewed margins,25,25,2.7777777777777777,alternative,0.05,0.1,0.05,expanded_welch,Expanded Welch,20,20,1.0,0,0.0,0.0,0.16112515805281938,
3x3_mild_n25,3x3,3,9,mild,Mildly skewed margins,25,25,2.7777777777777777,alternative,0.05,0.1,0.05,normal_wald,Normal Wald,20,20,1.0,1,0.05,0.008881448800795402,0.23613119344674205,
3x3_mild_n25,3x3,3,9,mild,Mildly skewed margins,25,25,2.7777777777777777,equal_mi_null,0.05,0.05,0.0,constrained_lr,Constrained LR,20,20,1.0,1,0.05,0.008881448800795402,0.23613119344674205,0.0
3x3_mild_n25,3x3,3,9,mild,Mildly skewed margins,25,25,2.7777777777777777,equal_mi_null,0.05,0.05,0.0,expanded_welch,Expanded Welch,20,20,1.0,1,0.05,0.008881448800795402,0.23613119344674205,0.0
3x3_mild_n25,3x3,3,9,mild,Mildly skewed margins,25,25,2.7777777777777777,equal_mi_null,0.05,0.05,0.0,normal_wald,Normal Wald,20,20,1.0,1,0.05,0.008881448800795402,0.23613119344674205,0.0
3x3_mild_n50,3x3,3,9,mild,Mildly skewed margins,50,50,5.555555555555555,alternative,0.05,0.1,0.05,constrained_lr,Constrained LR,20,20,1.0,2,0.1,0.027866481213768224,0.3010336452284873,
3x3_mild_n50,3x3,3,9,mild,Mildly skewed margins,50,50,5.555555555555555,alternative,0.05,0.1,0.05,expanded_welch,Expanded Welch,20,20,1.0,2,0.1,0.027866481213768224,0.3010336452284873,
3x3_mild_n50,3x3,3,9,mild,Mildly skewed margins,50,50,5.555555555555555,alternative,0.05,0.1,0.05,normal_wald,Normal Wald,20,20,1.0,2,0.1,0.027866481213768224,0.3010336452284873,
3x3_mild_n50,3x3,3,9,mild,Mildly skewed margins,50,50,5.555555555555555,equal_mi_null,0.05,0.05,0.0,constrained_lr,Constrained LR,20,20,1.0,1,0.05,0.008881448800795402,0.23613119344674205,0.0
3x3_mild_n50,3x3,3,9,mild,Mildly skewed margins,50,50,5.555555555555555,equal_mi_null,0.05,0.05,0.0,expanded_welch,Expanded Welch,20,20,1.0,1,0.05,0.008881448800795402,0.23613119344674205,0.0
3x3_mild_n50,3x3,3,9,mild,Mildly skewed margins,50,50,5.555555555555555,equal_mi_null,0.05,0.05,0.0,normal_wald,Normal Wald,20,20,1.0,1,0.05,0.008881448800795402,0.23613119344674205,0.0
3x3_mild_n75,3x3,3,9,mild,Mildly skewed margins,75,75,8.333333333333334,alternative,0.05,0.1,0.05,constrained_lr,Constrained LR,20,20,1.0,2,0.1,0.027866481213768224,0.3010336452284873,
3x3_mild_n75,3x3,3,9,mild,Mildly skewed margins,75,75,8.333333333333334,alternative,0.05,0.1,0.05,expanded_welch,Expanded Welch,20,20,1.0,1,0.05,0.008881448800795402,0.23613119344674205,
3x3_mild_n75,3x3,3,9,mild,Mildly skewed margins,75,75,8.333333333333334,alternative,0.05,0.1,0.05,normal_wald,Normal Wald,20,20,1.0,2,0.1,0.027866481213768224,0.3010336452284873,
3x3_mild_n75,3x3,3,9,mild,Mildly skewed margins,75,75,8.333333333333334,equal_mi_null,0.05,0.05,0.0,constrained_lr,Constrained LR,20,20,1.0,0,0.0,0.0,0.16112515805281938,0.05
3x3_mild_n75,3x3,3,9,mild,Mildly skewed margins,75,75,8.333333333333334,equal_mi_null,0.05,0.05,0.0,expanded_welch,Expanded Welch,20,20,1.0,0,0.0,0.0,0.16112515805281938,0.05
3x3_mild_n75,3x3,3,9,mild,Mildly skewed margins,75,75,8.333333333333334,equal_mi_null,0.05,0.05,0.0,normal_wald,Normal Wald,20,20,1.0,0,0.0,0.0,0.16112515805281938,0.05
3x3_mild_n100,3x3,3,9,mild,Mildly skewed margins,100,100,11.11111111111111,alternative,0.05,0.1,0.05,constrained_lr,Constrained LR,20,20,1.0,4,0.2,0.08065766257979806,0.41601743225189364,
3x3_mild_n100,3x3,3,9,mild,Mildly skewed margins,100,100,11.11111111111111,alternative,0.05,0.1,0.05,expanded_welch,Expanded Welch,20,20,1.0,3,0.15,0.052368745896216595,0.36041886474075696,
3x3_mild_n100,3x3,3,9,mild,Mildly skewed margins,100,100,11.11111111111111,alternative,0.05,0.1,0.05,normal_wald,Normal Wald,20,20,1.0,5,0.25,0.11186170140766569,0.468700877618744,
3x3_mild_n100,3x3,3,9,mild,Mildly skewed margins,100,100,11.11111111111111,equal_mi_null,0.05,0.05,0.0,constrained_lr,Constrained LR,20,20,1.0,1,0.05,0.008881448800795402,0.23613119344674205,0.0
3x3_mild_n100,3x3,3,9,mild,Mildly skewed margins,100,100,11.11111111111111,equal_mi_null,0.05,0.05,0.0,expanded_welch,Expanded Welch,20,20,1.0,0,0.0,0.0,0.16112515805281938,0.05
3x3_mild_n100,3x3,3,9,mild,Mildly skewed margins,100,100,11.11111111111111,equal_mi_null,0.05,0.05,0.0,normal_wald,Normal Wald,20,20,1.0,1,0.05,0.008881448800795402,0.23613119344674205,0.0
3x3_mild_n150,3x3,3,9,mild,Mildly skewed margins,150,150,16.666666666666668,alternative,0.05,0.1,0.05,constrained_lr,Constrained LR,20,20,1.0,3,0.15,0.052368745896216595,0.36041886474075696,
3x3_mild_n150,3x3,3,9,mild,Mildly skewed margins,150,150,16.666666666666668,alternative,0.05,0.1,0.05,expanded_welch,Expanded Welch,20,20,1.0,3,0.15,0.052368745896216595,0.36041886474075696,
3x3_mild_n150,3x3,3,9,mild,Mildly skewed margins,150,150,16.666666666666668,alternative,0.05,0.1,0.05,normal_wald,Normal Wald,20,20,1.0,3,0.15,0.052368745896216595,0.36041886474075696,
3x3_mild_n150,3x3,3,9,mild,Mildly skewed margins,150,150,16.666666666666668,equal_mi_null,0.05,0.05,0.0,constrained_lr,Constrained LR,20,20,1.0,0,0.0,0.0,0.16112515805281938,0.05
3x3_mild_n150,3x3,3,9,mild,Mildly skewed margins,150,150,16.666666666666668,equal_mi_null,0.05,0.05,0.0,expanded_welch,Expanded Welch,20,20,1.0,0,0.0,0.0,0.16112515805281938,0.05
3x3_mild_n150,3x3,3,9,mild,Mildly skewed margins,150,150,16.666666666666668,equal_mi_null,0.05,0.05,0.0,normal_wald,Normal Wald,20,20,1.0,0,0.0,0.0,0.16112515805281938,0.05
3x3_mild_n250,3x3,3,9,mild,Mildly skewed margins,250,250,27.77777777777778,alternative,0.05,0.1,0.05,constrained_lr,Constrained LR,20,20,1.0,9,0.45,0.2581978582556243,0.6579146575496577,
3x3_mild_n250,3x3,3,9,mild,Mildly skewed margins,250,250,27.77777777777778,alternative,0.05,0.1,0.05,expanded_welch,Expanded Welch,20,20,1.0,8,0.4,0.21880653237281705,0.6134184992377469,
3x3_mild_n250,3x3,3,9,mild,Mildly skewed margins,250,250,27.77777777777778,alternative,0.05,0.1,0.05,normal_wald,Normal Wald,20,20,1.0,9,0.45,0.2581978582556243,0.6579146575496577,
3x3_mild_n250,3x3,3,9,mild,Mildly skewed margins,250,250,27.77777777777778,equal_mi_null,0.05,0.05,0.0,constrained_lr,Constrained LR,20,20,1.0,0,0.0,0.0,0.16112515805281938,0.05
3x3_mild_n250,3x3,3,9,mild,Mildly skewed margins,250,250,27.77777777777778,equal_mi_null,0.05,0.05,0.0,expanded_welch,Expanded Welch,20,20,1.0,0,0.0,0.0,0.16112515805281938,0.05
3x3_mild_n250,3x3,3,9,mild,Mildly skewed margins,250,250,27.77777777777778,equal_mi_null,0.05,0.05,0.0,normal_wald,Normal Wald,20,20,1.0,0,0.0,0.0,0.16112515805281938,0.05
3x3_mild_n500,3x3,3,9,mild,Mildly skewed margins,500,500,55.55555555555556,alternative,0.05,0.1,0.05,constrained_lr,Constrained LR,20,20,1.0,13,0.65,0.43285427668523624,0.818808175898918,
3x3_mild_n500,3x3,3,9,mild,Mildly skewed margins,500,500,55.55555555555556,alternative,0.05,0.1,0.05,expanded_welch,Expanded Welch,20,20,1.0,13,0.65,0.43285427668523624,0.818808175898918,
3x3_mild_n500,3x3,3,9,mild,Mildly skewed margins,500,500,55.55555555555556,alternative,0.05,0.1,0.05,normal_wald,Normal Wald,20,20,1.0,13,0.65,0.43285427668523624,0.818808175898918,
3x3_mild_n500,3x3,3,9,mild,Mildly skewed margins,500,500,55.55555555555556,equal_mi_null,0.05,0.05,0.0,constrained_lr,Constrained LR,20,20,1.0,1,0.05,0.008881448800795402,0.23613119344674205,0.0
3x3_mild_n500,3x3,3,9,mild,Mildly skewed margins,500,500,55.55555555555556,equal_mi_null,0.05,0.05,0.0,expanded_welch,Expanded Welch,20,20,1.0,1,0.05,0.008881448800795402,0.23613119344674205,0.0
3x3_mild_n500,3x3,3,9,mild,Mildly skewed margins,500,500,55.55555555555556,equal_mi_null,0.05,0.05,0.0,normal_wald,Normal Wald,20,20,1.0,1,0.05,0.008881448800795402,0.23613119344674205,0.0
3x3_mild_n1000,3x3,3,9,mild,Mildly skewed margins,1000,1000,111.11111111111111,alternative,0.05,0.1,0.05,constrained_lr,Constrained LR,20,20,1.0,18,0.9,0.6989663547715128,0.9721335187862319,
3x3_mild_n1000,3x3,3,9,mild,Mildly skewed margins,1000,1000,111.11111111111111,alternative,0.05,0.1,0.05,expanded_welch,Expanded Welch,20,20,1.0,18,0.9,0.6989663547715128,0.9721335187862319,
3x3_mild_n1000,3x3,3,9,mild,Mildly skewed margins,1000,1000,111.11111111111111,alternative,0.05,0.1,0.05,normal_wald,Normal Wald,20,20,1.0,18,0.9,0.6989663547715128,0.9721335187862319,
3x3_mild_n1000,3x3,3,9,mild,Mildly skewed margins,1000,1000,111.11111111111111,equal_mi_null,0.05,0.05,0.0,constrained_lr,Constrained LR,20,20,1.0,1,0.05,0.008881448800795402,0.23613119344674205,0.0
3x3_mild_n1000,3x3,3,9,mild,Mildly skewed margins,1000,1000,111.11111111111111,equal_mi_null,0.05,0.05,0.0,expanded_welch,Expanded Welch,20,20,1.0,1,0.05,0.008881448800795402,0.23613119344674205,0.0
3x3_mild_n1000,3x3,3,9,mild,Mildly skewed margins,1000,1000,111.11111111111111,equal_mi_null,0.05,0.05,0.0,normal_wald,Normal Wald,20,20,1.0,1,0.05,0.008881448800795402,0.23613119344674205,0.0
3x3_strong_n25,3x3,3,9,strong,Strongly skewed margins,25,25,2.7777777777777777,alternative,0.05,0.1,0.05,constrained_lr,Constrained LR,20,20,1.0,2,0.1,0.027866481213768224,0.3010336452284873,
3x3_strong_n25,3x3,3,9,strong,Strongly skewed margins,25,25,2.7777777777777777,alternative,0.05,0.1,0.05,expanded_welch,Expanded Welch,20,12,0.6,3,0.25,0.08894166839405471,0.5323053349335657,
3x3_strong_n25,3x3,3,9,strong,Strongly skewed margins,25,25,2.7777777777777777,alternative,0.05,0.1,0.05,normal_wald,Normal Wald,20,19,0.95,4,0.21052631578947367,0.08507676632916253,0.43334278443814167,
3x3_strong_n25,3x3,3,9,strong,Strongly skewed margins,25,25,2.7777777777777777,equal_mi_null,0.05,0.05,0.0,constrained_lr,Constrained LR,20,20,1.0,0,0.0,0.0,0.16112515805281938,0.05
3x3_strong_n25,3x3,3,9,strong,Strongly skewed margins,25,25,2.7777777777777777,equal_mi_null,0.05,0.05,0.0,expanded_welch,Expanded Welch,20,17,0.85,0,0.0,0.0,0.1843181350088518,0.05
3x3_strong_n25,3x3,3,9,strong,Strongly skewed margins,25,25,2.7777777777777777,equal_mi_null,0.05,0.05,0.0,normal_wald,Normal Wald,20,20,1.0,0,0.0,0.0,0.16112515805281938,0.05
3x3_strong_n50,3x3,3,9,strong,Strongly skewed margins,50,50,5.555555555555555,alternative,0.05,0.1,0.05,constrained_lr,Constrained LR,20,20,1.0,0,0.0,0.0,0.16112515805281938,
3x3_strong_n50,3x3,3,9,strong,Strongly skewed margins,50,50,5.555555555555555,alternative,0.05,0.1,0.05,expanded_welch,Expanded Welch,20,20,1.0,1,0.05,0.008881448800795402,0.23613119344674205,
3x3_strong_n50,3x3,3,9,strong,Strongly skewed margins,50,50,5.555555555555555,alternative,0.05,0.1,0.05,normal_wald,Normal Wald,20,20,1.0,3,0.15,0.052368745896216595,0.36041886474075696,
3x3_strong_n50,3x3,3,9,strong,Strongly skewed margins,50,50,5.555555555555555,equal_mi_null,0.05,0.05,0.0,constrained_lr,Constrained LR,20,20,1.0,1,0.05,0.008881448800795402,0.23613119344674205,0.0
3x3_strong_n50,3x3,3,9,strong,Strongly skewed margins,50,50,5.555555555555555,equal_mi_null,0.05,0.05,0.0,expanded_welch,Expanded Welch,20,20,1.0,0,0.0,0.0,0.16112515805281938,0.05
3x3_strong_n50,3x3,3,9,strong,Strongly skewed margins,50,50,5.555555555555555,equal_mi_null,0.05,0.05,0.0,normal_wald,Normal Wald,20,20,1.0,0,0.0,0.0,0.16112515805281938,0.05
3x3_strong_n75,3x3,3,9,strong,Strongly skewed margins,75,75,8.333333333333334,alternative,0.05,0.1,0.05,constrained_lr,Constrained LR,20,20,1.0,2,0.1,0.027866481213768224,0.3010336452284873,
3x3_strong_n75,3x3,3,9,strong,Strongly skewed margins,75,75,8.333333333333334,alternative,0.05,0.1,0.05,expanded_welch,Expanded Welch,20,20,1.0,1,0.05,0.008881448800795402,0.23613119344674205,
3x3_strong_n75,3x3,3,9,strong,Strongly skewed margins,75,75,8.333333333333334,alternative,0.05,0.1,0.05,normal_wald,Normal Wald,20,20,1.0,2,0.1,0.027866481213768224,0.3010336452284873,
3x3_strong_n75,3x3,3,9,strong,Strongly skewed margins,75,75,8.333333333333334,equal_mi_null,0.05,0.05,0.0,constrained_lr,Constrained LR,20,20,1.0,2,0.1,0.027866481213768224,0.3010336452284873,0.05
3x3_strong_n75,3x3,3,9,strong,Strongly skewed margins,75,75,8.333333333333334,equal_mi_null,0.05,0.05,0.0,expanded_welch,Expanded Welch,20,20,1.0,1,0.05,0.008881448800795402,0.23613119344674205,0.0
3x3_strong_n75,3x3,3,9,strong,Strongly skewed margins,75,75,8.333333333333334,equal_mi_null,0.05,0.05,0.0,normal_wald,Normal Wald,20,20,1.0,1,0.05,0.008881448800795402,0.23613119344674205,0.0
3x3_strong_n100,3x3,3,9,strong,Strongly skewed margins,100,100,11.11111111111111,alternative,0.05,0.1,0.05,constrained_lr,Constrained LR,20,20,1.0,1,0.05,0.008881448800795402,0.23613119344674205,
3x3_strong_n100,3x3,3,9,strong,Strongly skewed margins,100,100,11.11111111111111,alternative,0.05,0.1,0.05,expanded_welch,Expanded Welch,20,20,1.0,1,0.05,0.008881448800795402,0.23613119344674205,
3x3_strong_n100,3x3,3,9,strong,Strongly skewed margins,100,100,11.11111111111111,alternative,0.05,0.1,0.05,normal_wald,Normal Wald,20,20,1.0,1,0.05,0.008881448800795402,0.23613119344674205,
3x3_strong_n100,3x3,3,9,strong,Strongly skewed margins,100,100,11.11111111111111,equal_mi_null,0.05,0.05,0.0,constrained_lr,Constrained LR,20,20,1.0,3,0.15,0.052368745896216595,0.36041886474075696,0.09999999999999999
3x3_strong_n100,3x3,3,9,strong,Strongly skewed margins,100,100,11.11111111111111,equal_mi_null,0.05,0.05,0.0,expanded_welch,Expanded Welch,20,20,1.0,1,0.05,0.008881448800795402,0.23613119344674205,0.0
3x3_strong_n100,3x3,3,9,strong,Strongly skewed margins,100,100,11.11111111111111,equal_mi_null,0.05,0.05,0.0,normal_wald,Normal Wald,20,20,1.0,1,0.05,0.008881448800795402,0.23613119344674205,0.0
3x3_strong_n150,3x3,3,9,strong,Strongly skewed margins,150,150,16.666666666666668,alternative,0.05,0.1,0.05,constrained_lr,Constrained LR,20,20,1.0,4,0.2,0.08065766257979806,0.41601743225189364,
3x3_strong_n150,3x3,3,9,strong,Strongly skewed margins,150,150,16.666666666666668,alternative,0.05,0.1,0.05,expanded_welch,Expanded Welch,20,20,1.0,4,0.2,0.08065766257979806,0.41601743225189364,
3x3_strong_n150,3x3,3,9,strong,Strongly skewed margins,150,150,16.666666666666668,alternative,0.05,0.1,0.05,normal_wald,Normal Wald,20,20,1.0,4,0.2,0.08065766257979806,0.41601743225189364,
3x3_strong_n150,3x3,3,9,strong,Strongly skewed margins,150,150,16.666666666666668,equal_mi_null,0.05,0.05,0.0,constrained_lr,Constrained LR,20,20,1.0,1,0.05,0.008881448800795402,0.23613119344674205,0.0
3x3_strong_n150,3x3,3,9,strong,Strongly skewed margins,150,150,16.666666666666668,equal_mi_null,0.05,0.05,0.0,expanded_welch,Expanded Welch,20,20,1.0,1,0.05,0.008881448800795402,0.23613119344674205,0.0
3x3_strong_n150,3x3,3,9,strong,Strongly skewed margins,150,150,16.666666666666668,equal_mi_null,0.05,0.05,0.0,normal_wald,Normal Wald,20,20,1.0,1,0.05,0.008881448800795402,0.23613119344674205,0.0
3x3_strong_n250,3x3,3,9,strong,Strongly skewed margins,250,250,27.77777777777778,alternative,0.05,0.1,0.05,constrained_lr,Constrained LR,20,20,1.0,3,0.15,0.052368745896216595,0.36041886474075696,
3x3_strong_n250,3x3,3,9,strong,Strongly skewed margins,250,250,27.77777777777778,alternative,0.05,0.1,0.05,expanded_welch,Expanded Welch,20,20,1.0,3,0.15,0.052368745896216595,0.36041886474075696,
3x3_strong_n250,3x3,3,9,strong,Strongly skewed margins,250,250,27.77777777777778,alternative,0.05,0.1,0.05,normal_wald,Normal Wald,20,20,1.0,3,0.15,0.052368745896216595,0.36041886474075696,
3x3_strong_n250,3x3,3,9,strong,Strongly skewed margins,250,250,27.77777777777778,equal_mi_null,0.05,0.05,0.0,constrained_lr,Constrained LR,20,20,1.0,0,0.0,0.0,0.16112515805281938,0.05
3x3_strong_n250,3x3,3,9,strong,Strongly skewed margins,250,250,27.77777777777778,equal_mi_null,0.05,0.05,0.0,expanded_welch,Expanded Welch,20,20,1.0,0,0.0,0.0,0.16112515805281938,0.05
3x3_strong_n250,3x3,3,9,strong,Strongly skewed margins,250,250,27.77777777777778,equal_mi_null,0.05,0.05,0.0,normal_wald,Normal Wald,20,20,1.0,0,0.0,0.0,0.16112515805281938,0.05
3x3_strong_n500,3x3,3,9,strong,Strongly skewed margins,500,500,55.55555555555556,alternative,0.05,0.1,0.05,constrained_lr,Constrained LR,20,20,1.0,6,0.3,0.1454772448676043,0.5189728183535235,
3x3_strong_n500,3x3,3,9,strong,Strongly skewed margins,500,500,55.55555555555556,alternative,0.05,0.1,0.05,expanded_welch,Expanded Welch,20,20,1.0,6,0.3,0.1454772448676043,0.5189728183535235,
3x3_strong_n500,3x3,3,9,strong,Strongly skewed margins,500,500,55.55555555555556,alternative,0.05,0.1,0.05,normal_wald,Normal Wald,20,20,1.0,6,0.3,0.1454772448676043,0.5189728183535235,
3x3_strong_n500,3x3,3,9,strong,Strongly skewed margins,500,500,55.55555555555556,equal_mi_null,0.05,0.05,0.0,constrained_lr,Constrained LR,20,20,1.0,0,0.0,0.0,0.16112515805281938,0.05
3x3_strong_n500,3x3,3,9,strong,Strongly skewed margins,500,500,55.55555555555556,equal_mi_null,0.05,0.05,0.0,expanded_welch,Expanded Welch,20,20,1.0,0,0.0,0.0,0.16112515805281938,0.05
3x3_strong_n500,3x3,3,9,strong,Strongly skewed margins,500,500,55.55555555555556,equal_mi_null,0.05,0.05,0.0,normal_wald,Normal Wald,20,20,1.0,0,0.0,0.0,0.16112515805281938,0.05
3x3_strong_n1000,3x3,3,9,strong,Strongly skewed margins,1000,1000,111.11111111111111,alternative,0.05,0.1,0.05,constrained_lr,Constrained LR,20,20,1.0,16,0.8,0.5839825677481064,0.919342337420202,
3x3_strong_n1000,3x3,3,9,strong,Strongly skewed margins,1000,1000,111.11111111111111,alternative,0.05,0.1,0.05,expanded_welch,Expanded Welch,20,20,1.0,15,0.75,0.531299122381256,0.8881382985923343,
3x3_strong_n1000,3x3,3,9,strong,Strongly skewed margins,1000,1000,111.11111111111111,alternative,0.05,0.1,0.05,normal_wald,Normal Wald,20,20,1.0,16,0.8,0.5839825677481064,0.919342337420202,
3x3_strong_n1000,3x3,3,9,strong,Strongly skewed margins,1000,1000,111.11111111111111,equal_mi_null,0.05,0.05,0.0,constrained_lr,Constrained LR,20,20,1.0,1,0.05,0.008881448800795402,0.23613119344674205,0.0
3x3_strong_n1000,3x3,3,9,strong,Strongly skewed margins,1000,1000,111.11111111111111,equal_mi_null,0.05,0.05,0.0,expanded_welch,Expanded Welch,20,20,1.0,1,0.05,0.008881448800795402,0.23613119344674205,0.0
3x3_strong_n1000,3x3,3,9,strong,Strongly skewed margins,1000,1000,111.11111111111111,equal_mi_null,0.05,0.05,0.0,normal_wald,Normal Wald,20,20,1.0,1,0.05,0.008881448800795402,0.23613119344674205,0.0
3x3_ultra_n25,3x3,3,9,ultra,Ultra-skewed margins,25,25,2.7777777777777777,alternative,0.05,0.1,0.05,constrained_lr,Constrained LR,20,20,1.0,1,0.05,0.008881448800795402,0.23613119344674205,
3x3_ultra_n25,3x3,3,9,ultra,Ultra-skewed margins,25,25,2.7777777777777777,alternative,0.05,0.1,0.05,expanded_welch,Expanded Welch,20,7,0.35,0,0.0,5.551115123125783e-17,0.35433043506668743,
3x3_ultra_n25,3x3,3,9,ultra,Ultra-skewed margins,25,25,2.7777777777777777,alternative,0.05,0.1,0.05,normal_wald,Normal Wald,20,15,0.75,3,0.2,0.07047549346981563,0.45185448715169363,
3x3_ultra_n25,3x3,3,9,ultra,Ultra-skewed margins,25,25,2.7777777777777777,equal_mi_null,0.05,0.05,0.0,constrained_lr,Constrained LR,20,20,1.0,0,0.0,0.0,0.16112515805281938,0.05
3x3_ultra_n25,3x3,3,9,ultra,Ultra-skewed margins,25,25,2.7777777777777777,equal_mi_null,0.05,0.05,0.0,expanded_welch,Expanded Welch,20,7,0.35,0,0.0,5.551115123125783e-17,0.35433043506668743,0.05
3x3_ultra_n25,3x3,3,9,ultra,Ultra-skewed margins,25,25,2.7777777777777777,equal_mi_null,0.05,0.05,0.0,normal_wald,Normal Wald,20,19,0.95,1,0.05263157894736842,0.009351994062300362,0.24638731166898786,0.0026315789473684154
3x3_ultra_n50,3x3,3,9,ultra,Ultra-skewed margins,50,50,5.555555555555555,alternative,0.05,0.1,0.05,constrained_lr,Constrained LR,20,20,1.0,2,0.1,0.027866481213768224,0.3010336452284873,
3x3_ultra_n50,3x3,3,9,ultra,Ultra-skewed margins,50,50,5.555555555555555,alternative,0.05,0.1,0.05,expanded_welch,Expanded Welch,20,14,0.7,1,0.07142857142857142,0.012722215247890939,0.31468704424151117,
3x3_ultra_n50,3x3,3,9,ultra,Ultra-skewed margins,50,50,5.555555555555555,alternative,0.05,0.1,0.05,normal_wald,Normal Wald,20,20,1.0,1,0.05,0.008881448800795402,0.23613119344674205,
3x3_ultra_n50,3x3,3,9,ultra,Ultra-skewed margins,50,50,5.555555555555555,equal_mi_null,0.05,0.05,0.0,constrained_lr,Constrained LR,20,20,1.0,1,0.05,0.008881448800795402,0.23613119344674205,0.0
3x3_ultra_n50,3x3,3,9,ultra,Ultra-skewed margins,50,50,5.555555555555555,equal_mi_null,0.05,0.05,0.0,expanded_welch,Expanded Welch,20,14,0.7,1,0.07142857142857142,0.012722215247890939,0.31468704424151117,0.021428571428571422
3x3_ultra_n50,3x3,3,9,ultra,Ultra-skewed margins,50,50,5.555555555555555,equal_mi_null,0.05,0.05,0.0,normal_wald,Normal Wald,20,19,0.95,2,0.10526315789473684,0.02935856029887013,0.31394082711109006,0.055263157894736833
3x3_ultra_n75,3x3,3,9,ultra,Ultra-skewed margins,75,75,8.333333333333334,alternative,0.05,0.1,0.05,constrained_lr,Constrained LR,20,20,1.0,3,0.15,0.052368745896216595,0.36041886474075696,
3x3_ultra_n75,3x3,3,9,ultra,Ultra-skewed margins,75,75,8.333333333333334,alternative,0.05,0.1,0.05,expanded_welch,Expanded Welch,20,19,0.95,3,0.15789473684210525,0.05520471638534141,0.37565475270329074,
3x3_ultra_n75,3x3,3,9,ultra,Ultra-skewed margins,75,75,8.333333333333334,alternative,0.05,0.1,0.05,normal_wald,Normal Wald,20,20,1.0,4,0.2,0.08065766257979806,0.41601743225189364,
3x3_ultra_n75,3x3,3,9,ultra,Ultra-skewed margins,75,75,8.333333333333334,equal_mi_null,0.05,0.05,0.0,constrained_lr,Constrained LR,20,20,1.0,1,0.05,0.008881448800795402,0.23613119344674205,0.0
3x3_ultra_n75,3x3,3,9,ultra,Ultra-skewed margins,75,75,8.333333333333334,equal_mi_null,0.05,0.05,0.0,expanded_welch,Expanded Welch,20,18,0.9,1,0.05555555555555555,0.009875190978303097,0.25757300781872594,0.00555555555555555
3x3_ultra_n75,3x3,3,9,ultra,Ultra-skewed margins,75,75,8.333333333333334,equal_mi_null,0.05,0.05,0.0,normal_wald,Normal Wald,20,20,1.0,2,0.1,0.027866481213768224,0.3010336452284873,0.05
3x3_ultra_n100,3x3,3,9,ultra,Ultra-skewed margins,100,100,11.11111111111111,alternative,0.05,0.1,0.05,constrained_lr,Constrained LR,20,20,1.0,1,0.05,0.008881448800795402,0.23613119344674205,
3x3_ultra_n100,3x3,3,9,ultra,Ultra-skewed margins,100,100,11.11111111111111,alternative,0.05,0.1,0.05,expanded_welch,Expanded Welch,20,20,1.0,1,0.05,0.008881448800795402,0.23613119344674205,
3x3_ultra_n100,3x3,3,9,ultra,Ultra-skewed margins,100,100,11.11111111111111,alternative,0.05,0.1,0.05,normal_wald,Normal Wald,20,20,1.0,1,0.05,0.008881448800795402,0.23613119344674205,
3x3_ultra_n100,3x3,3,9,ultra,Ultra-skewed margins,100,100,11.11111111111111,equal_mi_null,0.05,0.05,0.0,constrained_lr,Constrained LR,20,20,1.0,1,0.05,0.008881448800795402,0.23613119344674205,0.0
3x3_ultra_n100,3x3,3,9,ultra,Ultra-skewed margins,100,100,11.11111111111111,equal_mi_null,0.05,0.05,0.0,expanded_welch,Expanded Welch,20,20,1.0,1,0.05,0.008881448800795402,0.23613119344674205,0.0
3x3_ultra_n100,3x3,3,9,ultra,Ultra-skewed margins,100,100,11.11111111111111,equal_mi_null,0.05,0.05,0.0,normal_wald,Normal Wald,20,20,1.0,1,0.05,0.008881448800795402,0.23613119344674205,0.0
3x3_ultra_n150,3x3,3,9,ultra,Ultra-skewed margins,150,150,16.666666666666668,alternative,0.05,0.1,0.05,constrained_lr,Constrained LR,20,20,1.0,5,0.25,0.11186170140766569,0.468700877618744,
3x3_ultra_n150,3x3,3,9,ultra,Ultra-skewed margins,150,150,16.666666666666668,alternative,0.05,0.1,0.05,expanded_welch,Expanded Welch,20,20,1.0,4,0.2,0.08065766257979806,0.41601743225189364,
3x3_ultra_n150,3x3,3,9,ultra,Ultra-skewed margins,150,150,16.666666666666668,alternative,0.05,0.1,0.05,normal_wald,Normal Wald,20,20,1.0,5,0.25,0.11186170140766569,0.468700877618744,
3x3_ultra_n150,3x3,3,9,ultra,Ultra-skewed margins,150,150,16.666666666666668,equal_mi_null,0.05,0.05,0.0,constrained_lr,Constrained LR,20,20,1.0,2,0.1,0.027866481213768224,0.3010336452284873,0.05
3x3_ultra_n150,3x3,3,9,ultra,Ultra-skewed margins,150,150,16.666666666666668,equal_mi_null,0.05,0.05,0.0,expanded_welch,Expanded Welch,20,20,1.0,1,0.05,0.008881448800795402,0.23613119344674205,0.0
3x3_ultra_n150,3x3,3,9,ultra,Ultra-skewed margins,150,150,16.666666666666668,equal_mi_null,0.05,0.05,0.0,normal_wald,Normal Wald,20,20,1.0,1,0.05,0.008881448800795402,0.23613119344674205,0.0
3x3_ultra_n250,3x3,3,9,ultra,Ultra-skewed margins,250,250,27.77777777777778,alternative,0.05,0.1,0.05,constrained_lr,Constrained LR,20,20,1.0,4,0.2,0.08065766257979806,0.41601743225189364,
3x3_ultra_n250,3x3,3,9,ultra,Ultra-skewed margins,250,250,27.77777777777778,alternative,0.05,0.1,0.05,expanded_welch,Expanded Welch,20,20,1.0,4,0.2,0.08065766257979806,0.41601743225189364,
3x3_ultra_n250,3x3,3,9,ultra,Ultra-skewed margins,250,250,27.77777777777778,alternative,0.05,0.1,0.05,normal_wald,Normal Wald,20,20,1.0,4,0.2,0.08065766257979806,0.41601743225189364,
3x3_ultra_n250,3x3,3,9,ultra,Ultra-skewed margins,250,250,27.77777777777778,equal_mi_null,0.05,0.05,0.0,constrained_lr,Constrained LR,20,20,1.0,1,0.05,0.008881448800795402,0.23613119344674205,0.0
3x3_ultra_n250,3x3,3,9,ultra,Ultra-skewed margins,250,250,27.77777777777778,equal_mi_null,0.05,0.05,0.0,expanded_welch,Expanded Welch,20,20,1.0,1,0.05,0.008881448800795402,0.23613119344674205,0.0
3x3_ultra_n250,3x3,3,9,ultra,Ultra-skewed margins,250,250,27.77777777777778,equal_mi_null,0.05,0.05,0.0,normal_wald,Normal Wald,20,20,1.0,1,0.05,0.008881448800795402,0.23613119344674205,0.0
3x3_ultra_n500,3x3,3,9,ultra,Ultra-skewed margins,500,500,55.55555555555556,alternative,0.05,0.1,0.05,constrained_lr,Constrained LR,20,20,1.0,9,0.45,0.2581978582556243,0.6579146575496577,
3x3_ultra_n500,3x3,3,9,ultra,Ultra-skewed margins,500,500,55.55555555555556,alternative,0.05,0.1,0.05,expanded_welch,Expanded Welch,20,20,1.0,9,0.45,0.2581978582556243,0.6579146575496577,
3x3_ultra_n500,3x3,3,9,ultra,Ultra-skewed margins,500,500,55.55555555555556,alternative,0.05,0.1,0.05,normal_wald,Normal Wald,20,20,1.0,9,0.45,0.2581978582556243,0.6579146575496577,
3x3_ultra_n500,3x3,3,9,ultra,Ultra-skewed margins,500,500,55.55555555555556,equal_mi_null,0.05,0.05,0.0,constrained_lr,Constrained LR,20,20,1.0,0,0.0,0.0,0.16112515805281938,0.05
3x3_ultra_n500,3x3,3,9,ultra,Ultra-skewed margins,500,500,55.55555555555556,equal_mi_null,0.05,0.05,0.0,expanded_welch,Expanded Welch,20,20,1.0,0,0.0,0.0,0.16112515805281938,0.05
3x3_ultra_n500,3x3,3,9,ultra,Ultra-skewed margins,500,500,55.55555555555556,equal_mi_null,0.05,0.05,0.0,normal_wald,Normal Wald,20,20,1.0,0,0.0,0.0,0.16112515805281938,0.05
3x3_ultra_n1000,3x3,3,9,ultra,Ultra-skewed margins,1000,1000,111.11111111111111,alternative,0.05,0.1,0.05,constrained_lr,Constrained LR,20,20,1.0,14,0.7,0.4810271816464765,0.8545227551323956,
3x3_ultra_n1000,3x3,3,9,ultra,Ultra-skewed margins,1000,1000,111.11111111111111,alternative,0.05,0.1,0.05,expanded_welch,Expanded Welch,20,20,1.0,13,0.65,0.43285427668523624,0.818808175898918,
3x3_ultra_n1000,3x3,3,9,ultra,Ultra-skewed margins,1000,1000,111.11111111111111,alternative,0.05,0.1,0.05,normal_wald,Normal Wald,20,20,1.0,13,0.65,0.43285427668523624,0.818808175898918,
3x3_ultra_n1000,3x3,3,9,ultra,Ultra-skewed margins,1000,1000,111.11111111111111,equal_mi_null,0.05,0.05,0.0,constrained_lr,Constrained LR,20,20,1.0,0,0.0,0.0,0.16112515805281938,0.05
3x3_ultra_n1000,3x3,3,9,ultra,Ultra-skewed margins,1000,1000,111.11111111111111,equal_mi_null,0.05,0.05,0.0,expanded_welch,Expanded Welch,20,20,1.0,0,0.0,0.0,0.16112515805281938,0.05
3x3_ultra_n1000,3x3,3,9,ultra,Ultra-skewed margins,1000,1000,111.11111111111111,equal_mi_null,0.05,0.05,0.0,normal_wald,Normal Wald,20,20,1.0,0,0.0,0.0,0.16112515805281938,0.05
4x4_balanced_n25,4x4,4,16,balanced,Balanced margins,25,25,1.5625,alternative,0.05,0.1,0.05,constrained_lr,Constrained LR,15,15,1.0,1,0.06666666666666667,0.011866895493268553,0.2981652987378003,
4x4_balanced_n25,4x4,4,16,balanced,Balanced margins,25,25,1.5625,alternative,0.05,0.1,0.05,expanded_welch,Expanded Welch,15,15,1.0,1,0.06666666666666667,0.011866895493268553,0.2981652987378003,
4x4_balanced_n25,4x4,4,16,balanced,Balanced margins,25,25,1.5625,alternative,0.05,0.1,0.05,normal_wald,Normal Wald,15,15,1.0,1,0.06666666666666667,0.011866895493268553,0.2981652987378003,
4x4_balanced_n25,4x4,4,16,balanced,Balanced margins,25,25,1.5625,equal_mi_null,0.05,0.05,0.0,constrained_lr,Constrained LR,15,15,1.0,1,0.06666666666666667,0.011866895493268553,0.2981652987378003,0.016666666666666663
4x4_balanced_n25,4x4,4,16,balanced,Balanced margins,25,25,1.5625,equal_mi_null,0.05,0.05,0.0,expanded_welch,Expanded Welch,15,15,1.0,1,0.06666666666666667,0.011866895493268553,0.2981652987378003,0.016666666666666663
4x4_balanced_n25,4x4,4,16,balanced,Balanced margins,25,25,1.5625,equal_mi_null,0.05,0.05,0.0,normal_wald,Normal Wald,15,15,1.0,2,0.13333333333333333,0.03736125910306537,0.37881982832322364,0.08333333333333333
4x4_balanced_n50,4x4,4,16,balanced,Balanced margins,50,50,3.125,alternative,0.05,0.1,0.05,constrained_lr,Constrained LR,15,15,1.0,0,0.0,0.0,0.20388330103584862,
4x4_balanced_n50,4x4,4,16,balanced,Balanced margins,50,50,3.125,alternative,0.05,0.1,0.05,expanded_welch,Expanded Welch,15,15,1.0,0,0.0,0.0,0.20388330103584862,
4x4_balanced_n50,4x4,4,16,balanced,Balanced margins,50,50,3.125,alternative,0.05,0.1,0.05,normal_wald,Normal Wald,15,15,1.0,1,0.06666666666666667,0.011866895493268553,0.2981652987378003,
4x4_balanced_n50,4x4,4,16,balanced,Balanced margins,50,50,3.125,equal_mi_null,0.05,0.05,0.0,constrained_lr,Constrained LR,15,15,1.0,0,0.0,0.0,0.20388330103584862,0.05
4x4_balanced_n50,4x4,4,16,balanced,Balanced margins,50,50,3.125,equal_mi_null,0.05,0.05,0.0,expanded_welch,Expanded Welch,15,15,1.0,0,0.0,0.0,0.20388330103584862,0.05
4x4_balanced_n50,4x4,4,16,balanced,Balanced margins,50,50,3.125,equal_mi_null,0.05,0.05,0.0,normal_wald,Normal Wald,15,15,1.0,1,0.06666666666666667,0.011866895493268553,0.2981652987378003,0.016666666666666663
4x4_balanced_n75,4x4,4,16,balanced,Balanced margins,75,75,4.6875,alternative,0.05,0.1,0.05,constrained_lr,Constrained LR,15,15,1.0,0,0.0,0.0,0.20388330103584862,
4x4_balanced_n75,4x4,4,16,balanced,Balanced margins,75,75,4.6875,alternative,0.05,0.1,0.05,expanded_welch,Expanded Welch,15,15,1.0,1,0.06666666666666667,0.011866895493268553,0.2981652987378003,
4x4_balanced_n75,4x4,4,16,balanced,Balanced margins,75,75,4.6875,alternative,0.05,0.1,0.05,normal_wald,Normal Wald,15,15,1.0,1,0.06666666666666667,0.011866895493268553,0.2981652987378003,
4x4_balanced_n75,4x4,4,16,balanced,Balanced margins,75,75,4.6875,equal_mi_null,0.05,0.05,0.0,constrained_lr,Constrained LR,15,15,1.0,1,0.06666666666666667,0.011866895493268553,0.2981652987378003,0.016666666666666663
4x4_balanced_n75,4x4,4,16,balanced,Balanced margins,75,75,4.6875,equal_mi_null,0.05,0.05,0.0,expanded_welch,Expanded Welch,15,15,1.0,1,0.06666666666666667,0.011866895493268553,0.2981652987378003,0.016666666666666663
4x4_balanced_n75,4x4,4,16,balanced,Balanced margins,75,75,4.6875,equal_mi_null,0.05,0.05,0.0,normal_wald,Normal Wald,15,15,1.0,1,0.06666666666666667,0.011866895493268553,0.2981652987378003,0.016666666666666663
4x4_balanced_n100,4x4,4,16,balanced,Balanced margins,100,100,6.25,alternative,0.05,0.1,0.05,constrained_lr,Constrained LR,15,15,1.0,3,0.2,0.07047549346981563,0.45185448715169363,
4x4_balanced_n100,4x4,4,16,balanced,Balanced margins,100,100,6.25,alternative,0.05,0.1,0.05,expanded_welch,Expanded Welch,15,15,1.0,3,0.2,0.07047549346981563,0.45185448715169363,
4x4_balanced_n100,4x4,4,16,balanced,Balanced margins,100,100,6.25,alternative,0.05,0.1,0.05,normal_wald,Normal Wald,15,15,1.0,3,0.2,0.07047549346981563,0.45185448715169363,
4x4_balanced_n100,4x4,4,16,balanced,Balanced margins,100,100,6.25,equal_mi_null,0.05,0.05,0.0,constrained_lr,Constrained LR,15,15,1.0,0,0.0,0.0,0.20388330103584862,0.05
4x4_balanced_n100,4x4,4,16,balanced,Balanced margins,100,100,6.25,equal_mi_null,0.05,0.05,0.0,expanded_welch,Expanded Welch,15,15,1.0,0,0.0,0.0,0.20388330103584862,0.05
4x4_balanced_n100,4x4,4,16,balanced,Balanced margins,100,100,6.25,equal_mi_null,0.05,0.05,0.0,normal_wald,Normal Wald,15,15,1.0,0,0.0,0.0,0.20388330103584862,0.05
4x4_balanced_n150,4x4,4,16,balanced,Balanced margins,150,150,9.375,alternative,0.05,0.1,0.05,constrained_lr,Constrained LR,15,15,1.0,4,0.26666666666666666,0.10897453325692374,0.5195043405598057,
4x4_balanced_n150,4x4,4,16,balanced,Balanced margins,150,150,9.375,alternative,0.05,0.1,0.05,expanded_welch,Expanded Welch,15,15,1.0,4,0.26666666666666666,0.10897453325692374,0.5195043405598057,
4x4_balanced_n150,4x4,4,16,balanced,Balanced margins,150,150,9.375,alternative,0.05,0.1,0.05,normal_wald,Normal Wald,15,15,1.0,4,0.26666666666666666,0.10897453325692374,0.5195043405598057,
4x4_balanced_n150,4x4,4,16,balanced,Balanced margins,150,150,9.375,equal_mi_null,0.05,0.05,0.0,constrained_lr,Constrained LR,15,15,1.0,0,0.0,0.0,0.20388330103584862,0.05
4x4_balanced_n150,4x4,4,16,balanced,Balanced margins,150,150,9.375,equal_mi_null,0.05,0.05,0.0,expanded_welch,Expanded Welch,15,15,1.0,0,0.0,0.0,0.20388330103584862,0.05
4x4_balanced_n150,4x4,4,16,balanced,Balanced margins,150,150,9.375,equal_mi_null,0.05,0.05,0.0,normal_wald,Normal Wald,15,15,1.0,0,0.0,0.0,0.20388330103584862,0.05
4x4_balanced_n250,4x4,4,16,balanced,Balanced margins,250,250,15.625,alternative,0.05,0.1,0.05,constrained_lr,Constrained LR,15,15,1.0,2,0.13333333333333333,0.03736125910306537,0.37881982832322364,
4x4_balanced_n250,4x4,4,16,balanced,Balanced margins,250,250,15.625,alternative,0.05,0.1,0.05,expanded_welch,Expanded Welch,15,15,1.0,2,0.13333333333333333,0.03736125910306537,0.37881982832322364,
4x4_balanced_n250,4x4,4,16,balanced,Balanced margins,250,250,15.625,alternative,0.05,0.1,0.05,normal_wald,Normal Wald,15,15,1.0,2,0.13333333333333333,0.03736125910306537,0.37881982832322364,
4x4_balanced_n250,4x4,4,16,balanced,Balanced margins,250,250,15.625,equal_mi_null,0.05,0.05,0.0,constrained_lr,Constrained LR,15,15,1.0,0,0.0,0.0,0.20388330103584862,0.05
4x4_balanced_n250,4x4,4,16,balanced,Balanced margins,250,250,15.625,equal_mi_null,0.05,0.05,0.0,expanded_welch,Expanded Welch,15,15,1.0,0,0.0,0.0,0.20388330103584862,0.05
4x4_balanced_n250,4x4,4,16,balanced,Balanced margins,250,250,15.625,equal_mi_null,0.05,0.05,0.0,normal_wald,Normal Wald,15,15,1.0,0,0.0,0.0,0.20388330103584862,0.05
4x4_balanced_n500,4x4,4,16,balanced,Balanced margins,500,500,31.25,alternative,0.05,0.1,0.05,constrained_lr,Constrained LR,15,15,1.0,9,0.6,0.357468301206246,0.8017550385865841,
4x4_balanced_n500,4x4,4,16,balanced,Balanced margins,500,500,31.25,alternative,0.05,0.1,0.05,expanded_welch,Expanded Welch,15,15,1.0,9,0.6,0.357468301206246,0.8017550385865841,
4x4_balanced_n500,4x4,4,16,balanced,Balanced margins,500,500,31.25,alternative,0.05,0.1,0.05,normal_wald,Normal Wald,15,15,1.0,9,0.6,0.357468301206246,0.8017550385865841,
4x4_balanced_n500,4x4,4,16,balanced,Balanced margins,500,500,31.25,equal_mi_null,0.05,0.05,0.0,constrained_lr,Constrained LR,15,15,1.0,1,0.06666666666666667,0.011866895493268553,0.2981652987378003,0.016666666666666663
4x4_balanced_n500,4x4,4,16,balanced,Balanced margins,500,500,31.25,equal_mi_null,0.05,0.05,0.0,expanded_welch,Expanded Welch,15,15,1.0,1,0.06666666666666667,0.011866895493268553,0.2981652987378003,0.016666666666666663
4x4_balanced_n500,4x4,4,16,balanced,Balanced margins,500,500,31.25,equal_mi_null,0.05,0.05,0.0,normal_wald,Normal Wald,15,15,1.0,1,0.06666666666666667,0.011866895493268553,0.2981652987378003,0.016666666666666663
4x4_balanced_n1000,4x4,4,16,balanced,Balanced margins,1000,1000,62.5,alternative,0.05,0.1,0.05,constrained_lr,Constrained LR,15,15,1.0,12,0.8,0.5481455128483065,0.9295245065301844,
4x4_balanced_n1000,4x4,4,16,balanced,Balanced margins,1000,1000,62.5,alternative,0.05,0.1,0.05,expanded_welch,Expanded Welch,15,15,1.0,12,0.8,0.5481455128483065,0.9295245065301844,
4x4_balanced_n1000,4x4,4,16,balanced,Balanced margins,1000,1000,62.5,alternative,0.05,0.1,0.05,normal_wald,Normal Wald,15,15,1.0,12,0.8,0.5481455128483065,0.9295245065301844,
4x4_balanced_n1000,4x4,4,16,balanced,Balanced margins,1000,1000,62.5,equal_mi_null,0.05,0.05,0.0,constrained_lr,Constrained LR,15,15,1.0,0,0.0,0.0,0.20388330103584862,0.05
4x4_balanced_n1000,4x4,4,16,balanced,Balanced margins,1000,1000,62.5,equal_mi_null,0.05,0.05,0.0,expanded_welch,Expanded Welch,15,15,1.0,0,0.0,0.0,0.20388330103584862,0.05
4x4_balanced_n1000,4x4,4,16,balanced,Balanced margins,1000,1000,62.5,equal_mi_null,0.05,0.05,0.0,normal_wald,Normal Wald,15,15,1.0,0,0.0,0.0,0.20388330103584862,0.05
4x4_mild_n25,4x4,4,16,mild,Mildly skewed margins,25,25,1.5625,alternative,0.05,0.1,0.05,constrained_lr,Constrained LR,15,15,1.0,2,0.13333333333333333,0.03736125910306537,0.37881982832322364,
4x4_mild_n25,4x4,4,16,mild,Mildly skewed margins,25,25,1.5625,alternative,0.05,0.1,0.05,expanded_welch,Expanded Welch,15,15,1.0,3,0.2,0.07047549346981563,0.45185448715169363,
4x4_mild_n25,4x4,4,16,mild,Mildly skewed margins,25,25,1.5625,alternative,0.05,0.1,0.05,normal_wald,Normal Wald,15,15,1.0,3,0.2,0.07047549346981563,0.45185448715169363,
4x4_mild_n25,4x4,4,16,mild,Mildly skewed margins,25,25,1.5625,equal_mi_null,0.05,0.05,0.0,constrained_lr,Constrained LR,15,15,1.0,0,0.0,0.0,0.20388330103584862,0.05
4x4_mild_n25,4x4,4,16,mild,Mildly skewed margins,25,25,1.5625,equal_mi_null,0.05,0.05,0.0,expanded_welch,Expanded Welch,15,15,1.0,0,0.0,0.0,0.20388330103584862,0.05
4x4_mild_n25,4x4,4,16,mild,Mildly skewed margins,25,25,1.5625,equal_mi_null,0.05,0.05,0.0,normal_wald,Normal Wald,15,15,1.0,0,0.0,0.0,0.20388330103584862,0.05
4x4_mild_n50,4x4,4,16,mild,Mildly skewed margins,50,50,3.125,alternative,0.05,0.1,0.05,constrained_lr,Constrained LR,15,15,1.0,1,0.06666666666666667,0.011866895493268553,0.2981652987378003,
4x4_mild_n50,4x4,4,16,mild,Mildly skewed margins,50,50,3.125,alternative,0.05,0.1,0.05,expanded_welch,Expanded Welch,15,15,1.0,1,0.06666666666666667,0.011866895493268553,0.2981652987378003,
4x4_mild_n50,4x4,4,16,mild,Mildly skewed margins,50,50,3.125,alternative,0.05,0.1,0.05,normal_wald,Normal Wald,15,15,1.0,1,0.06666666666666667,0.011866895493268553,0.2981652987378003,
4x4_mild_n50,4x4,4,16,mild,Mildly skewed margins,50,50,3.125,equal_mi_null,0.05,0.05,0.0,constrained_lr,Constrained LR,15,15,1.0,0,0.0,0.0,0.20388330103584862,0.05
4x4_mild_n50,4x4,4,16,mild,Mildly skewed margins,50,50,3.125,equal_mi_null,0.05,0.05,0.0,expanded_welch,Expanded Welch,15,15,1.0,0,0.0,0.0,0.20388330103584862,0.05
4x4_mild_n50,4x4,4,16,mild,Mildly skewed margins,50,50,3.125,equal_mi_null,0.05,0.05,0.0,normal_wald,Normal Wald,15,15,1.0,0,0.0,0.0,0.20388330103584862,0.05
4x4_mild_n75,4x4,4,16,mild,Mildly skewed margins,75,75,4.6875,alternative,0.05,0.1,0.05,constrained_lr,Constrained LR,15,15,1.0,0,0.0,0.0,0.20388330103584862,
4x4_mild_n75,4x4,4,16,mild,Mildly skewed margins,75,75,4.6875,alternative,0.05,0.1,0.05,expanded_welch,Expanded Welch,15,15,1.0,0,0.0,0.0,0.20388330103584862,
4x4_mild_n75,4x4,4,16,mild,Mildly skewed margins,75,75,4.6875,alternative,0.05,0.1,0.05,normal_wald,Normal Wald,15,15,1.0,0,0.0,0.0,0.20388330103584862,
4x4_mild_n75,4x4,4,16,mild,Mildly skewed margins,75,75,4.6875,equal_mi_null,0.05,0.05,0.0,constrained_lr,Constrained LR,15,15,1.0,0,0.0,0.0,0.20388330103584862,0.05
4x4_mild_n75,4x4,4,16,mild,Mildly skewed margins,75,75,4.6875,equal_mi_null,0.05,0.05,0.0,expanded_welch,Expanded Welch,15,15,1.0,0,0.0,0.0,0.20388330103584862,0.05
4x4_mild_n75,4x4,4,16,mild,Mildly skewed margins,75,75,4.6875,equal_mi_null,0.05,0.05,0.0,normal_wald,Normal Wald,15,15,1.0,0,0.0,0.0,0.20388330103584862,0.05
4x4_mild_n100,4x4,4,16,mild,Mildly skewed margins,100,100,6.25,alternative,0.05,0.1,0.05,constrained_lr,Constrained LR,15,15,1.0,3,0.2,0.07047549346981563,0.45185448715169363,
4x4_mild_n100,4x4,4,16,mild,Mildly skewed margins,100,100,6.25,alternative,0.05,0.1,0.05,expanded_welch,Expanded Welch,15,15,1.0,1,0.06666666666666667,0.011866895493268553,0.2981652987378003,
4x4_mild_n100,4x4,4,16,mild,Mildly skewed margins,100,100,6.25,alternative,0.05,0.1,0.05,normal_wald,Normal Wald,15,15,1.0,3,0.2,0.07047549346981563,0.45185448715169363,
4x4_mild_n100,4x4,4,16,mild,Mildly skewed margins,100,100,6.25,equal_mi_null,0.05,0.05,0.0,constrained_lr,Constrained LR,15,15,1.0,3,0.2,0.07047549346981563,0.45185448715169363,0.15000000000000002
4x4_mild_n100,4x4,4,16,mild,Mildly skewed margins,100,100,6.25,equal_mi_null,0.05,0.05,0.0,expanded_welch,Expanded Welch,15,15,1.0,3,0.2,0.07047549346981563,0.45185448715169363,0.15000000000000002
4x4_mild_n100,4x4,4,16,mild,Mildly skewed margins,100,100,6.25,equal_mi_null,0.05,0.05,0.0,normal_wald,Normal Wald,15,15,1.0,3,0.2,0.07047549346981563,0.45185448715169363,0.15000000000000002
4x4_mild_n150,4x4,4,16,mild,Mildly skewed margins,150,150,9.375,alternative,0.05,0.1,0.05,constrained_lr,Constrained LR,15,15,1.0,3,0.2,0.07047549346981563,0.45185448715169363,
4x4_mild_n150,4x4,4,16,mild,Mildly skewed margins,150,150,9.375,alternative,0.05,0.1,0.05,expanded_welch,Expanded Welch,15,15,1.0,3,0.2,0.07047549346981563,0.45185448715169363,
4x4_mild_n150,4x4,4,16,mild,Mildly skewed margins,150,150,9.375,alternative,0.05,0.1,0.05,normal_wald,Normal Wald,15,15,1.0,3,0.2,0.07047549346981563,0.45185448715169363,
4x4_mild_n150,4x4,4,16,mild,Mildly skewed margins,150,150,9.375,equal_mi_null,0.05,0.05,0.0,constrained_lr,Constrained LR,15,15,1.0,0,0.0,0.0,0.20388330103584862,0.05
4x4_mild_n150,4x4,4,16,mild,Mildly skewed margins,150,150,9.375,equal_mi_null,0.05,0.05,0.0,expanded_welch,Expanded Welch,15,15,1.0,0,0.0,0.0,0.20388330103584862,0.05
4x4_mild_n150,4x4,4,16,mild,Mildly skewed margins,150,150,9.375,equal_mi_null,0.05,0.05,0.0,normal_wald,Normal Wald,15,15,1.0,0,0.0,0.0,0.20388330103584862,0.05
4x4_mild_n250,4x4,4,16,mild,Mildly skewed margins,250,250,15.625,alternative,0.05,0.1,0.05,constrained_lr,Constrained LR,15,15,1.0,2,0.13333333333333333,0.03736125910306537,0.37881982832322364,
4x4_mild_n250,4x4,4,16,mild,Mildly skewed margins,250,250,15.625,alternative,0.05,0.1,0.05,expanded_welch,Expanded Welch,15,15,1.0,2,0.13333333333333333,0.03736125910306537,0.37881982832322364,
4x4_mild_n250,4x4,4,16,mild,Mildly skewed margins,250,250,15.625,alternative,0.05,0.1,0.05,normal_wald,Normal Wald,15,15,1.0,2,0.13333333333333333,0.03736125910306537,0.37881982832322364,
4x4_mild_n250,4x4,4,16,mild,Mildly skewed margins,250,250,15.625,equal_mi_null,0.05,0.05,0.0,constrained_lr,Constrained LR,15,15,1.0,0,0.0,0.0,0.20388330103584862,0.05
4x4_mild_n250,4x4,4,16,mild,Mildly skewed margins,250,250,15.625,equal_mi_null,0.05,0.05,0.0,expanded_welch,Expanded Welch,15,15,1.0,0,0.0,0.0,0.20388330103584862,0.05
4x4_mild_n250,4x4,4,16,mild,Mildly skewed margins,250,250,15.625,equal_mi_null,0.05,0.05,0.0,normal_wald,Normal Wald,15,15,1.0,0,0.0,0.0,0.20388330103584862,0.05
4x4_mild_n500,4x4,4,16,mild,Mildly skewed margins,500,500,31.25,alternative,0.05,0.1,0.05,constrained_lr,Constrained LR,15,15,1.0,7,0.4666666666666667,0.24809535365737387,0.698830199745016,
4x4_mild_n500,4x4,4,16,mild,Mildly skewed margins,500,500,31.25,alternative,0.05,0.1,0.05,expanded_welch,Expanded Welch,15,15,1.0,7,0.4666666666666667,0.24809535365737387,0.698830199745016,
4x4_mild_n500,4x4,4,16,mild,Mildly skewed margins,500,500,31.25,alternative,0.05,0.1,0.05,normal_wald,Normal Wald,15,15,1.0,7,0.4666666666666667,0.24809535365737387,0.698830199745016,
4x4_mild_n500,4x4,4,16,mild,Mildly skewed margins,500,500,31.25,equal_mi_null,0.05,0.05,0.0,constrained_lr,Constrained LR,15,15,1.0,2,0.13333333333333333,0.03736125910306537,0.37881982832322364,0.08333333333333333
4x4_mild_n500,4x4,4,16,mild,Mildly skewed margins,500,500,31.25,equal_mi_null,0.05,0.05,0.0,expanded_welch,Expanded Welch,15,15,1.0,2,0.13333333333333333,0.03736125910306537,0.37881982832322364,0.08333333333333333
4x4_mild_n500,4x4,4,16,mild,Mildly skewed margins,500,500,31.25,equal_mi_null,0.05,0.05,0.0,normal_wald,Normal Wald,15,15,1.0,2,0.13333333333333333,0.03736125910306537,0.37881982832322364,0.08333333333333333
4x4_mild_n1000,4x4,4,16,mild,Mildly skewed margins,1000,1000,62.5,alternative,0.05,0.1,0.05,constrained_lr,Constrained LR,15,15,1.0,11,0.7333333333333333,0.4804956594401943,0.8910254667430761,
4x4_mild_n1000,4x4,4,16,mild,Mildly skewed margins,1000,1000,62.5,alternative,0.05,0.1,0.05,expanded_welch,Expanded Welch,15,15,1.0,10,0.6666666666666666,0.41713547738519774,0.8482367556028526,
4x4_mild_n1000,4x4,4,16,mild,Mildly skewed margins,1000,1000,62.5,alternative,0.05,0.1,0.05,normal_wald,Normal Wald,15,15,1.0,11,0.7333333333333333,0.4804956594401943,0.8910254667430761,
4x4_mild_n1000,4x4,4,16,mild,Mildly skewed margins,1000,1000,62.5,equal_mi_null,0.05,0.05,0.0,constrained_lr,Constrained LR,15,15,1.0,2,0.13333333333333333,0.03736125910306537,0.37881982832322364,0.08333333333333333
4x4_mild_n1000,4x4,4,16,mild,Mildly skewed margins,1000,1000,62.5,equal_mi_null,0.05,0.05,0.0,expanded_welch,Expanded Welch,15,15,1.0,2,0.13333333333333333,0.03736125910306537,0.37881982832322364,0.08333333333333333
4x4_mild_n1000,4x4,4,16,mild,Mildly skewed margins,1000,1000,62.5,equal_mi_null,0.05,0.05,0.0,normal_wald,Normal Wald,15,15,1.0,2,0.13333333333333333,0.03736125910306537,0.37881982832322364,0.08333333333333333
4x4_strong_n25,4x4,4,16,strong,Strongly skewed margins,25,25,1.5625,alternative,0.05,0.1,0.05,constrained_lr,Constrained LR,15,15,1.0,1,0.06666666666666667,0.011866895493268553,0.2981652987378003,
4x4_strong_n25,4x4,4,16,strong,Strongly skewed margins,25,25,1.5625,alternative,0.05,0.1,0.05,expanded_welch,Expanded Welch,15,7,0.4666666666666667,2,0.2857142857142857,0.08221892400405678,0.6410655481673808,
4x4_strong_n25,4x4,4,16,strong,Strongly skewed margins,25,25,1.5625,alternative,0.05,0.1,0.05,normal_wald,Normal Wald,15,15,1.0,4,0.26666666666666666,0.10897453325692374,0.5195043405598057,
4x4_strong_n25,4x4,4,16,strong,Strongly skewed margins,25,25,1.5625,equal_mi_null,0.05,0.05,0.0,constrained_lr,Constrained LR,15,15,1.0,0,0.0,0.0,0.20388330103584862,0.05
4x4_strong_n25,4x4,4,16,strong,Strongly skewed margins,25,25,1.5625,equal_mi_null,0.05,0.05,0.0,expanded_welch,Expanded Welch,15,13,0.8666666666666667,0,0.0,0.0,0.22809537235419838,0.05
4x4_strong_n25,4x4,4,16,strong,Strongly skewed margins,25,25,1.5625,equal_mi_null,0.05,0.05,0.0,normal_wald,Normal Wald,15,15,1.0,0,0.0,0.0,0.20388330103584862,0.05
4x4_strong_n50,4x4,4,16,strong,Strongly skewed margins,50,50,3.125,alternative,0.05,0.1,0.05,constrained_lr,Constrained LR,15,15,1.0,1,0.06666666666666667,0.011866895493268553,0.2981652987378003,
4x4_strong_n50,4x4,4,16,strong,Strongly skewed margins,50,50,3.125,alternative,0.05,0.1,0.05,expanded_welch,Expanded Welch,15,15,1.0,0,0.0,0.0,0.20388330103584862,
4x4_strong_n50,4x4,4,16,strong,Strongly skewed margins,50,50,3.125,alternative,0.05,0.1,0.05,normal_wald,Normal Wald,15,15,1.0,0,0.0,0.0,0.20388330103584862,
4x4_strong_n50,4x4,4,16,strong,Strongly skewed margins,50,50,3.125,equal_mi_null,0.05,0.05,0.0,constrained_lr,Constrained LR,15,15,1.0,0,0.0,0.0,0.20388330103584862,0.05
4x4_strong_n50,4x4,4,16,strong,Strongly skewed margins,50,50,3.125,equal_mi_null,0.05,0.05,0.0,expanded_welch,Expanded Welch,15,14,0.9333333333333333,1,0.07142857142857142,0.012722215247890939,0.31468704424151117,0.021428571428571422
4x4_strong_n50,4x4,4,16,strong,Strongly skewed margins,50,50,3.125,equal_mi_null,0.05,0.05,0.0,normal_wald,Normal Wald,15,15,1.0,1,0.06666666666666667,0.011866895493268553,0.2981652987378003,0.016666666666666663
4x4_strong_n75,4x4,4,16,strong,Strongly skewed margins,75,75,4.6875,alternative,0.05,0.1,0.05,constrained_lr,Constrained LR,15,15,1.0,0,0.0,0.0,0.20388330103584862,
4x4_strong_n75,4x4,4,16,strong,Strongly skewed margins,75,75,4.6875,alternative,0.05,0.1,0.05,expanded_welch,Expanded Welch,15,15,1.0,0,0.0,0.0,0.20388330103584862,
4x4_strong_n75,4x4,4,16,strong,Strongly skewed margins,75,75,4.6875,alternative,0.05,0.1,0.05,normal_wald,Normal Wald,15,15,1.0,0,0.0,0.0,0.20388330103584862,
4x4_strong_n75,4x4,4,16,strong,Strongly skewed margins,75,75,4.6875,equal_mi_null,0.05,0.05,0.0,constrained_lr,Constrained LR,15,15,1.0,4,0.26666666666666666,0.10897453325692374,0.5195043405598057,0.21666666666666667
4x4_strong_n75,4x4,4,16,strong,Strongly skewed margins,75,75,4.6875,equal_mi_null,0.05,0.05,0.0,expanded_welch,Expanded Welch,15,15,1.0,2,0.13333333333333333,0.03736125910306537,0.37881982832322364,0.08333333333333333
4x4_strong_n75,4x4,4,16,strong,Strongly skewed margins,75,75,4.6875,equal_mi_null,0.05,0.05,0.0,normal_wald,Normal Wald,15,15,1.0,4,0.26666666666666666,0.10897453325692374,0.5195043405598057,0.21666666666666667
4x4_strong_n100,4x4,4,16,strong,Strongly skewed margins,100,100,6.25,alternative,0.05,0.1,0.05,constrained_lr,Constrained LR,15,15,1.0,1,0.06666666666666667,0.011866895493268553,0.2981652987378003,
4x4_strong_n100,4x4,4,16,strong,Strongly skewed margins,100,100,6.25,alternative,0.05,0.1,0.05,expanded_welch,Expanded Welch,15,15,1.0,1,0.06666666666666667,0.011866895493268553,0.2981652987378003,
4x4_strong_n100,4x4,4,16,strong,Strongly skewed margins,100,100,6.25,alternative,0.05,0.1,0.05,normal_wald,Normal Wald,15,15,1.0,1,0.06666666666666667,0.011866895493268553,0.2981652987378003,
4x4_strong_n100,4x4,4,16,strong,Strongly skewed margins,100,100,6.25,equal_mi_null,0.05,0.05,0.0,constrained_lr,Constrained LR,15,15,1.0,0,0.0,0.0,0.20388330103584862,0.05
4x4_strong_n100,4x4,4,16,strong,Strongly skewed margins,100,100,6.25,equal_mi_null,0.05,0.05,0.0,expanded_welch,Expanded Welch,15,15,1.0,0,0.0,0.0,0.20388330103584862,0.05
4x4_strong_n100,4x4,4,16,strong,Strongly skewed margins,100,100,6.25,equal_mi_null,0.05,0.05,0.0,normal_wald,Normal Wald,15,15,1.0,0,0.0,0.0,0.20388330103584862,0.05
4x4_strong_n150,4x4,4,16,strong,Strongly skewed margins,150,150,9.375,alternative,0.05,0.1,0.05,constrained_lr,Constrained LR,15,15,1.0,2,0.13333333333333333,0.03736125910306537,0.37881982832322364,
4x4_strong_n150,4x4,4,16,strong,Strongly skewed margins,150,150,9.375,alternative,0.05,0.1,0.05,expanded_welch,Expanded Welch,15,15,1.0,2,0.13333333333333333,0.03736125910306537,0.37881982832322364,
4x4_strong_n150,4x4,4,16,strong,Strongly skewed margins,150,150,9.375,alternative,0.05,0.1,0.05,normal_wald,Normal Wald,15,15,1.0,2,0.13333333333333333,0.03736125910306537,0.37881982832322364,
4x4_strong_n150,4x4,4,16,strong,Strongly skewed margins,150,150,9.375,equal_mi_null,0.05,0.05,0.0,constrained_lr,Constrained LR,15,15,1.0,0,0.0,0.0,0.20388330103584862,0.05
4x4_strong_n150,4x4,4,16,strong,Strongly skewed margins,150,150,9.375,equal_mi_null,0.05,0.05,0.0,expanded_welch,Expanded Welch,15,15,1.0,0,0.0,0.0,0.20388330103584862,0.05
4x4_strong_n150,4x4,4,16,strong,Strongly skewed margins,150,150,9.375,equal_mi_null,0.05,0.05,0.0,normal_wald,Normal Wald,15,15,1.0,0,0.0,0.0,0.20388330103584862,0.05
4x4_strong_n250,4x4,4,16,strong,Strongly skewed margins,250,250,15.625,alternative,0.05,0.1,0.05,constrained_lr,Constrained LR,15,15,1.0,2,0.13333333333333333,0.03736125910306537,0.37881982832322364,
4x4_strong_n250,4x4,4,16,strong,Strongly skewed margins,250,250,15.625,alternative,0.05,0.1,0.05,expanded_welch,Expanded Welch,15,15,1.0,2,0.13333333333333333,0.03736125910306537,0.37881982832322364,
4x4_strong_n250,4x4,4,16,strong,Strongly skewed margins,250,250,15.625,alternative,0.05,0.1,0.05,normal_wald,Normal Wald,15,15,1.0,2,0.13333333333333333,0.03736125910306537,0.37881982832322364,
4x4_strong_n250,4x4,4,16,strong,Strongly skewed margins,250,250,15.625,equal_mi_null,0.05,0.05,0.0,constrained_lr,Constrained LR,15,15,1.0,1,0.06666666666666667,0.011866895493268553,0.2981652987378003,0.016666666666666663
4x4_strong_n250,4x4,4,16,strong,Strongly skewed margins,250,250,15.625,equal_mi_null,0.05,0.05,0.0,expanded_welch,Expanded Welch,15,15,1.0,1,0.06666666666666667,0.011866895493268553,0.2981652987378003,0.016666666666666663
4x4_strong_n250,4x4,4,16,strong,Strongly skewed margins,250,250,15.625,equal_mi_null,0.05,0.05,0.0,normal_wald,Normal Wald,15,15,1.0,1,0.06666666666666667,0.011866895493268553,0.2981652987378003,0.016666666666666663
4x4_strong_n500,4x4,4,16,strong,Strongly skewed margins,500,500,31.25,alternative,0.05,0.1,0.05,constrained_lr,Constrained LR,15,15,1.0,6,0.4,0.1982449614134158,0.6425316987937539,
4x4_strong_n500,4x4,4,16,strong,Strongly skewed margins,500,500,31.25,alternative,0.05,0.1,0.05,expanded_welch,Expanded Welch,15,15,1.0,6,0.4,0.1982449614134158,0.6425316987937539,
4x4_strong_n500,4x4,4,16,strong,Strongly skewed margins,500,500,31.25,alternative,0.05,0.1,0.05,normal_wald,Normal Wald,15,15,1.0,6,0.4,0.1982449614134158,0.6425316987937539,
4x4_strong_n500,4x4,4,16,strong,Strongly skewed margins,500,500,31.25,equal_mi_null,0.05,0.05,0.0,constrained_lr,Constrained LR,15,15,1.0,0,0.0,0.0,0.20388330103584862,0.05
4x4_strong_n500,4x4,4,16,strong,Strongly skewed margins,500,500,31.25,equal_mi_null,0.05,0.05,0.0,expanded_welch,Expanded Welch,15,15,1.0,0,0.0,0.0,0.20388330103584862,0.05
4x4_strong_n500,4x4,4,16,strong,Strongly skewed margins,500,500,31.25,equal_mi_null,0.05,0.05,0.0,normal_wald,Normal Wald,15,15,1.0,0,0.0,0.0,0.20388330103584862,0.05
4x4_strong_n1000,4x4,4,16,strong,Strongly skewed margins,1000,1000,62.5,alternative,0.05,0.1,0.05,constrained_lr,Constrained LR,15,15,1.0,9,0.6,0.357468301206246,0.8017550385865841,
4x4_strong_n1000,4x4,4,16,strong,Strongly skewed margins,1000,1000,62.5,alternative,0.05,0.1,0.05,expanded_welch,Expanded Welch,15,15,1.0,8,0.5333333333333333,0.30116980025498397,0.7519046463426261,
4x4_strong_n1000,4x4,4,16,strong,Strongly skewed margins,1000,1000,62.5,alternative,0.05,0.1,0.05,normal_wald,Normal Wald,15,15,1.0,9,0.6,0.357468301206246,0.8017550385865841,
4x4_strong_n1000,4x4,4,16,strong,Strongly skewed margins,1000,1000,62.5,equal_mi_null,0.05,0.05,0.0,constrained_lr,Constrained LR,15,15,1.0,1,0.06666666666666667,0.011866895493268553,0.2981652987378003,0.016666666666666663
4x4_strong_n1000,4x4,4,16,strong,Strongly skewed margins,1000,1000,62.5,equal_mi_null,0.05,0.05,0.0,expanded_welch,Expanded Welch,15,15,1.0,1,0.06666666666666667,0.011866895493268553,0.2981652987378003,0.016666666666666663
4x4_strong_n1000,4x4,4,16,strong,Strongly skewed margins,1000,1000,62.5,equal_mi_null,0.05,0.05,0.0,normal_wald,Normal Wald,15,15,1.0,1,0.06666666666666667,0.011866895493268553,0.2981652987378003,0.016666666666666663
4x4_ultra_n25,4x4,4,16,ultra,Ultra-skewed margins,25,25,1.5625,alternative,0.05,0.1,0.05,constrained_lr,Constrained LR,15,15,1.0,1,0.06666666666666667,0.011866895493268553,0.2981652987378003,
4x4_ultra_n25,4x4,4,16,ultra,Ultra-skewed margins,25,25,1.5625,alternative,0.05,0.1,0.05,expanded_welch,Expanded Welch,15,4,0.26666666666666666,2,0.5,0.15003898915214947,0.8499610108478506,
4x4_ultra_n25,4x4,4,16,ultra,Ultra-skewed margins,25,25,1.5625,alternative,0.05,0.1,0.05,normal_wald,Normal Wald,15,11,0.7333333333333333,5,0.45454545454545453,0.21271271622459764,0.719908462590678,
4x4_ultra_n25,4x4,4,16,ultra,Ultra-skewed margins,25,25,1.5625,equal_mi_null,0.05,0.05,0.0,constrained_lr,Constrained LR,15,15,1.0,0,0.0,0.0,0.20388330103584862,0.05
4x4_ultra_n25,4x4,4,16,ultra,Ultra-skewed margins,25,25,1.5625,equal_mi_null,0.05,0.05,0.0,expanded_welch,Expanded Welch,15,3,0.2,0,0.0,5.551115123125783e-17,0.5614970317550454,0.05
4x4_ultra_n25,4x4,4,16,ultra,Ultra-skewed margins,25,25,1.5625,equal_mi_null,0.05,0.05,0.0,normal_wald,Normal Wald,15,9,0.6,0,0.0,0.0,0.2991450484195441,0.05
4x4_ultra_n50,4x4,4,16,ultra,Ultra-skewed margins,50,50,3.125,alternative,0.05,0.1,0.05,constrained_lr,Constrained LR,15,15,1.0,0,0.0,0.0,0.20388330103584862,
4x4_ultra_n50,4x4,4,16,ultra,Ultra-skewed margins,50,50,3.125,alternative,0.05,0.1,0.05,expanded_welch,Expanded Welch,15,14,0.9333333333333333,0,0.0,1.3877787807814457e-17,0.2153108027376358,
4x4_ultra_n50,4x4,4,16,ultra,Ultra-skewed margins,50,50,3.125,alternative,0.05,0.1,0.05,normal_wald,Normal Wald,15,15,1.0,0,0.0,0.0,0.20388330103584862,
4x4_ultra_n50,4x4,4,16,ultra,Ultra-skewed margins,50,50,3.125,equal_mi_null,0.05,0.05,0.0,constrained_lr,Constrained LR,15,15,1.0,0,0.0,0.0,0.20388330103584862,0.05
4x4_ultra_n50,4x4,4,16,ultra,Ultra-skewed margins,50,50,3.125,equal_mi_null,0.05,0.05,0.0,expanded_welch,Expanded Welch,15,13,0.8666666666666667,0,0.0,0.0,0.22809537235419838,0.05
4x4_ultra_n50,4x4,4,16,ultra,Ultra-skewed margins,50,50,3.125,equal_mi_null,0.05,0.05,0.0,normal_wald,Normal Wald,15,15,1.0,0,0.0,0.0,0.20388330103584862,0.05
4x4_ultra_n75,4x4,4,16,ultra,Ultra-skewed margins,75,75,4.6875,alternative,0.05,0.1,0.05,constrained_lr,Constrained LR,15,15,1.0,1,0.06666666666666667,0.011866895493268553,0.2981652987378003,
4x4_ultra_n75,4x4,4,16,ultra,Ultra-skewed margins,75,75,4.6875,alternative,0.05,0.1,0.05,expanded_welch,Expanded Welch,15,15,1.0,1,0.06666666666666667,0.011866895493268553,0.2981652987378003,
4x4_ultra_n75,4x4,4,16,ultra,Ultra-skewed margins,75,75,4.6875,alternative,0.05,0.1,0.05,normal_wald,Normal Wald,15,15,1.0,1,0.06666666666666667,0.011866895493268553,0.2981652987378003,
4x4_ultra_n75,4x4,4,16,ultra,Ultra-skewed margins,75,75,4.6875,equal_mi_null,0.05,0.05,0.0,constrained_lr,Constrained LR,15,15,1.0,0,0.0,0.0,0.20388330103584862,0.05
4x4_ultra_n75,4x4,4,16,ultra,Ultra-skewed margins,75,75,4.6875,equal_mi_null,0.05,0.05,0.0,expanded_welch,Expanded Welch,15,15,1.0,1,0.06666666666666667,0.011866895493268553,0.2981652987378003,0.016666666666666663
4x4_ultra_n75,4x4,4,16,ultra,Ultra-skewed margins,75,75,4.6875,equal_mi_null,0.05,0.05,0.0,normal_wald,Normal Wald,15,15,1.0,1,0.06666666666666667,0.011866895493268553,0.2981652987378003,0.016666666666666663
4x4_ultra_n100,4x4,4,16,ultra,Ultra-skewed margins,100,100,6.25,alternative,0.05,0.1,0.05,constrained_lr,Constrained LR,15,15,1.0,1,0.06666666666666667,0.011866895493268553,0.2981652987378003,
4x4_ultra_n100,4x4,4,16,ultra,Ultra-skewed margins,100,100,6.25,alternative,0.05,0.1,0.05,expanded_welch,Expanded Welch,15,14,0.9333333333333333,1,0.07142857142857142,0.012722215247890939,0.31468704424151117,
4x4_ultra_n100,4x4,4,16,ultra,Ultra-skewed margins,100,100,6.25,alternative,0.05,0.1,0.05,normal_wald,Normal Wald,15,15,1.0,1,0.06666666666666667,0.011866895493268553,0.2981652987378003,
4x4_ultra_n100,4x4,4,16,ultra,Ultra-skewed margins,100,100,6.25,equal_mi_null,0.05,0.05,0.0,constrained_lr,Constrained LR,15,15,1.0,2,0.13333333333333333,0.03736125910306537,0.37881982832322364,0.08333333333333333
4x4_ultra_n100,4x4,4,16,ultra,Ultra-skewed margins,100,100,6.25,equal_mi_null,0.05,0.05,0.0,expanded_welch,Expanded Welch,15,13,0.8666666666666667,2,0.15384615384615385,0.043258178358081184,0.4223463101948254,0.10384615384615385
4x4_ultra_n100,4x4,4,16,ultra,Ultra-skewed margins,100,100,6.25,equal_mi_null,0.05,0.05,0.0,normal_wald,Normal Wald,15,15,1.0,2,0.13333333333333333,0.03736125910306537,0.37881982832322364,0.08333333333333333
4x4_ultra_n150,4x4,4,16,ultra,Ultra-skewed margins,150,150,9.375,alternative,0.05,0.1,0.05,constrained_lr,Constrained LR,15,15,1.0,2,0.13333333333333333,0.03736125910306537,0.37881982832322364,
4x4_ultra_n150,4x4,4,16,ultra,Ultra-skewed margins,150,150,9.375,alternative,0.05,0.1,0.05,expanded_welch,Expanded Welch,15,15,1.0,1,0.06666666666666667,0.011866895493268553,0.2981652987378003,
4x4_ultra_n150,4x4,4,16,ultra,Ultra-skewed margins,150,150,9.375,alternative,0.05,0.1,0.05,normal_wald,Normal Wald,15,15,1.0,2,0.13333333333333333,0.03736125910306537,0.37881982832322364,
4x4_ultra_n150,4x4,4,16,ultra,Ultra-skewed margins,150,150,9.375,equal_mi_null,0.05,0.05,0.0,constrained_lr,Constrained LR,15,15,1.0,0,0.0,0.0,0.20388330103584862,0.05
4x4_ultra_n150,4x4,4,16,ultra,Ultra-skewed margins,150,150,9.375,equal_mi_null,0.05,0.05,0.0,expanded_welch,Expanded Welch,15,15,1.0,0,0.0,0.0,0.20388330103584862,0.05
4x4_ultra_n150,4x4,4,16,ultra,Ultra-skewed margins,150,150,9.375,equal_mi_null,0.05,0.05,0.0,normal_wald,Normal Wald,15,15,1.0,0,0.0,0.0,0.20388330103584862,0.05
4x4_ultra_n250,4x4,4,16,ultra,Ultra-skewed margins,250,250,15.625,alternative,0.05,0.1,0.05,constrained_lr,Constrained LR,15,15,1.0,2,0.13333333333333333,0.03736125910306537,0.37881982832322364,
4x4_ultra_n250,4x4,4,16,ultra,Ultra-skewed margins,250,250,15.625,alternative,0.05,0.1,0.05,expanded_welch,Expanded Welch,15,15,1.0,1,0.06666666666666667,0.011866895493268553,0.2981652987378003,
4x4_ultra_n250,4x4,4,16,ultra,Ultra-skewed margins,250,250,15.625,alternative,0.05,0.1,0.05,normal_wald,Normal Wald,15,15,1.0,2,0.13333333333333333,0.03736125910306537,0.37881982832322364,
4x4_ultra_n250,4x4,4,16,ultra,Ultra-skewed margins,250,250,15.625,equal_mi_null,0.05,0.05,0.0,constrained_lr,Constrained LR,15,15,1.0,0,0.0,0.0,0.20388330103584862,0.05
4x4_ultra_n250,4x4,4,16,ultra,Ultra-skewed margins,250,250,15.625,equal_mi_null,0.05,0.05,0.0,expanded_welch,Expanded Welch,15,15,1.0,0,0.0,0.0,0.20388330103584862,0.05
4x4_ultra_n250,4x4,4,16,ultra,Ultra-skewed margins,250,250,15.625,equal_mi_null,0.05,0.05,0.0,normal_wald,Normal Wald,15,15,1.0,0,0.0,0.0,0.20388330103584862,0.05
4x4_ultra_n500,4x4,4,16,ultra,Ultra-skewed margins,500,500,31.25,alternative,0.05,0.1,0.05,constrained_lr,Constrained LR,15,15,1.0,3,0.2,0.07047549346981563,0.45185448715169363,
4x4_ultra_n500,4x4,4,16,ultra,Ultra-skewed margins,500,500,31.25,alternative,0.05,0.1,0.05,expanded_welch,Expanded Welch,15,15,1.0,3,0.2,0.07047549346981563,0.45185448715169363,
4x4_ultra_n500,4x4,4,16,ultra,Ultra-skewed margins,500,500,31.25,alternative,0.05,0.1,0.05,normal_wald,Normal Wald,15,15,1.0,3,0.2,0.07047549346981563,0.45185448715169363,
4x4_ultra_n500,4x4,4,16,ultra,Ultra-skewed margins,500,500,31.25,equal_mi_null,0.05,0.05,0.0,constrained_lr,Constrained LR,15,15,1.0,1,0.06666666666666667,0.011866895493268553,0.2981652987378003,0.016666666666666663
4x4_ultra_n500,4x4,4,16,ultra,Ultra-skewed margins,500,500,31.25,equal_mi_null,0.05,0.05,0.0,expanded_welch,Expanded Welch,15,15,1.0,1,0.06666666666666667,0.011866895493268553,0.2981652987378003,0.016666666666666663
4x4_ultra_n500,4x4,4,16,ultra,Ultra-skewed margins,500,500,31.25,equal_mi_null,0.05,0.05,0.0,normal_wald,Normal Wald,15,15,1.0,1,0.06666666666666667,0.011866895493268553,0.2981652987378003,0.016666666666666663
4x4_ultra_n1000,4x4,4,16,ultra,Ultra-skewed margins,1000,1000,62.5,alternative,0.05,0.1,0.05,constrained_lr,Constrained LR,15,15,1.0,8,0.5333333333333333,0.30116980025498397,0.7519046463426261,
4x4_ultra_n1000,4x4,4,16,ultra,Ultra-skewed margins,1000,1000,62.5,alternative,0.05,0.1,0.05,expanded_welch,Expanded Welch,15,15,1.0,7,0.4666666666666667,0.24809535365737387,0.698830199745016,
4x4_ultra_n1000,4x4,4,16,ultra,Ultra-skewed margins,1000,1000,62.5,alternative,0.05,0.1,0.05,normal_wald,Normal Wald,15,15,1.0,8,0.5333333333333333,0.30116980025498397,0.7519046463426261,
4x4_ultra_n1000,4x4,4,16,ultra,Ultra-skewed margins,1000,1000,62.5,equal_mi_null,0.05,0.05,0.0,constrained_lr,Constrained LR,15,15,1.0,1,0.06666666666666667,0.011866895493268553,0.2981652987378003,0.016666666666666663
4x4_ultra_n1000,4x4,4,16,ultra,Ultra-skewed margins,1000,1000,62.5,equal_mi_null,0.05,0.05,0.0,expanded_welch,Expanded Welch,15,15,1.0,1,0.06666666666666667,0.011866895493268553,0.2981652987378003,0.016666666666666663
4x4_ultra_n1000,4x4,4,16,ultra,Ultra-skewed margins,1000,1000,62.5,equal_mi_null,0.05,0.05,0.0,normal_wald,Normal Wald,15,15,1.0,1,0.06666666666666667,0.011866895493268553,0.2981652987378003,0.016666666666666663
5x5_balanced_n25,5x5,5,25,balanced,Balanced margins,25,25,1.0,alternative,0.05,0.1,0.05,constrained_lr,Constrained LR,10,10,1.0,0,0.0,0.0,0.2775327998628892,
5x5_balanced_n25,5x5,5,25,balanced,Balanced margins,25,25,1.0,alternative,0.05,0.1,0.05,expanded_welch,Expanded Welch,10,10,1.0,0,0.0,0.0,0.2775327998628892,
5x5_balanced_n25,5x5,5,25,balanced,Balanced margins,25,25,1.0,alternative,0.05,0.1,0.05,normal_wald,Normal Wald,10,10,1.0,0,0.0,0.0,0.2775327998628892,
5x5_balanced_n25,5x5,5,25,balanced,Balanced margins,25,25,1.0,equal_mi_null,0.05,0.05,0.0,constrained_lr,Constrained LR,10,10,1.0,0,0.0,0.0,0.2775327998628892,0.05
5x5_balanced_n25,5x5,5,25,balanced,Balanced margins,25,25,1.0,equal_mi_null,0.05,0.05,0.0,expanded_welch,Expanded Welch,10,10,1.0,0,0.0,0.0,0.2775327998628892,0.05
5x5_balanced_n25,5x5,5,25,balanced,Balanced margins,25,25,1.0,equal_mi_null,0.05,0.05,0.0,normal_wald,Normal Wald,10,10,1.0,0,0.0,0.0,0.2775327998628892,0.05
5x5_balanced_n50,5x5,5,25,balanced,Balanced margins,50,50,2.0,alternative,0.05,0.1,0.05,constrained_lr,Constrained LR,10,10,1.0,1,0.1,0.017876213095072896,0.4041500267952385,
5x5_balanced_n50,5x5,5,25,balanced,Balanced margins,50,50,2.0,alternative,0.05,0.1,0.05,expanded_welch,Expanded Welch,10,10,1.0,1,0.1,0.017876213095072896,0.4041500267952385,
5x5_balanced_n50,5x5,5,25,balanced,Balanced margins,50,50,2.0,alternative,0.05,0.1,0.05,normal_wald,Normal Wald,10,10,1.0,1,0.1,0.017876213095072896,0.4041500267952385,
5x5_balanced_n50,5x5,5,25,balanced,Balanced margins,50,50,2.0,equal_mi_null,0.05,0.05,0.0,constrained_lr,Constrained LR,10,10,1.0,0,0.0,0.0,0.2775327998628892,0.05
5x5_balanced_n50,5x5,5,25,balanced,Balanced margins,50,50,2.0,equal_mi_null,0.05,0.05,0.0,expanded_welch,Expanded Welch,10,10,1.0,0,0.0,0.0,0.2775327998628892,0.05
5x5_balanced_n50,5x5,5,25,balanced,Balanced margins,50,50,2.0,equal_mi_null,0.05,0.05,0.0,normal_wald,Normal Wald,10,10,1.0,0,0.0,0.0,0.2775327998628892,0.05
5x5_balanced_n75,5x5,5,25,balanced,Balanced margins,75,75,3.0,alternative,0.05,0.1,0.05,constrained_lr,Constrained LR,10,10,1.0,1,0.1,0.017876213095072896,0.4041500267952385,
5x5_balanced_n75,5x5,5,25,balanced,Balanced margins,75,75,3.0,alternative,0.05,0.1,0.05,expanded_welch,Expanded Welch,10,10,1.0,1,0.1,0.017876213095072896,0.4041500267952385,
5x5_balanced_n75,5x5,5,25,balanced,Balanced margins,75,75,3.0,alternative,0.05,0.1,0.05,normal_wald,Normal Wald,10,10,1.0,1,0.1,0.017876213095072896,0.4041500267952385,
5x5_balanced_n75,5x5,5,25,balanced,Balanced margins,75,75,3.0,equal_mi_null,0.05,0.05,0.0,constrained_lr,Constrained LR,10,10,1.0,0,0.0,0.0,0.2775327998628892,0.05
5x5_balanced_n75,5x5,5,25,balanced,Balanced margins,75,75,3.0,equal_mi_null,0.05,0.05,0.0,expanded_welch,Expanded Welch,10,10,1.0,0,0.0,0.0,0.2775327998628892,0.05
5x5_balanced_n75,5x5,5,25,balanced,Balanced margins,75,75,3.0,equal_mi_null,0.05,0.05,0.0,normal_wald,Normal Wald,10,10,1.0,0,0.0,0.0,0.2775327998628892,0.05
5x5_balanced_n100,5x5,5,25,balanced,Balanced margins,100,100,4.0,alternative,0.05,0.1,0.05,constrained_lr,Constrained LR,10,10,1.0,3,0.3,0.10779126740630099,0.6032218525388546,
5x5_balanced_n100,5x5,5,25,balanced,Balanced margins,100,100,4.0,alternative,0.05,0.1,0.05,expanded_welch,Expanded Welch,10,10,1.0,3,0.3,0.10779126740630099,0.6032218525388546,
5x5_balanced_n100,5x5,5,25,balanced,Balanced margins,100,100,4.0,alternative,0.05,0.1,0.05,normal_wald,Normal Wald,10,10,1.0,3,0.3,0.10779126740630099,0.6032218525388546,
5x5_balanced_n100,5x5,5,25,balanced,Balanced margins,100,100,4.0,equal_mi_null,0.05,0.05,0.0,constrained_lr,Constrained LR,10,10,1.0,0,0.0,0.0,0.2775327998628892,0.05
5x5_balanced_n100,5x5,5,25,balanced,Balanced margins,100,100,4.0,equal_mi_null,0.05,0.05,0.0,expanded_welch,Expanded Welch,10,10,1.0,0,0.0,0.0,0.2775327998628892,0.05
5x5_balanced_n100,5x5,5,25,balanced,Balanced margins,100,100,4.0,equal_mi_null,0.05,0.05,0.0,normal_wald,Normal Wald,10,10,1.0,0,0.0,0.0,0.2775327998628892,0.05
5x5_balanced_n150,5x5,5,25,balanced,Balanced margins,150,150,6.0,alternative,0.05,0.1,0.05,constrained_lr,Constrained LR,10,10,1.0,1,0.1,0.017876213095072896,0.4041500267952385,
5x5_balanced_n150,5x5,5,25,balanced,Balanced margins,150,150,6.0,alternative,0.05,0.1,0.05,expanded_welch,Expanded Welch,10,10,1.0,1,0.1,0.017876213095072896,0.4041500267952385,
5x5_balanced_n150,5x5,5,25,balanced,Balanced margins,150,150,6.0,alternative,0.05,0.1,0.05,normal_wald,Normal Wald,10,10,1.0,2,0.2,0.05668215145437519,0.5098375284633583,
5x5_balanced_n150,5x5,5,25,balanced,Balanced margins,150,150,6.0,equal_mi_null,0.05,0.05,0.0,constrained_lr,Constrained LR,10,10,1.0,1,0.1,0.017876213095072896,0.4041500267952385,0.05
5x5_balanced_n150,5x5,5,25,balanced,Balanced margins,150,150,6.0,equal_mi_null,0.05,0.05,0.0,expanded_welch,Expanded Welch,10,10,1.0,1,0.1,0.017876213095072896,0.4041500267952385,0.05
5x5_balanced_n150,5x5,5,25,balanced,Balanced margins,150,150,6.0,equal_mi_null,0.05,0.05,0.0,normal_wald,Normal Wald,10,10,1.0,1,0.1,0.017876213095072896,0.4041500267952385,0.05
5x5_balanced_n250,5x5,5,25,balanced,Balanced margins,250,250,10.0,alternative,0.05,0.1,0.05,constrained_lr,Constrained LR,10,10,1.0,1,0.1,0.017876213095072896,0.4041500267952385,
5x5_balanced_n250,5x5,5,25,balanced,Balanced margins,250,250,10.0,alternative,0.05,0.1,0.05,expanded_welch,Expanded Welch,10,10,1.0,1,0.1,0.017876213095072896,0.4041500267952385,
5x5_balanced_n250,5x5,5,25,balanced,Balanced margins,250,250,10.0,alternative,0.05,0.1,0.05,normal_wald,Normal Wald,10,10,1.0,1,0.1,0.017876213095072896,0.4041500267952385,
5x5_balanced_n250,5x5,5,25,balanced,Balanced margins,250,250,10.0,equal_mi_null,0.05,0.05,0.0,constrained_lr,Constrained LR,10,10,1.0,0,0.0,0.0,0.2775327998628892,0.05
5x5_balanced_n250,5x5,5,25,balanced,Balanced margins,250,250,10.0,equal_mi_null,0.05,0.05,0.0,expanded_welch,Expanded Welch,10,10,1.0,0,0.0,0.0,0.2775327998628892,0.05
5x5_balanced_n250,5x5,5,25,balanced,Balanced margins,250,250,10.0,equal_mi_null,0.05,0.05,0.0,normal_wald,Normal Wald,10,10,1.0,0,0.0,0.0,0.2775327998628892,0.05
5x5_balanced_n500,5x5,5,25,balanced,Balanced margins,500,500,20.0,alternative,0.05,0.1,0.05,constrained_lr,Constrained LR,10,10,1.0,4,0.4,0.16818032970623614,0.6873262302663417,
5x5_balanced_n500,5x5,5,25,balanced,Balanced margins,500,500,20.0,alternative,0.05,0.1,0.05,expanded_welch,Expanded Welch,10,10,1.0,4,0.4,0.16818032970623614,0.6873262302663417,
5x5_balanced_n500,5x5,5,25,balanced,Balanced margins,500,500,20.0,alternative,0.05,0.1,0.05,normal_wald,Normal Wald,10,10,1.0,4,0.4,0.16818032970623614,0.6873262302663417,
5x5_balanced_n500,5x5,5,25,balanced,Balanced margins,500,500,20.0,equal_mi_null,0.05,0.05,0.0,constrained_lr,Constrained LR,10,10,1.0,0,0.0,0.0,0.2775327998628892,0.05
5x5_balanced_n500,5x5,5,25,balanced,Balanced margins,500,500,20.0,equal_mi_null,0.05,0.05,0.0,expanded_welch,Expanded Welch,10,10,1.0,0,0.0,0.0,0.2775327998628892,0.05
5x5_balanced_n500,5x5,5,25,balanced,Balanced margins,500,500,20.0,equal_mi_null,0.05,0.05,0.0,normal_wald,Normal Wald,10,10,1.0,0,0.0,0.0,0.2775327998628892,0.05
5x5_balanced_n1000,5x5,5,25,balanced,Balanced margins,1000,1000,40.0,alternative,0.05,0.1,0.05,constrained_lr,Constrained LR,10,10,1.0,7,0.7,0.39677814746114537,0.8922087325936989,
5x5_balanced_n1000,5x5,5,25,balanced,Balanced margins,1000,1000,40.0,alternative,0.05,0.1,0.05,expanded_welch,Expanded Welch,10,10,1.0,7,0.7,0.39677814746114537,0.8922087325936989,
5x5_balanced_n1000,5x5,5,25,balanced,Balanced margins,1000,1000,40.0,alternative,0.05,0.1,0.05,normal_wald,Normal Wald,10,10,1.0,7,0.7,0.39677814746114537,0.8922087325936989,
5x5_balanced_n1000,5x5,5,25,balanced,Balanced margins,1000,1000,40.0,equal_mi_null,0.05,0.05,0.0,constrained_lr,Constrained LR,10,10,1.0,0,0.0,0.0,0.2775327998628892,0.05
5x5_balanced_n1000,5x5,5,25,balanced,Balanced margins,1000,1000,40.0,equal_mi_null,0.05,0.05,0.0,expanded_welch,Expanded Welch,10,10,1.0,0,0.0,0.0,0.2775327998628892,0.05
5x5_balanced_n1000,5x5,5,25,balanced,Balanced margins,1000,1000,40.0,equal_mi_null,0.05,0.05,0.0,normal_wald,Normal Wald,10,10,1.0,0,0.0,0.0,0.2775327998628892,0.05
5x5_mild_n25,5x5,5,25,mild,Mildly skewed margins,25,25,1.0,alternative,0.05,0.1,0.05,constrained_lr,Constrained LR,10,10,1.0,0,0.0,0.0,0.2775327998628892,
5x5_mild_n25,5x5,5,25,mild,Mildly skewed margins,25,25,1.0,alternative,0.05,0.1,0.05,expanded_welch,Expanded Welch,10,10,1.0,1,0.1,0.017876213095072896,0.4041500267952385,
5x5_mild_n25,5x5,5,25,mild,Mildly skewed margins,25,25,1.0,alternative,0.05,0.1,0.05,normal_wald,Normal Wald,10,10,1.0,1,0.1,0.017876213095072896,0.4041500267952385,
5x5_mild_n25,5x5,5,25,mild,Mildly skewed margins,25,25,1.0,equal_mi_null,0.05,0.05,0.0,constrained_lr,Constrained LR,10,10,1.0,0,0.0,0.0,0.2775327998628892,0.05
5x5_mild_n25,5x5,5,25,mild,Mildly skewed margins,25,25,1.0,equal_mi_null,0.05,0.05,0.0,expanded_welch,Expanded Welch,10,10,1.0,0,0.0,0.0,0.2775327998628892,0.05
5x5_mild_n25,5x5,5,25,mild,Mildly skewed margins,25,25,1.0,equal_mi_null,0.05,0.05,0.0,normal_wald,Normal Wald,10,10,1.0,0,0.0,0.0,0.2775327998628892,0.05
5x5_mild_n50,5x5,5,25,mild,Mildly skewed margins,50,50,2.0,alternative,0.05,0.1,0.05,constrained_lr,Constrained LR,10,10,1.0,0,0.0,0.0,0.2775327998628892,
5x5_mild_n50,5x5,5,25,mild,Mildly skewed margins,50,50,2.0,alternative,0.05,0.1,0.05,expanded_welch,Expanded Welch,10,10,1.0,0,0.0,0.0,0.2775327998628892,
5x5_mild_n50,5x5,5,25,mild,Mildly skewed margins,50,50,2.0,alternative,0.05,0.1,0.05,normal_wald,Normal Wald,10,10,1.0,0,0.0,0.0,0.2775327998628892,
5x5_mild_n50,5x5,5,25,mild,Mildly skewed margins,50,50,2.0,equal_mi_null,0.05,0.05,0.0,constrained_lr,Constrained LR,10,10,1.0,0,0.0,0.0,0.2775327998628892,0.05
5x5_mild_n50,5x5,5,25,mild,Mildly skewed margins,50,50,2.0,equal_mi_null,0.05,0.05,0.0,expanded_welch,Expanded Welch,10,10,1.0,0,0.0,0.0,0.2775327998628892,0.05
5x5_mild_n50,5x5,5,25,mild,Mildly skewed margins,50,50,2.0,equal_mi_null,0.05,0.05,0.0,normal_wald,Normal Wald,10,10,1.0,0,0.0,0.0,0.2775327998628892,0.05
5x5_mild_n75,5x5,5,25,mild,Mildly skewed margins,75,75,3.0,alternative,0.05,0.1,0.05,constrained_lr,Constrained LR,10,10,1.0,0,0.0,0.0,0.2775327998628892,
5x5_mild_n75,5x5,5,25,mild,Mildly skewed margins,75,75,3.0,alternative,0.05,0.1,0.05,expanded_welch,Expanded Welch,10,10,1.0,0,0.0,0.0,0.2775327998628892,
5x5_mild_n75,5x5,5,25,mild,Mildly skewed margins,75,75,3.0,alternative,0.05,0.1,0.05,normal_wald,Normal Wald,10,10,1.0,0,0.0,0.0,0.2775327998628892,
5x5_mild_n75,5x5,5,25,mild,Mildly skewed margins,75,75,3.0,equal_mi_null,0.05,0.05,0.0,constrained_lr,Constrained LR,10,10,1.0,0,0.0,0.0,0.2775327998628892,0.05
5x5_mild_n75,5x5,5,25,mild,Mildly skewed margins,75,75,3.0,equal_mi_null,0.05,0.05,0.0,expanded_welch,Expanded Welch,10,10,1.0,0,0.0,0.0,0.2775327998628892,0.05
5x5_mild_n75,5x5,5,25,mild,Mildly skewed margins,75,75,3.0,equal_mi_null,0.05,0.05,0.0,normal_wald,Normal Wald,10,10,1.0,0,0.0,0.0,0.2775327998628892,0.05
5x5_mild_n100,5x5,5,25,mild,Mildly skewed margins,100,100,4.0,alternative,0.05,0.1,0.05,constrained_lr,Constrained LR,10,10,1.0,0,0.0,0.0,0.2775327998628892,
5x5_mild_n100,5x5,5,25,mild,Mildly skewed margins,100,100,4.0,alternative,0.05,0.1,0.05,expanded_welch,Expanded Welch,10,10,1.0,0,0.0,0.0,0.2775327998628892,
5x5_mild_n100,5x5,5,25,mild,Mildly skewed margins,100,100,4.0,alternative,0.05,0.1,0.05,normal_wald,Normal Wald,10,10,1.0,0,0.0,0.0,0.2775327998628892,
5x5_mild_n100,5x5,5,25,mild,Mildly skewed margins,100,100,4.0,equal_mi_null,0.05,0.05,0.0,constrained_lr,Constrained LR,10,10,1.0,1,0.1,0.017876213095072896,0.4041500267952385,0.05
5x5_mild_n100,5x5,5,25,mild,Mildly skewed margins,100,100,4.0,equal_mi_null,0.05,0.05,0.0,expanded_welch,Expanded Welch,10,10,1.0,1,0.1,0.017876213095072896,0.4041500267952385,0.05
5x5_mild_n100,5x5,5,25,mild,Mildly skewed margins,100,100,4.0,equal_mi_null,0.05,0.05,0.0,normal_wald,Normal Wald,10,10,1.0,1,0.1,0.017876213095072896,0.4041500267952385,0.05
5x5_mild_n150,5x5,5,25,mild,Mildly skewed margins,150,150,6.0,alternative,0.05,0.1,0.05,constrained_lr,Constrained LR,10,10,1.0,2,0.2,0.05668215145437519,0.5098375284633583,
5x5_mild_n150,5x5,5,25,mild,Mildly skewed margins,150,150,6.0,alternative,0.05,0.1,0.05,expanded_welch,Expanded Welch,10,10,1.0,2,0.2,0.05668215145437519,0.5098375284633583,
5x5_mild_n150,5x5,5,25,mild,Mildly skewed margins,150,150,6.0,alternative,0.05,0.1,0.05,normal_wald,Normal Wald,10,10,1.0,2,0.2,0.05668215145437519,0.5098375284633583,
5x5_mild_n150,5x5,5,25,mild,Mildly skewed margins,150,150,6.0,equal_mi_null,0.05,0.05,0.0,constrained_lr,Constrained LR,10,10,1.0,0,0.0,0.0,0.2775327998628892,0.05
5x5_mild_n150,5x5,5,25,mild,Mildly skewed margins,150,150,6.0,equal_mi_null,0.05,0.05,0.0,expanded_welch,Expanded Welch,10,10,1.0,0,0.0,0.0,0.2775327998628892,0.05
5x5_mild_n150,5x5,5,25,mild,Mildly skewed margins,150,150,6.0,equal_mi_null,0.05,0.05,0.0,normal_wald,Normal Wald,10,10,1.0,0,0.0,0.0,0.2775327998628892,0.05
5x5_mild_n250,5x5,5,25,mild,Mildly skewed margins,250,250,10.0,alternative,0.05,0.1,0.05,constrained_lr,Constrained LR,10,10,1.0,2,0.2,0.05668215145437519,0.5098375284633583,
5x5_mild_n250,5x5,5,25,mild,Mildly skewed margins,250,250,10.0,alternative,0.05,0.1,0.05,expanded_welch,Expanded Welch,10,10,1.0,2,0.2,0.05668215145437519,0.5098375284633583,
5x5_mild_n250,5x5,5,25,mild,Mildly skewed margins,250,250,10.0,alternative,0.05,0.1,0.05,normal_wald,Normal Wald,10,10,1.0,2,0.2,0.05668215145437519,0.5098375284633583,
5x5_mild_n250,5x5,5,25,mild,Mildly skewed margins,250,250,10.0,equal_mi_null,0.05,0.05,0.0,constrained_lr,Constrained LR,10,10,1.0,0,0.0,0.0,0.2775327998628892,0.05
5x5_mild_n250,5x5,5,25,mild,Mildly skewed margins,250,250,10.0,equal_mi_null,0.05,0.05,0.0,expanded_welch,Expanded Welch,10,10,1.0,0,0.0,0.0,0.2775327998628892,0.05
5x5_mild_n250,5x5,5,25,mild,Mildly skewed margins,250,250,10.0,equal_mi_null,0.05,0.05,0.0,normal_wald,Normal Wald,10,10,1.0,0,0.0,0.0,0.2775327998628892,0.05
5x5_mild_n500,5x5,5,25,mild,Mildly skewed margins,500,500,20.0,alternative,0.05,0.1,0.05,constrained_lr,Constrained LR,10,10,1.0,5,0.5,0.236593090512564,0.7634069094874361,
5x5_mild_n500,5x5,5,25,mild,Mildly skewed margins,500,500,20.0,alternative,0.05,0.1,0.05,expanded_welch,Expanded Welch,10,10,1.0,5,0.5,0.236593090512564,0.7634069094874361,
5x5_mild_n500,5x5,5,25,mild,Mildly skewed margins,500,500,20.0,alternative,0.05,0.1,0.05,normal_wald,Normal Wald,10,10,1.0,5,0.5,0.236593090512564,0.7634069094874361,
5x5_mild_n500,5x5,5,25,mild,Mildly skewed margins,500,500,20.0,equal_mi_null,0.05,0.05,0.0,constrained_lr,Constrained LR,10,10,1.0,0,0.0,0.0,0.2775327998628892,0.05
5x5_mild_n500,5x5,5,25,mild,Mildly skewed margins,500,500,20.0,equal_mi_null,0.05,0.05,0.0,expanded_welch,Expanded Welch,10,10,1.0,0,0.0,0.0,0.2775327998628892,0.05
5x5_mild_n500,5x5,5,25,mild,Mildly skewed margins,500,500,20.0,equal_mi_null,0.05,0.05,0.0,normal_wald,Normal Wald,10,10,1.0,0,0.0,0.0,0.2775327998628892,0.05
5x5_mild_n1000,5x5,5,25,mild,Mildly skewed margins,1000,1000,40.0,alternative,0.05,0.1,0.05,constrained_lr,Constrained LR,10,10,1.0,7,0.7,0.39677814746114537,0.8922087325936989,
5x5_mild_n1000,5x5,5,25,mild,Mildly skewed margins,1000,1000,40.0,alternative,0.05,0.1,0.05,expanded_welch,Expanded Welch,10,10,1.0,7,0.7,0.39677814746114537,0.8922087325936989,
5x5_mild_n1000,5x5,5,25,mild,Mildly skewed margins,1000,1000,40.0,alternative,0.05,0.1,0.05,normal_wald,Normal Wald,10,10,1.0,7,0.7,0.39677814746114537,0.8922087325936989,
5x5_mild_n1000,5x5,5,25,mild,Mildly skewed margins,1000,1000,40.0,equal_mi_null,0.05,0.05,0.0,constrained_lr,Constrained LR,10,10,1.0,1,0.1,0.017876213095072896,0.4041500267952385,0.05
5x5_mild_n1000,5x5,5,25,mild,Mildly skewed margins,1000,1000,40.0,equal_mi_null,0.05,0.05,0.0,expanded_welch,Expanded Welch,10,10,1.0,1,0.1,0.017876213095072896,0.4041500267952385,0.05
5x5_mild_n1000,5x5,5,25,mild,Mildly skewed margins,1000,1000,40.0,equal_mi_null,0.05,0.05,0.0,normal_wald,Normal Wald,10,10,1.0,1,0.1,0.017876213095072896,0.4041500267952385,0.05
5x5_strong_n25,5x5,5,25,strong,Strongly skewed margins,25,25,1.0,alternative,0.05,0.1,0.05,constrained_lr,Constrained LR,10,10,1.0,1,0.1,0.017876213095072896,0.4041500267952385,
5x5_strong_n25,5x5,5,25,strong,Strongly skewed margins,25,25,1.0,alternative,0.05,0.1,0.05,expanded_welch,Expanded Welch,10,6,0.6,0,0.0,2.7755575615628914e-17,0.3903342879021653,
5x5_strong_n25,5x5,5,25,strong,Strongly skewed margins,25,25,1.0,alternative,0.05,0.1,0.05,normal_wald,Normal Wald,10,10,1.0,1,0.1,0.017876213095072896,0.4041500267952385,
5x5_strong_n25,5x5,5,25,strong,Strongly skewed margins,25,25,1.0,equal_mi_null,0.05,0.05,0.0,constrained_lr,Constrained LR,10,10,1.0,0,0.0,0.0,0.2775327998628892,0.05
5x5_strong_n25,5x5,5,25,strong,Strongly skewed margins,25,25,1.0,equal_mi_null,0.05,0.05,0.0,expanded_welch,Expanded Welch,10,6,0.6,0,0.0,2.7755575615628914e-17,0.3903342879021653,0.05
5x5_strong_n25,5x5,5,25,strong,Strongly skewed margins,25,25,1.0,equal_mi_null,0.05,0.05,0.0,normal_wald,Normal Wald,10,9,0.9,0,0.0,0.0,0.2991450484195441,0.05
5x5_strong_n50,5x5,5,25,strong,Strongly skewed margins,50,50,2.0,alternative,0.05,0.1,0.05,constrained_lr,Constrained LR,10,10,1.0,1,0.1,0.017876213095072896,0.4041500267952385,
5x5_strong_n50,5x5,5,25,strong,Strongly skewed margins,50,50,2.0,alternative,0.05,0.1,0.05,expanded_welch,Expanded Welch,10,10,1.0,1,0.1,0.017876213095072896,0.4041500267952385,
5x5_strong_n50,5x5,5,25,strong,Strongly skewed margins,50,50,2.0,alternative,0.05,0.1,0.05,normal_wald,Normal Wald,10,10,1.0,1,0.1,0.017876213095072896,0.4041500267952385,
5x5_strong_n50,5x5,5,25,strong,Strongly skewed margins,50,50,2.0,equal_mi_null,0.05,0.05,0.0,constrained_lr,Constrained LR,10,10,1.0,0,0.0,0.0,0.2775327998628892,0.05
5x5_strong_n50,5x5,5,25,strong,Strongly skewed margins,50,50,2.0,equal_mi_null,0.05,0.05,0.0,expanded_welch,Expanded Welch,10,10,1.0,0,0.0,0.0,0.2775327998628892,0.05
5x5_strong_n50,5x5,5,25,strong,Strongly skewed margins,50,50,2.0,equal_mi_null,0.05,0.05,0.0,normal_wald,Normal Wald,10,10,1.0,1,0.1,0.017876213095072896,0.4041500267952385,0.05
5x5_strong_n75,5x5,5,25,strong,Strongly skewed margins,75,75,3.0,alternative,0.05,0.1,0.05,constrained_lr,Constrained LR,10,10,1.0,1,0.1,0.017876213095072896,0.4041500267952385,
5x5_strong_n75,5x5,5,25,strong,Strongly skewed margins,75,75,3.0,alternative,0.05,0.1,0.05,expanded_welch,Expanded Welch,10,10,1.0,0,0.0,0.0,0.2775327998628892,
5x5_strong_n75,5x5,5,25,strong,Strongly skewed margins,75,75,3.0,alternative,0.05,0.1,0.05,normal_wald,Normal Wald,10,10,1.0,1,0.1,0.017876213095072896,0.4041500267952385,
5x5_strong_n75,5x5,5,25,strong,Strongly skewed margins,75,75,3.0,equal_mi_null,0.05,0.05,0.0,constrained_lr,Constrained LR,10,10,1.0,1,0.1,0.017876213095072896,0.4041500267952385,0.05
5x5_strong_n75,5x5,5,25,strong,Strongly skewed margins,75,75,3.0,equal_mi_null,0.05,0.05,0.0,expanded_welch,Expanded Welch,10,10,1.0,1,0.1,0.017876213095072896,0.4041500267952385,0.05
5x5_strong_n75,5x5,5,25,strong,Strongly skewed margins,75,75,3.0,equal_mi_null,0.05,0.05,0.0,normal_wald,Normal Wald,10,10,1.0,1,0.1,0.017876213095072896,0.4041500267952385,0.05
5x5_strong_n100,5x5,5,25,strong,Strongly skewed margins,100,100,4.0,alternative,0.05,0.1,0.05,constrained_lr,Constrained LR,10,10,1.0,2,0.2,0.05668215145437519,0.5098375284633583,
5x5_strong_n100,5x5,5,25,strong,Strongly skewed margins,100,100,4.0,alternative,0.05,0.1,0.05,expanded_welch,Expanded Welch,10,10,1.0,2,0.2,0.05668215145437519,0.5098375284633583,
5x5_strong_n100,5x5,5,25,strong,Strongly skewed margins,100,100,4.0,alternative,0.05,0.1,0.05,normal_wald,Normal Wald,10,10,1.0,2,0.2,0.05668215145437519,0.5098375284633583,
5x5_strong_n100,5x5,5,25,strong,Strongly skewed margins,100,100,4.0,equal_mi_null,0.05,0.05,0.0,constrained_lr,Constrained LR,10,10,1.0,1,0.1,0.017876213095072896,0.4041500267952385,0.05
5x5_strong_n100,5x5,5,25,strong,Strongly skewed margins,100,100,4.0,equal_mi_null,0.05,0.05,0.0,expanded_welch,Expanded Welch,10,10,1.0,1,0.1,0.017876213095072896,0.4041500267952385,0.05
5x5_strong_n100,5x5,5,25,strong,Strongly skewed margins,100,100,4.0,equal_mi_null,0.05,0.05,0.0,normal_wald,Normal Wald,10,10,1.0,1,0.1,0.017876213095072896,0.4041500267952385,0.05
5x5_strong_n150,5x5,5,25,strong,Strongly skewed margins,150,150,6.0,alternative,0.05,0.1,0.05,constrained_lr,Constrained LR,10,10,1.0,0,0.0,0.0,0.2775327998628892,
5x5_strong_n150,5x5,5,25,strong,Strongly skewed margins,150,150,6.0,alternative,0.05,0.1,0.05,expanded_welch,Expanded Welch,10,10,1.0,0,0.0,0.0,0.2775327998628892,
5x5_strong_n150,5x5,5,25,strong,Strongly skewed margins,150,150,6.0,alternative,0.05,0.1,0.05,normal_wald,Normal Wald,10,10,1.0,0,0.0,0.0,0.2775327998628892,
5x5_strong_n150,5x5,5,25,strong,Strongly skewed margins,150,150,6.0,equal_mi_null,0.05,0.05,0.0,constrained_lr,Constrained LR,10,10,1.0,0,0.0,0.0,0.2775327998628892,0.05
5x5_strong_n150,5x5,5,25,strong,Strongly skewed margins,150,150,6.0,equal_mi_null,0.05,0.05,0.0,expanded_welch,Expanded Welch,10,10,1.0,0,0.0,0.0,0.2775327998628892,0.05
5x5_strong_n150,5x5,5,25,strong,Strongly skewed margins,150,150,6.0,equal_mi_null,0.05,0.05,0.0,normal_wald,Normal Wald,10,10,1.0,0,0.0,0.0,0.2775327998628892,0.05
5x5_strong_n250,5x5,5,25,strong,Strongly skewed margins,250,250,10.0,alternative,0.05,0.1,0.05,constrained_lr,Constrained LR,10,10,1.0,0,0.0,0.0,0.2775327998628892,
5x5_strong_n250,5x5,5,25,strong,Strongly skewed margins,250,250,10.0,alternative,0.05,0.1,0.05,expanded_welch,Expanded Welch,10,10,1.0,0,0.0,0.0,0.2775327998628892,
5x5_strong_n250,5x5,5,25,strong,Strongly skewed margins,250,250,10.0,alternative,0.05,0.1,0.05,normal_wald,Normal Wald,10,10,1.0,0,0.0,0.0,0.2775327998628892,
5x5_strong_n250,5x5,5,25,strong,Strongly skewed margins,250,250,10.0,equal_mi_null,0.05,0.05,0.0,constrained_lr,Constrained LR,10,10,1.0,1,0.1,0.017876213095072896,0.4041500267952385,0.05
5x5_strong_n250,5x5,5,25,strong,Strongly skewed margins,250,250,10.0,equal_mi_null,0.05,0.05,0.0,expanded_welch,Expanded Welch,10,10,1.0,1,0.1,0.017876213095072896,0.4041500267952385,0.05
5x5_strong_n250,5x5,5,25,strong,Strongly skewed margins,250,250,10.0,equal_mi_null,0.05,0.05,0.0,normal_wald,Normal Wald,10,10,1.0,1,0.1,0.017876213095072896,0.4041500267952385,0.05
5x5_strong_n500,5x5,5,25,strong,Strongly skewed margins,500,500,20.0,alternative,0.05,0.1,0.05,constrained_lr,Constrained LR,10,10,1.0,5,0.5,0.236593090512564,0.7634069094874361,
5x5_strong_n500,5x5,5,25,strong,Strongly skewed margins,500,500,20.0,alternative,0.05,0.1,0.05,expanded_welch,Expanded Welch,10,10,1.0,5,0.5,0.236593090512564,0.7634069094874361,
5x5_strong_n500,5x5,5,25,strong,Strongly skewed margins,500,500,20.0,alternative,0.05,0.1,0.05,normal_wald,Normal Wald,10,10,1.0,5,0.5,0.236593090512564,0.7634069094874361,
5x5_strong_n500,5x5,5,25,strong,Strongly skewed margins,500,500,20.0,equal_mi_null,0.05,0.05,0.0,constrained_lr,Constrained LR,10,10,1.0,1,0.1,0.017876213095072896,0.4041500267952385,0.05
5x5_strong_n500,5x5,5,25,strong,Strongly skewed margins,500,500,20.0,equal_mi_null,0.05,0.05,0.0,expanded_welch,Expanded Welch,10,10,1.0,1,0.1,0.017876213095072896,0.4041500267952385,0.05
5x5_strong_n500,5x5,5,25,strong,Strongly skewed margins,500,500,20.0,equal_mi_null,0.05,0.05,0.0,normal_wald,Normal Wald,10,10,1.0,1,0.1,0.017876213095072896,0.4041500267952385,0.05
5x5_strong_n1000,5x5,5,25,strong,Strongly skewed margins,1000,1000,40.0,alternative,0.05,0.1,0.05,constrained_lr,Constrained LR,10,10,1.0,6,0.6,0.31267376973365824,0.8318196702937638,
5x5_strong_n1000,5x5,5,25,strong,Strongly skewed margins,1000,1000,40.0,alternative,0.05,0.1,0.05,expanded_welch,Expanded Welch,10,10,1.0,6,0.6,0.31267376973365824,0.8318196702937638,
5x5_strong_n1000,5x5,5,25,strong,Strongly skewed margins,1000,1000,40.0,alternative,0.05,0.1,0.05,normal_wald,Normal Wald,10,10,1.0,6,0.6,0.31267376973365824,0.8318196702937638,
5x5_strong_n1000,5x5,5,25,strong,Strongly skewed margins,1000,1000,40.0,equal_mi_null,0.05,0.05,0.0,constrained_lr,Constrained LR,10,10,1.0,1,0.1,0.017876213095072896,0.4041500267952385,0.05
5x5_strong_n1000,5x5,5,25,strong,Strongly skewed margins,1000,1000,40.0,equal_mi_null,0.05,0.05,0.0,expanded_welch,Expanded Welch,10,10,1.0,1,0.1,0.017876213095072896,0.4041500267952385,0.05
5x5_strong_n1000,5x5,5,25,strong,Strongly skewed margins,1000,1000,40.0,equal_mi_null,0.05,0.05,0.0,normal_wald,Normal Wald,10,10,1.0,1,0.1,0.017876213095072896,0.4041500267952385,0.05
5x5_ultra_n25,5x5,5,25,ultra,Ultra-skewed margins,25,25,1.0,alternative,0.05,0.1,0.05,constrained_lr,Constrained LR,10,10,1.0,0,0.0,0.0,0.2775327998628892,
5x5_ultra_n25,5x5,5,25,ultra,Ultra-skewed margins,25,25,1.0,alternative,0.05,0.1,0.05,expanded_welch,Expanded Welch,10,5,0.5,0,0.0,0.0,0.43448246478317476,
5x5_ultra_n25,5x5,5,25,ultra,Ultra-skewed margins,25,25,1.0,alternative,0.05,0.1,0.05,normal_wald,Normal Wald,10,9,0.9,0,0.0,0.0,0.2991450484195441,
5x5_ultra_n25,5x5,5,25,ultra,Ultra-skewed margins,25,25,1.0,equal_mi_null,0.05,0.05,0.0,constrained_lr,Constrained LR,10,10,1.0,0,0.0,0.0,0.2775327998628892,0.05
5x5_ultra_n25,5x5,5,25,ultra,Ultra-skewed margins,25,25,1.0,equal_mi_null,0.05,0.05,0.0,expanded_welch,Expanded Welch,10,2,0.2,0,0.0,0.0,0.6576197724933469,0.05
5x5_ultra_n25,5x5,5,25,ultra,Ultra-skewed margins,25,25,1.0,equal_mi_null,0.05,0.05,0.0,normal_wald,Normal Wald,10,9,0.9,2,0.2222222222222222,0.06322510711784671,0.5474110308930111,0.17222222222222222
5x5_ultra_n50,5x5,5,25,ultra,Ultra-skewed margins,50,50,2.0,alternative,0.05,0.1,0.05,constrained_lr,Constrained LR,10,10,1.0,0,0.0,0.0,0.2775327998628892,
5x5_ultra_n50,5x5,5,25,ultra,Ultra-skewed margins,50,50,2.0,alternative,0.05,0.1,0.05,expanded_welch,Expanded Welch,10,6,0.6,0,0.0,2.7755575615628914e-17,0.3903342879021653,
5x5_ultra_n50,5x5,5,25,ultra,Ultra-skewed margins,50,50,2.0,alternative,0.05,0.1,0.05,normal_wald,Normal Wald,10,9,0.9,0,0.0,0.0,0.2991450484195441,
5x5_ultra_n50,5x5,5,25,ultra,Ultra-skewed margins,50,50,2.0,equal_mi_null,0.05,0.05,0.0,constrained_lr,Constrained LR,10,10,1.0,0,0.0,0.0,0.2775327998628892,0.05
5x5_ultra_n50,5x5,5,25,ultra,Ultra-skewed margins,50,50,2.0,equal_mi_null,0.05,0.05,0.0,expanded_welch,Expanded Welch,10,7,0.7,0,0.0,5.551115123125783e-17,0.35433043506668743,0.05
5x5_ultra_n50,5x5,5,25,ultra,Ultra-skewed margins,50,50,2.0,equal_mi_null,0.05,0.05,0.0,normal_wald,Normal Wald,10,10,1.0,0,0.0,0.0,0.2775327998628892,0.05
5x5_ultra_n75,5x5,5,25,ultra,Ultra-skewed margins,75,75,3.0,alternative,0.05,0.1,0.05,constrained_lr,Constrained LR,10,10,1.0,0,0.0,0.0,0.2775327998628892,
5x5_ultra_n75,5x5,5,25,ultra,Ultra-skewed margins,75,75,3.0,alternative,0.05,0.1,0.05,expanded_welch,Expanded Welch,10,9,0.9,0,0.0,0.0,0.2991450484195441,
5x5_ultra_n75,5x5,5,25,ultra,Ultra-skewed margins,75,75,3.0,alternative,0.05,0.1,0.05,normal_wald,Normal Wald,10,10,1.0,0,0.0,0.0,0.2775327998628892,
5x5_ultra_n75,5x5,5,25,ultra,Ultra-skewed margins,75,75,3.0,equal_mi_null,0.05,0.05,0.0,constrained_lr,Constrained LR,10,10,1.0,0,0.0,0.0,0.2775327998628892,0.05
5x5_ultra_n75,5x5,5,25,ultra,Ultra-skewed margins,75,75,3.0,equal_mi_null,0.05,0.05,0.0,expanded_welch,Expanded Welch,10,9,0.9,0,0.0,0.0,0.2991450484195441,0.05
5x5_ultra_n75,5x5,5,25,ultra,Ultra-skewed margins,75,75,3.0,equal_mi_null,0.05,0.05,0.0,normal_wald,Normal Wald,10,10,1.0,0,0.0,0.0,0.2775327998628892,0.05
5x5_ultra_n100,5x5,5,25,ultra,Ultra-skewed margins,100,100,4.0,alternative,0.05,0.1,0.05,constrained_lr,Constrained LR,10,10,1.0,1,0.1,0.017876213095072896,0.4041500267952385,
5x5_ultra_n100,5x5,5,25,ultra,Ultra-skewed margins,100,100,4.0,alternative,0.05,0.1,0.05,expanded_welch,Expanded Welch,10,10,1.0,2,0.2,0.05668215145437519,0.5098375284633583,
5x5_ultra_n100,5x5,5,25,ultra,Ultra-skewed margins,100,100,4.0,alternative,0.05,0.1,0.05,normal_wald,Normal Wald,10,10,1.0,2,0.2,0.05668215145437519,0.5098375284633583,
5x5_ultra_n100,5x5,5,25,ultra,Ultra-skewed margins,100,100,4.0,equal_mi_null,0.05,0.05,0.0,constrained_lr,Constrained LR,10,10,1.0,1,0.1,0.017876213095072896,0.4041500267952385,0.05
5x5_ultra_n100,5x5,5,25,ultra,Ultra-skewed margins,100,100,4.0,equal_mi_null,0.05,0.05,0.0,expanded_welch,Expanded Welch,10,10,1.0,1,0.1,0.017876213095072896,0.4041500267952385,0.05
5x5_ultra_n100,5x5,5,25,ultra,Ultra-skewed margins,100,100,4.0,equal_mi_null,0.05,0.05,0.0,normal_wald,Normal Wald,10,10,1.0,1,0.1,0.017876213095072896,0.4041500267952385,0.05
5x5_ultra_n150,5x5,5,25,ultra,Ultra-skewed margins,150,150,6.0,alternative,0.05,0.1,0.05,constrained_lr,Constrained LR,10,10,1.0,0,0.0,0.0,0.2775327998628892,
5x5_ultra_n150,5x5,5,25,ultra,Ultra-skewed margins,150,150,6.0,alternative,0.05,0.1,0.05,expanded_welch,Expanded Welch,10,10,1.0,0,0.0,0.0,0.2775327998628892,
5x5_ultra_n150,5x5,5,25,ultra,Ultra-skewed margins,150,150,6.0,alternative,0.05,0.1,0.05,normal_wald,Normal Wald,10,10,1.0,0,0.0,0.0,0.2775327998628892,
5x5_ultra_n150,5x5,5,25,ultra,Ultra-skewed margins,150,150,6.0,equal_mi_null,0.05,0.05,0.0,constrained_lr,Constrained LR,10,10,1.0,0,0.0,0.0,0.2775327998628892,0.05
5x5_ultra_n150,5x5,5,25,ultra,Ultra-skewed margins,150,150,6.0,equal_mi_null,0.05,0.05,0.0,expanded_welch,Expanded Welch,10,10,1.0,0,0.0,0.0,0.2775327998628892,0.05
5x5_ultra_n150,5x5,5,25,ultra,Ultra-skewed margins,150,150,6.0,equal_mi_null,0.05,0.05,0.0,normal_wald,Normal Wald,10,10,1.0,0,0.0,0.0,0.2775327998628892,0.05
5x5_ultra_n250,5x5,5,25,ultra,Ultra-skewed margins,250,250,10.0,alternative,0.05,0.1,0.05,constrained_lr,Constrained LR,10,10,1.0,1,0.1,0.017876213095072896,0.4041500267952385,
5x5_ultra_n250,5x5,5,25,ultra,Ultra-skewed margins,250,250,10.0,alternative,0.05,0.1,0.05,expanded_welch,Expanded Welch,10,10,1.0,1,0.1,0.017876213095072896,0.4041500267952385,
5x5_ultra_n250,5x5,5,25,ultra,Ultra-skewed margins,250,250,10.0,alternative,0.05,0.1,0.05,normal_wald,Normal Wald,10,10,1.0,1,0.1,0.017876213095072896,0.4041500267952385,
5x5_ultra_n250,5x5,5,25,ultra,Ultra-skewed margins,250,250,10.0,equal_mi_null,0.05,0.05,0.0,constrained_lr,Constrained LR,10,10,1.0,0,0.0,0.0,0.2775327998628892,0.05
5x5_ultra_n250,5x5,5,25,ultra,Ultra-skewed margins,250,250,10.0,equal_mi_null,0.05,0.05,0.0,expanded_welch,Expanded Welch,10,10,1.0,0,0.0,0.0,0.2775327998628892,0.05
5x5_ultra_n250,5x5,5,25,ultra,Ultra-skewed margins,250,250,10.0,equal_mi_null,0.05,0.05,0.0,normal_wald,Normal Wald,10,10,1.0,0,0.0,0.0,0.2775327998628892,0.05
5x5_ultra_n500,5x5,5,25,ultra,Ultra-skewed margins,500,500,20.0,alternative,0.05,0.1,0.05,constrained_lr,Constrained LR,10,10,1.0,0,0.0,0.0,0.2775327998628892,
5x5_ultra_n500,5x5,5,25,ultra,Ultra-skewed margins,500,500,20.0,alternative,0.05,0.1,0.05,expanded_welch,Expanded Welch,10,10,1.0,0,0.0,0.0,0.2775327998628892,
5x5_ultra_n500,5x5,5,25,ultra,Ultra-skewed margins,500,500,20.0,alternative,0.05,0.1,0.05,normal_wald,Normal Wald,10,10,1.0,0,0.0,0.0,0.2775327998628892,
5x5_ultra_n500,5x5,5,25,ultra,Ultra-skewed margins,500,500,20.0,equal_mi_null,0.05,0.05,0.0,constrained_lr,Constrained LR,10,10,1.0,1,0.1,0.017876213095072896,0.4041500267952385,0.05
5x5_ultra_n500,5x5,5,25,ultra,Ultra-skewed margins,500,500,20.0,equal_mi_null,0.05,0.05,0.0,expanded_welch,Expanded Welch,10,10,1.0,1,0.1,0.017876213095072896,0.4041500267952385,0.05
5x5_ultra_n500,5x5,5,25,ultra,Ultra-skewed margins,500,500,20.0,equal_mi_null,0.05,0.05,0.0,normal_wald,Normal Wald,10,10,1.0,1,0.1,0.017876213095072896,0.4041500267952385,0.05
5x5_ultra_n1000,5x5,5,25,ultra,Ultra-skewed margins,1000,1000,40.0,alternative,0.05,0.1,0.05,constrained_lr,Constrained LR,10,10,1.0,5,0.5,0.236593090512564,0.7634069094874361,
5x5_ultra_n1000,5x5,5,25,ultra,Ultra-skewed margins,1000,1000,40.0,alternative,0.05,0.1,0.05,expanded_welch,Expanded Welch,10,10,1.0,5,0.5,0.236593090512564,0.7634069094874361,
5x5_ultra_n1000,5x5,5,25,ultra,Ultra-skewed margins,1000,1000,40.0,alternative,0.05,0.1,0.05,normal_wald,Normal Wald,10,10,1.0,5,0.5,0.236593090512564,0.7634069094874361,
5x5_ultra_n1000,5x5,5,25,ultra,Ultra-skewed margins,1000,1000,40.0,equal_mi_null,0.05,0.05,0.0,constrained_lr,Constrained LR,10,10,1.0,0,0.0,0.0,0.2775327998628892,0.05
5x5_ultra_n1000,5x5,5,25,ultra,Ultra-skewed margins,1000,1000,40.0,equal_mi_null,0.05,0.05,0.0,expanded_welch,Expanded Welch,10,10,1.0,0,0.0,0.0,0.2775327998628892,0.05
5x5_ultra_n1000,5x5,5,25,ultra,Ultra-skewed margins,1000,1000,40.0,equal_mi_null,0.05,0.05,0.0,normal_wald,Normal Wald,10,10,1.0,0,0.0,0.0,0.2775327998628892,0.05
8x8_balanced_n25,8x8,8,64,balanced,Balanced margins,25,25,0.390625,alternative,0.05,0.1,0.05,constrained_lr,Constrained LR,5,5,1.0,0,0.0,0.0,0.43448246478317476,
8x8_balanced_n25,8x8,8,64,balanced,Balanced margins,25,25,0.390625,alternative,0.05,0.1,0.05,expanded_welch,Expanded Welch,5,5,1.0,0,0.0,0.0,0.43448246478317476,
8x8_balanced_n25,8x8,8,64,balanced,Balanced margins,25,25,0.390625,alternative,0.05,0.1,0.05,normal_wald,Normal Wald,5,5,1.0,0,0.0,0.0,0.43448246478317476,
8x8_balanced_n25,8x8,8,64,balanced,Balanced margins,25,25,0.390625,equal_mi_null,0.05,0.05,0.0,constrained_lr,Constrained LR,5,5,1.0,0,0.0,0.0,0.43448246478317476,0.05
8x8_balanced_n25,8x8,8,64,balanced,Balanced margins,25,25,0.390625,equal_mi_null,0.05,0.05,0.0,expanded_welch,Expanded Welch,5,5,1.0,0,0.0,0.0,0.43448246478317476,0.05
8x8_balanced_n25,8x8,8,64,balanced,Balanced margins,25,25,0.390625,equal_mi_null,0.05,0.05,0.0,normal_wald,Normal Wald,5,5,1.0,0,0.0,0.0,0.43448246478317476,0.05
8x8_balanced_n50,8x8,8,64,balanced,Balanced margins,50,50,0.78125,alternative,0.05,0.1,0.05,constrained_lr,Constrained LR,5,5,1.0,1,0.2,0.03622410863243014,0.6244653702374747,
8x8_balanced_n50,8x8,8,64,balanced,Balanced margins,50,50,0.78125,alternative,0.05,0.1,0.05,expanded_welch,Expanded Welch,5,5,1.0,1,0.2,0.03622410863243014,0.6244653702374747,
8x8_balanced_n50,8x8,8,64,balanced,Balanced margins,50,50,0.78125,alternative,0.05,0.1,0.05,normal_wald,Normal Wald,5,5,1.0,1,0.2,0.03622410863243014,0.6244653702374747,
8x8_balanced_n50,8x8,8,64,balanced,Balanced margins,50,50,0.78125,equal_mi_null,0.05,0.05,0.0,constrained_lr,Constrained LR,5,5,1.0,1,0.2,0.03622410863243014,0.6244653702374747,0.15000000000000002
8x8_balanced_n50,8x8,8,64,balanced,Balanced margins,50,50,0.78125,equal_mi_null,0.05,0.05,0.0,expanded_welch,Expanded Welch,5,5,1.0,2,0.4,0.11762077423264783,0.769275718723987,0.35000000000000003
8x8_balanced_n50,8x8,8,64,balanced,Balanced margins,50,50,0.78125,equal_mi_null,0.05,0.05,0.0,normal_wald,Normal Wald,5,5,1.0,2,0.4,0.11762077423264783,0.769275718723987,0.35000000000000003
8x8_balanced_n75,8x8,8,64,balanced,Balanced margins,75,75,1.171875,alternative,0.05,0.1,0.05,constrained_lr,Constrained LR,5,5,1.0,0,0.0,0.0,0.43448246478317476,
8x8_balanced_n75,8x8,8,64,balanced,Balanced margins,75,75,1.171875,alternative,0.05,0.1,0.05,expanded_welch,Expanded Welch,5,5,1.0,0,0.0,0.0,0.43448246478317476,
8x8_balanced_n75,8x8,8,64,balanced,Balanced margins,75,75,1.171875,alternative,0.05,0.1,0.05,normal_wald,Normal Wald,5,5,1.0,0,0.0,0.0,0.43448246478317476,
8x8_balanced_n75,8x8,8,64,balanced,Balanced margins,75,75,1.171875,equal_mi_null,0.05,0.05,0.0,constrained_lr,Constrained LR,5,5,1.0,0,0.0,0.0,0.43448246478317476,0.05
8x8_balanced_n75,8x8,8,64,balanced,Balanced margins,75,75,1.171875,equal_mi_null,0.05,0.05,0.0,expanded_welch,Expanded Welch,5,5,1.0,0,0.0,0.0,0.43448246478317476,0.05
8x8_balanced_n75,8x8,8,64,balanced,Balanced margins,75,75,1.171875,equal_mi_null,0.05,0.05,0.0,normal_wald,Normal Wald,5,5,1.0,0,0.0,0.0,0.43448246478317476,0.05
8x8_balanced_n100,8x8,8,64,balanced,Balanced margins,100,100,1.5625,alternative,0.05,0.1,0.05,constrained_lr,Constrained LR,5,5,1.0,0,0.0,0.0,0.43448246478317476,
8x8_balanced_n100,8x8,8,64,balanced,Balanced margins,100,100,1.5625,alternative,0.05,0.1,0.05,expanded_welch,Expanded Welch,5,5,1.0,0,0.0,0.0,0.43448246478317476,
8x8_balanced_n100,8x8,8,64,balanced,Balanced margins,100,100,1.5625,alternative,0.05,0.1,0.05,normal_wald,Normal Wald,5,5,1.0,0,0.0,0.0,0.43448246478317476,
8x8_balanced_n100,8x8,8,64,balanced,Balanced margins,100,100,1.5625,equal_mi_null,0.05,0.05,0.0,constrained_lr,Constrained LR,5,5,1.0,1,0.2,0.03622410863243014,0.6244653702374747,0.15000000000000002
8x8_balanced_n100,8x8,8,64,balanced,Balanced margins,100,100,1.5625,equal_mi_null,0.05,0.05,0.0,expanded_welch,Expanded Welch,5,5,1.0,2,0.4,0.11762077423264783,0.769275718723987,0.35000000000000003
8x8_balanced_n100,8x8,8,64,balanced,Balanced margins,100,100,1.5625,equal_mi_null,0.05,0.05,0.0,normal_wald,Normal Wald,5,5,1.0,2,0.4,0.11762077423264783,0.769275718723987,0.35000000000000003
8x8_balanced_n150,8x8,8,64,balanced,Balanced margins,150,150,2.34375,alternative,0.05,0.1,0.05,constrained_lr,Constrained LR,5,5,1.0,0,0.0,0.0,0.43448246478317476,
8x8_balanced_n150,8x8,8,64,balanced,Balanced margins,150,150,2.34375,alternative,0.05,0.1,0.05,expanded_welch,Expanded Welch,5,5,1.0,0,0.0,0.0,0.43448246478317476,
8x8_balanced_n150,8x8,8,64,balanced,Balanced margins,150,150,2.34375,alternative,0.05,0.1,0.05,normal_wald,Normal Wald,5,5,1.0,0,0.0,0.0,0.43448246478317476,
8x8_balanced_n150,8x8,8,64,balanced,Balanced margins,150,150,2.34375,equal_mi_null,0.05,0.05,0.0,constrained_lr,Constrained LR,5,5,1.0,0,0.0,0.0,0.43448246478317476,0.05
8x8_balanced_n150,8x8,8,64,balanced,Balanced margins,150,150,2.34375,equal_mi_null,0.05,0.05,0.0,expanded_welch,Expanded Welch,5,5,1.0,0,0.0,0.0,0.43448246478317476,0.05
8x8_balanced_n150,8x8,8,64,balanced,Balanced margins,150,150,2.34375,equal_mi_null,0.05,0.05,0.0,normal_wald,Normal Wald,5,5,1.0,0,0.0,0.0,0.43448246478317476,0.05
8x8_balanced_n250,8x8,8,64,balanced,Balanced margins,250,250,3.90625,alternative,0.05,0.1,0.05,constrained_lr,Constrained LR,5,5,1.0,2,0.4,0.11762077423264783,0.769275718723987,
8x8_balanced_n250,8x8,8,64,balanced,Balanced margins,250,250,3.90625,alternative,0.05,0.1,0.05,expanded_welch,Expanded Welch,5,5,1.0,2,0.4,0.11762077423264783,0.769275718723987,
8x8_balanced_n250,8x8,8,64,balanced,Balanced margins,250,250,3.90625,alternative,0.05,0.1,0.05,normal_wald,Normal Wald,5,5,1.0,2,0.4,0.11762077423264783,0.769275718723987,
8x8_balanced_n250,8x8,8,64,balanced,Balanced margins,250,250,3.90625,equal_mi_null,0.05,0.05,0.0,constrained_lr,Constrained LR,5,5,1.0,0,0.0,0.0,0.43448246478317476,0.05
8x8_balanced_n250,8x8,8,64,balanced,Balanced margins,250,250,3.90625,equal_mi_null,0.05,0.05,0.0,expanded_welch,Expanded Welch,5,5,1.0,0,0.0,0.0,0.43448246478317476,0.05
8x8_balanced_n250,8x8,8,64,balanced,Balanced margins,250,250,3.90625,equal_mi_null,0.05,0.05,0.0,normal_wald,Normal Wald,5,5,1.0,0,0.0,0.0,0.43448246478317476,0.05
8x8_balanced_n500,8x8,8,64,balanced,Balanced margins,500,500,7.8125,alternative,0.05,0.1,0.05,constrained_lr,Constrained LR,5,5,1.0,3,0.6,0.2307242812760128,0.882379225767352,
8x8_balanced_n500,8x8,8,64,balanced,Balanced margins,500,500,7.8125,alternative,0.05,0.1,0.05,expanded_welch,Expanded Welch,5,5,1.0,3,0.6,0.2307242812760128,0.882379225767352,
8x8_balanced_n500,8x8,8,64,balanced,Balanced margins,500,500,7.8125,alternative,0.05,0.1,0.05,normal_wald,Normal Wald,5,5,1.0,3,0.6,0.2307242812760128,0.882379225767352,
8x8_balanced_n500,8x8,8,64,balanced,Balanced margins,500,500,7.8125,equal_mi_null,0.05,0.05,0.0,constrained_lr,Constrained LR,5,5,1.0,0,0.0,0.0,0.43448246478317476,0.05
8x8_balanced_n500,8x8,8,64,balanced,Balanced margins,500,500,7.8125,equal_mi_null,0.05,0.05,0.0,expanded_welch,Expanded Welch,5,5,1.0,0,0.0,0.0,0.43448246478317476,0.05
8x8_balanced_n500,8x8,8,64,balanced,Balanced margins,500,500,7.8125,equal_mi_null,0.05,0.05,0.0,normal_wald,Normal Wald,5,5,1.0,0,0.0,0.0,0.43448246478317476,0.05
8x8_balanced_n1000,8x8,8,64,balanced,Balanced margins,1000,1000,15.625,alternative,0.05,0.1,0.05,constrained_lr,Constrained LR,5,5,1.0,4,0.8,0.37553462976252533,0.9637758913675698,
8x8_balanced_n1000,8x8,8,64,balanced,Balanced margins,1000,1000,15.625,alternative,0.05,0.1,0.05,expanded_welch,Expanded Welch,5,5,1.0,4,0.8,0.37553462976252533,0.9637758913675698,
8x8_balanced_n1000,8x8,8,64,balanced,Balanced margins,1000,1000,15.625,alternative,0.05,0.1,0.05,normal_wald,Normal Wald,5,5,1.0,4,0.8,0.37553462976252533,0.9637758913675698,
8x8_balanced_n1000,8x8,8,64,balanced,Balanced margins,1000,1000,15.625,equal_mi_null,0.05,0.05,0.0,constrained_lr,Constrained LR,5,5,1.0,0,0.0,0.0,0.43448246478317476,0.05
8x8_balanced_n1000,8x8,8,64,balanced,Balanced margins,1000,1000,15.625,equal_mi_null,0.05,0.05,0.0,expanded_welch,Expanded Welch,5,5,1.0,0,0.0,0.0,0.43448246478317476,0.05
8x8_balanced_n1000,8x8,8,64,balanced,Balanced margins,1000,1000,15.625,equal_mi_null,0.05,0.05,0.0,normal_wald,Normal Wald,5,5,1.0,0,0.0,0.0,0.43448246478317476,0.05
8x8_mild_n25,8x8,8,64,mild,Mildly skewed margins,25,25,0.390625,alternative,0.05,0.1,0.05,constrained_lr,Constrained LR,5,5,1.0,0,0.0,0.0,0.43448246478317476,
8x8_mild_n25,8x8,8,64,mild,Mildly skewed margins,25,25,0.390625,alternative,0.05,0.1,0.05,expanded_welch,Expanded Welch,5,5,1.0,0,0.0,0.0,0.43448246478317476,
8x8_mild_n25,8x8,8,64,mild,Mildly skewed margins,25,25,0.390625,alternative,0.05,0.1,0.05,normal_wald,Normal Wald,5,5,1.0,0,0.0,0.0,0.43448246478317476,
8x8_mild_n25,8x8,8,64,mild,Mildly skewed margins,25,25,0.390625,equal_mi_null,0.05,0.05,0.0,constrained_lr,Constrained LR,5,5,1.0,0,0.0,0.0,0.43448246478317476,0.05
8x8_mild_n25,8x8,8,64,mild,Mildly skewed margins,25,25,0.390625,equal_mi_null,0.05,0.05,0.0,expanded_welch,Expanded Welch,5,5,1.0,0,0.0,0.0,0.43448246478317476,0.05
8x8_mild_n25,8x8,8,64,mild,Mildly skewed margins,25,25,0.390625,equal_mi_null,0.05,0.05,0.0,normal_wald,Normal Wald,5,5,1.0,0,0.0,0.0,0.43448246478317476,0.05
8x8_mild_n50,8x8,8,64,mild,Mildly skewed margins,50,50,0.78125,alternative,0.05,0.1,0.05,constrained_lr,Constrained LR,5,5,1.0,0,0.0,0.0,0.43448246478317476,
8x8_mild_n50,8x8,8,64,mild,Mildly skewed margins,50,50,0.78125,alternative,0.05,0.1,0.05,expanded_welch,Expanded Welch,5,5,1.0,0,0.0,0.0,0.43448246478317476,
8x8_mild_n50,8x8,8,64,mild,Mildly skewed margins,50,50,0.78125,alternative,0.05,0.1,0.05,normal_wald,Normal Wald,5,5,1.0,0,0.0,0.0,0.43448246478317476,
8x8_mild_n50,8x8,8,64,mild,Mildly skewed margins,50,50,0.78125,equal_mi_null,0.05,0.05,0.0,constrained_lr,Constrained LR,5,5,1.0,0,0.0,0.0,0.43448246478317476,0.05
8x8_mild_n50,8x8,8,64,mild,Mildly skewed margins,50,50,0.78125,equal_mi_null,0.05,0.05,0.0,expanded_welch,Expanded Welch,5,5,1.0,0,0.0,0.0,0.43448246478317476,0.05
8x8_mild_n50,8x8,8,64,mild,Mildly skewed margins,50,50,0.78125,equal_mi_null,0.05,0.05,0.0,normal_wald,Normal Wald,5,5,1.0,0,0.0,0.0,0.43448246478317476,0.05
8x8_mild_n75,8x8,8,64,mild,Mildly skewed margins,75,75,1.171875,alternative,0.05,0.1,0.05,constrained_lr,Constrained LR,5,5,1.0,0,0.0,0.0,0.43448246478317476,
8x8_mild_n75,8x8,8,64,mild,Mildly skewed margins,75,75,1.171875,alternative,0.05,0.1,0.05,expanded_welch,Expanded Welch,5,5,1.0,0,0.0,0.0,0.43448246478317476,
8x8_mild_n75,8x8,8,64,mild,Mildly skewed margins,75,75,1.171875,alternative,0.05,0.1,0.05,normal_wald,Normal Wald,5,5,1.0,0,0.0,0.0,0.43448246478317476,
8x8_mild_n75,8x8,8,64,mild,Mildly skewed margins,75,75,1.171875,equal_mi_null,0.05,0.05,0.0,constrained_lr,Constrained LR,5,5,1.0,0,0.0,0.0,0.43448246478317476,0.05
8x8_mild_n75,8x8,8,64,mild,Mildly skewed margins,75,75,1.171875,equal_mi_null,0.05,0.05,0.0,expanded_welch,Expanded Welch,5,5,1.0,0,0.0,0.0,0.43448246478317476,0.05
8x8_mild_n75,8x8,8,64,mild,Mildly skewed margins,75,75,1.171875,equal_mi_null,0.05,0.05,0.0,normal_wald,Normal Wald,5,5,1.0,0,0.0,0.0,0.43448246478317476,0.05
8x8_mild_n100,8x8,8,64,mild,Mildly skewed margins,100,100,1.5625,alternative,0.05,0.1,0.05,constrained_lr,Constrained LR,5,5,1.0,0,0.0,0.0,0.43448246478317476,
8x8_mild_n100,8x8,8,64,mild,Mildly skewed margins,100,100,1.5625,alternative,0.05,0.1,0.05,expanded_welch,Expanded Welch,5,5,1.0,0,0.0,0.0,0.43448246478317476,
8x8_mild_n100,8x8,8,64,mild,Mildly skewed margins,100,100,1.5625,alternative,0.05,0.1,0.05,normal_wald,Normal Wald,5,5,1.0,0,0.0,0.0,0.43448246478317476,
8x8_mild_n100,8x8,8,64,mild,Mildly skewed margins,100,100,1.5625,equal_mi_null,0.05,0.05,0.0,constrained_lr,Constrained LR,5,5,1.0,0,0.0,0.0,0.43448246478317476,0.05
8x8_mild_n100,8x8,8,64,mild,Mildly skewed margins,100,100,1.5625,equal_mi_null,0.05,0.05,0.0,expanded_welch,Expanded Welch,5,5,1.0,0,0.0,0.0,0.43448246478317476,0.05
8x8_mild_n100,8x8,8,64,mild,Mildly skewed margins,100,100,1.5625,equal_mi_null,0.05,0.05,0.0,normal_wald,Normal Wald,5,5,1.0,0,0.0,0.0,0.43448246478317476,0.05
8x8_mild_n150,8x8,8,64,mild,Mildly skewed margins,150,150,2.34375,alternative,0.05,0.1,0.05,constrained_lr,Constrained LR,5,5,1.0,0,0.0,0.0,0.43448246478317476,
8x8_mild_n150,8x8,8,64,mild,Mildly skewed margins,150,150,2.34375,alternative,0.05,0.1,0.05,expanded_welch,Expanded Welch,5,5,1.0,0,0.0,0.0,0.43448246478317476,
8x8_mild_n150,8x8,8,64,mild,Mildly skewed margins,150,150,2.34375,alternative,0.05,0.1,0.05,normal_wald,Normal Wald,5,5,1.0,0,0.0,0.0,0.43448246478317476,
8x8_mild_n150,8x8,8,64,mild,Mildly skewed margins,150,150,2.34375,equal_mi_null,0.05,0.05,0.0,constrained_lr,Constrained LR,5,5,1.0,0,0.0,0.0,0.43448246478317476,0.05
8x8_mild_n150,8x8,8,64,mild,Mildly skewed margins,150,150,2.34375,equal_mi_null,0.05,0.05,0.0,expanded_welch,Expanded Welch,5,5,1.0,0,0.0,0.0,0.43448246478317476,0.05
8x8_mild_n150,8x8,8,64,mild,Mildly skewed margins,150,150,2.34375,equal_mi_null,0.05,0.05,0.0,normal_wald,Normal Wald,5,5,1.0,0,0.0,0.0,0.43448246478317476,0.05
8x8_mild_n250,8x8,8,64,mild,Mildly skewed margins,250,250,3.90625,alternative,0.05,0.1,0.05,constrained_lr,Constrained LR,5,5,1.0,0,0.0,0.0,0.43448246478317476,
8x8_mild_n250,8x8,8,64,mild,Mildly skewed margins,250,250,3.90625,alternative,0.05,0.1,0.05,expanded_welch,Expanded Welch,5,5,1.0,0,0.0,0.0,0.43448246478317476,
8x8_mild_n250,8x8,8,64,mild,Mildly skewed margins,250,250,3.90625,alternative,0.05,0.1,0.05,normal_wald,Normal Wald,5,5,1.0,0,0.0,0.0,0.43448246478317476,
8x8_mild_n250,8x8,8,64,mild,Mildly skewed margins,250,250,3.90625,equal_mi_null,0.05,0.05,0.0,constrained_lr,Constrained LR,5,5,1.0,0,0.0,0.0,0.43448246478317476,0.05
8x8_mild_n250,8x8,8,64,mild,Mildly skewed margins,250,250,3.90625,equal_mi_null,0.05,0.05,0.0,expanded_welch,Expanded Welch,5,5,1.0,0,0.0,0.0,0.43448246478317476,0.05
8x8_mild_n250,8x8,8,64,mild,Mildly skewed margins,250,250,3.90625,equal_mi_null,0.05,0.05,0.0,normal_wald,Normal Wald,5,5,1.0,0,0.0,0.0,0.43448246478317476,0.05
8x8_mild_n500,8x8,8,64,mild,Mildly skewed margins,500,500,7.8125,alternative,0.05,0.1,0.05,constrained_lr,Constrained LR,5,5,1.0,2,0.4,0.11762077423264783,0.769275718723987,
8x8_mild_n500,8x8,8,64,mild,Mildly skewed margins,500,500,7.8125,alternative,0.05,0.1,0.05,expanded_welch,Expanded Welch,5,5,1.0,2,0.4,0.11762077423264783,0.769275718723987,
8x8_mild_n500,8x8,8,64,mild,Mildly skewed margins,500,500,7.8125,alternative,0.05,0.1,0.05,normal_wald,Normal Wald,5,5,1.0,2,0.4,0.11762077423264783,0.769275718723987,
8x8_mild_n500,8x8,8,64,mild,Mildly skewed margins,500,500,7.8125,equal_mi_null,0.05,0.05,0.0,constrained_lr,Constrained LR,5,5,1.0,0,0.0,0.0,0.43448246478317476,0.05
8x8_mild_n500,8x8,8,64,mild,Mildly skewed margins,500,500,7.8125,equal_mi_null,0.05,0.05,0.0,expanded_welch,Expanded Welch,5,5,1.0,0,0.0,0.0,0.43448246478317476,0.05
8x8_mild_n500,8x8,8,64,mild,Mildly skewed margins,500,500,7.8125,equal_mi_null,0.05,0.05,0.0,normal_wald,Normal Wald,5,5,1.0,0,0.0,0.0,0.43448246478317476,0.05
8x8_mild_n1000,8x8,8,64,mild,Mildly skewed margins,1000,1000,15.625,alternative,0.05,0.1,0.05,constrained_lr,Constrained LR,5,5,1.0,3,0.6,0.2307242812760128,0.882379225767352,
8x8_mild_n1000,8x8,8,64,mild,Mildly skewed margins,1000,1000,15.625,alternative,0.05,0.1,0.05,expanded_welch,Expanded Welch,5,5,1.0,3,0.6,0.2307242812760128,0.882379225767352,
8x8_mild_n1000,8x8,8,64,mild,Mildly skewed margins,1000,1000,15.625,alternative,0.05,0.1,0.05,normal_wald,Normal Wald,5,5,1.0,3,0.6,0.2307242812760128,0.882379225767352,
8x8_mild_n1000,8x8,8,64,mild,Mildly skewed margins,1000,1000,15.625,equal_mi_null,0.05,0.05,0.0,constrained_lr,Constrained LR,5,5,1.0,0,0.0,0.0,0.43448246478317476,0.05
8x8_mild_n1000,8x8,8,64,mild,Mildly skewed margins,1000,1000,15.625,equal_mi_null,0.05,0.05,0.0,expanded_welch,Expanded Welch,5,5,1.0,0,0.0,0.0,0.43448246478317476,0.05
8x8_mild_n1000,8x8,8,64,mild,Mildly skewed margins,1000,1000,15.625,equal_mi_null,0.05,0.05,0.0,normal_wald,Normal Wald,5,5,1.0,0,0.0,0.0,0.43448246478317476,0.05
8x8_strong_n25,8x8,8,64,strong,Strongly skewed margins,25,25,0.390625,alternative,0.05,0.1,0.05,constrained_lr,Constrained LR,5,5,1.0,2,0.4,0.11762077423264783,0.769275718723987,
8x8_strong_n25,8x8,8,64,strong,Strongly skewed margins,25,25,0.390625,alternative,0.05,0.1,0.05,expanded_welch,Expanded Welch,5,5,1.0,2,0.4,0.11762077423264783,0.769275718723987,
8x8_strong_n25,8x8,8,64,strong,Strongly skewed margins,25,25,0.390625,alternative,0.05,0.1,0.05,normal_wald,Normal Wald,5,5,1.0,2,0.4,0.11762077423264783,0.769275718723987,
8x8_strong_n25,8x8,8,64,strong,Strongly skewed margins,25,25,0.390625,equal_mi_null,0.05,0.05,0.0,constrained_lr,Constrained LR,5,5,1.0,0,0.0,0.0,0.43448246478317476,0.05
8x8_strong_n25,8x8,8,64,strong,Strongly skewed margins,25,25,0.390625,equal_mi_null,0.05,0.05,0.0,expanded_welch,Expanded Welch,5,3,0.6,0,0.0,5.551115123125783e-17,0.5614970317550454,0.05
8x8_strong_n25,8x8,8,64,strong,Strongly skewed margins,25,25,0.390625,equal_mi_null,0.05,0.05,0.0,normal_wald,Normal Wald,5,5,1.0,0,0.0,0.0,0.43448246478317476,0.05
8x8_strong_n50,8x8,8,64,strong,Strongly skewed margins,50,50,0.78125,alternative,0.05,0.1,0.05,constrained_lr,Constrained LR,5,5,1.0,1,0.2,0.03622410863243014,0.6244653702374747,
8x8_strong_n50,8x8,8,64,strong,Strongly skewed margins,50,50,0.78125,alternative,0.05,0.1,0.05,expanded_welch,Expanded Welch,5,5,1.0,1,0.2,0.03622410863243014,0.6244653702374747,
8x8_strong_n50,8x8,8,64,strong,Strongly skewed margins,50,50,0.78125,alternative,0.05,0.1,0.05,normal_wald,Normal Wald,5,5,1.0,2,0.4,0.11762077423264783,0.769275718723987,
8x8_strong_n50,8x8,8,64,strong,Strongly skewed margins,50,50,0.78125,equal_mi_null,0.05,0.05,0.0,constrained_lr,Constrained LR,5,5,1.0,0,0.0,0.0,0.43448246478317476,0.05
8x8_strong_n50,8x8,8,64,strong,Strongly skewed margins,50,50,0.78125,equal_mi_null,0.05,0.05,0.0,expanded_welch,Expanded Welch,5,5,1.0,0,0.0,0.0,0.43448246478317476,0.05
8x8_strong_n50,8x8,8,64,strong,Strongly skewed margins,50,50,0.78125,equal_mi_null,0.05,0.05,0.0,normal_wald,Normal Wald,5,5,1.0,0,0.0,0.0,0.43448246478317476,0.05
8x8_strong_n75,8x8,8,64,strong,Strongly skewed margins,75,75,1.171875,alternative,0.05,0.1,0.05,constrained_lr,Constrained LR,5,5,1.0,1,0.2,0.03622410863243014,0.6244653702374747,
8x8_strong_n75,8x8,8,64,strong,Strongly skewed margins,75,75,1.171875,alternative,0.05,0.1,0.05,expanded_welch,Expanded Welch,5,5,1.0,1,0.2,0.03622410863243014,0.6244653702374747,
8x8_strong_n75,8x8,8,64,strong,Strongly skewed margins,75,75,1.171875,alternative,0.05,0.1,0.05,normal_wald,Normal Wald,5,5,1.0,2,0.4,0.11762077423264783,0.769275718723987,
8x8_strong_n75,8x8,8,64,strong,Strongly skewed margins,75,75,1.171875,equal_mi_null,0.05,0.05,0.0,constrained_lr,Constrained LR,5,5,1.0,0,0.0,0.0,0.43448246478317476,0.05
8x8_strong_n75,8x8,8,64,strong,Strongly skewed margins,75,75,1.171875,equal_mi_null,0.05,0.05,0.0,expanded_welch,Expanded Welch,5,5,1.0,0,0.0,0.0,0.43448246478317476,0.05
8x8_strong_n75,8x8,8,64,strong,Strongly skewed margins,75,75,1.171875,equal_mi_null,0.05,0.05,0.0,normal_wald,Normal Wald,5,5,1.0,0,0.0,0.0,0.43448246478317476,0.05
8x8_strong_n100,8x8,8,64,strong,Strongly skewed margins,100,100,1.5625,alternative,0.05,0.1,0.05,constrained_lr,Constrained LR,5,5,1.0,0,0.0,0.0,0.43448246478317476,
8x8_strong_n100,8x8,8,64,strong,Strongly skewed margins,100,100,1.5625,alternative,0.05,0.1,0.05,expanded_welch,Expanded Welch,5,5,1.0,0,0.0,0.0,0.43448246478317476,
8x8_strong_n100,8x8,8,64,strong,Strongly skewed margins,100,100,1.5625,alternative,0.05,0.1,0.05,normal_wald,Normal Wald,5,5,1.0,0,0.0,0.0,0.43448246478317476,
8x8_strong_n100,8x8,8,64,strong,Strongly skewed margins,100,100,1.5625,equal_mi_null,0.05,0.05,0.0,constrained_lr,Constrained LR,5,5,1.0,0,0.0,0.0,0.43448246478317476,0.05
8x8_strong_n100,8x8,8,64,strong,Strongly skewed margins,100,100,1.5625,equal_mi_null,0.05,0.05,0.0,expanded_welch,Expanded Welch,5,5,1.0,0,0.0,0.0,0.43448246478317476,0.05
8x8_strong_n100,8x8,8,64,strong,Strongly skewed margins,100,100,1.5625,equal_mi_null,0.05,0.05,0.0,normal_wald,Normal Wald,5,5,1.0,0,0.0,0.0,0.43448246478317476,0.05
8x8_strong_n150,8x8,8,64,strong,Strongly skewed margins,150,150,2.34375,alternative,0.05,0.1,0.05,constrained_lr,Constrained LR,5,5,1.0,0,0.0,0.0,0.43448246478317476,
8x8_strong_n150,8x8,8,64,strong,Strongly skewed margins,150,150,2.34375,alternative,0.05,0.1,0.05,expanded_welch,Expanded Welch,5,5,1.0,0,0.0,0.0,0.43448246478317476,
8x8_strong_n150,8x8,8,64,strong,Strongly skewed margins,150,150,2.34375,alternative,0.05,0.1,0.05,normal_wald,Normal Wald,5,5,1.0,0,0.0,0.0,0.43448246478317476,
8x8_strong_n150,8x8,8,64,strong,Strongly skewed margins,150,150,2.34375,equal_mi_null,0.05,0.05,0.0,constrained_lr,Constrained LR,5,5,1.0,1,0.2,0.03622410863243014,0.6244653702374747,0.15000000000000002
8x8_strong_n150,8x8,8,64,strong,Strongly skewed margins,150,150,2.34375,equal_mi_null,0.05,0.05,0.0,expanded_welch,Expanded Welch,5,5,1.0,0,0.0,0.0,0.43448246478317476,0.05
8x8_strong_n150,8x8,8,64,strong,Strongly skewed margins,150,150,2.34375,equal_mi_null,0.05,0.05,0.0,normal_wald,Normal Wald,5,5,1.0,1,0.2,0.03622410863243014,0.6244653702374747,0.15000000000000002
8x8_strong_n250,8x8,8,64,strong,Strongly skewed margins,250,250,3.90625,alternative,0.05,0.1,0.05,constrained_lr,Constrained LR,5,5,1.0,1,0.2,0.03622410863243014,0.6244653702374747,
8x8_strong_n250,8x8,8,64,strong,Strongly skewed margins,250,250,3.90625,alternative,0.05,0.1,0.05,expanded_welch,Expanded Welch,5,5,1.0,1,0.2,0.03622410863243014,0.6244653702374747,
8x8_strong_n250,8x8,8,64,strong,Strongly skewed margins,250,250,3.90625,alternative,0.05,0.1,0.05,normal_wald,Normal Wald,5,5,1.0,1,0.2,0.03622410863243014,0.6244653702374747,
8x8_strong_n250,8x8,8,64,strong,Strongly skewed margins,250,250,3.90625,equal_mi_null,0.05,0.05,0.0,constrained_lr,Constrained LR,5,5,1.0,0,0.0,0.0,0.43448246478317476,0.05
8x8_strong_n250,8x8,8,64,strong,Strongly skewed margins,250,250,3.90625,equal_mi_null,0.05,0.05,0.0,expanded_welch,Expanded Welch,5,5,1.0,0,0.0,0.0,0.43448246478317476,0.05
8x8_strong_n250,8x8,8,64,strong,Strongly skewed margins,250,250,3.90625,equal_mi_null,0.05,0.05,0.0,normal_wald,Normal Wald,5,5,1.0,0,0.0,0.0,0.43448246478317476,0.05
8x8_strong_n500,8x8,8,64,strong,Strongly skewed margins,500,500,7.8125,alternative,0.05,0.1,0.05,constrained_lr,Constrained LR,5,5,1.0,1,0.2,0.03622410863243014,0.6244653702374747,
8x8_strong_n500,8x8,8,64,strong,Strongly skewed margins,500,500,7.8125,alternative,0.05,0.1,0.05,expanded_welch,Expanded Welch,5,5,1.0,1,0.2,0.03622410863243014,0.6244653702374747,
8x8_strong_n500,8x8,8,64,strong,Strongly skewed margins,500,500,7.8125,alternative,0.05,0.1,0.05,normal_wald,Normal Wald,5,5,1.0,1,0.2,0.03622410863243014,0.6244653702374747,
8x8_strong_n500,8x8,8,64,strong,Strongly skewed margins,500,500,7.8125,equal_mi_null,0.05,0.05,0.0,constrained_lr,Constrained LR,5,5,1.0,0,0.0,0.0,0.43448246478317476,0.05
8x8_strong_n500,8x8,8,64,strong,Strongly skewed margins,500,500,7.8125,equal_mi_null,0.05,0.05,0.0,expanded_welch,Expanded Welch,5,5,1.0,0,0.0,0.0,0.43448246478317476,0.05
8x8_strong_n500,8x8,8,64,strong,Strongly skewed margins,500,500,7.8125,equal_mi_null,0.05,0.05,0.0,normal_wald,Normal Wald,5,5,1.0,0,0.0,0.0,0.43448246478317476,0.05
8x8_strong_n1000,8x8,8,64,strong,Strongly skewed margins,1000,1000,15.625,alternative,0.05,0.1,0.05,constrained_lr,Constrained LR,5,5,1.0,2,0.4,0.11762077423264783,0.769275718723987,
8x8_strong_n1000,8x8,8,64,strong,Strongly skewed margins,1000,1000,15.625,alternative,0.05,0.1,0.05,expanded_welch,Expanded Welch,5,5,1.0,2,0.4,0.11762077423264783,0.769275718723987,
8x8_strong_n1000,8x8,8,64,strong,Strongly skewed margins,1000,1000,15.625,alternative,0.05,0.1,0.05,normal_wald,Normal Wald,5,5,1.0,2,0.4,0.11762077423264783,0.769275718723987,
8x8_strong_n1000,8x8,8,64,strong,Strongly skewed margins,1000,1000,15.625,equal_mi_null,0.05,0.05,0.0,constrained_lr,Constrained LR,5,5,1.0,0,0.0,0.0,0.43448246478317476,0.05
8x8_strong_n1000,8x8,8,64,strong,Strongly skewed margins,1000,1000,15.625,equal_mi_null,0.05,0.05,0.0,expanded_welch,Expanded Welch,5,5,1.0,0,0.0,0.0,0.43448246478317476,0.05
8x8_strong_n1000,8x8,8,64,strong,Strongly skewed margins,1000,1000,15.625,equal_mi_null,0.05,0.05,0.0,normal_wald,Normal Wald,5,5,1.0,0,0.0,0.0,0.43448246478317476,0.05
8x8_ultra_n25,8x8,8,64,ultra,Ultra-skewed margins,25,25,0.390625,alternative,0.05,0.1,0.05,constrained_lr,Constrained LR,5,5,1.0,0,0.0,0.0,0.43448246478317476,
8x8_ultra_n25,8x8,8,64,ultra,Ultra-skewed margins,25,25,0.390625,alternative,0.05,0.1,0.05,expanded_welch,Expanded Welch,5,4,0.8,0,0.0,0.0,0.4898908364545973,
8x8_ultra_n25,8x8,8,64,ultra,Ultra-skewed margins,25,25,0.390625,alternative,0.05,0.1,0.05,normal_wald,Normal Wald,5,5,1.0,0,0.0,0.0,0.43448246478317476,
8x8_ultra_n25,8x8,8,64,ultra,Ultra-skewed margins,25,25,0.390625,equal_mi_null,0.05,0.05,0.0,constrained_lr,Constrained LR,5,5,1.0,0,0.0,0.0,0.43448246478317476,0.05
8x8_ultra_n25,8x8,8,64,ultra,Ultra-skewed margins,25,25,0.390625,equal_mi_null,0.05,0.05,0.0,expanded_welch,Expanded Welch,5,1,0.2,0,0.0,0.0,0.7934506856227626,0.05
8x8_ultra_n25,8x8,8,64,ultra,Ultra-skewed margins,25,25,0.390625,equal_mi_null,0.05,0.05,0.0,normal_wald,Normal Wald,5,3,0.6,0,0.0,5.551115123125783e-17,0.5614970317550454,0.05
8x8_ultra_n50,8x8,8,64,ultra,Ultra-skewed margins,50,50,0.78125,alternative,0.05,0.1,0.05,constrained_lr,Constrained LR,5,5,1.0,0,0.0,0.0,0.43448246478317476,
8x8_ultra_n50,8x8,8,64,ultra,Ultra-skewed margins,50,50,0.78125,alternative,0.05,0.1,0.05,expanded_welch,Expanded Welch,5,4,0.8,0,0.0,0.0,0.4898908364545973,
8x8_ultra_n50,8x8,8,64,ultra,Ultra-skewed margins,50,50,0.78125,alternative,0.05,0.1,0.05,normal_wald,Normal Wald,5,5,1.0,0,0.0,0.0,0.43448246478317476,
8x8_ultra_n50,8x8,8,64,ultra,Ultra-skewed margins,50,50,0.78125,equal_mi_null,0.05,0.05,0.0,constrained_lr,Constrained LR,5,5,1.0,0,0.0,0.0,0.43448246478317476,0.05
8x8_ultra_n50,8x8,8,64,ultra,Ultra-skewed margins,50,50,0.78125,equal_mi_null,0.05,0.05,0.0,expanded_welch,Expanded Welch,5,2,0.4,0,0.0,0.0,0.6576197724933469,0.05
8x8_ultra_n50,8x8,8,64,ultra,Ultra-skewed margins,50,50,0.78125,equal_mi_null,0.05,0.05,0.0,normal_wald,Normal Wald,5,5,1.0,0,0.0,0.0,0.43448246478317476,0.05
8x8_ultra_n75,8x8,8,64,ultra,Ultra-skewed margins,75,75,1.171875,alternative,0.05,0.1,0.05,constrained_lr,Constrained LR,5,5,1.0,0,0.0,0.0,0.43448246478317476,
8x8_ultra_n75,8x8,8,64,ultra,Ultra-skewed margins,75,75,1.171875,alternative,0.05,0.1,0.05,expanded_welch,Expanded Welch,5,5,1.0,0,0.0,0.0,0.43448246478317476,
8x8_ultra_n75,8x8,8,64,ultra,Ultra-skewed margins,75,75,1.171875,alternative,0.05,0.1,0.05,normal_wald,Normal Wald,5,5,1.0,0,0.0,0.0,0.43448246478317476,
8x8_ultra_n75,8x8,8,64,ultra,Ultra-skewed margins,75,75,1.171875,equal_mi_null,0.05,0.05,0.0,constrained_lr,Constrained LR,5,4,0.8,1,0.25,0.04558726080970055,0.6993581574175981,0.2
8x8_ultra_n75,8x8,8,64,ultra,Ultra-skewed margins,75,75,1.171875,equal_mi_null,0.05,0.05,0.0,expanded_welch,Expanded Welch,5,5,1.0,2,0.4,0.11762077423264783,0.769275718723987,0.35000000000000003
8x8_ultra_n75,8x8,8,64,ultra,Ultra-skewed margins,75,75,1.171875,equal_mi_null,0.05,0.05,0.0,normal_wald,Normal Wald,5,5,1.0,2,0.4,0.11762077423264783,0.769275718723987,0.35000000000000003
8x8_ultra_n100,8x8,8,64,ultra,Ultra-skewed margins,100,100,1.5625,alternative,0.05,0.1,0.05,constrained_lr,Constrained LR,5,5,1.0,0,0.0,0.0,0.43448246478317476,
8x8_ultra_n100,8x8,8,64,ultra,Ultra-skewed margins,100,100,1.5625,alternative,0.05,0.1,0.05,expanded_welch,Expanded Welch,5,5,1.0,0,0.0,0.0,0.43448246478317476,
8x8_ultra_n100,8x8,8,64,ultra,Ultra-skewed margins,100,100,1.5625,alternative,0.05,0.1,0.05,normal_wald,Normal Wald,5,5,1.0,0,0.0,0.0,0.43448246478317476,
8x8_ultra_n100,8x8,8,64,ultra,Ultra-skewed margins,100,100,1.5625,equal_mi_null,0.05,0.05,0.0,constrained_lr,Constrained LR,5,5,1.0,1,0.2,0.03622410863243014,0.6244653702374747,0.15000000000000002
8x8_ultra_n100,8x8,8,64,ultra,Ultra-skewed margins,100,100,1.5625,equal_mi_null,0.05,0.05,0.0,expanded_welch,Expanded Welch,5,5,1.0,1,0.2,0.03622410863243014,0.6244653702374747,0.15000000000000002
8x8_ultra_n100,8x8,8,64,ultra,Ultra-skewed margins,100,100,1.5625,equal_mi_null,0.05,0.05,0.0,normal_wald,Normal Wald,5,5,1.0,1,0.2,0.03622410863243014,0.6244653702374747,0.15000000000000002
8x8_ultra_n150,8x8,8,64,ultra,Ultra-skewed margins,150,150,2.34375,alternative,0.05,0.1,0.05,constrained_lr,Constrained LR,5,5,1.0,0,0.0,0.0,0.43448246478317476,
8x8_ultra_n150,8x8,8,64,ultra,Ultra-skewed margins,150,150,2.34375,alternative,0.05,0.1,0.05,expanded_welch,Expanded Welch,5,5,1.0,0,0.0,0.0,0.43448246478317476,
8x8_ultra_n150,8x8,8,64,ultra,Ultra-skewed margins,150,150,2.34375,alternative,0.05,0.1,0.05,normal_wald,Normal Wald,5,5,1.0,0,0.0,0.0,0.43448246478317476,
8x8_ultra_n150,8x8,8,64,ultra,Ultra-skewed margins,150,150,2.34375,equal_mi_null,0.05,0.05,0.0,constrained_lr,Constrained LR,5,5,1.0,0,0.0,0.0,0.43448246478317476,0.05
8x8_ultra_n150,8x8,8,64,ultra,Ultra-skewed margins,150,150,2.34375,equal_mi_null,0.05,0.05,0.0,expanded_welch,Expanded Welch,5,5,1.0,0,0.0,0.0,0.43448246478317476,0.05
8x8_ultra_n150,8x8,8,64,ultra,Ultra-skewed margins,150,150,2.34375,equal_mi_null,0.05,0.05,0.0,normal_wald,Normal Wald,5,5,1.0,0,0.0,0.0,0.43448246478317476,0.05
8x8_ultra_n250,8x8,8,64,ultra,Ultra-skewed margins,250,250,3.90625,alternative,0.05,0.1,0.05,constrained_lr,Constrained LR,5,5,1.0,1,0.2,0.03622410863243014,0.6244653702374747,
8x8_ultra_n250,8x8,8,64,ultra,Ultra-skewed margins,250,250,3.90625,alternative,0.05,0.1,0.05,expanded_welch,Expanded Welch,5,5,1.0,0,0.0,0.0,0.43448246478317476,
8x8_ultra_n250,8x8,8,64,ultra,Ultra-skewed margins,250,250,3.90625,alternative,0.05,0.1,0.05,normal_wald,Normal Wald,5,5,1.0,1,0.2,0.03622410863243014,0.6244653702374747,
8x8_ultra_n250,8x8,8,64,ultra,Ultra-skewed margins,250,250,3.90625,equal_mi_null,0.05,0.05,0.0,constrained_lr,Constrained LR,5,5,1.0,1,0.2,0.03622410863243014,0.6244653702374747,0.15000000000000002
8x8_ultra_n250,8x8,8,64,ultra,Ultra-skewed margins,250,250,3.90625,equal_mi_null,0.05,0.05,0.0,expanded_welch,Expanded Welch,5,5,1.0,1,0.2,0.03622410863243014,0.6244653702374747,0.15000000000000002
8x8_ultra_n250,8x8,8,64,ultra,Ultra-skewed margins,250,250,3.90625,equal_mi_null,0.05,0.05,0.0,normal_wald,Normal Wald,5,5,1.0,1,0.2,0.03622410863243014,0.6244653702374747,0.15000000000000002
8x8_ultra_n500,8x8,8,64,ultra,Ultra-skewed margins,500,500,7.8125,alternative,0.05,0.1,0.05,constrained_lr,Constrained LR,5,5,1.0,1,0.2,0.03622410863243014,0.6244653702374747,
8x8_ultra_n500,8x8,8,64,ultra,Ultra-skewed margins,500,500,7.8125,alternative,0.05,0.1,0.05,expanded_welch,Expanded Welch,5,5,1.0,1,0.2,0.03622410863243014,0.6244653702374747,
8x8_ultra_n500,8x8,8,64,ultra,Ultra-skewed margins,500,500,7.8125,alternative,0.05,0.1,0.05,normal_wald,Normal Wald,5,5,1.0,1,0.2,0.03622410863243014,0.6244653702374747,
8x8_ultra_n500,8x8,8,64,ultra,Ultra-skewed margins,500,500,7.8125,equal_mi_null,0.05,0.05,0.0,constrained_lr,Constrained LR,5,5,1.0,0,0.0,0.0,0.43448246478317476,0.05
8x8_ultra_n500,8x8,8,64,ultra,Ultra-skewed margins,500,500,7.8125,equal_mi_null,0.05,0.05,0.0,expanded_welch,Expanded Welch,5,5,1.0,0,0.0,0.0,0.43448246478317476,0.05
8x8_ultra_n500,8x8,8,64,ultra,Ultra-skewed margins,500,500,7.8125,equal_mi_null,0.05,0.05,0.0,normal_wald,Normal Wald,5,5,1.0,0,0.0,0.0,0.43448246478317476,0.05
8x8_ultra_n1000,8x8,8,64,ultra,Ultra-skewed margins,1000,1000,15.625,alternative,0.05,0.1,0.05,constrained_lr,Constrained LR,5,5,1.0,1,0.2,0.03622410863243014,0.6244653702374747,
8x8_ultra_n1000,8x8,8,64,ultra,Ultra-skewed margins,1000,1000,15.625,alternative,0.05,0.1,0.05,expanded_welch,Expanded Welch,5,5,1.0,1,0.2,0.03622410863243014,0.6244653702374747,
8x8_ultra_n1000,8x8,8,64,ultra,Ultra-skewed margins,1000,1000,15.625,alternative,0.05,0.1,0.05,normal_wald,Normal Wald,5,5,1.0,1,0.2,0.03622410863243014,0.6244653702374747,
8x8_ultra_n1000,8x8,8,64,ultra,Ultra-skewed margins,1000,1000,15.625,equal_mi_null,0.05,0.05,0.0,constrained_lr,Constrained LR,5,5,1.0,0,0.0,0.0,0.43448246478317476,0.05
8x8_ultra_n1000,8x8,8,64,ultra,Ultra-skewed margins,1000,1000,15.625,equal_mi_null,0.05,0.05,0.0,expanded_welch,Expanded Welch,5,5,1.0,0,0.0,0.0,0.43448246478317476,0.05
8x8_ultra_n1000,8x8,8,64,ultra,Ultra-skewed margins,1000,1000,15.625,equal_mi_null,0.05,0.05,0.0,normal_wald,Normal Wald,5,5,1.0,0,0.0,0.0,0.43448246478317476,0.05
